{
  "load_sec": 182.0372,
  "feature_sec": 62.75320000000001,
  "backtest_sec": 575.1100999999998,
  "wall_sec": 891.5791
}