symbol,side,signal_time,entry_time,exit_time,signal_i,entry_i,exit_i,entry_price,exit_price,stop_loss,take_profit,exit_reason,gross_return_pct,net_return_pct,bars_held
1000000MOG,long,2024-11-08 15:05:00+00:00,2024-11-08 15:10:00+00:00,2024-11-08 15:15:00+00:00,211,212,213,2.1785,2.1480424274006498,2.1480424274006498,2.2394151451987008,stop,-1.3980983520472945,-1.4780983520472946,2
1000000MOG,short,2024-11-08 16:00:00+00:00,2024-11-08 16:05:00+00:00,2024-11-09 00:00:00+00:00,222,223,318,2.1016,2.0114464758816646,2.1478767620591674,2.0114464758816646,take_profit,4.482024513171234,4.402024513171234,96
1000000MOG,long,2024-11-09 15:05:00+00:00,2024-11-09 15:10:00+00:00,2024-11-09 15:35:00+00:00,499,500,505,2.0878,2.053914094972183,2.053914094972183,2.1522718100556344,stop,-1.6230436357801192,-1.703043635780119,6
1000000MOG,short,2024-11-10 15:05:00+00:00,2024-11-10 15:10:00+00:00,2024-11-10 15:20:00+00:00,787,788,790,1.9489,1.9851928791226077,1.9851928791226077,1.8772142417547848,stop,-1.828178989773921,-1.9081789897739208,3
1000000MOG,long,2024-11-10 20:40:00+00:00,2024-11-10 20:45:00+00:00,2024-11-10 21:05:00+00:00,854,855,859,2.0543,2.02747073776022,2.02747073776022,2.11185852447956,stop,-1.306005074223815,-1.386005074223815,5
1000000MOG,short,2024-11-11 15:35:00+00:00,2024-11-11 15:40:00+00:00,2024-11-12 19:40:00+00:00,1081,1082,1418,1.9406,1.781250240551367,2.0208748797243166,1.781250240551367,take_profit,8.945950199524354,8.865950199524356,337
1000000MOG,short,2024-11-12 20:40:00+00:00,2024-11-12 20:45:00+00:00,2024-11-13 07:50:00+00:00,1430,1431,1564,1.7972,1.8558147155156908,1.8558147155156908,1.6802705689686182,stop,-3.1584357546924124,-3.2384357546924125,134
1000000MOG,short,2024-11-13 15:35:00+00:00,2024-11-13 15:40:00+00:00,2024-11-13 15:45:00+00:00,1657,1658,1659,1.6523,1.6808534241909117,1.6808534241909117,1.5942931516181764,stop,-1.6987456359947584,-1.7787456359947582,2
1000000MOG,long,2024-11-14 18:10:00+00:00,2024-11-14 18:15:00+00:00,2024-11-14 20:05:00+00:00,1976,1977,1999,2.4869,2.4071181134184396,2.4071181134184396,2.646763773163121,stop,-3.208085833027474,-3.2880858330274743,23
1000000MOG,long,2024-11-14 20:25:00+00:00,2024-11-14 20:30:00+00:00,2024-11-14 20:35:00+00:00,2003,2004,2005,2.4664,2.3808463590324807,2.3808463590324807,2.6384072819350384,stop,-3.468765851748279,-3.548765851748279,2
1000000MOG,long,2024-11-15 15:20:00+00:00,2024-11-15 15:25:00+00:00,2024-11-15 15:30:00+00:00,2230,2231,2232,2.3656,2.3222474325777047,2.3222474325777047,2.4532051348445902,stop,-1.8326245951257758,-1.9126245951257757,2
1000000MOG,long,2024-11-15 15:55:00+00:00,2024-11-15 16:00:00+00:00,2024-11-15 16:55:00+00:00,2237,2238,2249,2.3611,2.3173452922531483,2.3173452922531483,2.4477094154937027,stop,-1.8531492840985875,-1.9331492840985873,12
1000000MOG,short,2024-11-15 17:05:00+00:00,2024-11-15 17:10:00+00:00,2024-11-15 17:25:00+00:00,2251,2252,2255,2.277,2.3205539130053667,2.3205539130053667,2.1895921739892663,stop,-1.8768757218383114,-1.9568757218383113,4
1000000MOG,long,2024-11-17 15:10:00+00:00,2024-11-17 15:15:00+00:00,2024-11-17 16:45:00+00:00,2804,2805,2823,2.6345,2.710769707613924,2.5971151461930377,2.710769707613924,take_profit,2.895035400035062,2.815035400035062,19
1000000MOG,long,2024-11-18 15:30:00+00:00,2024-11-18 15:35:00+00:00,2024-11-18 16:35:00+00:00,3096,3097,3109,2.5161,2.4664554852469807,2.4664554852469807,2.614789029506038,stop,-1.9730739936019703,-2.0530739936019704,13
1000000MOG,long,2024-11-18 17:05:00+00:00,2024-11-18 17:10:00+00:00,2024-11-18 18:05:00+00:00,3115,3116,3127,2.5071,2.4446591664633055,2.4446591664633055,2.6319816670733887,stop,-2.4905601506399533,-2.5705601506399534,12
1000000MOG,short,2024-11-18 18:35:00+00:00,2024-11-18 18:40:00+00:00,2024-11-18 19:15:00+00:00,3133,3134,3141,2.4456,2.487765232640012,2.487765232640012,2.3618695347199763,stop,-1.6949040080950994,-1.7749040080950993,8
1000000MOG,long,2024-11-19 15:05:00+00:00,2024-11-19 15:10:00+00:00,2024-11-19 15:55:00+00:00,3379,3380,3389,2.4209,2.4747292367342526,2.3938353816328735,2.4747292367342526,take_profit,2.2235216958260473,2.1435216958260472,10
1000000MOG,long,2024-11-19 17:20:00+00:00,2024-11-19 17:25:00+00:00,2024-11-19 18:20:00+00:00,3406,3407,3418,2.4399,2.3962159081309813,2.3962159081309813,2.527268183738038,stop,-1.7904050112307446,-1.8704050112307444,12
1000000MOG,short,2024-11-19 18:40:00+00:00,2024-11-19 18:45:00+00:00,2024-11-19 19:15:00+00:00,3422,3423,3429,2.3732,2.3990453565410466,2.3990453565410466,2.321809286917907,stop,-1.0773183787700535,-1.1573183787700536,7
1000000MOG,long,2024-11-19 19:25:00+00:00,2024-11-19 19:30:00+00:00,2024-11-19 20:25:00+00:00,3431,3432,3443,2.4258,2.393470349435191,2.393470349435191,2.492259301129618,stop,-1.332741799192394,-1.412741799192394,12
1000000MOG,short,2024-11-20 15:40:00+00:00,2024-11-20 15:45:00+00:00,2024-11-20 17:15:00+00:00,3674,3675,3693,2.3222,2.357161590689028,2.357161590689028,2.252276818621944,stop,-1.4832072110426808,-1.5632072110426807,19
1000000MOG,long,2024-11-20 17:25:00+00:00,2024-11-20 17:30:00+00:00,2024-11-20 17:40:00+00:00,3695,3696,3698,2.3764,2.347416092222825,2.347416092222825,2.4358678155543503,stop,-1.2196561091219915,-1.2996561091219916,3
1000000MOG,long,2024-11-20 19:20:00+00:00,2024-11-20 19:25:00+00:00,2024-11-20 19:55:00+00:00,3718,3719,3725,2.3759,2.329630985626388,2.329630985626388,2.4699380287472237,stop,-1.9474310523848737,-2.0274310523848738,7
1000000MOG,long,2024-11-21 15:10:00+00:00,2024-11-21 15:15:00+00:00,2024-11-21 17:45:00+00:00,3956,3957,3987,2.3532,2.501922205872739,2.2777888970636306,2.501922205872739,take_profit,6.319998549750916,6.239998549750916,31
1000000MOG,long,2024-11-21 19:25:00+00:00,2024-11-21 19:30:00+00:00,2024-11-21 21:05:00+00:00,4007,4008,4027,2.3512,2.4312346021742983,2.3095326989128506,2.4312346021742983,take_profit,3.403989544670738,3.323989544670738,20
1000000MOG,long,2024-11-22 16:20:00+00:00,2024-11-22 16:25:00+00:00,2024-11-22 19:15:00+00:00,4258,4259,4293,2.9487,2.8650554121818286,2.8650554121818286,3.1135891756363434,stop,-2.8366598100237894,-2.9166598100237895,35
1000000MOG,short,2024-11-24 17:45:00+00:00,2024-11-24 17:50:00+00:00,2024-11-24 19:40:00+00:00,4851,4852,4874,2.538,2.4743096439542067,2.5690951780228968,2.4743096439542067,take_profit,2.5740657076375184,2.4940657076375183,23
1000000MOG,long,2024-11-25 15:05:00+00:00,2024-11-25 15:10:00+00:00,2024-11-25 15:20:00+00:00,5107,5108,5110,2.6321,2.6039654599264126,2.6039654599264126,2.6889690801471744,stop,-1.0689008804219968,-1.148900880421997,3
1000000MOG,long,2024-11-25 17:05:00+00:00,2024-11-25 17:10:00+00:00,2024-11-25 18:35:00+00:00,5131,5132,5149,2.6383,2.7170860210921792,2.5986069894539106,2.7170860210921792,take_profit,2.986241939589096,2.906241939589096,18
1000000MOG,short,2024-11-26 15:10:00+00:00,2024-11-26 15:15:00+00:00,2024-11-26 16:15:00+00:00,5396,5397,5409,2.483,2.419837072885377,2.515931463557312,2.419837072885377,take_profit,2.6102140438450494,2.5302140438450493,13
1000000MOG,long,2024-11-27 15:15:00+00:00,2024-11-27 15:20:00+00:00,2024-11-27 18:20:00+00:00,5685,5686,5722,2.3919,2.3670705920543664,2.3670705920543664,2.4430588158912667,stop,-1.0380621240701382,-1.1180621240701383,37
1000000MOG,long,2024-11-27 19:00:00+00:00,2024-11-27 19:05:00+00:00,2024-11-27 19:35:00+00:00,5730,5731,5737,2.3932,2.4299787963312887,2.3746606018343557,2.4299787963312887,take_profit,1.5368041254925746,1.4568041254925745,7
1000000MOG,long,2024-11-27 20:30:00+00:00,2024-11-27 20:35:00+00:00,2024-11-27 21:05:00+00:00,5748,5749,5755,2.3979,2.3701036889301204,2.3701036889301204,2.453492622139759,stop,-1.1591939225939152,-1.2391939225939153,7
1000000MOG,short,2024-11-28 15:05:00+00:00,2024-11-28 15:10:00+00:00,2024-11-28 15:35:00+00:00,5971,5972,5977,2.4562,2.4822809679147277,2.4822809679147277,2.404938064170545,stop,-1.0506855691133743,-1.1306855691133744,6
1000000MOG,short,2024-11-28 15:50:00+00:00,2024-11-28 15:55:00+00:00,2024-11-29 15:45:00+00:00,5980,5981,6267,2.4542,2.372470286220038,2.495964856889981,2.372470286220038,take_profit,3.4449204381892917,3.3649204381892917,287
1000000MOG,long,2024-11-30 15:15:00+00:00,2024-11-30 15:20:00+00:00,2024-11-30 15:45:00+00:00,6549,6550,6555,2.59,2.5514574235576553,2.5514574235576553,2.67068515288469,stop,-1.4881303645692845,-1.5681303645692843,6
1000000MOG,long,2024-11-30 16:05:00+00:00,2024-11-30 16:10:00+00:00,2024-11-30 18:25:00+00:00,6559,6560,6587,2.5854,2.5523209103561455,2.5523209103561455,2.6512581792877095,stop,-1.2794573235806572,-1.3594573235806573,28
1000000MOG,long,2024-11-30 18:35:00+00:00,2024-11-30 18:40:00+00:00,2024-11-30 19:20:00+00:00,6589,6590,6598,2.5732,2.547799361562988,2.547799361562988,2.6237012768740247,stop,-0.987122588100886,-1.0671225881008861,9
1000000MOG,short,2024-12-01 19:35:00+00:00,2024-12-01 19:40:00+00:00,2024-12-01 20:00:00+00:00,6889,6890,6894,2.4393,2.459600598409891,2.459600598409891,2.3980988031802175,stop,-0.8253615819989402,-0.9053615819989402,5
1000000MOG,short,2024-12-02 15:05:00+00:00,2024-12-02 15:10:00+00:00,2024-12-02 17:15:00+00:00,7123,7124,7149,2.2922,2.2427884846125004,2.31750575769375,2.2427884846125004,take_profit,2.2031286376983816,2.1231286376983816,26
1000000MOG,long,2024-12-03 15:10:00+00:00,2024-12-03 15:15:00+00:00,2024-12-03 15:45:00+00:00,7412,7413,7419,2.2838,2.266013020547757,2.266013020547757,2.3196739589044864,stop,-0.7788326233576948,-0.8588326233576948,7
1000000MOG,short,2024-12-04 15:05:00+00:00,2024-12-04 15:10:00+00:00,2024-12-04 16:40:00+00:00,7699,7700,7718,2.4085,2.4406679318290325,2.4406679318290325,2.3450641363419344,stop,-1.3179970699629728,-1.397997069962973,19
1000000MOG,long,2024-12-04 17:20:00+00:00,2024-12-04 17:25:00+00:00,2024-12-04 19:05:00+00:00,7726,7727,7747,2.4453,2.4125975613088047,2.4125975613088047,2.509504877382391,stop,-1.3373589617304726,-1.4173589617304727,21
1000000MOG,long,2024-12-04 20:10:00+00:00,2024-12-04 20:15:00+00:00,2024-12-04 21:10:00+00:00,7760,7761,7772,2.4489,2.42018540433192,2.42018540433192,2.5063291913361603,stop,-1.1725507643464472,-1.2525507643464473,12
1000000MOG,long,2024-12-05 15:35:00+00:00,2024-12-05 15:40:00+00:00,2024-12-05 17:15:00+00:00,7993,7994,8013,2.3702,2.435609432744492,2.337795283627754,2.435609432744492,take_profit,2.759658794384112,2.679658794384112,20
1000000MOG,long,2024-12-06 15:05:00+00:00,2024-12-06 15:10:00+00:00,2024-12-06 18:05:00+00:00,8275,8276,8311,3.2933,3.2018038274906657,3.2018038274906657,3.474792345018669,stop,-2.778251981578783,-2.8582519815787832,36
1000000MOG,long,2024-12-06 19:45:00+00:00,2024-12-06 19:50:00+00:00,2024-12-06 20:15:00+00:00,8331,8332,8337,3.2835,3.2058940135531393,3.2058940135531393,3.443511972893721,stop,-2.3635141296440065,-2.4435141296440066,6
1000000MOG,short,2024-12-08 16:55:00+00:00,2024-12-08 17:00:00+00:00,2024-12-08 18:50:00+00:00,8873,8874,8896,3.6822,3.616825987765145,3.7151870061174272,3.616825987765145,take_profit,1.8074967514610796,1.7274967514610797,23
1000000MOG,short,2024-12-08 20:50:00+00:00,2024-12-08 20:55:00+00:00,2024-12-08 22:05:00+00:00,8920,8921,8935,3.6952,3.7272323871536974,3.7272323871536974,3.632035225692605,stop,-0.8594148104126953,-0.9394148104126954,15
1000000MOG,long,2024-12-09 15:40:00+00:00,2024-12-09 15:45:00+00:00,2024-12-09 16:00:00+00:00,9146,9147,9150,3.8515,3.791198094784096,3.791198094784096,3.9724038104318073,stop,-1.5656732497962844,-1.6456732497962843,4
1000000MOG,short,2024-12-09 16:05:00+00:00,2024-12-09 16:10:00+00:00,2024-12-09 21:45:00+00:00,9151,9152,9219,3.7494,3.611166718877073,3.8185166405614637,3.611166718877073,take_profit,3.8279396074494265,3.7479396074494264,68
1000000MOG,long,2024-12-10 15:10:00+00:00,2024-12-10 15:15:00+00:00,2024-12-10 18:40:00+00:00,9428,9429,9470,3.5479,3.4897273641089708,3.4897273641089708,3.668145271782058,stop,-1.6396357251058147,-1.7196357251058145,42
1000000MOG,long,2024-12-11 15:10:00+00:00,2024-12-11 15:15:00+00:00,2024-12-11 15:25:00+00:00,9716,9717,9719,3.2819,3.2438527508898374,3.2438527508898374,3.3579944982203247,stop,-1.1593055580658262,-1.2393055580658263,3
1000000MOG,long,2024-12-11 15:50:00+00:00,2024-12-11 15:55:00+00:00,2024-12-11 17:25:00+00:00,9724,9725,9743,3.2826,3.362701674827299,3.2425491625863505,3.362701674827299,take_profit,2.440189935639392,2.360189935639392,19
1000000MOG,short,2024-12-12 16:55:00+00:00,2024-12-12 17:00:00+00:00,2024-12-12 18:55:00+00:00,10025,10026,10049,3.2458,3.1764133244336277,3.281093337783186,3.1764133244336277,take_profit,2.1844347217862214,2.1044347217862214,24
1000000MOG,long,2024-12-13 18:10:00+00:00,2024-12-13 18:15:00+00:00,2024-12-13 18:35:00+00:00,10328,10329,10333,3.1924,3.159215256506341,3.159215256506341,3.258769486987318,stop,-1.0394920277427278,-1.1194920277427278,5
1000000MOG,long,2024-12-13 19:50:00+00:00,2024-12-13 19:55:00+00:00,2024-12-13 20:45:00+00:00,10348,10349,10359,3.1914,3.1587493841136256,3.1587493841136256,3.256701231772748,stop,-1.023081277382154,-1.1030812773821541,11
1000000MOG,short,2024-12-14 18:10:00+00:00,2024-12-14 18:15:00+00:00,2024-12-14 20:15:00+00:00,10616,10617,10641,3.0232,3.060597396308855,3.060597396308855,2.94960520738229,stop,-1.2218985860066756,-1.3018985860066756,25
1000000MOG,short,2024-12-15 15:35:00+00:00,2024-12-15 15:40:00+00:00,2024-12-15 16:10:00+00:00,10873,10874,10880,2.9146,2.8898978748412394,2.9266510625793805,2.8898978748412394,take_profit,0.8547750207303695,0.7747750207303694,7
1000000MOG,short,2024-12-15 18:00:00+00:00,2024-12-15 18:05:00+00:00,2024-12-15 18:10:00+00:00,10902,10903,10904,2.9099,2.9301555606953573,2.9301555606953573,2.868788878609285,stop,-0.6912793630161618,-0.7712793630161618,2
1000000MOG,long,2024-12-15 19:10:00+00:00,2024-12-15 19:15:00+00:00,2024-12-15 19:50:00+00:00,10916,10917,10924,2.9438,2.930330607731819,2.930330607731819,2.9707387845363615,stop,-0.45755120144646,-0.5375512014464601,8
1000000MOG,long,2024-12-15 20:05:00+00:00,2024-12-15 20:10:00+00:00,2024-12-15 22:20:00+00:00,10927,10928,10954,2.9565,3.014014118526814,2.9287929407365927,3.014014118526814,take_profit,1.9453447835891868,1.865344783589187,27
1000000MOG,long,2024-12-16 16:15:00+00:00,2024-12-16 16:20:00+00:00,2024-12-16 17:15:00+00:00,11169,11170,11181,3.027,2.9850028971326252,2.9850028971326252,3.112494205734749,stop,-1.387416678803266,-1.467416678803266,12
1000000MOG,short,2024-12-16 17:25:00+00:00,2024-12-16 17:30:00+00:00,2024-12-17 02:30:00+00:00,11183,11184,11292,2.9762,3.0162824809142457,3.0162824809142457,2.894535038171508,stop,-1.3288702622473392,-1.4088702622473392,109
1000000MOG,short,2024-12-17 15:15:00+00:00,2024-12-17 15:20:00+00:00,2024-12-17 16:50:00+00:00,11445,11446,11464,2.8553,2.799560850609548,2.8822695746952256,2.799560850609548,take_profit,1.9909961727860193,1.9109961727860194,19
1000000MOG,short,2024-12-18 15:25:00+00:00,2024-12-18 15:30:00+00:00,2024-12-18 16:00:00+00:00,11735,11736,11742,2.6972,2.727115430747136,2.727115430747136,2.6388691385057284,stop,-1.0969623951319285,-1.1769623951319286,7
1000000MOG,long,2024-12-18 16:05:00+00:00,2024-12-18 16:10:00+00:00,2024-12-18 21:35:00+00:00,11743,11744,11809,2.7289,2.697546261925128,2.697546261925128,2.7919074761497447,stop,-1.1489515216707158,-1.2289515216707159,66
1000000MOG,short,2024-12-19 17:05:00+00:00,2024-12-19 17:10:00+00:00,2024-12-19 18:15:00+00:00,12043,12044,12057,2.5174,2.5457202976140514,2.5457202976140514,2.4625594047718966,stop,-1.1124669760693817,-1.1924669760693818,14
1000000MOG,long,2024-12-19 19:20:00+00:00,2024-12-19 19:25:00+00:00,2024-12-19 19:50:00+00:00,12070,12071,12076,2.5581,2.6010750173828483,2.5361624913085756,2.6010750173828483,take_profit,1.6799584606875584,1.5999584606875585,6
1000000MOG,short,2024-12-20 15:10:00+00:00,2024-12-20 15:15:00+00:00,2024-12-20 16:05:00+00:00,12308,12309,12319,2.309,2.333917732348905,2.333917732348905,2.26096453530219,stop,-1.0676354184869785,-1.1476354184869786,11
1000000MOG,short,2024-12-20 17:05:00+00:00,2024-12-20 17:10:00+00:00,2024-12-20 17:45:00+00:00,12331,12332,12339,2.2858,2.1877013607804194,2.3348493196097904,2.1877013607804194,take_profit,4.484096457506692,4.404096457506692,8
1000000MOG,long,2024-12-21 16:30:00+00:00,2024-12-21 16:35:00+00:00,2024-12-21 17:00:00+00:00,12612,12613,12618,2.2931,2.263413689673355,2.263413689673355,2.35277262065329,stop,-1.2945929234069453,-1.3745929234069454,6
1000000MOG,short,2024-12-21 18:00:00+00:00,2024-12-21 18:05:00+00:00,2024-12-21 21:25:00+00:00,12630,12631,12671,2.2026,2.1383685793753227,2.233665710312339,2.1383685793753227,take_profit,3.003758156764591,2.923758156764591,41
1000000MOG,long,2024-12-22 15:05:00+00:00,2024-12-22 15:10:00+00:00,2024-12-22 17:30:00+00:00,12883,12884,12912,2.0713,2.1424253044167476,2.035437347791626,2.1424253044167476,take_profit,3.4338485210615444,3.3538485210615443,29
1000000MOG,short,2024-12-23 15:05:00+00:00,2024-12-23 15:10:00+00:00,2024-12-23 18:00:00+00:00,13171,13172,13206,2.1114,2.150394169226725,2.150394169226725,2.0334116615465505,stop,-1.8133498399852455,-1.8933498399852453,35
1000000MOG,long,2024-12-23 18:25:00+00:00,2024-12-23 18:30:00+00:00,2024-12-23 18:45:00+00:00,13211,13212,13215,2.1607,2.210736573126322,2.1347817134368388,2.210736573126322,take_profit,2.315757538127561,2.2357575381275607,4
1000000MOG,long,2024-12-24 20:55:00+00:00,2024-12-24 21:00:00+00:00,2024-12-24 21:05:00+00:00,13529,13530,13531,2.2973,2.285820215536116,2.285820215536116,2.3232595689277677,stop,-0.4997076770070996,-0.5797076770070997,2
1000000MOG,short,2024-12-26 17:05:00+00:00,2024-12-26 17:10:00+00:00,2024-12-26 19:45:00+00:00,14059,14060,14091,2.4216,2.4444359088785395,2.4444359088785395,2.375628182242921,stop,-0.9341995343627563,-1.0141995343627563,32
1000000MOG,short,2024-12-26 20:30:00+00:00,2024-12-26 20:35:00+00:00,2024-12-26 21:00:00+00:00,14100,14101,14106,2.4266,2.3717276065403525,2.4535861967298236,2.3717276065403525,take_profit,2.3136043662151495,2.2336043662151495,6
1000000MOG,short,2024-12-27 16:35:00+00:00,2024-12-27 16:40:00+00:00,2024-12-27 17:10:00+00:00,14341,14342,14348,2.1671,2.2011416952376166,2.2011416952376166,2.1005166095247674,stop,-1.5465471991770952,-1.626547199177095,7
1000000MOG,short,2024-12-28 15:35:00+00:00,2024-12-28 15:40:00+00:00,2024-12-28 17:50:00+00:00,14617,14618,14644,2.1942,2.2137960765159197,2.2137960765159197,2.1538078469681605,stop,-0.8851798376461217,-0.9651798376461218,27
1000000MOG,short,2024-12-28 20:20:00+00:00,2024-12-28 20:25:00+00:00,2024-12-28 20:30:00+00:00,14674,14675,14676,2.2039,2.2168687366505235,2.2168687366505235,2.176162526698953,stop,-0.5850024602772841,-0.6650024602772842,2
1000000MOG,short,2024-12-29 15:05:00+00:00,2024-12-29 15:10:00+00:00,2024-12-29 15:30:00+00:00,14899,14900,14904,2.225,2.2368495154621018,2.2368495154621018,2.202200969075796,stop,-0.5297412892638742,-0.6097412892638743,5
1000000MOG,short,2024-12-29 17:35:00+00:00,2024-12-29 17:40:00+00:00,2024-12-29 23:30:00+00:00,14929,14930,15000,2.2256,2.174493867329364,2.249953066335318,2.174493867329364,take_profit,2.350254164358856,2.270254164358856,71
1000000MOG,long,2024-12-30 15:10:00+00:00,2024-12-30 15:15:00+00:00,2024-12-30 16:30:00+00:00,15188,15189,15204,2.148,2.131330716247967,2.131330716247967,2.179538567504067,stop,-0.7760374186235208,-0.8560374186235209,16
1000000MOG,long,2024-12-30 16:55:00+00:00,2024-12-30 17:00:00+00:00,2024-12-30 18:20:00+00:00,15209,15210,15226,2.1465,2.1312042484509512,2.1312042484509512,2.177991503098097,stop,-0.7125903353854546,-0.7925903353854546,17
1000000MOG,short,2024-12-30 20:05:00+00:00,2024-12-30 20:10:00+00:00,2024-12-30 20:25:00+00:00,15247,15248,15251,2.1033,2.126226340971076,2.126226340971076,2.058947318057848,stop,-1.078264365806203,-1.158264365806203,4
1000000MOG,short,2024-12-31 16:30:00+00:00,2024-12-31 16:35:00+00:00,2024-12-31 17:20:00+00:00,15492,15493,15502,2.0591,2.0719799364404077,2.0719799364404077,2.0351401271191842,stop,-0.6216245733795644,-0.7016245733795645,10
1000000MOG,short,2025-01-01 18:20:00+00:00,2025-01-01 18:25:00+00:00,2025-01-01 19:00:00+00:00,15802,15803,15810,1.9959,2.0129943353888025,2.0129943353888025,1.957511329222395,stop,-0.8491993786709173,-0.9291993786709174,8
1000000MOG,short,2025-01-02 15:15:00+00:00,2025-01-02 15:20:00+00:00,2025-01-02 15:25:00+00:00,16053,16054,16055,1.9915,1.9676373862109797,2.00343130689451,1.9676373862109797,take_profit,1.2127546445420911,1.132754644542091,2
1000000MOG,long,2025-01-02 17:00:00+00:00,2025-01-02 17:05:00+00:00,2025-01-02 19:00:00+00:00,16074,16075,16098,2.0121,2.05245939584575,1.9919203020771252,2.05245939584575,take_profit,2.0058344936012107,1.9258344936012108,24
1000000MOG,long,2025-01-03 15:05:00+00:00,2025-01-03 15:10:00+00:00,2025-01-03 15:45:00+00:00,16339,16340,16347,2.1568,2.12686227653489,2.12686227653489,2.2184754469302197,stop,-1.3880621042799524,-1.4680621042799524,8
1000000MOG,short,2025-01-03 16:35:00+00:00,2025-01-03 16:40:00+00:00,2025-01-03 17:30:00+00:00,16357,16358,16368,2.1042,2.0576357776007037,2.127632111199648,2.0576357776007037,take_profit,2.262996342996737,2.182996342996737,11
1000000MOG,long,2025-01-03 18:50:00+00:00,2025-01-03 18:55:00+00:00,2025-01-03 20:00:00+00:00,16384,16385,16398,2.1423,2.177025585838331,2.1247872070808342,2.177025585838331,take_profit,1.6209487858064309,1.5409487858064308,14
1000000MOG,long,2025-01-04 15:45:00+00:00,2025-01-04 15:50:00+00:00,2025-01-04 16:45:00+00:00,16635,16636,16647,2.4875,2.536146600876731,2.463176699561634,2.536146600876731,take_profit,1.9556422463007594,1.8756422463007596,12
1000000MOG,short,2025-01-04 19:10:00+00:00,2025-01-04 19:15:00+00:00,2025-01-04 19:25:00+00:00,16676,16677,16679,2.4577,2.470819492330857,2.470819492330857,2.429661015338286,stop,-0.530977368908514,-0.6109773689085141,3
1000000MOG,long,2025-01-04 19:45:00+00:00,2025-01-04 19:50:00+00:00,2025-01-04 20:35:00+00:00,16683,16684,16693,2.4851,2.4683384221536344,2.4683384221536344,2.5186231556927314,stop,-0.6744830327297002,-0.7544830327297003,10
1000000MOG,long,2025-01-05 15:15:00+00:00,2025-01-05 15:20:00+00:00,2025-01-06 08:45:00+00:00,16917,16918,17127,2.7684,2.9260464144558234,2.6901767927720885,2.9260464144558234,take_profit,5.694495537343713,5.614495537343713,210
1000000MOG,short,2025-01-06 18:25:00+00:00,2025-01-06 18:30:00+00:00,2025-01-06 20:15:00+00:00,17243,17244,17265,2.8607,2.8987434664958047,2.8987434664958047,2.78431306700839,stop,-1.312412324012724,-1.392412324012724,22
1000000MOG,short,2025-01-07 16:40:00+00:00,2025-01-07 16:45:00+00:00,2025-01-07 16:50:00+00:00,17510,17511,17512,2.626,2.6387397463136493,2.6387397463136493,2.600220507372702,stop,-0.4827966202975098,-0.5627966202975099,2
1000000MOG,short,2025-01-07 18:40:00+00:00,2025-01-07 18:45:00+00:00,2025-01-07 20:35:00+00:00,17534,17535,17557,2.6255,2.5876169171863546,2.6423415414068225,2.5876169171863546,take_profit,1.4640143431601027,1.3840143431601026,23
1000000MOG,short,2025-01-08 15:15:00+00:00,2025-01-08 15:20:00+00:00,2025-01-08 16:50:00+00:00,17781,17782,17800,2.2565,2.2856760888765826,2.2856760888765826,2.199647822246835,stop,-1.2764752196765872,-1.3564752196765872,19
1000000MOG,short,2025-01-08 20:05:00+00:00,2025-01-08 20:10:00+00:00,2025-01-08 20:35:00+00:00,17839,17840,17845,2.2641,2.232491205381395,2.2799043973093025,2.232491205381395,take_profit,1.4158530408725722,1.3358530408725722,6
1000000MOG,short,2025-01-09 15:05:00+00:00,2025-01-09 15:10:00+00:00,2025-01-09 18:35:00+00:00,18067,18068,18109,2.0953,2.1191704385416434,2.1191704385416434,2.048759122916713,stop,-1.1264048472698795,-1.2064048472698796,42
1000000MOG,short,2025-01-09 19:15:00+00:00,2025-01-09 19:20:00+00:00,2025-01-09 21:55:00+00:00,18117,18118,18149,2.1037,2.038159622660862,2.1363201886695693,2.038159622660862,take_profit,3.215664593216383,3.135664593216383,32
1000000MOG,long,2025-01-10 17:55:00+00:00,2025-01-10 18:00:00+00:00,2025-01-10 19:20:00+00:00,18389,18390,18406,2.0976,2.0559404035036555,2.0559404035036555,2.1824191929926893,stop,-1.9860600923123806,-2.0660600923123806,17
1000000MOG,long,2025-01-11 15:20:00+00:00,2025-01-11 15:25:00+00:00,2025-01-11 15:35:00+00:00,18646,18647,18649,1.9725,1.957259421072154,1.957259421072154,2.003281157855692,stop,-0.7726529240986602,-0.8526529240986602,3
1000000MOG,short,2025-01-11 16:40:00+00:00,2025-01-11 16:45:00+00:00,2025-01-11 16:50:00+00:00,18662,18663,18664,1.9424,1.9536360308998233,1.9536360308998233,1.920227938200353,stop,-0.5751342994348985,-0.6551342994348985,2
1000000MOG,short,2025-01-11 17:40:00+00:00,2025-01-11 17:45:00+00:00,2025-01-11 18:10:00+00:00,18674,18675,18680,1.9405,1.9582686754197898,1.9582686754197898,1.9046626491604202,stop,-0.9073665755277904,-0.9873665755277905,6
1000000MOG,short,2025-01-12 15:55:00+00:00,2025-01-12 16:00:00+00:00,2025-01-12 16:50:00+00:00,18941,18942,18952,1.8758,1.886950198411547,1.886950198411547,1.8519996031769057,stop,-0.590911112594994,-0.670911112594994,11
1000000MOG,short,2025-01-12 17:10:00+00:00,2025-01-12 17:15:00+00:00,2025-01-12 18:30:00+00:00,18956,18957,18972,1.8795,1.8576695146271405,1.8902652426864297,1.8576695146271405,take_profit,1.175154417993518,1.095154417993518,16
1000000MOG,short,2025-01-13 15:30:00+00:00,2025-01-13 15:35:00+00:00,2025-01-13 18:00:00+00:00,19224,19225,19254,1.782,1.7427472177082766,1.8029763911458616,1.7427472177082766,take_profit,2.252350879856291,2.1723508798562907,30
1000000MOG,long,2025-01-14 15:20:00+00:00,2025-01-14 15:25:00+00:00,2025-01-14 17:10:00+00:00,19510,19511,19532,1.8291,1.8549171081449731,1.8160414459275134,1.8549171081449731,take_profit,1.4114651000477485,1.3314651000477484,22
1000000MOG,short,2025-01-15 15:05:00+00:00,2025-01-15 15:10:00+00:00,2025-01-15 16:15:00+00:00,19795,19796,19809,1.8854,1.9029133820810764,1.9029133820810764,1.8497732358378471,stop,-0.920345731234673,-1.000345731234673,14
1000000MOG,short,2025-01-15 16:45:00+00:00,2025-01-15 16:50:00+00:00,2025-01-15 17:25:00+00:00,19815,19816,19823,1.8922,1.9057528832942614,1.9057528832942614,1.8656942334114774,stop,-0.7111563840760948,-0.7911563840760949,8
1000000MOG,short,2025-01-15 17:40:00+00:00,2025-01-15 17:45:00+00:00,2025-01-15 18:30:00+00:00,19826,19827,19836,1.892,1.8624631059733774,1.9070684470133115,1.8624631059733774,take_profit,1.5859049197748165,1.5059049197748164,10
1000000MOG,short,2025-01-16 17:15:00+00:00,2025-01-16 17:20:00+00:00,2025-01-16 18:20:00+00:00,20109,20110,20122,1.9322,1.895107316070796,1.952096341964602,1.895107316070796,take_profit,1.957286725382379,1.877286725382379,13
1000000MOG,long,2025-01-17 15:15:00+00:00,2025-01-17 15:20:00+00:00,2025-01-17 16:25:00+00:00,20373,20374,20387,1.7963,1.7825888463783839,1.7825888463783839,1.8225223072432324,stop,-0.7632997618224224,-0.8432997618224225,14
1000000MOG,short,2025-01-17 16:35:00+00:00,2025-01-17 16:40:00+00:00,2025-01-17 17:15:00+00:00,20389,20390,20397,1.7729,1.7886626143498783,1.7886626143498783,1.7416747713002432,stop,-0.8812514010982153,-0.9612514010982154,8
1000000MOG,long,2025-01-17 17:30:00+00:00,2025-01-17 17:35:00+00:00,2025-01-17 17:50:00+00:00,20400,20401,20404,1.8032,1.8470028575173272,1.7809985712413363,1.8470028575173272,take_profit,2.429173553534114,2.349173553534114,4
1000000MOG,short,2025-01-18 17:00:00+00:00,2025-01-18 17:05:00+00:00,2025-01-18 21:05:00+00:00,20682,20683,20731,1.7384,1.7718149494633175,1.7718149494633175,1.6727701010733647,stop,-1.885916442540403,-1.9659164425404028,49
1000000MOG,short,2025-01-21 17:00:00+00:00,2025-01-21 17:05:00+00:00,2025-01-21 17:15:00+00:00,21546,21547,21549,1.4592,1.4802948705378531,1.4802948705378531,1.4188102589242937,stop,-1.425045168885064,-1.5050451688850641,3
1000000MOG,short,2025-01-22 15:05:00+00:00,2025-01-22 15:10:00+00:00,2025-01-22 15:55:00+00:00,21811,21812,21821,1.6964,1.7427668861373247,1.7427668861373247,1.6036662277253504,stop,-2.6605328863054334,-2.7405328863054335,10
1000000MOG,long,2025-01-22 17:10:00+00:00,2025-01-22 17:15:00+00:00,2025-01-22 20:35:00+00:00,21836,21837,21877,1.7759,1.854962745303911,1.7378686273480444,1.854962745303911,take_profit,4.45198182915203,4.37198182915203,41
1000000MOG,short,2025-01-23 19:00:00+00:00,2025-01-23 19:05:00+00:00,2025-01-23 23:35:00+00:00,22146,22147,22201,1.6384,1.667181695561873,1.667181695561873,1.5811366088762542,stop,-1.7263682559910176,-1.8063682559910175,55
1000000MOG,short,2025-01-24 19:00:00+00:00,2025-01-24 19:05:00+00:00,2025-01-24 20:10:00+00:00,22434,22435,22448,1.5977,1.6224701713450493,1.6224701713450493,1.5487596573099016,stop,-1.526695022350677,-1.6066950223506768,14
1000000MOG,short,2025-01-25 16:05:00+00:00,2025-01-25 16:10:00+00:00,2025-01-25 19:00:00+00:00,22687,22688,22722,1.4437,1.4215472090079746,1.4550763954960126,1.4215472090079746,take_profit,1.5583577422999983,1.4783577422999983,35
1000000MOG,short,2025-01-26 15:40:00+00:00,2025-01-26 15:45:00+00:00,2025-01-26 16:30:00+00:00,22970,22971,22980,1.438,1.421544109917077,1.4459279450414615,1.421544109917077,take_profit,1.1576067156919168,1.0776067156919167,10
1000000MOG,short,2025-01-27 15:10:00+00:00,2025-01-27 15:15:00+00:00,2025-01-27 16:15:00+00:00,23252,23253,23265,1.2166,1.1723280717298197,1.23858596413509,1.1723280717298197,take_profit,3.7764111717341287,3.6964111717341286,13
1000000MOG,short,2025-01-28 15:05:00+00:00,2025-01-28 15:10:00+00:00,2025-01-28 15:50:00+00:00,23539,23540,23548,1.2248,1.2050421749216813,1.2346789125391595,1.2050421749216813,take_profit,1.6395961477118304,1.5595961477118303,9
1000000MOG,long,2025-01-29 15:10:00+00:00,2025-01-29 15:15:00+00:00,2025-01-29 17:55:00+00:00,23828,23829,23861,1.1782,1.2236750596889576,1.1566624701555213,1.2236750596889576,take_profit,3.8597063052926206,3.7797063052926205,33
1000000MOG,long,2025-01-30 15:05:00+00:00,2025-01-30 15:10:00+00:00,2025-01-30 16:00:00+00:00,24115,24116,24126,1.1584,1.1481833832142696,1.1481833832142696,1.178833233571461,stop,-0.8819593219725919,-0.9619593219725919,11
1000000MOG,long,2025-01-30 16:15:00+00:00,2025-01-30 16:20:00+00:00,2025-01-30 16:40:00+00:00,24129,24130,24134,1.1578,1.1355130529229616,1.1355130529229616,1.2032738941540766,stop,-1.9249392880496097,-2.0049392880496097,5
1000000MOG,long,2025-01-30 17:45:00+00:00,2025-01-30 17:50:00+00:00,2025-01-30 22:20:00+00:00,24147,24148,24202,1.1628,1.2043482726799437,1.1414258636600283,1.2043482726799437,take_profit,3.5731228654922287,3.4931228654922286,55
1000000MOG,short,2025-01-31 17:05:00+00:00,2025-01-31 17:10:00+00:00,2025-01-31 18:30:00+00:00,24427,24428,24444,1.1465,1.1568811503619465,1.1568811503619465,1.1251376992761073,stop,-0.8973393990124645,-0.9773393990124646,17
1000000MOG,long,2025-01-31 20:00:00+00:00,2025-01-31 20:05:00+00:00,2025-01-31 20:45:00+00:00,24462,24463,24471,1.1906,1.2554262976507602,1.15818685117462,1.2554262976507602,take_profit,5.444842739018996,5.364842739018996,9
1000000MOG,short,2025-02-01 15:20:00+00:00,2025-02-01 15:25:00+00:00,2025-02-01 15:45:00+00:00,24694,24695,24699,1.2733,1.2453069765624785,1.287296511718761,1.2453069765624785,take_profit,2.247881362938564,2.167881362938564,5
1000000MOG,long,2025-02-02 15:10:00+00:00,2025-02-02 15:15:00+00:00,2025-02-02 19:20:00+00:00,24980,24981,25030,1.0554,1.030414827568655,1.030414827568655,1.1047703448626895,stop,-2.367365210474204,-2.447365210474204,50
1000000MOG,short,2025-02-02 19:50:00+00:00,2025-02-02 19:55:00+00:00,2025-02-02 20:00:00+00:00,25036,25037,25038,1.0329,1.0421622388327685,1.0421622388327685,1.0140755223344629,stop,-0.8887521047723168,-0.9687521047723169,2
1000000MOG,short,2025-02-02 20:20:00+00:00,2025-02-02 20:25:00+00:00,2025-02-02 21:00:00+00:00,25042,25043,25050,1.0278,0.9990863397271346,1.0418568301364328,0.9990863397271346,take_profit,2.8739918794913777,2.7939918794913776,8
1000000MOG,long,2025-02-06 15:35:00+00:00,2025-02-06 15:40:00+00:00,2025-02-06 16:35:00+00:00,26137,26138,26149,0.906,0.8838934703113697,0.8838934703113697,0.9496130593772608,stop,-2.4400143144183595,-2.5200143144183595,12
1000000MOG,short,2025-02-06 16:40:00+00:00,2025-02-06 16:45:00+00:00,2025-02-06 17:50:00+00:00,26150,26151,26164,0.883,0.8675743583668345,0.8907128208165828,0.8675743583668345,take_profit,1.7780195420025402,1.6980195420025403,14
1000000MOG,short,2025-02-06 18:20:00+00:00,2025-02-06 18:25:00+00:00,2025-02-06 21:30:00+00:00,26170,26171,26208,0.8821,0.852939881625497,0.8966800591872515,0.852939881625497,take_profit,3.4187776891063892,3.338777689106389,38
1000000MOG,short,2025-02-07 15:05:00+00:00,2025-02-07 15:10:00+00:00,2025-02-07 16:05:00+00:00,26419,26420,26431,0.7896,0.7979845146259964,0.7979845146259964,0.7728309707480071,stop,-1.0507114451871469,-1.130711445187147,12
1000000MOG,long,2025-02-07 16:15:00+00:00,2025-02-07 16:20:00+00:00,2025-02-07 20:30:00+00:00,26433,26434,26484,0.8139,0.8510798397857348,0.7950100801071326,0.8510798397857348,take_profit,4.568109077986837,4.488109077986837,51
1000000MOG,short,2025-02-08 16:15:00+00:00,2025-02-08 16:20:00+00:00,2025-02-08 16:30:00+00:00,26721,26722,26724,0.7611,0.7688834139592184,0.7688834139592184,0.7449331720815632,stop,-1.012300931182697,-1.092300931182697,3
1000000MOG,short,2025-02-09 15:15:00+00:00,2025-02-09 15:20:00+00:00,2025-02-09 15:50:00+00:00,26997,26998,27004,0.8702,0.8791002810653827,0.8791002810653827,0.8520994378692345,stop,-1.0124306927301263,-1.0924306927301264,7
1000000MOG,short,2025-02-09 16:45:00+00:00,2025-02-09 16:50:00+00:00,2025-02-09 17:05:00+00:00,27015,27016,27019,0.8704,0.8825081427130591,0.8825081427130591,0.8452837145738817,stop,-1.3720148434931856,-1.4520148434931857,4
1000000MOG,long,2025-02-09 17:20:00+00:00,2025-02-09 17:25:00+00:00,2025-02-09 18:15:00+00:00,27022,27023,27033,0.8913,0.8753084552661411,0.8753084552661411,0.9256830894677178,stop,-1.7941820637113026,-1.8741820637113025,11
1000000MOG,long,2025-02-11 15:45:00+00:00,2025-02-11 15:50:00+00:00,2025-02-11 16:10:00+00:00,27579,27580,27584,0.9698,0.9575811938458151,0.9575811938458151,0.9942376123083698,stop,-1.2599305170328812,-1.3399305170328812,5
1000000MOG,short,2025-02-12 15:25:00+00:00,2025-02-12 15:30:00+00:00,2025-02-12 15:50:00+00:00,27863,27864,27868,0.8279,0.810438397699239,0.8367808011503804,0.810438397699239,take_profit,2.154587239490735,2.074587239490735,5
1000000MOG,long,2025-02-14 15:55:00+00:00,2025-02-14 16:00:00+00:00,2025-02-14 16:50:00+00:00,28445,28446,28456,0.8227,0.8365416412090785,0.8157791793954607,0.8365416412090785,take_profit,1.6824652010548835,1.6024652010548837,11
1000000MOG,short,2025-02-15 15:25:00+00:00,2025-02-15 15:30:00+00:00,2025-02-15 15:45:00+00:00,28727,28728,28731,0.8246,0.8117694322780322,0.8310152838609839,0.8117694322780322,take_profit,1.580567980487002,1.500567980487002,4
1000000MOG,short,2025-02-16 16:00:00+00:00,2025-02-16 16:05:00+00:00,2025-02-16 16:40:00+00:00,29022,29023,29030,0.793,0.8000602448102127,0.8000602448102127,0.7788795103795748,stop,-0.8824641464203031,-0.9624641464203032,8
1000000MOG,long,2025-02-16 17:30:00+00:00,2025-02-16 17:35:00+00:00,2025-02-16 22:40:00+00:00,29040,29041,29102,0.8117,0.8017629947128503,0.8017629947128503,0.8309740105742994,stop,-1.2242214225883563,-1.3042214225883564,62
1000000MOG,short,2025-02-17 16:30:00+00:00,2025-02-17 16:35:00+00:00,2025-02-17 17:45:00+00:00,29316,29317,29331,0.7974,0.8059253743821586,0.8059253743821586,0.7794492512356829,stop,-1.0578366996689237,-1.1378366996689238,15
1000000MOG,long,2025-02-17 18:40:00+00:00,2025-02-17 18:45:00+00:00,2025-02-17 19:10:00+00:00,29342,29343,29348,0.8222,0.845289208959242,0.810205395520379,0.845289208959242,take_profit,2.8082229335006037,2.7282229335006036,6
1000000MOG,short,2025-02-18 15:10:00+00:00,2025-02-18 15:15:00+00:00,2025-02-18 16:20:00+00:00,29588,29589,29602,0.7932,0.8047080979567612,0.8047080979567612,0.7683838040864774,stop,-1.4300959547917436,-1.5100959547917436,14
1000000MOG,short,2025-02-18 17:45:00+00:00,2025-02-18 17:50:00+00:00,2025-02-18 18:20:00+00:00,29619,29620,29626,0.7909,0.8030024526877735,0.8030024526877735,0.7666950946244532,stop,-1.5071501521900288,-1.5871501521900286,7
1000000MOG,long,2025-02-19 15:45:00+00:00,2025-02-19 15:50:00+00:00,2025-02-19 17:30:00+00:00,29883,29884,29904,0.739,0.7624169539592193,0.7275915230203903,0.7624169539592193,take_profit,3.168735312478921,3.0887353124789207,21
1000000MOG,long,2025-02-20 19:30:00+00:00,2025-02-20 19:35:00+00:00,2025-02-20 23:30:00+00:00,30216,30217,30264,0.7479,0.762292415624253,0.7411537921878735,0.762292415624253,take_profit,1.9243770055158427,1.8443770055158428,48
1000000MOG,long,2025-02-21 15:35:00+00:00,2025-02-21 15:40:00+00:00,2025-02-21 18:15:00+00:00,30457,30458,30489,0.8005,0.8155226332464163,0.7929886833767918,0.8155226332464163,take_profit,1.8766562456485003,1.7966562456485005,32
1000000MOG,short,2025-02-23 15:05:00+00:00,2025-02-23 15:10:00+00:00,2025-02-23 15:20:00+00:00,31027,31028,31030,0.7939,0.8000913374371033,0.8000913374371033,0.7803173251257934,stop,-0.7738288302102658,-0.8538288302102659,3
1000000MOG,long,2025-02-23 16:15:00+00:00,2025-02-23 16:20:00+00:00,2025-02-23 16:35:00+00:00,31041,31042,31045,0.8063,0.823542703338516,0.7970786483307419,0.823542703338516,take_profit,2.138497251459248,2.058497251459248,4
1000000MOG,short,2025-02-23 18:40:00+00:00,2025-02-23 18:45:00+00:00,2025-02-23 19:00:00+00:00,31070,31071,31074,0.7944,0.7996612445349486,0.7996612445349486,0.7838775109301028,stop,-0.6579341653612736,-0.7379341653612737,4
1000000MOG,short,2025-02-23 19:30:00+00:00,2025-02-23 19:35:00+00:00,2025-02-23 20:10:00+00:00,31080,31081,31088,0.7943,0.8013593776126974,0.8013593776126974,0.7801812447746053,stop,-0.88092531389945,-0.96092531389945,8
1000000MOG,short,2025-02-24 15:20:00+00:00,2025-02-24 15:25:00+00:00,2025-02-24 17:25:00+00:00,31318,31319,31343,0.7514,0.732643338710382,0.760628330644809,0.732643338710382,take_profit,2.5601353753702094,2.4801353753702093,25
1000000MOG,short,2025-02-25 15:05:00+00:00,2025-02-25 15:10:00+00:00,2025-02-25 16:00:00+00:00,31603,31604,31614,0.6673,0.6480242003129775,0.6769378998435113,0.6480242003129775,take_profit,2.9745493575259685,2.8945493575259684,11
1000000MOG,long,2025-02-26 15:45:00+00:00,2025-02-26 15:50:00+00:00,2025-02-26 16:30:00+00:00,31899,31900,31908,0.679,0.6733857888950595,0.6733857888950595,0.6902284222098811,stop,-0.8268352142769553,-0.9068352142769553,9
1000000MOG,long,2025-02-26 18:35:00+00:00,2025-02-26 18:40:00+00:00,2025-02-26 19:15:00+00:00,31933,31934,31941,0.6805,0.6688569868061163,0.6688569868061163,0.7034860263877675,stop,-1.710949771327508,-1.7909497713275078,8
1000000MOG,short,2025-03-01 15:15:00+00:00,2025-03-01 15:20:00+00:00,2025-03-01 19:20:00+00:00,32757,32758,32806,0.6485,0.6345044343908589,0.6553477828045705,0.6345044343908589,take_profit,2.205747485843368,2.125747485843368,49
1000000MOG,short,2025-03-02 15:15:00+00:00,2025-03-02 15:20:00+00:00,2025-03-02 15:40:00+00:00,33045,33046,33050,0.6289,0.6346855928187811,0.6346855928187811,0.6173288143624378,stop,-0.9115683236302852,-0.9915683236302852,5
1000000MOG,long,2025-03-02 18:25:00+00:00,2025-03-02 18:30:00+00:00,2025-03-02 18:30:00+00:00,33083,33084,33084,0.6411,0.652446289006037,0.6354268554969815,0.652446289006037,take_profit,1.7698157863105468,1.689815786310547,1
1000000MOG,short,2025-03-03 15:05:00+00:00,2025-03-03 15:10:00+00:00,2025-03-03 15:30:00+00:00,33331,33332,33336,0.6945,0.6802342080072957,0.7017828959963521,0.6802342080072957,take_profit,2.097188266155414,2.017188266155414,5
1000000MOG,short,2025-03-04 15:05:00+00:00,2025-03-04 15:10:00+00:00,2025-03-04 18:55:00+00:00,33619,33620,33665,0.5195,0.49921322400596424,0.5294933879970178,0.49921322400596424,take_profit,4.063749720258492,3.9837497202584915,46
1000000MOG,long,2025-03-05 16:55:00+00:00,2025-03-05 17:00:00+00:00,2025-03-05 17:40:00+00:00,33929,33930,33938,0.5186,0.5257122597386817,0.5153438701306592,0.5257122597386817,take_profit,1.3714345813115703,1.2914345813115702,9
1000000MOG,short,2025-03-07 15:05:00+00:00,2025-03-07 15:10:00+00:00,2025-03-07 15:30:00+00:00,34483,34484,34488,0.5222,0.5255746038202408,0.5255746038202408,0.5157507923595184,stop,-0.6420789352666323,-0.7220789352666324,5
1000000MOG,long,2025-03-07 15:50:00+00:00,2025-03-07 15:55:00+00:00,2025-03-07 16:30:00+00:00,34492,34493,34500,0.5269,0.5242566395695663,0.5242566395695663,0.5324867208608676,stop,-0.5016816151895531,-0.5816816151895532,8
1000000MOG,short,2025-03-07 17:15:00+00:00,2025-03-07 17:20:00+00:00,2025-03-07 17:45:00+00:00,34509,34510,34515,0.5211,0.5253243830771906,0.5253243830771906,0.5129512338456187,stop,-0.8041475349850447,-0.8841475349850447,6
1000000MOG,short,2025-03-08 16:50:00+00:00,2025-03-08 16:55:00+00:00,2025-03-08 17:00:00+00:00,34792,34793,34794,0.5062,0.5090638584134433,0.5090638584134433,0.5010722831731134,stop,-0.5625735094156648,-0.6425735094156648,2
1000000MOG,short,2025-03-08 17:10:00+00:00,2025-03-08 17:15:00+00:00,2025-03-08 20:15:00+00:00,34796,34797,34833,0.5068,0.5009549166937551,0.5098725416531225,0.5009549166937551,take_profit,1.1667882900165516,1.0867882900165515,37
1000000MOG,short,2025-03-09 14:10:00+00:00,2025-03-09 14:15:00+00:00,2025-03-09 19:45:00+00:00,35048,35049,35115,0.4864,0.46958887703490987,0.49510556148254503,0.46958887703490987,take_profit,3.5799661762091484,3.4999661762091483,67
1000000MOG,short,2025-03-10 15:35:00+00:00,2025-03-10 15:40:00+00:00,2025-03-10 15:50:00+00:00,35353,35354,35356,0.4245,0.4277582375376363,0.4277582375376363,0.4176835249247274,stop,-0.7617007112223351,-0.8417007112223351,3
1000000MOG,short,2025-03-10 17:35:00+00:00,2025-03-10 17:40:00+00:00,2025-03-10 18:15:00+00:00,35377,35378,35385,0.4247,0.4296788953473399,0.4296788953473399,0.41504220930532026,stop,-1.158747939741156,-1.238747939741156,8
1000000MOG,long,2025-03-11 14:15:00+00:00,2025-03-11 14:20:00+00:00,2025-03-11 19:45:00+00:00,35625,35626,35691,0.3879,0.40251767386112475,0.3802911630694376,0.40251767386112475,take_profit,3.7684129572376213,3.688412957237621,66
1000000MOG,long,2025-03-12 14:10:00+00:00,2025-03-12 14:15:00+00:00,2025-03-12 16:05:00+00:00,35912,35913,35935,0.4156,0.42663142436227436,0.41008428781886286,0.42663142436227436,take_profit,2.654336949536651,2.574336949536651,23
1000000MOG,short,2025-03-13 15:05:00+00:00,2025-03-13 15:10:00+00:00,2025-03-13 15:30:00+00:00,36211,36212,36216,0.4406,0.44447246916775845,0.44447246916775845,0.43285506166448307,stop,-0.8712506254907937,-0.9512506254907938,5
1000000MOG,long,2025-03-13 16:30:00+00:00,2025-03-13 16:35:00+00:00,2025-03-13 17:25:00+00:00,36228,36229,36239,0.4531,0.4413093344136462,0.4413093344136462,0.4769813311727075,stop,-2.602221493346668,-2.682221493346668,11
1000000MOG,long,2025-03-13 17:55:00+00:00,2025-03-13 18:00:00+00:00,2025-03-13 22:35:00+00:00,36245,36246,36301,0.4492,0.4425428051238787,0.4425428051238787,0.4625143897522425,stop,-1.482011325939725,-1.562011325939725,56
1000000MOG,long,2025-03-14 14:20:00+00:00,2025-03-14 14:25:00+00:00,2025-03-14 17:15:00+00:00,36490,36491,36525,0.4382,0.4472883484418538,0.4336558257790731,0.4472883484418538,take_profit,2.0740183573376925,1.9940183573376926,35
1000000MOG,short,2025-03-15 15:00:00+00:00,2025-03-15 15:05:00+00:00,2025-03-15 15:35:00+00:00,36786,36787,36793,0.4473,0.450671788972997,0.450671788972997,0.440256422054006,stop,-0.7481695228096497,-0.8281695228096497,7
1000000MOG,short,2025-03-15 16:05:00+00:00,2025-03-15 16:10:00+00:00,2025-03-15 19:30:00+00:00,36799,36800,36840,0.4469,0.4511950976539222,0.4511950976539222,0.4383098046921557,stop,-0.9519380144543566,-1.0319380144543566,41
1000000MOG,long,2025-03-15 19:55:00+00:00,2025-03-15 20:00:00+00:00,2025-03-15 20:00:00+00:00,36845,36846,36846,0.4535,0.4507816627413753,0.4507816627413753,0.4589366745172494,stop,-0.5994128464442583,-0.6794128464442584,1
1000000MOG,long,2025-03-16 14:25:00+00:00,2025-03-16 14:30:00+00:00,2025-03-16 16:10:00+00:00,37067,37068,37088,0.4679,0.46423214520745865,0.46423214520745865,0.47583570958508276,stop,-0.7838971559182117,-0.8638971559182118,21
1000000MOG,long,2025-03-16 16:35:00+00:00,2025-03-16 16:40:00+00:00,2025-03-16 17:15:00+00:00,37093,37094,37101,0.4674,0.46448813292099106,0.46448813292099106,0.47352373415801796,stop,-0.6229925286711402,-0.7029925286711403,8
1000000MOG,long,2025-03-16 17:55:00+00:00,2025-03-16 18:00:00+00:00,2025-03-16 18:35:00+00:00,37109,37110,37117,0.4699,0.46393957451674717,0.46393957451674717,0.4824208509665057,stop,-1.2684455167594866,-1.3484455167594867,8
1000000MOG,long,2025-03-17 14:45:00+00:00,2025-03-17 14:50:00+00:00,2025-03-17 15:30:00+00:00,37359,37360,37368,0.4818,0.472093796375322,0.472093796375322,0.501212407249356,stop,-2.0145711134657573,-2.0945711134657574,9
1000000MOG,long,2025-03-17 16:00:00+00:00,2025-03-17 16:05:00+00:00,2025-03-17 22:00:00+00:00,37374,37375,37446,0.4811,0.47233693396238247,0.47233693396238247,0.4989261320752351,stop,-1.8214645682015251,-1.901464568201525,72
1000000MOG,short,2025-03-18 14:50:00+00:00,2025-03-18 14:55:00+00:00,2025-03-18 15:40:00+00:00,37648,37649,37658,0.4539,0.44864912287174435,0.45667543856412784,0.44864912287174435,take_profit,1.170374990292089,1.090374990292089,10
1000000MOG,short,2025-03-18 18:10:00+00:00,2025-03-18 18:15:00+00:00,2025-03-18 21:05:00+00:00,37688,37689,37723,0.4541,0.4468643740430888,0.4575678129784556,0.4468643740430888,take_profit,1.6191995552130356,1.5391995552130355,35
1000000MOG,long,2025-03-19 14:50:00+00:00,2025-03-19 14:55:00+00:00,2025-03-19 15:25:00+00:00,37936,37937,37943,0.4581,0.4552194352791152,0.4552194352791152,0.4635611294417697,stop,-0.6288069681040898,-0.7088069681040898,7
1000000MOG,long,2025-03-19 19:30:00+00:00,2025-03-19 19:35:00+00:00,2025-03-20 03:00:00+00:00,37992,37993,38082,0.466,0.4528620494356478,0.4528620494356478,0.4916759011287044,stop,-2.819302696212922,-2.899302696212922,90
1000000MOG,short,2025-03-20 14:25:00+00:00,2025-03-20 14:30:00+00:00,2025-03-20 14:35:00+00:00,38219,38220,38221,0.4719,0.4745047386294588,0.4745047386294588,0.46669052274108236,stop,-0.5489383808857662,-0.6289383808857663,2
1000000MOG,long,2025-03-20 15:05:00+00:00,2025-03-20 15:10:00+00:00,2025-03-20 16:20:00+00:00,38227,38228,38242,0.4767,0.47419932707664353,0.47419932707664353,0.481401345846713,stop,-0.5245800132906431,-0.6045800132906431,15
1000000MOG,long,2025-03-20 16:50:00+00:00,2025-03-20 16:55:00+00:00,2025-03-20 17:05:00+00:00,38248,38249,38251,0.4757,0.4734559837195277,0.4734559837195277,0.4798880325609447,stop,-0.47172930007827185,-0.5517293000782719,3
1000000MOG,short,2025-03-21 17:15:00+00:00,2025-03-21 17:20:00+00:00,2025-03-21 19:30:00+00:00,38541,38542,38568,0.4532,0.4447554042813659,0.457572297859317,0.4447554042813659,take_profit,1.8987055890369309,1.818705589036931,27
1000000MOG,long,2025-03-22 14:40:00+00:00,2025-03-22 14:45:00+00:00,2025-03-22 16:45:00+00:00,38798,38799,38823,0.4683,0.4736531757415056,0.46577341212924717,0.4736531757415056,take_profit,1.143108208734911,1.0631082087349109,25
1000000MOG,short,2025-03-23 14:05:00+00:00,2025-03-23 14:10:00+00:00,2025-03-23 14:45:00+00:00,39079,39080,39087,0.4599,0.46277881131484533,0.46277881131484533,0.4538423773703093,stop,-0.6220706835444956,-0.7020706835444956,8
1000000MOG,long,2025-03-23 15:40:00+00:00,2025-03-23 15:45:00+00:00,2025-03-23 19:35:00+00:00,39098,39099,39145,0.4639,0.46853423306784364,0.4618828834660782,0.46853423306784364,take_profit,0.998972422471156,0.918972422471156,47
1000000MOG,long,2025-03-24 14:15:00+00:00,2025-03-24 14:20:00+00:00,2025-03-24 15:05:00+00:00,39369,39370,39379,0.4884,0.5030734726460899,0.481363263676955,0.5030734726460899,take_profit,3.0043965286834506,2.9243965286834506,10
1000000MOG,short,2025-03-25 14:20:00+00:00,2025-03-25 14:25:00+00:00,2025-03-25 14:45:00+00:00,39658,39659,39663,0.5257,0.5307939548226472,0.5307939548226472,0.5146120903547055,stop,-0.9596859151022819,-1.039685915102282,5
1000000MOG,long,2025-03-26 14:35:00+00:00,2025-03-26 14:40:00+00:00,2025-03-26 15:45:00+00:00,39949,39950,39963,0.5666,0.5752491034526077,0.5625754482736961,0.5752491034526077,take_profit,1.5264919612791639,1.4464919612791638,14
1000000MOG,short,2025-03-28 14:25:00+00:00,2025-03-28 14:30:00+00:00,2025-03-28 16:45:00+00:00,40523,40524,40551,0.4926,0.47832510839192793,0.499737445804036,0.47832510839192793,take_profit,2.9843492130410043,2.9043492130410042,28
1000000MOG,short,2025-03-29 14:20:00+00:00,2025-03-29 14:25:00+00:00,2025-03-29 16:50:00+00:00,40810,40811,40840,0.4462,0.43352800968372257,0.4523859951581387,0.43352800968372257,take_profit,2.9229922942054287,2.8429922942054286,30
1000000MOG,short,2025-03-31 14:10:00+00:00,2025-03-31 14:15:00+00:00,2025-03-31 14:25:00+00:00,41384,41385,41387,0.404,0.40826545796520386,0.40826545796520386,0.39546908406959236,stop,-1.0447756188982749,-1.124775618898275,3
1000000MOG,short,2025-03-31 15:10:00+00:00,2025-03-31 15:15:00+00:00,2025-03-31 18:30:00+00:00,41396,41397,41436,0.4038,0.3917858333571103,0.40965708332144485,0.3917858333571103,take_profit,3.0665137991191305,2.9865137991191304,40
1000000MOG,long,2025-04-01 14:10:00+00:00,2025-04-01 14:15:00+00:00,2025-04-01 14:20:00+00:00,41672,41673,41674,0.4069,0.41134635019857607,0.40452682490071196,0.41134635019857607,take_profit,1.0927378222108874,1.0127378222108874,2
1000000MOG,short,2025-04-02 14:20:00+00:00,2025-04-02 14:25:00+00:00,2025-04-02 16:35:00+00:00,41962,41963,41989,0.3999,0.40356919336247926,0.40356919336247926,0.39226161327504144,stop,-0.9091856917789243,-0.9891856917789243,27
1000000MOG,short,2025-04-02 16:45:00+00:00,2025-04-02 16:50:00+00:00,2025-04-02 16:50:00+00:00,41991,41992,41992,0.4002,0.4039662223720289,0.4039662223720289,0.3929675552559422,stop,-0.9323112090694585,-1.0123112090694586,1
1000000MOG,short,2025-04-02 19:30:00+00:00,2025-04-02 19:35:00+00:00,2025-04-03 00:10:00+00:00,42024,42025,42080,0.3948,0.40924700398793207,0.40924700398793207,0.3650059920241359,stop,-3.5301428836747473,-3.6101428836747473,56
1000000MOG,short,2025-04-03 14:50:00+00:00,2025-04-03 14:55:00+00:00,2025-04-03 15:45:00+00:00,42256,42257,42267,0.3824,0.37757436621977053,0.38496281689011475,0.37757436621977053,take_profit,1.27806181032446,1.19806181032446,11
1000000MOG,long,2025-04-04 14:20:00+00:00,2025-04-04 14:25:00+00:00,2025-04-04 15:20:00+00:00,42538,42539,42550,0.3773,0.3829484048634615,0.3743257975682692,0.3829484048634615,take_profit,1.4970593330138948,1.4170593330138948,12
1000000MOG,short,2025-04-04 19:20:00+00:00,2025-04-04 19:25:00+00:00,2025-04-04 21:55:00+00:00,42598,42599,42629,0.369,0.3760267124198894,0.3760267124198894,0.35464657516022124,stop,-1.8686737372112572,-1.948673737211257,31
1000000MOG,short,2025-04-06 17:00:00+00:00,2025-04-06 17:05:00+00:00,2025-04-06 18:25:00+00:00,43146,43147,43163,0.3343,0.3372604357879779,0.3372604357879779,0.3274791284240443,stop,-0.8777892316544911,-0.9577892316544911,17
1000000MOG,short,2025-04-06 19:00:00+00:00,2025-04-06 19:05:00+00:00,2025-04-06 19:25:00+00:00,43170,43171,43175,0.334,0.3366665617896521,0.3366665617896521,0.32896687642069583,stop,-0.7920483030679271,-0.8720483030679271,5
1000000MOG,short,2025-04-07 15:40:00+00:00,2025-04-07 15:45:00+00:00,2025-04-07 16:10:00+00:00,43418,43419,43424,0.2636,0.27313123147763935,0.27313123147763935,0.24423753704472134,stop,-3.4896161182576657,-3.569616118257666,6
1000000MOG,short,2025-04-09 14:05:00+00:00,2025-04-09 14:10:00+00:00,2025-04-09 14:25:00+00:00,43975,43976,43979,0.3015,0.3055886938059639,0.3055886938059639,0.2933226123880722,stop,-1.337972866417636,-1.417972866417636,4
1000000MOG,short,2025-04-10 17:20:00+00:00,2025-04-10 17:25:00+00:00,2025-04-10 18:30:00+00:00,44302,44303,44316,0.371,0.37791347238612083,0.37791347238612083,0.35687305522775836,stop,-1.8293797102468035,-1.9093797102468033,14
1000000MOG,long,2025-04-10 18:55:00+00:00,2025-04-10 19:00:00+00:00,2025-04-11 00:25:00+00:00,44321,44322,44387,0.3834,0.373774158071946,0.373774158071946,0.402651683856108,stop,-2.5106525633943666,-2.5906525633943667,66
1000000MOG,long,2025-04-11 15:10:00+00:00,2025-04-11 15:15:00+00:00,2025-04-11 15:25:00+00:00,44564,44565,44567,0.3934,0.3897763441181162,0.3897763441181162,0.40124731176376766,stop,-0.9211123238138885,-1.0011123238138886,3
1000000MOG,long,2025-04-11 16:35:00+00:00,2025-04-11 16:40:00+00:00,2025-04-11 20:10:00+00:00,44581,44582,44624,0.3935,0.40488369540810226,0.3878081522959489,0.40488369540810226,take_profit,2.892934030013272,2.812934030013272,43
1000000MOG,long,2025-04-12 15:00:00+00:00,2025-04-12 15:05:00+00:00,2025-04-12 17:10:00+00:00,44850,44851,44876,0.4435,0.4584253759295327,0.43603731203523366,0.4584253759295327,take_profit,3.3653609762193115,3.2853609762193114,26
1000000MOG,long,2025-04-13 14:40:00+00:00,2025-04-13 14:45:00+00:00,2025-04-13 16:30:00+00:00,45134,45135,45156,0.4909,0.5001912088480704,0.4862543955759648,0.5001912088480704,take_profit,1.8926887040273899,1.81268870402739,22
1000000MOG,long,2025-04-14 19:40:00+00:00,2025-04-14 19:45:00+00:00,2025-04-14 22:30:00+00:00,45482,45483,45516,0.5034,0.49446426119268244,0.49446426119268244,0.521271477614635,stop,-1.7750772362569611,-1.855077236256961,34
1000000MOG,short,2025-04-16 14:20:00+00:00,2025-04-16 14:25:00+00:00,2025-04-16 20:45:00+00:00,45994,45995,46071,0.4411,0.4513880142516988,0.4513880142516988,0.4205239714966024,stop,-2.279195265907541,-2.359195265907541,77
1000000MOG,long,2025-04-18 14:10:00+00:00,2025-04-18 14:15:00+00:00,2025-04-18 15:30:00+00:00,46568,46569,46584,0.4336,0.44322038489103066,0.4284898075544847,0.44322038489103066,take_profit,2.218723452728466,2.138723452728466,16
1000000MOG,long,2025-04-21 14:45:00+00:00,2025-04-21 14:50:00+00:00,2025-04-21 17:20:00+00:00,47439,47440,47470,0.4711,0.4823735882791611,0.4653132058604194,0.4823735882791611,take_profit,2.393035083668238,2.313035083668238,31
1000000MOG,long,2025-04-22 14:35:00+00:00,2025-04-22 14:40:00+00:00,2025-04-22 15:25:00+00:00,47725,47726,47735,0.4787,0.4731036197585564,0.4731036197585564,0.4898927604828872,stop,-1.1690788053987045,-1.2490788053987045,10
1000000MOG,short,2025-04-22 15:35:00+00:00,2025-04-22 15:40:00+00:00,2025-04-22 15:55:00+00:00,47737,47738,47741,0.4716,0.47648389692999266,0.47648389692999266,0.46183220614001474,stop,-1.0249867753054809,-1.104986775305481,4
1000000MOG,long,2025-04-22 16:15:00+00:00,2025-04-22 16:20:00+00:00,2025-04-22 16:30:00+00:00,47745,47746,47748,0.48,0.4899767416402262,0.4748616291798869,0.4899767416402262,take_profit,2.0784878417138053,1.9984878417138054,3
1000000MOG,short,2025-04-24 17:25:00+00:00,2025-04-24 17:30:00+00:00,2025-04-24 19:20:00+00:00,48335,48336,48358,0.5172,0.5296259387117321,0.5296259387117321,0.4926481225765357,stop,-2.3461726104195613,-2.4261726104195613,23
1000000MOG,long,2025-04-25 14:15:00+00:00,2025-04-25 14:20:00+00:00,2025-04-25 15:30:00+00:00,48585,48586,48600,0.5748,0.5878299123697119,0.568285043815144,0.5878299123697119,take_profit,2.266860189581066,2.1868601895810658,15
1000000MOG,long,2025-04-26 14:15:00+00:00,2025-04-26 14:20:00+00:00,2025-04-26 16:55:00+00:00,48873,48874,48905,0.6813,0.6691151466690047,0.6691151466690047,0.7056697066619906,stop,-1.788471059884822,-1.8684710598848218,32
1000000MOG,short,2025-04-27 14:20:00+00:00,2025-04-27 14:25:00+00:00,2025-04-27 14:40:00+00:00,49162,49163,49166,0.6234,0.6330451629253073,0.6330451629253073,0.6032096741493853,stop,-1.5236137151316331,-1.603613715131633,4
1000000MOG,short,2025-04-27 14:55:00+00:00,2025-04-27 15:00:00+00:00,2025-04-27 16:25:00+00:00,49169,49170,49187,0.6242,0.6309361841741492,0.6309361841741492,0.6107276316517015,stop,-1.0676490496366764,-1.1476490496366765,18
1000000MOG,long,2025-04-28 14:10:00+00:00,2025-04-28 14:15:00+00:00,2025-04-28 14:45:00+00:00,49448,49449,49455,0.6164,0.6108237494358099,0.6108237494358099,0.6269525011283802,stop,-0.9046480474026786,-0.9846480474026786,7
1000000MOG,long,2025-04-28 15:05:00+00:00,2025-04-28 15:10:00+00:00,2025-04-28 16:05:00+00:00,49459,49460,49471,0.6204,0.6459191778881236,0.6073404110559382,0.6459191778881236,take_profit,4.113342664107611,4.033342664107611,12
1000000MOG,long,2025-04-29 15:20:00+00:00,2025-04-29 15:25:00+00:00,2025-04-29 18:20:00+00:00,49750,49751,49786,0.6444,0.6621699201472235,0.6362650399263883,0.6621699201472235,take_profit,2.757591580885088,2.677591580885088,36
1000000MOG,short,2025-04-29 19:45:00+00:00,2025-04-29 19:50:00+00:00,2025-04-29 20:10:00+00:00,49803,49804,49808,0.626,0.637451521571903,0.637451521571903,0.6012969568561939,stop,-1.7964537199102626,-1.8764537199102624,5
1000000MOG,long,2025-04-30 14:55:00+00:00,2025-04-30 15:00:00+00:00,2025-04-30 15:45:00+00:00,50033,50034,50043,0.615,0.6091525538415561,0.6091525538415561,0.6260948923168879,stop,-0.9508042534055128,-1.0308042534055128,10
1000000MOG,short,2025-04-30 16:30:00+00:00,2025-04-30 16:35:00+00:00,2025-04-30 18:30:00+00:00,50052,50053,50076,0.6054,0.6126936151427997,0.6126936151427997,0.5905127697144004,stop,-1.1904180103296413,-1.2704180103296414,24
1000000MOG,long,2025-04-30 19:10:00+00:00,2025-04-30 19:15:00+00:00,2025-04-30 20:50:00+00:00,50084,50085,50104,0.6134,0.6235516758838533,0.6080241620580733,0.6235516758838533,take_profit,1.654984656643843,1.5749846566438432,20
1000000MOG,long,2025-05-01 14:20:00+00:00,2025-05-01 14:25:00+00:00,2025-05-01 14:30:00+00:00,50314,50315,50316,0.6068,0.6015961625434141,0.6015961625434141,0.6172076749131719,stop,-0.8575869242890444,-0.9375869242890444,2
1000000MOG,long,2025-05-01 14:40:00+00:00,2025-05-01 14:45:00+00:00,2025-05-01 16:30:00+00:00,50318,50319,50340,0.6069,0.5987673807372565,0.5987673807372565,0.6243652385254868,stop,-1.340026242007486,-1.420026242007486,22
1000000MOG,long,2025-05-01 17:20:00+00:00,2025-05-01 17:25:00+00:00,2025-05-01 18:15:00+00:00,50350,50351,50361,0.6084,0.6219181522573651,0.6016409238713175,0.6219181522573651,take_profit,2.2219185169896516,2.1419185169896515,11
1000000MOG,short,2025-05-02 14:15:00+00:00,2025-05-02 14:20:00+00:00,2025-05-02 23:05:00+00:00,50601,50602,50707,0.6118,0.6205609519589003,0.6205609519589003,0.5945780960821995,stop,-1.4117794442665033,-1.4917794442665033,106
1000000MOG,short,2025-05-03 15:15:00+00:00,2025-05-03 15:20:00+00:00,2025-05-03 15:40:00+00:00,50901,50902,50906,0.5951,0.598801993872891,0.598801993872891,0.5876960122542179,stop,-0.618233391132772,-0.698233391132772,5
1000000MOG,short,2025-05-03 16:15:00+00:00,2025-05-03 16:20:00+00:00,2025-05-03 16:30:00+00:00,50913,50914,50916,0.5951,0.5866375231551056,0.5997812384224472,0.5866375231551056,take_profit,1.4425393042335033,1.3625393042335032,3
1000000MOG,short,2025-05-04 19:10:00+00:00,2025-05-04 19:15:00+00:00,2025-05-04 19:35:00+00:00,51236,51237,51241,0.5454,0.5523733300799624,0.5523733300799624,0.5308533398400753,stop,-1.2624306244026884,-1.3424306244026885,5
1000000MOG,long,2025-05-05 14:30:00+00:00,2025-05-05 14:35:00+00:00,2025-05-05 19:45:00+00:00,51468,51469,51531,0.581,0.5715964662402867,0.5715964662402867,0.5995070675194265,stop,-1.6185083923774934,-1.6985083923774933,63
1000000MOG,long,2025-05-06 14:40:00+00:00,2025-05-06 14:45:00+00:00,2025-05-06 14:45:00+00:00,51758,51759,51759,0.627,0.6193670275598445,0.6193670275598445,0.6434659448803108,stop,-1.2173799745064606,-1.2973799745064607,1
1000000MOG,long,2025-05-06 15:55:00+00:00,2025-05-06 16:00:00+00:00,2025-05-06 16:25:00+00:00,51773,51774,51779,0.6306,0.6205006885871804,0.6205006885871804,0.6507986228256393,stop,-1.601540027405579,-1.681540027405579,6
1000000MOG,long,2025-05-06 16:40:00+00:00,2025-05-06 16:45:00+00:00,2025-05-06 17:20:00+00:00,51782,51783,51790,0.6283,0.6159359703332359,0.6159359703332359,0.6521280593335282,stop,-1.967854475053965,-2.047854475053965,8
1000000MOG,long,2025-05-07 16:55:00+00:00,2025-05-07 17:00:00+00:00,2025-05-07 17:25:00+00:00,52073,52074,52079,0.6575,0.6498486173107294,0.6498486173107294,0.6728027653785411,stop,-1.1637083938054071,-1.2437083938054072,6
1000000MOG,long,2025-05-08 15:35:00+00:00,2025-05-08 15:40:00+00:00,2025-05-08 18:20:00+00:00,52345,52346,52378,0.9113,0.8948572275886778,0.8948572275886778,0.9444855448226444,stop,-1.8043204665118218,-1.8843204665118216,33
1000000MOG,long,2025-05-08 18:45:00+00:00,2025-05-08 18:50:00+00:00,2025-05-09 00:35:00+00:00,52383,52384,52453,0.9213,0.9724796022785922,0.8957101988607039,0.9724796022785922,take_profit,5.555150578377521,5.475150578377521,70
1000000MOG,long,2025-05-09 14:40:00+00:00,2025-05-09 14:45:00+00:00,2025-05-09 15:30:00+00:00,52622,52623,52632,0.9905,1.021112100111206,0.9751939499443971,1.021112100111206,take_profit,3.090570430207573,3.010570430207573,10
1000000MOG,long,2025-05-10 14:35:00+00:00,2025-05-10 14:40:00+00:00,2025-05-10 16:05:00+00:00,52909,52910,52927,1.0469,1.1079080071129122,1.017145996443544,1.1079080071129122,take_profit,5.827491366215698,5.747491366215698,18
1000000MOG,long,2025-05-11 14:10:00+00:00,2025-05-11 14:15:00+00:00,2025-05-11 14:30:00+00:00,53192,53193,53196,1.2041,1.1866521969954504,1.1866521969954504,1.2401956060090988,stop,-1.449032721912591,-1.529032721912591,4
1000000MOG,short,2025-05-11 14:55:00+00:00,2025-05-11 15:00:00+00:00,2025-05-11 16:05:00+00:00,53201,53202,53215,1.1692,1.1295588164007062,1.188270591799647,1.1295588164007062,take_profit,3.5094395284000157,3.4294395284000156,14
1000000MOG,long,2025-05-12 16:00:00+00:00,2025-05-12 16:05:00+00:00,2025-05-12 17:10:00+00:00,53502,53503,53516,1.2482,1.2018883195490617,1.2018883195490617,1.3432233609018769,stop,-3.7102772352938795,-3.7902772352938796,14
1000000MOG,long,2025-05-12 17:50:00+00:00,2025-05-12 17:55:00+00:00,2025-05-12 18:30:00+00:00,53524,53525,53532,1.2361,1.2072239060213812,1.2072239060213812,1.296252187957238,stop,-2.3360645561539384,-2.4160645561539384,8
1000000MOG,short,2025-05-12 19:05:00+00:00,2025-05-12 19:10:00+00:00,2025-05-12 23:50:00+00:00,53539,53540,53596,1.1878,1.122825999851762,1.220737000074119,1.122825999851762,take_profit,5.786649058430782,5.706649058430782,57
1000000MOG,short,2025-05-13 14:30:00+00:00,2025-05-13 14:35:00+00:00,2025-05-13 14:35:00+00:00,53772,53773,53773,1.035,1.0547628180885915,1.0547628180885915,0.9945743638228168,stop,-1.873674133148262,-1.9536741331482619,1
1000000MOG,long,2025-05-13 14:55:00+00:00,2025-05-13 15:00:00+00:00,2025-05-13 16:05:00+00:00,53777,53778,53791,1.07,1.104672804175967,1.0522135979120166,1.104672804175967,take_profit,3.240448988408118,3.1604489884081177,14
1000000MOG,short,2025-05-14 17:50:00+00:00,2025-05-14 17:55:00+00:00,2025-05-16 00:50:00+00:00,54100,54101,54472,1.0662,1.0983005930571674,1.0983005930571674,0.998698813885665,stop,-2.9227511357172276,-3.0027511357172276,372
1000000MOG,long,2025-05-16 14:20:00+00:00,2025-05-16 14:25:00+00:00,2025-05-16 17:30:00+00:00,54634,54635,54672,1.1342,1.101364056744601,1.101364056744601,1.1995718865107983,stop,-2.895075229712496,-2.975075229712496,38
1000000MOG,long,2025-05-16 18:00:00+00:00,2025-05-16 18:05:00+00:00,2025-05-16 18:40:00+00:00,54678,54679,54686,1.1246,1.164277807749528,1.105361096125236,1.164277807749528,take_profit,3.528170705097633,3.448170705097633,8
1000000MOG,short,2025-05-17 14:15:00+00:00,2025-05-17 14:20:00+00:00,2025-05-17 22:35:00+00:00,54921,54922,55021,1.0001,0.973037851458689,1.0137810742706554,0.973037851458689,take_profit,2.781202036564334,2.701202036564334,100
1000000MOG,long,2025-05-18 14:05:00+00:00,2025-05-18 14:10:00+00:00,2025-05-18 14:55:00+00:00,55207,55208,55217,1.0092,1.0305117229106442,0.998544138544678,1.0305117229106442,take_profit,2.111744244019431,2.031744244019431,10
1000000MOG,short,2025-05-19 14:55:00+00:00,2025-05-19 15:00:00+00:00,2025-05-19 15:10:00+00:00,55505,55506,55508,1.0111,1.0220676313843042,1.0220676313843042,0.9897647372313918,stop,-1.0730827439911605,-1.1530827439911606,3
1000000MOG,short,2025-05-19 15:20:00+00:00,2025-05-19 15:25:00+00:00,2025-05-19 16:15:00+00:00,55510,55511,55521,1.0112,1.0240512720882156,1.0240512720882156,0.9851974558235692,stop,-1.2549442043081949,-1.334944204308195,11
1000000MOG,short,2025-05-19 19:10:00+00:00,2025-05-19 19:15:00+00:00,2025-05-19 19:40:00+00:00,55556,55557,55562,1.0094,1.0212663595780738,1.0212663595780738,0.9856672808438527,stop,-1.1619260212366256,-1.2419260212366257,6
1000000MOG,long,2025-05-20 14:10:00+00:00,2025-05-20 14:15:00+00:00,2025-05-20 15:10:00+00:00,55784,55785,55796,1.0924,1.0799872872020733,1.0799872872020733,1.1172254255958536,stop,-1.13627909171794,-1.21627909171794,12
1000000MOG,short,2025-05-20 15:30:00+00:00,2025-05-20 15:35:00+00:00,2025-05-20 21:50:00+00:00,55800,55801,55876,1.0688,1.0317697174496399,1.0864151412751801,1.0317697174496399,take_profit,3.5890065316021014,3.5090065316021013,76
1000000MOG,long,2025-05-21 14:15:00+00:00,2025-05-21 14:20:00+00:00,2025-05-21 16:25:00+00:00,56073,56074,56099,1.132,1.1014966454012345,1.1014966454012345,1.1939067091975313,stop,-2.6946426323997685,-2.7746426323997686,26
1000000MOG,short,2025-05-21 17:40:00+00:00,2025-05-21 17:45:00+00:00,2025-05-21 20:10:00+00:00,56114,56115,56144,1.0903,1.1156491923299146,1.1156491923299146,1.039601615340171,stop,-2.2721472398483433,-2.3521472398483434,30
1000000MOG,long,2025-05-22 17:15:00+00:00,2025-05-22 17:20:00+00:00,2025-05-22 23:45:00+00:00,56397,56398,56475,1.2555,1.3076623658626536,1.2294188170686733,1.3076623658626536,take_profit,4.154708551386177,4.074708551386177,78
1000000MOG,short,2025-05-23 14:25:00+00:00,2025-05-23 14:30:00+00:00,2025-05-23 18:15:00+00:00,56651,56652,56697,1.3442,1.3760365351929642,1.3760365351929642,1.2799269296140718,stop,-2.3136402543628476,-2.3936402543628477,46
1000000MOG,short,2025-05-24 14:15:00+00:00,2025-05-24 14:20:00+00:00,2025-05-24 19:35:00+00:00,56937,56938,57001,1.173,1.1933021252232854,1.1933021252232854,1.1335957495534292,stop,-1.7013399032945187,-1.7813399032945185,64
1000000MOG,long,2025-05-24 19:40:00+00:00,2025-05-24 19:45:00+00:00,2025-05-24 21:10:00+00:00,57002,57003,57020,1.2036,1.1888574310501916,1.1888574310501916,1.2336851378996168,stop,-1.224872794101728,-1.304872794101728,18
1000000MOG,long,2025-05-26 14:15:00+00:00,2025-05-26 14:20:00+00:00,2025-05-26 16:05:00+00:00,57513,57514,57535,1.2262,1.2537445515096555,1.2124277242451722,1.2537445515096555,take_profit,2.2463343263460667,2.1663343263460666,22
1000000MOG,short,2025-05-27 14:15:00+00:00,2025-05-27 14:20:00+00:00,2025-05-27 14:50:00+00:00,57801,57802,57808,1.148,1.1615192409058697,1.1615192409058697,1.1212615181882604,stop,-1.1639274176229786,-1.2439274176229786,7
1000000MOG,long,2025-05-27 15:00:00+00:00,2025-05-27 15:05:00+00:00,2025-05-27 17:00:00+00:00,57810,57811,57834,1.1683,1.2041479485256783,1.150826025737161,1.2041479485256783,take_profit,3.0683855624136225,2.9883855624136224,24
1000000MOG,short,2025-05-28 15:10:00+00:00,2025-05-28 15:15:00+00:00,2025-05-28 17:40:00+00:00,58100,58101,58130,1.1676,1.1812335588125442,1.1812335588125442,1.1406328823749114,stop,-1.1541797734098913,-1.2341797734098914,30
1000000MOG,short,2025-05-28 18:05:00+00:00,2025-05-28 18:10:00+00:00,2025-05-28 19:00:00+00:00,58135,58136,58146,1.1686,1.1488130933058005,1.1784934533470999,1.1488130933058005,take_profit,1.7223782362421725,1.6423782362421726,11
1000000MOG,short,2025-05-29 15:00:00+00:00,2025-05-29 15:05:00+00:00,2025-05-29 15:50:00+00:00,58386,58387,58396,1.1654,1.1823809158612344,1.1823809158612344,1.1311381682775312,stop,-1.4361628840115048,-1.516162884011505,10
1000000MOG,short,2025-05-29 16:00:00+00:00,2025-05-29 16:05:00+00:00,2025-05-29 16:20:00+00:00,58398,58399,58402,1.1645,1.183734599745453,1.183734599745453,1.1251308005090939,stop,-1.624908129709901,-1.704908129709901,4
1000000MOG,long,2025-05-29 17:50:00+00:00,2025-05-29 17:55:00+00:00,2025-05-29 19:20:00+00:00,58420,58421,58438,1.1996,1.2347753467605165,1.1820123266197418,1.2347753467605165,take_profit,2.9322563154815295,2.8522563154815295,18
1000000MOG,short,2025-05-30 14:15:00+00:00,2025-05-30 14:20:00+00:00,2025-05-30 15:30:00+00:00,58665,58666,58680,1.0496,1.0310874612968886,1.0590062693515558,1.0310874612968886,take_profit,1.7954382531067514,1.7154382531067516,15
1000000MOG,short,2025-06-01 15:05:00+00:00,2025-06-01 15:10:00+00:00,2025-06-01 15:35:00+00:00,59251,59252,59257,0.9224,0.9279894039882874,0.9279894039882874,0.9112211920234251,stop,-0.6023133415387516,-0.6823133415387517,6
1000000MOG,short,2025-06-01 15:45:00+00:00,2025-06-01 15:50:00+00:00,2025-06-01 16:00:00+00:00,59259,59260,59262,0.9224,0.9093476155526851,0.9295261922236574,0.9093476155526851,take_profit,1.435356977252522,1.355356977252522,3
1000000MOG,short,2025-06-02 14:35:00+00:00,2025-06-02 14:40:00+00:00,2025-06-02 15:20:00+00:00,59533,59534,59542,0.9051,0.9134286015794524,0.9134286015794524,0.8878427968410953,stop,-0.9117955760363783,-0.9917955760363784,9
1000000MOG,long,2025-06-02 15:40:00+00:00,2025-06-02 15:45:00+00:00,2025-06-02 18:00:00+00:00,59546,59547,59574,0.93,0.9106510914599865,0.9106510914599865,0.968097817080027,stop,-2.0805278000014638,-2.160527800001464,28
1000000MOG,short,2025-06-02 18:10:00+00:00,2025-06-02 18:15:00+00:00,2025-06-02 19:00:00+00:00,59576,59577,59586,0.9046,0.8859306448272107,0.9140846775863946,0.8859306448272107,take_profit,2.107315655214803,2.027315655214803,10
1000000MOG,long,2025-06-03 14:55:00+00:00,2025-06-03 15:00:00+00:00,2025-06-03 15:25:00+00:00,59825,59826,59831,0.9783,0.9682797654754296,0.9682797654754296,0.9992404690491409,stop,-1.0242496703026016,-1.1042496703026017,6
1000000MOG,long,2025-06-03 15:45:00+00:00,2025-06-03 15:50:00+00:00,2025-06-03 17:10:00+00:00,59835,59836,59852,0.9788,0.9688131478745615,0.9688131478745615,0.998773704250877,stop,-1.0203159098322923,-1.1003159098322923,17
1000000MOG,long,2025-06-03 18:45:00+00:00,2025-06-03 18:50:00+00:00,2025-06-03 19:45:00+00:00,59871,59872,59883,0.9784,0.9710951114575234,0.9710951114575234,0.9933097770849534,stop,-0.746615754545854,-0.8266157545458541,12
1000000MOG,short,2025-06-04 14:25:00+00:00,2025-06-04 14:30:00+00:00,2025-06-04 15:25:00+00:00,60107,60108,60119,0.9679,0.9776508508115335,0.9776508508115335,0.948398298376933,stop,-0.9973755767142656,-1.0773755767142656,12
1000000MOG,short,2025-06-04 16:30:00+00:00,2025-06-04 16:35:00+00:00,2025-06-04 19:30:00+00:00,60132,60133,60168,0.9675,0.9492773513838089,0.9767613243080956,0.9492773513838089,take_profit,1.9196337708496936,1.8396337708496937,36
1000000MOG,short,2025-06-05 14:25:00+00:00,2025-06-05 14:30:00+00:00,2025-06-05 15:25:00+00:00,60395,60396,60407,0.89,0.9001234805314269,0.9001234805314269,0.8694530389371463,stop,-1.124676863828733,-1.204676863828733,12
1000000MOG,short,2025-06-05 15:45:00+00:00,2025-06-05 15:50:00+00:00,2025-06-05 16:15:00+00:00,60411,60412,60417,0.8912,0.9016574802834161,0.9016574802834161,0.8705850394331678,stop,-1.1598063025140104,-1.2398063025140105,6
1000000MOG,short,2025-06-05 16:45:00+00:00,2025-06-05 16:50:00+00:00,2025-06-05 17:00:00+00:00,60423,60424,60426,0.8905,0.8985575889158457,0.8985575889158457,0.8749848221683088,stop,-0.8967248193371358,-0.9767248193371358,3
1000000MOG,long,2025-06-06 15:30:00+00:00,2025-06-06 15:35:00+00:00,2025-06-06 21:30:00+00:00,60696,60697,60768,0.8227,0.8464592656891343,0.8109703671554328,0.8464592656891343,take_profit,2.887962281406864,2.807962281406864,72
1000000MOG,long,2025-06-07 14:25:00+00:00,2025-06-07 14:30:00+00:00,2025-06-07 15:45:00+00:00,60971,60972,60987,0.8502,0.8607821221847537,0.8447589389076231,0.8607821221847537,take_profit,1.2446626893382495,1.1646626893382495,16
1000000MOG,long,2025-06-07 16:20:00+00:00,2025-06-07 16:25:00+00:00,2025-06-07 17:40:00+00:00,60994,60995,61010,0.8541,0.8438859721419578,0.8438859721419578,0.8742280557160843,stop,-1.1958819644119156,-1.2758819644119157,16
1000000MOG,long,2025-06-07 19:25:00+00:00,2025-06-07 19:30:00+00:00,2025-06-07 21:05:00+00:00,61031,61032,61051,0.8525,0.8451165494665841,0.8451165494665841,0.8669669010668319,stop,-0.8660939042130167,-0.9460939042130168,20
1000000MOG,short,2025-06-08 14:05:00+00:00,2025-06-08 14:10:00+00:00,2025-06-08 16:15:00+00:00,61255,61256,61281,0.8615,0.85191793512064,0.8664410324396801,0.85191793512064,take_profit,1.1247638398413473,1.0447638398413472,26
1000000MOG,short,2025-06-09 14:20:00+00:00,2025-06-09 14:25:00+00:00,2025-06-09 15:35:00+00:00,61546,61547,61561,0.8423,0.8487728364496201,0.8487728364496201,0.8290543271007597,stop,-0.7626111689313264,-0.8426111689313265,15
1000000MOG,short,2025-06-11 14:05:00+00:00,2025-06-11 14:10:00+00:00,2025-06-11 20:30:00+00:00,62119,62120,62196,1.1001,1.0670962781691735,1.1169018609154133,1.0670962781691735,take_profit,3.092853241644833,3.012853241644833,77
1000000MOG,short,2025-06-13 15:15:00+00:00,2025-06-13 15:20:00+00:00,2025-06-13 15:55:00+00:00,62709,62710,62717,0.8696,0.8850546115755664,0.8850546115755664,0.8395907768488672,stop,-1.74617604082693,-1.8261760408269299,8
1000000MOG,short,2025-06-14 14:05:00+00:00,2025-06-14 14:10:00+00:00,2025-06-14 14:45:00+00:00,62983,62984,62991,0.9215,0.9311806533184687,0.9311806533184687,0.9018386933630627,stop,-1.0396106581434528,-1.1196106581434528,8
1000000MOG,short,2025-06-14 15:15:00+00:00,2025-06-14 15:20:00+00:00,2025-06-14 21:10:00+00:00,62997,62998,63068,0.924,0.9077384828804838,0.9315307585597581,0.9077384828804838,take_profit,1.7914319406085344,1.7114319406085345,71
1000000MOG,long,2025-06-15 14:35:00+00:00,2025-06-15 14:40:00+00:00,2025-06-15 15:30:00+00:00,63277,63278,63288,0.9121,0.9029465138198185,0.9029465138198185,0.9304069723603631,stop,-1.0035616906239997,-1.0835616906239998,11
1000000MOG,long,2025-06-16 14:10:00+00:00,2025-06-16 14:15:00+00:00,2025-06-16 14:25:00+00:00,63560,63561,63563,0.9464,0.9611485017392482,0.939025749130376,0.9611485017392482,take_profit,1.5583793046542782,1.4783793046542781,3
1000000MOG,short,2025-06-17 14:40:00+00:00,2025-06-17 14:45:00+00:00,2025-06-17 19:30:00+00:00,63854,63855,63912,0.9454,0.9207014240333675,0.9575992879833163,0.9207014240333675,take_profit,2.6825825747541554,2.6025825747541553,58
1000000MOG,short,2025-06-18 15:35:00+00:00,2025-06-18 15:40:00+00:00,2025-06-18 17:00:00+00:00,64153,64154,64170,0.8764,0.8854880279938174,0.8854880279938174,0.858223944012365,stop,-1.0263298550074684,-1.1063298550074685,17
1000000MOG,short,2025-06-18 17:30:00+00:00,2025-06-18 17:35:00+00:00,2025-06-18 19:30:00+00:00,64176,64177,64200,0.8767,0.8618136206710019,0.8842931896644991,0.8618136206710019,take_profit,1.7273316378322967,1.6473316378322969,24
1000000MOG,long,2025-06-19 14:15:00+00:00,2025-06-19 14:20:00+00:00,2025-06-19 15:10:00+00:00,64425,64426,64436,0.9189,0.903953560508732,0.903953560508732,0.9484928789825359,stop,-1.6265577855335778,-1.7065577855335776,11
1000000MOG,long,2025-06-19 19:25:00+00:00,2025-06-19 19:30:00+00:00,2025-06-19 19:45:00+00:00,64487,64488,64491,0.9207,0.905942796262367,0.905942796262367,0.9505144074752659,stop,-1.6028243442633872,-1.682824344263387,4
1000000MOG,long,2025-06-22 15:30:00+00:00,2025-06-22 15:35:00+00:00,2025-06-22 15:45:00+00:00,65304,65305,65307,0.7527,0.7454530125554796,0.7454530125554796,0.7653939748890408,stop,-0.9627989165033157,-1.0427989165033158,3
1000000MOG,long,2025-06-22 18:00:00+00:00,2025-06-22 18:05:00+00:00,2025-06-22 18:05:00+00:00,65334,65335,65335,0.7516,0.7431337952979971,0.7431337952979971,0.7682324094040057,stop,-1.1264242551893289,-1.206424255189329,1
1000000MOG,short,2025-06-22 18:20:00+00:00,2025-06-22 18:25:00+00:00,2025-06-22 20:15:00+00:00,65338,65339,65361,0.7352,0.7486040939320571,0.7486040939320571,0.7080918121358858,stop,-1.790545101303398,-1.8705451013033978,23
1000000MOG,long,2025-06-23 14:10:00+00:00,2025-06-23 14:15:00+00:00,2025-06-23 14:30:00+00:00,65576,65577,65580,0.7346,0.7309212809731415,0.7309212809731415,0.743157438053717,stop,-0.5007785225780825,-0.5807785225780826,4
1000000MOG,long,2025-06-23 14:45:00+00:00,2025-06-23 14:50:00+00:00,2025-06-23 16:05:00+00:00,65583,65584,65599,0.738,0.7579671573519664,0.7274164213240168,0.7579671573519664,take_profit,2.705576876960225,2.625576876960225,16
1000000MOG,long,2025-06-24 14:50:00+00:00,2025-06-24 14:55:00+00:00,2025-06-24 16:55:00+00:00,65872,65873,65897,0.9375,0.9215870865526787,0.9215870865526787,0.9693258268946425,stop,-1.6973774343809311,-1.777377434380931,25
1000000MOG,long,2025-06-24 18:25:00+00:00,2025-06-24 18:30:00+00:00,2025-06-24 18:40:00+00:00,65915,65916,65918,0.9405,0.9265139270940288,0.9265139270940288,0.9678721458119425,stop,-1.4870890915439916,-1.5670890915439915,3
1000000MOG,short,2025-06-25 14:05:00+00:00,2025-06-25 14:10:00+00:00,2025-06-26 12:00:00+00:00,66151,66152,66414,0.9399,0.9857814808271348,0.9857814808271348,0.8484370383457303,stop,-4.654325701943329,-4.734325701943329,263
1000000MOG,long,2025-06-26 16:15:00+00:00,2025-06-26 16:20:00+00:00,2025-06-26 18:10:00+00:00,66465,66466,66488,0.9701,0.9574913854720377,0.9574913854720377,0.9968172290559246,stop,-1.2997231757511885,-1.3797231757511885,23
1000000MOG,short,2025-06-26 18:30:00+00:00,2025-06-26 18:35:00+00:00,2025-06-26 21:20:00+00:00,66492,66493,66526,0.9528,0.9333355330740868,0.9623822334629566,0.9333355330740868,take_profit,2.0854736840248522,2.005473684024852,34
1000000MOG,short,2025-06-27 14:20:00+00:00,2025-06-27 14:25:00+00:00,2025-06-27 16:20:00+00:00,66730,66731,66754,0.8756,0.884053176745656,0.884053176745656,0.8586936465086882,stop,-0.9561841943460325,-1.0361841943460326,24
1000000MOG,short,2025-06-27 16:25:00+00:00,2025-06-27 16:30:00+00:00,2025-06-27 17:20:00+00:00,66755,66756,66766,0.8763,0.861828389255426,0.883385805372287,0.861828389255426,take_profit,1.679175451284065,1.5991754512840652,11
1000000MOG,short,2025-06-27 18:00:00+00:00,2025-06-27 18:05:00+00:00,2025-06-28 00:50:00+00:00,66774,66775,66856,0.8728,0.8863947566682422,0.8863947566682422,0.8456104866635157,stop,-1.5337135701639082,-1.613713570163908,82
1000000MOG,long,2025-06-28 14:10:00+00:00,2025-06-28 14:15:00+00:00,2025-06-29 02:50:00+00:00,67016,67017,67168,0.8869,0.9093958735844532,0.8756520632077734,0.9093958735844532,take_profit,2.536461109984578,2.456461109984578,152
1000000MOG,short,2025-07-01 14:05:00+00:00,2025-07-01 14:10:00+00:00,2025-07-01 16:20:00+00:00,67879,67880,67906,0.9792,0.9537023741336169,0.9917988129331915,0.9537023741336169,take_profit,2.6735411967015565,2.5935411967015565,27
1000000MOG,long,2025-07-02 15:00:00+00:00,2025-07-02 15:05:00+00:00,2025-07-02 15:20:00+00:00,68178,68179,68182,0.9668,0.9579144823587531,0.9579144823587531,0.9839710352824939,stop,-0.9190647125824292,-0.9990647125824292,4
1000000MOG,long,2025-07-02 15:35:00+00:00,2025-07-02 15:40:00+00:00,2025-07-02 21:30:00+00:00,68185,68186,68256,0.9668,0.9532482572700972,0.9532482572700972,0.9939034854598056,stop,-1.4017110808753341,-1.4817110808753342,71
1000000MOG,long,2025-07-03 14:05:00+00:00,2025-07-03 14:10:00+00:00,2025-07-03 15:35:00+00:00,68455,68456,68473,1.0583,1.1028962925977466,1.0358518537011268,1.1028962925977466,take_profit,4.213955645634182,4.133955645634182,18
1000000MOG,short,2025-07-04 15:00:00+00:00,2025-07-04 15:05:00+00:00,2025-07-04 16:15:00+00:00,68754,68755,68769,1.0202,0.9959744917519529,1.0326127541240235,0.9959744917519529,take_profit,2.4323422385480686,2.3523422385480686,15
1000000MOG,long,2025-07-05 14:50:00+00:00,2025-07-05 14:55:00+00:00,2025-07-05 15:30:00+00:00,69040,69041,69048,0.9653,0.9765653965493034,0.9595173017253482,0.9765653965493034,take_profit,1.1670357970893441,1.087035797089344,8
1000000MOG,long,2025-07-05 18:45:00+00:00,2025-07-05 18:50:00+00:00,2025-07-05 21:00:00+00:00,69087,69088,69114,0.9663,0.953676511813823,0.953676511813823,0.9924469763723541,stop,-1.3063736092494116,-1.3863736092494117,27
1000000MOG,short,2025-07-06 14:40:00+00:00,2025-07-06 14:45:00+00:00,2025-07-06 15:10:00+00:00,69326,69327,69332,0.941,0.9443601858189654,0.9443601858189654,0.933979628362069,stop,-0.35581612497264103,-0.43581612497264105,6
1000000MOG,long,2025-07-06 15:35:00+00:00,2025-07-06 15:40:00+00:00,2025-07-06 16:00:00+00:00,69337,69338,69342,0.9467,0.9554706926894826,0.9420146536552587,0.9554706926894826,take_profit,0.9264490006847481,0.846449000684748,5
1000000MOG,short,2025-07-07 14:50:00+00:00,2025-07-07 14:55:00+00:00,2025-07-07 16:45:00+00:00,69616,69617,69639,1.0015,1.0108003590793229,1.0108003590793229,0.9831992818413544,stop,-0.9200985135970785,-1.0000985135970786,23
1000000MOG,short,2025-07-07 19:00:00+00:00,2025-07-07 19:05:00+00:00,2025-07-07 19:20:00+00:00,69666,69667,69670,0.9992,1.0069999116015549,1.0069999116015549,0.9839001767968901,stop,-0.7745692439187768,-0.8545692439187769,4
1000000MOG,short,2025-07-07 19:50:00+00:00,2025-07-07 19:55:00+00:00,2025-07-07 20:25:00+00:00,69676,69677,69683,1.0018,1.0087127419984372,1.0087127419984372,0.9882745160031257,stop,-0.6853033287496535,-0.7653033287496536,7
1000000MOG,long,2025-07-09 14:35:00+00:00,2025-07-09 14:40:00+00:00,2025-07-09 21:15:00+00:00,70189,70190,70269,1.1123,1.171361827310235,1.0826190863448826,1.171361827310235,take_profit,5.309882883236083,5.229882883236083,80
1000000MOG,long,2025-07-10 14:50:00+00:00,2025-07-10 14:55:00+00:00,2025-07-10 20:45:00+00:00,70480,70481,70551,1.2757,1.310648697836127,1.2580756510819366,1.310648697836127,take_profit,2.7395702622973195,2.6595702622973194,71
1000000MOG,long,2025-07-11 14:05:00+00:00,2025-07-11 14:10:00+00:00,2025-07-11 14:30:00+00:00,70759,70760,70764,1.596,1.6472720070411955,1.5697639964794021,1.6472720070411955,take_profit,3.21253176949845,3.13253176949845,5
1000000MOG,long,2025-07-11 16:15:00+00:00,2025-07-11 16:20:00+00:00,2025-07-11 22:00:00+00:00,70785,70786,70854,1.6024,1.7138808649167492,1.5466595675416255,1.7138808649167492,take_profit,6.957118379727234,6.877118379727235,69
1000000MOG,short,2025-07-12 14:05:00+00:00,2025-07-12 14:10:00+00:00,2025-07-12 14:30:00+00:00,71047,71048,71052,1.6381,1.6663661052657375,1.6663661052657375,1.5839677894685251,stop,-1.6962722163164745,-1.7762722163164744,5
1000000MOG,short,2025-07-12 15:00:00+00:00,2025-07-12 15:05:00+00:00,2025-07-12 16:15:00+00:00,71058,71059,71073,1.6369,1.6730077998199013,1.6730077998199013,1.5637844003601975,stop,-2.1582565140334853,-2.2382565140334854,15
1000000MOG,short,2025-07-12 16:35:00+00:00,2025-07-12 16:40:00+00:00,2025-07-12 17:20:00+00:00,71077,71078,71086,1.6409,1.6601385122748857,1.6601385122748857,1.6021229754502286,stop,-1.1588498268450653,-1.2388498268450654,9
1000000MOG,long,2025-07-13 14:25:00+00:00,2025-07-13 14:30:00+00:00,2025-07-13 20:15:00+00:00,71339,71340,71409,1.7004,1.7700537981895885,1.6654231009052056,1.7700537981895885,take_profit,4.096318406821253,4.016318406821253,70
1000000MOG,short,2025-07-14 14:40:00+00:00,2025-07-14 14:45:00+00:00,2025-07-14 17:10:00+00:00,71630,71631,71660,1.929,1.8512996154227155,1.9683001922886423,1.8512996154227155,take_profit,4.197072366351828,4.117072366351828,30
1000000MOG,long,2025-07-15 14:05:00+00:00,2025-07-15 14:10:00+00:00,2025-07-15 17:00:00+00:00,71911,71912,71946,1.6359,1.5879383355443897,1.5879383355443897,1.7297233289112206,stop,-2.931821288318981,-3.011821288318981,35
1000000MOG,short,2025-07-15 17:15:00+00:00,2025-07-15 17:20:00+00:00,2025-07-15 21:30:00+00:00,71949,71950,72000,1.571,1.5967080244367742,1.5967080244367742,1.5192839511264515,stop,-1.610064209819606,-1.690064209819606,51
1000000MOG,long,2025-07-18 14:05:00+00:00,2025-07-18 14:10:00+00:00,2025-07-18 15:05:00+00:00,72775,72776,72787,1.6752,1.6527150400229829,1.6527150400229829,1.7210699199540342,stop,-1.342225404549735,-1.4222254045497351,12
1000000MOG,long,2025-07-18 15:45:00+00:00,2025-07-18 15:50:00+00:00,2025-07-18 16:10:00+00:00,72795,72796,72800,1.6776,1.6509002466983966,1.6509002466983966,1.7303995066032067,stop,-1.591544665093192,-1.6715446650931918,5
1000000MOG,long,2025-07-19 14:30:00+00:00,2025-07-19 14:35:00+00:00,2025-07-19 16:40:00+00:00,73068,73069,73094,1.5394,1.5217141051658565,1.5217141051658565,1.5744717896682867,stop,-1.148882345988278,-1.228882345988278,26
1000000MOG,short,2025-07-19 17:10:00+00:00,2025-07-19 17:15:00+00:00,2025-07-19 18:35:00+00:00,73100,73101,73117,1.5197,1.541239269881884,1.541239269881884,1.477521460236232,stop,-1.3975292676999262,-1.4775292676999263,17
1000000MOG,short,2025-07-19 18:50:00+00:00,2025-07-19 18:55:00+00:00,2025-07-19 19:40:00+00:00,73120,73121,73130,1.5182,1.5371296421125313,1.5371296421125313,1.4794407157749374,stop,-1.2314928808812575,-1.3114928808812576,10
1000000MOG,long,2025-07-20 14:45:00+00:00,2025-07-20 14:50:00+00:00,2025-07-20 19:55:00+00:00,73359,73360,73421,1.6252,1.6062154608347428,1.6062154608347428,1.6607690783305147,stop,-1.1681355627157997,-1.2481355627157997,62
1000000MOG,short,2025-07-21 14:05:00+00:00,2025-07-21 14:10:00+00:00,2025-07-21 14:35:00+00:00,73639,73640,73645,1.6096,1.6281541051705004,1.6281541051705004,1.570991789658999,stop,-1.1395791781366738,-1.2195791781366738,6
1000000MOG,long,2025-07-21 15:15:00+00:00,2025-07-21 15:20:00+00:00,2025-07-21 18:15:00+00:00,73653,73654,73689,1.6507,1.6286557288429262,1.6286557288429262,1.6947885423141478,stop,-1.3354498792678138,-1.4154498792678138,36
1000000MOG,short,2025-07-21 18:40:00+00:00,2025-07-21 18:45:00+00:00,2025-07-21 18:45:00+00:00,73694,73695,73695,1.6153,1.6285599612494221,1.6285599612494221,1.5884800775011556,stop,-0.8142138800495413,-0.8942138800495414,1
1000000MOG,short,2025-07-22 18:05:00+00:00,2025-07-22 18:10:00+00:00,2025-07-22 18:45:00+00:00,73975,73976,73983,1.4772,1.4972634482522051,1.4972634482522051,1.43707310349559,stop,-1.340007884091854,-1.420007884091854,8
1000000MOG,long,2025-07-23 14:45:00+00:00,2025-07-23 14:50:00+00:00,2025-07-23 16:45:00+00:00,74223,74224,74247,1.7183,1.6629599184859494,1.6629599184859494,1.8271801630281013,stop,-3.220629780250861,-3.300629780250861,24
1000000MOG,short,2025-07-24 14:05:00+00:00,2025-07-24 14:10:00+00:00,2025-07-24 14:50:00+00:00,74503,74504,74512,1.4696,1.4232456334079746,1.4920271832960128,1.4232456334079746,take_profit,3.2569477470329122,3.176947747032912,9
1000000MOG,long,2025-07-26 17:45:00+00:00,2025-07-26 17:50:00+00:00,2025-07-26 18:00:00+00:00,75123,75124,75126,1.5399,1.5270387484964596,1.5270387484964596,1.565022503007081,stop,-0.8352004353231024,-0.9152004353231025,3
1000000MOG,long,2025-07-26 19:40:00+00:00,2025-07-26 19:45:00+00:00,2025-07-26 19:45:00+00:00,75146,75147,75147,1.5407,1.5308846754166434,1.5308846754166434,1.561530649166713,stop,-0.6370691622870517,-0.7170691622870518,1
1000000MOG,long,2025-07-28 14:20:00+00:00,2025-07-28 14:25:00+00:00,2025-07-28 14:35:00+00:00,75658,75659,75661,1.7232,1.710282978410928,1.710282978410928,1.751734043178144,stop,-0.7495950318635147,-0.8295950318635148,3
1000000MOG,long,2025-07-28 15:00:00+00:00,2025-07-28 15:05:00+00:00,2025-07-28 15:25:00+00:00,75666,75667,75671,1.7292,1.710025525413419,1.710025525413419,1.7675489491731624,stop,-1.1088639016065938,-1.1888639016065938,5
1000000MOG,long,2025-07-28 15:55:00+00:00,2025-07-28 16:00:00+00:00,2025-07-28 16:00:00+00:00,75677,75678,75678,1.7246,1.710518292279401,1.710518292279401,1.7518634154411976,stop,-0.8165202203756716,-0.8965202203756717,1
1000000MOG,short,2025-07-30 14:05:00+00:00,2025-07-30 14:10:00+00:00,2025-07-30 14:50:00+00:00,76231,76232,76240,1.411,1.4349631125353661,1.4349631125353661,1.362473774929268,stop,-1.669946239456066,-1.7499462394560659,9
1000000MOG,short,2025-07-30 16:35:00+00:00,2025-07-30 16:40:00+00:00,2025-07-30 20:15:00+00:00,76261,76262,76305,1.412,1.375869532606257,1.4297652336968714,1.375869532606257,take_profit,2.626009700592924,2.546009700592924,44
1000000MOG,long,2025-07-31 14:15:00+00:00,2025-07-31 14:20:00+00:00,2025-07-31 15:05:00+00:00,76521,76522,76531,1.4904,1.4779836634949337,1.4779836634949337,1.5167326730101323,stop,-0.8330875271783555,-0.9130875271783556,10
1000000MOG,long,2025-07-31 15:15:00+00:00,2025-07-31 15:20:00+00:00,2025-07-31 17:45:00+00:00,76533,76534,76563,1.4863,1.5113895405592368,1.4740552297203815,1.5113895405592368,take_profit,1.6880535934358454,1.6080535934358455,30
1000000MOG,short,2025-08-01 14:15:00+00:00,2025-08-01 14:20:00+00:00,2025-08-01 16:00:00+00:00,76809,76810,76830,1.2708,1.2908577435003867,1.2908577435003867,1.2297845129992264,stop,-1.5538306681258884,-1.6338306681258883,21
1000000MOG,short,2025-08-01 16:50:00+00:00,2025-08-01 16:55:00+00:00,2025-08-01 19:45:00+00:00,76840,76841,76875,1.2712,1.2289984325637393,1.2914007837181303,1.2289984325637393,take_profit,3.4338178404529573,3.3538178404529573,35
1000000MOG,short,2025-08-02 14:05:00+00:00,2025-08-02 14:10:00+00:00,2025-08-02 15:05:00+00:00,77095,77096,77107,1.2483,1.2314787969485708,1.2564106015257146,1.2314787969485708,take_profit,1.3659352554920012,1.2859352554920012,12
1000000MOG,long,2025-08-03 14:20:00+00:00,2025-08-03 14:25:00+00:00,2025-08-03 15:05:00+00:00,77386,77387,77395,1.1827,1.175563338092418,1.175563338092418,1.1978733238151642,stop,-0.6034211471702133,-0.6834211471702134,9
1000000MOG,long,2025-08-03 17:10:00+00:00,2025-08-03 17:15:00+00:00,2025-08-03 17:30:00+00:00,77420,77421,77424,1.182,1.1760119745848805,1.1760119745848805,1.1945760508302388,stop,-0.5066011349508792,-0.5866011349508793,4
1000000MOG,long,2025-08-03 18:35:00+00:00,2025-08-03 18:40:00+00:00,2025-08-03 19:55:00+00:00,77437,77438,77453,1.1842,1.1997288083137556,1.1768855958431224,1.1997288083137556,take_profit,1.3113332472348915,1.2313332472348915,16
1000000MOG,long,2025-08-04 16:35:00+00:00,2025-08-04 16:40:00+00:00,2025-08-04 18:05:00+00:00,77701,77702,77719,1.2147,1.203714752681738,1.203714752681738,1.2357704946365238,stop,-0.904358880238898,-0.9843588802388981,18
1000000MOG,long,2025-08-04 18:20:00+00:00,2025-08-04 18:25:00+00:00,2025-08-04 18:45:00+00:00,77722,77723,77727,1.2095,1.1972697867015936,1.1972697867015936,1.2348604265968128,stop,-1.011179272294871,-1.091179272294871,5
1000000MOG,short,2025-08-05 14:40:00+00:00,2025-08-05 14:45:00+00:00,2025-08-05 14:55:00+00:00,77966,77967,77969,1.2366,1.2467454643614857,1.2467454643614857,1.2166090712770283,stop,-0.8137558668947498,-0.8937558668947498,3
1000000MOG,short,2025-08-05 15:45:00+00:00,2025-08-05 15:50:00+00:00,2025-08-05 18:50:00+00:00,77979,77980,78016,1.2296,1.2465563210293371,1.2465563210293371,1.1956873579413259,stop,-1.36025310234964,-1.44025310234964,37
1000000MOG,long,2025-08-06 14:05:00+00:00,2025-08-06 14:10:00+00:00,2025-08-06 14:35:00+00:00,78247,78248,78253,1.191,1.2272932547504019,1.1728533726247992,1.2272932547504019,take_profit,3.047292590294015,2.967292590294015,6
1000000MOG,long,2025-08-08 16:50:00+00:00,2025-08-08 16:55:00+00:00,2025-08-08 17:50:00+00:00,78856,78857,78868,1.2994,1.284183393932889,1.284183393932889,1.3301332121342222,stop,-1.1710486429976186,-1.2510486429976186,12
1000000MOG,long,2025-08-08 18:35:00+00:00,2025-08-08 18:40:00+00:00,2025-08-08 18:55:00+00:00,78877,78878,78881,1.2954,1.3296989992015755,1.2782505003992124,1.3296989992015755,take_profit,2.6477535279894493,2.5677535279894492,4
1000000MOG,long,2025-08-09 14:05:00+00:00,2025-08-09 14:10:00+00:00,2025-08-09 18:45:00+00:00,79111,79112,79167,1.4017,1.4717801482898059,1.3678599258550972,1.4717801482898059,take_profit,4.999653869573084,4.919653869573084,56
1000000MOG,short,2025-08-10 14:05:00+00:00,2025-08-10 14:10:00+00:00,2025-08-10 15:15:00+00:00,79399,79400,79413,1.529,1.4869215574187555,1.550189221290622,1.4869215574187555,take_profit,2.8299033241734106,2.7499033241734105,14
1000000MOG,short,2025-08-12 14:15:00+00:00,2025-08-12 14:20:00+00:00,2025-08-12 16:00:00+00:00,79977,79978,79998,1.3692,1.38652096540225,1.38652096540225,1.3345580691955001,stop,-1.2492393432525506,-1.3292393432525507,21
1000000MOG,short,2025-08-12 17:10:00+00:00,2025-08-12 17:15:00+00:00,2025-08-12 17:40:00+00:00,80012,80013,80018,1.373,1.3831640167284849,1.3831640167284849,1.3523719665430303,stop,-0.7348381396246273,-0.8148381396246274,6
1000000MOG,short,2025-08-12 17:55:00+00:00,2025-08-12 18:00:00+00:00,2025-08-12 20:10:00+00:00,80021,80022,80048,1.3706,1.3439077453802377,1.3839461273098812,1.3439077453802377,take_profit,1.9861671838352413,1.9061671838352414,27
1000000MOG,short,2025-08-13 14:40:00+00:00,2025-08-13 14:45:00+00:00,2025-08-13 17:00:00+00:00,80270,80271,80298,1.365,1.3834379642613974,1.3834379642613974,1.328424071477205,stop,-1.3327640803352692,-1.4127640803352692,28
1000000MOG,long,2025-08-13 17:10:00+00:00,2025-08-13 17:15:00+00:00,2025-08-13 22:40:00+00:00,80300,80301,80366,1.3971,1.3787718052501856,1.3787718052501856,1.432256389499629,stop,-1.3118742215886048,-1.3918742215886049,66
1000000MOG,short,2025-08-14 14:10:00+00:00,2025-08-14 14:15:00+00:00,2025-08-14 21:30:00+00:00,80552,80553,80640,1.3935,1.3323615287550679,1.424069235622466,1.3323615287550679,take_profit,4.588729854880946,4.508729854880946,88
1000000MOG,long,2025-08-15 15:00:00+00:00,2025-08-15 15:05:00+00:00,2025-08-15 17:45:00+00:00,80850,80851,80883,1.2652,1.2470310884454996,1.2470310884454996,1.301837823109001,stop,-1.4360505496759823,-1.5160505496759824,33
1000000MOG,short,2025-08-15 18:15:00+00:00,2025-08-15 18:20:00+00:00,2025-08-15 21:20:00+00:00,80889,80890,80926,1.2399,1.2112136382897047,1.2540931808551476,1.2112136382897047,take_profit,2.3683981754698324,2.2883981754698324,37
1000000MOG,long,2025-08-16 16:30:00+00:00,2025-08-16 16:35:00+00:00,2025-08-16 18:50:00+00:00,81156,81157,81184,1.1754,1.163872636649482,1.163872636649482,1.1990547267010359,stop,-0.980718338482045,-1.060718338482045,28
1000000MOG,long,2025-08-17 17:50:00+00:00,2025-08-17 17:55:00+00:00,2025-08-18 02:15:00+00:00,81460,81461,81561,1.2038,1.1857565541535515,1.1857565541535515,1.2410868916928968,stop,-1.4988740527038136,-1.5788740527038134,101
1000000MOG,short,2025-08-18 14:30:00+00:00,2025-08-18 14:35:00+00:00,2025-08-18 15:30:00+00:00,81708,81709,81720,1.1209,1.1007223431593454,1.1306888284203274,1.1007223431593454,take_profit,1.8331286691918747,1.7531286691918748,12
1000000MOG,short,2025-08-18 18:50:00+00:00,2025-08-18 18:55:00+00:00,2025-08-18 21:50:00+00:00,81760,81761,81796,1.1193,1.1316291375423597,1.1316291375423597,1.0943417249152805,stop,-1.0895033658408493,-1.1695033658408494,36
1000000MOG,short,2025-08-19 17:30:00+00:00,2025-08-19 17:35:00+00:00,2025-08-19 17:45:00+00:00,82032,82033,82035,1.0677,1.0747009938199596,1.0747009938199596,1.0527980123600804,stop,-0.6514364330375222,-0.7314364330375223,3
1000000MOG,long,2025-08-20 17:10:00+00:00,2025-08-20 17:15:00+00:00,2025-08-20 20:40:00+00:00,82316,82317,82358,1.0587,1.0506879431471854,1.0506879431471854,1.0741241137056292,stop,-0.7567825496188285,-0.8367825496188286,42
1000000MOG,short,2025-08-21 14:05:00+00:00,2025-08-21 14:10:00+00:00,2025-08-21 14:15:00+00:00,82567,82568,82569,1.0518,1.0581606307751927,1.0581606307751927,1.0393787384496147,stop,-0.6011025727287733,-0.6811025727287734,2
1000000MOG,short,2025-08-21 15:00:00+00:00,2025-08-21 15:05:00+00:00,2025-08-21 18:00:00+00:00,82578,82579,82614,1.051,1.0285415575174797,1.06222922124126,1.0285415575174797,take_profit,2.1835230981552822,2.103523098155282,36
1000000MOG,long,2025-08-22 15:05:00+00:00,2025-08-22 15:10:00+00:00,2025-08-22 15:40:00+00:00,82867,82868,82874,1.037,1.030883440060081,1.030883440060081,1.0489331198798377,stop,-0.5898322024994074,-0.6698322024994074,7
1000000MOG,long,2025-08-22 15:50:00+00:00,2025-08-22 15:55:00+00:00,2025-08-22 17:30:00+00:00,82876,82877,82896,1.0363,1.0498490839032975,1.0292254580483513,1.0498490839032975,take_profit,1.3074480269514188,1.2274480269514187,20
1000000MOG,long,2025-08-22 18:25:00+00:00,2025-08-22 18:30:00+00:00,2025-08-22 19:15:00+00:00,82907,82908,82917,1.0354,1.028250399363913,1.028250399363913,1.0502992012721744,stop,-0.6905158041420889,-0.770515804142089,10
1000000MOG,short,2025-08-24 14:30:00+00:00,2025-08-24 14:35:00+00:00,2025-08-24 15:15:00+00:00,83436,83437,83445,1.1298,1.1174800045643156,1.135959997717842,1.1174800045643156,take_profit,1.1024801683577001,1.0224801683577,9
1000000MOG,short,2025-08-25 14:05:00+00:00,2025-08-25 14:10:00+00:00,2025-08-25 15:45:00+00:00,83719,83720,83739,1.0769,1.051953709761175,1.0890731451194124,1.051953709761175,take_profit,2.3714247126414456,2.2914247126414455,20
1000000MOG,long,2025-08-26 14:40:00+00:00,2025-08-26 14:45:00+00:00,2025-08-26 15:20:00+00:00,84014,84015,84022,0.9595,0.952471623805567,0.952471623805567,0.973256752388866,stop,-0.7325040327704979,-0.812504032770498,8
1000000MOG,long,2025-08-26 15:35:00+00:00,2025-08-26 15:40:00+00:00,2025-08-26 16:20:00+00:00,84025,84026,84034,0.9582,0.951475889822888,0.951475889822888,0.9719482203542241,stop,-0.7017439132865899,-0.78174391328659,9
1000000MOG,long,2025-08-26 16:30:00+00:00,2025-08-26 16:35:00+00:00,2025-08-26 21:00:00+00:00,84036,84037,84090,0.9685,0.94935689358236,0.94935689358236,1.00678621283528,stop,-1.9765726812225104,-2.0565726812225105,54
1000000MOG,long,2025-08-27 14:10:00+00:00,2025-08-27 14:15:00+00:00,2025-08-27 14:35:00+00:00,84296,84297,84301,1.0171,1.005436064259318,1.005436064259318,1.0407278714813641,stop,-1.1467835749367605,-1.2267835749367606,5
1000000MOG,short,2025-08-29 14:15:00+00:00,2025-08-29 14:20:00+00:00,2025-08-29 15:15:00+00:00,84873,84874,84885,0.9334,0.9219352350385144,0.9389823824807428,0.9219352350385144,take_profit,1.243554267779623,1.163554267779623,12
1000000MOG,long,2025-08-30 14:20:00+00:00,2025-08-30 14:25:00+00:00,2025-08-30 19:10:00+00:00,85162,85163,85220,0.8903,0.8992656891222633,0.8855171554388683,0.8992656891222633,take_profit,1.0070413481144902,0.9270413481144901,58
1000000MOG,short,2025-08-31 14:25:00+00:00,2025-08-31 14:30:00+00:00,2025-08-31 15:00:00+00:00,85451,85452,85458,0.8739,0.8772240004293643,0.8772240004293643,0.8663519991412715,stop,-0.3789226500571563,-0.4589226500571563,7
1000000MOG,short,2025-08-31 15:20:00+00:00,2025-08-31 15:25:00+00:00,2025-08-31 16:25:00+00:00,85462,85463,85475,0.8744,0.877327247536572,0.877327247536572,0.8685455049268559,stop,-0.3336551491808115,-0.41365514918081153,13
1000000MOG,short,2025-08-31 19:05:00+00:00,2025-08-31 19:10:00+00:00,2025-08-31 23:10:00+00:00,85507,85508,85556,0.8726,0.8621864757369311,0.8778067621315345,0.8621864757369311,take_profit,1.207804176488425,1.127804176488425,49
1000000MOG,short,2025-09-01 14:05:00+00:00,2025-09-01 14:10:00+00:00,2025-09-01 16:25:00+00:00,85735,85736,85763,0.8167,0.8279743937682283,0.8279743937682283,0.7923512124635435,stop,-1.3616838700671652,-1.4416838700671653,28
1000000MOG,long,2025-09-02 15:05:00+00:00,2025-09-02 15:10:00+00:00,2025-09-02 15:25:00+00:00,86035,86036,86039,0.8272,0.8224811314663768,0.8224811314663768,0.8360377370672463,stop,-0.5704628304670223,-0.6504628304670224,4
1000000MOG,long,2025-09-02 15:30:00+00:00,2025-09-02 15:35:00+00:00,2025-09-02 21:40:00+00:00,86040,86041,86114,0.8348,0.8213884158117627,0.8213884158117627,0.8619231683764745,stop,-1.6065625524960825,-1.6865625524960823,74
1000000MOG,short,2025-09-03 14:20:00+00:00,2025-09-03 14:25:00+00:00,2025-09-03 17:00:00+00:00,86314,86315,86346,0.8354,0.8406003431837226,0.8406003431837226,0.824699313632555,stop,-0.6186463312668367,-0.6986463312668367,32
1000000MOG,short,2025-09-03 17:20:00+00:00,2025-09-03 17:25:00+00:00,2025-09-03 19:30:00+00:00,86350,86351,86376,0.8364,0.843138051268925,0.843138051268925,0.82292389746215,stop,-0.7991634654353708,-0.8791634654353708,26
1000000MOG,short,2025-09-04 14:10:00+00:00,2025-09-04 14:15:00+00:00,2025-09-04 17:05:00+00:00,86600,86601,86635,0.8351,0.8405470412315303,0.8405470412315303,0.8245059175369395,stop,-0.6480352632673214,-0.7280352632673215,35
1000000MOG,short,2025-09-04 17:15:00+00:00,2025-09-04 17:20:00+00:00,2025-09-04 19:10:00+00:00,86637,86638,86660,0.8353,0.8411869902064808,0.8411869902064808,0.8241260195870385,stop,-0.6998432304612501,-0.7798432304612501,23
1000000MOG,short,2025-09-04 19:55:00+00:00,2025-09-04 20:00:00+00:00,2025-09-04 20:10:00+00:00,86669,86670,86672,0.8355,0.840057787907064,0.840057787907064,0.8266844241858721,stop,-0.5425564732182697,-0.6225564732182698,3
1000000MOG,long,2025-09-05 14:05:00+00:00,2025-09-05 14:10:00+00:00,2025-09-05 15:20:00+00:00,86887,86888,86902,0.8455,0.840790547373592,0.840790547373592,0.854618905252816,stop,-0.5570020847318724,-0.6370020847318725,15
1000000MOG,long,2025-09-05 15:35:00+00:00,2025-09-05 15:40:00+00:00,2025-09-05 16:10:00+00:00,86905,86906,86912,0.8451,0.8524599563503961,0.8415700218248019,0.8524599563503961,take_profit,0.8708976867111806,0.7908976867111805,7
1000000MOG,short,2025-09-06 14:25:00+00:00,2025-09-06 14:30:00+00:00,2025-09-06 15:40:00+00:00,87179,87180,87194,0.8249,0.8281770601362701,0.8281770601362701,0.8183458797274596,stop,-0.39569559385416175,-0.47569559385416177,15
1000000MOG,short,2025-09-06 15:50:00+00:00,2025-09-06 15:55:00+00:00,2025-09-06 16:55:00+00:00,87196,87197,87209,0.8241,0.8279194378050092,0.8279194378050092,0.8170611243899817,stop,-0.46132964520501085,-0.5413296452050109,13
1000000MOG,short,2025-09-06 17:15:00+00:00,2025-09-06 17:20:00+00:00,2025-09-06 23:20:00+00:00,87213,87214,87286,0.8256,0.8296256614364858,0.8296256614364858,0.8160486771270283,stop,-0.48523829765768633,-0.5652382976576864,73
1000000MOG,long,2025-09-07 14:45:00+00:00,2025-09-07 14:50:00+00:00,2025-09-07 15:10:00+00:00,87471,87472,87476,0.8294,0.8255030191188576,0.8255030191188576,0.8371939617622849,stop,-0.46985542333523034,-0.5498554233352304,5
1000000MOG,long,2025-09-07 17:05:00+00:00,2025-09-07 17:10:00+00:00,2025-09-07 18:35:00+00:00,87499,87500,87517,0.8294,0.8262241787051219,0.8262241787051219,0.8369516425897562,stop,-0.3829058710969502,-0.4629058710969502,18
1000000MOG,short,2025-09-07 18:40:00+00:00,2025-09-07 18:45:00+00:00,2025-09-07 19:00:00+00:00,87518,87519,87522,0.8246,0.8284680453975618,0.8284680453975618,0.8168639092048764,stop,-0.4668913205584935,-0.5468913205584935,4
1000000MOG,long,2025-09-08 16:10:00+00:00,2025-09-08 16:15:00+00:00,2025-09-08 17:55:00+00:00,87776,87777,87797,0.8597,0.8753747061901497,0.8517126469049252,0.8753747061901497,take_profit,1.8232762812783188,1.743276281278319,21
1000000MOG,long,2025-09-09 14:55:00+00:00,2025-09-09 15:00:00+00:00,2025-09-09 15:35:00+00:00,88049,88050,88057,0.9229,0.9409601864240016,0.9141699067879993,0.9409601864240016,take_profit,1.9568952675264484,1.8768952675264485,8
1000000MOG,short,2025-09-11 14:10:00+00:00,2025-09-11 14:15:00+00:00,2025-09-11 14:35:00+00:00,88616,88617,88621,0.9109,0.9018491794823367,0.9152754102588317,0.9018491794823367,take_profit,1.0035847150028587,0.9235847150028587,5
1000000MOG,short,2025-09-11 16:00:00+00:00,2025-09-11 16:05:00+00:00,2025-09-11 16:20:00+00:00,88638,88639,88642,0.9108,0.9164931478156122,0.9164931478156122,0.8985137043687755,stop,-0.6211882575643202,-0.7011882575643202,4
1000000MOG,long,2025-09-11 17:10:00+00:00,2025-09-11 17:15:00+00:00,2025-09-11 18:05:00+00:00,88652,88653,88663,0.9178,0.9116614036194436,0.9116614036194436,0.9312771927611129,stop,-0.6688381325513526,-0.7488381325513527,11
1000000MOG,short,2025-09-11 18:45:00+00:00,2025-09-11 18:50:00+00:00,2025-09-11 19:05:00+00:00,88671,88672,88675,0.9108,0.9160860102759936,0.9160860102759936,0.900827979448013,stop,-0.5770211766907063,-0.6570211766907064,4
1000000MOG,long,2025-09-12 14:20:00+00:00,2025-09-12 14:25:00+00:00,2025-09-12 16:25:00+00:00,88906,88907,88931,0.9577,0.9532590709623543,0.9532590709623543,0.9662818580752914,stop,-0.4637077412181001,-0.5437077412181002,25
1000000MOG,long,2025-09-13 14:55:00+00:00,2025-09-13 15:00:00+00:00,2025-09-13 15:25:00+00:00,89201,89202,89207,1.0406,1.0586938872643468,1.0315530563678266,1.0586938872643468,take_profit,1.7387937021282829,1.658793702128283,6
1000000MOG,short,2025-09-14 16:45:00+00:00,2025-09-14 16:50:00+00:00,2025-09-14 20:30:00+00:00,89511,89512,89556,1.0014,0.9810737915838743,1.0103631042080627,0.9810737915838743,take_profit,2.071832780621996,1.9918327806219962,45
1000000MOG,long,2025-09-15 14:15:00+00:00,2025-09-15 14:20:00+00:00,2025-09-15 15:30:00+00:00,89769,89770,89784,0.9833,0.9739811236250405,0.9739811236250405,1.0019377527499187,stop,-0.9477144691304229,-1.027714469130423,15
1000000MOG,short,2025-09-15 15:40:00+00:00,2025-09-15 15:45:00+00:00,2025-09-15 16:35:00+00:00,89786,89787,89797,0.9679,0.9547148634113534,0.9744925682943233,0.9547148634113534,take_profit,1.3810549195320876,1.3010549195320875,11
1000000MOG,long,2025-09-17 14:45:00+00:00,2025-09-17 14:50:00+00:00,2025-09-17 15:50:00+00:00,90351,90352,90364,0.9088,0.9238238936889431,0.9014380531555285,0.9238238936889431,take_profit,1.653157316124898,1.5731573161248982,13
1000000MOG,short,2025-09-19 15:30:00+00:00,2025-09-19 15:35:00+00:00,2025-09-19 18:25:00+00:00,90936,90937,90971,0.9418,0.9261586097153296,0.9499206951423351,0.9261586097153296,take_profit,1.6888457463541728,1.608845746354173,35
1000000MOG,long,2025-09-20 14:30:00+00:00,2025-09-20 14:35:00+00:00,2025-09-20 16:25:00+00:00,91212,91213,91235,0.8987,0.8935881045680927,0.8935881045680927,0.9083237908638145,stop,-0.5688099957613657,-0.6488099957613658,23
1000000MOG,long,2025-09-20 16:50:00+00:00,2025-09-20 16:55:00+00:00,2025-09-20 17:15:00+00:00,91240,91241,91245,0.8976,0.8940568834755929,0.8940568834755929,0.9046862330488141,stop,-0.3947322331113057,-0.4747322331113057,5
1000000MOG,short,2025-09-20 18:30:00+00:00,2025-09-20 18:35:00+00:00,2025-09-21 00:00:00+00:00,91260,91261,91326,0.883,0.8896995599910057,0.8896995599910057,0.8681008800179885,stop,-0.7530137466937092,-0.8330137466937093,66
1000000MOG,short,2025-09-21 18:10:00+00:00,2025-09-21 18:15:00+00:00,2025-09-21 20:55:00+00:00,91544,91545,91577,0.8636,0.8713972135335663,0.8713972135335663,0.8480055729328676,stop,-0.8947944074721215,-0.9747944074721215,33
1000000MOG,short,2025-09-22 14:30:00+00:00,2025-09-22 14:35:00+00:00,2025-09-22 15:00:00+00:00,91788,91789,91794,0.7941,0.777216300726522,0.802541849636739,0.777216300726522,take_profit,2.1723295378256458,2.0923295378256457,6
1000000MOG,short,2025-09-23 14:05:00+00:00,2025-09-23 14:10:00+00:00,2025-09-23 14:30:00+00:00,92071,92072,92076,0.6673,0.6756461792076611,0.6756461792076611,0.6506076415846778,stop,-1.235288448970262,-1.315288448970262,5
1000000MOG,long,2025-09-24 18:35:00+00:00,2025-09-24 18:40:00+00:00,2025-09-24 19:40:00+00:00,92413,92414,92426,0.7105,0.7045997216929907,0.7045997216929907,0.7226005566140187,stop,-0.8304402965530366,-0.9104402965530367,13
1000000MOG,short,2025-09-25 15:25:00+00:00,2025-09-25 15:30:00+00:00,2025-09-25 16:15:00+00:00,92663,92664,92673,0.6669,0.6719167427515855,0.6719167427515855,0.657766514496829,stop,-0.7466316036479848,-0.8266316036479848,10
1000000MOG,short,2025-09-25 17:50:00+00:00,2025-09-25 17:55:00+00:00,2025-09-25 18:05:00+00:00,92692,92693,92695,0.6667,0.6729416080956188,0.6729416080956188,0.6548167838087626,stop,-0.9275110976243783,-1.0075110976243784,3
1000000MOG,short,2025-09-25 18:55:00+00:00,2025-09-25 19:00:00+00:00,2025-09-25 19:15:00+00:00,92705,92706,92709,0.6651,0.672574631430236,0.672574631430236,0.651050737139528,stop,-1.1113460248033835,-1.1913460248033836,4
1000000MOG,long,2025-09-26 14:05:00+00:00,2025-09-26 14:10:00+00:00,2025-09-26 15:00:00+00:00,92935,92936,92946,0.6373,0.6322841307781905,0.6322841307781905,0.6482317384436189,stop,-0.7870499328117897,-0.8670499328117898,11
1000000MOG,long,2025-09-26 15:15:00+00:00,2025-09-26 15:20:00+00:00,2025-09-26 16:30:00+00:00,92949,92950,92964,0.6382,0.6313141150528542,0.6313141150528542,0.6522717698942916,stop,-1.078954081345318,-1.158954081345318,15
1000000MOG,long,2025-09-26 16:55:00+00:00,2025-09-26 17:00:00+00:00,2025-09-26 18:25:00+00:00,92969,92970,92987,0.6373,0.6300164977838432,0.6300164977838432,0.6512670044323137,stop,-1.1428686985967107,-1.2228686985967108,18
1000000MOG,short,2025-09-27 14:05:00+00:00,2025-09-27 14:10:00+00:00,2025-09-27 14:35:00+00:00,93223,93224,93229,0.6462,0.6489727807474711,0.6489727807474711,0.6409544385050577,stop,-0.42725686341998914,-0.5072568634199892,6
1000000MOG,long,2025-09-27 15:25:00+00:00,2025-09-27 15:30:00+00:00,2025-09-27 16:25:00+00:00,93239,93240,93251,0.6503,0.6471819918862829,0.6471819918862829,0.6574360162274341,stop,-0.479472261066749,-0.5594722610667491,12
1000000MOG,short,2025-09-27 16:35:00+00:00,2025-09-27 16:40:00+00:00,2025-09-27 17:15:00+00:00,93253,93254,93261,0.6463,0.6492183777253397,0.6492183777253397,0.6401632445493205,stop,-0.44952173651719995,-0.5295217365172,8
1000000MOG,short,2025-09-28 15:25:00+00:00,2025-09-28 15:30:00+00:00,2025-09-28 16:15:00+00:00,93527,93528,93537,0.6293,0.634265567535115,0.634265567535115,0.6199688649297699,stop,-0.7828846132089784,-0.8628846132089785,10
1000000MOG,short,2025-09-28 17:20:00+00:00,2025-09-28 17:25:00+00:00,2025-09-28 21:40:00+00:00,93550,93551,93602,0.63,0.6234086937097275,0.6335956531451362,0.6234086937097275,take_profit,1.0573009899893293,0.9773009899893292,52
1000000MOG,short,2025-09-29 14:05:00+00:00,2025-09-29 14:10:00+00:00,2025-09-29 14:30:00+00:00,93799,93800,93804,0.6606,0.6630481059254288,0.6630481059254288,0.6551037881491423,stop,-0.3692199560712095,-0.4492199560712095,5
1000000MOG,long,2025-09-29 15:20:00+00:00,2025-09-29 15:25:00+00:00,2025-09-29 16:15:00+00:00,93814,93815,93825,0.6672,0.6642226732240625,0.6642226732240625,0.6758546535518751,stop,-0.446242022772414,-0.526242022772414,11
1000000MOG,long,2025-09-29 16:30:00+00:00,2025-09-29 16:35:00+00:00,2025-09-29 17:10:00+00:00,93828,93829,93836,0.6683,0.6798533490723414,0.6625233254638293,0.6798533490723414,take_profit,1.728766881990329,1.6487668819903292,8
1000000MOG,short,2025-09-30 14:15:00+00:00,2025-09-30 14:20:00+00:00,2025-09-30 15:30:00+00:00,94089,94090,94104,0.6846,0.6897917351222124,0.6897917351222124,0.6739165297555753,stop,-0.7526525555271446,-0.8326525555271447,15
1000000MOG,short,2025-09-30 15:55:00+00:00,2025-09-30 16:00:00+00:00,2025-09-30 22:05:00+00:00,94109,94110,94183,0.6859,0.6726003409795472,0.6929998295102264,0.6726003409795472,take_profit,1.977349431771569,1.8973494317715691,74
1000000MOG,long,2025-10-01 14:05:00+00:00,2025-10-01 14:10:00+00:00,2025-10-01 17:30:00+00:00,94375,94376,94416,0.6769,0.6898892940165116,0.6705553529917443,0.6898892940165116,take_profit,1.9189383980664276,1.8389383980664278,41
1000000MOG,long,2025-10-02 14:05:00+00:00,2025-10-02 14:10:00+00:00,2025-10-02 15:05:00+00:00,94663,94664,94675,0.8569,0.839585619228951,0.839585619228951,0.8918287615420979,stop,-2.0205835886391577,-2.1005835886391577,12
1000000MOG,long,2025-10-02 15:20:00+00:00,2025-10-02 15:25:00+00:00,2025-10-02 19:15:00+00:00,94678,94679,94725,0.8534,0.8369156172046243,0.8369156172046243,0.8866687655907516,stop,-1.9316127015907902,-2.0116127015907903,47
1000000MOG,short,2025-10-03 14:40:00+00:00,2025-10-03 14:45:00+00:00,2025-10-03 16:10:00+00:00,94958,94959,94976,0.8292,0.811043607075247,0.8382781964623766,0.811043607075247,take_profit,2.2386457110768587,2.1586457110768587,18
1000000MOG,long,2025-10-04 14:10:00+00:00,2025-10-04 14:15:00+00:00,2025-10-04 14:40:00+00:00,95240,95241,95246,0.8709,0.860288681724722,0.860288681724722,0.8921226365505561,stop,-1.2184313095967458,-1.298431309596746,6
1000000MOG,long,2025-10-04 15:00:00+00:00,2025-10-04 15:05:00+00:00,2025-10-04 17:15:00+00:00,95250,95251,95277,0.8746,0.8598491568397187,0.8598491568397187,0.9041016863205626,stop,-1.6865816556461577,-1.7665816556461575,27
1000000MOG,short,2025-10-04 18:45:00+00:00,2025-10-04 18:50:00+00:00,2025-10-04 22:05:00+00:00,95295,95296,95335,0.861,0.8736448107849362,0.8736448107849362,0.8357103784301276,stop,-1.4473628903690638,-1.527362890369064,40
1000000MOG,long,2025-10-05 14:55:00+00:00,2025-10-05 15:00:00+00:00,2025-10-05 15:15:00+00:00,95537,95538,95541,0.8962,0.9170217180193633,0.8856391409903184,0.9170217180193633,take_profit,2.3233338562110406,2.2433338562110405,4
1000000MOG,short,2025-10-05 19:05:00+00:00,2025-10-05 19:10:00+00:00,2025-10-06 01:50:00+00:00,95587,95588,95668,0.867,0.8372199989527989,0.8820400005236005,0.8372199989527989,take_profit,3.5570102344007815,3.4770102344007814,81
1000000MOG,short,2025-10-06 14:20:00+00:00,2025-10-06 14:25:00+00:00,2025-10-06 14:25:00+00:00,95818,95819,95819,0.8084,0.8131066918925746,0.8131066918925746,0.7989866162148509,stop,-0.5788529278512478,-0.6588529278512478,1
1000000MOG,short,2025-10-07 15:10:00+00:00,2025-10-07 15:15:00+00:00,2025-10-07 15:40:00+00:00,96116,96117,96122,0.857,0.8409018436869105,0.8651990781565447,0.8409018436869105,take_profit,1.9143918441785868,1.834391844178587,6
1000000MOG,short,2025-10-07 18:25:00+00:00,2025-10-07 18:30:00+00:00,2025-10-07 23:10:00+00:00,96155,96156,96212,0.8539,0.8283507778330418,0.8663746110834791,0.8283507778330418,take_profit,3.084348183241259,3.004348183241259,57
1000000MOG,short,2025-10-08 14:10:00+00:00,2025-10-08 14:15:00+00:00,2025-10-08 17:35:00+00:00,96392,96393,96433,0.7785,0.7846525117477678,0.7846525117477678,0.7658949765044643,stop,-0.7841065510723388,-0.8641065510723389,41
1000000MOG,long,2025-10-08 17:40:00+00:00,2025-10-08 17:45:00+00:00,2025-10-08 20:35:00+00:00,96434,96435,96469,0.7947,0.7816767951674932,0.7816767951674932,0.8216464096650137,stop,-1.6387573716505233,-1.7187573716505231,35
1000000MOG,short,2025-10-09 15:00:00+00:00,2025-10-09 15:05:00+00:00,2025-10-09 17:05:00+00:00,96690,96691,96715,0.7343,0.7232125438743593,0.7398437280628203,0.7232125438743593,take_profit,1.533084045561961,1.453084045561961,25
1000000MOG,long,2025-10-10 14:50:00+00:00,2025-10-10 14:55:00+00:00,2025-10-10 15:20:00+00:00,96976,96977,96982,0.7299,0.7226020929932605,0.7226020929932605,0.744495814013479,stop,-0.999850254382717,-1.079850254382717,6
1000000MOG,short,2025-10-11 14:25:00+00:00,2025-10-11 14:30:00+00:00,2025-10-11 15:10:00+00:00,97259,97260,97268,0.4477,0.46183264191128237,0.46183264191128237,0.42063471617743525,stop,-3.060121920528358,-3.140121920528358,9
1000000MOG,long,2025-10-12 14:45:00+00:00,2025-10-12 14:50:00+00:00,2025-10-12 18:00:00+00:00,97551,97552,97590,0.4527,0.44710703719800926,0.44710703719800926,0.46388592560398145,stop,-1.235467815769986,-1.3154678157699862,39
1000000MOG,short,2025-10-12 18:05:00+00:00,2025-10-12 18:10:00+00:00,2025-10-12 18:20:00+00:00,97591,97592,97594,0.4466,0.4514106712927575,0.4514106712927575,0.436378657414485,stop,-1.0656972904474427,-1.1456972904474427,3
1000000MOG,long,2025-10-12 18:45:00+00:00,2025-10-12 18:50:00+00:00,2025-10-12 19:00:00+00:00,97599,97600,97602,0.452,0.45846724245193915,0.44936637877403046,0.45846724245193915,take_profit,1.4308058521989242,1.3508058521989241,3
1000000MOG,long,2025-10-13 15:25:00+00:00,2025-10-13 15:30:00+00:00,2025-10-13 20:05:00+00:00,97847,97848,97903,0.5198,0.5117016190712993,0.5117016190712993,0.5365967618574015,stop,-1.5579801709697416,-1.6379801709697415,56
1000000MOG,short,2025-10-14 14:40:00+00:00,2025-10-14 14:45:00+00:00,2025-10-14 15:40:00+00:00,98126,98127,98138,0.4925,0.4798693167103787,0.4991153416448107,0.4798693167103787,take_profit,2.6321089617080906,2.5521089617080905,12
1000000MOG,short,2025-10-15 15:20:00+00:00,2025-10-15 15:25:00+00:00,2025-10-15 15:35:00+00:00,98422,98423,98425,0.4962,0.5013801366466542,0.5013801366466542,0.48463972670669175,stop,-1.033175482638804,-1.113175482638804,3
1000000MOG,long,2025-10-15 15:55:00+00:00,2025-10-15 16:00:00+00:00,2025-10-15 17:30:00+00:00,98429,98430,98448,0.5053,0.5176897027582898,0.499405148620855,0.5176897027582898,take_profit,2.4519498828992514,2.3719498828992513,19
1000000MOG,long,2025-10-15 18:30:00+00:00,2025-10-15 18:35:00+00:00,2025-10-15 19:25:00+00:00,98460,98461,98471,0.5054,0.49830060312578545,0.49830060312578545,0.519298793748429,stop,-1.4047085227966938,-1.4847085227966939,11
1000000MOG,long,2025-10-16 15:45:00+00:00,2025-10-16 15:50:00+00:00,2025-10-16 16:15:00+00:00,98715,98716,98721,0.4818,0.4784700619547614,0.4784700619547614,0.4881598760904773,stop,-0.6911452978909605,-0.7711452978909605,6
1000000MOG,short,2025-10-16 17:35:00+00:00,2025-10-16 17:40:00+00:00,2025-10-16 18:10:00+00:00,98737,98738,98744,0.4708,0.4761542367597796,0.4761542367597796,0.4600915264804408,stop,-1.1244752952772274,-1.2044752952772275,7
1000000MOG,short,2025-10-16 18:25:00+00:00,2025-10-16 18:30:00+00:00,2025-10-16 18:30:00+00:00,98747,98748,98748,0.4727,0.4621047021580682,0.4779976489209659,0.4621047021580682,take_profit,2.2928348905455476,2.2128348905455475,1
1000000MOG,long,2025-10-16 18:45:00+00:00,2025-10-16 18:50:00+00:00,2025-10-16 23:15:00+00:00,98751,98752,98805,0.486,0.47027014392878724,0.47027014392878724,0.5174597121424255,stop,-3.2365958994264865,-3.3165958994264866,54
1000000MOG,short,2025-10-17 14:15:00+00:00,2025-10-17 14:20:00+00:00,2025-10-17 15:30:00+00:00,98985,98986,99000,0.4506,0.44137924947163143,0.45536037526418427,0.44137924947163143,take_profit,2.0890765797002553,2.009076579700255,15
1000000MOG,long,2025-10-19 14:05:00+00:00,2025-10-19 14:10:00+00:00,2025-10-19 14:15:00+00:00,99559,99560,99561,0.4548,0.4526898126173942,0.4526898126173942,0.4596203747652116,stop,-0.46398139459229437,-0.5439813945922944,2
1000000MOG,short,2025-10-19 17:20:00+00:00,2025-10-19 17:25:00+00:00,2025-10-19 18:45:00+00:00,99598,99599,99615,0.4484,0.4560576648068311,0.4560576648068311,0.4327846703863378,stop,-1.6791001221467372,-1.759100122146737,17
1000000MOG,long,2025-10-19 19:10:00+00:00,2025-10-19 19:15:00+00:00,2025-10-19 19:25:00+00:00,99620,99621,99623,0.4545,0.46403157677537465,0.4498842116123127,0.46403157677537465,take_profit,2.0971566062430558,2.0171566062430557,3
1000000MOG,short,2025-10-21 14:40:00+00:00,2025-10-21 14:45:00+00:00,2025-10-21 15:50:00+00:00,100142,100143,100156,0.4393,0.444932763662152,0.444932763662152,0.42803447267569605,stop,-1.2659808677135453,-1.3459808677135454,14
1000000MOG,short,2025-10-22 14:20:00+00:00,2025-10-22 14:25:00+00:00,2025-10-22 21:15:00+00:00,100426,100427,100509,0.4457,0.45137124377125515,0.45137124377125515,0.4340575124574897,stop,-1.256447735542765,-1.336447735542765,83
1000000MOG,long,2025-10-23 14:15:00+00:00,2025-10-23 14:20:00+00:00,2025-10-23 15:00:00+00:00,100713,100714,100722,0.4427,0.4401444346683209,0.4401444346683209,0.4478111306633581,stop,-0.5772679764352917,-0.6572679764352918,9
1000000MOG,long,2025-10-23 15:15:00+00:00,2025-10-23 15:20:00+00:00,2025-10-23 20:45:00+00:00,100725,100726,100791,0.444,0.4389931234613953,0.4389931234613953,0.4540137530772094,stop,-1.1276748960821426,-1.2076748960821426,66
1000000MOG,long,2025-10-25 18:40:00+00:00,2025-10-25 18:45:00+00:00,2025-10-25 19:00:00+00:00,101342,101343,101346,0.4638,0.459326059781153,0.459326059781153,0.47364788043769407,stop,-0.9646270415797797,-1.0446270415797798,4
1000000MOG,long,2025-10-26 18:20:00+00:00,2025-10-26 18:25:00+00:00,2025-10-26 20:45:00+00:00,101626,101627,101655,0.462,0.4772715305640012,0.4542142347179994,0.4772715305640012,take_profit,3.30552609610415,3.22552609610415,29
1000000MOG,long,2025-10-27 14:10:00+00:00,2025-10-27 14:15:00+00:00,2025-10-27 15:00:00+00:00,101864,101865,101874,0.4873,0.4831682611711244,0.4831682611711244,0.49586347765775124,stop,-0.8478840198800852,-0.9278840198800853,10
1000000MOG,long,2025-10-27 15:25:00+00:00,2025-10-27 15:30:00+00:00,2025-10-27 15:35:00+00:00,101879,101880,101881,0.4855,0.4812959094760272,0.4812959094760272,0.49420818104794556,stop,-0.8659300770283873,-0.9459300770283874,2
1000000MOG,short,2025-10-27 16:10:00+00:00,2025-10-27 16:15:00+00:00,2025-10-27 17:10:00+00:00,101888,101889,101900,0.4799,0.47088406041251196,0.48395796979374406,0.47088406041251196,take_profit,1.9146835379370675,1.8346835379370676,12
1000000MOG,short,2025-10-28 14:30:00+00:00,2025-10-28 14:35:00+00:00,2025-10-28 15:50:00+00:00,102156,102157,102172,0.4529,0.4560040417879349,0.4560040417879349,0.44669191642413025,stop,-0.6807048849313491,-0.7607048849313491,16
1000000MOG,short,2025-10-28 16:50:00+00:00,2025-10-28 16:55:00+00:00,2025-10-28 17:20:00+00:00,102184,102185,102190,0.4532,0.45632374516417923,0.45632374516417923,0.44665250967164155,stop,-0.6845458289827411,-0.7645458289827411,6
1000000MOG,long,2025-10-29 14:20:00+00:00,2025-10-29 14:25:00+00:00,2025-10-29 14:40:00+00:00,102442,102443,102446,0.4559,0.4528035812101666,0.4528035812101666,0.4623928375796668,stop,-0.6791881530672117,-0.7591881530672118,4
1000000MOG,long,2025-10-29 15:45:00+00:00,2025-10-29 15:50:00+00:00,2025-10-29 16:40:00+00:00,102459,102460,102470,0.4542,0.45163234983109884,0.45163234983109884,0.4605353003378023,stop,-0.5653126747910964,-0.6453126747910964,11
1000000MOG,short,2025-10-29 17:10:00+00:00,2025-10-29 17:15:00+00:00,2025-10-29 19:20:00+00:00,102476,102477,102502,0.4495,0.45197627911132554,0.45197627911132554,0.4433474417773489,stop,-0.5478781134696686,-0.6278781134696687,26
1000000MOG,short,2025-10-30 19:45:00+00:00,2025-10-30 19:50:00+00:00,2025-10-30 22:15:00+00:00,102795,102796,102825,0.427,0.4144321906209464,0.43373390468952683,0.4144321906209464,take_profit,3.032536965872068,2.952536965872068,30
1000000MOG,short,2025-10-31 14:25:00+00:00,2025-10-31 14:30:00+00:00,2025-10-31 17:50:00+00:00,103019,103020,103060,0.3926,0.396249705024656,0.396249705024656,0.385300589950688,stop,-0.9210618906148826,-1.0010618906148827,41
1000000MOG,long,2025-10-31 17:55:00+00:00,2025-10-31 18:00:00+00:00,2025-10-31 18:25:00+00:00,103061,103062,103067,0.3984,0.3956960133850057,0.3956960133850057,0.40410797322998865,stop,-0.678711499747553,-0.758711499747553,6
1000000MOG,short,2025-10-31 19:55:00+00:00,2025-10-31 20:00:00+00:00,2025-10-31 20:40:00+00:00,103085,103086,103094,0.393,0.396963213929545,0.396963213929545,0.3847735721409101,stop,-0.9983831726655623,-1.0783831726655624,9
1000000MOG,long,2025-11-01 16:20:00+00:00,2025-11-01 16:25:00+00:00,2025-11-01 16:45:00+00:00,103330,103331,103335,0.4098,0.4069045099884725,0.4069045099884725,0.41529098002305503,stop,-0.706561740245848,-0.786561740245848,5
1000000MOG,long,2025-11-01 16:50:00+00:00,2025-11-01 16:55:00+00:00,2025-11-01 17:25:00+00:00,103336,103337,103343,0.4097,0.41467669570795634,0.40706165214602186,0.41467669570795634,take_profit,1.2147170387982298,1.1347170387982297,7
1000000MOG,short,2025-11-02 15:20:00+00:00,2025-11-02 15:25:00+00:00,2025-11-02 15:40:00+00:00,103606,103607,103610,0.4718,0.47959903524088615,0.47959903524088615,0.45650192951822766,stop,-1.6261574081292696,-1.7061574081292694,4
1000000MOG,short,2025-11-02 16:00:00+00:00,2025-11-02 16:05:00+00:00,2025-11-02 22:20:00+00:00,103614,103615,103690,0.468,0.4466321870712499,0.47883390646437507,0.4466321870712499,take_profit,4.78420802335533,4.70420802335533,76
1000000MOG,short,2025-11-03 15:40:00+00:00,2025-11-03 15:45:00+00:00,2025-11-03 15:50:00+00:00,103898,103899,103900,0.4014,0.40439653389499125,0.40439653389499125,0.39510693221001747,stop,-0.7409890154422949,-0.820989015442295,2
1000000MOG,short,2025-11-03 19:50:00+00:00,2025-11-03 19:55:00+00:00,2025-11-03 20:15:00+00:00,103948,103949,103953,0.4003,0.40556940243635264,0.40556940243635264,0.39006119512729465,stop,-1.2992603496955413,-1.3792603496955413,5
1000000MOG,short,2025-11-04 15:35:00+00:00,2025-11-04 15:40:00+00:00,2025-11-05 00:00:00+00:00,104185,104186,104286,0.3619,0.3730030961008891,0.3730030961008891,0.33999380779822175,stop,-2.976676659511146,-3.056676659511146,101
1000000MOG,short,2025-11-05 15:05:00+00:00,2025-11-05 15:10:00+00:00,2025-11-05 20:25:00+00:00,104467,104468,104531,0.3253,0.32896743718849736,0.32896743718849736,0.31766512562300525,stop,-1.1148328904042715,-1.1948328904042715,64
1000000MOG,long,2025-11-05 20:35:00+00:00,2025-11-05 20:40:00+00:00,2025-11-05 21:25:00+00:00,104533,104534,104543,0.3289,0.33386197310109106,0.3265690134494545,0.33386197310109106,take_profit,1.5086570693496615,1.4286570693496614,10
1000000MOG,short,2025-11-08 15:10:00+00:00,2025-11-08 15:15:00+00:00,2025-11-08 15:35:00+00:00,105332,105333,105337,0.3694,0.37592465995360685,0.37592465995360685,0.35605068009278634,stop,-1.7356296749492461,-1.815629674949246,5
1000000MOG,short,2025-11-08 16:20:00+00:00,2025-11-08 16:25:00+00:00,2025-11-09 16:55:00+00:00,105346,105347,105641,0.367,0.3753673841597314,0.3753673841597314,0.35026523168053714,stop,-2.2291185949631753,-2.3091185949631754,295
1000000MOG,long,2025-11-09 19:25:00+00:00,2025-11-09 19:30:00+00:00,2025-11-09 20:15:00+00:00,105671,105672,105681,0.3643,0.37378896357030417,0.3600055182148479,0.37378896357030417,take_profit,2.6047113835586444,2.5247113835586443,10
1000000MOG,short,2025-11-10 16:30:00+00:00,2025-11-10 16:35:00+00:00,2025-11-10 17:40:00+00:00,105924,105925,105938,0.3852,0.37897207166385294,0.3884639641680735,0.37897207166385294,take_profit,1.6433739586148688,1.563373958614869,14
1000000MOG,short,2025-11-10 18:40:00+00:00,2025-11-10 18:45:00+00:00,2025-11-10 18:50:00+00:00,105950,105951,105952,0.3841,0.3880773163412744,0.3880773163412744,0.3761453673174512,stop,-1.0248773050617443,-1.1048773050617444,2
1000000MOG,short,2025-11-10 19:05:00+00:00,2025-11-10 19:10:00+00:00,2025-11-10 21:45:00+00:00,105955,105956,105987,0.3853,0.377179271968894,0.389210364015553,0.377179271968894,take_profit,2.1530154583297767,2.0730154583297766,32
1000000MOG,short,2025-11-11 15:05:00+00:00,2025-11-11 15:10:00+00:00,2025-11-11 15:25:00+00:00,106195,106196,106199,0.3703,0.3748875572400732,0.3748875572400732,0.3614248855198536,stop,-1.2237155252222465,-1.3037155252222465,4
1000000MOG,short,2025-11-11 15:45:00+00:00,2025-11-11 15:50:00+00:00,2025-11-11 17:35:00+00:00,106203,106204,106225,0.3707,0.36377915029507624,0.3743104248524619,0.36377915029507624,take_profit,1.9024866321530443,1.8224866321530444,22
1000000MOG,short,2025-11-11 18:10:00+00:00,2025-11-11 18:15:00+00:00,2025-11-11 19:30:00+00:00,106232,106233,106248,0.3705,0.3632219262488349,0.37413903687558253,0.3632219262488349,take_profit,2.003753965606969,1.9237539656069693,16
1000000MOG,long,2025-11-12 15:15:00+00:00,2025-11-12 15:20:00+00:00,2025-11-12 16:20:00+00:00,106485,106486,106498,0.3736,0.37029646926065074,0.37029646926065074,0.3808070614786986,stop,-0.8842427032519362,-0.9642427032519363,13
1000000MOG,long,2025-11-12 17:30:00+00:00,2025-11-12 17:35:00+00:00,2025-11-12 20:15:00+00:00,106512,106513,106545,0.3755,0.38496427394618765,0.3706178630269062,0.38496427394618765,take_profit,2.520445791261694,2.440445791261694,33
1000000MOG,long,2025-11-20 15:05:00+00:00,2025-11-20 15:10:00+00:00,2025-11-20 15:50:00+00:00,107045,107046,107054,0.3506,0.3470863088797465,0.3470863088797465,0.3573273822405069,stop,-1.0021937022970717,-1.0821937022970718,9
1000000MOG,long,2025-11-20 16:10:00+00:00,2025-11-20 16:15:00+00:00,2025-11-20 19:05:00+00:00,107058,107059,107093,0.35,0.34718060704091275,0.34718060704091275,0.35533878591817447,stop,-0.8055408454534896,-0.8855408454534897,35
1000000MOG,long,2025-11-20 19:25:00+00:00,2025-11-20 19:30:00+00:00,2025-11-20 21:50:00+00:00,107097,107098,107126,0.3503,0.3559991100888871,0.3476004449555564,0.3559991100888871,take_profit,1.6269226631136613,1.5469226631136612,29
1000000MOG,short,2025-11-21 16:15:00+00:00,2025-11-21 16:20:00+00:00,2025-11-21 16:30:00+00:00,107347,107348,107350,0.3144,0.3070148175881735,0.31809259120591327,0.3070148175881735,take_profit,2.405480774459856,2.325480774459856,3
1000000MOG,long,2025-11-23 17:15:00+00:00,2025-11-23 17:20:00+00:00,2025-11-23 20:05:00+00:00,107935,107936,107969,0.2707,0.2679128739330553,0.2679128739330553,0.27657425213388936,stop,-1.029599581435059,-1.109599581435059,34
1000000MOG,long,2025-11-23 20:30:00+00:00,2025-11-23 20:35:00+00:00,2025-11-23 21:35:00+00:00,107974,107975,107987,0.2703,0.27692201395522253,0.2671389930223887,0.27692201395522253,take_profit,2.44987567710786,2.36987567710786,13
1000000MOG,short,2025-11-24 15:05:00+00:00,2025-11-24 15:10:00+00:00,2025-11-24 17:00:00+00:00,108197,108198,108220,0.2707,0.2622107813867199,0.27479460930664007,0.2622107813867199,take_profit,3.2375551334633546,3.1575551334633545,23
1000000MOG,long,2025-11-25 16:05:00+00:00,2025-11-25 16:10:00+00:00,2025-11-25 16:55:00+00:00,108497,108498,108507,0.2668,0.2634819772612777,0.2634819772612777,0.2731360454774446,stop,-1.2436367086665179,-1.323636708666518,10
1000000MOG,short,2025-11-25 17:55:00+00:00,2025-11-25 18:00:00+00:00,2025-11-25 22:00:00+00:00,108519,108520,108568,0.263,0.2661318764232392,0.2661318764232392,0.25643624715352165,stop,-1.176813715565006,-1.256813715565006,49
1000000MOG,long,2025-11-26 16:10:00+00:00,2025-11-26 16:15:00+00:00,2025-11-26 17:15:00+00:00,108786,108787,108799,0.275,0.2698783417912797,0.2698783417912797,0.2852433164174407,stop,-1.8624211668074042,-1.942421166807404,13
1000000MOG,short,2025-11-26 18:25:00+00:00,2025-11-26 18:30:00+00:00,2025-11-26 19:00:00+00:00,108813,108814,108820,0.2674,0.26941592421621735,0.26941592421621735,0.2642681515675653,stop,-0.7482572613634608,-0.8282572613634609,7
1000000MOG,long,2025-11-27 17:25:00+00:00,2025-11-27 17:30:00+00:00,2025-11-27 18:20:00+00:00,109089,109090,109100,0.3088,0.31718937993384705,0.30490531003307647,0.31718937993384705,take_profit,2.7167681132924226,2.6367681132924226,11
1000000MOG,short,2025-11-28 15:10:00+00:00,2025-11-28 15:15:00+00:00,2025-11-28 17:10:00+00:00,109350,109351,109374,0.2952,0.29817194841134903,0.29817194841134903,0.289256103177302,stop,-0.9967230073732458,-1.0767230073732459,24
1000000MOG,short,2025-11-28 20:15:00+00:00,2025-11-28 20:20:00+00:00,2025-11-28 22:45:00+00:00,109411,109412,109441,0.2952,0.2979681429622946,0.2979681429622946,0.2890637140754107,stop,-0.9290063477171429,-1.009006347717143,30
1000000MOG,short,2025-11-29 15:20:00+00:00,2025-11-29 15:25:00+00:00,2025-11-29 16:15:00+00:00,109640,109641,109651,0.2883,0.2914179529374781,0.2914179529374781,0.2817640941250439,stop,-1.0699247956583502,-1.1499247956583503,11
1000000MOG,short,2025-11-29 16:50:00+00:00,2025-11-29 16:55:00+00:00,2025-11-29 17:15:00+00:00,109658,109659,109663,0.2891,0.29122648359928266,0.29122648359928266,0.28484703280143475,stop,-0.7301820813139348,-0.8101820813139349,5
1000000MOG,short,2025-11-29 17:25:00+00:00,2025-11-29 17:30:00+00:00,2025-11-29 20:35:00+00:00,109665,109666,109703,0.2885,0.291818066200321,0.291818066200321,0.2815638675993579,stop,-1.1370324817529753,-1.2170324817529754,38
1000000MOG,short,2025-12-02 15:05:00+00:00,2025-12-02 15:10:00+00:00,2025-12-02 15:30:00+00:00,110501,110502,110506,0.2676,0.2700112870903126,0.2700112870903126,0.2624774258193749,stop,-0.8930319603661863,-0.9730319603661863,5
1000000MOG,long,2025-12-02 15:40:00+00:00,2025-12-02 15:45:00+00:00,2025-12-02 17:00:00+00:00,110508,110509,110524,0.2733,0.26972823098852344,0.26972823098852344,0.2801435380229531,stop,-1.3069041388498182,-1.3869041388498182,16
1000000MOG,short,2025-12-02 17:25:00+00:00,2025-12-02 17:30:00+00:00,2025-12-02 18:00:00+00:00,110529,110530,110536,0.2678,0.27063904154436447,0.27063904154436447,0.26182191691127105,stop,-1.049014040311358,-1.129014040311358,7
1000000MOG,short,2025-12-03 15:40:00+00:00,2025-12-03 15:45:00+00:00,2025-12-04 06:55:00+00:00,110796,110797,110979,0.3021,0.308877101619029,0.308877101619029,0.288545796761942,stop,-2.1941094317143417,-2.2741094317143418,183
1000000MOG,short,2025-12-05 18:15:00+00:00,2025-12-05 18:20:00+00:00,2025-12-06 00:05:00+00:00,111403,111404,111473,0.2909,0.29561877926571495,0.29561877926571495,0.28086244146857015,stop,-1.5962379918609715,-1.6762379918609713,70
1000000MOG,short,2025-12-06 15:55:00+00:00,2025-12-06 16:00:00+00:00,2025-12-06 18:10:00+00:00,111663,111664,111690,0.2862,0.28766836852442323,0.28766836852442323,0.28326326295115356,stop,-0.510437950461895,-0.5904379504618951,27
1000000MOG,short,2025-12-06 19:20:00+00:00,2025-12-06 19:25:00+00:00,2025-12-06 20:20:00+00:00,111704,111705,111716,0.2864,0.288638506104661,0.288638506104661,0.2822229877906779,stop,-0.775539665469771,-0.8555396654697711,12
1000000MOG,long,2025-12-06 20:35:00+00:00,2025-12-06 20:40:00+00:00,2025-12-06 21:00:00+00:00,111719,111720,111724,0.2899,0.2882329089808693,0.2882329089808693,0.2932341820382614,stop,-0.5750572677235999,-0.6550572677236,5
1000000MOG,long,2025-12-07 16:00:00+00:00,2025-12-07 16:05:00+00:00,2025-12-07 16:10:00+00:00,111952,111953,111954,0.293,0.29152964540261617,0.29152964540261617,0.29624070919476775,stop,-0.5018275076395295,-0.5818275076395296,2
1000000MOG,long,2025-12-08 15:30:00+00:00,2025-12-08 15:35:00+00:00,2025-12-08 16:00:00+00:00,112234,112235,112240,0.2951,0.2928094543117362,0.2928094543117362,0.29908109137652755,stop,-0.77619304922526,-0.8561930492252601,6
1000000MOG,long,2025-12-08 18:00:00+00:00,2025-12-08 18:05:00+00:00,2025-12-09 00:20:00+00:00,112264,112265,112340,0.2947,0.2912815562804329,0.2912815562804329,0.30273688743913413,stop,-1.1599741159033283,-1.2399741159033284,76
1000000MOG,short,2025-12-09 15:25:00+00:00,2025-12-09 15:30:00+00:00,2025-12-09 15:45:00+00:00,112521,112522,112525,0.2826,0.2838668231532866,0.2838668231532866,0.28006635369342686,stop,-0.44627376289144705,-0.5262737628914471,4
1000000MOG,short,2025-12-10 15:15:00+00:00,2025-12-10 15:20:00+00:00,2025-12-10 19:00:00+00:00,112807,112808,112852,0.2928,0.2945843540835852,0.2945843540835852,0.28923129183282964,stop,-0.6057192307908132,-0.6857192307908133,45
1000000MOG,short,2025-12-10 19:05:00+00:00,2025-12-10 19:10:00+00:00,2025-12-11 03:20:00+00:00,112853,112854,112952,0.2925,0.28512996419571746,0.29603501790214126,0.28512996419571746,take_profit,2.5847987688953022,2.504798768895302,99
1000000MOG,short,2025-12-11 15:15:00+00:00,2025-12-11 15:20:00+00:00,2025-12-11 20:40:00+00:00,113095,113096,113160,0.2741,0.2755145052300758,0.2755145052300758,0.27097098953984844,stop,-0.5134049943739227,-0.5934049943739228,65
1000000MOG,short,2025-12-11 20:55:00+00:00,2025-12-11 21:00:00+00:00,2025-12-11 21:20:00+00:00,113163,113164,113168,0.2743,0.27564797976221794,0.27564797976221794,0.2716040404755641,stop,-0.489022180892007,-0.5690221808920071,5
1000000MOG,long,2025-12-12 15:05:00+00:00,2025-12-12 15:10:00+00:00,2025-12-12 16:10:00+00:00,113381,113382,113394,0.2847,0.282760284835254,0.282760284835254,0.288579430329492,stop,-0.6813189900758743,-0.7613189900758743,13
1000000MOG,short,2025-12-14 15:25:00+00:00,2025-12-14 15:30:00+00:00,2025-12-14 15:40:00+00:00,113961,113962,113964,0.2618,0.2629867596662183,0.2629867596662183,0.2594264806675633,stop,-0.4512621349168189,-0.531262134916819,3
1000000MOG,short,2025-12-14 19:10:00+00:00,2025-12-14 19:15:00+00:00,2025-12-14 20:40:00+00:00,114006,114007,114024,0.2609,0.25411622405616063,0.2642918879719197,0.25411622405616063,take_profit,2.66955640830715,2.58955640830715,18
1000000MOG,long,2025-12-15 15:20:00+00:00,2025-12-15 15:25:00+00:00,2025-12-15 16:10:00+00:00,114248,114249,114258,0.2578,0.25637682034117754,0.25637682034117754,0.260946359317645,stop,-0.5520479669598233,-0.6320479669598233,10
1000000MOG,long,2025-12-15 16:55:00+00:00,2025-12-15 17:00:00+00:00,2025-12-15 20:35:00+00:00,114267,114268,114311,0.2583,0.2563906441326453,0.2563906441326453,0.2618187117347094,stop,-0.7392008777989512,-0.8192008777989512,44
1000000MOG,long,2025-12-16 15:05:00+00:00,2025-12-16 15:10:00+00:00,2025-12-16 16:35:00+00:00,114533,114534,114551,0.2437,0.24176254837213032,0.24176254837213032,0.24697490325573934,stop,-0.7950150299013914,-0.8750150299013915,18
1000000MOG,short,2025-12-16 16:40:00+00:00,2025-12-16 16:45:00+00:00,2025-12-16 19:10:00+00:00,114552,114553,114582,0.2403,0.24242533174507805,0.24242533174507805,0.2363493365098439,stop,-0.8766954054590825,-0.9566954054590826,30
1000000MOG,long,2025-12-16 19:35:00+00:00,2025-12-16 19:40:00+00:00,2025-12-16 22:30:00+00:00,114587,114588,114622,0.2442,0.242208934974994,0.242208934974994,0.24818213005001202,stop,-0.8153419430819042,-0.8953419430819043,35
1000000MOG,short,2025-12-17 19:00:00+00:00,2025-12-17 19:05:00+00:00,2025-12-17 19:20:00+00:00,114868,114869,114872,0.2374,0.23910267334008042,0.23910267334008042,0.23459465331983917,stop,-0.7121097042937174,-0.7921097042937175,4
1000000MOG,short,2025-12-17 19:55:00+00:00,2025-12-17 20:00:00+00:00,2025-12-17 20:10:00+00:00,114879,114880,114882,0.238,0.23921306094031777,0.23921306094031777,0.23587387811936447,stop,-0.5071048108950982,-0.5871048108950983,3
1000000MOG,long,2025-12-19 15:55:00+00:00,2025-12-19 16:00:00+00:00,2025-12-19 16:10:00+00:00,115407,115408,115410,0.2196,0.22342100796707487,0.21783949601646257,0.22342100796707487,take_profit,1.7399854130577763,1.6599854130577765,3
1000000MOG,short,2025-12-20 15:35:00+00:00,2025-12-20 15:40:00+00:00,2025-12-20 16:05:00+00:00,115691,115692,115697,0.2215,0.22257507681302446,0.22257507681302446,0.21934984637395108,stop,-0.48301760844839947,-0.5630176084483995,6
1000000MOG,short,2025-12-20 19:30:00+00:00,2025-12-20 19:35:00+00:00,2025-12-20 21:00:00+00:00,115738,115739,115756,0.2216,0.22327090694137217,0.22327090694137217,0.21795818611725568,stop,-0.7483764742402976,-0.8283764742402977,18
1000000MOG,short,2025-12-24 17:20:00+00:00,2025-12-24 17:25:00+00:00,2025-12-24 19:10:00+00:00,116864,116865,116886,0.2044,0.20685766922481894,0.20685766922481894,0.19918466155036216,stop,-1.1880967401541542,-1.2680967401541543,22
1000000MOG,long,2025-12-25 15:10:00+00:00,2025-12-25 15:15:00+00:00,2025-12-25 15:50:00+00:00,117126,117127,117134,0.214,0.21586359299453964,0.21306820350273017,0.21586359299453964,take_profit,0.8708378479157286,0.7908378479157285,8
1000000MOG,long,2025-12-25 19:45:00+00:00,2025-12-25 19:50:00+00:00,2025-12-25 20:25:00+00:00,117181,117182,117189,0.2141,0.2133025582127397,0.2133025582127397,0.2153948835745206,stop,-0.3724623013826811,-0.4524623013826811,8
1000000MOG,long,2025-12-26 16:20:00+00:00,2025-12-26 16:25:00+00:00,2025-12-26 16:35:00+00:00,117428,117429,117431,0.2174,0.21548976495784286,0.21548976495784286,0.22182047008431424,stop,-0.8786729724733933,-0.9586729724733933,3
1000000MOG,long,2025-12-27 16:20:00+00:00,2025-12-27 16:25:00+00:00,2025-12-27 16:50:00+00:00,117716,117717,117722,0.2183,0.2173329257222671,0.2173329257222671,0.2202341485554658,stop,-0.4430024176513503,-0.5230024176513504,6
1000000MOG,long,2025-12-27 20:50:00+00:00,2025-12-27 20:55:00+00:00,2025-12-27 23:25:00+00:00,117770,117771,117801,0.219,0.21690866624508398,0.21690866624508398,0.22378266750983206,stop,-0.9549469200529792,-1.0349469200529793,31
1000000MOG,short,2025-12-28 17:20:00+00:00,2025-12-28 17:25:00+00:00,2025-12-28 20:10:00+00:00,118016,118017,118050,0.235,0.2369124020817389,0.2369124020817389,0.23087519583652222,stop,-0.8072190670200041,-0.8872190670200042,34
1000000MOG,short,2025-12-28 20:20:00+00:00,2025-12-28 20:25:00+00:00,2025-12-28 22:20:00+00:00,118052,118053,118076,0.2353,0.23150236934440047,0.23689881532779977,0.23150236934440047,take_profit,1.6404284182292228,1.5604284182292227,24
1000000MOG,short,2025-12-31 15:40:00+00:00,2025-12-31 15:45:00+00:00,2025-12-31 16:40:00+00:00,118860,118861,118872,0.2276,0.22845719271574083,0.22845719271574083,0.22588561456851833,stop,-0.37520933595966977,-0.4552093359596698,12
1000000MOG,long,2025-12-31 17:00:00+00:00,2025-12-31 17:05:00+00:00,2025-12-31 18:25:00+00:00,118876,118877,118893,0.2289,0.22748743066007276,0.22748743066007276,0.2320251386798545,stop,-0.6171119877357967,-0.6971119877357967,17
1000000MOG,long,2025-12-31 19:00:00+00:00,2025-12-31 19:05:00+00:00,2025-12-31 19:25:00+00:00,118900,118901,118905,0.2289,0.22728543649034938,0.22728543649034938,0.23242912701930127,stop,-0.7053575839452209,-0.7853575839452209,5
1000000MOG,long,2026-01-02 15:50:00+00:00,2026-01-02 15:55:00+00:00,2026-01-02 17:20:00+00:00,119438,119439,119456,0.2633,0.26891558681609246,0.2606422065919538,0.26891558681609246,take_profit,2.1327712936165977,2.0527712936165976,18
1000000MOG,long,2026-01-03 15:10:00+00:00,2026-01-03 15:15:00+00:00,2026-01-03 15:20:00+00:00,119718,119719,119720,0.301,0.2954504868921172,0.2954504868921172,0.3120990262157655,stop,-1.8436920624195219,-1.9236920624195217,2
1000000MOG,short,2026-01-04 15:25:00+00:00,2026-01-04 15:30:00+00:00,2026-01-04 15:45:00+00:00,120009,120010,120013,0.325,0.32800493749872683,0.32800493749872683,0.31899012500254637,stop,-0.916125690558689,-0.996125690558689,4
1000000MOG,long,2026-01-04 16:00:00+00:00,2026-01-04 16:05:00+00:00,2026-01-04 19:15:00+00:00,120016,120017,120055,0.3307,0.3399238509275394,0.32623807453623027,0.3399238509275394,take_profit,2.789189878300391,2.709189878300391,39
1000000MOG,short,2026-01-05 15:10:00+00:00,2026-01-05 15:15:00+00:00,2026-01-05 16:35:00+00:00,120294,120295,120311,0.3273,0.3316620805427563,0.3316620805427563,0.3185758389144873,stop,-1.3152183498390535,-1.3952183498390536,17
1000000MOG,short,2026-01-05 16:45:00+00:00,2026-01-05 16:50:00+00:00,2026-01-05 19:05:00+00:00,120313,120314,120341,0.3284,0.3207300950616564,0.3323849524691718,0.3207300950616564,take_profit,2.3913892261557823,2.3113892261557822,28
1000000MOG,short,2026-01-06 15:15:00+00:00,2026-01-06 15:20:00+00:00,2026-01-06 20:10:00+00:00,120583,120584,120642,0.334,0.33945475461950236,0.33945475461950236,0.32309049076099533,stop,-1.6069165463941215,-1.6869165463941214,59
1000000MOG,short,2026-01-07 18:35:00+00:00,2026-01-07 18:40:00+00:00,2026-01-07 19:30:00+00:00,120911,120912,120922,0.3264,0.3294018856849617,0.3294018856849617,0.32039622863007666,stop,-0.9113140559956157,-0.9913140559956157,11
1000000MOG,short,2026-01-08 15:05:00+00:00,2026-01-08 15:10:00+00:00,2026-01-08 15:55:00+00:00,121157,121158,121167,0.3248,0.32001609007072696,0.3271919549646365,0.32001609007072696,take_profit,1.4948966872933678,1.4148966872933677,10
1000000MOG,long,2026-01-09 15:45:00+00:00,2026-01-09 15:50:00+00:00,2026-01-09 16:30:00+00:00,121453,121454,121462,0.316,0.3133190537898843,0.3133190537898843,0.3210618924202315,stop,-0.8484006994037063,-0.9284006994037064,9
1000000MOG,short,2026-01-09 17:35:00+00:00,2026-01-09 17:40:00+00:00,2026-01-09 22:30:00+00:00,121475,121476,121534,0.3111,0.3144274905743357,0.3144274905743357,0.30414501885132855,stop,-1.058269608760265,-1.138269608760265,59
1000000MOG,short,2026-01-10 15:15:00+00:00,2026-01-10 15:20:00+00:00,2026-01-10 15:40:00+00:00,121735,121736,121740,0.3078,0.31025408262704035,0.31025408262704035,0.30289183474591935,stop,-0.7909912437769284,-0.8709912437769285,5
1000000MOG,short,2026-01-10 17:30:00+00:00,2026-01-10 17:35:00+00:00,2026-01-10 17:45:00+00:00,121762,121763,121765,0.3078,0.3093513808834377,0.3093513808834377,0.3049972382331246,stop,-0.5014947335962416,-0.5814947335962417,3
1000000MOG,long,2026-01-11 18:05:00+00:00,2026-01-11 18:10:00+00:00,2026-01-11 20:05:00+00:00,122057,122058,122081,0.3356,0.3411913371804277,0.33280433140978616,0.3411913371804277,take_profit,1.666071865443297,1.5860718654432973,24
