symbol,side,signal_time,entry_time,exit_time,signal_i,entry_i,exit_i,entry_price,exit_price,stop_loss,take_profit,exit_reason,gross_return_pct,net_return_pct,bars_held
1INCH,short,2020-12-26 15:30:00+00:00,2020-12-26 15:35:00+00:00,2020-12-26 15:40:00+00:00,246,247,248,1.9007,1.969613008507919,1.969613008507919,1.761973982984162,stop,-3.4988095737712555,-3.5788095737712555,2
1INCH,short,2020-12-26 15:45:00+00:00,2020-12-26 15:50:00+00:00,2020-12-26 17:50:00+00:00,249,250,274,1.9133,1.7505651022653803,1.9973674488673099,1.7505651022653803,take_profit,9.296135146532226,9.216135146532226,25
1INCH,short,2020-12-27 15:50:00+00:00,2020-12-27 15:55:00+00:00,2020-12-27 17:20:00+00:00,538,539,556,1.4243,1.3135971812007163,1.4792014093996417,1.3135971812007163,take_profit,8.427455568844454,8.347455568844456,18
1INCH,short,2020-12-28 15:30:00+00:00,2020-12-28 15:35:00+00:00,2020-12-28 15:45:00+00:00,822,823,825,1.1439,1.1786285085588408,1.1786285085588408,1.0741429828823181,stop,-2.9465186279351907,-3.0265186279351908,3
1INCH,short,2020-12-28 16:15:00+00:00,2020-12-28 16:20:00+00:00,2020-12-28 16:45:00+00:00,831,832,837,1.145,1.190430544035225,1.190430544035225,1.0541389119295501,stop,-3.81631202785071,-3.89631202785071,6
1INCH,long,2020-12-28 17:00:00+00:00,2020-12-28 17:05:00+00:00,2020-12-28 19:35:00+00:00,840,841,871,1.2358,1.17355363684094,1.17355363684094,1.36029272631812,stop,-5.036928561179799,-5.116928561179799,31
1INCH,short,2020-12-29 15:15:00+00:00,2020-12-29 15:20:00+00:00,2020-12-29 16:10:00+00:00,1107,1108,1118,0.9128,0.8726848294646032,0.9330075852676984,0.8726848294646032,take_profit,4.5967535106583135,4.516753510658313,11
1INCH,short,2020-12-29 18:05:00+00:00,2020-12-29 18:10:00+00:00,2020-12-29 18:45:00+00:00,1141,1142,1149,0.9077,0.944485823016026,0.944485823016026,0.8341283539679478,stop,-3.894798854529957,-3.9747988545299573,8
1INCH,short,2020-12-29 20:20:00+00:00,2020-12-29 20:25:00+00:00,2020-12-29 22:10:00+00:00,1168,1169,1190,0.9136,0.8477320189280436,0.9472839905359782,0.8477320189280436,take_profit,7.769906008180083,7.689906008180084,22
1INCH,short,2020-12-30 15:45:00+00:00,2020-12-30 15:50:00+00:00,2020-12-30 16:15:00+00:00,1401,1402,1407,0.8806,0.907103760937636,0.907103760937636,0.8269924781247279,stop,-2.921800358344906,-3.001800358344906,6
1INCH,short,2020-12-30 17:30:00+00:00,2020-12-30 17:35:00+00:00,2020-12-30 18:05:00+00:00,1422,1423,1429,0.8868,0.9181846372332574,0.9181846372332574,0.8204307255334854,stop,-3.418118313090912,-3.498118313090912,7
1INCH,long,2020-12-30 18:30:00+00:00,2020-12-30 18:35:00+00:00,2020-12-30 22:15:00+00:00,1434,1435,1479,0.9594,1.0233750891853024,0.9259124554073489,1.0233750891853024,take_profit,6.668239439785539,6.58823943978554,45
1INCH,long,2020-12-31 15:20:00+00:00,2020-12-31 15:25:00+00:00,2020-12-31 17:15:00+00:00,1684,1685,1707,1.2835,1.2361802913853257,1.2361802913853257,1.3796394172293487,stop,-3.686771220465479,-3.766771220465479,23
1INCH,long,2020-12-31 17:30:00+00:00,2020-12-31 17:35:00+00:00,2020-12-31 18:15:00+00:00,1710,1711,1719,1.3015,1.2352016657745997,1.2352016657745997,1.434096668450801,stop,-5.0939941779024505,-5.1739941779024505,9
1INCH,long,2020-12-31 20:45:00+00:00,2020-12-31 20:50:00+00:00,2020-12-31 22:00:00+00:00,1749,1750,1764,1.2888,1.2426614571818473,1.2426614571818473,1.3816770856363052,stop,-3.5799614228858356,-3.6599614228858357,15
1INCH,short,2021-01-01 18:00:00+00:00,2021-01-01 18:05:00+00:00,2021-01-01 19:50:00+00:00,2004,2005,2026,1.2084,1.1374584903067173,1.2432707548466413,1.1374584903067173,take_profit,6.236843831914518,6.156843831914518,22
1INCH,short,2021-01-02 17:25:00+00:00,2021-01-02 17:30:00+00:00,2021-01-02 18:50:00+00:00,2285,2286,2302,1.0888,1.0560547786851915,1.1060726106574041,1.0560547786851915,take_profit,3.1007123849746687,3.0207123849746687,17
1INCH,short,2021-01-03 16:50:00+00:00,2021-01-03 16:55:00+00:00,2021-01-03 21:00:00+00:00,2566,2567,2616,0.9831,1.045281988795795,1.045281988795795,0.8584360224084101,stop,-5.948824284959797,-6.028824284959797,50
1INCH,short,2021-01-04 16:10:00+00:00,2021-01-04 16:15:00+00:00,2021-01-04 17:35:00+00:00,2846,2847,2863,1.1436,1.0879659099057153,1.1712670450471423,1.0879659099057153,take_profit,5.11358762142704,5.03358762142704,17
1INCH,long,2021-01-05 15:35:00+00:00,2021-01-05 15:40:00+00:00,2021-01-05 19:15:00+00:00,3127,3128,3171,1.0381,1.0956402703841546,1.0087298648079228,1.0956402703841546,take_profit,5.542844656984358,5.462844656984358,44
1INCH,long,2021-01-06 15:05:00+00:00,2021-01-06 15:10:00+00:00,2021-01-06 17:55:00+00:00,3409,3410,3443,1.2302,1.2814894609193237,1.204555269540338,1.2814894609193237,take_profit,4.169196953285947,4.089196953285947,34
1INCH,long,2021-01-07 16:05:00+00:00,2021-01-07 16:10:00+00:00,2021-01-07 16:25:00+00:00,3709,3710,3713,1.4982,1.4735347831089904,1.4735347831089904,1.5460304337820192,stop,-1.646323380790915,-1.7263233807909149,4
1INCH,short,2021-01-08 15:05:00+00:00,2021-01-08 15:10:00+00:00,2021-01-08 15:10:00+00:00,3985,3986,3986,1.169,1.204687101210056,1.204687101210056,1.098825797579888,stop,-2.9623543884723103,-3.0423543884723103,1
1INCH,short,2021-01-09 15:30:00+00:00,2021-01-09 15:35:00+00:00,2021-01-09 16:05:00+00:00,4278,4279,4285,1.1417,1.165696352951532,1.165696352951532,1.0943072940969356,stop,-2.058542337442648,-2.138542337442648,7
1INCH,long,2021-01-10 15:35:00+00:00,2021-01-10 15:40:00+00:00,2021-01-10 17:45:00+00:00,4567,4568,4593,1.3662,1.3384689421734899,1.3384689421734899,1.4216621156530205,stop,-2.0297948928788,-2.1097948928788,26
1INCH,long,2021-01-10 18:00:00+00:00,2021-01-10 18:05:00+00:00,2021-01-10 18:55:00+00:00,4596,4597,4607,1.3642,1.3370969483931632,1.3370969483931632,1.4184061032136739,stop,-1.9867359336487977,-2.066735933648798,11
1INCH,short,2021-01-11 15:10:00+00:00,2021-01-11 15:15:00+00:00,2021-01-11 15:30:00+00:00,4850,4851,4854,1.0774,1.1072800571712047,1.1072800571712047,1.0155398856575906,stop,-2.698509467202015,-2.778509467202015,4
1INCH,short,2021-01-11 15:35:00+00:00,2021-01-11 15:40:00+00:00,2021-01-11 17:05:00+00:00,4855,4856,4873,1.0841,1.1151667849840619,1.1151667849840619,1.0231664300318764,stop,-2.785842028509289,-2.865842028509289,18
1INCH,short,2021-01-11 20:55:00+00:00,2021-01-11 21:00:00+00:00,2021-01-11 21:40:00+00:00,4919,4920,4928,1.0827,1.1131506662322057,1.1131506662322057,1.0226986675355885,stop,-2.7355386073005916,-2.8155386073005917,9
1INCH,long,2021-01-12 15:20:00+00:00,2021-01-12 15:25:00+00:00,2021-01-12 16:15:00+00:00,5140,5141,5151,1.1823,1.150653129367604,1.150653129367604,1.247993741264792,stop,-2.676720851932324,-2.756720851932324,11
1INCH,long,2021-01-12 16:40:00+00:00,2021-01-12 16:45:00+00:00,2021-01-12 17:00:00+00:00,5156,5157,5160,1.1756,1.1588189911744637,1.1588189911744637,1.2067620176510727,stop,-1.4274420572929825,-1.5074420572929825,4
1INCH,long,2021-01-12 17:10:00+00:00,2021-01-12 17:15:00+00:00,2021-01-12 17:20:00+00:00,5162,5163,5164,1.1749,1.1549745764641837,1.1549745764641837,1.2171508470716326,stop,-1.6959250605001586,-1.7759250605001584,2
1INCH,long,2021-01-14 15:05:00+00:00,2021-01-14 15:10:00+00:00,2021-01-14 19:00:00+00:00,5713,5714,5760,1.2849,1.2690968498148867,1.2690968498148867,1.3171063003702264,stop,-1.2299128480903754,-1.3099128480903754,47
1INCH,long,2021-01-14 19:20:00+00:00,2021-01-14 19:25:00+00:00,2021-01-14 21:50:00+00:00,5764,5765,5794,1.2872,1.3150550870589799,1.2713224564705101,1.3150550870589799,take_profit,2.164006141934438,2.084006141934438,30
1INCH,short,2021-01-15 15:05:00+00:00,2021-01-15 15:10:00+00:00,2021-01-15 15:25:00+00:00,6001,6002,6005,1.2799,1.3032244587441122,1.3032244587441122,1.2338510825117757,stop,-1.789749922786854,-1.869749922786854,4
1INCH,long,2021-01-15 16:20:00+00:00,2021-01-15 16:25:00+00:00,2021-01-15 17:35:00+00:00,6016,6017,6031,1.3361,1.3809015785857688,1.3136992107071157,1.3809015785857688,take_profit,3.3531605857172853,3.273160585717285,15
1INCH,long,2021-01-16 15:10:00+00:00,2021-01-16 15:15:00+00:00,2021-01-16 16:00:00+00:00,6290,6291,6300,1.415,1.396838905797861,1.396838905797861,1.4507221884042782,stop,-1.2834695549214903,-1.3634695549214904,10
1INCH,long,2021-01-16 16:05:00+00:00,2021-01-16 16:10:00+00:00,2021-01-16 17:00:00+00:00,6301,6302,6312,1.4174,1.4784515472151247,1.3849242263924375,1.4784515472151247,take_profit,4.307291323206197,4.227291323206197,11
1INCH,short,2021-01-17 16:30:00+00:00,2021-01-17 16:35:00+00:00,2021-01-17 19:30:00+00:00,6594,6595,6630,1.7448,1.8275547655668698,1.8275547655668698,1.5696904688662605,stop,-4.528168847580394,-4.608168847580394,36
1INCH,long,2021-01-17 19:45:00+00:00,2021-01-17 19:50:00+00:00,2021-01-18 00:55:00+00:00,6633,6634,6695,1.827,1.939125941290954,1.772137029354523,1.939125941290954,take_profit,6.137161537545377,6.057161537545377,62
1INCH,long,2021-01-18 15:15:00+00:00,2021-01-18 15:20:00+00:00,2021-01-18 15:45:00+00:00,6867,6868,6873,2.0233,1.9833625059529971,1.9833625059529971,2.1082749880940055,stop,-1.9738790118619454,-2.0538790118619454,6
1INCH,long,2021-01-18 16:05:00+00:00,2021-01-18 16:10:00+00:00,2021-01-18 17:30:00+00:00,6877,6878,6894,2.0442,1.9729554038119494,1.9729554038119494,2.1926891923761005,stop,-3.4852067404388287,-3.565206740438829,17
1INCH,short,2021-01-20 15:50:00+00:00,2021-01-20 15:55:00+00:00,2021-01-20 16:15:00+00:00,7450,7451,7455,1.829,1.868081053214966,1.868081053214966,1.753237893570068,stop,-2.09204269524107,-2.17204269524107,5
1INCH,short,2021-01-20 18:30:00+00:00,2021-01-20 18:35:00+00:00,2021-01-20 19:00:00+00:00,7482,7483,7488,1.8202,1.7351026232544682,1.862148688372766,1.7351026232544682,take_profit,4.904457846183052,4.824457846183052,6
1INCH,short,2021-01-21 17:30:00+00:00,2021-01-21 17:35:00+00:00,2021-01-21 18:15:00+00:00,7758,7759,7767,1.6956,1.628125034422196,1.731437482788902,1.628125034422196,take_profit,4.144335610056515,4.064335610056515,9
1INCH,short,2021-01-22 15:05:00+00:00,2021-01-22 15:10:00+00:00,2021-01-22 18:55:00+00:00,8017,8018,8063,1.6349,1.6830988361479837,1.6830988361479837,1.5346023277040324,stop,-2.86369612483921,-2.94369612483921,46
1INCH,long,2021-01-22 19:00:00+00:00,2021-01-22 19:05:00+00:00,2021-01-23 16:50:00+00:00,8064,8065,8326,1.7373,1.940663196987782,1.636368401506109,1.940663196987782,take_profit,11.705704080342016,11.625704080342016,262
1INCH,long,2021-01-23 20:40:00+00:00,2021-01-23 20:45:00+00:00,2021-01-23 22:25:00+00:00,8372,8373,8393,1.8516,1.9046121512249816,1.824793924387509,1.9046121512249816,take_profit,2.8630455403424904,2.7830455403424903,21
1INCH,long,2021-01-24 18:10:00+00:00,2021-01-24 18:15:00+00:00,2021-01-24 18:45:00+00:00,8630,8631,8637,2.1648,2.248175906638934,2.123112046680533,2.248175906638934,take_profit,3.8514369289973205,3.7714369289973204,7
1INCH,long,2021-01-25 15:05:00+00:00,2021-01-25 15:10:00+00:00,2021-01-25 15:20:00+00:00,8881,8882,8884,2.7035,2.6441378389638763,2.6441378389638763,2.823124322072248,stop,-2.1957522114341987,-2.275752211434199,3
1INCH,short,2021-01-26 15:05:00+00:00,2021-01-26 15:10:00+00:00,2021-01-26 21:25:00+00:00,9169,9170,9245,2.4122,2.3006509149185903,2.4685745425407046,2.3006509149185903,take_profit,4.848588039066182,4.768588039066182,76
1INCH,long,2021-01-27 15:45:00+00:00,2021-01-27 15:50:00+00:00,2021-01-27 17:35:00+00:00,9465,9466,9487,2.4869,2.439455025109726,2.439455025109726,2.579389949780548,stop,-1.9077958458431743,-1.9877958458431741,22
1INCH,short,2021-01-27 17:40:00+00:00,2021-01-27 17:45:00+00:00,2021-01-27 20:10:00+00:00,9488,9489,9518,2.4123,2.461756536932395,2.461756536932395,2.31368692613521,stop,-2.008993829829442,-2.088993829829442,30
1INCH,short,2021-01-27 20:40:00+00:00,2021-01-27 20:45:00+00:00,2021-01-27 23:35:00+00:00,9524,9525,9559,2.3997,2.236351173409377,2.4812244132953114,2.236351173409377,take_profit,7.304256528798803,7.224256528798803,35
1INCH,long,2021-01-28 15:05:00+00:00,2021-01-28 15:10:00+00:00,2021-01-28 15:30:00+00:00,9745,9746,9750,3.0575,3.2444387414071074,2.9626806292964463,3.2444387414071074,take_profit,6.114104379627383,6.034104379627383,5
1INCH,long,2021-01-28 16:20:00+00:00,2021-01-28 16:25:00+00:00,2021-01-28 20:25:00+00:00,9760,9761,9809,3.049,3.2267753497436975,2.958462325128151,3.2267753497436975,take_profit,5.830611667553209,5.750611667553209,49
1INCH,short,2021-01-29 18:25:00+00:00,2021-01-29 18:30:00+00:00,2021-01-29 19:15:00+00:00,10073,10074,10083,2.8566,2.9501804866103254,2.9501804866103254,2.679039026779349,stop,-3.172025814523871,-3.252025814523871,10
1INCH,long,2021-01-30 15:25:00+00:00,2021-01-30 15:30:00+00:00,2021-01-30 16:55:00+00:00,10325,10326,10343,3.4233,3.605811524109081,3.3359442379454594,3.605811524109081,take_profit,5.331449890721851,5.251449890721851,18
1INCH,short,2021-01-31 15:50:00+00:00,2021-01-31 15:55:00+00:00,2021-01-31 16:15:00+00:00,10618,10619,10623,4.6943,4.950582591762229,4.950582591762229,4.183834816475542,stop,-5.17681680917077,-5.25681680917077,5
1INCH,long,2021-01-31 20:15:00+00:00,2021-01-31 20:20:00+00:00,2021-01-31 22:10:00+00:00,10671,10672,10694,5.2682,5.0398794874656705,5.0398794874656705,5.732341025068658,stop,-4.333937825715228,-4.413937825715228,23
1INCH,short,2021-02-01 15:05:00+00:00,2021-02-01 15:10:00+00:00,2021-02-01 15:50:00+00:00,10897,10898,10906,4.6889,4.458188720001848,4.799905639999076,4.458188720001848,take_profit,5.175000308153321,5.095000308153321,9
1INCH,short,2021-02-01 20:10:00+00:00,2021-02-01 20:15:00+00:00,2021-02-01 20:30:00+00:00,10958,10959,10962,4.6995,4.856849394753484,4.856849394753484,4.374001210493033,stop,-3.2397421036661656,-3.3197421036661656,4
1INCH,short,2021-02-02 16:20:00+00:00,2021-02-02 16:25:00+00:00,2021-02-02 17:20:00+00:00,11200,11201,11212,4.848,4.72693176648269,4.902834116758655,4.72693176648269,take_profit,2.5612435190152327,2.4812435190152327,12
1INCH,short,2021-02-03 17:10:00+00:00,2021-02-03 17:15:00+00:00,2021-02-03 18:25:00+00:00,11498,11499,11513,4.5196,4.627299506998043,4.627299506998043,4.304200986003912,stop,-2.3274807873396974,-2.4074807873396975,15
1INCH,short,2021-02-04 16:00:00+00:00,2021-02-04 16:05:00+00:00,2021-02-04 16:50:00+00:00,11772,11773,11782,4.9642,4.856269038388261,5.01906548080587,4.856269038388261,take_profit,2.222507870930479,2.142507870930479,10
1INCH,short,2021-02-04 17:45:00+00:00,2021-02-04 17:50:00+00:00,2021-02-04 17:55:00+00:00,11793,11794,11795,4.9517,4.825999417019405,5.017250291490297,4.825999417019405,take_profit,2.6046539197103424,2.5246539197103424,2
1INCH,short,2021-02-04 19:30:00+00:00,2021-02-04 19:35:00+00:00,2021-02-04 21:40:00+00:00,11814,11815,11840,4.9329,5.048014216856719,5.048014216856719,4.708671566286562,stop,-2.28038614614674,-2.36038614614674,26
1INCH,long,2021-02-05 15:10:00+00:00,2021-02-05 15:15:00+00:00,2021-02-05 15:20:00+00:00,12050,12051,12052,5.7514,5.6816059062401045,5.6816059062401045,5.8876881875197915,stop,-1.2135148617709701,-1.2935148617709702,2
1INCH,long,2021-02-05 15:50:00+00:00,2021-02-05 15:55:00+00:00,2021-02-05 15:55:00+00:00,12058,12059,12059,5.7704,5.682509442304402,5.682509442304402,5.945881115391196,stop,-1.5231276461874166,-1.6031276461874164,1
1INCH,long,2021-02-05 16:20:00+00:00,2021-02-05 16:25:00+00:00,2021-02-05 17:20:00+00:00,12064,12065,12076,5.7654,5.9590975335532335,5.668401233223383,5.9590975335532335,take_profit,3.3596547256605547,3.2796547256605546,12
1INCH,short,2021-02-06 16:10:00+00:00,2021-02-06 16:15:00+00:00,2021-02-06 16:25:00+00:00,12350,12351,12353,5.2114,5.302773073065208,5.302773073065208,5.0232538538695835,stop,-1.723118674063695,-1.8031186740636949,3
1INCH,short,2021-02-06 20:10:00+00:00,2021-02-06 20:15:00+00:00,2021-02-06 20:30:00+00:00,12398,12399,12402,5.1989,5.319850753610784,5.319850753610784,4.956398492778431,stop,-2.273574188687344,-2.353574188687344,4
1INCH,long,2021-02-08 15:25:00+00:00,2021-02-08 15:30:00+00:00,2021-02-08 20:25:00+00:00,12917,12918,12977,5.0329,5.237264456977612,4.931017771511194,5.237264456977612,take_profit,4.060570585102274,3.9805705851022744,60
1INCH,long,2021-02-09 17:10:00+00:00,2021-02-09 17:15:00+00:00,2021-02-09 18:35:00+00:00,13226,13227,13243,5.235,5.1520035257624155,5.1520035257624155,5.395592948475169,stop,-1.5854149806606488,-1.6654149806606486,17
1INCH,short,2021-02-09 19:55:00+00:00,2021-02-09 20:00:00+00:00,2021-02-10 06:00:00+00:00,13259,13260,13380,5.0459,5.152092900823395,5.152092900823395,4.836814198353209,stop,-2.0611604423209084,-2.1411604423209085,121
1INCH,long,2021-02-10 15:05:00+00:00,2021-02-10 15:10:00+00:00,2021-02-10 17:35:00+00:00,13489,13490,13519,5.3924,5.273129465060651,5.273129465060651,5.631841069878696,stop,-2.2118265510598034,-2.2918265510598035,30
1INCH,long,2021-02-10 18:25:00+00:00,2021-02-10 18:30:00+00:00,2021-02-10 19:00:00+00:00,13529,13530,13536,5.3524,5.255749258567365,5.255749258567365,5.549001482865272,stop,-1.8057458604109455,-1.8857458604109454,7
1INCH,long,2021-02-10 19:25:00+00:00,2021-02-10 19:30:00+00:00,2021-02-10 20:25:00+00:00,13541,13542,13553,5.37,5.282169408072028,5.282169408072028,5.548961183855944,stop,-1.6355789930720954,-1.7155789930720953,12
1INCH,long,2021-02-11 15:05:00+00:00,2021-02-11 15:10:00+00:00,2021-02-11 15:35:00+00:00,13777,13778,13783,4.8881,4.831589334336283,4.831589334336283,4.994221331327433,stop,-1.1560865298115064,-1.2360865298115065,6
1INCH,long,2021-02-11 15:40:00+00:00,2021-02-11 15:45:00+00:00,2021-02-11 18:15:00+00:00,13784,13785,13815,4.8996,5.097949846670139,4.79502507666493,5.097949846670139,take_profit,4.048286526862177,3.968286526862177,31
1INCH,short,2021-02-12 15:05:00+00:00,2021-02-12 15:10:00+00:00,2021-02-12 15:45:00+00:00,14065,14066,14073,5.2196,5.298098752485043,5.298098752485043,5.063802495029914,stop,-1.4816400401790109,-1.561640040179011,8
1INCH,short,2021-02-13 16:30:00+00:00,2021-02-13 16:35:00+00:00,2021-02-13 17:45:00+00:00,14370,14371,14385,5.4851,5.5844890357706385,5.5844890357706385,5.286321928458723,stop,-1.7797337434815708,-1.8597337434815706,15
1INCH,short,2021-02-13 19:00:00+00:00,2021-02-13 19:05:00+00:00,2021-02-13 20:05:00+00:00,14400,14401,14413,5.4756,5.250821950418068,5.589189024790966,5.250821950418068,take_profit,4.280816445585911,4.200816445585911,13
1INCH,short,2021-02-16 15:20:00+00:00,2021-02-16 15:25:00+00:00,2021-02-16 17:35:00+00:00,15220,15221,15247,4.9694,5.08284556513004,5.08284556513004,4.734108869739918,stop,-2.2319301988695694,-2.3119301988695695,27
1INCH,long,2021-02-16 17:55:00+00:00,2021-02-16 18:00:00+00:00,2021-02-16 19:40:00+00:00,15251,15252,15272,5.1388,5.060510154435723,5.060510154435723,5.298979691128554,stop,-1.5235044283544275,-1.6035044283544273,21
1INCH,short,2021-02-16 20:10:00+00:00,2021-02-16 20:15:00+00:00,2021-02-16 21:00:00+00:00,15278,15279,15288,5.0005,4.851880530965915,5.071209734517042,4.851880530965915,take_profit,3.0631312557173995,2.9831312557173995,10
1INCH,long,2021-02-20 15:05:00+00:00,2021-02-20 15:10:00+00:00,2021-02-20 16:05:00+00:00,16369,16370,16381,5.0615,4.93933288185975,4.93933288185975,5.304634236280499,stop,-2.4136544135187177,-2.4936544135187177,12
1INCH,long,2021-02-20 18:05:00+00:00,2021-02-20 18:10:00+00:00,2021-02-20 23:15:00+00:00,16405,16406,16467,5.0927,5.531178890790716,4.873310554604642,5.531178890790716,take_profit,8.609949354776747,8.529949354776747,62
1INCH,short,2021-02-21 15:25:00+00:00,2021-02-21 15:30:00+00:00,2021-02-21 17:00:00+00:00,16661,16662,16680,5.2357,5.017011618455192,5.3405441907724045,5.017011618455192,take_profit,4.358937115879047,4.278937115879047,19
1INCH,short,2021-02-21 18:40:00+00:00,2021-02-21 18:45:00+00:00,2021-02-21 19:25:00+00:00,16700,16701,16709,5.2052,5.290493222123789,5.290493222123789,5.03461355575242,stop,-1.612197928297321,-1.6921979282973207,9
1INCH,long,2021-02-21 20:25:00+00:00,2021-02-21 20:30:00+00:00,2021-02-21 21:05:00+00:00,16721,16722,16729,5.4848,5.3587500955335745,5.3587500955335745,5.73959980893285,stop,-2.2981677447933446,-2.3781677447933447,8
1INCH,short,2021-02-22 17:55:00+00:00,2021-02-22 18:00:00+00:00,2021-02-22 19:05:00+00:00,16979,16980,16993,4.7795,4.611018047837137,4.864640976081431,4.611018047837137,take_profit,3.6538992130358494,3.5738992130358493,14
1INCH,short,2021-02-23 17:10:00+00:00,2021-02-23 17:15:00+00:00,2021-02-23 17:30:00+00:00,17258,17259,17262,3.6259,3.306508475734707,3.7849957621326467,3.306508475734707,take_profit,9.659479980444452,9.579479980444452,4
1INCH,long,2021-02-24 15:45:00+00:00,2021-02-24 15:50:00+00:00,2021-02-24 16:10:00+00:00,17529,17530,17534,3.8939,3.760580080676114,3.760580080676114,4.1560398386477715,stop,-3.4238146671431213,-3.5038146671431214,5
1INCH,long,2021-02-24 16:55:00+00:00,2021-02-24 17:00:00+00:00,2021-02-24 17:55:00+00:00,17543,17544,17555,3.8802,3.9993868177061103,3.823606591146945,3.9993868177061103,take_profit,3.0716668652675194,2.9916668652675193,12
1INCH,long,2021-02-25 15:10:00+00:00,2021-02-25 15:15:00+00:00,2021-02-25 15:50:00+00:00,17810,17811,17818,3.6551,3.7940850608793477,3.5860574695603264,3.7940850608793477,take_profit,3.8024968093717693,3.722496809371769,8
1INCH,long,2021-02-25 18:25:00+00:00,2021-02-25 18:30:00+00:00,2021-02-25 19:20:00+00:00,17849,17850,17860,3.684,3.8688520638359414,3.5905239680820293,3.8688520638359414,take_profit,5.017699886969096,4.937699886969096,11
1INCH,long,2021-02-26 17:10:00+00:00,2021-02-26 17:15:00+00:00,2021-02-26 18:50:00+00:00,18122,18123,18142,4.3406,4.693037756521279,4.16288112173936,4.693037756521279,take_profit,8.119563113884688,8.039563113884688,20
1INCH,short,2021-02-27 15:35:00+00:00,2021-02-27 15:40:00+00:00,2021-02-27 15:45:00+00:00,18391,18392,18393,4.4888,4.560463124479652,4.560463124479652,4.347573751040695,stop,-1.5714001522121324,-1.6514001522121322,2
1INCH,short,2021-02-27 15:55:00+00:00,2021-02-27 16:00:00+00:00,2021-02-28 00:45:00+00:00,18395,18396,18501,4.5015,4.25089457006126,4.62725271496937,4.25089457006126,take_profit,5.895357454963368,5.815357454963368,106
1INCH,short,2021-02-28 15:05:00+00:00,2021-02-28 15:10:00+00:00,2021-02-28 15:25:00+00:00,18673,18674,18677,3.6331,3.7443468472780634,3.7443468472780634,3.4151063054438726,stop,-2.971061491243354,-3.0510614912433542,4
1INCH,short,2021-02-28 16:00:00+00:00,2021-02-28 16:05:00+00:00,2021-02-28 17:00:00+00:00,18684,18685,18696,3.6298,3.7469535412676307,3.7469535412676307,3.3954929174647384,stop,-3.126634477245127,-3.206634477245127,12
1INCH,long,2021-03-01 17:20:00+00:00,2021-03-01 17:25:00+00:00,2021-03-01 18:10:00+00:00,18988,18989,18998,3.9196,4.01820870353672,3.8677456482316397,4.01820870353672,take_profit,2.5157848641881753,2.435784864188175,10
1INCH,short,2021-03-02 15:05:00+00:00,2021-03-02 15:10:00+00:00,2021-03-02 17:00:00+00:00,19249,19250,19272,4.131,4.220549934713206,4.220549934713206,3.9561001305735877,stop,-2.1217598677526484,-2.2017598677526484,23
1INCH,long,2021-03-03 15:40:00+00:00,2021-03-03 15:45:00+00:00,2021-03-03 18:40:00+00:00,19544,19545,19580,4.1328,4.262323690498824,4.067138154750588,4.262323690498824,take_profit,3.13404206588328,3.05404206588328,36
1INCH,long,2021-03-04 17:00:00+00:00,2021-03-04 17:05:00+00:00,2021-03-04 18:15:00+00:00,19848,19849,19863,4.1223,4.0274656866073375,4.0274656866073375,4.304468626785324,stop,-2.3005194525547057,-2.3805194525547058,15
1INCH,short,2021-03-04 18:20:00+00:00,2021-03-04 18:25:00+00:00,2021-03-05 02:15:00+00:00,19864,19865,19959,3.9544,4.070706414752895,4.070706414752895,3.7220871704942105,stop,-2.857155562272473,-2.937155562272473,95
1INCH,short,2021-03-05 17:25:00+00:00,2021-03-05 17:30:00+00:00,2021-03-05 18:40:00+00:00,20141,20142,20156,3.5839,3.642846716402709,3.642846716402709,3.4693065671945815,stop,-1.618149787562817,-1.6981497875628169,15
1INCH,long,2021-03-06 15:05:00+00:00,2021-03-06 15:10:00+00:00,2021-03-06 18:55:00+00:00,20401,20402,20447,3.8069,3.763863338231392,3.763863338231392,3.892673323537216,stop,-1.1304909971002197,-1.2104909971002198,46
1INCH,long,2021-03-07 17:00:00+00:00,2021-03-07 17:05:00+00:00,2021-03-07 19:15:00+00:00,20712,20713,20739,3.889,3.9989174713944164,3.834641264302792,3.9989174713944164,take_profit,2.8263685110418324,2.7463685110418323,27
1INCH,short,2021-03-08 16:05:00+00:00,2021-03-08 16:10:00+00:00,2021-03-08 21:05:00+00:00,20989,20990,21049,3.9583,4.026258446811425,4.026258446811425,3.8262831063771507,stop,-1.687880887657478,-1.7678808876574779,60
1INCH,long,2021-03-09 18:45:00+00:00,2021-03-09 18:50:00+00:00,2021-03-09 19:35:00+00:00,21309,21310,21319,4.512,4.445260133300961,4.445260133300961,4.645479733398077,stop,-1.47916371230139,-1.5591637123013902,10
1INCH,long,2021-03-09 20:05:00+00:00,2021-03-09 20:10:00+00:00,2021-03-09 20:25:00+00:00,21325,21326,21329,4.5361,4.4626269167934876,4.4626269167934876,4.6899461664130255,stop,-1.619741258052354,-1.6997412580523539,4
1INCH,long,2021-03-09 20:50:00+00:00,2021-03-09 20:55:00+00:00,2021-03-09 21:05:00+00:00,21334,21335,21337,4.5344,4.440705353272674,4.440705353272674,4.726889293454653,stop,-2.066307487811536,-2.1463074878115362,3
1INCH,short,2021-03-10 20:00:00+00:00,2021-03-10 20:05:00+00:00,2021-03-10 21:00:00+00:00,21612,21613,21624,4.1433,4.192874412783109,4.192874412783109,4.043251174433782,stop,-1.1823490976015871,-1.2623490976015872,12
1INCH,short,2021-03-11 17:00:00+00:00,2021-03-11 17:05:00+00:00,2021-03-11 19:55:00+00:00,21864,21865,21899,3.9151,4.018602644081236,4.018602644081236,3.7143947118375276,stop,-2.575587915706945,-2.655587915706945,35
1INCH,long,2021-03-12 15:10:00+00:00,2021-03-12 15:15:00+00:00,2021-03-12 16:05:00+00:00,22130,22131,22141,4.1242,4.067268121587878,4.067268121587878,4.236563756824245,stop,-1.380434470009273,-1.460434470009273,11
1INCH,long,2021-03-12 17:35:00+00:00,2021-03-12 17:40:00+00:00,2021-03-12 19:00:00+00:00,22159,22160,22176,4.1234,4.076129630144123,4.076129630144123,4.213140739711754,stop,-1.1463930216781493,-1.2263930216781493,17
1INCH,short,2021-03-12 19:15:00+00:00,2021-03-12 19:20:00+00:00,2021-03-12 20:05:00+00:00,22179,22180,22189,3.9947,4.04593122751517,4.04593122751517,3.8922375449696602,stop,-1.2662406905673884,-1.3462406905673885,10
1INCH,long,2021-03-13 15:25:00+00:00,2021-03-13 15:30:00+00:00,2021-03-13 15:30:00+00:00,22421,22422,22422,3.884,3.8432306031098764,3.8432306031098764,3.970038793780247,stop,-1.049675512104109,-1.129675512104109,1
1INCH,long,2021-03-13 15:55:00+00:00,2021-03-13 16:00:00+00:00,2021-03-13 16:05:00+00:00,22427,22428,22429,3.8888,3.9528548427509533,3.857072578624523,3.9528548427509533,take_profit,1.6471621773028522,1.5671621773028523,2
1INCH,short,2021-03-14 14:05:00+00:00,2021-03-14 14:10:00+00:00,2021-03-14 19:40:00+00:00,22693,22694,22760,4.1065,3.9807582767233427,4.174470861638328,3.9807582767233427,take_profit,3.158737972408554,3.078737972408554,67
1INCH,short,2021-03-15 14:35:00+00:00,2021-03-15 14:40:00+00:00,2021-03-15 16:15:00+00:00,22987,22988,23007,3.92,3.8096044423607047,3.972197778819648,3.8096044423607047,take_profit,2.8978220523831144,2.8178220523831143,20
1INCH,long,2021-03-15 19:55:00+00:00,2021-03-15 20:00:00+00:00,2021-03-15 20:40:00+00:00,23051,23052,23060,4.0826,4.344451947019342,3.9576740264903285,4.344451947019342,take_profit,6.413852618903193,6.333852618903194,9
1INCH,short,2021-03-16 14:05:00+00:00,2021-03-16 14:10:00+00:00,2021-03-16 14:15:00+00:00,23269,23270,23271,3.8878,3.920043856640779,3.920043856640779,3.8224122867184427,stop,-0.8225381607952165,-0.9025381607952165,2
1INCH,short,2021-03-16 14:25:00+00:00,2021-03-16 14:30:00+00:00,2021-03-16 15:35:00+00:00,23273,23274,23287,3.8832,3.929405856661737,3.929405856661737,3.7904882866765264,stop,-1.1758993177913069,-1.255899317791307,14
1INCH,long,2021-03-17 14:50:00+00:00,2021-03-17 14:55:00+00:00,2021-03-17 17:25:00+00:00,23566,23567,23597,4.4467,4.591837817151807,4.372481091424096,4.591837817151807,take_profit,3.263944434115329,3.183944434115329,31
1INCH,long,2021-03-19 15:30:00+00:00,2021-03-19 15:35:00+00:00,2021-03-19 17:45:00+00:00,24150,24151,24177,4.7529,4.854504563135789,4.702097718432106,4.854504563135789,take_profit,2.1377382889559815,2.0577382889559814,27
1INCH,short,2021-03-20 14:25:00+00:00,2021-03-20 14:30:00+00:00,2021-03-20 16:20:00+00:00,24425,24426,24448,5.0121,4.932489558196039,5.050855220901981,4.932489558196039,take_profit,1.614001223209427,1.534001223209427,23
1INCH,long,2021-03-20 17:25:00+00:00,2021-03-20 17:30:00+00:00,2021-03-20 22:55:00+00:00,24461,24462,24527,5.1214,5.047478556448413,5.047478556448413,5.266542887103174,stop,-1.4433835191859257,-1.5233835191859257,66
1INCH,short,2021-03-22 14:20:00+00:00,2021-03-22 14:25:00+00:00,2021-03-22 15:00:00+00:00,25000,25001,25008,4.6156,4.652487424585435,4.652487424585435,4.542125150829131,stop,-0.7928538267617635,-0.8728538267617636,8
1INCH,long,2021-03-22 15:35:00+00:00,2021-03-22 15:40:00+00:00,2021-03-22 16:05:00+00:00,25015,25016,25021,4.653,4.62826982423119,4.62826982423119,4.700960351537619,stop,-0.5314888409372331,-0.6114888409372332,6
1INCH,long,2021-03-22 16:20:00+00:00,2021-03-22 16:25:00+00:00,2021-03-22 17:30:00+00:00,25024,25025,25038,4.6568,4.631336413407725,4.631336413407725,4.706827173184551,stop,-0.5468043848194992,-0.6268043848194993,14
1INCH,short,2021-03-23 14:05:00+00:00,2021-03-23 14:10:00+00:00,2021-03-23 14:25:00+00:00,25285,25286,25289,4.2167,4.1153351730611325,4.264382413469433,4.1153351730611325,take_profit,2.4631001528720997,2.3831001528720996,4
1INCH,short,2021-03-23 19:00:00+00:00,2021-03-23 19:05:00+00:00,2021-03-23 20:45:00+00:00,25344,25345,25365,4.2175,4.13213773799482,4.262881131002589,4.13213773799482,take_profit,2.0658135671586697,1.9858135671586699,21
1INCH,long,2021-03-26 14:10:00+00:00,2021-03-26 14:15:00+00:00,2021-03-26 15:35:00+00:00,26150,26151,26167,3.8505,3.9155295388703735,3.8181352305648133,3.9155295388703735,take_profit,1.6888595992825328,1.608859599282533,17
1INCH,long,2021-03-27 15:00:00+00:00,2021-03-27 15:05:00+00:00,2021-03-27 16:30:00+00:00,26448,26449,26466,3.9846,3.9612267683132325,3.9612267683132325,4.028346463373535,stop,-0.5865891604368678,-0.6665891604368679,18
1INCH,long,2021-03-27 17:50:00+00:00,2021-03-27 17:55:00+00:00,2021-03-27 19:35:00+00:00,26482,26483,26503,3.9885,3.9486648708067786,3.9486648708067786,4.068170258386443,stop,-0.9987496350312486,-1.0787496350312487,21
1INCH,short,2021-03-27 19:55:00+00:00,2021-03-27 20:00:00+00:00,2021-03-27 21:40:00+00:00,26507,26508,26528,3.9149,3.8338603884651197,3.9563198057674405,3.8338603884651197,take_profit,2.1137861925985213,2.0337861925985212,21
1INCH,long,2021-03-28 14:35:00+00:00,2021-03-28 14:40:00+00:00,2021-03-28 15:40:00+00:00,26731,26732,26744,4.185,4.133073519604208,4.133073519604208,4.288252960791584,stop,-1.240776114594777,-1.3207761145947772,13
1INCH,long,2021-03-28 16:00:00+00:00,2021-03-28 16:05:00+00:00,2021-03-28 16:20:00+00:00,26748,26749,26752,4.1586,4.1156354867941864,4.1156354867941864,4.246629026411627,stop,-1.0331484924208434,-1.1131484924208435,4
1INCH,long,2021-03-28 16:45:00+00:00,2021-03-28 16:50:00+00:00,2021-03-28 17:15:00+00:00,26757,26758,26763,4.1706,4.135228514357059,4.135228514357059,4.237742971285884,stop,-0.8481150348377042,-0.9281150348377043,6
1INCH,short,2021-03-29 14:05:00+00:00,2021-03-29 14:10:00+00:00,2021-03-29 15:10:00+00:00,27013,27014,27026,4.0931,4.127076296580447,4.127076296580447,4.020047406839106,stop,-0.823253415707359,-0.9032534157073591,13
1INCH,short,2021-03-29 15:15:00+00:00,2021-03-29 15:20:00+00:00,2021-03-29 15:35:00+00:00,27027,27028,27031,4.0807,4.1578221757276825,4.1578221757276825,3.924355648544635,stop,-1.8548695078375865,-1.9348695078375864,4
1INCH,short,2021-03-30 14:45:00+00:00,2021-03-30 14:50:00+00:00,2021-03-30 14:55:00+00:00,27309,27310,27311,4.4619,4.494515453519054,4.494515453519054,4.397269092961893,stop,-0.7256722967437401,-0.8056722967437402,2
1INCH,short,2021-03-30 15:35:00+00:00,2021-03-30 15:40:00+00:00,2021-03-30 15:55:00+00:00,27319,27320,27323,4.4537,4.482936701137914,4.482936701137914,4.393726597724171,stop,-0.6521774249119483,-0.7321774249119484,4
1INCH,long,2021-03-30 16:40:00+00:00,2021-03-30 16:45:00+00:00,2021-03-30 17:20:00+00:00,27332,27333,27340,4.5249,4.47615195242571,4.47615195242571,4.61789609514858,stop,-1.0773287271385046,-1.1573287271385047,8
1INCH,short,2021-03-31 16:50:00+00:00,2021-03-31 16:55:00+00:00,2021-04-01 17:00:00+00:00,27622,27623,27912,4.3585,4.52080765640806,4.52080765640806,4.031484687183881,stop,-3.5902358327055794,-3.6702358327055795,290
1INCH,long,2021-04-01 17:10:00+00:00,2021-04-01 17:15:00+00:00,2021-04-01 17:50:00+00:00,27914,27915,27922,4.4848,4.441783291634625,4.441783291634625,4.56723341673075,stop,-0.9591667045436791,-1.0391667045436792,8
1INCH,long,2021-04-01 17:55:00+00:00,2021-04-01 18:00:00+00:00,2021-04-01 19:15:00+00:00,27923,27924,27939,4.4741,4.421131117427324,4.421131117427324,4.577937765145352,stop,-1.183900283245265,-1.263900283245265,16
1INCH,short,2021-04-01 19:35:00+00:00,2021-04-01 19:40:00+00:00,2021-04-02 01:15:00+00:00,27943,27944,28011,4.3623,4.446987376154823,4.446987376154823,4.191425247690353,stop,-1.9043763562029525,-1.9843763562029524,68
1INCH,long,2021-04-02 14:25:00+00:00,2021-04-02 14:30:00+00:00,2021-04-02 14:35:00+00:00,28169,28170,28171,4.5521,4.529813515411831,4.529813515411831,4.596372969176336,stop,-0.48958688491397284,-0.5695868849139729,2
1INCH,long,2021-04-03 15:40:00+00:00,2021-04-03 15:45:00+00:00,2021-04-03 17:05:00+00:00,28472,28473,28489,4.7306,4.809685036399903,4.695707481800048,4.809685036399903,take_profit,1.6717760199531195,1.5917760199531197,17
1INCH,short,2021-04-03 18:45:00+00:00,2021-04-03 18:50:00+00:00,2021-04-03 19:10:00+00:00,28509,28510,28514,4.6434,4.696129502922727,4.696129502922727,4.534640994154546,stop,-1.1228289784153023,-1.2028289784153023,5
1INCH,short,2021-04-04 14:25:00+00:00,2021-04-04 14:30:00+00:00,2021-04-04 14:45:00+00:00,28745,28746,28749,4.2951,4.326780860774563,4.326780860774563,4.234438278450875,stop,-0.7322039593401497,-0.8122039593401498,4
1INCH,short,2021-04-04 15:10:00+00:00,2021-04-04 15:15:00+00:00,2021-04-04 15:30:00+00:00,28754,28755,28758,4.2947,4.343426213759956,4.343426213759956,4.195447572480088,stop,-1.1218381840030434,-1.2018381840030434,4
1INCH,short,2021-04-05 14:15:00+00:00,2021-04-05 14:20:00+00:00,2021-04-05 15:40:00+00:00,29031,29032,29048,4.4761,4.523347877711791,4.523347877711791,4.376504244576419,stop,-1.0445333631003417,-1.1245333631003418,17
1INCH,long,2021-04-06 14:10:00+00:00,2021-04-06 14:15:00+00:00,2021-04-06 16:45:00+00:00,29318,29319,29349,5.3679,5.29486884929185,5.29486884929185,5.5121623014163,stop,-1.3605162299623608,-1.4405162299623608,31
1INCH,long,2021-04-06 17:10:00+00:00,2021-04-06 17:15:00+00:00,2021-04-06 17:40:00+00:00,29354,29355,29360,5.361,5.283557018560069,5.283557018560069,5.5065859628798615,stop,-1.4445622354025467,-1.5245622354025468,6
1INCH,long,2021-04-06 18:10:00+00:00,2021-04-06 18:15:00+00:00,2021-04-06 18:45:00+00:00,29366,29367,29373,5.3821,5.538278702506659,5.30041064874667,5.538278702506659,take_profit,2.901817181149724,2.821817181149724,7
1INCH,short,2021-04-07 17:25:00+00:00,2021-04-07 17:30:00+00:00,2021-04-07 18:15:00+00:00,29645,29646,29655,4.9738,4.767401185337337,5.079249407331331,4.767401185337337,take_profit,4.329377928114475,4.249377928114475,10
1INCH,short,2021-04-07 19:30:00+00:00,2021-04-07 19:35:00+00:00,2021-04-07 20:20:00+00:00,29670,29671,29680,4.9612,4.729989432639961,5.08235528368002,4.729989432639961,take_profit,4.88818359221983,4.80818359221983,10
1INCH,long,2021-04-08 14:30:00+00:00,2021-04-08 14:35:00+00:00,2021-04-08 16:10:00+00:00,29898,29899,29918,6.0916,6.3323699475762245,5.973615026211888,6.3323699475762245,take_profit,3.9524910955450965,3.8724910955450964,20
1INCH,long,2021-04-08 19:15:00+00:00,2021-04-08 19:20:00+00:00,2021-04-08 21:05:00+00:00,29955,29956,29977,6.054,6.388721633325046,5.881089183337477,6.388721633325046,take_profit,5.5289334873644735,5.4489334873644735,22
1INCH,short,2021-04-11 14:45:00+00:00,2021-04-11 14:50:00+00:00,2021-04-11 16:10:00+00:00,30765,30766,30782,5.73,5.593621188220928,5.7980394058895355,5.593621188220928,take_profit,2.4381131147432678,2.3581131147432677,17
1INCH,short,2021-04-12 15:00:00+00:00,2021-04-12 15:05:00+00:00,2021-04-12 18:35:00+00:00,31056,31057,31099,5.7566,5.627673303107497,5.821963348446252,5.627673303107497,take_profit,2.2909413881810003,2.2109413881810003,43
1INCH,long,2021-04-14 16:30:00+00:00,2021-04-14 16:35:00+00:00,2021-04-14 17:45:00+00:00,31650,31651,31665,5.9488,5.855409213071558,5.855409213071558,6.136781573856886,stop,-1.5699096780601551,-1.649909678060155,15
1INCH,long,2021-04-15 14:55:00+00:00,2021-04-15 15:00:00+00:00,2021-04-15 15:30:00+00:00,31919,31920,31926,5.9462,5.886466992792883,5.886466992792883,6.0656660144142345,stop,-1.0045576537472178,-1.084557653747218,7
1INCH,long,2021-04-15 17:10:00+00:00,2021-04-15 17:15:00+00:00,2021-04-15 17:20:00+00:00,31946,31947,31948,5.9719,5.9006028355740145,5.9006028355740145,6.11449432885197,stop,-1.1938773995878282,-1.2738773995878283,2
1INCH,long,2021-04-15 19:05:00+00:00,2021-04-15 19:10:00+00:00,2021-04-15 19:15:00+00:00,31969,31970,31971,5.9609,5.900433532662117,5.900433532662117,6.084232934675768,stop,-1.0143848636595676,-1.0943848636595677,2
1INCH,short,2021-04-16 15:30:00+00:00,2021-04-16 15:35:00+00:00,2021-04-16 15:35:00+00:00,32214,32215,32215,5.7358,5.824675086202822,5.824675086202822,5.558349827594356,stop,-1.5258376628310866,-1.6058376628310864,1
1INCH,short,2021-04-16 19:55:00+00:00,2021-04-16 20:00:00+00:00,2021-04-16 20:55:00+00:00,32267,32268,32279,5.7434,5.826291377823022,5.826291377823022,5.574617244353956,stop,-1.4227125361175097,-1.5027125361175098,12
1INCH,long,2021-04-17 14:20:00+00:00,2021-04-17 14:25:00+00:00,2021-04-17 14:55:00+00:00,32488,32489,32495,6.008,6.1061721211274245,5.957863939436288,6.1061721211274245,take_profit,1.6340233210290434,1.5540233210290433,7
1INCH,short,2021-04-20 15:25:00+00:00,2021-04-20 15:30:00+00:00,2021-04-20 19:15:00+00:00,33365,33366,33411,4.6132,4.728376979477109,4.728376979477109,4.384646041045783,stop,-2.43586710571132,-2.51586710571132,46
1INCH,long,2021-04-20 19:35:00+00:00,2021-04-20 19:40:00+00:00,2021-04-21 14:25:00+00:00,33415,33416,33641,4.8816,5.209881693867792,4.717159153066104,5.209881693867792,take_profit,6.724879012368734,6.644879012368735,226
1INCH,long,2021-04-21 14:35:00+00:00,2021-04-21 14:40:00+00:00,2021-04-21 17:05:00+00:00,33643,33644,33673,5.0931,4.996360665706806,4.996360665706806,5.288678668586387,stop,-1.8994194948694032,-1.979419494869403,30
1INCH,long,2021-04-21 17:20:00+00:00,2021-04-21 17:25:00+00:00,2021-04-21 19:45:00+00:00,33676,33677,33705,5.0723,4.980816041590042,4.980816041590042,5.249567916819916,stop,-1.803599124853772,-1.8835991248537718,29
1INCH,short,2021-04-21 19:50:00+00:00,2021-04-21 19:55:00+00:00,2021-04-21 21:25:00+00:00,33706,33707,33725,4.9629,5.036609483323353,5.036609483323353,4.808581033353295,stop,-1.4634742591700056,-1.5434742591700057,19
1INCH,long,2021-04-22 14:05:00+00:00,2021-04-22 14:10:00+00:00,2021-04-22 16:20:00+00:00,33925,33926,33952,5.0973,5.033175192207805,5.033175192207805,5.22164961558439,stop,-1.25801518043267,-1.33801518043267,27
1INCH,long,2021-04-22 16:40:00+00:00,2021-04-22 16:45:00+00:00,2021-04-22 17:05:00+00:00,33956,33957,33961,5.0961,5.043295266144586,5.043295266144586,5.199309467710828,stop,-1.0361793107555584,-1.1161793107555584,5
1INCH,short,2021-04-22 19:50:00+00:00,2021-04-22 19:55:00+00:00,2021-04-22 20:10:00+00:00,33994,33995,33998,5.0095,5.065505176794885,5.065505176794885,4.902589646410228,stop,-1.1056187851005483,-1.1856187851005484,4
1INCH,short,2021-04-23 14:10:00+00:00,2021-04-23 14:15:00+00:00,2021-04-23 16:50:00+00:00,34214,34215,34246,4.0154,3.8176460415601916,4.110676979219904,3.8176460415601916,take_profit,5.179997209982057,5.099997209982057,32
1INCH,long,2021-04-24 14:40:00+00:00,2021-04-24 14:45:00+00:00,2021-04-24 16:00:00+00:00,34508,34509,34524,4.2352,4.186437712486869,4.186437712486869,4.324624575026261,stop,-1.1513573742239047,-1.2313573742239048,16
1INCH,short,2021-04-24 17:55:00+00:00,2021-04-24 18:00:00+00:00,2021-04-24 19:05:00+00:00,34547,34548,34561,4.147,4.029734322519594,4.207732838740203,4.029734322519594,take_profit,2.910010141985886,2.830010141985886,14
1INCH,long,2021-04-26 14:20:00+00:00,2021-04-26 14:25:00+00:00,2021-04-26 15:10:00+00:00,35080,35081,35090,4.2649,4.355846863981354,4.218826568009323,4.355846863981354,take_profit,2.132450092179261,2.052450092179261,10
1INCH,long,2021-04-27 14:05:00+00:00,2021-04-27 14:10:00+00:00,2021-04-27 15:45:00+00:00,35365,35366,35385,4.5913,4.658876985297889,4.557961507351055,4.658876985297889,take_profit,1.4718486114583706,1.3918486114583706,20
1INCH,short,2021-04-28 14:20:00+00:00,2021-04-28 14:25:00+00:00,2021-04-28 15:35:00+00:00,35656,35657,35671,4.924,4.713072937969598,5.029463531015201,4.713072937969598,take_profit,4.4753617184899674,4.395361718489967,15
1INCH,long,2021-04-29 15:00:00+00:00,2021-04-29 15:05:00+00:00,2021-04-29 15:35:00+00:00,35952,35953,35959,5.6023,5.770955246599923,5.520972376700039,5.770955246599923,take_profit,3.0104643914093066,2.9304643914093065,7
1INCH,long,2021-04-30 15:30:00+00:00,2021-04-30 15:35:00+00:00,2021-04-30 16:30:00+00:00,36246,36247,36258,5.4824,5.4308053028994605,5.4308053028994605,5.581689394201078,stop,-0.9410969119462265,-1.0210969119462265,12
1INCH,long,2021-04-30 16:50:00+00:00,2021-04-30 16:55:00+00:00,2021-05-02 00:25:00+00:00,36262,36263,36641,5.5378,5.387459638133536,5.387459638133536,5.848980723732927,stop,-2.714803024061252,-2.794803024061252,379
1INCH,short,2021-05-02 17:05:00+00:00,2021-05-02 17:10:00+00:00,2021-05-02 19:05:00+00:00,36841,36842,36865,5.2682,5.335693729789488,5.335693729789488,5.138912540421024,stop,-1.2649476002092652,-1.3449476002092653,24
1INCH,long,2021-05-03 14:20:00+00:00,2021-05-03 14:25:00+00:00,2021-05-03 22:35:00+00:00,37096,37097,37195,5.708,5.644995213977244,5.644995213977244,5.827409572045513,stop,-1.1037979331246728,-1.1837979331246729,99
1INCH,short,2021-05-04 16:55:00+00:00,2021-05-04 17:00:00+00:00,2021-05-04 18:15:00+00:00,37415,37416,37431,5.5155,5.576001023741097,5.576001023741097,5.392097952517807,stop,-1.0850253341686877,-1.1650253341686878,16
1INCH,long,2021-05-05 15:00:00+00:00,2021-05-05 15:05:00+00:00,2021-05-05 18:15:00+00:00,37680,37681,37719,5.4446,5.752591936400639,5.290604031799681,5.752591936400639,take_profit,5.656833126412186,5.576833126412186,39
1INCH,long,2021-05-06 16:10:00+00:00,2021-05-06 16:15:00+00:00,2021-05-06 21:45:00+00:00,37982,37983,38049,7.1917,6.812514435105159,6.812514435105159,7.974971129789682,stop,-5.272544250939848,-5.352544250939848,67
1INCH,short,2021-05-08 14:10:00+00:00,2021-05-08 14:15:00+00:00,2021-05-08 14:50:00+00:00,38534,38535,38542,6.663,6.7169673151463645,6.7169673151463645,6.55356536970727,stop,-0.8034476366242105,-0.8834476366242106,8
1INCH,short,2021-05-08 15:25:00+00:00,2021-05-08 15:30:00+00:00,2021-05-08 15:50:00+00:00,38549,38550,38554,6.6542,6.703393145077039,6.703393145077039,6.560613709845922,stop,-0.7338543930273,-0.8138543930273001,5
1INCH,long,2021-05-08 15:55:00+00:00,2021-05-08 16:00:00+00:00,2021-05-08 18:55:00+00:00,38555,38556,38591,6.811,7.119779959428085,6.651060020285957,7.119779959428085,take_profit,4.533548075584859,4.453548075584859,36
1INCH,short,2021-05-10 14:15:00+00:00,2021-05-10 14:20:00+00:00,2021-05-10 18:30:00+00:00,39111,39112,39162,6.9715,6.77252958038679,7.066635209806606,6.77252958038679,take_profit,2.937904032038885,2.857904032038885,51
1INCH,short,2021-05-11 14:30:00+00:00,2021-05-11 14:35:00+00:00,2021-05-11 15:05:00+00:00,39402,39403,39409,6.0214,6.129941345593841,6.129941345593841,5.805217308812318,stop,-1.7706751088550021,-1.850675108855002,7
1INCH,long,2021-05-11 18:40:00+00:00,2021-05-11 18:45:00+00:00,2021-05-11 20:50:00+00:00,39452,39453,39478,6.1656,6.0724491743314095,6.0724491743314095,6.347401651337182,stop,-1.510815259968068,-1.5908152599680678,26
1INCH,long,2021-05-12 14:50:00+00:00,2021-05-12 14:55:00+00:00,2021-05-12 17:25:00+00:00,39694,39695,39725,6.8011,6.7092499944966715,6.7092499944966715,6.9872000110066566,stop,-1.3505169090783586,-1.4305169090783587,31
1INCH,short,2021-05-12 19:00:00+00:00,2021-05-12 19:05:00+00:00,2021-05-12 23:30:00+00:00,39744,39745,39798,6.5936,6.723775816748441,6.723775816748441,6.323648366503117,stop,-1.936052305970437,-2.016052305970437,54
1INCH,short,2021-05-13 17:15:00+00:00,2021-05-13 17:20:00+00:00,2021-05-13 18:25:00+00:00,40011,40012,40025,5.7803,5.5608580640422804,5.89002096797886,5.5608580640422804,take_profit,3.94618840169072,3.86618840169072,14
1INCH,long,2021-05-14 14:10:00+00:00,2021-05-14 14:15:00+00:00,2021-05-14 17:30:00+00:00,40262,40263,40302,5.6041,5.810927748977506,5.500686125511247,5.810927748977506,take_profit,3.6906505768545594,3.6106505768545594,40
1INCH,long,2021-05-15 14:25:00+00:00,2021-05-15 14:30:00+00:00,2021-05-15 15:20:00+00:00,40553,40554,40564,5.9663,5.837578183953312,5.837578183953312,6.225843632093375,stop,-2.1574814549501165,-2.2374814549501165,11
1INCH,short,2021-05-15 15:50:00+00:00,2021-05-15 15:55:00+00:00,2021-05-15 19:15:00+00:00,40570,40571,40611,5.7782,5.527724577474946,5.8984877112625265,5.527724577474946,take_profit,4.531257283434886,4.451257283434886,41
1INCH,long,2021-05-16 15:05:00+00:00,2021-05-16 15:10:00+00:00,2021-05-16 19:25:00+00:00,40849,40850,40901,5.4647,5.618348486357721,5.39027575682114,5.618348486357721,take_profit,2.8116545529987214,2.7316545529987213,52
1INCH,short,2021-05-17 14:40:00+00:00,2021-05-17 14:45:00+00:00,2021-05-17 15:00:00+00:00,41132,41133,41136,4.6129,4.7217135582492995,4.7217135582492995,4.3952728835014,stop,-2.3045353536787827,-2.3845353536787828,4
1INCH,long,2021-05-18 15:05:00+00:00,2021-05-18 15:10:00+00:00,2021-05-18 15:50:00+00:00,41425,41426,41434,5.2498,5.133950870076449,5.133950870076449,5.482098259847103,stop,-2.2067341598451584,-2.2867341598451585,9
1INCH,long,2021-05-18 17:10:00+00:00,2021-05-18 17:15:00+00:00,2021-05-18 17:20:00+00:00,41450,41451,41452,5.2823,5.188509208281286,5.188509208281286,5.463881583437429,stop,-1.775567304369574,-1.855567304369574,2
1INCH,short,2021-05-21 15:00:00+00:00,2021-05-21 15:05:00+00:00,2021-05-21 15:55:00+00:00,42288,42289,42299,3.4986,3.5926317207515255,3.5926317207515255,3.3180365584969493,stop,-2.6173492876652382,-2.6973492876652383,11
1INCH,short,2021-05-21 16:10:00+00:00,2021-05-21 16:15:00+00:00,2021-05-21 18:35:00+00:00,42302,42303,42331,3.5308,3.6329667293887207,3.6329667293887207,3.3237665412225588,stop,-2.812212084472099,-2.892212084472099,29
1INCH,short,2021-05-22 14:15:00+00:00,2021-05-22 14:20:00+00:00,2021-05-22 14:45:00+00:00,42567,42568,42573,2.6976,2.7823231130909765,2.7823231130909765,2.534453773818047,stop,-3.0450493938805945,-3.1250493938805946,6
1INCH,short,2021-05-22 15:05:00+00:00,2021-05-22 15:10:00+00:00,2021-05-22 17:05:00+00:00,42577,42578,42601,2.7136,2.7980687253696255,2.7980687253696255,2.5431625492607486,stop,-3.018822397168497,-3.098822397168497,24
1INCH,short,2021-05-23 14:05:00+00:00,2021-05-23 14:10:00+00:00,2021-05-23 15:55:00+00:00,42853,42854,42875,2.692,2.5763924155193227,2.7480037922403384,2.5763924155193227,take_profit,4.487188511513085,4.407188511513085,22
1INCH,long,2021-05-24 15:35:00+00:00,2021-05-24 15:40:00+00:00,2021-05-24 16:30:00+00:00,43159,43160,43170,2.4607,2.583130768152873,2.3975346159235635,2.583130768152873,take_profit,4.975444717067212,4.895444717067212,11
1INCH,long,2021-05-25 15:20:00+00:00,2021-05-25 15:25:00+00:00,2021-05-25 16:55:00+00:00,43444,43445,43463,2.8552,2.955441937252292,2.804929031373854,2.955441937252292,take_profit,3.5108551853562764,3.4308551853562763,19
1INCH,long,2021-05-25 18:20:00+00:00,2021-05-25 18:25:00+00:00,2021-05-25 18:30:00+00:00,43480,43481,43482,2.8503,2.7853318058515475,2.7853318058515475,2.980536388296905,stop,-2.2793458284549817,-2.3593458284549818,2
1INCH,short,2021-05-25 19:00:00+00:00,2021-05-25 19:05:00+00:00,2021-05-25 20:55:00+00:00,43488,43489,43511,2.7343,2.5399064659297963,2.831496767035102,2.5399064659297963,take_profit,7.653570581349789,7.57357058134979,23
1INCH,long,2021-05-26 14:15:00+00:00,2021-05-26 14:20:00+00:00,2021-05-26 14:55:00+00:00,43719,43720,43727,3.2084,3.149880184304082,3.149880184304082,3.325439631391837,stop,-1.8239563550654037,-1.9039563550654035,8
1INCH,long,2021-05-26 15:05:00+00:00,2021-05-26 15:10:00+00:00,2021-05-26 15:25:00+00:00,43729,43730,43733,3.216,3.3333389334468837,3.156280533276558,3.3333389334468837,take_profit,3.648598676830961,3.5685986768309608,4
1INCH,short,2021-05-28 14:35:00+00:00,2021-05-28 14:40:00+00:00,2021-05-28 15:15:00+00:00,44299,44300,44307,3.1883,3.0404810249998815,3.263109487500059,3.0404810249998815,take_profit,4.861697007305743,4.781697007305743,8
1INCH,long,2021-05-29 15:00:00+00:00,2021-05-29 15:05:00+00:00,2021-05-29 15:45:00+00:00,44592,44593,44601,2.9105,2.8643201720016878,2.8643201720016878,3.005859655996625,stop,-1.586663047528336,-1.666663047528336,9
1INCH,short,2021-05-29 17:40:00+00:00,2021-05-29 17:45:00+00:00,2021-05-29 21:50:00+00:00,44624,44625,44674,2.7696,2.6671985117307613,2.8179507441346194,2.6671985117307613,take_profit,3.839290094789005,3.759290094789005,50
1INCH,long,2021-05-30 14:10:00+00:00,2021-05-30 14:15:00+00:00,2021-05-30 14:55:00+00:00,44870,44871,44879,2.6036,2.6727676939440004,2.569616153028,2.6727676939440004,take_profit,2.656617527423566,2.576617527423566,9
1INCH,long,2021-05-31 14:15:00+00:00,2021-05-31 14:20:00+00:00,2021-05-31 16:05:00+00:00,45159,45160,45181,2.847,2.983992606708498,2.7795536966457512,2.983992606708498,take_profit,4.811823207182919,4.731823207182919,22
1INCH,long,2021-06-01 14:05:00+00:00,2021-06-01 14:10:00+00:00,2021-06-01 17:10:00+00:00,45445,45446,45482,3.1699,3.129252699359944,3.129252699359944,3.2541946012801124,stop,-1.2822896823261432,-1.3622896823261432,37
1INCH,long,2021-06-01 19:50:00+00:00,2021-06-01 19:55:00+00:00,2021-06-01 21:55:00+00:00,45514,45515,45539,3.1707,3.1090012647063303,3.1090012647063303,3.294397470587339,stop,-1.9459026490576181,-2.025902649057618,25
1INCH,long,2021-06-02 15:00:00+00:00,2021-06-02 15:05:00+00:00,2021-06-02 15:05:00+00:00,45744,45745,45745,3.1874,3.1614208494228913,3.1614208494228913,3.238758301154217,stop,-0.8150577454071772,-0.8950577454071773,1
1INCH,long,2021-06-02 15:45:00+00:00,2021-06-02 15:50:00+00:00,2021-06-02 16:30:00+00:00,45753,45754,45762,3.1881,3.295873414678507,3.1343632926607468,3.295873414678507,take_profit,3.3804904074058895,3.3004904074058894,9
1INCH,long,2021-06-03 14:05:00+00:00,2021-06-03 14:10:00+00:00,2021-06-03 15:50:00+00:00,46021,46022,46042,3.4909,3.552571272737679,3.4594643636311604,3.552571272737679,take_profit,1.7666296008960192,1.6866296008960193,21
1INCH,long,2021-06-03 16:15:00+00:00,2021-06-03 16:20:00+00:00,2021-06-03 17:00:00+00:00,46047,46048,46056,3.5019,3.4393193632101453,3.4393193632101453,3.6270612735797094,stop,-1.7870480821798096,-1.8670480821798094,9
1INCH,long,2021-06-03 17:05:00+00:00,2021-06-03 17:10:00+00:00,2021-06-03 20:55:00+00:00,46057,46058,46103,3.4978,3.4383189892885255,3.4383189892885255,3.618262021422949,stop,-1.7005263511771451,-1.780526351177145,46
1INCH,short,2021-06-04 14:05:00+00:00,2021-06-04 14:10:00+00:00,2021-06-04 19:45:00+00:00,46309,46310,46377,3.2205,3.291230363934249,3.291230363934249,3.0778392721315018,stop,-2.149055402177924,-2.229055402177924,68
1INCH,short,2021-06-07 15:05:00+00:00,2021-06-07 15:10:00+00:00,2021-06-07 16:00:00+00:00,47185,47186,47196,3.8009,3.7394343191470734,3.830282840426463,3.7394343191470734,take_profit,1.6437160171046017,1.5637160171046018,11
1INCH,long,2021-06-07 19:25:00+00:00,2021-06-07 19:30:00+00:00,2021-06-07 20:45:00+00:00,47237,47238,47253,3.8285,3.7941862115532907,3.7941862115532907,3.8977275768934185,stop,-0.8962723898840119,-0.976272389884012,16
1INCH,short,2021-06-08 14:25:00+00:00,2021-06-08 14:30:00+00:00,2021-06-08 15:00:00+00:00,47465,47466,47472,3.1459,3.211940835437813,3.211940835437813,3.0126183291243747,stop,-2.0561037335798504,-2.1361037335798505,7
1INCH,short,2021-06-08 15:15:00+00:00,2021-06-08 15:20:00+00:00,2021-06-08 16:15:00+00:00,47475,47476,47487,3.16,3.2136916359137846,3.2136916359137846,3.050516728172431,stop,-1.6707152395633584,-1.7507152395633583,12
1INCH,short,2021-06-08 18:45:00+00:00,2021-06-08 18:50:00+00:00,2021-06-08 20:20:00+00:00,47517,47518,47536,3.1661,3.2134762835281183,3.2134762835281183,3.071047432943763,stop,-1.474300083400748,-1.554300083400748,19
1INCH,long,2021-06-09 14:05:00+00:00,2021-06-09 14:10:00+00:00,2021-06-09 15:45:00+00:00,47749,47750,47769,3.027,3.117304855959114,2.9797475720204427,3.117304855959114,take_profit,2.983312056792675,2.903312056792675,20
1INCH,short,2021-06-10 14:15:00+00:00,2021-06-10 14:20:00+00:00,2021-06-10 15:30:00+00:00,48039,48040,48054,3.0548,3.0949878510622577,3.0949878510622577,2.977724297875484,stop,-1.2984817064294552,-1.3784817064294552,15
1INCH,short,2021-06-10 16:30:00+00:00,2021-06-10 16:35:00+00:00,2021-06-10 16:45:00+00:00,48066,48067,48069,3.0481,3.0889814625164,3.0889814625164,2.9663370749672,stop,-1.3234609210990955,-1.4034609210990956,3
1INCH,short,2021-06-10 17:05:00+00:00,2021-06-10 17:10:00+00:00,2021-06-10 17:20:00+00:00,48073,48074,48076,3.0554,3.0878725094575663,3.0878725094575663,2.9910549810848677,stop,-1.0516143188589955,-1.1316143188589955,3
1INCH,short,2021-06-11 15:00:00+00:00,2021-06-11 15:05:00+00:00,2021-06-11 16:05:00+00:00,48336,48337,48349,2.9083,2.832560923384766,2.946619538307617,2.832560923384766,take_profit,2.6738728191141536,2.5938728191141536,13
1INCH,short,2021-06-11 18:45:00+00:00,2021-06-11 18:50:00+00:00,2021-06-11 19:00:00+00:00,48381,48382,48384,2.9151,2.94456654602455,2.94456654602455,2.8582669079508998,stop,-1.0007091218343422,-1.0807091218343423,3
1INCH,short,2021-06-12 14:50:00+00:00,2021-06-12 14:55:00+00:00,2021-06-12 15:15:00+00:00,48622,48623,48627,2.5357,2.593182030154675,2.593182030154675,2.4204359396906505,stop,-2.216660052639896,-2.296660052639896,5
1INCH,short,2021-06-12 19:10:00+00:00,2021-06-12 19:15:00+00:00,2021-06-12 19:30:00+00:00,48674,48675,48678,2.5449,2.590086662235234,2.590086662235234,2.4458266755295313,stop,-1.744600398669205,-1.8246003986692048,4
1INCH,long,2021-06-14 14:10:00+00:00,2021-06-14 14:15:00+00:00,2021-06-14 15:30:00+00:00,49190,49191,49206,2.9786,2.9512744072958697,2.9512744072958697,3.03535118540826,stop,-0.9173971900936828,-0.9973971900936829,16
1INCH,long,2021-06-14 15:50:00+00:00,2021-06-14 15:55:00+00:00,2021-06-14 16:00:00+00:00,49210,49211,49212,2.9699,3.0499021561672555,2.931098921916372,3.0499021561672555,take_profit,2.693765991018404,2.613765991018404,2
1INCH,short,2021-06-15 16:00:00+00:00,2021-06-15 16:05:00+00:00,2021-06-15 23:25:00+00:00,49500,49501,49589,3.6473,3.533669542783601,3.7042652286082,3.533669542783601,take_profit,3.215650355547628,3.135650355547628,89
1INCH,long,2021-06-17 16:10:00+00:00,2021-06-17 16:15:00+00:00,2021-06-17 17:05:00+00:00,50078,50079,50089,3.6985,3.6692150194052315,3.6692150194052315,3.761269961189537,stop,-0.7918069648443549,-0.8718069648443549,11
1INCH,long,2021-06-17 17:30:00+00:00,2021-06-17 17:35:00+00:00,2021-06-17 18:15:00+00:00,50094,50095,50103,3.7128,3.6762902428088884,3.6762902428088884,3.7870195143822234,stop,-0.9833483406354149,-1.063348340635415,9
1INCH,long,2021-06-17 18:35:00+00:00,2021-06-17 18:40:00+00:00,2021-06-17 18:45:00+00:00,50107,50108,50109,3.7004,3.675618903616562,3.675618903616562,3.7493621927668763,stop,-0.6696869631239388,-0.7496869631239389,2
1INCH,short,2021-06-18 14:45:00+00:00,2021-06-18 14:50:00+00:00,2021-06-18 15:35:00+00:00,50349,50350,50359,3.3398,3.28204983513831,3.3698750824308448,3.28204983513831,take_profit,1.7595761113498254,1.6795761113498255,10
1INCH,long,2021-06-20 14:35:00+00:00,2021-06-20 14:40:00+00:00,2021-06-20 15:05:00+00:00,50923,50924,50929,3.0997,3.0690800673205025,3.0690800673205025,3.163039865358995,stop,-0.9878353608251511,-1.0678353608251512,6
1INCH,short,2021-06-20 15:20:00+00:00,2021-06-20 15:25:00+00:00,2021-06-20 15:35:00+00:00,50932,50933,50935,3.0536,3.083783089852716,3.083783089852716,2.993233820294568,stop,-0.9787682522818919,-1.058768252281892,3
1INCH,long,2021-06-20 16:00:00+00:00,2021-06-20 16:05:00+00:00,2021-06-20 16:20:00+00:00,50940,50941,50944,3.1008,3.071940616669972,3.071940616669972,3.157918766660056,stop,-0.9307076667320668,-1.010707666732067,4
1INCH,long,2021-06-21 14:50:00+00:00,2021-06-21 14:55:00+00:00,2021-06-21 15:25:00+00:00,51214,51215,51221,3.2515,3.198980512633694,3.198980512633694,3.3565389747326124,stop,-1.615238731856261,-1.695238731856261,7
1INCH,short,2021-06-21 15:30:00+00:00,2021-06-21 15:35:00+00:00,2021-06-21 19:30:00+00:00,51222,51223,51270,3.0708,2.89282577843677,3.160237110781615,2.89282577843677,take_profit,6.152262016256094,6.072262016256094,48
1INCH,short,2021-06-22 14:10:00+00:00,2021-06-22 14:15:00+00:00,2021-06-22 17:00:00+00:00,51494,51495,51528,2.7443,2.6517886805662645,2.791005659716868,2.6517886805662645,take_profit,3.4886384466344733,3.4086384466344732,34
1INCH,long,2021-06-23 18:30:00+00:00,2021-06-23 18:35:00+00:00,2021-06-23 23:00:00+00:00,51834,51835,51888,2.7443,2.6836170371373576,2.6836170371373576,2.8659659257252854,stop,-2.2112364851744504,-2.2912364851744504,54
1INCH,short,2021-06-25 14:15:00+00:00,2021-06-25 14:20:00+00:00,2021-06-25 16:05:00+00:00,52359,52360,52381,2.6248,2.5703143888286832,2.6524928055856587,2.5703143888286832,take_profit,2.119803375342988,2.039803375342988,22
1INCH,short,2021-06-26 16:00:00+00:00,2021-06-26 16:05:00+00:00,2021-06-26 17:00:00+00:00,52668,52669,52680,2.3714,2.3025342474188135,2.405832876290593,2.3025342474188135,take_profit,2.990867678011133,2.910867678011133,12
1INCH,long,2021-06-27 16:45:00+00:00,2021-06-27 16:50:00+00:00,2021-06-27 16:55:00+00:00,52965,52966,52967,2.4217,2.3936982227669477,2.3936982227669477,2.4765035544661047,stop,-1.1562859657700097,-1.2362859657700098,2
1INCH,long,2021-06-27 17:05:00+00:00,2021-06-27 17:10:00+00:00,2021-06-27 18:15:00+00:00,52969,52970,52983,2.4388,2.387245627875021,2.387245627875021,2.5425087442499583,stop,-2.113923738108048,-2.193923738108048,14
1INCH,long,2021-06-28 14:25:00+00:00,2021-06-28 14:30:00+00:00,2021-06-28 16:15:00+00:00,53225,53226,53247,2.5032,2.5564416243643873,2.4785291878178066,2.5564416243643873,take_profit,2.1269424881906085,2.0469424881906084,22
1INCH,long,2021-06-28 19:45:00+00:00,2021-06-28 19:50:00+00:00,2021-06-28 21:05:00+00:00,53289,53290,53305,2.5008,2.478451919638609,2.478451919638609,2.5451961607227824,stop,-0.8936372505354617,-0.9736372505354618,16
1INCH,long,2021-06-29 15:25:00+00:00,2021-06-29 15:30:00+00:00,2021-06-29 19:40:00+00:00,53525,53526,53576,2.5385,2.6210975879879763,2.4984012060060117,2.6210975879879763,take_profit,3.253795075358523,3.173795075358523,51
1INCH,long,2021-07-01 14:45:00+00:00,2021-07-01 14:50:00+00:00,2021-07-01 15:45:00+00:00,54093,54094,54105,2.4429,2.4229989884704306,2.4229989884704306,2.483602023059139,stop,-0.8146469986315186,-0.8946469986315186,12
1INCH,short,2021-07-02 14:30:00+00:00,2021-07-02 14:35:00+00:00,2021-07-02 15:40:00+00:00,54378,54379,54392,2.3055,2.261389042267446,2.327255478866277,2.261389042267446,take_profit,1.9506134021205268,1.870613402120527,14
1INCH,short,2021-07-02 17:35:00+00:00,2021-07-02 17:40:00+00:00,2021-07-02 21:45:00+00:00,54415,54416,54465,2.3041,2.3290393764970436,2.3290393764970436,2.255121247005912,stop,-1.070800981242026,-1.1508009812420261,50
1INCH,short,2021-07-03 14:25:00+00:00,2021-07-03 14:30:00+00:00,2021-07-03 16:20:00+00:00,54665,54666,54688,2.3311,2.356722900320609,2.356722900320609,2.279854199358782,stop,-1.087225838774819,-1.1672258387748191,23
1INCH,long,2021-07-04 14:30:00+00:00,2021-07-04 14:35:00+00:00,2021-07-04 14:55:00+00:00,54954,54955,54959,2.4756,2.5136774989255306,2.4565612505372347,2.5136774989255306,take_profit,1.538111929452679,1.458111929452679,5
1INCH,short,2021-07-05 14:15:00+00:00,2021-07-05 14:20:00+00:00,2021-07-05 14:50:00+00:00,55239,55240,55246,2.4195,2.4435450324864885,2.4435450324864885,2.372309935027023,stop,-0.9840224823694177,-1.0640224823694178,7
1INCH,long,2021-07-06 14:45:00+00:00,2021-07-06 14:50:00+00:00,2021-07-06 14:55:00+00:00,55533,55534,55535,2.763,2.7347513671608215,2.7347513671608215,2.8167972656783578,stop,-1.0223898964595857,-1.1023898964595857,2
1INCH,long,2021-07-06 17:40:00+00:00,2021-07-06 17:45:00+00:00,2021-07-06 18:15:00+00:00,55568,55569,55575,2.775,2.709197591589525,2.709197591589525,2.9069048168209504,stop,-2.371257960737838,-2.451257960737838,7
1INCH,short,2021-07-08 14:55:00+00:00,2021-07-08 15:00:00+00:00,2021-07-08 15:15:00+00:00,56111,56112,56115,2.6247,2.6835390497844105,2.6835390497844105,2.514821900431179,stop,-2.1925915253268924,-2.2725915253268925,4
1INCH,short,2021-07-08 15:35:00+00:00,2021-07-08 15:40:00+00:00,2021-07-08 16:40:00+00:00,56119,56120,56132,2.6352,2.5615653143194304,2.6724673428402848,2.5615653143194304,take_profit,2.8745972343138693,2.794597234313869,13
1INCH,long,2021-07-09 14:15:00+00:00,2021-07-09 14:20:00+00:00,2021-07-09 14:50:00+00:00,56391,56392,56398,2.5512,2.526921147621497,2.526921147621497,2.6000577047570057,stop,-0.951664016090592,-1.031664016090592,7
1INCH,short,2021-07-09 15:00:00+00:00,2021-07-09 15:05:00+00:00,2021-07-09 17:20:00+00:00,56400,56401,56428,2.5107,2.4577015882552393,2.5371992058723802,2.4577015882552393,take_profit,2.156421755921345,2.076421755921345,28
1INCH,short,2021-07-10 19:55:00+00:00,2021-07-10 20:00:00+00:00,2021-07-10 20:25:00+00:00,56747,56748,56753,2.4842,2.5009549353639215,2.5009549353639215,2.449490129272157,stop,-0.6699415142193854,-0.7499415142193855,6
1INCH,short,2021-07-12 15:00:00+00:00,2021-07-12 15:05:00+00:00,2021-07-12 15:35:00+00:00,57264,57265,57271,2.5402,2.562906927312307,2.562906927312307,2.4941861453753864,stop,-0.8859832977282323,-0.9659832977282323,7
1INCH,short,2021-07-13 14:05:00+00:00,2021-07-13 14:10:00+00:00,2021-07-13 14:35:00+00:00,57541,57542,57547,2.397,2.358555460517741,2.4166722697411296,2.358555460517741,take_profit,1.6300036240750382,1.5500036240750381,6
1INCH,long,2021-07-13 16:15:00+00:00,2021-07-13 16:20:00+00:00,2021-07-13 20:10:00+00:00,57567,57568,57614,2.4268,2.404882190325677,2.404882190325677,2.470635619348646,stop,-0.903156818622175,-0.9831568186221751,47
1INCH,short,2021-07-14 14:30:00+00:00,2021-07-14 14:35:00+00:00,2021-07-14 18:15:00+00:00,57834,57835,57879,2.2269,2.2603479872285632,2.2603479872285632,2.1624040255428736,stop,-1.4797715846210924,-1.5597715846210924,45
1INCH,short,2021-07-15 14:45:00+00:00,2021-07-15 14:50:00+00:00,2021-07-15 18:15:00+00:00,58125,58126,58167,2.2624,2.288205489530622,2.288205489530622,2.2122890209387567,stop,-1.1277610183478504,-1.2077610183478504,42
1INCH,short,2021-07-15 19:20:00+00:00,2021-07-15 19:25:00+00:00,2021-07-16 02:10:00+00:00,58180,58181,58262,2.2618,2.162716692354671,2.3125416538226644,2.162716692354671,take_profit,4.58142797878216,4.50142797878216,82
1INCH,short,2021-07-16 14:15:00+00:00,2021-07-16 14:20:00+00:00,2021-07-16 17:05:00+00:00,58407,58408,58441,2.1617,2.0871012852827113,2.198099357358644,2.0871012852827113,take_profit,3.5742738142765296,3.4942738142765295,34
1INCH,short,2021-07-17 16:25:00+00:00,2021-07-17 16:30:00+00:00,2021-07-17 17:30:00+00:00,58721,58722,58734,1.9913,2.011640814976546,2.011640814976546,1.9527183700469077,stop,-1.011155412293785,-1.091155412293785,13
1INCH,long,2021-07-17 17:35:00+00:00,2021-07-17 17:40:00+00:00,2021-07-17 19:10:00+00:00,58735,58736,58754,2.0477,1.9971426417976266,1.9971426417976266,2.1488147164047464,stop,-2.4689826733590547,-2.548982673359055,19
1INCH,short,2021-07-17 19:20:00+00:00,2021-07-17 19:25:00+00:00,2021-07-17 21:05:00+00:00,58756,58757,58777,1.9956,2.015117541070987,2.015117541070987,1.9574649178580257,stop,-0.9685559612871986,-1.0485559612871986,21
1INCH,long,2021-07-18 14:40:00+00:00,2021-07-18 14:45:00+00:00,2021-07-18 15:05:00+00:00,58988,58989,58993,2.1044,2.083973379350524,2.083973379350524,2.1467532412989523,stop,-0.9706624524556062,-1.0506624524556063,5
1INCH,long,2021-07-19 14:15:00+00:00,2021-07-19 14:20:00+00:00,2021-07-19 14:35:00+00:00,59271,59272,59275,2.0071,1.997625383167321,1.997625383167321,2.0263492336653584,stop,-0.4720550462198658,-0.5520550462198659,4
1INCH,long,2021-07-19 14:45:00+00:00,2021-07-19 14:50:00+00:00,2021-07-19 16:30:00+00:00,59277,59278,59298,2.0185,1.987945930413305,1.987945930413305,2.0817081391733905,stop,-1.5137017382558904,-1.5937017382558902,21
1INCH,short,2021-07-19 16:55:00+00:00,2021-07-19 17:00:00+00:00,2021-07-19 18:00:00+00:00,59303,59304,59316,1.9885,1.965573782167193,2.0002631089164034,1.965573782167193,take_profit,1.1663880562921003,1.0863880562921002,13
1INCH,short,2021-07-20 18:40:00+00:00,2021-07-20 18:45:00+00:00,2021-07-20 20:00:00+00:00,59612,59613,59628,1.6383,1.656822084794243,1.656822084794243,1.6027558304115141,stop,-1.1179284103122744,-1.1979284103122745,16
1INCH,long,2021-07-21 15:20:00+00:00,2021-07-21 15:25:00+00:00,2021-07-21 18:55:00+00:00,59860,59861,59903,1.7998,1.8365627482727842,1.781418625863608,1.8365627482727842,take_profit,2.0426018598057594,1.9626018598057595,43
1INCH,short,2021-07-22 14:10:00+00:00,2021-07-22 14:15:00+00:00,2021-07-22 15:55:00+00:00,60134,60135,60155,1.8199,1.8368041264540924,1.8368041264540924,1.7860917470918154,stop,-0.9203009842277177,-1.0003009842277177,21
1INCH,long,2021-07-22 17:25:00+00:00,2021-07-22 17:30:00+00:00,2021-07-22 18:00:00+00:00,60173,60174,60180,1.8673,1.8463017916940598,1.8463017916940598,1.9092964166118802,stop,-1.1245224819761201,-1.2045224819761202,7
1INCH,short,2021-07-22 18:35:00+00:00,2021-07-22 18:40:00+00:00,2021-07-22 22:10:00+00:00,60187,60188,60230,1.8107,1.846086905524257,1.846086905524257,1.7426261889514862,stop,-1.916860220305161,-1.9968602203051609,43
1INCH,long,2021-07-23 14:20:00+00:00,2021-07-23 14:25:00+00:00,2021-07-23 15:05:00+00:00,60424,60425,60433,2.1104,2.0725807952284634,2.0725807952284634,2.182438409543073,stop,-1.7920396499022218,-1.8720396499022216,9
1INCH,long,2021-07-23 15:50:00+00:00,2021-07-23 15:55:00+00:00,2021-07-23 17:55:00+00:00,60442,60443,60467,2.1303,2.0666136950318386,2.0666136950318386,2.257672609936323,stop,-2.989546306537183,-3.069546306537183,25
1INCH,long,2021-07-26 14:15:00+00:00,2021-07-26 14:20:00+00:00,2021-07-26 16:35:00+00:00,61287,61288,61315,2.2251,2.183866228754898,2.183866228754898,2.306067542490204,stop,-1.853119915738688,-1.9331199157386878,28
1INCH,long,2021-07-26 16:50:00+00:00,2021-07-26 16:55:00+00:00,2021-07-26 17:05:00+00:00,61318,61319,61321,2.2192,2.1805101869875885,2.1805101869875885,2.293579626024823,stop,-1.743412626730867,-1.8234126267308668,3
1INCH,long,2021-07-26 17:45:00+00:00,2021-07-26 17:50:00+00:00,2021-07-26 21:15:00+00:00,61329,61330,61371,2.2165,2.3168445153313684,2.1675277423343156,2.3168445153313684,take_profit,4.527160628530047,4.447160628530047,42
1INCH,long,2021-07-28 14:15:00+00:00,2021-07-28 14:20:00+00:00,2021-07-28 15:40:00+00:00,61863,61864,61880,2.1798,2.16713903794143,2.16713903794143,2.2066219241171394,stop,-0.5808313633622331,-0.6608313633622331,17
1INCH,long,2021-07-28 16:35:00+00:00,2021-07-28 16:40:00+00:00,2021-07-28 22:30:00+00:00,61891,61892,61962,2.1905,2.1561244762477187,2.1561244762477187,2.258651047504563,stop,-1.5693003310788156,-1.6493003310788155,71
1INCH,long,2021-07-29 14:50:00+00:00,2021-07-29 14:55:00+00:00,2021-07-29 16:50:00+00:00,62158,62159,62182,2.1991,2.228934463854063,2.1853827680729685,2.228934463854063,take_profit,1.3566669935001885,1.2766669935001884,24
1INCH,short,2021-07-30 14:25:00+00:00,2021-07-30 14:30:00+00:00,2021-07-30 17:00:00+00:00,62441,62442,62472,2.232,2.248660133600218,2.248660133600218,2.1986797327995644,stop,-0.7408915803360672,-0.8208915803360672,31
1INCH,short,2021-07-30 17:40:00+00:00,2021-07-30 17:45:00+00:00,2021-07-31 03:45:00+00:00,62480,62481,62601,2.2156,2.2566455652104116,2.2566455652104116,2.1341088695791774,stop,-1.8188751411914672,-1.898875141191467,121
1INCH,long,2021-07-31 14:15:00+00:00,2021-07-31 14:20:00+00:00,2021-07-31 14:25:00+00:00,62727,62728,62729,2.3011,2.282247036477025,2.282247036477025,2.3385059270459507,stop,-0.8193022260212568,-0.8993022260212569,2
1INCH,long,2021-07-31 16:05:00+00:00,2021-07-31 16:10:00+00:00,2021-07-31 17:05:00+00:00,62749,62750,62761,2.2995,2.3304810461210375,2.2840094769394814,2.3304810461210375,take_profit,1.3472948954571518,1.2672948954571517,12
1INCH,short,2021-08-01 14:10:00+00:00,2021-08-01 14:15:00+00:00,2021-08-01 16:35:00+00:00,63014,63015,63043,2.4127,2.4578090879092436,2.4578090879092436,2.3203818241815126,stop,-1.8353373388986793,-1.9153373388986792,29
1INCH,short,2021-08-02 18:00:00+00:00,2021-08-02 18:05:00+00:00,2021-08-02 19:30:00+00:00,63348,63349,63366,2.3084,2.336230266411363,2.336230266411363,2.250339467177273,stop,-1.191246719618655,-1.271246719618655,18
1INCH,long,2021-08-04 15:35:00+00:00,2021-08-04 15:40:00+00:00,2021-08-04 16:00:00+00:00,63895,63896,63900,2.2239,2.2023584015970137,2.2023584015970137,2.264883196805972,stop,-0.9686406044779994,-1.0486406044779994,5
1INCH,long,2021-08-04 17:10:00+00:00,2021-08-04 17:15:00+00:00,2021-08-04 17:50:00+00:00,63914,63915,63922,2.2272,2.1966482233755267,2.1966482233755267,2.2892035532489468,stop,-1.3717572119465338,-1.4517572119465338,8
1INCH,short,2021-08-05 15:25:00+00:00,2021-08-05 15:30:00+00:00,2021-08-05 17:55:00+00:00,64181,64182,64211,2.3302,2.2795248767098926,2.3553875616450535,2.2795248767098926,take_profit,2.223056383716604,2.143056383716604,30
1INCH,long,2021-08-06 14:30:00+00:00,2021-08-06 14:35:00+00:00,2021-08-06 19:45:00+00:00,64458,64459,64521,2.3994,2.4420048682903985,2.3780975658548007,2.4420048682903985,take_profit,1.775646757122562,1.6956467571225622,63
1INCH,long,2021-08-07 14:35:00+00:00,2021-08-07 14:40:00+00:00,2021-08-07 15:30:00+00:00,64747,64748,64758,2.5885,2.5687491371338784,2.5687491371338784,2.6277017257322433,stop,-0.7630234833348015,-0.8430234833348016,11
1INCH,long,2021-08-07 16:45:00+00:00,2021-08-07 16:50:00+00:00,2021-08-07 18:30:00+00:00,64773,64774,64794,2.5918,2.6423866624672936,2.5653066687663535,2.6423866624672936,take_profit,1.9517965301062423,1.8717965301062425,21
1INCH,long,2021-08-09 14:10:00+00:00,2021-08-09 14:15:00+00:00,2021-08-09 14:45:00+00:00,65318,65319,65325,2.4752,2.4583748897257878,2.4583748897257878,2.5094502205484246,stop,-0.6797475062302993,-0.7597475062302994,7
1INCH,short,2021-08-09 15:10:00+00:00,2021-08-09 15:15:00+00:00,2021-08-09 16:35:00+00:00,65330,65331,65347,2.4456,2.471116276526781,2.471116276526781,2.394567446946439,stop,-1.0325809744025638,-1.1125809744025639,17
1INCH,long,2021-08-09 16:40:00+00:00,2021-08-09 16:45:00+00:00,2021-08-09 18:10:00+00:00,65348,65349,65366,2.4782,2.51666160749347,2.459119196253265,2.51666160749347,take_profit,1.5519977198559243,1.4719977198559242,18
1INCH,long,2021-08-10 14:05:00+00:00,2021-08-10 14:10:00+00:00,2021-08-10 15:05:00+00:00,65605,65606,65617,2.7925,2.7540320776692466,2.7540320776692466,2.8694358446615067,stop,-1.3775442195435361,-1.4575442195435362,12
1INCH,long,2021-08-10 15:15:00+00:00,2021-08-10 15:20:00+00:00,2021-08-10 19:40:00+00:00,65619,65620,65672,2.7921,2.762979588985539,2.762979588985539,2.8494408220289213,stop,-1.04295730863726,-1.1229573086372602,53
1INCH,long,2021-08-11 14:10:00+00:00,2021-08-11 14:15:00+00:00,2021-08-11 15:05:00+00:00,65894,65895,65905,2.8701,2.9196974827744295,2.846501258612785,2.9196974827744295,take_profit,1.728075076632507,1.6480750766325072,11
1INCH,short,2021-08-12 14:05:00+00:00,2021-08-12 14:10:00+00:00,2021-08-12 14:20:00+00:00,66181,66182,66184,2.9436,2.8571274571869494,2.984886271406525,2.8571274571869494,take_profit,3.0265553115431887,2.9465553115431886,3
1INCH,long,2021-08-13 14:35:00+00:00,2021-08-13 14:40:00+00:00,2021-08-13 15:40:00+00:00,66475,66476,66488,2.9043,2.946383361486884,2.882208319256558,2.946383361486884,take_profit,1.4490018760763057,1.3690018760763056,13
1INCH,long,2021-08-14 14:40:00+00:00,2021-08-14 14:45:00+00:00,2021-08-14 16:25:00+00:00,66764,66765,66785,3.0587,3.0915751391789916,3.042262430410504,3.0915751391789916,take_profit,1.07480757115741,0.99480757115741,21
1INCH,short,2021-08-14 18:55:00+00:00,2021-08-14 19:00:00+00:00,2021-08-15 11:15:00+00:00,66815,66816,67011,2.982,3.0682103027551735,3.0682103027551735,2.8125793944896533,stop,-2.8097911892727367,-2.889791189272737,196
1INCH,short,2021-08-15 15:15:00+00:00,2021-08-15 15:20:00+00:00,2021-08-15 17:00:00+00:00,67059,67060,67080,2.9924,2.9177322777054893,3.030633861147255,2.9177322777054893,take_profit,2.5591012192945017,2.4791012192945017,21
1INCH,long,2021-08-16 14:15:00+00:00,2021-08-16 14:20:00+00:00,2021-08-16 14:50:00+00:00,67335,67336,67342,3.1372,3.224615575544992,3.0933422122275043,3.224615575544992,take_profit,2.786420232850695,2.7064202328506948,7
1INCH,short,2021-08-17 14:45:00+00:00,2021-08-17 14:50:00+00:00,2021-08-17 17:20:00+00:00,67629,67630,67660,3.0752,3.111872055457211,3.111872055457211,3.001855889085579,stop,-1.178456401923711,-1.258456401923711,31
1INCH,long,2021-08-17 17:25:00+00:00,2021-08-17 17:30:00+00:00,2021-08-17 17:50:00+00:00,67661,67662,67666,3.1311,3.0944776850605,3.0944776850605,3.202844629879,stop,-1.1696309584331432,-1.2496309584331433,5
1INCH,long,2021-08-17 18:10:00+00:00,2021-08-17 18:15:00+00:00,2021-08-17 20:35:00+00:00,67670,67671,67699,3.1442,3.2351266288118126,3.0991866855940935,3.2351266288118126,take_profit,2.891884384320731,2.811884384320731,29
1INCH,long,2021-08-19 14:25:00+00:00,2021-08-19 14:30:00+00:00,2021-08-19 16:45:00+00:00,68201,68202,68229,3.342,3.2750517970654407,3.2750517970654407,3.476196405869118,stop,-2.0032376700945376,-2.0832376700945376,28
1INCH,long,2021-08-19 17:00:00+00:00,2021-08-19 17:05:00+00:00,2021-08-19 19:15:00+00:00,68232,68233,68259,3.3431,3.272818666593199,3.272818666593199,3.483662666813603,stop,-2.102280320863903,-2.182280320863903,27
1INCH,short,2021-08-19 19:35:00+00:00,2021-08-19 19:40:00+00:00,2021-08-19 23:00:00+00:00,68263,68264,68304,3.2336,3.276861888956166,3.276861888956166,3.1473762220876678,stop,-1.3202231409864762,-1.4002231409864763,41
1INCH,long,2021-08-20 15:05:00+00:00,2021-08-20 15:10:00+00:00,2021-08-20 16:50:00+00:00,68497,68498,68518,3.4399,3.4015417622959916,3.4015417622959916,3.5163164754080167,stop,-1.1150974651591206,-1.1950974651591206,21
1INCH,long,2021-08-20 17:00:00+00:00,2021-08-20 17:05:00+00:00,2021-08-20 17:10:00+00:00,68520,68521,68522,3.431,3.388365396601145,3.388365396601145,3.5153692067977094,stop,-1.242629070208534,-1.3226290702085342,2
1INCH,long,2021-08-20 17:20:00+00:00,2021-08-20 17:25:00+00:00,2021-08-20 17:45:00+00:00,68524,68525,68529,3.4363,3.5438459395915616,3.3834270302042193,3.5438459395915616,take_profit,3.1297017021669093,3.0497017021669093,5
1INCH,long,2021-08-22 16:05:00+00:00,2021-08-22 16:10:00+00:00,2021-08-22 16:45:00+00:00,69085,69086,69093,3.4784,3.4532205478677755,3.4532205478677755,3.5251589042644484,stop,-0.7238802935897182,-0.8038802935897182,8
1INCH,long,2021-08-22 16:50:00+00:00,2021-08-22 16:55:00+00:00,2021-08-22 17:15:00+00:00,69094,69095,69099,3.4664,3.4286296013283084,3.4286296013283084,3.5419407973433836,stop,-1.0896145474178276,-1.1696145474178277,5
1INCH,short,2021-08-22 17:40:00+00:00,2021-08-22 17:45:00+00:00,2021-08-22 19:30:00+00:00,69104,69105,69126,3.4341,3.4614360329394716,3.4614360329394716,3.3794279341210567,stop,-0.7897309867736513,-0.8697309867736513,22
1INCH,long,2021-08-23 17:35:00+00:00,2021-08-23 17:40:00+00:00,2021-08-23 19:05:00+00:00,69391,69392,69409,3.4679,3.4363822869273752,3.4363822869273752,3.5306354261452495,stop,-0.9088414623439234,-0.9888414623439234,18
1INCH,short,2021-08-24 19:25:00+00:00,2021-08-24 19:30:00+00:00,2021-08-24 22:25:00+00:00,69701,69702,69737,3.4099,3.355956635846375,3.4367216820768127,3.355956635846375,take_profit,1.6073915728657795,1.5273915728657794,36
1INCH,long,2021-08-25 14:10:00+00:00,2021-08-25 14:15:00+00:00,2021-08-25 17:15:00+00:00,69926,69927,69963,3.1292,3.0944269692787265,3.0944269692787265,3.2008460614425474,stop,-1.1112434718545838,-1.191243471854584,37
1INCH,short,2021-08-25 17:25:00+00:00,2021-08-25 17:30:00+00:00,2021-08-25 17:45:00+00:00,69965,69966,69969,3.0822,3.0225289185533577,3.113685540723321,3.0225289185533577,take_profit,1.9742104394885995,1.8942104394885997,4
1INCH,short,2021-08-26 14:20:00+00:00,2021-08-26 14:25:00+00:00,2021-08-26 17:05:00+00:00,70216,70217,70249,2.9884,3.0266192876264513,3.0266192876264513,2.9158614247470975,stop,-1.262771561084708,-1.342771561084708,33
1INCH,short,2021-08-26 17:20:00+00:00,2021-08-26 17:25:00+00:00,2021-08-26 18:00:00+00:00,70252,70253,70260,2.9878,3.0203304965208204,3.0203304965208204,2.9230390069583585,stop,-1.077050890897302,-1.157050890897302,8
1INCH,short,2021-08-26 18:55:00+00:00,2021-08-26 19:00:00+00:00,2021-08-26 19:30:00+00:00,70271,70272,70278,2.9825,3.0129913878524714,3.0129913878524714,2.921517224295057,stop,-1.0119971791291538,-1.0919971791291538,7
1INCH,long,2021-08-28 14:10:00+00:00,2021-08-28 14:15:00+00:00,2021-08-28 14:40:00+00:00,70790,70791,70796,3.3283,3.279387298830587,3.279387298830587,3.425825402338825,stop,-1.4696001312806128,-1.549600131280613,6
1INCH,short,2021-08-28 15:00:00+00:00,2021-08-28 15:05:00+00:00,2021-08-28 15:20:00+00:00,70800,70801,70804,3.2514,3.3022603423395003,3.3022603423395003,3.150879315320999,stop,-1.5401675539448267,-1.6201675539448266,4
1INCH,long,2021-08-28 15:50:00+00:00,2021-08-28 15:55:00+00:00,2021-08-28 16:40:00+00:00,70810,70811,70820,3.309,3.2714776482440393,3.2714776482440393,3.3807447035119216,stop,-1.1339483758223246,-1.2139483758223246,10
1INCH,short,2021-08-31 16:00:00+00:00,2021-08-31 16:05:00+00:00,2021-08-31 16:05:00+00:00,71676,71677,71677,3.0704,3.105910102996979,3.105910102996979,3.0032797940060414,stop,-1.1433074950467748,-1.2233074950467748,1
1INCH,long,2021-08-31 16:30:00+00:00,2021-08-31 16:35:00+00:00,2021-08-31 19:05:00+00:00,71682,71683,71713,3.1499,3.108357684638636,3.108357684638636,3.2320846307227282,stop,-1.3188455303776103,-1.3988455303776104,31
1INCH,long,2021-09-01 14:05:00+00:00,2021-09-01 14:10:00+00:00,2021-09-01 15:30:00+00:00,71941,71942,71958,3.1266,3.1649332045459637,3.106833397727018,3.1649332045459637,take_profit,1.2260348156452272,1.1460348156452271,17
1INCH,long,2021-09-01 18:10:00+00:00,2021-09-01 18:15:00+00:00,2021-09-01 19:40:00+00:00,71990,71991,72008,3.1259,3.172009179462656,3.102845410268672,3.172009179462656,take_profit,1.4750689229551694,1.3950689229551694,18
1INCH,long,2021-09-02 14:05:00+00:00,2021-09-02 14:10:00+00:00,2021-09-02 16:45:00+00:00,72229,72230,72261,3.3457,3.3227579944304906,3.3227579944304906,3.3915840111390185,stop,-0.685716160131189,-0.765716160131189,32
1INCH,long,2021-09-02 17:05:00+00:00,2021-09-02 17:10:00+00:00,2021-09-02 17:30:00+00:00,72265,72266,72270,3.3487,3.4308715895315594,3.3076142052342203,3.4308715895315594,take_profit,2.453835504272095,2.373835504272095,5
1INCH,long,2021-09-03 19:35:00+00:00,2021-09-03 19:40:00+00:00,2021-09-03 19:55:00+00:00,72583,72584,72587,3.4069,3.383501999533484,3.383501999533484,3.4536960009330318,stop,-0.6867827193787868,-0.7667827193787868,4
1INCH,long,2021-09-04 14:10:00+00:00,2021-09-04 14:15:00+00:00,2021-09-04 16:35:00+00:00,72806,72807,72835,3.5677,3.5392983189456144,3.5392983189456144,3.6257033621087706,stop,-0.7960781751376378,-0.8760781751376379,29
1INCH,long,2021-09-04 18:10:00+00:00,2021-09-04 18:15:00+00:00,2021-09-04 19:20:00+00:00,72854,72855,72868,3.5589,3.6090602650396715,3.5339698674801645,3.6090602650396715,take_profit,1.4094317075408647,1.3294317075408646,14
1INCH,long,2021-09-04 19:50:00+00:00,2021-09-04 19:55:00+00:00,2021-09-04 19:55:00+00:00,72874,72875,72875,3.5592,3.5353879736184424,3.5353879736184424,3.605624052763116,stop,-0.669027488805285,-0.749027488805285,1
1INCH,long,2021-09-05 14:25:00+00:00,2021-09-05 14:30:00+00:00,2021-09-05 15:20:00+00:00,73097,73098,73108,3.7976,3.754485431094023,3.754485431094023,3.8835291378119536,stop,-1.135310957077551,-1.215310957077551,11
1INCH,long,2021-09-05 15:30:00+00:00,2021-09-05 15:35:00+00:00,2021-09-05 18:05:00+00:00,73110,73111,73141,3.805,3.957693497546295,3.730603251226852,3.957693497546295,take_profit,4.012969712123393,3.932969712123393,31
1INCH,long,2021-09-06 14:25:00+00:00,2021-09-06 14:30:00+00:00,2021-09-06 18:15:00+00:00,73385,73386,73431,3.8883,3.95886030916006,3.8530198454199702,3.95886030916006,take_profit,1.8146827446457348,1.734682744645735,46
1INCH,long,2021-09-07 15:15:00+00:00,2021-09-07 15:20:00+00:00,2021-09-07 15:30:00+00:00,73683,73684,73686,3.7375,3.7050342257522284,3.7050342257522284,3.8021315484955434,stop,-0.8686494782012444,-0.9486494782012445,3
1INCH,short,2021-09-07 15:55:00+00:00,2021-09-07 16:00:00+00:00,2021-09-07 17:20:00+00:00,73691,73692,73708,3.6585,3.5662711496373123,3.704914425181344,3.5662711496373123,take_profit,2.5861424017651347,2.5061424017651346,17
1INCH,short,2021-09-08 14:40:00+00:00,2021-09-08 14:45:00+00:00,2021-09-08 15:10:00+00:00,73964,73965,73970,2.8609,2.7525750043838695,2.914012497808065,2.7525750043838695,take_profit,3.935405772544165,3.855405772544165,6
1INCH,long,2021-09-09 14:10:00+00:00,2021-09-09 14:15:00+00:00,2021-09-09 16:55:00+00:00,74246,74247,74279,2.9674,3.0527469366562237,2.9244265316718883,3.0527469366562237,take_profit,2.876152074416116,2.796152074416116,33
1INCH,short,2021-09-10 14:15:00+00:00,2021-09-10 14:20:00+00:00,2021-09-10 17:30:00+00:00,74535,74536,74574,3.0624,2.948012332074465,3.119293833962767,2.948012332074465,take_profit,3.8801624633992615,3.8001624633992614,39
1INCH,short,2021-09-11 14:15:00+00:00,2021-09-11 14:20:00+00:00,2021-09-11 15:00:00+00:00,74823,74824,74832,2.8735,2.9057227439146818,2.9057227439146818,2.809354512170637,stop,-1.1089407611983737,-1.1889407611983738,9
1INCH,long,2021-09-11 15:10:00+00:00,2021-09-11 15:15:00+00:00,2021-09-11 16:00:00+00:00,74834,74835,74844,2.9143,2.8834156704143803,2.8834156704143803,2.97576865917124,stop,-1.0597512124908115,-1.1397512124908116,10
1INCH,short,2021-09-11 18:05:00+00:00,2021-09-11 18:10:00+00:00,2021-09-11 18:30:00+00:00,74869,74870,74874,2.864,2.9056975811198282,2.9056975811198282,2.7827048377603436,stop,-1.4350282490085742,-1.5150282490085742,5
1INCH,long,2021-09-12 14:25:00+00:00,2021-09-12 14:30:00+00:00,2021-09-12 14:40:00+00:00,75113,75114,75116,2.9558,2.9347658171027127,2.9347658171027127,2.9945683657945743,stop,-0.7116240238611349,-0.791624023861135,3
1INCH,short,2021-09-12 15:30:00+00:00,2021-09-12 15:35:00+00:00,2021-09-12 16:15:00+00:00,75126,75127,75135,2.9281,2.945149574439901,2.945149574439901,2.8937008511201974,stop,-0.5789035160682299,-0.6589035160682299,9
1INCH,short,2021-09-13 14:10:00+00:00,2021-09-13 14:15:00+00:00,2021-09-13 14:45:00+00:00,75398,75399,75405,2.8055,2.857487262846729,2.857487262846729,2.701825474306542,stop,-1.819334893375435,-1.8993348933754348,7
1INCH,short,2021-09-13 16:15:00+00:00,2021-09-13 16:20:00+00:00,2021-09-13 22:30:00+00:00,75423,75424,75498,2.806,2.869947808494348,2.869947808494348,2.677504383011304,stop,-2.22818715744858,-2.30818715744858,75
1INCH,long,2021-09-14 15:10:00+00:00,2021-09-14 15:15:00+00:00,2021-09-14 20:00:00+00:00,75698,75699,75756,2.9274,2.983435955543802,2.898182022228099,2.983435955543802,take_profit,1.9141885476464449,1.834188547646445,58
1INCH,long,2021-09-15 16:30:00+00:00,2021-09-15 16:35:00+00:00,2021-09-16 05:55:00+00:00,76002,76003,76163,3.149,3.2842629125656773,3.0813685437171614,3.2842629125656773,take_profit,4.295424343146315,4.2154243431463145,161
1INCH,long,2021-09-16 14:25:00+00:00,2021-09-16 14:30:00+00:00,2021-09-16 18:50:00+00:00,76265,76266,76318,3.3406,3.299459198259347,3.299459198259347,3.4225816034813064,stop,-1.231539296553097,-1.311539296553097,53
1INCH,short,2021-09-16 19:25:00+00:00,2021-09-16 19:30:00+00:00,2021-09-16 20:55:00+00:00,76325,76326,76343,3.258,3.3067338763206546,3.3067338763206546,3.1578322473586904,stop,-1.4737767883177821,-1.5537767883177822,18
1INCH,short,2021-09-17 14:25:00+00:00,2021-09-17 14:30:00+00:00,2021-09-17 15:55:00+00:00,76553,76554,76571,3.2459,3.2711467074861957,3.2711467074861957,3.1975065850276083,stop,-0.7717999143363907,-0.8517999143363908,18
1INCH,short,2021-09-17 16:15:00+00:00,2021-09-17 16:20:00+00:00,2021-09-17 19:00:00+00:00,76575,76576,76608,3.2401,3.1337840542445865,3.2935579728777067,3.1337840542445865,take_profit,3.3925740866353804,3.3125740866353803,33
1INCH,long,2021-09-18 14:50:00+00:00,2021-09-18 14:55:00+00:00,2021-09-18 20:00:00+00:00,76846,76847,76908,3.2426,3.303570428341234,3.211814785829383,3.303570428341234,take_profit,1.880294465590393,1.8002944655903932,62
1INCH,short,2021-09-20 14:40:00+00:00,2021-09-20 14:45:00+00:00,2021-09-20 16:00:00+00:00,77420,77421,77436,2.8105,2.8432676923557776,2.8432676923557776,2.744664615288445,stop,-1.1524659617479727,-1.2324659617479727,16
1INCH,short,2021-09-20 16:05:00+00:00,2021-09-20 16:10:00+00:00,2021-09-20 16:30:00+00:00,77437,77438,77442,2.8121,2.7289587225704013,2.8553206387147996,2.7289587225704013,take_profit,3.0466300842868055,2.9666300842868054,5
1INCH,short,2021-09-20 17:45:00+00:00,2021-09-20 17:50:00+00:00,2021-09-20 19:10:00+00:00,77457,77458,77474,2.8047,2.7256766586882093,2.8448116706558952,2.7256766586882093,take_profit,2.899219210756354,2.819219210756354,17
1INCH,short,2021-09-21 14:05:00+00:00,2021-09-21 14:10:00+00:00,2021-09-21 15:00:00+00:00,77701,77702,77712,2.5166,2.54987008723755,2.54987008723755,2.4500598255249,stop,-1.3047757767766788,-1.3847757767766788,11
1INCH,long,2021-09-22 14:05:00+00:00,2021-09-22 14:10:00+00:00,2021-09-22 16:35:00+00:00,77989,77990,78019,2.3907,2.460350370813104,2.355874814593448,2.460350370813104,take_profit,2.9133881630110103,2.8333881630110103,30
1INCH,long,2021-09-23 15:55:00+00:00,2021-09-23 16:00:00+00:00,2021-09-23 17:25:00+00:00,78299,78300,78317,2.6756,2.644008315257462,2.644008315257462,2.742083369485076,stop,-1.1807327232223885,-1.2607327232223886,18
1INCH,short,2021-09-24 14:15:00+00:00,2021-09-24 14:20:00+00:00,2021-09-24 14:45:00+00:00,78567,78568,78573,2.6754,2.699160965555743,2.699160965555743,2.627578068888514,stop,-0.8803093205243862,-0.9603093205243862,6
1INCH,short,2021-09-24 18:00:00+00:00,2021-09-24 18:05:00+00:00,2021-09-24 18:15:00+00:00,78612,78613,78615,2.672,2.5525301407019794,2.72963492964901,2.5525301407019794,take_profit,4.6804485241128235,4.6004485241128235,3
1INCH,short,2021-09-25 14:10:00+00:00,2021-09-25 14:15:00+00:00,2021-09-25 17:30:00+00:00,78854,78855,78894,2.5255,2.4419308317160753,2.5665345841419622,2.4419308317160753,take_profit,3.4222577969252432,3.342257796925243,40
1INCH,short,2021-09-26 15:55:00+00:00,2021-09-26 16:00:00+00:00,2021-09-26 16:40:00+00:00,79163,79164,79172,2.3261,2.263588096935852,2.3579559515320736,2.263588096935852,take_profit,2.7616289000975014,2.6816289000975013,9
1INCH,long,2021-09-26 18:15:00+00:00,2021-09-26 18:20:00+00:00,2021-09-26 20:15:00+00:00,79191,79192,79215,2.4075,2.6757331395427046,2.273083430228648,2.6757331395427046,take_profit,11.141563428565092,11.061563428565094,24
1INCH,short,2021-09-28 14:05:00+00:00,2021-09-28 14:10:00+00:00,2021-09-28 16:20:00+00:00,79717,79718,79744,2.5677,2.505916622264884,2.599341688867558,2.505916622264884,take_profit,2.465500136204657,2.385500136204657,27
1INCH,long,2021-09-29 15:40:00+00:00,2021-09-29 15:45:00+00:00,2021-09-29 18:00:00+00:00,80024,80025,80052,2.5201,2.5027028928624855,2.5027028928624855,2.554594214275029,stop,-0.6903340001394476,-0.7703340001394476,28
1INCH,long,2021-09-29 19:00:00+00:00,2021-09-29 19:05:00+00:00,2021-09-30 00:40:00+00:00,80064,80065,80132,2.5454,2.4741702322819368,2.4741702322819368,2.6899595354361265,stop,-2.798372268329663,-2.878372268329663,68
1INCH,long,2021-10-01 14:15:00+00:00,2021-10-01 14:20:00+00:00,2021-10-01 15:30:00+00:00,80583,80584,80598,2.5926,2.5649632234708366,2.5649632234708366,2.647873553058327,stop,-1.0659869061622862,-1.1459869061622863,15
1INCH,long,2021-10-01 15:45:00+00:00,2021-10-01 15:50:00+00:00,2021-10-01 16:55:00+00:00,80601,80602,80615,2.5904,2.6341510267817,2.56867448660915,2.6341510267817,take_profit,1.6889679887932552,1.6089679887932553,14
1INCH,long,2021-10-03 14:10:00+00:00,2021-10-03 14:15:00+00:00,2021-10-03 17:00:00+00:00,81158,81159,81192,3.1282,3.225191097296209,3.0806044513518955,3.225191097296209,take_profit,3.1005401603544813,3.0205401603544813,34
1INCH,short,2021-10-04 15:25:00+00:00,2021-10-04 15:30:00+00:00,2021-10-04 15:35:00+00:00,81461,81462,81463,2.9782,3.004144034285265,3.004144034285265,2.9275119314294704,stop,-0.8636082021758806,-0.9436082021758807,2
1INCH,long,2021-10-05 14:25:00+00:00,2021-10-05 14:30:00+00:00,2021-10-05 17:25:00+00:00,81737,81738,81773,3.1883,3.162807408646914,3.162807408646914,3.2392851827061717,stop,-0.7995668962483382,-0.8795668962483383,36
1INCH,long,2021-10-05 18:55:00+00:00,2021-10-05 19:00:00+00:00,2021-10-05 20:10:00+00:00,81791,81792,81806,3.1924,3.2485828906576963,3.1635585546711518,3.2485828906576963,take_profit,1.7598950838772165,1.6798950838772166,15
1INCH,short,2021-10-06 14:25:00+00:00,2021-10-06 14:30:00+00:00,2021-10-06 15:10:00+00:00,82025,82026,82034,3.1171,3.154559473757187,3.154559473757187,3.0442810524856254,stop,-1.18747083606483,-1.2674708360648301,9
1INCH,short,2021-10-06 16:10:00+00:00,2021-10-06 16:15:00+00:00,2021-10-06 17:05:00+00:00,82046,82047,82057,3.1083,3.043709228767154,3.1389453856164233,3.043709228767154,take_profit,2.12210715210166,2.04210715210166,11
1INCH,short,2021-10-07 14:10:00+00:00,2021-10-07 14:15:00+00:00,2021-10-07 14:45:00+00:00,82310,82311,82317,3.0638,3.092864715850031,3.092864715850031,3.0056705682999385,stop,-0.93973447015262,-1.01973447015262,7
1INCH,short,2021-10-07 15:50:00+00:00,2021-10-07 15:55:00+00:00,2021-10-07 16:20:00+00:00,82330,82331,82336,3.0703,3.0928348531194563,3.0928348531194563,3.026730293761088,stop,-0.7286148206952392,-0.8086148206952393,6
1INCH,short,2021-10-08 14:05:00+00:00,2021-10-08 14:10:00+00:00,2021-10-08 14:35:00+00:00,82597,82598,82603,3.1061,3.1277019657556875,3.1277019657556875,3.0676960684886247,stop,-0.6906657345297273,-0.7706657345297274,6
1INCH,long,2021-10-09 14:10:00+00:00,2021-10-09 14:15:00+00:00,2021-10-09 14:40:00+00:00,82886,82887,82892,3.2181,3.198461039358985,3.198461039358985,3.25767792128203,stop,-0.6102657046398563,-0.6902657046398564,6
1INCH,short,2021-10-09 15:45:00+00:00,2021-10-09 15:50:00+00:00,2021-10-09 19:55:00+00:00,82905,82906,82955,3.1959,3.219257153712282,3.219257153712282,3.150385692575436,stop,-0.7255448259343766,-0.8055448259343767,50
1INCH,long,2021-10-10 14:40:00+00:00,2021-10-10 14:45:00+00:00,2021-10-10 18:10:00+00:00,83180,83181,83222,3.1645,3.145195868495985,3.145195868495985,3.20280826300803,stop,-0.6100215359145178,-0.6900215359145179,42
1INCH,short,2021-10-12 14:10:00+00:00,2021-10-12 14:15:00+00:00,2021-10-12 14:45:00+00:00,83750,83751,83757,2.7838,2.8051506162787536,2.8051506162787536,2.741398767442493,stop,-0.7611219217553811,-0.8411219217553811,7
1INCH,short,2021-10-12 18:40:00+00:00,2021-10-12 18:45:00+00:00,2021-10-12 18:55:00+00:00,83804,83805,83807,2.7781,2.725405875592825,2.8050470622035877,2.725405875592825,take_profit,1.933441359287924,1.8534413592879242,3
1INCH,long,2021-10-13 14:05:00+00:00,2021-10-13 14:10:00+00:00,2021-10-13 14:30:00+00:00,84037,84038,84042,2.9339,2.91457570217967,2.91457570217967,2.9725485956406597,stop,-0.6586556399444388,-0.7386556399444388,5
1INCH,long,2021-10-13 14:50:00+00:00,2021-10-13 14:55:00+00:00,2021-10-13 15:25:00+00:00,84046,84047,84053,2.9496,2.9069383326561775,2.9069383326561775,3.032823334687645,stop,-1.4463543308863125,-1.5263543308863126,7
1INCH,long,2021-10-14 14:40:00+00:00,2021-10-14 14:45:00+00:00,2021-10-14 15:45:00+00:00,84332,84333,84345,3.0191,3.05915136342341,2.999374318288295,3.05915136342341,take_profit,1.3265994310691864,1.2465994310691864,13
1INCH,short,2021-10-15 17:25:00+00:00,2021-10-15 17:30:00+00:00,2021-10-15 18:35:00+00:00,84653,84654,84667,3.0872,3.120401731849794,3.120401731849794,3.017196536300412,stop,-1.064021068534382,-1.1440210685343821,14
1INCH,short,2021-10-15 19:10:00+00:00,2021-10-15 19:15:00+00:00,2021-10-15 19:55:00+00:00,84674,84675,84683,3.087,3.124160081903419,3.124160081903419,3.0120798361931627,stop,-1.1894423118286146,-1.2694423118286147,9
1INCH,short,2021-10-16 16:35:00+00:00,2021-10-16 16:40:00+00:00,2021-10-16 17:20:00+00:00,84931,84932,84940,3.2363,3.257380082497475,3.257380082497475,3.1938398350050505,stop,-0.6471483819386781,-0.7271483819386781,9
1INCH,long,2021-10-16 17:35:00+00:00,2021-10-16 17:40:00+00:00,2021-10-16 20:00:00+00:00,84943,84944,84972,3.2775,3.327803195982349,3.2529484020088253,3.327803195982349,take_profit,1.5348038438550482,1.4548038438550481,29
1INCH,long,2021-10-17 15:00:00+00:00,2021-10-17 15:05:00+00:00,2021-10-17 16:00:00+00:00,85200,85201,85212,3.2755,3.3708674444368247,3.227216277781588,3.3708674444368247,take_profit,2.9115385265402027,2.8315385265402027,12
1INCH,long,2021-10-19 14:10:00+00:00,2021-10-19 14:15:00+00:00,2021-10-19 17:05:00+00:00,85766,85767,85801,3.5647,3.5219785542992006,3.5219785542992006,3.6510428914015987,stop,-1.1984583752012723,-1.2784583752012724,35
1INCH,long,2021-10-19 17:55:00+00:00,2021-10-19 18:00:00+00:00,2021-10-19 23:25:00+00:00,85811,85812,85877,3.5723,3.508642726088189,3.508642726088189,3.7011145478236216,stop,-1.7819688691266267,-1.8619688691266265,66
1INCH,long,2021-10-20 14:05:00+00:00,2021-10-20 14:10:00+00:00,2021-10-20 14:50:00+00:00,86053,86054,86062,3.7206,3.6808353624312673,3.6808353624312673,3.801029275137465,stop,-1.0687694879517484,-1.1487694879517485,9
1INCH,long,2021-10-20 16:20:00+00:00,2021-10-20 16:25:00+00:00,2021-10-20 17:50:00+00:00,86080,86081,86098,3.7196,3.7869672538582133,3.685316373070893,3.7869672538582133,take_profit,1.8111424308585145,1.7311424308585146,18
1INCH,long,2021-10-21 14:30:00+00:00,2021-10-21 14:35:00+00:00,2021-10-21 15:10:00+00:00,86346,86347,86354,4.4607,4.375655651833547,4.375655651833547,4.6313886963329045,stop,-1.9065247195833135,-1.9865247195833133,8
1INCH,short,2021-10-22 14:10:00+00:00,2021-10-22 14:15:00+00:00,2021-10-22 22:55:00+00:00,86630,86631,86735,4.1567,4.005644255056521,4.232227872471739,4.005644255056521,take_profit,3.7710723999714535,3.6910723999714534,105
1INCH,short,2021-10-24 14:15:00+00:00,2021-10-24 14:20:00+00:00,2021-10-24 14:35:00+00:00,87207,87208,87211,3.9949,4.022567955092701,4.022567955092701,3.9398640898145976,stop,-0.6878182146723755,-0.7678182146723755,4
1INCH,short,2021-10-24 15:15:00+00:00,2021-10-24 15:20:00+00:00,2021-10-24 17:10:00+00:00,87219,87220,87242,3.9903,3.9499948872394017,4.010452556380299,3.9499948872394017,take_profit,1.020383922288226,0.940383922288226,23
1INCH,long,2021-10-25 18:45:00+00:00,2021-10-25 18:50:00+00:00,2021-10-25 19:30:00+00:00,87549,87550,87558,3.9979,3.953732836711707,3.953732836711707,4.0862343265765855,stop,-1.1047590807247043,-1.1847590807247044,9
1INCH,long,2021-10-26 14:10:00+00:00,2021-10-26 14:15:00+00:00,2021-10-26 16:05:00+00:00,87782,87783,87805,4.1151,4.084047738106616,4.084047738106616,4.177204523786768,stop,-0.7545931300183217,-0.8345931300183218,23
1INCH,long,2021-10-26 16:30:00+00:00,2021-10-26 16:35:00+00:00,2021-10-26 17:15:00+00:00,87810,87811,87819,4.1223,4.184402108538495,4.091398945730752,4.184402108538495,take_profit,1.5064917288527102,1.4264917288527101,9
1INCH,long,2021-10-27 14:50:00+00:00,2021-10-27 14:55:00+00:00,2021-10-27 15:00:00+00:00,88078,88079,88080,4.1691,4.374219799070508,4.067740100464746,4.374219799070508,take_profit,4.920001896584569,4.840001896584569,2
1INCH,short,2021-10-28 15:05:00+00:00,2021-10-28 15:10:00+00:00,2021-10-28 17:20:00+00:00,88369,88370,88396,4.8233,4.949002057149069,4.949002057149069,4.568895885701863,stop,-2.539947563114997,-2.619947563114997,27
1INCH,short,2021-10-29 14:15:00+00:00,2021-10-29 14:20:00+00:00,2021-10-29 20:40:00+00:00,88647,88648,88724,5.1426,5.003012198347232,5.212243900826384,5.003012198347232,take_profit,2.7900751810855384,2.7100751810855384,77
1INCH,short,2021-10-30 17:35:00+00:00,2021-10-30 17:40:00+00:00,2021-10-30 21:55:00+00:00,88975,88976,89027,4.89,4.8182193569261,4.9275403215369495,4.8182193569261,take_profit,1.4897753247933077,1.4097753247933076,52
1INCH,short,2021-10-31 15:15:00+00:00,2021-10-31 15:20:00+00:00,2021-10-31 16:15:00+00:00,89235,89236,89247,4.4525,4.490507870031683,4.490507870031683,4.374684259936634,stop,-0.8464047081475301,-0.9264047081475302,12
1INCH,short,2021-10-31 17:40:00+00:00,2021-10-31 17:45:00+00:00,2021-10-31 18:45:00+00:00,89264,89265,89277,4.4418,4.497772521607948,4.497772521607948,4.327754956784102,stop,-1.244449810190451,-1.3244498101904512,13
1INCH,short,2021-10-31 19:00:00+00:00,2021-10-31 19:05:00+00:00,2021-11-01 01:00:00+00:00,89280,89281,89352,4.4243,4.5078668262469215,4.5078668262469215,4.259866347506158,stop,-1.8537998008360979,-1.9337998008360977,72
1INCH,short,2021-11-02 14:05:00+00:00,2021-11-02 14:10:00+00:00,2021-11-02 15:55:00+00:00,89797,89798,89819,4.4462,4.470354363679411,4.470354363679411,4.397591272641178,stop,-0.5403232431786531,-0.6203232431786532,22
1INCH,long,2021-11-04 15:45:00+00:00,2021-11-04 15:50:00+00:00,2021-11-04 16:45:00+00:00,90393,90394,90405,4.5,4.453903681162379,4.453903681162379,4.59039263767524,stop,-1.0243626408360185,-1.1043626408360185,12
1INCH,short,2021-11-05 14:10:00+00:00,2021-11-05 14:15:00+00:00,2021-11-05 14:30:00+00:00,90662,90663,90666,4.4723,4.504775371112709,4.504775371112709,4.406749257774583,stop,-0.7209098886697074,-0.8009098886697075,4
1INCH,long,2021-11-05 14:45:00+00:00,2021-11-05 14:50:00+00:00,2021-11-05 16:35:00+00:00,90669,90670,90691,4.5128,4.594097863970959,4.47080106801452,4.594097863970959,take_profit,1.8014949470607888,1.721494947060789,22
1INCH,long,2021-11-05 17:45:00+00:00,2021-11-05 17:50:00+00:00,2021-11-05 18:35:00+00:00,90705,90706,90715,4.5185,4.4795869959195915,4.4795869959195915,4.596326008160818,stop,-0.8611929640457872,-0.9411929640457872,10
1INCH,long,2021-11-05 19:15:00+00:00,2021-11-05 19:20:00+00:00,2021-11-05 20:50:00+00:00,90723,90724,90742,4.5132,4.462326636386588,4.462326636386588,4.6152467272268245,stop,-1.1272127008200905,-1.2072127008200906,19
1INCH,long,2021-11-06 14:40:00+00:00,2021-11-06 14:45:00+00:00,2021-11-06 16:10:00+00:00,90956,90957,90974,4.4185,4.395558503864446,4.395558503864446,4.4643829922711085,stop,-0.519214578149918,-0.5992145781499181,18
1INCH,short,2021-11-06 16:20:00+00:00,2021-11-06 16:25:00+00:00,2021-11-06 18:25:00+00:00,90976,90977,91001,4.3762,4.403200836929899,4.403200836929899,4.323698326140201,stop,-0.6132092977327197,-0.6932092977327198,25
1INCH,short,2021-11-06 18:55:00+00:00,2021-11-06 19:00:00+00:00,2021-11-06 19:20:00+00:00,91007,91008,91012,4.3886,4.424979519345088,4.424979519345088,4.315540961309822,stop,-0.8221398355866771,-0.9021398355866772,5
1INCH,short,2021-11-07 15:35:00+00:00,2021-11-07 15:40:00+00:00,2021-11-07 16:30:00+00:00,91255,91256,91266,4.3747,4.403866505176371,4.403866505176371,4.316366989647258,stop,-0.6622931267804888,-0.7422931267804889,11
1INCH,long,2021-11-07 16:40:00+00:00,2021-11-07 16:45:00+00:00,2021-11-07 18:05:00+00:00,91268,91269,91285,4.4122,4.380153539413424,4.380153539413424,4.476292921173153,stop,-0.726314776904402,-0.8063147769044021,17
1INCH,long,2021-11-07 18:45:00+00:00,2021-11-07 18:50:00+00:00,2021-11-07 19:30:00+00:00,91293,91294,91302,4.4072,4.471128512322708,4.374335743838646,4.471128512322708,take_profit,1.4505471120600077,1.3705471120600077,9
1INCH,short,2021-11-08 16:30:00+00:00,2021-11-08 16:35:00+00:00,2021-11-08 18:35:00+00:00,91554,91555,91579,4.4446,4.4747207568591945,4.4747207568591945,4.38405848628161,stop,-0.6731315426336426,-0.7531315426336427,25
1INCH,short,2021-11-09 20:35:00+00:00,2021-11-09 20:40:00+00:00,2021-11-09 23:00:00+00:00,91891,91892,91920,4.4394,4.535877561428704,4.535877561428704,4.241344877142594,stop,-2.126987779588907,-2.206987779588907,29
1INCH,long,2021-11-11 15:55:00+00:00,2021-11-11 16:00:00+00:00,2021-11-11 23:10:00+00:00,92411,92412,92498,4.346,4.238721094468361,4.238721094468361,4.562957811063278,stop,-2.468451576889985,-2.548451576889985,87
1INCH,short,2021-11-12 16:05:00+00:00,2021-11-12 16:10:00+00:00,2021-11-12 17:35:00+00:00,92701,92702,92719,4.1484,4.19038826013279,4.19038826013279,4.0668234797344205,stop,-1.0020135969801558,-1.0820135969801559,18
1INCH,short,2021-11-12 18:20:00+00:00,2021-11-12 18:25:00+00:00,2021-11-12 18:30:00+00:00,92728,92729,92730,4.1593,4.081199334737125,4.1983503326314375,4.081199334737125,take_profit,1.9136694598110182,1.8336694598110184,2
1INCH,long,2021-11-13 15:25:00+00:00,2021-11-13 15:30:00+00:00,2021-11-13 18:30:00+00:00,92981,92982,93018,4.1495,4.1234325444195745,4.1234325444195745,4.20283491116085,stop,-0.628207147377402,-0.7082071473774021,37
1INCH,short,2021-11-13 18:50:00+00:00,2021-11-13 18:55:00+00:00,2021-11-13 19:35:00+00:00,93022,93023,93031,4.1106,4.1376596915963635,4.1376596915963635,4.057080616807274,stop,-0.6539854317000104,-0.7339854317000105,9
1INCH,short,2021-11-14 16:25:00+00:00,2021-11-14 16:30:00+00:00,2021-11-14 17:05:00+00:00,93281,93282,93289,4.2243,4.192174269770282,4.2402128651148585,4.192174269770282,take_profit,0.7663262107536095,0.6863262107536094,8
1INCH,short,2021-11-14 20:00:00+00:00,2021-11-14 20:05:00+00:00,2021-11-14 20:20:00+00:00,93324,93325,93328,4.2227,4.242800408638015,4.242800408638015,4.18099918272397,stop,-0.473753339824623,-0.553753339824623,4
1INCH,short,2021-11-16 15:15:00+00:00,2021-11-16 15:20:00+00:00,2021-11-16 16:35:00+00:00,93843,93844,93859,3.9555,4.000368686133216,4.000368686133216,3.8657626277335675,stop,-1.121613772469221,-1.201613772469221,16
1INCH,short,2021-11-16 17:15:00+00:00,2021-11-16 17:20:00+00:00,2021-11-16 17:55:00+00:00,93867,93868,93875,3.9575,3.9872684847837556,3.9872684847837556,3.8958630304324884,stop,-0.7465884200514306,-0.8265884200514306,8
1INCH,short,2021-11-16 18:05:00+00:00,2021-11-16 18:10:00+00:00,2021-11-16 19:00:00+00:00,93877,93878,93888,3.9571,3.8915313618677216,3.9898843190661393,3.8915313618677216,take_profit,1.6849058130372851,1.6049058130372853,11
1INCH,short,2021-11-17 15:10:00+00:00,2021-11-17 15:15:00+00:00,2021-11-17 16:40:00+00:00,94130,94131,94148,3.7687,3.8115859948090582,3.8115859948090582,3.6835280103818833,stop,-1.1251482943704816,-1.2051482943704817,18
1INCH,long,2021-11-17 17:00:00+00:00,2021-11-17 17:05:00+00:00,2021-11-17 18:15:00+00:00,94152,94153,94167,3.809,3.766308916748922,3.766308916748922,3.8946821665021556,stop,-1.1207950446594395,-1.2007950446594395,15
1INCH,short,2021-11-17 18:25:00+00:00,2021-11-17 18:30:00+00:00,2021-11-17 19:35:00+00:00,94169,94170,94183,3.7642,3.801243833762181,3.801243833762181,3.6919123324756384,stop,-0.974518746552433,-1.054518746552433,14
1INCH,short,2021-11-18 15:50:00+00:00,2021-11-18 15:55:00+00:00,2021-11-18 17:05:00+00:00,94426,94427,94441,3.8318,3.7727690623950996,3.8611654688024504,3.7727690623950996,take_profit,1.5646581232148238,1.4846581232148237,15
1INCH,short,2021-11-19 16:45:00+00:00,2021-11-19 16:50:00+00:00,2021-11-19 17:00:00+00:00,94725,94726,94728,3.5303,3.5655146080421707,3.5655146080421707,3.4598707839156586,stop,-0.9876444752951685,-1.0676444752951686,3
1INCH,long,2021-11-19 17:15:00+00:00,2021-11-19 17:20:00+00:00,2021-11-19 22:55:00+00:00,94731,94732,94799,3.6191,3.71337230974908,3.5701638451254603,3.71337230974908,take_profit,2.6048550675328075,2.5248550675328074,68
1INCH,long,2021-11-21 15:30:00+00:00,2021-11-21 15:35:00+00:00,2021-11-21 16:50:00+00:00,95286,95287,95302,3.9148,3.8879154418274133,3.8879154418274133,3.965569116345174,stop,-0.6867415493150841,-0.7667415493150842,16
1INCH,short,2021-11-21 17:05:00+00:00,2021-11-21 17:10:00+00:00,2021-11-21 17:35:00+00:00,95305,95306,95311,3.8917,3.9119584622374863,3.9119584622374863,3.851183075525028,stop,-0.517859850329272,-0.597859850329272,6
1INCH,short,2021-11-21 17:50:00+00:00,2021-11-21 17:55:00+00:00,2021-11-21 18:10:00+00:00,95314,95315,95318,3.8912,3.9164397918116136,3.9164397918116136,3.8392204163767722,stop,-0.6444575469890856,-0.7244575469890857,4
1INCH,short,2021-11-23 15:10:00+00:00,2021-11-23 15:15:00+00:00,2021-11-23 17:20:00+00:00,95858,95859,95884,3.824,3.7737398514516896,3.846880074274155,3.7737398514516896,take_profit,1.3318392503652854,1.2518392503652853,26
1INCH,long,2021-11-23 18:40:00+00:00,2021-11-23 18:45:00+00:00,2021-11-24 02:25:00+00:00,95900,95901,95993,3.8529,4.028907765441552,3.764896117279224,4.028907765441552,take_profit,4.568189297452618,4.488189297452618,93
1INCH,short,2021-11-24 15:05:00+00:00,2021-11-24 15:10:00+00:00,2021-11-24 17:30:00+00:00,96145,96146,96174,3.9218,3.966264350487818,3.966264350487818,3.8355712990243633,stop,-1.121063715340842,-1.201063715340842,29
1INCH,long,2021-11-25 15:50:00+00:00,2021-11-25 15:55:00+00:00,2021-11-25 18:50:00+00:00,96442,96443,96478,4.0235,4.073620171174727,3.998439914412637,4.073620171174727,take_profit,1.2456858748534083,1.1656858748534082,36
1INCH,short,2021-11-26 16:25:00+00:00,2021-11-26 16:30:00+00:00,2021-11-26 16:35:00+00:00,96737,96738,96739,4.0794,4.012816916763267,4.112691541618366,4.012816916763267,take_profit,1.6592604302126723,1.5792604302126725,2
1INCH,short,2021-11-27 15:25:00+00:00,2021-11-27 15:30:00+00:00,2021-11-27 17:10:00+00:00,97013,97014,97034,3.7156,3.7550614559329465,3.7550614559329465,3.6333770881341074,stop,-1.050887086564134,-1.130887086564134,21
1INCH,short,2021-11-27 19:00:00+00:00,2021-11-27 19:05:00+00:00,2021-11-27 19:35:00+00:00,97056,97057,97063,3.7099,3.751877201971773,3.751877201971773,3.626845596056454,stop,-1.1188319796210822,-1.1988319796210822,7
1INCH,long,2021-11-27 20:10:00+00:00,2021-11-27 20:15:00+00:00,2021-11-27 20:30:00+00:00,97070,97071,97074,3.7735,3.7448561223710404,3.7448561223710404,3.8298877552579196,stop,-0.7590798364637497,-0.8390798364637497,4
1INCH,long,2021-11-29 15:50:00+00:00,2021-11-29 15:55:00+00:00,2021-11-29 16:45:00+00:00,97594,97595,97605,3.6364,3.689933198377332,3.609933400811334,3.689933198377332,take_profit,1.472148233894277,1.392148233894277,11
1INCH,short,2021-11-30 15:05:00+00:00,2021-11-30 15:10:00+00:00,2021-11-30 17:45:00+00:00,97873,97874,97905,3.5962,3.62704984473986,3.62704984473986,3.5351003105202805,stop,-0.8505492358920841,-0.9305492358920842,32
1INCH,short,2021-11-30 17:55:00+00:00,2021-11-30 18:00:00+00:00,2021-11-30 21:05:00+00:00,97907,97908,97945,3.5894,3.6300710546991675,3.6300710546991675,3.508057890601665,stop,-1.1203927991028872,-1.2003927991028873,38
1INCH,long,2021-12-01 15:10:00+00:00,2021-12-01 15:15:00+00:00,2021-12-01 16:30:00+00:00,98162,98163,98178,3.5934,3.6320469295550177,3.574076535222491,3.6320469295550177,take_profit,1.0754975665113298,0.9954975665113297,16
1INCH,long,2021-12-01 17:50:00+00:00,2021-12-01 17:55:00+00:00,2021-12-01 18:00:00+00:00,98194,98195,98196,3.5945,3.564655522224552,3.564655522224552,3.653588955550896,stop,-0.8302817575587151,-0.9102817575587152,2
1INCH,long,2021-12-01 18:10:00+00:00,2021-12-01 18:15:00+00:00,2021-12-01 20:20:00+00:00,98198,98199,98224,3.5945,3.562734669675537,3.562734669675537,3.6577306606489253,stop,-0.8837204152027489,-0.963720415202749,26
1INCH,short,2021-12-01 20:50:00+00:00,2021-12-01 20:55:00+00:00,2021-12-01 22:00:00+00:00,98230,98231,98244,3.5591,3.5834224825131455,3.5834224825131455,3.5107550349737093,stop,-0.6787500673403057,-0.7587500673403058,14
1INCH,short,2021-12-02 15:10:00+00:00,2021-12-02 15:15:00+00:00,2021-12-02 17:30:00+00:00,98450,98451,98478,3.508,3.5443138752730614,3.5443138752730614,3.4341722494538773,stop,-1.024567139112753,-1.1045671391127532,28
1INCH,short,2021-12-02 18:25:00+00:00,2021-12-02 18:30:00+00:00,2021-12-03 01:45:00+00:00,98489,98490,98577,3.5141,3.425665318458536,3.557417340770732,3.425665318458536,take_profit,2.581533025568805,2.501533025568805,88
1INCH,long,2021-12-03 15:10:00+00:00,2021-12-03 15:15:00+00:00,2021-12-03 23:50:00+00:00,98738,98739,98842,3.46,3.4181974997087816,3.4181974997087816,3.5436050005824367,stop,-1.2081647483011104,-1.2881647483011105,104
1INCH,short,2021-12-05 18:05:00+00:00,2021-12-05 18:10:00+00:00,2021-12-05 21:20:00+00:00,99349,99350,99388,2.624,2.676351893865305,2.676351893865305,2.5216962122693904,stop,-1.9560915732084738,-2.036091573208474,39
1INCH,short,2021-12-06 15:40:00+00:00,2021-12-06 15:45:00+00:00,2021-12-06 17:00:00+00:00,99608,99609,99624,2.5381,2.5912875897443297,2.5912875897443297,2.4317248205113406,stop,-2.052554488927938,-2.132554488927938,16
1INCH,short,2021-12-06 17:20:00+00:00,2021-12-06 17:25:00+00:00,2021-12-07 06:45:00+00:00,99628,99629,99789,2.5106,2.6095880089702868,2.6095880089702868,2.313823982059427,stop,-3.7932427889008524,-3.8732427889008525,161
1INCH,long,2021-12-08 15:10:00+00:00,2021-12-08 15:15:00+00:00,2021-12-08 17:25:00+00:00,100178,100179,100205,2.7072,2.758006483015111,2.6804467584924447,2.758006483015111,take_profit,1.8767170144470713,1.7967170144470714,27
1INCH,long,2021-12-08 19:05:00+00:00,2021-12-08 19:10:00+00:00,2021-12-08 19:35:00+00:00,100225,100226,100231,2.7197,2.680984662218602,2.680984662218602,2.796830675562795,stop,-1.4235150120012419,-1.503515012001242,6
1INCH,short,2021-12-09 15:30:00+00:00,2021-12-09 15:35:00+00:00,2021-12-09 18:30:00+00:00,100470,100471,100506,2.8044,2.706374409384774,2.853262795307613,2.706374409384774,take_profit,3.622026216154972,3.542026216154972,36
1INCH,short,2021-12-10 15:55:00+00:00,2021-12-10 16:00:00+00:00,2021-12-10 17:15:00+00:00,100763,100764,100779,2.4777,2.517451899155856,2.517451899155856,2.399396201688288,stop,-1.579052976908335,-1.6590529769083349,16
1INCH,long,2021-12-10 17:35:00+00:00,2021-12-10 17:40:00+00:00,2021-12-10 21:10:00+00:00,100783,100784,100826,2.5253,2.5816688429774257,2.497265578511287,2.5816688429774257,take_profit,2.2321642172187683,2.1521642172187683,43
1INCH,long,2021-12-11 15:10:00+00:00,2021-12-11 15:15:00+00:00,2021-12-11 15:30:00+00:00,101042,101043,101046,2.5901,2.5537425822844577,2.5537425822844577,2.665514835431085,stop,-1.4037071045728822,-1.4837071045728822,4
1INCH,short,2021-12-11 15:45:00+00:00,2021-12-11 15:50:00+00:00,2021-12-11 17:25:00+00:00,101049,101050,101069,2.5189,2.5705872804209204,2.5705872804209204,2.4179254391581586,stop,-2.010718749548046,-2.090718749548046,20
1INCH,long,2021-12-11 17:30:00+00:00,2021-12-11 17:35:00+00:00,2021-12-11 17:45:00+00:00,101070,101071,101073,2.5876,2.5505758837634627,2.5505758837634627,2.657448232473074,stop,-1.4308284215696965,-1.5108284215696965,3
1INCH,short,2021-12-12 17:45:00+00:00,2021-12-12 17:50:00+00:00,2021-12-12 18:20:00+00:00,101361,101362,101368,2.5007,2.5144079767023273,2.5144079767023273,2.473584046595345,stop,-0.545177108462136,-0.625177108462136,7
1INCH,short,2021-12-12 18:35:00+00:00,2021-12-12 18:40:00+00:00,2021-12-12 20:20:00+00:00,101371,101372,101392,2.5003,2.5168073294950037,2.5168073294950037,2.4675853410099924,stop,-0.6558837182946253,-0.7358837182946254,21
1INCH,short,2021-12-13 15:55:00+00:00,2021-12-13 16:00:00+00:00,2021-12-13 17:55:00+00:00,101627,101628,101651,2.5276,2.5642555764124952,2.5642555764124952,2.45698884717501,stop,-1.4294821760231113,-1.5094821760231114,24
1INCH,long,2021-12-13 18:10:00+00:00,2021-12-13 18:15:00+00:00,2021-12-13 18:35:00+00:00,101654,101655,101659,2.6089,2.560560974272618,2.560560974272618,2.701978051454764,stop,-1.852850846233367,-1.932850846233367,5
1INCH,long,2021-12-14 15:45:00+00:00,2021-12-14 15:50:00+00:00,2021-12-15 23:30:00+00:00,101913,101914,102294,2.4987,2.400159214265556,2.400159214265556,2.6903815714688886,stop,-3.943682144092686,-4.023682144092686,381
1INCH,long,2021-12-16 15:55:00+00:00,2021-12-16 16:00:00+00:00,2021-12-16 19:05:00+00:00,102491,102492,102529,2.5672,2.6038798663648954,2.549310066817552,2.6038798663648954,take_profit,1.428788811346804,1.3487888113468038,38
1INCH,short,2021-12-17 16:00:00+00:00,2021-12-17 16:05:00+00:00,2021-12-17 19:20:00+00:00,102780,102781,102820,2.5902,2.503539738447672,2.632630130776164,2.503539738447672,take_profit,3.461509327032375,3.381509327032375,40
1INCH,long,2021-12-18 16:20:00+00:00,2021-12-18 16:25:00+00:00,2021-12-18 19:20:00+00:00,103072,103073,103108,2.5369,2.6008715183283724,2.5053642408358137,2.6008715183283724,take_profit,2.521641307437128,2.441641307437128,36
1INCH,short,2021-12-19 18:10:00+00:00,2021-12-19 18:15:00+00:00,2021-12-19 22:55:00+00:00,103382,103383,103439,2.4527,2.4732103217534345,2.4732103217534345,2.4110793564931314,stop,-0.8292995372465195,-0.9092995372465196,57
1INCH,short,2021-12-20 18:05:00+00:00,2021-12-20 18:10:00+00:00,2021-12-21 01:50:00+00:00,103669,103670,103762,2.3318,2.3627370890912265,2.3627370890912265,2.2699258218175467,stop,-1.309375014006564,-1.3893750140065642,93
1INCH,long,2021-12-21 17:25:00+00:00,2021-12-21 17:30:00+00:00,2021-12-21 17:50:00+00:00,103949,103950,103954,2.4295,2.420275583844205,2.420275583844205,2.4497488323115895,stop,-0.37968372734286104,-0.45968372734286106,5
1INCH,long,2021-12-21 18:35:00+00:00,2021-12-21 18:40:00+00:00,2021-12-21 21:30:00+00:00,103963,103964,103998,2.4311,2.4570794284407063,2.419160285779647,2.4570794284407063,take_profit,1.0686285401960705,0.9886285401960704,35
1INCH,long,2021-12-22 16:55:00+00:00,2021-12-22 17:00:00+00:00,2021-12-22 17:25:00+00:00,104231,104232,104237,2.4761,2.4937359099970853,2.4668320450014574,2.4937359099970853,take_profit,0.7122454665435596,0.6322454665435595,6
1INCH,short,2021-12-22 18:35:00+00:00,2021-12-22 18:40:00+00:00,2021-12-22 19:45:00+00:00,104251,104252,104265,2.4547,2.482287081478169,2.482287081478169,2.3998258370436623,stop,-1.1113574124448689,-1.191357412444869,14
1INCH,long,2021-12-23 15:45:00+00:00,2021-12-23 15:50:00+00:00,2021-12-23 18:55:00+00:00,104505,104506,104543,2.6636,2.7534177106602336,2.6183911446698835,2.7534177106602336,take_profit,3.3720419980565186,3.2920419980565185,38
1INCH,long,2021-12-24 15:30:00+00:00,2021-12-24 15:35:00+00:00,2021-12-24 18:45:00+00:00,104790,104791,104829,2.7805,2.8356123911071256,2.752943804446437,2.8356123911071256,take_profit,1.9821036183105711,1.9021036183105713,39
1INCH,short,2021-12-25 15:05:00+00:00,2021-12-25 15:10:00+00:00,2021-12-25 15:35:00+00:00,105073,105074,105079,2.7073,2.7267559436434654,2.7267559436434654,2.6683881127130693,stop,-0.7135198032233281,-0.7935198032233282,6
1INCH,long,2021-12-27 15:30:00+00:00,2021-12-27 15:35:00+00:00,2021-12-27 17:45:00+00:00,105654,105655,105681,2.8293,2.802268610318005,2.802268610318005,2.883662779363991,stop,-0.9554091005547383,-1.0354091005547383,27
1INCH,long,2021-12-27 18:45:00+00:00,2021-12-27 18:50:00+00:00,2021-12-27 21:50:00+00:00,105693,105694,105730,2.8309,2.902665882809377,2.7939670585953116,2.902665882809377,take_profit,2.5350907064670913,2.4550907064670913,37
1INCH,short,2021-12-29 15:45:00+00:00,2021-12-29 15:50:00+00:00,2021-12-29 17:40:00+00:00,106233,106234,106256,2.519,2.547489744940157,2.547489744940157,2.460820510119687,stop,-1.1183458146099778,-1.198345814609978,23
1INCH,short,2021-12-29 18:15:00+00:00,2021-12-29 18:20:00+00:00,2021-12-29 18:50:00+00:00,106263,106264,106270,2.511,2.5558064745530316,2.5558064745530316,2.4201870508939374,stop,-1.7531246985696525,-1.8331246985696523,7
1INCH,short,2021-12-29 19:15:00+00:00,2021-12-29 19:20:00+00:00,2021-12-29 21:10:00+00:00,106275,106276,106298,2.517,2.4456357474772163,2.552832126261392,2.4456357474772163,take_profit,2.918024591209023,2.838024591209023,23
1INCH,short,2021-12-31 15:10:00+00:00,2021-12-31 15:15:00+00:00,2021-12-31 15:20:00+00:00,106802,106803,106804,2.4179,2.4414287675572646,2.4414287675572646,2.3651424648854706,stop,-0.9637294304845057,-1.0437294304845057,2
1INCH,short,2021-12-31 16:10:00+00:00,2021-12-31 16:15:00+00:00,2021-12-31 17:20:00+00:00,106814,106815,106828,2.4255,2.446891800292858,2.446891800292858,2.381516399414284,stop,-0.8742438178221845,-0.9542438178221846,14
1INCH,short,2022-01-02 17:05:00+00:00,2022-01-02 17:10:00+00:00,2022-01-02 17:25:00+00:00,107401,107402,107405,2.4773,2.4961078841703745,2.4961078841703745,2.440284231659251,stop,-0.7534884325172353,-0.8334884325172354,4
1INCH,long,2022-01-02 17:50:00+00:00,2022-01-02 17:55:00+00:00,2022-01-03 01:50:00+00:00,107410,107411,107506,2.5179,2.5664625833580605,2.4934687083209695,2.5664625833580605,take_profit,1.9286938860979541,1.8486938860979543,96
1INCH,long,2022-01-03 19:35:00+00:00,2022-01-03 19:40:00+00:00,2022-01-03 21:55:00+00:00,107719,107720,107747,2.6064,2.576264177636398,2.576264177636398,2.666971644727204,stop,-1.156224001058992,-1.236224001058992,28
1INCH,long,2022-01-05 15:10:00+00:00,2022-01-05 15:15:00+00:00,2022-01-05 20:20:00+00:00,108242,108243,108304,2.5518,2.5338695531331883,2.5338695531331883,2.5882608937336236,stop,-0.7026587846544308,-0.7826587846544308,62
1INCH,short,2022-01-05 20:40:00+00:00,2022-01-05 20:45:00+00:00,2022-01-05 22:00:00+00:00,108308,108309,108324,2.5199,2.5417396266502705,2.5417396266502705,2.478320746699459,stop,-0.8592393344023619,-0.939239334402362,16
1INCH,short,2022-01-06 18:30:00+00:00,2022-01-06 18:35:00+00:00,2022-01-06 19:55:00+00:00,108570,108571,108587,2.2558,2.3027641177467686,2.3027641177467686,2.1651717645064625,stop,-2.0394671510133966,-2.1194671510133967,17
1INCH,short,2022-01-07 15:15:00+00:00,2022-01-07 15:20:00+00:00,2022-01-07 16:25:00+00:00,108819,108820,108833,2.1804,2.201992653381406,2.201992653381406,2.1387146932371874,stop,-0.9805960682134018,-1.060596068213402,14
1INCH,long,2022-01-08 15:55:00+00:00,2022-01-08 16:00:00+00:00,2022-01-08 17:30:00+00:00,109115,109116,109134,2.2324,2.2165239412048865,2.2165239412048865,2.2650521175902267,stop,-0.7111655077545964,-0.7911655077545965,19
1INCH,long,2022-01-08 18:05:00+00:00,2022-01-08 18:10:00+00:00,2022-01-08 19:45:00+00:00,109141,109142,109161,2.2325,2.2187013178530988,2.2187013178530988,2.260697364293802,stop,-0.6180820670504406,-0.6980820670504406,20
1INCH,long,2022-01-08 19:55:00+00:00,2022-01-08 20:00:00+00:00,2022-01-08 20:05:00+00:00,109163,109164,109165,2.2301,2.215943716944016,2.215943716944016,2.2572125661119675,stop,-0.6347824337915031,-0.7147824337915032,2
1INCH,short,2022-01-09 18:40:00+00:00,2022-01-09 18:45:00+00:00,2022-01-09 19:40:00+00:00,109436,109437,109448,2.1172,2.136966869866558,2.136966869866558,2.077066260266884,stop,-0.9249965521361814,-1.0049965521361814,12
1INCH,long,2022-01-09 20:10:00+00:00,2022-01-09 20:15:00+00:00,2022-01-09 21:05:00+00:00,109454,109455,109465,2.1522,2.1334250484938506,2.1334250484938506,2.1894499030122985,stop,-0.8723609100524832,-0.9523609100524832,11
1INCH,short,2022-01-10 17:35:00+00:00,2022-01-10 17:40:00+00:00,2022-01-10 20:55:00+00:00,109711,109712,109751,2.1598,2.11104635010955,2.184026824945225,2.11104635010955,take_profit,2.309454261291788,2.229454261291788,40
1INCH,long,2022-01-11 15:05:00+00:00,2022-01-11 15:10:00+00:00,2022-01-11 15:40:00+00:00,109969,109970,109976,2.1007,2.0832631527426773,2.0832631527426773,2.1346736945146456,stop,-0.8300493767469219,-0.910049376746922,7
1INCH,long,2022-01-11 17:00:00+00:00,2022-01-11 17:05:00+00:00,2022-01-11 17:30:00+00:00,109992,109993,109998,2.1007,2.0824182722478675,2.0824182722478675,2.137563455504265,stop,-0.8702683749289397,-0.9502683749289398,6
1INCH,long,2022-01-12 15:30:00+00:00,2022-01-12 15:35:00+00:00,2022-01-12 15:50:00+00:00,110262,110263,110266,2.1731,2.1626678335818745,2.1626678335818745,2.1945643328362503,stop,-0.4800591973735835,-0.5600591973735836,4
1INCH,long,2022-01-12 17:05:00+00:00,2022-01-12 17:10:00+00:00,2022-01-12 20:40:00+00:00,110281,110282,110324,2.1766,2.20935824431108,2.16022087784446,2.20935824431108,take_profit,1.5050190347826842,1.425019034782684,43
1INCH,long,2022-01-13 15:40:00+00:00,2022-01-13 15:45:00+00:00,2022-01-13 16:05:00+00:00,110552,110553,110557,2.4946,2.4724855456188415,2.4724855456188415,2.539128908762317,stop,-0.8864930001266202,-0.9664930001266203,5
1INCH,short,2022-01-14 16:50:00+00:00,2022-01-14 16:55:00+00:00,2022-01-14 19:30:00+00:00,110854,110855,110886,2.3984,2.3429108882848984,2.426744555857551,2.3429108882848984,take_profit,2.368383364154414,2.288383364154414,32
1INCH,short,2022-01-15 15:05:00+00:00,2022-01-15 15:10:00+00:00,2022-01-15 15:25:00+00:00,111121,111122,111125,2.3431,2.355853164901476,2.355853164901476,2.316393670197048,stop,-0.5413395491483897,-0.6213395491483897,4
1INCH,long,2022-01-16 15:10:00+00:00,2022-01-16 15:15:00+00:00,2022-01-16 16:30:00+00:00,111410,111411,111426,2.4174,2.4458735888965375,2.4030132055517313,2.4458735888965375,take_profit,1.177860051978863,1.0978600519788628,16
1INCH,long,2022-01-16 20:00:00+00:00,2022-01-16 20:05:00+00:00,2022-01-16 22:25:00+00:00,111468,111469,111497,2.419,2.388380045332559,2.388380045332559,2.481739909334882,stop,-1.2658104451195085,-1.3458104451195085,29
1INCH,short,2022-01-18 17:20:00+00:00,2022-01-18 17:25:00+00:00,2022-01-18 23:30:00+00:00,112012,112013,112086,2.181,2.141741458906353,2.201379270546824,2.141741458906353,take_profit,1.8330196173021562,1.7530196173021564,74
1INCH,short,2022-01-19 15:35:00+00:00,2022-01-19 15:40:00+00:00,2022-01-19 16:05:00+00:00,112279,112280,112285,2.1111,2.083846911205087,2.1233765443974564,2.083846911205087,take_profit,1.3078258603532733,1.2278258603532732,6
1INCH,short,2022-01-19 20:30:00+00:00,2022-01-19 20:35:00+00:00,2022-01-19 22:05:00+00:00,112338,112339,112357,2.1072,2.1256504962981677,2.1256504962981677,2.0687990074036646,stop,-0.8679929428802691,-0.9479929428802691,19
1INCH,long,2022-01-20 15:05:00+00:00,2022-01-20 15:10:00+00:00,2022-01-20 16:25:00+00:00,112561,112562,112577,2.1356,2.1242527397094837,2.1242527397094837,2.157694520581033,stop,-0.5313382791963139,-0.611338279196314,16
1INCH,long,2022-01-20 16:40:00+00:00,2022-01-20 16:45:00+00:00,2022-01-20 19:15:00+00:00,112580,112581,112611,2.1331,2.1484374753913285,2.125281262304336,2.1484374753913285,take_profit,0.7190228020874878,0.6390228020874877,31
1INCH,short,2022-01-21 20:20:00+00:00,2022-01-21 20:25:00+00:00,2022-01-21 21:30:00+00:00,112912,112913,112926,1.9459,1.9127299967832945,1.9620350016083528,1.9127299967832945,take_profit,1.7341707022156205,1.6541707022156207,14
1INCH,short,2022-01-22 15:25:00+00:00,2022-01-22 15:30:00+00:00,2022-01-22 18:45:00+00:00,113141,113142,113181,1.6854,1.6001748977882173,1.7287625511058913,1.6001748977882173,take_profit,5.325986698677876,5.245986698677876,40
1INCH,long,2022-01-23 16:40:00+00:00,2022-01-23 16:45:00+00:00,2022-01-23 18:25:00+00:00,113444,113445,113465,1.6714,1.7039131581491367,1.6554434209254316,1.7039131581491367,take_profit,1.945264936528468,1.8652649365284681,21
1INCH,short,2022-01-24 16:10:00+00:00,2022-01-24 16:15:00+00:00,2022-01-24 18:15:00+00:00,113726,113727,113751,1.5812,1.5386826513446807,1.6017086743276596,1.5386826513446807,take_profit,2.7632305217818898,2.6832305217818897,25
1INCH,long,2022-01-25 16:55:00+00:00,2022-01-25 17:00:00+00:00,2022-01-25 19:10:00+00:00,114023,114024,114050,1.5608,1.5958066836326568,1.5432966581836716,1.5958066836326568,take_profit,2.242867992866282,2.162867992866282,27
1INCH,long,2022-01-26 18:05:00+00:00,2022-01-26 18:10:00+00:00,2022-01-26 18:55:00+00:00,114325,114326,114335,1.6436,1.634479518557698,1.634479518557698,1.661540962884604,stop,-0.5549088246715739,-0.634908824671574,10
1INCH,long,2022-01-26 19:20:00+00:00,2022-01-26 19:25:00+00:00,2022-01-26 20:00:00+00:00,114340,114341,114348,1.6448,1.6655863095144423,1.633806845242779,1.6655863095144423,take_profit,1.2637590901290352,1.1837590901290351,8
1INCH,short,2022-01-27 15:10:00+00:00,2022-01-27 15:15:00+00:00,2022-01-27 15:45:00+00:00,114578,114579,114585,1.5717,1.5848350426168938,1.5848350426168938,1.5439299147662122,stop,-0.8287955694874727,-0.9087955694874728,7
1INCH,long,2022-01-28 15:10:00+00:00,2022-01-28 15:15:00+00:00,2022-01-28 15:40:00+00:00,114866,114867,114872,1.5976,1.5899304316703866,1.5899304316703866,1.6123391366592266,stop,-0.48006812278500455,-0.5600681227850046,6
1INCH,short,2022-01-28 15:45:00+00:00,2022-01-28 15:50:00+00:00,2022-01-28 16:45:00+00:00,114873,114874,114885,1.5841,1.5966516887552984,1.5966516887552984,1.5589966224894034,stop,-0.7861256680900319,-0.866125668090032,12
1INCH,short,2022-01-28 16:55:00+00:00,2022-01-28 17:00:00+00:00,2022-01-28 17:00:00+00:00,114887,114888,114888,1.5675,1.60235229474583,1.60235229474583,1.4998954105083402,stop,-2.1750706670506825,-2.2550706670506826,1
1INCH,long,2022-01-29 15:55:00+00:00,2022-01-29 16:00:00+00:00,2022-01-29 18:05:00+00:00,115163,115164,115189,1.7006,1.6874267033930683,1.6874267033930683,1.726646593213863,stop,-0.7746264028537952,-0.8546264028537953,26
1INCH,long,2022-01-29 18:40:00+00:00,2022-01-29 18:45:00+00:00,2022-01-29 20:00:00+00:00,115196,115197,115212,1.6982,1.6894069521280992,1.6894069521280992,1.7145860957438015,stop,-0.5177863544871486,-0.5977863544871487,16
1INCH,long,2022-01-29 20:25:00+00:00,2022-01-29 20:30:00+00:00,2022-01-29 20:40:00+00:00,115217,115218,115220,1.6973,1.6895578619195095,1.6895578619195095,1.713684276160981,stop,-0.4561443516461705,-0.5361443516461706,3
1INCH,long,2022-01-30 16:00:00+00:00,2022-01-30 16:05:00+00:00,2022-01-30 17:30:00+00:00,115452,115453,115470,1.7265,1.7147817961006504,1.7147817961006504,1.750236407798699,stop,-0.6787259715812066,-0.7587259715812067,18
1INCH,short,2022-02-01 15:05:00+00:00,2022-02-01 15:10:00+00:00,2022-02-01 15:20:00+00:00,116017,116018,116020,1.6625,1.6765196735493886,1.6765196735493886,1.6329606529012226,stop,-0.8362367451201558,-0.9162367451201558,3
1INCH,long,2022-02-01 16:00:00+00:00,2022-02-01 16:05:00+00:00,2022-02-01 16:45:00+00:00,116028,116029,116037,1.6814,1.6735684514449602,1.6735684514449602,1.6979630971100794,stop,-0.4657754582514384,-0.5457754582514385,9
1INCH,long,2022-02-01 18:00:00+00:00,2022-02-01 18:05:00+00:00,2022-02-01 18:25:00+00:00,116052,116053,116057,1.6944,1.6742651562321875,1.6742651562321875,1.7346696875356247,stop,-1.1883170306782542,-1.2683170306782543,5
1INCH,short,2022-02-02 15:40:00+00:00,2022-02-02 15:45:00+00:00,2022-02-02 16:20:00+00:00,116312,116313,116320,1.6789,1.6933906303414301,1.6933906303414301,1.6511187393171398,stop,-0.8557169315687285,-0.9357169315687286,8
1INCH,short,2022-02-03 15:25:00+00:00,2022-02-03 15:30:00+00:00,2022-02-03 16:05:00+00:00,116597,116598,116605,1.618,1.6266305255100528,1.6266305255100528,1.6007389489798947,stop,-0.5305768811480149,-0.610576881148015,8
1INCH,short,2022-02-03 18:55:00+00:00,2022-02-03 19:00:00+00:00,2022-02-04 01:10:00+00:00,116639,116640,116714,1.6099,1.6408398516173979,1.6408398516173979,1.547720296765204,stop,-1.885610688142414,-1.9656106881424138,75
1INCH,long,2022-02-04 15:05:00+00:00,2022-02-04 15:10:00+00:00,2022-02-04 22:20:00+00:00,116881,116882,116968,1.7001,1.6896951672058544,1.6896951672058544,1.720909665588291,stop,-0.6120129871269642,-0.6920129871269642,87
1INCH,long,2022-02-05 15:10:00+00:00,2022-02-05 15:15:00+00:00,2022-02-05 15:35:00+00:00,117170,117171,117175,1.8374,1.8163984355069096,1.8163984355069096,1.8776031289861808,stop,-1.1430044896642122,-1.2230044896642123,5
1INCH,long,2022-02-06 16:40:00+00:00,2022-02-06 16:45:00+00:00,2022-02-06 20:10:00+00:00,117476,117477,117518,1.8367,1.8164273861051272,1.8164273861051272,1.8775452277897455,stop,-1.1037520495928987,-1.1837520495928988,42
1INCH,long,2022-02-07 15:55:00+00:00,2022-02-07 16:00:00+00:00,2022-02-07 18:10:00+00:00,117755,117756,117782,1.8831,1.870299844710594,1.870299844710594,1.9090003105788118,stop,-0.6797384785410143,-0.7597384785410144,27
1INCH,long,2022-02-08 15:05:00+00:00,2022-02-08 15:10:00+00:00,2022-02-08 15:30:00+00:00,118033,118034,118038,1.9663,1.9492649906483386,1.9492649906483386,1.9991700187033228,stop,-0.8663484387764542,-0.9463484387764542,5
1INCH,short,2022-02-08 15:40:00+00:00,2022-02-08 15:45:00+00:00,2022-02-08 17:10:00+00:00,118040,118041,118058,1.9328,1.8798426050063208,1.9595786974968397,1.8798426050063208,take_profit,2.8171185636842733,2.737118563684273,18
1INCH,long,2022-02-09 19:35:00+00:00,2022-02-09 19:40:00+00:00,2022-02-10 05:20:00+00:00,118375,118376,118492,1.8781,1.9233779162093245,1.855461041895338,1.9233779162093245,take_profit,2.4108362818446416,2.3308362818446415,117
1INCH,short,2022-02-10 15:55:00+00:00,2022-02-10 16:00:00+00:00,2022-02-10 17:30:00+00:00,118619,118620,118638,1.904,1.924306420957706,1.924306420957706,1.864587158084588,stop,-1.0552592215329115,-1.1352592215329116,19
1INCH,short,2022-02-10 18:10:00+00:00,2022-02-10 18:15:00+00:00,2022-02-10 18:20:00+00:00,118646,118647,118648,1.9091,1.9185918918756049,1.9185918918756049,1.8904162162487903,stop,-0.4947321999951515,-0.5747321999951516,2
1INCH,short,2022-02-10 20:00:00+00:00,2022-02-10 20:05:00+00:00,2022-02-10 22:30:00+00:00,118668,118669,118698,1.9097,1.881464020440756,1.923817989779622,1.881464020440756,take_profit,1.500745124673153,1.4207451246731528,30
1INCH,short,2022-02-12 15:05:00+00:00,2022-02-12 15:10:00+00:00,2022-02-12 15:30:00+00:00,119185,119186,119190,1.6987,1.6792658149653377,1.7082670925173313,1.6792658149653377,take_profit,1.1573024866860404,1.0773024866860403,5
1INCH,short,2022-02-14 15:25:00+00:00,2022-02-14 15:30:00+00:00,2022-02-14 15:45:00+00:00,119765,119766,119769,1.6275,1.6376709763144763,1.6376709763144763,1.6071580473710472,stop,-0.6210634774370782,-0.7010634774370783,4
1INCH,long,2022-02-14 15:50:00+00:00,2022-02-14 15:55:00+00:00,2022-02-14 18:10:00+00:00,119770,119771,119798,1.6467,1.6351975045577534,1.6351975045577534,1.6700049908844934,stop,-0.698517971837409,-0.7785179718374091,28
1INCH,long,2022-02-14 19:05:00+00:00,2022-02-14 19:10:00+00:00,2022-02-14 21:00:00+00:00,119809,119810,119832,1.647,1.6745021208980528,1.6333989395509736,1.6745021208980528,take_profit,1.6698312627840162,1.5898312627840163,23
1INCH,long,2022-02-15 16:05:00+00:00,2022-02-15 16:10:00+00:00,2022-02-15 17:10:00+00:00,120061,120062,120074,1.7297,1.747028691019535,1.7207356544902326,1.747028691019535,take_profit,1.0018321685572706,0.9218321685572706,13
1INCH,long,2022-02-16 15:20:00+00:00,2022-02-16 15:25:00+00:00,2022-02-16 17:05:00+00:00,120340,120341,120361,1.7736,1.7939021591365367,1.7629989204317318,1.7939021591365367,take_profit,1.1446864646220467,1.0646864646220466,21
1INCH,short,2022-02-17 17:35:00+00:00,2022-02-17 17:40:00+00:00,2022-02-17 18:00:00+00:00,120655,120656,120660,1.763,1.7745397553389999,1.7745397553389999,1.740220489322,stop,-0.6502956783177583,-0.7302956783177583,5
1INCH,short,2022-02-17 18:15:00+00:00,2022-02-17 18:20:00+00:00,2022-02-18 02:45:00+00:00,120663,120664,120765,1.7543,1.7103353656461235,1.7762823171769382,1.7103353656461235,take_profit,2.5705271163160237,2.4905271163160236,102
1INCH,short,2022-02-18 16:25:00+00:00,2022-02-18 16:30:00+00:00,2022-02-18 20:05:00+00:00,120929,120930,120973,1.6538,1.6288962785251235,1.6662518607374381,1.6288962785251235,take_profit,1.5288709172707637,1.4488709172707637,44
1INCH,long,2022-02-19 15:45:00+00:00,2022-02-19 15:50:00+00:00,2022-02-19 17:25:00+00:00,121209,121210,121229,1.5998,1.594854194387433,1.594854194387433,1.6099916112251342,stop,-0.30915149472228176,-0.3891514947222818,20
1INCH,short,2022-02-20 15:10:00+00:00,2022-02-20 15:15:00+00:00,2022-02-20 16:55:00+00:00,121490,121491,121511,1.4759,1.50151894400703,1.50151894400703,1.42436211198594,stop,-1.706201850418354,-1.7862018504183539,21
1INCH,short,2022-02-20 17:20:00+00:00,2022-02-20 17:25:00+00:00,2022-02-20 19:10:00+00:00,121516,121517,121538,1.4803,1.4999302136013226,1.4999302136013226,1.4407395727973547,stop,-1.3087417950059632,-1.3887417950059633,22
1INCH,short,2022-02-20 19:40:00+00:00,2022-02-20 19:45:00+00:00,2022-02-20 20:45:00+00:00,121544,121545,121557,1.4907,1.5030384480147185,1.5030384480147185,1.4663231039705626,stop,-0.8209003589373154,-0.9009003589373155,13
1INCH,long,2022-02-23 15:10:00+00:00,2022-02-23 15:15:00+00:00,2022-02-23 15:40:00+00:00,122354,122355,122360,1.4412,1.4324649183786777,1.4324649183786777,1.4580701632426447,stop,-0.606097808862216,-0.686097808862216,6
1INCH,long,2022-02-23 16:05:00+00:00,2022-02-23 16:10:00+00:00,2022-02-23 17:20:00+00:00,122365,122366,122380,1.4418,1.4624593584282932,1.4316203207858533,1.4624593584282932,take_profit,1.432886560430946,1.352886560430946,15
1INCH,short,2022-02-24 16:30:00+00:00,2022-02-24 16:35:00+00:00,2022-02-24 16:40:00+00:00,122658,122659,122660,1.1805,1.2048016678147044,1.2048016678147044,1.1321966643705914,stop,-2.0170679095077304,-2.0970679095077305,2
1INCH,long,2022-02-25 15:15:00+00:00,2022-02-25 15:20:00+00:00,2022-02-25 17:10:00+00:00,122931,122932,122954,1.3415,1.3288689775993796,1.3288689775993796,1.3700620448012408,stop,-0.941559627329136,-1.021559627329136,23
1INCH,long,2022-02-25 20:30:00+00:00,2022-02-25 20:35:00+00:00,2022-02-25 21:55:00+00:00,122994,122995,123011,1.3433,1.3774496187325136,1.3260751906337431,1.3774496187325136,take_profit,2.542218322974299,2.462218322974299,17
1INCH,short,2022-02-26 16:10:00+00:00,2022-02-26 16:15:00+00:00,2022-02-26 16:50:00+00:00,123230,123231,123238,1.4244,1.4396592658603369,1.4396592658603369,1.3947814682793265,stop,-1.0599220400403508,-1.139922040040351,8
1INCH,long,2022-02-26 17:20:00+00:00,2022-02-26 17:25:00+00:00,2022-02-26 17:30:00+00:00,123244,123245,123246,1.4534,1.447624834481213,1.447624834481213,1.4676503310375737,stop,-0.39735554690979447,-0.4773555469097945,2
1INCH,short,2022-02-26 17:45:00+00:00,2022-02-26 17:50:00+00:00,2022-02-27 00:05:00+00:00,123249,123250,123325,1.426,1.4421256037866792,1.4421256037866792,1.3934487924266414,stop,-1.1181830309604956,-1.1981830309604957,76
1INCH,short,2022-02-28 15:05:00+00:00,2022-02-28 15:10:00+00:00,2022-02-28 16:30:00+00:00,123793,123794,123810,1.3396,1.3580973182755758,1.3580973182755758,1.3014053634488483,stop,-1.3620024151923538,-1.4420024151923538,17
1INCH,short,2022-03-01 15:05:00+00:00,2022-03-01 15:10:00+00:00,2022-03-01 16:00:00+00:00,124081,124082,124092,1.4705,1.4879481627018925,1.4879481627018925,1.4356036745962149,stop,-1.1726324302998026,-1.2526324302998026,11
1INCH,short,2022-03-01 19:05:00+00:00,2022-03-01 19:10:00+00:00,2022-03-01 20:00:00+00:00,124129,124130,124140,1.4674,1.5060816468038292,1.5060816468038292,1.3903367063923417,stop,-2.5683632016842095,-2.6483632016842096,11
1INCH,short,2022-03-02 15:20:00+00:00,2022-03-02 15:25:00+00:00,2022-03-02 19:15:00+00:00,124372,124373,124419,1.502,1.5181881323687012,1.5181881323687012,1.4687237352625977,stop,-1.0662797332926188,-1.146279733292619,47
1INCH,long,2022-03-02 19:30:00+00:00,2022-03-02 19:35:00+00:00,2022-03-02 21:20:00+00:00,124422,124423,124444,1.5227,1.5089997341884034,1.5089997341884034,1.550100531623193,stop,-0.8997350634791235,-0.9797350634791235,22
1INCH,short,2022-03-03 15:05:00+00:00,2022-03-03 15:10:00+00:00,2022-03-03 16:05:00+00:00,124657,124658,124669,1.4724,1.4849954425226006,1.4849954425226006,1.4481091149547984,stop,-0.8481805507230655,-0.9281805507230656,12
1INCH,short,2022-03-03 18:05:00+00:00,2022-03-03 18:10:00+00:00,2022-03-03 20:25:00+00:00,124693,124694,124721,1.4716,1.4820618969640529,1.4820618969640529,1.4497762060718944,stop,-0.7059014866709457,-0.7859014866709457,28
1INCH,short,2022-03-03 20:45:00+00:00,2022-03-03 20:50:00+00:00,2022-03-03 21:25:00+00:00,124725,124726,124733,1.4733,1.4812829620924874,1.4812829620924874,1.4573340758150253,stop,-0.5389221571286074,-0.6189221571286074,8
1INCH,short,2022-03-06 17:05:00+00:00,2022-03-06 17:10:00+00:00,2022-03-06 17:20:00+00:00,125545,125546,125548,1.3286,1.33701249448825,1.33701249448825,1.3117750110235,stop,-0.6292008880193656,-0.7092008880193656,3
1INCH,short,2022-03-06 18:00:00+00:00,2022-03-06 18:05:00+00:00,2022-03-06 19:20:00+00:00,125556,125557,125572,1.3274,1.3013769626158131,1.3398115186920934,1.3013769626158131,take_profit,1.999654068862533,1.9196540688625332,16
1INCH,short,2022-03-07 16:30:00+00:00,2022-03-07 16:35:00+00:00,2022-03-07 17:30:00+00:00,125826,125827,125838,1.2763,1.257934621289954,1.285332689355023,1.257934621289954,take_profit,1.459962894670408,1.379962894670408,12
1INCH,short,2022-03-07 18:50:00+00:00,2022-03-07 18:55:00+00:00,2022-03-07 20:55:00+00:00,125854,125855,125879,1.2789,1.2879220971794052,1.2879220971794052,1.2608558056411894,stop,-0.7005157531782435,-0.7805157531782436,25
1INCH,short,2022-03-08 15:20:00+00:00,2022-03-08 15:25:00+00:00,2022-03-08 17:20:00+00:00,126100,126101,126124,1.271,1.2896432562696085,1.2896432562696085,1.2337134874607827,stop,-1.4456134422425992,-1.5256134422425993,24
1INCH,long,2022-03-09 15:35:00+00:00,2022-03-09 15:40:00+00:00,2022-03-09 17:00:00+00:00,126391,126392,126408,1.3563,1.3680671485222313,1.3507164257388844,1.3680671485222313,take_profit,0.8675918692200302,0.7875918692200301,17
1INCH,long,2022-03-13 14:30:00+00:00,2022-03-13 14:35:00+00:00,2022-03-13 15:10:00+00:00,127530,127531,127538,1.3819,1.3967280232778008,1.3746359883610995,1.3967280232778008,take_profit,1.0730170980389975,0.9930170980389974,8
1INCH,long,2022-03-13 17:20:00+00:00,2022-03-13 17:25:00+00:00,2022-03-13 20:35:00+00:00,127564,127565,127603,1.3825,1.373358515589915,1.373358515589915,1.40198296882017,stop,-0.6612285287584063,-0.7412285287584064,39
1INCH,long,2022-03-14 15:30:00+00:00,2022-03-14 15:35:00+00:00,2022-03-14 21:15:00+00:00,127830,127831,127899,1.3308,1.322365610414651,1.322365610414651,1.3479687791706978,stop,-0.6337834073751769,-0.713783407375177,69
1INCH,short,2022-03-15 16:10:00+00:00,2022-03-15 16:15:00+00:00,2022-03-15 21:30:00+00:00,128126,128127,128190,1.2948,1.3185107779049003,1.3185107779049003,1.2476784441901991,stop,-1.798299892745403,-1.8782998927454029,64
1INCH,long,2022-03-16 14:10:00+00:00,2022-03-16 14:15:00+00:00,2022-03-16 16:15:00+00:00,128390,128391,128415,1.3876,1.4187318130016238,1.371584093499188,1.4187318130016238,take_profit,2.243572571463237,2.163572571463237,25
1INCH,short,2022-03-17 14:10:00+00:00,2022-03-17 14:15:00+00:00,2022-03-17 15:45:00+00:00,128678,128679,128697,1.4816,1.4611826813644897,1.4916586593177552,1.4611826813644897,take_profit,1.3973145792040231,1.317314579204023,19
1INCH,short,2022-03-17 19:00:00+00:00,2022-03-17 19:05:00+00:00,2022-03-17 19:50:00+00:00,128736,128737,128746,1.48,1.4951892021603521,1.4951892021603521,1.4496215956792957,stop,-1.0158715792225936,-1.0958715792225937,10
1INCH,long,2022-03-18 18:10:00+00:00,2022-03-18 18:15:00+00:00,2022-03-19 04:30:00+00:00,129014,129015,129138,1.5623,1.6088553633074494,1.5391723183462753,1.6088553633074494,take_profit,2.9799246820360503,2.8999246820360502,124
1INCH,long,2022-03-19 15:55:00+00:00,2022-03-19 16:00:00+00:00,2022-03-19 16:10:00+00:00,129275,129276,129278,1.6655,1.6529705842009141,1.6529705842009141,1.6893588315981718,stop,-0.7522915520315698,-0.8322915520315699,3
1INCH,long,2022-03-19 16:35:00+00:00,2022-03-19 16:40:00+00:00,2022-03-19 16:55:00+00:00,129283,129284,129287,1.6613,1.6481746247963796,1.6481746247963796,1.6881507504072408,stop,-0.7900665264323425,-0.8700665264323426,4
1INCH,short,2022-03-20 18:20:00+00:00,2022-03-20 18:25:00+00:00,2022-03-20 21:05:00+00:00,129592,129593,129625,1.585,1.551745281818527,1.6011773590907366,1.551745281818527,take_profit,2.1430526369960123,2.0630526369960123,33
1INCH,long,2022-03-24 14:05:00+00:00,2022-03-24 14:10:00+00:00,2022-03-24 14:15:00+00:00,130693,130694,130695,1.6067,1.5983978558946899,1.5983978558946899,1.6236042882106203,stop,-0.5167202405744753,-0.5967202405744754,2
1INCH,long,2022-03-24 14:30:00+00:00,2022-03-24 14:35:00+00:00,2022-03-24 21:10:00+00:00,130698,130699,130778,1.6072,1.5945891717526683,1.5945891717526683,1.6324216564946632,stop,-0.7846458590923144,-0.8646458590923145,80
1INCH,long,2022-03-25 14:25:00+00:00,2022-03-25 14:30:00+00:00,2022-03-25 15:45:00+00:00,130985,130986,131001,1.6279,1.6203151863367682,1.6203151863367682,1.6427696273264634,stop,-0.4659262647110807,-0.5459262647110807,16
1INCH,long,2022-03-25 16:00:00+00:00,2022-03-25 16:05:00+00:00,2022-03-25 16:35:00+00:00,131004,131005,131011,1.6278,1.618436700734658,1.618436700734658,1.6477265985306842,stop,-0.5752118973671116,-0.6552118973671117,7
1INCH,long,2022-03-25 19:20:00+00:00,2022-03-25 19:25:00+00:00,2022-03-25 19:35:00+00:00,131044,131045,131047,1.627,1.6452435857770045,1.6180282071114978,1.6452435857770045,take_profit,1.1213021374925969,1.0413021374925968,3
1INCH,long,2022-03-27 14:20:00+00:00,2022-03-27 14:25:00+00:00,2022-03-27 15:15:00+00:00,131560,131561,131571,1.64,1.660300094863361,1.6304499525683196,1.660300094863361,take_profit,1.237810662400074,1.157810662400074,11
1INCH,long,2022-03-28 18:40:00+00:00,2022-03-28 18:45:00+00:00,2022-03-28 21:15:00+00:00,131900,131901,131931,1.7985,1.7896369955811169,1.7896369955811169,1.8162260088377662,stop,-0.4927998008831258,-0.5727998008831259,31
1INCH,long,2022-03-29 14:15:00+00:00,2022-03-29 14:20:00+00:00,2022-03-29 16:10:00+00:00,132135,132136,132158,1.7859,1.7748290754490388,1.7748290754490388,1.8086418491019225,stop,-0.6199073044941605,-0.6999073044941606,23
1INCH,long,2022-03-29 16:15:00+00:00,2022-03-29 16:20:00+00:00,2022-03-29 17:30:00+00:00,132159,132160,132174,1.7839,1.8090005859723983,1.771349707013801,1.8090005859723983,take_profit,1.407062389842384,1.327062389842384,15
1INCH,long,2022-03-31 14:05:00+00:00,2022-03-31 14:10:00+00:00,2022-03-31 16:55:00+00:00,132709,132710,132743,1.8906,1.9215732315757132,1.8754133842121434,1.9215732315757132,take_profit,1.6382752340904139,1.5582752340904138,34
1INCH,short,2022-04-01 15:05:00+00:00,2022-04-01 15:10:00+00:00,2022-04-01 15:25:00+00:00,133009,133010,133013,1.7087,1.7217555889788303,1.7217555889788303,1.6819888220423391,stop,-0.7582719093465196,-0.8382719093465196,4
1INCH,long,2022-04-02 14:20:00+00:00,2022-04-02 14:25:00+00:00,2022-04-02 14:40:00+00:00,133288,133289,133292,1.9205,1.9091594184322498,1.9091594184322498,1.9443811631355006,stop,-0.5905015135511782,-0.6705015135511783,4
1INCH,long,2022-04-02 16:15:00+00:00,2022-04-02 16:20:00+00:00,2022-04-02 16:25:00+00:00,133311,133312,133313,1.923,1.9115169014246554,1.9115169014246554,1.9465661971506893,stop,-0.5971450117183918,-0.6771450117183919,2
1INCH,long,2022-04-02 16:55:00+00:00,2022-04-02 17:00:00+00:00,2022-04-02 17:00:00+00:00,133319,133320,133320,1.9209,1.9109030481030482,1.9109030481030482,1.9411939037939037,stop,-0.5204306261102465,-0.6004306261102466,1
1INCH,long,2022-04-03 14:25:00+00:00,2022-04-03 14:30:00+00:00,2022-04-03 17:35:00+00:00,133577,133578,133615,1.9773,2.0111288666769043,1.960385566661548,2.0111288666769043,take_profit,1.710861613154524,1.6308616131545242,38
1INCH,long,2022-04-03 18:15:00+00:00,2022-04-03 18:20:00+00:00,2022-04-03 20:05:00+00:00,133623,133624,133645,1.9787,1.9584507321877664,1.9584507321877664,2.018298535624467,stop,-1.0233621980205942,-1.1033621980205943,22
1INCH,long,2022-04-04 14:05:00+00:00,2022-04-04 14:10:00+00:00,2022-04-04 17:15:00+00:00,133861,133862,133899,1.9841,1.9651987687078007,1.9651987687078007,2.0216024625843985,stop,-0.9526350129630212,-1.0326350129630213,38
1INCH,short,2022-04-04 17:40:00+00:00,2022-04-04 17:45:00+00:00,2022-04-04 19:05:00+00:00,133904,133905,133921,1.9591,1.9192787175497998,1.9788606412251002,1.9192787175497998,take_profit,2.074804565177324,1.994804565177324,17
1INCH,short,2022-04-06 18:25:00+00:00,2022-04-06 18:30:00+00:00,2022-04-06 18:40:00+00:00,134489,134490,134492,1.7479,1.7610172199551097,1.7610172199551097,1.7216655600897806,stop,-0.7448660811757435,-0.8248660811757436,3
1INCH,short,2022-04-06 19:10:00+00:00,2022-04-06 19:15:00+00:00,2022-04-06 20:10:00+00:00,134498,134499,134510,1.7415,1.6985425788687407,1.7640287105656296,1.6985425788687407,take_profit,2.5290753181983705,2.4490753181983704,12
1INCH,short,2022-04-07 14:40:00+00:00,2022-04-07 14:45:00+00:00,2022-04-07 14:50:00+00:00,134732,134733,134734,1.6128,1.6273035194502898,1.6273035194502898,1.5819929610994206,stop,-0.8912608666383992,-0.9712608666383993,2
1INCH,long,2022-04-07 15:25:00+00:00,2022-04-07 15:30:00+00:00,2022-04-07 21:05:00+00:00,134741,134742,134809,1.6343,1.6602789217552063,1.621010539122397,1.6602789217552063,take_profit,1.5896054430157402,1.5096054430157402,68
1INCH,long,2022-04-08 14:10:00+00:00,2022-04-08 14:15:00+00:00,2022-04-08 16:45:00+00:00,135014,135015,135045,1.6675,1.6553598285820983,1.6553598285820983,1.6920803428358033,stop,-0.7280462619431272,-0.8080462619431272,31
1INCH,long,2022-04-08 16:50:00+00:00,2022-04-08 16:55:00+00:00,2022-04-08 20:00:00+00:00,135046,135047,135084,1.666,1.6500448134836214,1.6500448134836214,1.697910373032757,stop,-0.9576942686901901,-1.0376942686901902,38
1INCH,long,2022-04-09 14:10:00+00:00,2022-04-09 14:15:00+00:00,2022-04-09 22:05:00+00:00,135302,135303,135397,1.626,1.648321738418889,1.6146891307905553,1.648321738418889,take_profit,1.3728006407681015,1.2928006407681014,95
1INCH,short,2022-04-10 14:20:00+00:00,2022-04-10 14:25:00+00:00,2022-04-10 18:20:00+00:00,135592,135593,135640,1.6321,1.6082799703069315,1.643860014846534,1.6082799703069315,take_profit,1.4810872567493805,1.4010872567493804,48
1INCH,short,2022-04-11 15:25:00+00:00,2022-04-11 15:30:00+00:00,2022-04-11 16:25:00+00:00,135893,135894,135905,1.5617,1.5722589903095545,1.5722589903095545,1.5405820193808912,stop,-0.6715808511596144,-0.7515808511596145,12
1INCH,short,2022-04-11 17:25:00+00:00,2022-04-11 17:30:00+00:00,2022-04-11 18:15:00+00:00,135917,135918,135927,1.5624,1.53405323238683,1.5758233838065852,1.53405323238683,take_profit,1.8478346784006616,1.7678346784006618,10
1INCH,long,2022-04-12 14:10:00+00:00,2022-04-12 14:15:00+00:00,2022-04-12 14:25:00+00:00,136166,136167,136169,1.4718,1.4862321694381693,1.4644339152809154,1.4862321694381693,take_profit,0.9805795242675108,0.9005795242675108,3
1INCH,long,2022-04-13 14:50:00+00:00,2022-04-13 14:55:00+00:00,2022-04-13 15:50:00+00:00,136462,136463,136474,1.5338,1.5246054954707906,1.5246054954707906,1.551289009058419,stop,-0.5994591556402029,-0.679459155640203,12
1INCH,long,2022-04-14 18:00:00+00:00,2022-04-14 18:05:00+00:00,2022-04-14 18:25:00+00:00,136788,136789,136793,1.5574,1.545280893701058,1.545280893701058,1.5819382125978843,stop,-0.7781627262708257,-0.8581627262708258,5
1INCH,long,2022-04-14 18:40:00+00:00,2022-04-14 18:45:00+00:00,2022-04-14 19:45:00+00:00,136796,136797,136809,1.5572,1.549543646226286,1.549543646226286,1.571612707547428,stop,-0.491674401086184,-0.5716744010861841,13
1INCH,short,2022-04-16 14:20:00+00:00,2022-04-16 14:25:00+00:00,2022-04-17 00:10:00+00:00,137320,137321,137438,1.5112,1.496040120631164,1.5187799396844182,1.496040120631164,take_profit,1.0133337441806223,0.9333337441806222,118
1INCH,long,2022-04-19 19:55:00+00:00,2022-04-19 20:00:00+00:00,2022-04-19 23:00:00+00:00,138251,138252,138288,1.4997,1.521281173649487,1.4887594131752566,1.521281173649487,take_profit,1.4390327165090921,1.359032716509092,37
1INCH,long,2022-04-20 14:25:00+00:00,2022-04-20 14:30:00+00:00,2022-04-20 19:00:00+00:00,138473,138474,138528,1.5307,1.5523556439864705,1.5200221780067646,1.5523556439864705,take_profit,1.4147542945365243,1.3347542945365243,55
1INCH,long,2022-04-21 15:35:00+00:00,2022-04-21 15:40:00+00:00,2022-04-21 16:00:00+00:00,138775,138776,138780,1.5865,1.5778644916955609,1.5778644916955609,1.6028710166088784,stop,-0.5443119006895203,-0.6243119006895204,5
1INCH,long,2022-04-21 16:15:00+00:00,2022-04-21 16:20:00+00:00,2022-04-21 16:30:00+00:00,138783,138784,138786,1.5864,1.6181091348224252,1.5703954325887874,1.6181091348224252,take_profit,1.9988108183576214,1.9188108183576216,3
1INCH,long,2022-04-21 18:25:00+00:00,2022-04-21 18:30:00+00:00,2022-04-22 03:00:00+00:00,138809,138810,138912,1.5924,1.5732554440412827,1.5732554440412827,1.6318891119174346,stop,-1.202245413132208,-1.282245413132208,103
1INCH,long,2022-04-22 14:10:00+00:00,2022-04-22 14:15:00+00:00,2022-04-22 14:20:00+00:00,139046,139047,139048,1.6053,1.5668534124753268,1.5668534124753268,1.6827931750493461,stop,-2.394978354492816,-2.474978354492816,2
1INCH,short,2022-04-22 16:20:00+00:00,2022-04-22 16:25:00+00:00,2022-04-22 21:15:00+00:00,139072,139073,139131,1.5445,1.5620009119167726,1.5620009119167726,1.5091981761664548,stop,-1.1204162419660046,-1.2004162419660047,59
1INCH,short,2022-04-24 17:40:00+00:00,2022-04-24 17:45:00+00:00,2022-04-24 18:15:00+00:00,139664,139665,139671,1.4475,1.4528774992163436,1.4528774992163436,1.4367450015673129,stop,-0.37012750347115153,-0.45012750347115155,7
1INCH,short,2022-04-24 19:20:00+00:00,2022-04-24 19:25:00+00:00,2022-04-24 20:25:00+00:00,139684,139685,139697,1.4464,1.436328371464785,1.4514358142676074,1.436328371464785,take_profit,0.7012065440818116,0.6212065440818115,13
1INCH,short,2022-04-25 14:05:00+00:00,2022-04-25 14:10:00+00:00,2022-04-25 14:20:00+00:00,139909,139910,139912,1.3631,1.3721963674829738,1.3721963674829738,1.3452072650340523,stop,-0.6629056670408917,-0.7429056670408918,3
1INCH,short,2022-04-25 14:35:00+00:00,2022-04-25 14:40:00+00:00,2022-04-25 14:50:00+00:00,139915,139916,139918,1.364,1.352152861309349,1.3700735693453256,1.352152861309349,take_profit,0.8761685922979989,0.7961685922979989,3
1INCH,long,2022-04-26 14:05:00+00:00,2022-04-26 14:10:00+00:00,2022-04-26 15:20:00+00:00,140197,140198,140212,1.41,1.404990094881576,1.404990094881576,1.419719810236848,stop,-0.3553124197463897,-0.43531241974638973,15
1INCH,long,2022-04-26 17:00:00+00:00,2022-04-26 17:05:00+00:00,2022-04-26 17:20:00+00:00,140232,140233,140236,1.4088,1.4187642300671512,1.4038178849664245,1.4187642300671512,take_profit,0.7072849281055671,0.627284928105567,4
1INCH,long,2022-04-27 14:20:00+00:00,2022-04-27 14:25:00+00:00,2022-04-27 14:55:00+00:00,140488,140489,140495,1.3326,1.325749153029737,1.325749153029737,1.3463016939405261,stop,-0.5140962757213763,-0.5940962757213764,7
1INCH,long,2022-04-27 15:45:00+00:00,2022-04-27 15:50:00+00:00,2022-04-27 17:30:00+00:00,140505,140506,140526,1.3357,1.3258083779453982,1.3258083779453982,1.355483244109204,stop,-0.7405571651270426,-0.8205571651270427,21
1INCH,short,2022-04-29 18:05:00+00:00,2022-04-29 18:10:00+00:00,2022-04-29 19:40:00+00:00,141109,141110,141128,1.2828,1.2680233831803556,1.290638308409822,1.2680233831803556,take_profit,1.1653268398397199,1.0853268398397198,19
1INCH,long,2022-04-30 14:40:00+00:00,2022-04-30 14:45:00+00:00,2022-04-30 17:20:00+00:00,141356,141357,141388,1.2679,1.255918317248532,1.255918317248532,1.292763365502936,stop,-0.9450021887742022,-1.0250021887742022,32
1INCH,short,2022-04-30 17:30:00+00:00,2022-04-30 17:35:00+00:00,2022-04-30 17:35:00+00:00,141390,141391,141391,1.251,1.2640124964061927,1.2640124964061927,1.2231750071876144,stop,-1.0294594747432995,-1.1094594747432995,1
1INCH,long,2022-05-02 14:40:00+00:00,2022-05-02 14:45:00+00:00,2022-05-02 17:00:00+00:00,141932,141933,141960,1.1716,1.1669157049956596,1.1669157049956596,1.180068590008681,stop,-0.39982033154152274,-0.47982033154152276,28
1INCH,short,2022-05-02 18:00:00+00:00,2022-05-02 18:05:00+00:00,2022-05-02 18:35:00+00:00,141972,141973,141979,1.1537,1.1617318964827523,1.1617318964827523,1.1373362070344952,stop,-0.6913726400273323,-0.7713726400273324,7
1INCH,short,2022-05-02 18:45:00+00:00,2022-05-02 18:50:00+00:00,2022-05-02 20:10:00+00:00,141981,141982,141998,1.1516,1.1276608192550568,1.1637195903724715,1.1276608192550568,take_profit,2.1229061377478375,2.0429061377478375,17
1INCH,short,2022-05-04 14:10:00+00:00,2022-05-04 14:15:00+00:00,2022-05-04 15:00:00+00:00,142502,142503,142512,1.1723,1.1783313255437424,1.1783313255437424,1.1608373489125154,stop,-0.5118531106655722,-0.5918531106655722,10
1INCH,long,2022-05-04 15:05:00+00:00,2022-05-04 15:10:00+00:00,2022-05-04 17:20:00+00:00,142513,142514,142540,1.1823,1.199707144156194,1.172996427921903,1.199707144156194,take_profit,1.4723119475762436,1.3923119475762435,27
1INCH,long,2022-05-05 14:15:00+00:00,2022-05-05 14:20:00+00:00,2022-05-05 14:20:00+00:00,142791,142792,142792,1.2756,1.2710624914124744,1.2710624914124744,1.2843750171750514,stop,-0.3557156308816034,-0.4357156308816034,1
1INCH,long,2022-05-05 16:55:00+00:00,2022-05-05 17:00:00+00:00,2022-05-06 00:20:00+00:00,142823,142824,142912,1.3032,1.2617922614517738,1.2617922614517738,1.3857154770964522,stop,-3.177389391361729,-3.257389391361729,89
1INCH,short,2022-05-06 16:35:00+00:00,2022-05-06 16:40:00+00:00,2022-05-06 16:55:00+00:00,143107,143108,143111,1.2853,1.3143572863264832,1.3143572863264832,1.2262854273470334,stop,-2.210760090028163,-2.2907600900281633,4
1INCH,short,2022-05-06 17:10:00+00:00,2022-05-06 17:15:00+00:00,2022-05-06 21:00:00+00:00,143114,143115,143160,1.2914,1.3260331679367303,1.3260331679367303,1.2227336641265396,stop,-2.6117874555595333,-2.6917874555595334,46
1INCH,short,2022-05-07 14:35:00+00:00,2022-05-07 14:40:00+00:00,2022-05-07 16:35:00+00:00,143371,143372,143395,1.303,1.3138345056334404,1.3138345056334404,1.281330988733119,stop,-0.824647669625389,-0.9046476696253891,24
1INCH,long,2022-05-07 17:00:00+00:00,2022-05-07 17:05:00+00:00,2022-05-07 18:00:00+00:00,143400,143401,143412,1.3295,1.3136239489404493,1.3136239489404493,1.361252102119101,stop,-1.1941369732644258,-1.2741369732644259,12
1INCH,short,2022-05-07 18:35:00+00:00,2022-05-07 18:40:00+00:00,2022-05-07 22:40:00+00:00,143419,143420,143468,1.3014,1.313674120170082,1.313674120170082,1.2768517596598359,stop,-0.934335234410566,-1.014335234410566,49
1INCH,short,2022-05-08 14:25:00+00:00,2022-05-08 14:30:00+00:00,2022-05-08 15:35:00+00:00,143657,143658,143671,1.2849,1.2955154062070853,1.2955154062070853,1.2642691875858292,stop,-0.8193963696784046,-0.8993963696784046,14
1INCH,long,2022-05-08 16:00:00+00:00,2022-05-08 16:05:00+00:00,2022-05-08 16:10:00+00:00,143676,143677,143678,1.2993,1.2916599648513363,1.2916599648513363,1.3145800702973272,stop,-0.5880116330842511,-0.6680116330842512,2
1INCH,long,2022-05-08 17:05:00+00:00,2022-05-08 17:10:00+00:00,2022-05-08 19:05:00+00:00,143689,143690,143713,1.3018,1.2929566090538578,1.2929566090538578,1.3194867818922846,stop,-0.6793202447489821,-0.7593202447489822,24
1INCH,short,2022-05-09 14:45:00+00:00,2022-05-09 14:50:00+00:00,2022-05-09 15:30:00+00:00,143949,143950,143958,1.285,1.293492387252961,1.293492387252961,1.268615225494078,stop,-0.6565471383249921,-0.7365471383249922,9
1INCH,short,2022-05-09 17:20:00+00:00,2022-05-09 17:25:00+00:00,2022-05-09 17:45:00+00:00,143980,143981,143985,1.2857,1.2936018554763191,1.2936018554763191,1.268996289047362,stop,-0.610841383913252,-0.6908413839132521,5
1INCH,long,2022-05-09 17:50:00+00:00,2022-05-09 17:55:00+00:00,2022-05-09 19:25:00+00:00,143986,143987,144005,1.3006,1.287348055055478,1.287348055055478,1.3265038898890442,stop,-1.0189101141413248,-1.098910114141325,19
1INCH,short,2022-05-11 15:10:00+00:00,2022-05-11 15:15:00+00:00,2022-05-11 16:15:00+00:00,144530,144531,144543,1.0145,1.0305378478131222,1.0305378478131222,0.9815243043737556,stop,-1.5562599517480846,-1.6362599517480845,13
1INCH,short,2022-05-11 16:20:00+00:00,2022-05-11 16:25:00+00:00,2022-05-11 16:45:00+00:00,144544,144545,144549,1.009,1.032462230935631,1.032462230935631,0.9608755381287377,stop,-2.2724541617730076,-2.3524541617730077,5
1INCH,long,2022-05-11 17:10:00+00:00,2022-05-11 17:15:00+00:00,2022-05-11 18:10:00+00:00,144554,144555,144566,1.054,1.0140503327732782,1.0140503327732782,1.132999334453444,stop,-3.7902910082278862,-3.8702910082278863,12
1INCH,short,2022-05-12 14:05:00+00:00,2022-05-12 14:10:00+00:00,2022-05-12 23:55:00+00:00,144805,144806,144923,0.7802,0.8351488341074471,0.8351488341074471,0.6706023317851058,stop,-6.579525931587138,-6.659525931587138,118
1INCH,long,2022-05-13 14:05:00+00:00,2022-05-13 14:10:00+00:00,2022-05-13 16:45:00+00:00,145093,145094,145125,0.9175,0.8810057635384145,0.8810057635384145,0.9913884729231708,stop,-3.977573456303596,-4.057573456303596,32
1INCH,long,2022-05-13 18:15:00+00:00,2022-05-13 18:20:00+00:00,2022-05-13 18:50:00+00:00,145143,145144,145150,0.9136,0.8978465115414477,0.8978465115414477,0.9451069769171045,stop,-1.7243310484404861,-1.804331048440486,7
1INCH,long,2022-05-13 19:45:00+00:00,2022-05-13 19:50:00+00:00,2022-05-13 21:15:00+00:00,145161,145162,145179,0.912,0.9424333736065033,0.8970833131967484,0.9424333736065033,take_profit,3.3369927200113114,3.2569927200113113,18
1INCH,long,2022-05-14 14:10:00+00:00,2022-05-14 14:15:00+00:00,2022-05-14 17:10:00+00:00,145382,145383,145418,0.9309,0.9515399287524496,0.9199800356237752,0.9515399287524496,take_profit,2.2172014988129485,2.1372014988129484,36
1INCH,long,2022-05-15 17:20:00+00:00,2022-05-15 17:25:00+00:00,2022-05-16 02:55:00+00:00,145708,145709,145823,0.9263,0.953496843170406,0.912701578414797,0.953496843170406,take_profit,2.936072888956698,2.8560728889566978,115
1INCH,short,2022-05-16 15:00:00+00:00,2022-05-16 15:05:00+00:00,2022-05-16 17:35:00+00:00,145968,145969,145999,0.9171,0.9354547048918066,0.9354547048918066,0.8803905902163869,stop,-1.9621158347725043,-2.0421158347725044,31
1INCH,short,2022-05-16 18:20:00+00:00,2022-05-16 18:25:00+00:00,2022-05-16 19:20:00+00:00,146008,146009,146020,0.9224,0.9335881726911501,0.9335881726911501,0.8994236546176998,stop,-1.1984055730803966,-1.2784055730803967,12
1INCH,long,2022-05-17 15:40:00+00:00,2022-05-17 15:45:00+00:00,2022-05-17 16:10:00+00:00,146264,146265,146270,0.948,0.9413259817317671,0.9413259817317671,0.9610480365364658,stop,-0.7040103658473518,-0.7840103658473518,6
1INCH,short,2022-05-18 15:35:00+00:00,2022-05-18 15:40:00+00:00,2022-05-18 16:40:00+00:00,146551,146552,146564,0.9215,0.9329290371395756,0.9329290371395756,0.8995419257208486,stop,-1.2250703627596282,-1.3050703627596283,13
1INCH,long,2022-05-18 18:40:00+00:00,2022-05-18 18:45:00+00:00,2022-05-18 20:05:00+00:00,146588,146589,146605,0.9353,0.9225322528872237,0.9225322528872237,0.9617354942255525,stop,-1.3650964517027964,-1.4450964517027964,17
1INCH,short,2022-05-19 14:30:00+00:00,2022-05-19 14:35:00+00:00,2022-05-19 15:15:00+00:00,146826,146827,146835,0.9012,0.9066152943272503,0.9066152943272503,0.8906694113454994,stop,-0.5973089535477927,-0.6773089535477927,9
1INCH,long,2022-05-19 15:30:00+00:00,2022-05-19 15:35:00+00:00,2022-05-19 16:35:00+00:00,146838,146839,146851,0.9105,0.9040722171287839,0.9040722171287839,0.9230555657424321,stop,-0.7059618749276297,-0.7859618749276298,13
1INCH,short,2022-05-19 17:00:00+00:00,2022-05-19 17:05:00+00:00,2022-05-19 19:40:00+00:00,146856,146857,146888,0.8952,0.9068100331233728,0.9068100331233728,0.8722799337532543,stop,-1.2803159095388206,-1.3603159095388206,32
1INCH,long,2022-05-20 14:40:00+00:00,2022-05-20 14:45:00+00:00,2022-05-20 15:20:00+00:00,147116,147117,147124,0.924,0.9147811027963092,0.9147811027963092,0.9427377944073817,stop,-0.9977161475855922,-1.0777161475855923,8
1INCH,short,2022-05-20 15:25:00+00:00,2022-05-20 15:30:00+00:00,2022-05-20 16:45:00+00:00,147125,147126,147141,0.9073,0.9193146581171978,0.9193146581171978,0.8847706837656045,stop,-1.3069146685645627,-1.3869146685645628,16
1INCH,long,2022-05-20 17:10:00+00:00,2022-05-20 17:15:00+00:00,2022-05-20 19:55:00+00:00,147146,147147,147179,0.9234,0.9357729653326547,0.9170635173336726,0.9357729653326547,take_profit,1.3399356002441687,1.2599356002441686,33
1INCH,long,2022-05-21 16:35:00+00:00,2022-05-21 16:40:00+00:00,2022-05-21 17:20:00+00:00,147427,147428,147436,0.9257,0.9196387278509136,0.9196387278509136,0.9360225442981729,stop,-0.654777157727815,-0.734777157727815,9
1INCH,long,2022-05-21 19:00:00+00:00,2022-05-21 19:05:00+00:00,2022-05-21 19:25:00+00:00,147456,147457,147461,0.9247,0.9199339010784652,0.9199339010784652,0.9342321978430695,stop,-0.5154211010635623,-0.5954211010635624,5
1INCH,long,2022-05-21 19:45:00+00:00,2022-05-21 19:50:00+00:00,2022-05-22 00:00:00+00:00,147465,147466,147516,0.9246,0.9401590508013801,0.9168204745993099,0.9401590508013801,take_profit,1.6827872378736952,1.6027872378736954,51
1INCH,long,2022-05-22 14:10:00+00:00,2022-05-22 14:15:00+00:00,2022-05-22 17:35:00+00:00,147686,147687,147727,0.9671,1.0042472040688173,0.9486763979655913,1.0042472040688173,take_profit,3.8410923450333367,3.7610923450333367,41
1INCH,short,2022-05-23 14:30:00+00:00,2022-05-23 14:35:00+00:00,2022-05-23 15:20:00+00:00,147978,147979,147988,0.9941,1.0026031249444398,1.0026031249444398,0.9773937501111203,stop,-0.8481047717571188,-0.9281047717571189,10
1INCH,long,2022-05-23 16:20:00+00:00,2022-05-23 16:25:00+00:00,2022-05-23 17:15:00+00:00,148000,148001,148011,1.0221,1.0116062153115293,1.0116062153115293,1.0436875693769414,stop,-1.026688649688945,-1.106688649688945,11
1INCH,short,2022-05-24 14:40:00+00:00,2022-05-24 14:45:00+00:00,2022-05-24 16:55:00+00:00,148268,148269,148295,0.9768,0.983796480102525,0.983796480102525,0.96310703979495,stop,-0.711171491668261,-0.7911714916682611,27
1INCH,long,2022-05-24 17:10:00+00:00,2022-05-24 17:15:00+00:00,2022-05-24 17:15:00+00:00,148298,148299,148299,0.9914,0.9862175370515425,0.9862175370515425,1.0020649258969152,stop,-0.5227418749704893,-0.6027418749704894,1
1INCH,long,2022-05-24 17:20:00+00:00,2022-05-24 17:25:00+00:00,2022-05-24 17:50:00+00:00,148300,148301,148306,0.9933,0.9857283865393403,0.9857283865393403,1.0081432269213195,stop,-0.762268545319611,-0.842268545319611,6
1INCH,short,2022-05-25 14:30:00+00:00,2022-05-25 14:35:00+00:00,2022-05-25 20:10:00+00:00,148554,148555,148622,0.9844,0.9571341683764488,0.9980329158117757,0.9571341683764488,take_profit,2.848694835521459,2.768694835521459,68
1INCH,short,2022-05-26 14:20:00+00:00,2022-05-26 14:25:00+00:00,2022-05-26 16:10:00+00:00,148840,148841,148862,0.949,0.9237945120274794,0.9614527439862602,0.9237945120274794,take_profit,2.7284734477585504,2.6484734477585503,22
1INCH,long,2022-05-28 14:25:00+00:00,2022-05-28 14:30:00+00:00,2022-05-28 15:00:00+00:00,149417,149418,149424,0.9174,0.9104199676926561,0.9104199676926561,0.9322600646146877,stop,-0.7608493903797586,-0.8408493903797587,7
1INCH,short,2022-05-28 16:05:00+00:00,2022-05-28 16:10:00+00:00,2022-05-28 20:10:00+00:00,149437,149438,149486,0.9051,0.9143468496960098,0.9143468496960098,0.8866063006079805,stop,-1.011306562611769,-1.091306562611769,49
1INCH,long,2022-05-30 14:05:00+00:00,2022-05-30 14:10:00+00:00,2022-05-30 14:55:00+00:00,149989,149990,149999,0.949,0.9601361829692455,0.9434319085153772,0.9601361829692455,take_profit,1.173465012565389,1.0934650125653889,10
1INCH,short,2022-05-31 14:10:00+00:00,2022-05-31 14:15:00+00:00,2022-05-31 14:20:00+00:00,150278,150279,150280,0.9808,0.9881574773222476,0.9881574773222476,0.9660850453555049,stop,-0.7445652632397382,-0.8245652632397382,2
1INCH,short,2022-05-31 14:35:00+00:00,2022-05-31 14:40:00+00:00,2022-05-31 21:30:00+00:00,150283,150284,150366,0.9814,0.990780326886508,0.990780326886508,0.9623393462269839,stop,-0.9467615203851754,-1.0267615203851754,83
1INCH,short,2022-06-01 14:30:00+00:00,2022-06-01 14:35:00+00:00,2022-06-01 14:55:00+00:00,150570,150571,150575,0.9689,0.9747126929129409,0.9747126929129409,0.9569746141741181,stop,-0.5963493607095249,-0.676349360709525,5
1INCH,long,2022-06-01 15:55:00+00:00,2022-06-01 16:00:00+00:00,2022-06-01 16:50:00+00:00,150587,150588,150598,0.9828,0.9759314527562996,0.9759314527562996,0.9962370944874009,stop,-0.6988753809219039,-0.778875380921904,11
1INCH,long,2022-06-01 17:45:00+00:00,2022-06-01 17:50:00+00:00,2022-06-01 20:15:00+00:00,150609,150610,150639,0.9827,0.9760699017330513,0.9760699017330513,0.9968601965338973,stop,-0.6746818222192696,-0.7546818222192697,30
1INCH,short,2022-06-02 14:10:00+00:00,2022-06-02 14:15:00+00:00,2022-06-02 14:40:00+00:00,150854,150855,150860,0.9278,0.9307347601732054,0.9307347601732054,0.921930479653589,stop,-0.3153164895935867,-0.39531648959358673,6
1INCH,short,2022-06-02 15:10:00+00:00,2022-06-02 15:15:00+00:00,2022-06-02 15:30:00+00:00,150866,150867,150870,0.9281,0.9208733772360941,0.931563311381953,0.9208733772360941,take_profit,0.7847574859418671,0.704757485941867,4
1INCH,short,2022-06-03 15:55:00+00:00,2022-06-03 16:00:00+00:00,2022-06-03 17:40:00+00:00,151163,151164,151184,0.9021,0.8895089349842492,0.9083955325078754,0.8895089349842492,take_profit,1.4155074244390553,1.3355074244390552,21
1INCH,short,2022-06-04 16:00:00+00:00,2022-06-04 16:05:00+00:00,2022-06-04 17:30:00+00:00,151452,151453,151470,0.863,0.8679717964243269,0.8679717964243269,0.8524564071513463,stop,-0.5728062184518601,-0.6528062184518602,18
1INCH,short,2022-06-04 18:30:00+00:00,2022-06-04 18:35:00+00:00,2022-06-05 07:15:00+00:00,151482,151483,151635,0.8611,0.8679733419210736,0.8679733419210736,0.8476533161578528,stop,-0.7918839887249174,-0.8718839887249175,153
1INCH,long,2022-06-05 14:20:00+00:00,2022-06-05 14:25:00+00:00,2022-06-05 16:55:00+00:00,151720,151721,151751,0.8591,0.8540857981187953,0.8540857981187953,0.8685284037624095,stop,-0.5836575347694883,-0.6636575347694884,31
1INCH,long,2022-06-05 17:15:00+00:00,2022-06-05 17:20:00+00:00,2022-06-05 18:10:00+00:00,151755,151756,151766,0.8587,0.8541956449277298,0.8541956449277298,0.8674087101445405,stop,-0.5245551499091894,-0.6045551499091895,11
1INCH,short,2022-06-05 18:35:00+00:00,2022-06-05 18:40:00+00:00,2022-06-05 18:45:00+00:00,151771,151772,151773,0.8514,0.8552560311793025,0.8552560311793025,0.8436879376413952,stop,-0.45086278713351025,-0.5308627871335103,2
1INCH,long,2022-06-06 14:35:00+00:00,2022-06-06 14:40:00+00:00,2022-06-06 15:35:00+00:00,152011,152012,152023,0.8797,0.8905855579953649,0.8744072210023176,0.8905855579953649,take_profit,1.2374170734755996,1.1574170734755995,12
1INCH,short,2022-06-07 14:20:00+00:00,2022-06-07 14:25:00+00:00,2022-06-07 20:00:00+00:00,152296,152297,152364,0.8387,0.830205789801644,0.842797105099178,0.830205789801644,take_profit,1.0231451409638437,0.9431451409638436,68
1INCH,long,2022-06-08 17:40:00+00:00,2022-06-08 17:45:00+00:00,2022-06-08 21:20:00+00:00,152624,152625,152668,0.8384,0.8255315229834926,0.8255315229834926,0.8644369540330148,stop,-1.5348851403276909,-1.6148851403276907,44
1INCH,long,2022-06-10 17:05:00+00:00,2022-06-10 17:10:00+00:00,2022-06-10 17:25:00+00:00,153193,153194,153197,0.8016,0.7978970641832245,0.7978970641832245,0.809005871633551,stop,-0.46194309091510677,-0.5419430909151068,4
1INCH,short,2022-06-10 17:35:00+00:00,2022-06-10 17:40:00+00:00,2022-06-10 18:15:00+00:00,153199,153200,153207,0.7945,0.7857926801527122,0.7984036599236439,0.7857926801527122,take_profit,1.108093784431241,1.028093784431241,8
1INCH,long,2022-06-11 14:05:00+00:00,2022-06-11 14:10:00+00:00,2022-06-11 14:25:00+00:00,153445,153446,153449,0.7675,0.7645624262830435,0.7645624262830435,0.7739751474339132,stop,-0.38274576116696934,-0.46274576116696936,4
1INCH,long,2022-06-11 15:35:00+00:00,2022-06-11 15:40:00+00:00,2022-06-11 17:35:00+00:00,153463,153464,153487,0.7671,0.763351753905589,0.763351753905589,0.7748964921888221,stop,-0.4886254848665117,-0.5686254848665118,24
1INCH,short,2022-06-13 14:20:00+00:00,2022-06-13 14:25:00+00:00,2022-06-13 15:45:00+00:00,154024,154025,154041,0.6236,0.6028650037263003,0.63381749813685,0.6028650037263003,take_profit,3.4394095105101608,3.3594095105101607,17
1INCH,long,2022-06-14 14:05:00+00:00,2022-06-14 14:10:00+00:00,2022-06-14 14:40:00+00:00,154309,154310,154316,0.5861,0.6021191911229866,0.5785404044385067,0.6021191911229866,take_profit,2.7331839486413045,2.6531839486413045,7
1INCH,long,2022-06-14 18:45:00+00:00,2022-06-14 18:50:00+00:00,2022-06-14 20:40:00+00:00,154365,154366,154388,0.5887,0.5780357201132512,0.5780357201132512,0.6097285597734976,stop,-1.8114964985134652,-1.891496498513465,23
1INCH,short,2022-06-15 14:20:00+00:00,2022-06-15 14:25:00+00:00,2022-06-15 14:30:00+00:00,154600,154601,154602,0.5531,0.5621567309275259,0.5621567309275259,0.5346865381449483,stop,-1.6110686627522575,-1.6910686627522573,2
1INCH,short,2022-06-15 14:55:00+00:00,2022-06-15 15:00:00+00:00,2022-06-15 16:05:00+00:00,154607,154608,154621,0.555,0.5636035235008438,0.5636035235008438,0.5374929529983123,stop,-1.52652053120651,-1.6065205312065098,14
1INCH,short,2022-06-15 16:45:00+00:00,2022-06-15 16:50:00+00:00,2022-06-15 17:45:00+00:00,154629,154630,154641,0.5569,0.53930622610103,0.565696886949485,0.53930622610103,take_profit,3.2622975681489974,3.1822975681489973,12
1INCH,short,2022-06-18 14:20:00+00:00,2022-06-18 14:25:00+00:00,2022-06-18 15:50:00+00:00,155464,155465,155482,0.5824,0.5735431788558933,0.5868284105720534,0.5735431788558933,take_profit,1.544229182844492,1.464229182844492,18
1INCH,long,2022-06-19 14:05:00+00:00,2022-06-19 14:10:00+00:00,2022-06-19 14:25:00+00:00,155749,155750,155753,0.5426,0.532441898798985,0.532441898798985,0.56321620240203,stop,-1.8721159603787396,-1.9521159603787395,4
1INCH,long,2022-06-19 16:20:00+00:00,2022-06-19 16:25:00+00:00,2022-06-19 16:45:00+00:00,155776,155777,155781,0.5424,0.5373192891237851,0.5373192891237851,0.5522614217524298,stop,-0.9367092323404935,-1.0167092323404936,5
1INCH,long,2022-06-19 17:20:00+00:00,2022-06-19 17:25:00+00:00,2022-06-19 18:30:00+00:00,155788,155789,155802,0.5424,0.5545600191642526,0.5363199904178737,0.5545600191642526,take_profit,2.241891438837129,2.161891438837129,14
1INCH,short,2022-06-20 14:15:00+00:00,2022-06-20 14:20:00+00:00,2022-06-20 14:50:00+00:00,156039,156040,156046,0.5602,0.5656569132256924,0.5656569132256924,0.5486861735486153,stop,-0.964703709634529,-1.044703709634529,7
1INCH,long,2022-06-20 15:05:00+00:00,2022-06-20 15:10:00+00:00,2022-06-20 17:10:00+00:00,156049,156050,156074,0.5716,0.581873892043565,0.5664630539782175,0.581873892043565,take_profit,1.7973918900568542,1.7173918900568543,25
1INCH,short,2022-06-22 15:15:00+00:00,2022-06-22 15:20:00+00:00,2022-06-22 16:50:00+00:00,156627,156628,156646,0.6862,0.6526800093305684,0.7031099953347159,0.6526800093305684,take_profit,5.135746489893567,5.055746489893567,19
1INCH,long,2022-06-23 15:25:00+00:00,2022-06-23 15:30:00+00:00,2022-06-23 17:35:00+00:00,156917,156918,156943,0.7073,0.6942284661704742,0.6942284661704742,0.7340430676590517,stop,-1.8480890470134126,-1.9280890470134124,26
1INCH,short,2022-06-23 17:45:00+00:00,2022-06-23 17:50:00+00:00,2022-06-23 18:15:00+00:00,156945,156946,156951,0.6922,0.6990140710026074,0.6990140710026074,0.6782718579947854,stop,-0.974811707700507,-1.054811707700507,6
1INCH,short,2022-06-23 18:35:00+00:00,2022-06-23 18:40:00+00:00,2022-06-23 19:15:00+00:00,156955,156956,156963,0.6912,0.7005183325295753,0.7005183325295753,0.6722633349408496,stop,-1.3302053774847944,-1.4102053774847945,8
1INCH,long,2022-06-24 14:40:00+00:00,2022-06-24 14:45:00+00:00,2022-06-24 14:55:00+00:00,157196,157197,157199,0.7156,0.7100237508231115,0.7100237508231115,0.726152498353777,stop,-0.7792410811750305,-0.8592410811750306,3
1INCH,short,2022-06-24 15:15:00+00:00,2022-06-24 15:20:00+00:00,2022-06-24 16:25:00+00:00,157203,157204,157217,0.6981,0.7057503256306917,0.7057503256306917,0.6824993487386164,stop,-1.0839988807451073,-1.1639988807451074,14
1INCH,short,2022-06-24 18:50:00+00:00,2022-06-24 18:55:00+00:00,2022-06-24 19:50:00+00:00,157246,157247,157258,0.7,0.7080520720128634,0.7080520720128634,0.6832958559742732,stop,-1.1372146669909156,-1.2172146669909156,12
1INCH,long,2022-06-25 14:35:00+00:00,2022-06-25 14:40:00+00:00,2022-06-25 15:00:00+00:00,157483,157484,157488,0.7574,0.7515419197181928,0.7515419197181928,0.7685161605636143,stop,-0.7734460366790485,-0.8534460366790486,5
1INCH,long,2022-06-25 16:05:00+00:00,2022-06-25 16:10:00+00:00,2022-06-25 18:15:00+00:00,157501,157502,157527,0.7587,0.7494446987198403,0.7494446987198403,0.7778106025603194,stop,-1.2198894530327853,-1.2998894530327854,26
1INCH,long,2022-06-25 18:40:00+00:00,2022-06-25 18:45:00+00:00,2022-06-25 18:45:00+00:00,157532,157533,157533,0.7575,0.7515997156813549,0.7515997156813549,0.7702005686372904,stop,-0.7789154216033101,-0.8589154216033101,1
1INCH,short,2022-06-27 14:15:00+00:00,2022-06-27 14:20:00+00:00,2022-06-27 16:20:00+00:00,158055,158056,158080,0.7079,0.7137646382504808,0.7137646382504808,0.6964707234990384,stop,-0.8216487531317984,-0.9016487531317985,25
1INCH,long,2022-06-28 14:30:00+00:00,2022-06-28 14:35:00+00:00,2022-06-28 15:55:00+00:00,158346,158347,158363,0.6637,0.6728745731910377,0.6591127134044811,0.6728745731910377,take_profit,1.3823373799966454,1.3023373799966453,17
1INCH,short,2022-06-29 14:15:00+00:00,2022-06-29 14:20:00+00:00,2022-06-29 14:45:00+00:00,158631,158632,158637,0.7537,0.7385543028093704,0.7612728485953149,0.7385543028093704,take_profit,2.050722219478951,1.970722219478951,6
1INCH,long,2022-06-29 18:15:00+00:00,2022-06-29 18:20:00+00:00,2022-06-29 18:50:00+00:00,158679,158680,158686,0.771,0.7523664410191396,0.7523664410191396,0.8085671179617208,stop,-2.4168040182698247,-2.496804018269825,7
1INCH,long,2022-07-01 17:10:00+00:00,2022-07-01 17:15:00+00:00,2022-07-01 17:55:00+00:00,159242,159243,159251,0.6844,0.6702962709639113,0.6702962709639113,0.7132074580721773,stop,-2.060743576284141,-2.140743576284141,9
1INCH,short,2022-07-01 19:35:00+00:00,2022-07-01 19:40:00+00:00,2022-07-02 11:30:00+00:00,159271,159272,159462,0.6571,0.6332601164161022,0.6688699417919489,0.6332601164161022,take_profit,3.764627357051653,3.684627357051653,191
1INCH,short,2022-07-02 18:20:00+00:00,2022-07-02 18:25:00+00:00,2022-07-02 19:35:00+00:00,159544,159545,159559,0.6295,0.6333066417130715,0.6333066417130715,0.6221867165738572,stop,-0.6010740236001233,-0.6810740236001234,15
1INCH,short,2022-07-03 18:05:00+00:00,2022-07-03 18:10:00+00:00,2022-07-03 18:50:00+00:00,159829,159830,159838,0.6151,0.6200494701955849,0.6200494701955849,0.6046010596088303,stop,-0.7982379525336314,-0.8782379525336315,9
1INCH,short,2022-07-04 14:20:00+00:00,2022-07-04 14:25:00+00:00,2022-07-04 14:50:00+00:00,160072,160073,160078,0.6091,0.6118799351059794,0.6118799351059794,0.6032401297880412,stop,-0.45432689429469875,-0.5343268942946988,6
1INCH,long,2022-07-05 14:15:00+00:00,2022-07-05 14:20:00+00:00,2022-07-05 17:20:00+00:00,160359,160360,160396,0.6437,0.6368111236437969,0.6368111236437969,0.6574777527124064,stop,-1.0701998378442101,-1.1501998378442102,37
1INCH,long,2022-07-06 14:10:00+00:00,2022-07-06 14:15:00+00:00,2022-07-06 14:25:00+00:00,160646,160647,160649,0.6227,0.6180799260013109,0.6180799260013109,0.6319401479973783,stop,-0.7419421870385579,-0.8219421870385579,3
1INCH,long,2022-07-06 14:45:00+00:00,2022-07-06 14:50:00+00:00,2022-07-06 15:05:00+00:00,160653,160654,160657,0.6225,0.6173851088125484,0.6173851088125484,0.6330297823749034,stop,-0.8216692670605097,-0.9016692670605098,4
1INCH,short,2022-07-06 15:25:00+00:00,2022-07-06 15:30:00+00:00,2022-07-06 16:00:00+00:00,160661,160662,160668,0.6159,0.6205690667161828,0.6205690667161828,0.6065618665676343,stop,-0.7523847008504281,-0.8323847008504281,7
1INCH,long,2022-07-07 14:05:00+00:00,2022-07-07 14:10:00+00:00,2022-07-07 14:30:00+00:00,160933,160934,160938,0.6278,0.6239671222987283,0.6239671222987283,0.6357657554025434,stop,-0.6105252789537663,-0.6905252789537664,5
1INCH,short,2022-07-07 15:40:00+00:00,2022-07-07 15:45:00+00:00,2022-07-07 17:00:00+00:00,160952,160953,160968,0.621,0.6236181112914019,0.6236181112914019,0.6157637774171962,stop,-0.41982605123194183,-0.49982605123194185,16
1INCH,long,2022-07-07 17:45:00+00:00,2022-07-07 17:50:00+00:00,2022-07-07 19:50:00+00:00,160977,160978,161002,0.6284,0.6237325864200761,0.6237325864200761,0.6377348271598476,stop,-0.7427456365251217,-0.8227456365251218,25
1INCH,long,2022-07-08 15:35:00+00:00,2022-07-08 15:40:00+00:00,2022-07-08 15:45:00+00:00,161239,161240,161241,0.6909,0.7133470436058472,0.6798264781970763,0.7133470436058472,take_profit,3.248956955543103,3.168956955543103,2
1INCH,long,2022-07-08 18:55:00+00:00,2022-07-08 19:00:00+00:00,2022-07-08 21:30:00+00:00,161279,161280,161310,0.6931,0.6847218501241112,0.6847218501241112,0.7101562997517776,stop,-1.2087938069382242,-1.2887938069382243,31
1INCH,short,2022-07-09 14:55:00+00:00,2022-07-09 15:00:00+00:00,2022-07-09 15:55:00+00:00,161519,161520,161531,0.6766,0.6805536292634684,0.6805536292634684,0.6692927414730631,stop,-0.5809430871373422,-0.6609430871373423,12
1INCH,short,2022-07-10 19:45:00+00:00,2022-07-10 19:50:00+00:00,2022-07-10 22:30:00+00:00,161865,161866,161898,0.6636,0.6526450141812543,0.6687774929093728,0.6526450141812543,take_profit,1.678551981660159,1.5985519816601592,33
1INCH,short,2022-07-11 14:45:00+00:00,2022-07-11 14:50:00+00:00,2022-07-12 07:25:00+00:00,162093,162094,162293,0.6269,0.6027110532936484,0.6386944733531759,0.6027110532936484,take_profit,4.013357076191948,3.933357076191948,200
1INCH,short,2022-07-12 14:05:00+00:00,2022-07-12 14:10:00+00:00,2022-07-12 14:30:00+00:00,162373,162374,162378,0.5899,0.593734514068675,0.593734514068675,0.5816309718626501,stop,-0.6458297400294688,-0.7258297400294689,5
1INCH,short,2022-07-12 15:05:00+00:00,2022-07-12 15:10:00+00:00,2022-07-12 16:00:00+00:00,162385,162386,162396,0.5897,0.5815872654468265,0.5939063672765867,0.5815872654468265,take_profit,1.3949298815785882,1.3149298815785881,11
1INCH,long,2022-07-13 14:35:00+00:00,2022-07-13 14:40:00+00:00,2022-07-13 15:15:00+00:00,162667,162668,162675,0.5798,0.573661130853543,0.573661130853543,0.592077738292914,stop,-1.0587908151874825,-1.1387908151874826,8
1INCH,long,2022-07-13 15:40:00+00:00,2022-07-13 15:45:00+00:00,2022-07-13 16:40:00+00:00,162680,162681,162692,0.5775,0.5828817163628649,0.5748091418185676,0.5828817163628649,take_profit,0.931898937292619,0.8518989372926189,12
1INCH,long,2022-07-15 14:55:00+00:00,2022-07-15 15:00:00+00:00,2022-07-15 16:05:00+00:00,163247,163248,163261,0.6523,0.6446255437820044,0.6446255437820044,0.6676489124359911,stop,-1.176522492410792,-1.256522492410792,14
1INCH,long,2022-07-15 18:15:00+00:00,2022-07-15 18:20:00+00:00,2022-07-15 18:45:00+00:00,163287,163288,163293,0.6527,0.6460598001996478,0.6460598001996478,0.6671803996007044,stop,-1.0173433124486153,-1.0973433124486154,6
1INCH,short,2022-07-16 15:30:00+00:00,2022-07-16 15:35:00+00:00,2022-07-16 21:50:00+00:00,163542,163543,163618,0.6366,0.6428989842095013,0.6428989842095013,0.6243020315809975,stop,-0.979778217762528,-1.0597782177625281,76
1INCH,long,2022-07-17 14:05:00+00:00,2022-07-17 14:10:00+00:00,2022-07-17 15:25:00+00:00,163813,163814,163829,0.6636,0.6739879326887943,0.6584060336556028,0.6739879326887943,take_profit,1.5653907005416468,1.4853907005416467,16
1INCH,long,2022-07-17 18:30:00+00:00,2022-07-17 18:35:00+00:00,2022-07-17 19:10:00+00:00,163866,163867,163874,0.6627,0.6558827433014934,0.6558827433014934,0.6775345133970132,stop,-1.028709325261279,-1.108709325261279,8
1INCH,short,2022-07-17 19:25:00+00:00,2022-07-17 19:30:00+00:00,2022-07-17 20:10:00+00:00,163877,163878,163886,0.6565,0.6606901892958119,0.6606901892958119,0.6481196214083761,stop,-0.6342139422833015,-0.7142139422833016,9
1INCH,long,2022-07-18 14:15:00+00:00,2022-07-18 14:20:00+00:00,2022-07-18 23:20:00+00:00,164103,164104,164212,0.6924,0.7175531194738499,0.680273440263075,0.7175531194738499,take_profit,3.632744002577981,3.552744002577981,109
1INCH,long,2022-07-19 15:15:00+00:00,2022-07-19 15:20:00+00:00,2022-07-19 15:45:00+00:00,164403,164404,164409,0.7264,0.7175254289763653,0.7175254289763653,0.7438491420472693,stop,-1.2217195792448732,-1.3017195792448732,6
1INCH,long,2022-07-19 16:00:00+00:00,2022-07-19 16:05:00+00:00,2022-07-20 15:00:00+00:00,164412,164413,164688,0.7259,0.7494354847209737,0.7142822576395131,0.7494354847209737,take_profit,3.2422488939211513,3.1622488939211513,276
1INCH,long,2022-07-20 16:05:00+00:00,2022-07-20 16:10:00+00:00,2022-07-20 16:15:00+00:00,164701,164702,164703,0.7458,0.7390888149542167,0.7390888149542167,0.7595223700915665,stop,-0.8998639106708617,-0.9798639106708618,2
1INCH,short,2022-07-20 16:35:00+00:00,2022-07-20 16:40:00+00:00,2022-07-20 17:45:00+00:00,164707,164708,164721,0.7346,0.718940927972281,0.7424295360138595,0.718940927972281,take_profit,2.1780749180442704,2.0980749180442704,14
1INCH,long,2022-07-22 14:20:00+00:00,2022-07-22 14:25:00+00:00,2022-07-22 14:50:00+00:00,165256,165257,165262,0.6871,0.6983195285249473,0.6814902357375264,0.6983195285249473,take_profit,1.6328814619338106,1.5528814619338105,6
1INCH,long,2022-07-23 14:05:00+00:00,2022-07-23 14:10:00+00:00,2022-07-23 18:20:00+00:00,165541,165542,165592,0.6932,0.6867591941603565,0.6867591941603565,0.7066816116792871,stop,-0.9291410616912299,-1.00914106169123,51
1INCH,long,2022-07-24 14:10:00+00:00,2022-07-24 14:15:00+00:00,2022-07-24 17:20:00+00:00,165830,165831,165868,0.6922,0.6835451240500126,0.6835451240500126,0.709509751899975,stop,-1.250343246169816,-1.3303432461698161,38
1INCH,long,2022-07-24 17:40:00+00:00,2022-07-24 17:45:00+00:00,2022-07-24 19:35:00+00:00,165872,165873,165895,0.6883,0.6824778486613956,0.6824778486613956,0.7008443026772088,stop,-0.8458740866779668,-0.9258740866779669,23
1INCH,short,2022-07-26 14:05:00+00:00,2022-07-26 14:10:00+00:00,2022-07-26 18:35:00+00:00,166405,166406,166459,0.6172,0.6211395013099534,0.6211395013099534,0.609320997380093,stop,-0.6342377681092914,-0.7142377681092915,54
1INCH,short,2022-07-26 19:30:00+00:00,2022-07-26 19:35:00+00:00,2022-07-26 22:00:00+00:00,166470,166471,166500,0.6183,0.6110349580239426,0.6216325209880287,0.6110349580239426,take_profit,1.1889732135051956,1.1089732135051955,30
1INCH,long,2022-07-27 14:10:00+00:00,2022-07-27 14:15:00+00:00,2022-07-27 20:55:00+00:00,166694,166695,166775,0.6292,0.6241141787601945,0.6241141787601945,0.6399716424796109,stop,-0.808299624889619,-0.8882996248896191,81
1INCH,long,2022-07-28 14:30:00+00:00,2022-07-28 14:35:00+00:00,2022-07-28 21:15:00+00:00,166986,166987,167067,0.711,0.725792093730189,0.7036039531349054,0.725792093730189,take_profit,2.080463253191156,2.000463253191156,81
1INCH,short,2022-07-31 14:25:00+00:00,2022-07-31 14:30:00+00:00,2022-07-31 16:05:00+00:00,167849,167850,167869,0.7887,0.7946084226803698,0.7946084226803698,0.7774831546392605,stop,-0.7435640639749996,-0.8235640639749997,20
1INCH,short,2022-07-31 16:15:00+00:00,2022-07-31 16:20:00+00:00,2022-07-31 17:35:00+00:00,167871,167872,167887,0.7904,0.7765662833510589,0.7970168583244706,0.7765662833510589,take_profit,1.7813954771826346,1.7013954771826347,16
1INCH,long,2022-07-31 19:15:00+00:00,2022-07-31 19:20:00+00:00,2022-07-31 21:20:00+00:00,167907,167908,167932,0.8099,0.7852042579266717,0.7852042579266717,0.8601914841466567,stop,-3.049233494669501,-3.129233494669501,25
1INCH,short,2022-08-01 14:05:00+00:00,2022-08-01 14:10:00+00:00,2022-08-01 15:25:00+00:00,168133,168134,168149,0.7764,0.7629407757567659,0.7826796121216171,0.7629407757567659,take_profit,1.7641243817233088,1.684124381723309,16
1INCH,long,2022-08-03 14:15:00+00:00,2022-08-03 14:20:00+00:00,2022-08-03 14:40:00+00:00,168711,168712,168716,0.7496,0.7576180158634331,0.7455909920682835,0.7576180158634331,take_profit,1.0696392560609835,0.9896392560609835,5
1INCH,long,2022-08-05 15:00:00+00:00,2022-08-05 15:05:00+00:00,2022-08-05 17:45:00+00:00,169296,169297,169329,0.8329,0.8243926941221117,0.8243926941221117,0.8502146117557765,stop,-1.0214078374220503,-1.1014078374220504,33
1INCH,short,2022-08-07 15:40:00+00:00,2022-08-07 15:45:00+00:00,2022-08-07 21:00:00+00:00,169880,169881,169944,0.8082,0.8126177314808696,0.8126177314808696,0.798764537038261,stop,-0.5436420237617701,-0.6236420237617701,64
1INCH,long,2022-08-08 14:15:00+00:00,2022-08-08 14:20:00+00:00,2022-08-08 15:15:00+00:00,170151,170152,170163,0.8325,0.8405565757265889,0.8284717121367056,0.8405565757265889,take_profit,0.9677568440346951,0.887756844034695,12
1INCH,long,2022-08-09 14:20:00+00:00,2022-08-09 14:25:00+00:00,2022-08-09 14:35:00+00:00,170440,170441,170443,0.8615,0.872665049677171,0.8559174751614146,0.872665049677171,take_profit,1.2960011232932,1.2160011232932,3
1INCH,long,2022-08-09 15:05:00+00:00,2022-08-09 15:10:00+00:00,2022-08-09 15:45:00+00:00,170449,170450,170457,0.8658,0.8550640079768267,0.8550640079768267,0.8872719840463467,stop,-1.2400083186848376,-1.3200083186848377,8
1INCH,long,2022-08-09 16:05:00+00:00,2022-08-09 16:10:00+00:00,2022-08-09 18:20:00+00:00,170461,170462,170488,0.8636,0.8549865616133515,0.8549865616133515,0.8805268767732971,stop,-0.997387492664259,-1.077387492664259,27
1INCH,short,2022-08-09 18:50:00+00:00,2022-08-09 18:55:00+00:00,2022-08-09 22:55:00+00:00,170494,170495,170543,0.8411,0.8157948698215418,0.853752565089229,0.8157948698215418,take_profit,3.10189866528503,3.02189866528503,49
1INCH,short,2022-08-10 15:10:00+00:00,2022-08-10 15:15:00+00:00,2022-08-10 16:10:00+00:00,170738,170739,170750,0.7917,0.7965716624178479,0.7965716624178479,0.782256675164304,stop,-0.6115786749256058,-0.6915786749256059,12
1INCH,long,2022-08-10 17:45:00+00:00,2022-08-10 17:50:00+00:00,2022-08-10 19:30:00+00:00,170769,170770,170790,0.802,0.7979318952622794,0.7979318952622794,0.8101362094754414,stop,-0.5072449797656753,-0.5872449797656754,21
1INCH,long,2022-08-10 19:40:00+00:00,2022-08-10 19:45:00+00:00,2022-08-10 21:30:00+00:00,170792,170793,170814,0.8007,0.810975209741061,0.7957123951294695,0.810975209741061,take_profit,1.283278349077177,1.203278349077177,22
1INCH,long,2022-08-11 14:15:00+00:00,2022-08-11 14:20:00+00:00,2022-08-11 14:35:00+00:00,171015,171016,171019,0.8808,0.8893788274355074,0.8763605862822463,0.8893788274355074,take_profit,0.9739813164745037,0.8939813164745036,4
1INCH,short,2022-08-11 17:00:00+00:00,2022-08-11 17:05:00+00:00,2022-08-11 17:30:00+00:00,171048,171049,171054,0.8709,0.8790462618178387,0.8790462618178387,0.8546074763643225,stop,-0.9267159388167467,-1.0067159388167468,6
1INCH,long,2022-08-11 17:40:00+00:00,2022-08-11 17:45:00+00:00,2022-08-11 19:40:00+00:00,171056,171057,171080,0.8814,0.8762470893918051,0.8762470893918051,0.8917058212163897,stop,-0.5846279337638816,-0.6646279337638816,24
1INCH,short,2022-08-12 15:30:00+00:00,2022-08-12 15:35:00+00:00,2022-08-12 18:20:00+00:00,171318,171319,171352,0.8651,0.8765357882886484,0.8765357882886484,0.8419284234227031,stop,-1.304657315929536,-1.3846573159295361,34
1INCH,long,2022-08-12 18:35:00+00:00,2022-08-12 18:40:00+00:00,2022-08-12 19:00:00+00:00,171355,171356,171360,0.8767,0.8725799819712571,0.8725799819712571,0.884640036057486,stop,-0.4699461650214398,-0.5499461650214399,5
1INCH,long,2022-08-12 19:15:00+00:00,2022-08-12 19:20:00+00:00,2022-08-12 19:35:00+00:00,171363,171364,171367,0.8818,0.8668557154977171,0.8668557154977171,0.9116885690045659,stop,-1.69474761876649,-1.77474761876649,4
1INCH,long,2022-08-13 14:55:00+00:00,2022-08-13 15:00:00+00:00,2022-08-13 15:30:00+00:00,171599,171600,171606,0.8827,0.8924425513683376,0.8781287243158312,0.8924425513683376,take_profit,1.1037216912130443,1.0237216912130442,7
1INCH,long,2022-08-13 17:00:00+00:00,2022-08-13 17:05:00+00:00,2022-08-13 18:00:00+00:00,171624,171625,171636,0.8825,0.8770086251373165,0.8770086251373165,0.8934827497253669,stop,-0.6222521090859412,-0.7022521090859413,12
1INCH,long,2022-08-13 18:40:00+00:00,2022-08-13 18:45:00+00:00,2022-08-13 19:30:00+00:00,171644,171645,171654,0.8827,0.8926282733924313,0.8781858633037843,0.8926282733924313,take_profit,1.1247619114570506,1.0447619114570506,10
1INCH,short,2022-08-15 15:10:00+00:00,2022-08-15 15:15:00+00:00,2022-08-15 16:10:00+00:00,172178,172179,172190,0.8415,0.8220664900027305,0.8512167549986348,0.8220664900027305,take_profit,2.3639827475761654,2.2839827475761654,12
1INCH,short,2022-08-16 14:10:00+00:00,2022-08-16 14:15:00+00:00,2022-08-16 18:25:00+00:00,172454,172455,172505,0.8143,0.8196554711304604,0.8196554711304604,0.8032890577390792,stop,-0.6533807580243689,-0.733380758024369,51
1INCH,long,2022-08-17 14:20:00+00:00,2022-08-17 14:25:00+00:00,2022-08-17 16:25:00+00:00,172744,172745,172769,0.8346,0.8302079627855653,0.8302079627855653,0.8433840744288694,stop,-0.5262445739797172,-0.6062445739797173,25
1INCH,long,2022-08-18 14:35:00+00:00,2022-08-18 14:40:00+00:00,2022-08-18 15:30:00+00:00,173035,173036,173046,0.7753,0.7703786186743904,0.7703786186743904,0.7848427626512192,stop,-0.6347712273454875,-0.7147712273454876,11
1INCH,long,2022-08-18 19:00:00+00:00,2022-08-18 19:05:00+00:00,2022-08-18 22:35:00+00:00,173088,173089,173131,0.7763,0.7717770158829733,0.7717770158829733,0.7853459682340533,stop,-0.5826335330447852,-0.6626335330447852,43
1INCH,short,2022-08-19 15:30:00+00:00,2022-08-19 15:35:00+00:00,2022-08-19 15:35:00+00:00,173334,173335,173335,0.697,0.6743889868770334,0.7084555065614834,0.6743889868770334,take_profit,3.3528147053043966,3.2728147053043966,1
1INCH,long,2022-08-20 14:25:00+00:00,2022-08-20 14:30:00+00:00,2022-08-20 23:35:00+00:00,173609,173610,173719,0.6932,0.6868853749532823,0.6868853749532823,0.7058292500934356,stop,-0.9109384083551331,-0.9909384083551331,110
1INCH,short,2022-08-21 15:50:00+00:00,2022-08-21 15:55:00+00:00,2022-08-21 16:25:00+00:00,173914,173915,173921,0.6763,0.6811293413450374,0.6811293413450374,0.6669413173099251,stop,-0.7090197194413728,-0.7890197194413728,7
1INCH,long,2022-08-21 16:30:00+00:00,2022-08-21 16:35:00+00:00,2022-08-21 16:55:00+00:00,173922,173923,173927,0.6838,0.6942565437986856,0.6785717281006571,0.6942565437986856,take_profit,1.5291816026156368,1.4491816026156368,5
1INCH,short,2022-08-22 15:35:00+00:00,2022-08-22 15:40:00+00:00,2022-08-22 16:55:00+00:00,174199,174200,174215,0.6856,0.6693417716975045,0.6935791141512477,0.6693417716975045,take_profit,2.42898755015144,2.34898755015144,16
1INCH,long,2022-08-23 17:20:00+00:00,2022-08-23 17:25:00+00:00,2022-08-23 18:15:00+00:00,174508,174509,174519,0.7061,0.7007067739962985,0.7007067739962985,0.7168864520074028,stop,-0.763804844030791,-0.843804844030791,11
1INCH,long,2022-08-23 18:45:00+00:00,2022-08-23 18:50:00+00:00,2022-08-24 21:15:00+00:00,174525,174526,174843,0.708,0.7298309557867757,0.6970845221066121,0.7298309557867757,take_profit,3.083468331465511,3.003468331465511,318
1INCH,long,2022-08-25 14:10:00+00:00,2022-08-25 14:15:00+00:00,2022-08-25 15:15:00+00:00,175046,175047,175059,0.7396,0.7474131000612918,0.7356934499693542,0.7474131000612918,take_profit,1.0563953571243623,0.9763953571243622,13
1INCH,long,2022-08-25 19:25:00+00:00,2022-08-25 19:30:00+00:00,2022-08-25 20:20:00+00:00,175109,175110,175120,0.739,0.7468549628031494,0.7350725185984253,0.7468549628031494,take_profit,1.0629178353382285,0.9829178353382284,11
1INCH,short,2022-08-26 14:10:00+00:00,2022-08-26 14:15:00+00:00,2022-08-26 14:25:00+00:00,175334,175335,175337,0.7375,0.7283421090002529,0.7420789454998736,0.7283421090002529,take_profit,1.257361188730055,1.177361188730055,3
1INCH,short,2022-08-27 14:05:00+00:00,2022-08-27 14:10:00+00:00,2022-08-27 15:05:00+00:00,175621,175622,175633,0.6514,0.6565322357842791,0.6565322357842791,0.6417355284314417,stop,-0.7817187800608583,-0.8617187800608583,12
1INCH,long,2022-08-28 14:55:00+00:00,2022-08-28 15:00:00+00:00,2022-08-29 00:30:00+00:00,175919,175920,176034,0.6519,0.6613124682767738,0.6470437658616132,0.6613124682767738,take_profit,1.4438515534244134,1.3638515534244133,115
1INCH,short,2022-08-29 14:05:00+00:00,2022-08-29 14:10:00+00:00,2022-08-29 15:55:00+00:00,176197,176198,176219,0.6403,0.6441703397871894,0.6441703397871894,0.6322593204256212,stop,-0.6008255189874245,-0.6808255189874246,22
1INCH,short,2022-08-29 16:15:00+00:00,2022-08-29 16:20:00+00:00,2022-08-29 18:55:00+00:00,176223,176224,176255,0.6403,0.6450112321240878,0.6450112321240878,0.6308775357518243,stop,-0.7304108656485342,-0.8104108656485343,32
1INCH,long,2022-08-29 19:30:00+00:00,2022-08-29 19:35:00+00:00,2022-08-29 21:25:00+00:00,176262,176263,176285,0.6444,0.6510807547406819,0.641059622629659,0.6510807547406819,take_profit,1.0367403384050178,0.9567403384050177,23
1INCH,long,2022-08-30 19:25:00+00:00,2022-08-30 19:30:00+00:00,2022-08-30 19:35:00+00:00,176549,176550,176551,0.6836,0.6800306528702819,0.6800306528702819,0.6901386942594363,stop,-0.5221397205556033,-0.6021397205556034,2
1INCH,long,2022-08-31 14:30:00+00:00,2022-08-31 14:35:00+00:00,2022-08-31 15:30:00+00:00,176778,176779,176790,0.6784,0.6743689652630379,0.6743689652630379,0.6864620694739242,stop,-0.5941973374059661,-0.6741973374059662,12
1INCH,long,2022-08-31 19:30:00+00:00,2022-08-31 19:35:00+00:00,2022-08-31 19:40:00+00:00,176838,176839,176840,0.6793,0.6863883088826017,0.6756058455586992,0.6863883088826017,take_profit,1.0434725279849344,0.9634725279849343,2
1INCH,short,2022-09-01 15:15:00+00:00,2022-09-01 15:20:00+00:00,2022-09-01 16:30:00+00:00,177075,177076,177090,0.653,0.6448839406780236,0.6570580296609883,0.6448839406780236,take_profit,1.2585302269185528,1.1785302269185527,15
1INCH,long,2022-09-02 15:30:00+00:00,2022-09-02 15:35:00+00:00,2022-09-02 15:50:00+00:00,177366,177367,177370,0.682,0.6912706116328308,0.6773646941835847,0.6912706116328308,take_profit,1.3593272188901384,1.2793272188901383,4
1INCH,short,2022-09-03 16:35:00+00:00,2022-09-03 16:40:00+00:00,2022-09-03 16:50:00+00:00,177667,177668,177670,0.6839,0.6779895955632305,0.6865552022183847,0.6779895955632305,take_profit,0.8717544451193993,0.7917544451193992,3
1INCH,short,2022-09-04 15:25:00+00:00,2022-09-04 15:30:00+00:00,2022-09-04 15:55:00+00:00,177941,177942,177947,0.6817,0.6768286273765034,0.6841356863117483,0.6768286273765034,take_profit,0.7197350151069593,0.6397350151069592,6
1INCH,short,2022-09-05 14:05:00+00:00,2022-09-05 14:10:00+00:00,2022-09-05 19:40:00+00:00,178213,178214,178280,0.6667,0.6517299385207292,0.6738850307396353,0.6517299385207292,take_profit,2.296973116387613,2.2169731163876127,67
1INCH,long,2022-09-06 14:30:00+00:00,2022-09-06 14:35:00+00:00,2022-09-06 15:45:00+00:00,178506,178507,178521,0.665,0.6691228648700647,0.6629385675649677,0.6691228648700647,take_profit,0.6199796797089707,0.5399796797089707,15
1INCH,long,2022-09-06 16:35:00+00:00,2022-09-06 16:40:00+00:00,2022-09-06 16:45:00+00:00,178531,178532,178533,0.6652,0.6627145595496229,0.6627145595496229,0.6704708809007542,stop,-0.3736380713134646,-0.4536380713134646,2
1INCH,long,2022-09-06 16:55:00+00:00,2022-09-06 17:00:00+00:00,2022-09-06 18:20:00+00:00,178535,178536,178552,0.665,0.6621225722432522,0.6621225722432522,0.6710548555134956,stop,-0.43269590327035257,-0.5126959032703526,17
1INCH,long,2022-09-06 19:05:00+00:00,2022-09-06 19:10:00+00:00,2022-09-06 21:45:00+00:00,178561,178562,178593,0.6647,0.6619509916150915,0.6619509916150915,0.6704980167698168,stop,-0.4135712930507629,-0.4935712930507629,32
1INCH,short,2022-09-07 19:10:00+00:00,2022-09-07 19:15:00+00:00,2022-09-07 19:50:00+00:00,178850,178851,178858,0.6054,0.608150705756473,0.608150705756473,0.5995985884870538,stop,-0.45230659611771307,-0.5323065961177131,8
1INCH,short,2022-09-08 16:20:00+00:00,2022-09-08 16:25:00+00:00,2022-09-08 19:10:00+00:00,179104,179105,179138,0.6186,0.6246516677262584,0.6246516677262584,0.6067966645474834,stop,-0.9688067828725222,-1.0488067828725223,34
1INCH,long,2022-09-09 14:30:00+00:00,2022-09-09 14:35:00+00:00,2022-09-09 18:05:00+00:00,179370,179371,179413,0.6639,0.6565021986350522,0.6565021986350522,0.6786956027298957,stop,-1.114294527029347,-1.194294527029347,43
1INCH,long,2022-09-09 19:05:00+00:00,2022-09-09 19:10:00+00:00,2022-09-09 19:30:00+00:00,179425,179426,179430,0.6597,0.6666462234881843,0.6562268882559078,0.6666462234881843,take_profit,1.0529367118666588,0.9729367118666588,5
1INCH,long,2022-09-10 15:30:00+00:00,2022-09-10 15:35:00+00:00,2022-09-10 16:40:00+00:00,179670,179671,179684,0.6712,0.6649652270216903,0.6649652270216903,0.6833695459566196,stop,-0.9288994306182574,-1.0088994306182575,14
1INCH,short,2022-09-10 16:45:00+00:00,2022-09-10 16:50:00+00:00,2022-09-11 20:05:00+00:00,179685,179686,180013,0.6548,0.6674498272657817,0.6674498272657817,0.6298003454684367,stop,-1.8952476649221506,-1.9752476649221504,328
1INCH,long,2022-09-13 15:10:00+00:00,2022-09-13 15:15:00+00:00,2022-09-13 15:45:00+00:00,180530,180531,180537,0.6492,0.6442882720466454,0.6442882720466454,0.6599234559067091,stop,-0.756581631755171,-0.8365816317551711,7
1INCH,long,2022-09-13 16:00:00+00:00,2022-09-13 16:05:00+00:00,2022-09-13 21:30:00+00:00,180540,180541,180606,0.6499,0.6430577235573559,0.6430577235573559,0.6632845528852883,stop,-1.052819886543177,-1.1328198865431771,66
1INCH,long,2022-09-14 16:05:00+00:00,2022-09-14 16:10:00+00:00,2022-09-14 16:20:00+00:00,180829,180830,180832,0.6095,0.6064685320023476,0.6064685320023476,0.6155629359953049,stop,-0.4973696468666855,-0.5773696468666856,3
1INCH,short,2022-09-14 16:45:00+00:00,2022-09-14 16:50:00+00:00,2022-09-14 21:30:00+00:00,180837,180838,180894,0.6003,0.6081022702939826,0.6081022702939826,0.5846954594120347,stop,-1.283052321151612,-1.3630523211516121,57
1INCH,short,2022-09-15 15:20:00+00:00,2022-09-15 15:25:00+00:00,2022-09-15 15:30:00+00:00,181108,181109,181110,0.5908,0.5970750144517426,0.5970750144517426,0.5791499710965147,stop,-1.0509591424629594,-1.1309591424629595,2
1INCH,long,2022-09-18 14:15:00+00:00,2022-09-18 14:20:00+00:00,2022-09-18 14:30:00+00:00,181959,181960,181962,0.6286,0.6321181971069203,0.6269909014465399,0.6321181971069203,take_profit,0.5596877357493257,0.4796877357493257,3
1INCH,short,2022-09-18 18:45:00+00:00,2022-09-18 18:50:00+00:00,2022-09-19 05:50:00+00:00,182013,182014,182146,0.6195,0.5936969274142843,0.6322515362928578,0.5936969274142843,take_profit,4.346169130114141,4.266169130114141,133
1INCH,short,2022-09-19 14:55:00+00:00,2022-09-19 15:00:00+00:00,2022-09-19 19:40:00+00:00,182255,182256,182312,0.5693,0.5783498462285969,0.5783498462285969,0.5500003075428062,stop,-1.5647702316531453,-1.6447702316531452,57
1INCH,long,2022-09-20 14:10:00+00:00,2022-09-20 14:15:00+00:00,2022-09-20 14:50:00+00:00,182534,182535,182542,0.6045,0.6008497100475648,0.6008497100475648,0.6118005799048705,stop,-0.6038527630165769,-0.6838527630165769,8
1INCH,long,2022-09-20 16:05:00+00:00,2022-09-20 16:10:00+00:00,2022-09-20 16:40:00+00:00,182557,182558,182564,0.6062,0.5993361506410346,0.5993361506410346,0.6199276987179306,stop,-1.1322747210434359,-1.212274721043436,7
1INCH,short,2022-09-21 14:20:00+00:00,2022-09-21 14:25:00+00:00,2022-09-21 14:30:00+00:00,182824,182825,182826,0.5968,0.6001590189886664,0.6001590189886664,0.5900819620226672,stop,-0.559688163034977,-0.6396881630349771,2
1INCH,short,2022-09-21 14:55:00+00:00,2022-09-21 15:00:00+00:00,2022-09-21 15:30:00+00:00,182831,182832,182838,0.5946,0.5833719586284949,0.6003640206857526,0.5833719586284949,take_profit,1.9246796499958974,1.8446796499958975,7
1INCH,short,2022-09-22 14:25:00+00:00,2022-09-22 14:30:00+00:00,2022-09-22 15:20:00+00:00,183113,183114,183124,0.5694,0.5727445218478497,0.5727445218478497,0.5618109563043007,stop,-0.5839465451470849,-0.663946545147085,11
1INCH,short,2022-09-22 15:30:00+00:00,2022-09-22 15:35:00+00:00,2022-09-22 16:35:00+00:00,183126,183127,183139,0.5697,0.5743420525076893,0.5743420525076893,0.5601158949846213,stop,-0.8082383115464498,-0.8882383115464498,13
1INCH,long,2022-09-24 15:00:00+00:00,2022-09-24 15:05:00+00:00,2022-09-24 15:05:00+00:00,183696,183697,183697,0.6126,0.6097414893503884,0.6097414893503884,0.6189170212992232,stop,-0.4666194334984719,-0.546619433498472,1
1INCH,long,2022-09-24 17:35:00+00:00,2022-09-24 17:40:00+00:00,2022-09-25 00:45:00+00:00,183727,183728,183813,0.6176,0.6095776948201383,0.6095776948201383,0.6339446103597234,stop,-1.2989483775682764,-1.3789483775682765,86
1INCH,short,2022-09-26 14:05:00+00:00,2022-09-26 14:10:00+00:00,2022-09-26 17:45:00+00:00,184261,184262,184305,0.6063,0.6138553122624838,0.6138553122624838,0.5905893754750323,stop,-1.2307969177031697,-1.3107969177031698,44
1INCH,short,2022-09-26 18:55:00+00:00,2022-09-26 19:00:00+00:00,2022-09-26 19:15:00+00:00,184319,184320,184323,0.6079,0.6121139395658471,0.6121139395658471,0.5991721208683057,stop,-0.6884240487703863,-0.7684240487703864,4
1INCH,short,2022-09-27 14:15:00+00:00,2022-09-27 14:20:00+00:00,2022-09-27 14:30:00+00:00,184551,184552,184554,0.6292,0.6331014419513626,0.6331014419513626,0.6213971160972747,stop,-0.6162427839901174,-0.6962427839901175,3
1INCH,long,2022-09-27 14:40:00+00:00,2022-09-27 14:45:00+00:00,2022-09-27 17:55:00+00:00,184556,184557,184595,0.6352,0.6310870071130197,0.6310870071130197,0.6434259857739606,stop,-0.6475114746505528,-0.7275114746505529,39
1INCH,short,2022-09-27 19:05:00+00:00,2022-09-27 19:10:00+00:00,2022-09-27 19:20:00+00:00,184609,184610,184612,0.6304,0.6338578343388632,0.6338578343388632,0.6231843313222735,stop,-0.5455220637084812,-0.6255220637084813,3
1INCH,short,2022-09-28 14:10:00+00:00,2022-09-28 14:15:00+00:00,2022-09-28 14:40:00+00:00,184838,184839,184844,0.5841,0.5872310181044507,0.5872310181044507,0.5778379637910985,stop,-0.5331833653061224,-0.6131833653061225,6
1INCH,short,2022-09-28 15:35:00+00:00,2022-09-28 15:40:00+00:00,2022-09-28 18:15:00+00:00,184855,184856,184887,0.5842,0.5754404310092694,0.5884297844953652,0.5754404310092694,take_profit,1.5222373192247174,1.4422373192247173,32
1INCH,long,2022-09-30 15:05:00+00:00,2022-09-30 15:10:00+00:00,2022-09-30 15:20:00+00:00,185425,185426,185428,0.5851,0.582748036005329,0.582748036005329,0.5901039279893422,stop,-0.40197641337736956,-0.4819764133773696,3
1INCH,long,2022-09-30 16:05:00+00:00,2022-09-30 16:10:00+00:00,2022-09-30 20:00:00+00:00,185437,185438,185484,0.585,0.5822351406698459,0.5822351406698459,0.590229718660308,stop,-0.4726255265220525,-0.5526255265220525,47
1INCH,short,2022-10-01 14:20:00+00:00,2022-10-01 14:25:00+00:00,2022-10-01 20:00:00+00:00,185704,185705,185772,0.577,0.5793088526173552,0.5793088526173552,0.5720822947652895,stop,-0.3985529665089138,-0.4785529665089138,68
1INCH,long,2022-10-02 15:25:00+00:00,2022-10-02 15:30:00+00:00,2022-10-02 15:45:00+00:00,186005,186006,186009,0.5769,0.5758519595888013,0.5758519595888013,0.5789960808223973,stop,-0.18166760464528586,-0.2616676046452859,4
1INCH,short,2022-10-03 14:10:00+00:00,2022-10-03 14:15:00+00:00,2022-10-03 14:35:00+00:00,186278,186279,186283,0.5553,0.5580881149800851,0.5580881149800851,0.5494237700398298,stop,-0.49958329253878553,-0.5795832925387856,5
1INCH,long,2022-10-03 14:45:00+00:00,2022-10-03 14:50:00+00:00,2022-10-03 21:50:00+00:00,186285,186286,186370,0.5612,0.5673159009708252,0.5581420495145875,0.5673159009708252,take_profit,1.0897899092703334,1.0097899092703333,85
1INCH,long,2022-10-04 15:20:00+00:00,2022-10-04 15:25:00+00:00,2022-10-04 17:00:00+00:00,186580,186581,186600,0.5744,0.5787425271451279,0.5723787364274361,0.5787425271451279,take_profit,0.7560109932325698,0.6760109932325697,20
1INCH,short,2022-10-05 16:55:00+00:00,2022-10-05 17:00:00+00:00,2022-10-05 17:15:00+00:00,186887,186888,186891,0.5793,0.5750804214603565,0.5812597892698218,0.5750804214603565,take_profit,0.7337371230493828,0.6537371230493827,4
1INCH,long,2022-10-07 14:45:00+00:00,2022-10-07 14:50:00+00:00,2022-10-07 15:25:00+00:00,187437,187438,187445,0.58,0.5773389302003945,0.5773389302003945,0.5856221395992108,stop,-0.45880513786300536,-0.5388051378630054,8
1INCH,long,2022-10-07 17:15:00+00:00,2022-10-07 17:20:00+00:00,2022-10-07 17:55:00+00:00,187467,187468,187475,0.5802,0.5787478922204605,0.5787478922204605,0.5831042155590791,stop,-0.2502771078144672,-0.33027710781446723,8
1INCH,long,2022-10-07 18:00:00+00:00,2022-10-07 18:05:00+00:00,2022-10-07 21:25:00+00:00,187476,187477,187517,0.5814,0.5774292877493175,0.5774292877493175,0.5890414245013652,stop,-0.6829570434610521,-0.7629570434610522,41
1INCH,long,2022-10-09 14:35:00+00:00,2022-10-09 14:40:00+00:00,2022-10-09 18:25:00+00:00,188011,188012,188057,0.6069,0.6039863124188055,0.6039863124188055,0.6130273751623889,stop,-0.4800935213699953,-0.5600935213699954,46
1INCH,long,2022-10-12 15:05:00+00:00,2022-10-12 15:10:00+00:00,2022-10-12 21:30:00+00:00,188881,188882,188958,0.5687,0.5662309180614999,0.5662309180614999,0.573938163877,stop,-0.43416246500791456,-0.5141624650079146,77
1INCH,short,2022-10-13 14:05:00+00:00,2022-10-13 14:10:00+00:00,2022-10-13 15:30:00+00:00,189157,189158,189174,0.5572,0.5526712290539676,0.5596143854730162,0.5526712290539676,take_profit,0.8194330929410798,0.7394330929410797,17
1INCH,long,2022-10-14 14:20:00+00:00,2022-10-14 14:25:00+00:00,2022-10-14 14:30:00+00:00,189448,189449,189450,0.575,0.5729458186288233,0.5729458186288233,0.5791083627423532,stop,-0.357248934117671,-0.437248934117671,2
1INCH,long,2022-10-14 14:40:00+00:00,2022-10-14 14:45:00+00:00,2022-10-14 15:15:00+00:00,189452,189453,189459,0.5745,0.5728100433636459,0.5728100433636459,0.5778799132727082,stop,-0.294161294404538,-0.374161294404538,7
1INCH,long,2022-10-14 19:20:00+00:00,2022-10-14 19:25:00+00:00,2022-10-14 20:05:00+00:00,189508,189509,189517,0.5745,0.5718261802940093,0.5718261802940093,0.5798476394119814,stop,-0.46541683307060877,-0.5454168330706088,9
1INCH,short,2022-10-15 14:10:00+00:00,2022-10-15 14:15:00+00:00,2022-10-15 14:40:00+00:00,189734,189735,189740,0.5601,0.5626015425566643,0.5626015425566643,0.5550969148866716,stop,-0.44463841056964215,-0.5246384105696422,6
1INCH,long,2022-10-15 15:25:00+00:00,2022-10-15 15:30:00+00:00,2022-10-15 16:05:00+00:00,189749,189750,189757,0.5631,0.5614897955890392,0.5614897955890392,0.5669204088219216,stop,-0.2859535448341055,-0.3659535448341055,8
1INCH,long,2022-10-15 16:15:00+00:00,2022-10-15 16:20:00+00:00,2022-10-15 17:25:00+00:00,189759,189760,189773,0.564,0.5615741019398185,0.5615741019398185,0.5688517961203629,stop,-0.4301237695357174,-0.5101237695357175,14
1INCH,long,2022-10-17 15:00:00+00:00,2022-10-17 15:05:00+00:00,2022-10-18 01:25:00+00:00,190320,190321,190445,0.5695,0.5769331655459738,0.5659334172270131,0.5769331655459738,take_profit,1.3052090510928593,1.2252090510928593,125
1INCH,short,2022-10-18 14:15:00+00:00,2022-10-18 14:20:00+00:00,2022-10-18 15:15:00+00:00,190599,190600,190611,0.573,0.574510722205064,0.574510722205064,0.5699785555898718,stop,-0.26295805224760826,-0.3429580522476083,12
1INCH,long,2022-10-18 15:40:00+00:00,2022-10-18 15:45:00+00:00,2022-10-18 16:20:00+00:00,190616,190617,190624,0.5761,0.5729277737421847,0.5729277737421847,0.5830444525156306,stop,-0.5506381284178463,-0.6306381284178464,8
1INCH,short,2022-10-18 17:10:00+00:00,2022-10-18 17:15:00+00:00,2022-10-18 17:40:00+00:00,190634,190635,190640,0.5728,0.5681677588443586,0.5751161205778207,0.5681677588443586,take_profit,0.8152946173966891,0.735294617396689,6
1INCH,short,2022-10-19 14:35:00+00:00,2022-10-19 14:40:00+00:00,2022-10-19 20:15:00+00:00,190891,190892,190959,0.5635,0.5575625516257064,0.5664687241871468,0.5575625516257064,take_profit,1.0648936799972475,0.9848936799972474,68
1INCH,short,2022-10-20 17:55:00+00:00,2022-10-20 18:00:00+00:00,2022-10-20 18:05:00+00:00,191219,191220,191221,0.5639,0.5661574304825934,0.5661574304825934,0.5587851390348132,stop,-0.398728403276305,-0.478728403276305,2
1INCH,short,2022-10-21 14:30:00+00:00,2022-10-21 14:35:00+00:00,2022-10-21 14:45:00+00:00,191466,191467,191469,0.5567,0.5587573724899,0.5587573724899,0.5528852550201999,stop,-0.3682049832706591,-0.4482049832706591,3
1INCH,short,2022-10-21 14:50:00+00:00,2022-10-21 14:55:00+00:00,2022-10-21 15:05:00+00:00,191470,191471,191473,0.5577,0.5592096916827373,0.5592096916827373,0.5546806166345254,stop,-0.2699687979645704,-0.3499687979645704,3
1INCH,short,2022-10-21 15:35:00+00:00,2022-10-21 15:40:00+00:00,2022-10-21 17:00:00+00:00,191479,191480,191496,0.5566,0.5520570158013431,0.5590214920993284,0.5520570158013431,take_profit,0.822919384886811,0.742919384886811,17
1INCH,short,2022-10-22 14:20:00+00:00,2022-10-22 14:25:00+00:00,2022-10-22 14:35:00+00:00,191752,191753,191755,0.5573,0.5594868687977725,0.5594868687977725,0.5532262624044549,stop,-0.39087044213775846,-0.47087044213775847,3
1INCH,short,2022-10-22 14:55:00+00:00,2022-10-22 15:00:00+00:00,2022-10-22 15:00:00+00:00,191759,191760,191760,0.5582,0.5603398785248027,0.5603398785248027,0.5536202429503947,stop,-0.38188938656951166,-0.4618893865695117,1
1INCH,long,2022-10-23 15:05:00+00:00,2022-10-23 15:10:00+00:00,2022-10-23 15:25:00+00:00,192049,192050,192053,0.5695,0.5674162768252168,0.5674162768252168,0.5736674463495665,stop,-0.36588642226219603,-0.44588642226219605,4
1INCH,short,2022-10-23 15:40:00+00:00,2022-10-23 15:45:00+00:00,2022-10-23 15:50:00+00:00,192056,192057,192058,0.5654,0.5668777831031608,0.5668777831031608,0.5624444337936784,stop,-0.2606881319411114,-0.3406881319411114,2
1INCH,short,2022-10-23 16:30:00+00:00,2022-10-23 16:35:00+00:00,2022-10-23 17:55:00+00:00,192066,192067,192083,0.5653,0.5667384819314552,0.5667384819314552,0.5624230361370898,stop,-0.2538175855912872,-0.3338175855912872,17
1INCH,short,2022-10-24 14:35:00+00:00,2022-10-24 14:40:00+00:00,2022-10-24 15:15:00+00:00,192331,192332,192339,0.5671,0.569025319156977,0.569025319156977,0.5629493616860459,stop,-0.33835386443423765,-0.41835386443423767,8
1INCH,short,2022-10-24 15:55:00+00:00,2022-10-24 16:00:00+00:00,2022-10-24 18:50:00+00:00,192347,192348,192382,0.5667,0.5693808700293839,0.5693808700293839,0.5613382599412322,stop,-0.4708394978646835,-0.5508394978646836,35
1INCH,short,2022-10-25 14:05:00+00:00,2022-10-25 14:10:00+00:00,2022-10-25 14:35:00+00:00,192613,192614,192619,0.5693,0.5710158335450415,0.5710158335450415,0.5661683329099171,stop,-0.30048791018438825,-0.38048791018438827,6
1INCH,short,2022-10-25 16:00:00+00:00,2022-10-25 16:05:00+00:00,2022-10-25 22:10:00+00:00,192636,192637,192710,0.5688,0.5716936960622978,0.5716936960622978,0.5630126078754043,stop,-0.5061619678910168,-0.5861619678910168,74
1INCH,long,2022-10-26 16:05:00+00:00,2022-10-26 16:10:00+00:00,2022-10-26 16:50:00+00:00,192925,192926,192934,0.5953,0.5920410170264693,0.5920410170264693,0.6018179659470616,stop,-0.5474522045239016,-0.6274522045239017,9
1INCH,long,2022-10-26 17:35:00+00:00,2022-10-26 17:40:00+00:00,2022-10-27 02:35:00+00:00,192943,192944,193051,0.5972,0.6100141448612233,0.5900429275693884,0.6100141448612233,take_profit,2.145704095985157,2.065704095985157,108
1INCH,long,2022-10-27 14:25:00+00:00,2022-10-27 14:30:00+00:00,2022-10-27 15:15:00+00:00,193193,193194,193203,0.6161,0.6204841758011198,0.6139079120994401,0.6204841758011198,take_profit,0.711601331134526,0.6316013311345259,10
1INCH,short,2022-10-27 16:30:00+00:00,2022-10-27 16:35:00+00:00,2022-10-28 05:15:00+00:00,193218,193219,193371,0.6084,0.5957891802253135,0.6147054098873433,0.5957891802253135,take_profit,2.116658071890032,2.036658071890032,153
1INCH,short,2022-10-28 14:05:00+00:00,2022-10-28 14:10:00+00:00,2022-10-28 18:00:00+00:00,193477,193478,193524,0.5898,0.5949131633688166,0.5949131633688166,0.5798736732623667,stop,-0.8594806240060815,-0.9394806240060816,47
1INCH,long,2022-10-28 18:15:00+00:00,2022-10-28 18:20:00+00:00,2022-10-28 22:15:00+00:00,193527,193528,193575,0.5979,0.6115821604453254,0.5912089197773372,0.6115821604453254,take_profit,2.2883693670054273,2.208369367005427,48
1INCH,short,2022-10-29 14:05:00+00:00,2022-10-29 14:10:00+00:00,2022-10-29 14:25:00+00:00,193765,193766,193769,0.6128,0.6152876641520318,0.6152876641520318,0.6075246716959364,stop,-0.40430912189020063,-0.48430912189020064,4
1INCH,long,2022-10-29 15:05:00+00:00,2022-10-29 15:10:00+00:00,2022-10-29 17:30:00+00:00,193777,193778,193806,0.6183,0.6264861976709516,0.6143569011645241,0.6264861976709516,take_profit,1.3239847438058616,1.2439847438058615,29
1INCH,long,2022-10-30 14:20:00+00:00,2022-10-30 14:25:00+00:00,2022-10-30 15:00:00+00:00,194056,194057,194064,0.6268,0.6244376722026367,0.6244376722026367,0.6315246555947267,stop,-0.37688701298075333,-0.45688701298075335,8
1INCH,long,2022-10-30 15:05:00+00:00,2022-10-30 15:10:00+00:00,2022-10-30 15:15:00+00:00,194065,194066,194067,0.6273,0.623597004908991,0.623597004908991,0.6341059901820181,stop,-0.5903068852238236,-0.6703068852238236,2
1INCH,long,2022-10-30 15:35:00+00:00,2022-10-30 15:40:00+00:00,2022-10-30 17:25:00+00:00,194071,194072,194093,0.6283,0.6236055151562807,0.6236055151562807,0.6376889696874385,stop,-0.7471725041730437,-0.8271725041730438,22
1INCH,short,2022-10-31 15:05:00+00:00,2022-10-31 15:10:00+00:00,2022-10-31 16:40:00+00:00,194353,194354,194372,0.6122,0.6165562358441884,0.6165562358441884,0.6034875283116231,stop,-0.706543149016059,-0.786543149016059,19
1INCH,short,2022-10-31 17:10:00+00:00,2022-10-31 17:15:00+00:00,2022-10-31 18:40:00+00:00,194378,194379,194396,0.612,0.615829708292149,0.615829708292149,0.6046405834157019,stop,-0.621877808196325,-0.7018778081963251,18
1INCH,long,2022-10-31 19:15:00+00:00,2022-10-31 19:20:00+00:00,2022-10-31 20:05:00+00:00,194403,194404,194413,0.6179,0.6235738981693358,0.6152130509153321,0.6235738981693358,take_profit,0.918255084857722,0.8382550848577219,10
1INCH,long,2022-11-01 15:05:00+00:00,2022-11-01 15:10:00+00:00,2022-11-01 19:00:00+00:00,194641,194642,194688,0.6225,0.6187174932939092,0.6187174932939092,0.6297650134121814,stop,-0.607631599372016,-0.6876315993720161,47
1INCH,long,2022-11-01 19:10:00+00:00,2022-11-01 19:15:00+00:00,2022-11-01 20:10:00+00:00,194690,194691,194702,0.6224,0.6176846686710513,0.6176846686710513,0.6318306626578972,stop,-0.7576046479673249,-0.8376046479673249,12
1INCH,short,2022-11-02 14:05:00+00:00,2022-11-02 14:10:00+00:00,2022-11-02 16:15:00+00:00,194917,194918,194943,0.6053,0.5989791194969418,0.608460440251529,0.5989791194969418,take_profit,1.0552756009870157,0.9752756009870156,26
1INCH,long,2022-11-03 14:05:00+00:00,2022-11-03 14:10:00+00:00,2022-11-03 16:45:00+00:00,195205,195206,195237,0.6056,0.6017676605920651,0.6017676605920651,0.6132646788158699,stop,-0.6328169431860875,-0.7128169431860876,32
1INCH,long,2022-11-03 19:00:00+00:00,2022-11-03 19:05:00+00:00,2022-11-03 20:15:00+00:00,195264,195265,195279,0.6071,0.6018096735228827,0.6018096735228827,0.6179806529542344,stop,-0.871409401600598,-0.9514094016005981,15
1INCH,long,2022-11-04 14:20:00+00:00,2022-11-04 14:25:00+00:00,2022-11-04 14:40:00+00:00,195496,195497,195500,0.6257,0.622075075899373,0.622075075899373,0.632949848201254,stop,-0.5793389964243167,-0.6593389964243168,4
1INCH,long,2022-11-04 15:05:00+00:00,2022-11-04 15:10:00+00:00,2022-11-04 15:50:00+00:00,195505,195506,195514,0.6256,0.6351372546868023,0.6209813726565989,0.6351372546868023,take_profit,1.5244972325451078,1.4444972325451078,9
1INCH,long,2022-11-05 15:00:00+00:00,2022-11-05 15:05:00+00:00,2022-11-05 17:10:00+00:00,195792,195793,195818,0.6593,0.6532361102109947,0.6532361102109947,0.6720277795780105,stop,-0.9197466690437306,-0.9997466690437307,26
1INCH,short,2022-11-05 17:40:00+00:00,2022-11-05 17:45:00+00:00,2022-11-05 20:20:00+00:00,195824,195825,195856,0.6482,0.6545942200285635,0.6545942200285635,0.635411559942873,stop,-0.9768219505947529,-1.056821950594753,32
1INCH,short,2022-11-06 15:35:00+00:00,2022-11-06 15:40:00+00:00,2022-11-07 07:15:00+00:00,196087,196088,196275,0.6587,0.642820460036959,0.6664897699815204,0.642820460036959,take_profit,2.470291621104903,2.390291621104903,188
1INCH,short,2022-11-07 16:10:00+00:00,2022-11-07 16:15:00+00:00,2022-11-07 19:10:00+00:00,196382,196383,196418,0.6347,0.6417057028038711,0.6417057028038711,0.620688594392258,stop,-1.091731423495268,-1.171731423495268,36
1INCH,short,2022-11-09 16:45:00+00:00,2022-11-09 16:50:00+00:00,2022-11-10 00:40:00+00:00,196965,196966,197060,0.5443,0.5264508073455387,0.5535245963272306,0.5264508073455387,take_profit,3.3904768319114487,3.3104768319114486,95
1INCH,long,2022-11-10 15:35:00+00:00,2022-11-10 15:40:00+00:00,2022-11-10 16:10:00+00:00,197239,197240,197246,0.546,0.5387853557110767,0.5387853557110767,0.5610292885778467,stop,-1.32136342287974,-1.40136342287974,7
1INCH,long,2022-11-10 16:30:00+00:00,2022-11-10 16:35:00+00:00,2022-11-10 17:00:00+00:00,197250,197251,197256,0.549,0.5397048327880161,0.5397048327880161,0.5669903344239677,stop,-1.6931087817821489,-1.7731087817821487,6
1INCH,long,2022-11-10 17:50:00+00:00,2022-11-10 17:55:00+00:00,2022-11-10 18:30:00+00:00,197266,197267,197274,0.5463,0.5358438766169159,0.5358438766169159,0.5660122467661683,stop,-1.9139892701966144,-1.9939892701966142,8
1INCH,long,2022-11-11 16:15:00+00:00,2022-11-11 16:20:00+00:00,2022-11-11 18:10:00+00:00,197535,197536,197558,0.5602,0.5564665477678769,0.5564665477678769,0.5679669044642464,stop,-0.6664498807788632,-0.7464498807788633,23
1INCH,long,2022-11-11 18:35:00+00:00,2022-11-11 18:40:00+00:00,2022-11-11 19:15:00+00:00,197563,197564,197571,0.5611,0.5569180795377905,0.5569180795377905,0.5694638409244192,stop,-0.7453075142059395,-0.8253075142059396,8
1INCH,long,2022-11-11 20:10:00+00:00,2022-11-11 20:15:00+00:00,2022-11-11 20:50:00+00:00,197582,197583,197590,0.5604,0.55589589385221,0.55589589385221,0.5694082122955799,stop,-0.8037305759796443,-0.8837305759796443,8
1INCH,short,2022-11-12 19:00:00+00:00,2022-11-12 19:05:00+00:00,2022-11-12 19:10:00+00:00,197856,197857,197858,0.4995,0.5034294703349237,0.5034294703349237,0.4919410593301526,stop,-0.7805403867813809,-0.860540386781381,2
1INCH,short,2022-11-12 20:10:00+00:00,2022-11-12 20:15:00+00:00,2022-11-12 23:40:00+00:00,197870,197871,197912,0.4997,0.5042907991981106,0.5042907991981106,0.49051840160377874,stop,-0.9103476020999368,-0.9903476020999369,42
1INCH,short,2022-11-13 15:30:00+00:00,2022-11-13 15:35:00+00:00,2022-11-14 09:20:00+00:00,198102,198103,198316,0.5127,0.4846908188142579,0.5267045905928711,0.4846908188142579,take_profit,5.778772796700271,5.698772796700271,214
1INCH,long,2022-11-15 16:20:00+00:00,2022-11-15 16:25:00+00:00,2022-11-15 17:30:00+00:00,198688,198689,198702,0.5175,0.5223482321574352,0.5152258839212823,0.5223482321574352,take_profit,0.9368564555430448,0.8568564555430447,14
1INCH,long,2022-11-15 18:35:00+00:00,2022-11-15 18:40:00+00:00,2022-11-15 20:00:00+00:00,198715,198716,198732,0.5175,0.5226156542381893,0.5150921728809053,0.5226156542381893,take_profit,0.9885322199399749,0.9085322199399748,17
1INCH,long,2022-11-15 20:20:00+00:00,2022-11-15 20:25:00+00:00,2022-11-15 21:25:00+00:00,198736,198737,198749,0.518,0.5244638803485722,0.5149180598257139,0.5244638803485722,take_profit,1.2478533491452115,1.1678533491452114,13
1INCH,short,2022-11-17 16:10:00+00:00,2022-11-17 16:15:00+00:00,2022-11-17 17:00:00+00:00,199262,199263,199272,0.5163,0.519032043847166,0.519032043847166,0.5105359123056681,stop,-0.5263728664834488,-0.6063728664834489,10
1INCH,short,2022-11-17 18:20:00+00:00,2022-11-17 18:25:00+00:00,2022-11-17 19:10:00+00:00,199288,199289,199298,0.5159,0.5185507975173002,0.5185507975173002,0.5105984049653998,stop,-0.5111934124856332,-0.5911934124856333,10
1INCH,short,2022-11-17 19:15:00+00:00,2022-11-17 19:20:00+00:00,2022-11-17 22:00:00+00:00,199299,199300,199332,0.5154,0.5080162659704842,0.5189418670147579,0.5080162659704842,take_profit,1.453444411944238,1.373444411944238,33
1INCH,long,2022-11-18 15:40:00+00:00,2022-11-18 15:45:00+00:00,2022-11-18 17:05:00+00:00,199544,199545,199561,0.5253,0.523541815880544,0.523541815880544,0.5288163682389119,stop,-0.33470095554082313,-0.41470095554082315,17
1INCH,long,2022-11-18 17:35:00+00:00,2022-11-18 17:40:00+00:00,2022-11-18 20:55:00+00:00,199567,199568,199607,0.5249,0.5287684209978406,0.5231157895010797,0.5287684209978406,take_profit,0.7369824724405838,0.6569824724405837,40
1INCH,short,2022-11-19 15:10:00+00:00,2022-11-19 15:15:00+00:00,2022-11-19 17:35:00+00:00,199826,199827,199855,0.5203,0.5230585148722218,0.5230585148722218,0.5141829702555565,stop,-0.5273816970355005,-0.6073816970355006,29
1INCH,long,2022-11-20 15:50:00+00:00,2022-11-20 15:55:00+00:00,2022-11-20 16:00:00+00:00,200122,200123,200124,0.5396,0.5385836455822901,0.5385836455822901,0.5419327088354197,stop,-0.18835330202183753,-0.26835330202183755,2
1INCH,long,2022-11-20 16:10:00+00:00,2022-11-20 16:15:00+00:00,2022-11-20 16:20:00+00:00,200126,200127,200128,0.54,0.5387681148863959,0.5387681148863959,0.5427637702272083,stop,-0.22812687288965572,-0.30812687288965573,2
1INCH,short,2022-11-20 17:35:00+00:00,2022-11-20 17:40:00+00:00,2022-11-20 20:30:00+00:00,200143,200144,200178,0.5363,0.5283651747575961,0.5401174126212019,0.5283651747575961,take_profit,1.5017691591888482,1.4217691591888482,35
1INCH,short,2022-11-21 15:30:00+00:00,2022-11-21 15:35:00+00:00,2022-11-21 19:05:00+00:00,200406,200407,200449,0.5005,0.5027414862614193,0.5027414862614193,0.4957170274771612,stop,-0.4458526544304009,-0.525852654430401,43
1INCH,short,2022-11-21 20:15:00+00:00,2022-11-21 20:20:00+00:00,2022-11-21 22:05:00+00:00,200463,200464,200485,0.5001,0.5038060747879355,0.5038060747879355,0.492387850424129,stop,-0.735615343561602,-0.815615343561602,22
1INCH,long,2022-11-23 17:00:00+00:00,2022-11-23 17:05:00+00:00,2022-11-23 18:35:00+00:00,201000,201001,201019,0.5383,0.5353928180434708,0.5353928180434708,0.5444143639130583,stop,-0.5400672406704721,-0.6200672406704721,19
1INCH,long,2022-11-23 19:55:00+00:00,2022-11-23 20:00:00+00:00,2022-11-23 21:55:00+00:00,201035,201036,201059,0.5385,0.5340412035644223,0.5340412035644223,0.5480175928711553,stop,-0.8280030521035653,-0.9080030521035654,24
1INCH,long,2022-11-24 15:55:00+00:00,2022-11-24 16:00:00+00:00,2022-11-24 17:05:00+00:00,201275,201276,201289,0.5408,0.5376982586717899,0.5376982586717899,0.5470034826564201,stop,-0.5735468432341073,-0.6535468432341074,14
1INCH,long,2022-11-27 15:20:00+00:00,2022-11-27 15:25:00+00:00,2022-11-27 16:45:00+00:00,202132,202133,202149,0.5251,0.530937368379912,0.522181315810044,0.530937368379912,take_profit,1.1116679451365519,1.0316679451365518,17
1INCH,long,2022-11-30 15:10:00+00:00,2022-11-30 15:15:00+00:00,2022-11-30 15:15:00+00:00,202994,202995,202995,0.5257,0.5244548872114677,0.5244548872114677,0.5281902255770644,stop,-0.2368485426159861,-0.3168485426159861,1
1INCH,long,2022-11-30 15:20:00+00:00,2022-11-30 15:25:00+00:00,2022-11-30 15:45:00+00:00,202996,202997,203001,0.5256,0.5239738568302962,0.5239738568302962,0.5285522863394075,stop,-0.3093879698827573,-0.3893879698827573,5
1INCH,long,2022-11-30 16:15:00+00:00,2022-11-30 16:20:00+00:00,2022-11-30 17:35:00+00:00,203007,203008,203023,0.5255,0.5239922016755427,0.5239922016755427,0.5285155966489145,stop,-0.2869264175941466,-0.3669264175941466,16
1INCH,short,2022-12-02 15:20:00+00:00,2022-12-02 15:25:00+00:00,2022-12-02 20:25:00+00:00,203572,203573,203633,0.5007,0.5040637297352052,0.5040637297352052,0.49367254052958975,stop,-0.6673223119965765,-0.7473223119965766,61
1INCH,short,2022-12-03 15:40:00+00:00,2022-12-03 15:45:00+00:00,2022-12-03 19:10:00+00:00,203864,203865,203906,0.4965,0.4982283547559445,0.4982283547559445,0.49304329048811096,stop,-0.3469001190811727,-0.4269001190811727,42
1INCH,short,2022-12-04 18:35:00+00:00,2022-12-04 18:40:00+00:00,2022-12-05 00:05:00+00:00,204187,204188,204253,0.4915,0.493296157801349,0.493296157801349,0.487907684397302,stop,-0.36411347887942425,-0.44411347887942426,66
1INCH,long,2022-12-05 17:05:00+00:00,2022-12-05 17:10:00+00:00,2022-12-05 18:30:00+00:00,204457,204458,204474,0.5009,0.49917565523134727,0.49917565523134727,0.5046486895373055,stop,-0.3442493049815809,-0.4242493049815809,17
1INCH,long,2022-12-05 18:55:00+00:00,2022-12-05 19:00:00+00:00,2022-12-05 20:30:00+00:00,204479,204480,204498,0.5008,0.49896759530417,0.49896759530417,0.50476480939166,stop,-0.3658955063558289,-0.4458955063558289,19
1INCH,long,2022-12-05 20:55:00+00:00,2022-12-05 21:00:00+00:00,2022-12-05 21:40:00+00:00,204503,204504,204512,0.5013,0.4971262050321809,0.4971262050321809,0.509947589935638,stop,-0.8325942485176707,-0.9125942485176708,9
1INCH,short,2022-12-06 16:00:00+00:00,2022-12-06 16:05:00+00:00,2022-12-06 16:55:00+00:00,204732,204733,204743,0.4793,0.4820826680506782,0.4820826680506782,0.47373466389864366,stop,-0.5772180240227298,-0.6572180240227299,11
1INCH,short,2022-12-06 19:00:00+00:00,2022-12-06 19:05:00+00:00,2022-12-07 00:00:00+00:00,204768,204769,204828,0.4794,0.4746853239712952,0.48190733801435237,0.4746853239712952,take_profit,0.9932213596285377,0.9132213596285377,60
1INCH,short,2022-12-07 15:45:00+00:00,2022-12-07 15:50:00+00:00,2022-12-07 16:10:00+00:00,205017,205018,205022,0.4556,0.4495106418064505,0.45879467909677474,0.4495106418064505,take_profit,1.3546638560275603,1.2746638560275603,5
1INCH,short,2022-12-08 18:40:00+00:00,2022-12-08 18:45:00+00:00,2022-12-08 20:15:00+00:00,205340,205341,205359,0.4357,0.43226200293298883,0.4375689985335056,0.43226200293298883,take_profit,0.7953502837824367,0.7153502837824366,19
1INCH,long,2022-12-09 15:05:00+00:00,2022-12-09 15:10:00+00:00,2022-12-09 18:55:00+00:00,205585,205586,205631,0.4468,0.44967561843953197,0.445212190780234,0.44967561843953197,take_profit,0.6436030527153136,0.5636030527153135,46
1INCH,long,2022-12-10 15:05:00+00:00,2022-12-10 15:10:00+00:00,2022-12-10 15:50:00+00:00,205873,205874,205882,0.4415,0.4429501702046358,0.4409249148976821,0.4429501702046358,take_profit,0.3284643725109282,0.2484643725109282,9
1INCH,long,2022-12-10 17:35:00+00:00,2022-12-10 17:40:00+00:00,2022-12-10 18:15:00+00:00,205903,205904,205911,0.4416,0.4408035662054361,0.4408035662054361,0.4431928675891278,stop,-0.18035185565306033,-0.26035185565306035,8
1INCH,long,2022-12-10 18:30:00+00:00,2022-12-10 18:35:00+00:00,2022-12-10 20:55:00+00:00,205914,205915,205943,0.4416,0.4448430602861253,0.43997846985693734,0.4448430602861253,take_profit,0.7343886517493958,0.6543886517493958,29
1INCH,long,2022-12-11 16:50:00+00:00,2022-12-11 16:55:00+00:00,2022-12-11 18:25:00+00:00,206182,206183,206201,0.4477,0.4468157789213404,0.4468157789213404,0.4494684421573192,stop,-0.19750303298181615,-0.27750303298181617,19
1INCH,long,2022-12-11 19:00:00+00:00,2022-12-11 19:05:00+00:00,2022-12-11 19:10:00+00:00,206208,206209,206210,0.4477,0.44663702795387933,0.44663702795387933,0.45012594409224127,stop,-0.2374295390039416,-0.3174295390039416,2
1INCH,short,2022-12-12 15:40:00+00:00,2022-12-12 15:45:00+00:00,2022-12-12 16:00:00+00:00,206456,206457,206460,0.4208,0.4220034159288692,0.4220034159288692,0.41809316814226166,stop,-0.28516734307004743,-0.36516734307004745,4
1INCH,short,2022-12-12 16:15:00+00:00,2022-12-12 16:20:00+00:00,2022-12-12 18:30:00+00:00,206463,206464,206490,0.4208,0.4226775349386993,0.4226775349386993,0.4170449301226014,stop,-0.4442003143061757,-0.5242003143061758,27
1INCH,short,2022-12-13 15:40:00+00:00,2022-12-13 15:45:00+00:00,2022-12-13 16:15:00+00:00,206744,206745,206751,0.4268,0.4201157762820033,0.43014211185899837,0.4201157762820033,take_profit,1.5910432541123898,1.5110432541123897,7
1INCH,long,2022-12-13 18:25:00+00:00,2022-12-13 18:30:00+00:00,2022-12-13 22:30:00+00:00,206777,206778,206826,0.4297,0.4355933735896948,0.42675331320515264,0.4355933735896948,take_profit,1.3715088642529238,1.2915088642529238,49
1INCH,long,2022-12-14 15:20:00+00:00,2022-12-14 15:25:00+00:00,2022-12-14 17:05:00+00:00,207028,207029,207049,0.4423,0.440580126010384,0.440580126010384,0.44603974797923207,stop,-0.3888478384842964,-0.4688478384842964,21
1INCH,short,2022-12-14 18:30:00+00:00,2022-12-14 18:35:00+00:00,2022-12-14 21:15:00+00:00,207066,207067,207099,0.4389,0.44084868387587406,0.44084868387587406,0.43470263224825195,stop,-0.4420300994757431,-0.5220300994757432,33
1INCH,long,2022-12-16 16:00:00+00:00,2022-12-16 16:05:00+00:00,2022-12-16 17:45:00+00:00,207612,207613,207633,0.4293,0.42785049843471673,0.42785049843471673,0.4321990031305666,stop,-0.3376430387335816,-0.4176430387335816,21
1INCH,short,2022-12-16 17:50:00+00:00,2022-12-16 17:55:00+00:00,2022-12-16 18:00:00+00:00,207634,207635,207636,0.4233,0.4123724738038168,0.4287637630980916,0.4123724738038168,take_profit,2.649916493063964,2.569916493063964,2
1INCH,long,2022-12-19 15:25:00+00:00,2022-12-19 15:30:00+00:00,2022-12-19 18:45:00+00:00,208469,208470,208509,0.394,0.3977011360120415,0.3921494319939793,0.3977011360120415,take_profit,0.9393746223455457,0.8593746223455456,40
1INCH,long,2022-12-20 16:15:00+00:00,2022-12-20 16:20:00+00:00,2022-12-20 20:15:00+00:00,208767,208768,208815,0.397,0.4003740872123167,0.39546295639384166,0.4003740872123167,take_profit,0.8498960232535824,0.7698960232535823,48
1INCH,long,2022-12-21 16:15:00+00:00,2022-12-21 16:20:00+00:00,2022-12-21 16:35:00+00:00,209055,209056,209059,0.4006,0.3989241726849698,0.3989241726849698,0.40425165463006035,stop,-0.41832933475541845,-0.49832933475541846,4
1INCH,short,2022-12-21 16:50:00+00:00,2022-12-21 16:55:00+00:00,2022-12-21 17:40:00+00:00,209062,209063,209072,0.3977,0.3996780929857548,0.3996780929857548,0.3937438140284904,stop,-0.4949215432293652,-0.5749215432293653,10
1INCH,short,2022-12-21 17:55:00+00:00,2022-12-21 18:00:00+00:00,2022-12-21 23:45:00+00:00,209075,209076,209145,0.3973,0.40139703683498007,0.40139703683498007,0.3891059263300398,stop,-1.020694339770234,-1.100694339770234,70
1INCH,short,2022-12-22 15:25:00+00:00,2022-12-22 15:30:00+00:00,2022-12-22 15:45:00+00:00,209333,209334,209337,0.3961,0.3972755229374188,0.3972755229374188,0.3937489541251624,stop,-0.2958961399703419,-0.37589613997034194,4
1INCH,short,2022-12-22 16:00:00+00:00,2022-12-22 16:05:00+00:00,2022-12-22 16:10:00+00:00,209340,209341,209342,0.3956,0.39750254367905763,0.39750254367905763,0.39209491264188473,stop,-0.478624277834494,-0.5586242778344941,2
1INCH,short,2022-12-22 16:30:00+00:00,2022-12-22 16:35:00+00:00,2022-12-22 16:40:00+00:00,209346,209347,209348,0.3957,0.3975761833336036,0.3975761833336036,0.3916476333327928,stop,-0.4719053636141335,-0.5519053636141336,2
1INCH,long,2022-12-25 15:25:00+00:00,2022-12-25 15:30:00+00:00,2022-12-25 18:35:00+00:00,210197,210198,210235,0.4002,0.3991499378717311,0.3991499378717311,0.4023001242565378,stop,-0.2623843398972814,-0.3423843398972814,38
1INCH,short,2022-12-25 19:45:00+00:00,2022-12-25 19:50:00+00:00,2022-12-25 20:10:00+00:00,210249,210250,210254,0.3982,0.39636179203910604,0.399119103980447,0.39636179203910604,take_profit,0.46377022150323466,0.38377022150323464,5
1INCH,long,2022-12-26 16:35:00+00:00,2022-12-26 16:40:00+00:00,2022-12-26 17:55:00+00:00,210499,210500,210515,0.3998,0.40154997771875467,0.3992250111406227,0.40154997771875467,take_profit,0.43771328633184226,0.35771328633184224,16
1INCH,short,2022-12-27 17:20:00+00:00,2022-12-27 17:25:00+00:00,2022-12-27 18:50:00+00:00,210796,210797,210814,0.3982,0.3999193242038605,0.3999193242038605,0.394461351592279,stop,-0.42991776085921085,-0.5099177608592109,18
1INCH,short,2022-12-30 16:20:00+00:00,2022-12-30 16:25:00+00:00,2022-12-31 00:30:00+00:00,211648,211649,211746,0.3762,0.37886917498146244,0.37886917498146244,0.3705616500370751,stop,-0.7045109915825298,-0.7845109915825299,98
1INCH,long,2022-12-31 15:25:00+00:00,2022-12-31 15:30:00+00:00,2022-12-31 15:35:00+00:00,211925,211926,211927,0.3814,0.38074414311501104,0.38074414311501104,0.382711713769978,stop,-0.17196037886444415,-0.25196037886444417,2
1INCH,long,2022-12-31 16:05:00+00:00,2022-12-31 16:10:00+00:00,2022-12-31 17:05:00+00:00,211933,211934,211945,0.3821,0.38545655334750606,0.38042172332624696,0.38545655334750606,take_profit,0.8784489263297779,0.7984489263297778,12
1INCH,short,2023-01-01 15:50:00+00:00,2023-01-01 15:55:00+00:00,2023-01-01 17:15:00+00:00,212218,212219,212235,0.3817,0.38020261169587927,0.38229869415206036,0.38020261169587927,take_profit,0.3938395629218938,0.3138395629218938,17
1INCH,long,2023-01-02 16:10:00+00:00,2023-01-02 16:15:00+00:00,2023-01-03 06:30:00+00:00,212510,212511,212682,0.3859,0.3974727547245419,0.3801136226377291,0.3974727547245419,take_profit,2.998899902705854,2.9188999027058538,172
1INCH,short,2023-01-03 20:10:00+00:00,2023-01-03 20:15:00+00:00,2023-01-03 20:30:00+00:00,212846,212847,212850,0.3957,0.3968075305373787,0.3968075305373787,0.39348493892524256,stop,-0.27911026181354215,-0.35911026181354216,4
1INCH,short,2023-01-03 20:40:00+00:00,2023-01-03 20:45:00+00:00,2023-01-03 23:50:00+00:00,212852,212853,212890,0.3957,0.39192114293215546,0.39773942853392225,0.39192114293215546,take_profit,0.9641881118158224,0.8841881118158224,38
1INCH,long,2023-01-04 15:40:00+00:00,2023-01-04 15:45:00+00:00,2023-01-04 16:05:00+00:00,213080,213081,213085,0.3993,0.39807914650911075,0.39807914650911075,0.40174170698177847,stop,-0.30574843247914707,-0.3857484324791471,5
1INCH,long,2023-01-04 16:55:00+00:00,2023-01-04 17:00:00+00:00,2023-01-04 17:25:00+00:00,213095,213096,213101,0.3999,0.3973444720622689,0.3973444720622689,0.4050110558754621,stop,-0.6390417448689845,-0.7190417448689845,6
1INCH,short,2023-01-06 16:00:00+00:00,2023-01-06 16:05:00+00:00,2023-01-06 16:10:00+00:00,213660,213661,213662,0.3806,0.3822082792600728,0.3822082792600728,0.3773834414798544,stop,-0.42078608636796355,-0.5007860863679636,2
1INCH,long,2023-01-07 15:40:00+00:00,2023-01-07 15:45:00+00:00,2023-01-07 18:55:00+00:00,213944,213945,213983,0.3982,0.3963857312543244,0.3963857312543244,0.40182853749135117,stop,-0.4556174650114486,-0.5356174650114487,39
1INCH,short,2023-01-08 15:40:00+00:00,2023-01-08 15:45:00+00:00,2023-01-08 16:20:00+00:00,214232,214233,214240,0.397,0.39770613538024496,0.39770613538024496,0.39528772923951,stop,-0.17755204595216734,-0.25755204595216735,8
1INCH,short,2023-01-08 17:25:00+00:00,2023-01-08 17:30:00+00:00,2023-01-08 17:55:00+00:00,214253,214254,214259,0.3966,0.3977598407889449,0.3977598407889449,0.3945803184221102,stop,-0.29159323541672055,-0.37159323541672057,6
1INCH,long,2023-01-08 20:05:00+00:00,2023-01-08 20:10:00+00:00,2023-01-08 21:40:00+00:00,214285,214286,214304,0.3981,0.39741046683221054,0.39741046683221054,0.39947906633557895,stop,-0.17320602054495815,-0.25320602054495817,19
1INCH,long,2023-01-09 19:10:00+00:00,2023-01-09 19:15:00+00:00,2023-01-09 19:50:00+00:00,214562,214563,214570,0.4225,0.419528963795151,0.419528963795151,0.42874207240969797,stop,-0.7032038354672254,-0.7832038354672255,8
1INCH,long,2023-01-09 20:05:00+00:00,2023-01-09 20:10:00+00:00,2023-01-09 20:50:00+00:00,214573,214574,214582,0.4228,0.4198045007575487,0.4198045007575487,0.4287909984849026,stop,-0.7084908331247197,-0.7884908331247198,9
1INCH,long,2023-01-10 17:25:00+00:00,2023-01-10 17:30:00+00:00,2023-01-10 17:35:00+00:00,214829,214830,214831,0.4306,0.4287176113453403,0.4287176113453403,0.4343647773093193,stop,-0.43715481993954475,-0.5171548199395448,2
1INCH,long,2023-01-10 17:50:00+00:00,2023-01-10 17:55:00+00:00,2023-01-10 18:20:00+00:00,214834,214835,214840,0.4304,0.434269104877263,0.4284654475613685,0.434269104877263,take_profit,0.8989555941596228,0.8189555941596227,6
1INCH,long,2023-01-10 19:20:00+00:00,2023-01-10 19:25:00+00:00,2023-01-10 20:35:00+00:00,214852,214853,214867,0.431,0.42829970017775804,0.42829970017775804,0.4364005996444839,stop,-0.6265196803345585,-0.7065196803345586,15
1INCH,short,2023-01-11 17:35:00+00:00,2023-01-11 17:40:00+00:00,2023-01-11 17:55:00+00:00,215119,215120,215123,0.4223,0.42429920099374313,0.42429920099374313,0.41860159801251373,stop,-0.4711771761673922,-0.5511771761673923,4
1INCH,short,2023-01-11 20:05:00+00:00,2023-01-11 20:10:00+00:00,2023-01-11 20:50:00+00:00,215149,215150,215158,0.4227,0.42419132871920007,0.42419132871920007,0.4197173425615999,stop,-0.3515698266871592,-0.4315698266871592,9
1INCH,long,2023-01-12 16:05:00+00:00,2023-01-12 16:10:00+00:00,2023-01-12 16:35:00+00:00,215389,215390,215395,0.4464,0.43738009508780745,0.43738009508780745,0.46443980982438515,stop,-2.0205880179642866,-2.1005880179642866,6
1INCH,long,2023-01-13 15:20:00+00:00,2023-01-13 15:25:00+00:00,2023-01-13 16:25:00+00:00,215668,215669,215681,0.4514,0.44875454296952805,0.44875454296952805,0.45639091406094384,stop,-0.5860560546016802,-0.6660560546016803,13
1INCH,long,2023-01-13 17:20:00+00:00,2023-01-13 17:25:00+00:00,2023-01-13 19:30:00+00:00,215692,215693,215718,0.4519,0.4491340222970167,0.4491340222970167,0.45743195540596665,stop,-0.6120773850372463,-0.6920773850372464,26
1INCH,long,2023-01-13 19:55:00+00:00,2023-01-13 20:00:00+00:00,2023-01-13 20:30:00+00:00,215723,215724,215730,0.4513,0.44876700790249663,0.44876700790249663,0.4569659841950068,stop,-0.5612656985383047,-0.6412656985383047,7
1INCH,long,2023-01-14 15:05:00+00:00,2023-01-14 15:10:00+00:00,2023-01-14 15:25:00+00:00,215953,215954,215957,0.4892,0.49643107620101706,0.4855844618994915,0.49643107620101706,take_profit,1.478143131851395,1.3981431318513948,4
1INCH,short,2023-01-14 18:15:00+00:00,2023-01-14 18:20:00+00:00,2023-01-15 22:25:00+00:00,215991,215992,216329,0.4714,0.49271898525758684,0.49271898525758684,0.4284620294848263,stop,-4.326804100402503,-4.406804100402504,338
1INCH,long,2023-01-16 15:15:00+00:00,2023-01-16 15:20:00+00:00,2023-01-16 15:30:00+00:00,216531,216532,216534,0.5099,0.5075101556945083,0.5075101556945083,0.5149796886109834,stop,-0.46868882241453136,-0.5486888224145314,3
1INCH,short,2023-01-17 15:10:00+00:00,2023-01-17 15:15:00+00:00,2023-01-17 17:10:00+00:00,216818,216819,216842,0.4807,0.4826534020162062,0.4826534020162062,0.47649319596758766,stop,-0.4047214850338099,-0.4847214850338099,24
1INCH,long,2023-01-17 17:45:00+00:00,2023-01-17 17:50:00+00:00,2023-01-17 19:25:00+00:00,216849,216850,216869,0.4832,0.48052410519802974,0.48052410519802974,0.4885517896039406,stop,-0.5537861759044471,-0.6337861759044472,20
1INCH,short,2023-01-18 15:10:00+00:00,2023-01-18 15:15:00+00:00,2023-01-18 17:10:00+00:00,217106,217107,217130,0.4813,0.4754669042233027,0.48436654788834865,0.4754669042233027,take_profit,1.2268142587602338,1.1468142587602337,24
1INCH,short,2023-01-19 15:15:00+00:00,2023-01-19 15:20:00+00:00,2023-01-19 16:10:00+00:00,217395,217396,217406,0.4496,0.4519222755100608,0.4519222755100608,0.4449554489798784,stop,-0.5138661305065795,-0.5938661305065795,11
1INCH,long,2023-01-19 16:20:00+00:00,2023-01-19 16:25:00+00:00,2023-01-19 20:20:00+00:00,217408,217409,217456,0.455,0.4496519511093987,0.4496519511093987,0.46569609778120263,stop,-1.1753953605717182,-1.2553953605717183,48
1INCH,long,2023-01-20 16:25:00+00:00,2023-01-20 16:30:00+00:00,2023-01-20 17:00:00+00:00,217697,217698,217704,0.4588,0.4569060211776431,0.4569060211776431,0.4625879576447137,stop,-0.4128114259714155,-0.49281142597141553,7
1INCH,short,2023-01-20 17:25:00+00:00,2023-01-20 17:30:00+00:00,2023-01-20 21:30:00+00:00,217709,217710,217758,0.4541,0.45658282284578466,0.45658282284578466,0.4488343543084307,stop,-0.5437836733124923,-0.6237836733124924,49
1INCH,long,2023-01-21 15:30:00+00:00,2023-01-21 15:35:00+00:00,2023-01-21 19:25:00+00:00,217974,217975,218021,0.5054,0.5003085669187515,0.5003085669187515,0.515282866162497,stop,-1.0074066247029112,-1.0874066247029113,47
1INCH,long,2023-01-22 15:05:00+00:00,2023-01-22 15:10:00+00:00,2023-01-22 15:55:00+00:00,218257,218258,218267,0.5112,0.5066598592852395,0.5066598592852395,0.520280281429521,stop,-0.888133942637026,-0.9681339426370261,10
1INCH,long,2023-01-22 17:55:00+00:00,2023-01-22 18:00:00+00:00,2023-01-22 18:55:00+00:00,218291,218292,218303,0.5111,0.5067511504036581,0.5067511504036581,0.5197976991926837,stop,-0.8508803749445959,-0.930880374944596,12
1INCH,long,2023-01-22 19:15:00+00:00,2023-01-22 19:20:00+00:00,2023-01-22 19:55:00+00:00,218307,218308,218315,0.5145,0.5295780862009747,0.5071109568995126,0.5295780862009747,take_profit,2.9306289992176326,2.8506289992176326,8
1INCH,long,2023-01-23 15:15:00+00:00,2023-01-23 15:20:00+00:00,2023-01-23 19:05:00+00:00,218547,218548,218593,0.5319,0.5396348127511619,0.5280325936244191,0.5396348127511619,take_profit,1.4541855144128313,1.3741855144128312,46
1INCH,long,2023-01-24 15:40:00+00:00,2023-01-24 15:45:00+00:00,2023-01-24 18:00:00+00:00,218840,218841,218868,0.5452,0.5398607654086286,0.5398607654086286,0.5558784691827429,stop,-0.9793166895398775,-1.0593166895398776,28
1INCH,short,2023-01-25 18:05:00+00:00,2023-01-25 18:10:00+00:00,2023-01-25 18:30:00+00:00,219157,219158,219162,0.5154,0.5188773289461978,0.5188773289461978,0.5084453421076044,stop,-0.670163977535887,-0.750163977535887,5
1INCH,short,2023-01-25 18:55:00+00:00,2023-01-25 19:00:00+00:00,2023-01-25 20:40:00+00:00,219167,219168,219188,0.5153,0.5081899848077521,0.5188550075961239,0.5081899848077521,take_profit,1.399086051437548,1.319086051437548,21
1INCH,long,2023-01-26 15:10:00+00:00,2023-01-26 15:15:00+00:00,2023-01-26 15:20:00+00:00,219410,219411,219412,0.5488,0.5434652395361859,0.5434652395361859,0.5597695209276284,stop,-0.9720773439894526,-1.0520773439894526,2
1INCH,long,2023-01-28 15:05:00+00:00,2023-01-28 15:10:00+00:00,2023-01-28 15:15:00+00:00,219985,219986,219987,0.5463,0.5431575567766629,0.5431575567766629,0.5522848864466743,stop,-0.5752229953024157,-0.6552229953024158,2
1INCH,long,2023-01-29 17:10:00+00:00,2023-01-29 17:15:00+00:00,2023-01-29 18:55:00+00:00,220298,220299,220319,0.5305,0.5341423381605728,0.5286788309197136,0.5341423381605728,take_profit,0.6865858926621726,0.6065858926621726,21
1INCH,short,2023-01-30 16:15:00+00:00,2023-01-30 16:20:00+00:00,2023-01-30 17:25:00+00:00,220575,220576,220589,0.5271,0.522660494743845,0.5294697526280775,0.522660494743845,take_profit,0.8494051685178139,0.7694051685178138,14
1INCH,long,2023-01-31 16:05:00+00:00,2023-01-31 16:10:00+00:00,2023-01-31 17:50:00+00:00,220861,220862,220882,0.5111,0.5076115233584089,0.5076115233584089,0.5177769532831823,stop,-0.682542876460801,-0.7625428764608011,21
1INCH,long,2023-01-31 18:05:00+00:00,2023-01-31 18:10:00+00:00,2023-01-31 19:00:00+00:00,220885,220886,220896,0.5116,0.5091445743182991,0.5091445743182991,0.5162108513634017,stop,-0.4799502896209895,-0.5599502896209896,11
1INCH,short,2023-02-01 15:15:00+00:00,2023-02-01 15:20:00+00:00,2023-02-02 00:45:00+00:00,221139,221140,221253,0.5054,0.4961511124484487,0.5101744437757756,0.4961511124484487,take_profit,1.8641271418115224,1.7841271418115225,114
1INCH,long,2023-02-02 18:35:00+00:00,2023-02-02 18:40:00+00:00,2023-02-02 19:30:00+00:00,221467,221468,221478,0.5431,0.5404287877563506,0.5404287877563506,0.5487424244872988,stop,-0.49184537721402855,-0.5718453772140286,11
1INCH,long,2023-02-02 20:10:00+00:00,2023-02-02 20:15:00+00:00,2023-02-02 20:35:00+00:00,221486,221487,221491,0.5432,0.5400245097089003,0.5400245097089003,0.5495509805821995,stop,-0.5845895233983378,-0.6645895233983379,5
1INCH,short,2023-02-03 15:15:00+00:00,2023-02-03 15:20:00+00:00,2023-02-03 16:25:00+00:00,221715,221716,221729,0.5517,0.5430617882239507,0.5563191058880246,0.5430617882239507,take_profit,1.5906498971875793,1.5106498971875792,14
1INCH,short,2023-02-03 19:05:00+00:00,2023-02-03 19:10:00+00:00,2023-02-03 20:05:00+00:00,221761,221762,221773,0.5513,0.555047417862319,0.555047417862319,0.5441051642753619,stop,-0.6751527422200532,-0.7551527422200532,12
1INCH,long,2023-02-03 20:20:00+00:00,2023-02-03 20:25:00+00:00,2023-02-03 21:45:00+00:00,221776,221777,221793,0.5568,0.5654941418150674,0.5523029290924663,0.5654941418150674,take_profit,1.5614478834532042,1.481447883453204,17
1INCH,short,2023-02-04 15:05:00+00:00,2023-02-04 15:10:00+00:00,2023-02-04 18:20:00+00:00,222001,222002,222040,0.5553,0.5579352815766971,0.5579352815766971,0.5497294368466058,stop,-0.4723274658755994,-0.5523274658755994,39
1INCH,long,2023-02-05 15:40:00+00:00,2023-02-05 15:45:00+00:00,2023-02-05 18:25:00+00:00,222296,222297,222329,0.6075,0.6010304077380169,0.6010304077380169,0.6210391845239663,stop,-1.064953458762663,-1.144953458762663,33
1INCH,short,2023-02-05 20:25:00+00:00,2023-02-05 20:30:00+00:00,2023-02-05 21:40:00+00:00,222353,222354,222368,0.5969,0.5890252665567732,0.6009873667216133,0.5890252665567732,take_profit,1.3369092788259485,1.2569092788259484,15
1INCH,long,2023-02-06 15:20:00+00:00,2023-02-06 15:25:00+00:00,2023-02-06 16:00:00+00:00,222580,222581,222588,0.5731,0.56641997597764,0.56641997597764,0.5864600480447201,stop,-1.1655948390088988,-1.245594839008899,8
1INCH,long,2023-02-06 17:00:00+00:00,2023-02-06 17:05:00+00:00,2023-02-06 18:25:00+00:00,222600,222601,222617,0.5721,0.566567391999119,0.566567391999119,0.5828652160017619,stop,-0.9670700927951525,-1.0470700927951526,17
1INCH,long,2023-02-07 15:25:00+00:00,2023-02-07 15:30:00+00:00,2023-02-07 18:05:00+00:00,222869,222870,222901,0.5588,0.5674264251597452,0.5546367874201273,0.5674264251597452,take_profit,1.5437410808420315,1.4637410808420315,32
1INCH,short,2023-02-08 16:30:00+00:00,2023-02-08 16:35:00+00:00,2023-02-08 21:55:00+00:00,223170,223171,223235,0.5796,0.5715723782037546,0.5836138108981227,0.5715723782037546,take_profit,1.4044803602079714,1.3244803602079713,65
1INCH,short,2023-02-11 15:05:00+00:00,2023-02-11 15:10:00+00:00,2023-02-11 15:20:00+00:00,224017,224018,224020,0.5267,0.5285762033613263,0.5285762033613263,0.5226475932773473,stop,-0.35495418624508224,-0.43495418624508225,3
1INCH,long,2023-02-12 15:25:00+00:00,2023-02-12 15:30:00+00:00,2023-02-12 16:05:00+00:00,224309,224310,224317,0.5355,0.5342098934991114,0.5342098934991114,0.5383802130017771,stop,-0.24091624666453537,-0.3209162466645354,8
1INCH,long,2023-02-12 16:15:00+00:00,2023-02-12 16:20:00+00:00,2023-02-12 17:20:00+00:00,224319,224320,224332,0.5351,0.5374172901943669,0.5339413549028166,0.5374172901943669,take_profit,0.43305740877721544,0.3530574087772154,13
1INCH,long,2023-02-13 15:15:00+00:00,2023-02-13 15:20:00+00:00,2023-02-13 15:50:00+00:00,224595,224596,224602,0.5333,0.5313578622213982,0.5313578622213982,0.5371842755572035,stop,-0.3641735943374691,-0.4441735943374691,7
1INCH,long,2023-02-13 16:10:00+00:00,2023-02-13 16:15:00+00:00,2023-02-13 17:20:00+00:00,224606,224607,224620,0.5341,0.5296774654644997,0.5296774654644997,0.5429450690710007,stop,-0.8280349252013375,-0.9080349252013376,14
1INCH,short,2023-02-13 17:35:00+00:00,2023-02-13 17:40:00+00:00,2023-02-13 18:15:00+00:00,224623,224624,224631,0.5261,0.5132000296413499,0.532699985179325,0.5132000296413499,take_profit,2.513633985497865,2.433633985497865,8
1INCH,long,2023-02-14 15:05:00+00:00,2023-02-14 15:10:00+00:00,2023-02-14 17:35:00+00:00,224881,224882,224911,0.5297,0.5276636084190481,0.5276636084190481,0.5340727831619039,stop,-0.384442435520449,-0.464442435520449,30
1INCH,long,2023-02-14 18:40:00+00:00,2023-02-14 18:45:00+00:00,2023-02-14 18:45:00+00:00,224924,224925,224925,0.5304,0.5342456069870241,0.528477196506488,0.5342456069870241,take_profit,0.7250390247028893,0.6450390247028892,1
1INCH,long,2023-02-14 20:15:00+00:00,2023-02-14 20:20:00+00:00,2023-02-14 22:30:00+00:00,224943,224944,224970,0.5302,0.5279278284590601,0.5279278284590601,0.5347443430818799,stop,-0.4285498945567623,-0.5085498945567624,27
1INCH,long,2023-02-15 15:05:00+00:00,2023-02-15 15:10:00+00:00,2023-02-15 21:10:00+00:00,225169,225170,225242,0.5392,0.5446576228438228,0.5363211885780886,0.5446576228438228,take_profit,1.012170408720836,0.932170408720836,73
1INCH,long,2023-02-16 15:20:00+00:00,2023-02-16 15:25:00+00:00,2023-02-16 15:55:00+00:00,225460,225461,225467,0.5711,0.569344134591623,0.569344134591623,0.5743117308167538,stop,-0.3074532320744172,-0.38745323207441723,7
1INCH,short,2023-02-19 15:50:00+00:00,2023-02-19 15:55:00+00:00,2023-02-19 19:35:00+00:00,226330,226331,226375,0.5741,0.5768168456462375,0.5768168456462375,0.568066308707525,stop,-0.4710066404516322,-0.5510066404516323,45
1INCH,long,2023-02-19 19:40:00+00:00,2023-02-19 19:45:00+00:00,2023-02-19 21:55:00+00:00,226376,226377,226403,0.579,0.5852535976052515,0.5757232011973742,0.5852535976052515,take_profit,1.0800686710279006,1.0000686710279005,27
1INCH,long,2023-02-20 15:05:00+00:00,2023-02-20 15:10:00+00:00,2023-02-20 16:45:00+00:00,226609,226610,226629,0.5894,0.5960526101855511,0.5860736949072245,0.5960526101855511,take_profit,1.128708887945562,1.048708887945562,20
1INCH,long,2023-02-21 15:25:00+00:00,2023-02-21 15:30:00+00:00,2023-02-21 17:40:00+00:00,226901,226902,226928,0.6405,0.6302651655767209,0.6302651655767209,0.6609696688465582,stop,-1.5979444845088397,-1.6779444845088396,27
1INCH,short,2023-02-21 17:45:00+00:00,2023-02-21 17:50:00+00:00,2023-02-21 18:30:00+00:00,226929,226930,226938,0.6238,0.6362366608471254,0.6362366608471254,0.5986266783057493,stop,-1.9547224503797755,-2.0347224503797756,9
1INCH,long,2023-02-21 19:05:00+00:00,2023-02-21 19:10:00+00:00,2023-02-21 20:40:00+00:00,226945,226946,226964,0.6357,0.6266944603743576,0.6266944603743576,0.6531110792512846,stop,-1.4166335733274193,-1.4966335733274194,19
1INCH,short,2023-02-22 15:50:00+00:00,2023-02-22 15:55:00+00:00,2023-02-22 19:45:00+00:00,227194,227195,227241,0.639,0.6458468548329555,0.6458468548329555,0.6256062903340891,stop,-1.0601359721301606,-1.1401359721301607,47
1INCH,short,2023-02-23 15:35:00+00:00,2023-02-23 15:40:00+00:00,2023-02-23 16:15:00+00:00,227479,227480,227487,0.6343,0.6389052536799914,0.6389052536799914,0.6250894926400171,stop,-0.7208038521308024,-0.8008038521308025,8
1INCH,short,2023-02-23 16:40:00+00:00,2023-02-23 16:45:00+00:00,2023-02-23 18:30:00+00:00,227492,227493,227514,0.6345,0.6266589742175815,0.6384205128912092,0.6266589742175815,take_profit,1.2512428777084583,1.1712428777084583,22
1INCH,long,2023-02-24 15:05:00+00:00,2023-02-24 15:10:00+00:00,2023-02-24 18:55:00+00:00,227761,227762,227807,0.6186,0.6149530551204093,0.6149530551204093,0.6258938897591815,stop,-0.5895481538297331,-0.6695481538297332,46
1INCH,long,2023-02-26 15:30:00+00:00,2023-02-26 15:35:00+00:00,2023-02-26 17:05:00+00:00,228342,228343,228361,0.596,0.5936453896012703,0.5936453896012703,0.6004092207974593,stop,-0.3950688588472584,-0.4750688588472584,19
1INCH,short,2023-02-27 17:25:00+00:00,2023-02-27 17:30:00+00:00,2023-02-27 17:45:00+00:00,228653,228654,228657,0.5701,0.5728454192812527,0.5728454192812527,0.5643091614374945,stop,-0.4792600567003369,-0.559260056700337,4
1INCH,short,2023-02-27 17:50:00+00:00,2023-02-27 17:55:00+00:00,2023-02-27 20:05:00+00:00,228658,228659,228685,0.5714,0.5750664207272158,0.5750664207272158,0.5637671585455685,stop,-0.637564739492058,-0.7175647394920581,27
1INCH,short,2023-02-27 20:50:00+00:00,2023-02-27 20:55:00+00:00,2023-02-27 22:15:00+00:00,228694,228695,228711,0.5698,0.5736479861689395,0.5736479861689395,0.5621040276621209,stop,-0.6707922387452325,-0.7507922387452326,17
1INCH,short,2023-02-28 16:00:00+00:00,2023-02-28 16:05:00+00:00,2023-02-28 16:45:00+00:00,228924,228925,228933,0.574,0.5684781557360232,0.5769109221319885,0.5684781557360232,take_profit,0.971337985155718,0.8913379851557179,9
1INCH,long,2023-03-01 15:35:00+00:00,2023-03-01 15:40:00+00:00,2023-03-01 16:05:00+00:00,229207,229208,229213,0.5939,0.590293563634422,0.590293563634422,0.600812872731156,stop,-0.6072463993227806,-0.6872463993227806,6
1INCH,long,2023-03-01 17:20:00+00:00,2023-03-01 17:25:00+00:00,2023-03-01 19:40:00+00:00,229228,229229,229256,0.5944,0.5905558601331966,0.5905558601331966,0.6023882797336069,stop,-0.6467260879548187,-0.7267260879548187,28
1INCH,short,2023-03-02 15:10:00+00:00,2023-03-02 15:15:00+00:00,2023-03-03 10:20:00+00:00,229490,229491,229720,0.5603,0.5476139169781529,0.5666430415109236,0.5476139169781529,take_profit,2.316610777872774,2.236610777872774,230
1INCH,short,2023-03-04 19:40:00+00:00,2023-03-04 19:45:00+00:00,2023-03-04 21:55:00+00:00,230120,230121,230147,0.5196,0.5222324733433943,0.5222324733433943,0.5143350533132113,stop,-0.5040807452169616,-0.5840807452169616,27
1INCH,long,2023-03-06 15:35:00+00:00,2023-03-06 15:40:00+00:00,2023-03-06 16:15:00+00:00,230647,230648,230655,0.5236,0.5267693905494487,0.5218653047252756,0.5267693905494487,take_profit,0.6053075915677608,0.5253075915677607,8
1INCH,long,2023-03-06 17:25:00+00:00,2023-03-06 17:30:00+00:00,2023-03-06 18:25:00+00:00,230669,230670,230681,0.5236,0.5211941997682153,0.5211941997682153,0.5281116004635692,stop,-0.45947292432860776,-0.5394729243286078,12
1INCH,long,2023-03-06 19:15:00+00:00,2023-03-06 19:20:00+00:00,2023-03-06 20:40:00+00:00,230691,230692,230708,0.5237,0.5205392230748133,0.5205392230748133,0.5300215538503736,stop,-0.6035472455961033,-0.6835472455961034,17
1INCH,short,2023-03-07 15:10:00+00:00,2023-03-07 15:15:00+00:00,2023-03-07 16:00:00+00:00,230930,230931,230940,0.5212,0.5178061426647137,0.5228969286676431,0.5178061426647137,take_profit,0.6554301032082988,0.5754301032082987,10
1INCH,short,2023-03-09 15:30:00+00:00,2023-03-09 15:35:00+00:00,2023-03-09 20:55:00+00:00,231510,231511,231575,0.4771,0.48078839781060895,0.48078839781060895,0.4697232043787822,stop,-0.76715616004982,-0.8471561600498201,65
1INCH,short,2023-03-10 15:10:00+00:00,2023-03-10 15:15:00+00:00,2023-03-10 15:35:00+00:00,231794,231795,231799,0.4337,0.43656164256894275,0.43656164256894275,0.42827671486211455,stop,-0.6554956482441865,-0.7354956482441866,5
1INCH,short,2023-03-10 15:50:00+00:00,2023-03-10 15:55:00+00:00,2023-03-10 16:05:00+00:00,231802,231803,231805,0.4337,0.43578712336738457,0.43578712336738457,0.4295257532652308,stop,-0.47893185811850314,-0.5589318581185032,3
1INCH,short,2023-03-10 16:10:00+00:00,2023-03-10 16:15:00+00:00,2023-03-10 16:20:00+00:00,231806,231807,231808,0.4332,0.437311574096623,0.437311574096623,0.425276851806754,stop,-0.9401932947044722,-1.0201932947044723,2
1INCH,long,2023-03-12 14:05:00+00:00,2023-03-12 14:10:00+00:00,2023-03-12 15:55:00+00:00,232357,232358,232379,0.4356,0.43335881391451353,0.43335881391451353,0.4400823721709729,stop,-0.5145055292668621,-0.5945055292668622,22
1INCH,long,2023-03-12 16:25:00+00:00,2023-03-12 16:30:00+00:00,2023-03-12 16:40:00+00:00,232385,232386,232388,0.4359,0.4342408857611126,0.4342408857611126,0.43861822847777476,stop,-0.38061808646190354,-0.46061808646190355,3
1INCH,short,2023-03-12 17:05:00+00:00,2023-03-12 17:10:00+00:00,2023-03-12 17:20:00+00:00,232393,232394,232396,0.4321,0.4341332700200678,0.4341332700200678,0.42803345995986436,stop,-0.4683515778400982,-0.5483515778400982,3
1INCH,long,2023-03-13 17:00:00+00:00,2023-03-13 17:05:00+00:00,2023-03-13 17:15:00+00:00,232680,232681,232683,0.4813,0.47757965679462694,0.47757965679462694,0.48874068641074614,stop,-0.772978018984638,-0.8529780189846381,3
1INCH,long,2023-03-14 14:10:00+00:00,2023-03-14 14:15:00+00:00,2023-03-14 14:15:00+00:00,232934,232935,232935,0.5061,0.50042455564695,0.50042455564695,0.5171508887061,stop,-1.1214076967101416,-1.2014076967101417,1
1INCH,long,2023-03-14 15:05:00+00:00,2023-03-14 15:10:00+00:00,2023-03-14 15:40:00+00:00,232945,232946,232952,0.5026,0.498979454904473,0.498979454904473,0.5098410901910542,stop,-0.720363130825119,-0.8003631308251191,7
1INCH,long,2023-03-15 14:10:00+00:00,2023-03-15 14:15:00+00:00,2023-03-15 14:35:00+00:00,233222,233223,233227,0.5362,0.5325828761649327,0.5325828761649327,0.5428342476701347,stop,-0.6745848256373144,-0.7545848256373144,5
1INCH,long,2023-03-16 14:20:00+00:00,2023-03-16 14:25:00+00:00,2023-03-16 22:20:00+00:00,233512,233513,233608,0.4895,0.48289433924172004,0.48289433924172004,0.50241132151656,stop,-1.3494710435709822,-1.4294710435709823,96
1INCH,long,2023-03-17 15:20:00+00:00,2023-03-17 15:25:00+00:00,2023-03-17 15:55:00+00:00,233812,233813,233819,0.5029,0.5079051869162651,0.5005474065418675,0.5079051869162651,take_profit,0.9952648471396097,0.9152648471396096,7
1INCH,long,2023-03-17 16:25:00+00:00,2023-03-17 16:30:00+00:00,2023-03-17 18:55:00+00:00,233825,233826,233855,0.5031,0.5079849488666762,0.5006575255666619,0.5079849488666762,take_profit,0.9709697608181633,0.8909697608181633,30
1INCH,long,2023-03-18 14:35:00+00:00,2023-03-18 14:40:00+00:00,2023-03-18 15:05:00+00:00,234091,234092,234097,0.541,0.5367314032459461,0.5367314032459461,0.5495371935081078,stop,-0.7890197327271475,-0.8690197327271476,6
1INCH,long,2023-03-18 16:40:00+00:00,2023-03-18 16:45:00+00:00,2023-03-18 17:10:00+00:00,234116,234117,234122,0.5408,0.5377012894998165,0.5377012894998165,0.547297421000367,stop,-0.5729864090575854,-0.6529864090575854,6
1INCH,long,2023-03-19 14:20:00+00:00,2023-03-19 14:25:00+00:00,2023-03-19 16:10:00+00:00,234376,234377,234398,0.5307,0.5373210709868839,0.527389464506558,0.5373210709868839,take_profit,1.247610888804207,1.167610888804207,22
1INCH,short,2023-03-20 15:40:00+00:00,2023-03-20 15:45:00+00:00,2023-03-20 15:50:00+00:00,234680,234681,234682,0.5285,0.5318068604757487,0.5318068604757487,0.5215862790485026,stop,-0.6218160617165402,-0.7018160617165403,2
1INCH,short,2023-03-21 14:10:00+00:00,2023-03-21 14:15:00+00:00,2023-03-21 14:35:00+00:00,234950,234951,234955,0.5161,0.5113431721222901,0.518328413938855,0.5113431721222901,take_profit,0.9302613464001297,0.8502613464001296,5
1INCH,short,2023-03-21 19:25:00+00:00,2023-03-21 19:30:00+00:00,2023-03-21 21:40:00+00:00,235013,235014,235040,0.5154,0.5195554280928066,0.5195554280928066,0.5073891438143866,stop,-0.7998045767822037,-0.8798045767822038,27
1INCH,long,2023-03-22 14:25:00+00:00,2023-03-22 14:30:00+00:00,2023-03-22 14:45:00+00:00,235241,235242,235245,0.5343,0.5317365722269917,0.5317365722269917,0.5394268555460167,stop,-0.4797731186614862,-0.5597731186614863,4
1INCH,long,2023-03-24 14:10:00+00:00,2023-03-24 14:15:00+00:00,2023-03-24 16:40:00+00:00,235814,235815,235844,0.5198,0.5171929984933192,0.5171929984933192,0.5244140030133614,stop,-0.5015393433398962,-0.5815393433398963,30
1INCH,long,2023-03-24 17:00:00+00:00,2023-03-24 17:05:00+00:00,2023-03-24 17:05:00+00:00,235848,235849,235849,0.5201,0.5175584495675442,0.5175584495675442,0.5254831008649117,stop,-0.48866572437143985,-0.5686657243714399,1
1INCH,short,2023-03-24 17:15:00+00:00,2023-03-24 17:20:00+00:00,2023-03-24 18:50:00+00:00,235851,235852,235870,0.5151,0.5070173569241213,0.5191413215379393,0.5070173569241213,take_profit,1.5941551044549973,1.5141551044549972,19
1INCH,short,2023-03-25 14:40:00+00:00,2023-03-25 14:45:00+00:00,2023-03-25 22:30:00+00:00,236108,236109,236202,0.5009,0.5036314514785514,0.5036314514785514,0.4954370970428973,stop,-0.5423512512041095,-0.6223512512041096,94
1INCH,long,2023-03-26 14:40:00+00:00,2023-03-26 14:45:00+00:00,2023-03-26 17:40:00+00:00,236396,236397,236432,0.5044,0.5080932116829142,0.5025533941585428,0.5080932116829142,take_profit,0.7321989855103572,0.6521989855103572,36
1INCH,short,2023-03-27 14:10:00+00:00,2023-03-27 14:15:00+00:00,2023-03-27 20:30:00+00:00,236678,236679,236754,0.5042,0.5071280221823663,0.5071280221823663,0.49834395563526734,stop,-0.5773733760098487,-0.6573733760098488,76
1INCH,long,2023-03-28 15:15:00+00:00,2023-03-28 15:20:00+00:00,2023-03-28 16:35:00+00:00,236979,236980,236995,0.4982,0.4954949383818846,0.4954949383818846,0.5039101232362309,stop,-0.5429670048405111,-0.6229670048405112,16
1INCH,long,2023-03-29 15:10:00+00:00,2023-03-29 15:15:00+00:00,2023-03-29 20:25:00+00:00,237266,237267,237329,0.5064,0.51211952970896,0.5036902351455199,0.51211952970896,take_profit,1.1294489946603647,1.0494489946603647,63
1INCH,long,2023-03-30 14:10:00+00:00,2023-03-30 14:15:00+00:00,2023-03-30 14:50:00+00:00,237542,237543,237550,0.543,0.5381087220852322,0.5381087220852322,0.5530825558295357,stop,-0.9007878296073413,-0.9807878296073413,8
1INCH,long,2023-03-30 15:50:00+00:00,2023-03-30 15:55:00+00:00,2023-03-30 18:30:00+00:00,237562,237563,237594,0.5441,0.5672935316100143,0.5326532341949929,0.5672935316100143,take_profit,4.262733249405293,4.182733249405293,32
1INCH,short,2023-03-31 14:50:00+00:00,2023-03-31 14:55:00+00:00,2023-03-31 15:15:00+00:00,237838,237839,237843,0.5413,0.5463843930622312,0.5463843930622312,0.5314312138755376,stop,-0.930552396223383,-1.010552396223383,5
1INCH,short,2023-03-31 15:55:00+00:00,2023-03-31 16:00:00+00:00,2023-03-31 16:20:00+00:00,237851,237852,237856,0.5436,0.5382523531402924,0.5462738234298538,0.5382523531402924,take_profit,0.9935203865822695,0.9135203865822694,5
1INCH,short,2023-03-31 17:05:00+00:00,2023-03-31 17:10:00+00:00,2023-03-31 17:45:00+00:00,237865,237866,237873,0.5434,0.5470487377138344,0.5470487377138344,0.5361025245723311,stop,-0.6669858574361864,-0.7469858574361865,8
1INCH,short,2023-03-31 18:40:00+00:00,2023-03-31 18:45:00+00:00,2023-03-31 19:30:00+00:00,237884,237885,237894,0.5427,0.5470989261780547,0.5470989261780547,0.5339021476438905,stop,-0.8040458439180109,-0.884045843918011,10
1INCH,short,2023-04-01 14:15:00+00:00,2023-04-01 14:20:00+00:00,2023-04-01 15:20:00+00:00,238119,238120,238132,0.5501,0.5464600172160949,0.5517699913919526,0.5464600172160949,take_profit,0.6661023074384653,0.5861023074384653,13
1INCH,short,2023-04-02 17:45:00+00:00,2023-04-02 17:50:00+00:00,2023-04-02 19:55:00+00:00,238449,238450,238475,0.5339,0.5291142043629213,0.5362928978185394,0.5291142043629213,take_profit,0.904491997685275,0.8244919976852749,26
1INCH,short,2023-04-03 15:00:00+00:00,2023-04-03 15:05:00+00:00,2023-04-03 16:20:00+00:00,238704,238705,238720,0.5096,0.5119479297705968,0.5119479297705968,0.5049041404588066,stop,-0.45862667549976255,-0.5386266754997626,16
1INCH,long,2023-04-04 14:15:00+00:00,2023-04-04 14:20:00+00:00,2023-04-04 14:25:00+00:00,238983,238984,238985,0.5171,0.5144083066751313,0.5144083066751313,0.5221833866497375,stop,-0.5205363227361759,-0.600536322736176,2
1INCH,long,2023-04-04 15:05:00+00:00,2023-04-04 15:10:00+00:00,2023-04-04 15:20:00+00:00,238993,238994,238996,0.5168,0.5150029115671951,0.5150029115671951,0.5203941768656098,stop,-0.347733829877106,-0.427733829877106,3
1INCH,long,2023-04-04 15:35:00+00:00,2023-04-04 15:40:00+00:00,2023-04-04 19:00:00+00:00,238999,239000,239040,0.5173,0.5212971559791356,0.5153014220104322,0.5212971559791356,take_profit,0.7726959170956116,0.6926959170956115,41
1INCH,long,2023-04-05 14:05:00+00:00,2023-04-05 14:10:00+00:00,2023-04-05 15:40:00+00:00,239269,239270,239288,0.5499,0.545538511489701,0.545538511489701,0.5592229770205981,stop,-0.7931421186213927,-0.8731421186213928,19
1INCH,short,2023-04-06 14:40:00+00:00,2023-04-06 14:45:00+00:00,2023-04-06 15:40:00+00:00,239564,239565,239576,0.528,0.5308335087366208,0.5308335087366208,0.5226329825267584,stop,-0.5337848289503344,-0.6137848289503345,12
1INCH,short,2023-04-06 16:55:00+00:00,2023-04-06 17:00:00+00:00,2023-04-06 17:00:00+00:00,239591,239592,239592,0.5283,0.5304369692253204,0.5304369692253204,0.5240260615493593,stop,-0.40286958664312866,-0.4828695866431287,1
1INCH,long,2023-04-06 17:05:00+00:00,2023-04-06 17:10:00+00:00,2023-04-06 17:15:00+00:00,239593,239594,239595,0.5312,0.5284824091883717,0.5284824091883717,0.5363351816232566,stop,-0.5115946558035156,-0.5915946558035157,2
1INCH,short,2023-04-07 14:20:00+00:00,2023-04-07 14:25:00+00:00,2023-04-07 16:15:00+00:00,239848,239849,239871,0.5313,0.5253218220739805,0.5342890889630098,0.5253218220739805,take_profit,1.1380029678602632,1.0580029678602632,23
1INCH,long,2023-04-08 14:45:00+00:00,2023-04-08 14:50:00+00:00,2023-04-08 14:55:00+00:00,240141,240142,240143,0.5288,0.5325464299902877,0.5269267850048562,0.5325464299902877,take_profit,0.7084776834885842,0.6284776834885841,2
1INCH,long,2023-04-09 14:10:00+00:00,2023-04-09 14:15:00+00:00,2023-04-09 14:50:00+00:00,240422,240423,240430,0.5324,0.5307525343063232,0.5307525343063232,0.5353949313873536,stop,-0.3094413399092444,-0.3894413399092444,8
1INCH,short,2023-04-09 15:00:00+00:00,2023-04-09 15:05:00+00:00,2023-04-10 04:15:00+00:00,240432,240433,240591,0.5252,0.5307011620621724,0.5307011620621724,0.5138976758756552,stop,-1.036583760396581,-1.1165837603965811,159
1INCH,short,2023-04-10 14:10:00+00:00,2023-04-10 14:15:00+00:00,2023-04-10 14:45:00+00:00,240710,240711,240717,0.5265,0.5282072310056781,0.5282072310056781,0.5224855379886437,stop,-0.3232123502792006,-0.4032123502792006,7
1INCH,short,2023-04-10 14:50:00+00:00,2023-04-10 14:55:00+00:00,2023-04-10 19:00:00+00:00,240718,240719,240768,0.5269,0.528743377655238,0.528743377655238,0.523213244689524,stop,-0.3486337102532877,-0.4286337102532877,50
1INCH,long,2023-04-10 19:55:00+00:00,2023-04-10 20:00:00+00:00,2023-04-10 20:15:00+00:00,240779,240780,240783,0.5301,0.52912511292556,0.52912511292556,0.5320497741488801,stop,-0.18390625814752593,-0.26390625814752594,4
1INCH,long,2023-04-11 14:05:00+00:00,2023-04-11 14:10:00+00:00,2023-04-11 14:55:00+00:00,240997,240998,241007,0.5439,0.5412390030472688,0.5412390030472688,0.5492219939054626,stop,-0.4892437861245158,-0.5692437861245159,10
1INCH,long,2023-04-11 15:15:00+00:00,2023-04-11 15:20:00+00:00,2023-04-11 18:20:00+00:00,241011,241012,241048,0.5438,0.5421371873442666,0.5421371873442666,0.5474256253114669,stop,-0.30577650896161934,-0.38577650896161936,37
1INCH,long,2023-04-11 18:30:00+00:00,2023-04-11 18:35:00+00:00,2023-04-11 20:10:00+00:00,241050,241051,241070,0.5442,0.5420599660367332,0.5420599660367332,0.5487800679265336,stop,-0.3932440211809607,-0.4732440211809607,20
1INCH,short,2023-04-12 15:10:00+00:00,2023-04-12 15:15:00+00:00,2023-04-12 15:45:00+00:00,241298,241299,241305,0.5245,0.5265558646361536,0.5265558646361536,0.5200882707276928,stop,-0.3904361862105854,-0.4704361862105854,7
1INCH,long,2023-04-13 17:40:00+00:00,2023-04-13 17:45:00+00:00,2023-04-13 18:15:00+00:00,241616,241617,241623,0.5397,0.5440932052609219,0.537503397369539,0.5440932052609219,take_profit,0.8140087568875076,0.7340087568875076,7
1INCH,long,2023-04-14 15:25:00+00:00,2023-04-14 15:30:00+00:00,2023-04-14 15:40:00+00:00,241877,241878,241880,0.5658,0.563419741862567,0.563419741862567,0.5705605162748658,stop,-0.42068896030981184,-0.5006889603098119,3
1INCH,long,2023-04-14 15:55:00+00:00,2023-04-14 16:00:00+00:00,2023-04-14 16:10:00+00:00,241883,241884,241886,0.5651,0.5619985443724441,0.5619985443724441,0.5713029112551119,stop,-0.5488330609725534,-0.6288330609725534,3
1INCH,long,2023-04-15 14:05:00+00:00,2023-04-15 14:10:00+00:00,2023-04-15 15:05:00+00:00,242149,242150,242161,0.5583,0.5558373614491058,0.5558373614491058,0.5632252771017885,stop,-0.44109592529002484,-0.5210959252900249,12
1INCH,short,2023-04-15 15:30:00+00:00,2023-04-15 15:35:00+00:00,2023-04-15 16:15:00+00:00,242166,242167,242175,0.553,0.557655227337268,0.557655227337268,0.5436895453254641,stop,-0.8347859231045085,-0.9147859231045086,9
1INCH,long,2023-04-15 16:30:00+00:00,2023-04-15 16:35:00+00:00,2023-04-15 17:40:00+00:00,242178,242179,242192,0.5583,0.5566632758438225,0.5566632758438225,0.5612734483123551,stop,-0.29316212720357226,-0.3731621272035723,14
1INCH,long,2023-04-16 15:05:00+00:00,2023-04-16 15:10:00+00:00,2023-04-16 15:25:00+00:00,242449,242450,242453,0.5695,0.5677540092456801,0.5677540092456801,0.5729919815086398,stop,-0.30658309996838273,-0.38658309996838275,4
1INCH,long,2023-04-16 16:45:00+00:00,2023-04-16 16:50:00+00:00,2023-04-16 17:30:00+00:00,242469,242470,242478,0.5692,0.5732981105066733,0.5670009447466634,0.5732981105066733,take_profit,0.7199772499425938,0.6399772499425938,9
1INCH,long,2023-04-16 19:20:00+00:00,2023-04-16 19:25:00+00:00,2023-04-16 19:50:00+00:00,242500,242501,242506,0.5693,0.5664978883585852,0.5664978883585852,0.5746042232828298,stop,-0.49220299339800544,-0.5722029933980055,6
1INCH,long,2023-04-17 14:45:00+00:00,2023-04-17 14:50:00+00:00,2023-04-17 16:10:00+00:00,242733,242734,242750,0.5713,0.567953372984873,0.567953372984873,0.577993254030254,stop,-0.5857915307416417,-0.6657915307416418,17
1INCH,short,2023-04-17 16:45:00+00:00,2023-04-17 16:50:00+00:00,2023-04-17 17:45:00+00:00,242757,242758,242769,0.5636,0.5667282839512019,0.5667282839512019,0.5570434320975962,stop,-0.5519900876292394,-0.6319900876292395,12
1INCH,short,2023-04-17 18:40:00+00:00,2023-04-17 18:45:00+00:00,2023-04-17 19:15:00+00:00,242780,242781,242787,0.5641,0.5599376840236099,0.5661811579881951,0.5599376840236099,take_profit,0.7433534293460164,0.6633534293460164,7
1INCH,long,2023-04-18 14:05:00+00:00,2023-04-18 14:10:00+00:00,2023-04-18 14:55:00+00:00,243013,243014,243023,0.5615,0.5638246181768641,0.5603376909115679,0.5638246181768641,take_profit,0.41400145625363205,0.33400145625363203,10
1INCH,short,2023-04-19 15:15:00+00:00,2023-04-19 15:20:00+00:00,2023-04-19 17:00:00+00:00,243315,243316,243336,0.561,0.5550483059043666,0.5639758470478168,0.5550483059043666,take_profit,1.0722839854336863,0.9922839854336862,21
1INCH,long,2023-04-20 14:05:00+00:00,2023-04-20 14:10:00+00:00,2023-04-20 14:15:00+00:00,243589,243590,243591,0.5159,0.5141910599653822,0.5141910599653822,0.5196178800692357,stop,-0.3312541257254997,-0.41125412572549974,2
1INCH,short,2023-04-20 14:25:00+00:00,2023-04-20 14:30:00+00:00,2023-04-20 15:05:00+00:00,243593,243594,243601,0.5136,0.514991715335504,0.514991715335504,0.5108165693289918,stop,-0.2702403347590532,-0.3502403347590532,8
1INCH,long,2023-04-20 15:15:00+00:00,2023-04-20 15:20:00+00:00,2023-04-20 15:45:00+00:00,243603,243604,243609,0.5165,0.5135576793721615,0.5135576793721615,0.522384641255677,stop,-0.5696651747993275,-0.6496651747993276,6
1INCH,short,2023-04-22 14:05:00+00:00,2023-04-22 14:10:00+00:00,2023-04-22 19:55:00+00:00,244165,244166,244235,0.4912,0.49319136956249365,0.49319136956249365,0.48691726087501264,stop,-0.4037721836576691,-0.4837721836576691,70
1INCH,long,2023-04-23 14:30:00+00:00,2023-04-23 14:35:00+00:00,2023-04-23 14:35:00+00:00,244458,244459,244459,0.5048,0.5035778926943025,0.5035778926943025,0.507244214611395,stop,-0.2420973268021931,-0.3220973268021931,1
1INCH,long,2023-04-23 15:05:00+00:00,2023-04-23 15:10:00+00:00,2023-04-23 16:05:00+00:00,244465,244466,244477,0.5049,0.5036224048956063,0.5036224048956063,0.5074551902087875,stop,-0.25303923636239567,-0.3330392363623957,12
1INCH,long,2023-04-23 16:30:00+00:00,2023-04-23 16:35:00+00:00,2023-04-23 18:30:00+00:00,244482,244483,244506,0.5052,0.5026900823190706,0.5026900823190706,0.5099198353618587,stop,-0.49681664309765283,-0.5768166430976529,24
1INCH,short,2023-04-24 14:40:00+00:00,2023-04-24 14:45:00+00:00,2023-04-24 15:50:00+00:00,244748,244749,244762,0.4905,0.48719096250135957,0.4921545187493202,0.48719096250135957,take_profit,0.6792074880968668,0.5992074880968667,14
1INCH,short,2023-04-25 14:05:00+00:00,2023-04-25 14:10:00+00:00,2023-04-25 14:55:00+00:00,245029,245030,245039,0.4766,0.4790009192825044,0.4790009192825044,0.4714981614349912,stop,-0.5012347963967767,-0.5812347963967768,10
1INCH,short,2023-04-25 15:55:00+00:00,2023-04-25 16:00:00+00:00,2023-04-25 22:25:00+00:00,245051,245052,245129,0.4763,0.4790874633148963,0.4790874633148963,0.47072507337020736,stop,-0.5818276470040185,-0.6618276470040185,78
1INCH,long,2023-04-26 14:10:00+00:00,2023-04-26 14:15:00+00:00,2023-04-26 15:15:00+00:00,245318,245319,245331,0.4924,0.49132996428899756,0.49132996428899756,0.49484007142200487,stop,-0.21731025812397053,-0.29731025812397055,13
1INCH,long,2023-04-26 17:25:00+00:00,2023-04-26 17:30:00+00:00,2023-04-26 18:55:00+00:00,245357,245358,245375,0.4934,0.49877600725211196,0.49056199637394404,0.49877600725211196,take_profit,1.0895839586769318,1.0095839586769317,18
1INCH,long,2023-04-27 14:20:00+00:00,2023-04-27 14:25:00+00:00,2023-04-27 14:55:00+00:00,245608,245609,245615,0.4892,0.48681552770003034,0.48681552770003034,0.49366894459993926,stop,-0.48742279230779006,-0.5674227923077901,7
1INCH,short,2023-04-28 14:05:00+00:00,2023-04-28 14:10:00+00:00,2023-04-28 15:20:00+00:00,245893,245894,245908,0.4885,0.4858290912051921,0.48983545439740395,0.4858290912051921,take_profit,0.5497630428392464,0.46976304283924636,15
1INCH,short,2023-04-28 16:55:00+00:00,2023-04-28 17:00:00+00:00,2023-04-28 17:15:00+00:00,245927,245928,245931,0.4885,0.48608624654107907,0.48955687672946047,0.48608624654107907,take_profit,0.49656896818144336,0.41656896818144334,4
1INCH,long,2023-04-29 18:00:00+00:00,2023-04-29 18:05:00+00:00,2023-04-29 18:25:00+00:00,246228,246229,246233,0.4869,0.4906863597227159,0.48500682013864205,0.4906863597227159,take_profit,0.7776462770005876,0.6976462770005876,5
1INCH,long,2023-04-29 18:35:00+00:00,2023-04-29 18:40:00+00:00,2023-04-29 18:50:00+00:00,246235,246236,246238,0.4864,0.49297068016284656,0.4831146599185767,0.49297068016284656,take_profit,1.3508799676904992,1.2708799676904992,3
1INCH,short,2023-04-30 16:45:00+00:00,2023-04-30 16:50:00+00:00,2023-04-30 17:25:00+00:00,246501,246502,246509,0.4754,0.47654997267238286,0.47654997267238286,0.47310005465523425,stop,-0.24131208442508267,-0.3213120844250827,8
1INCH,short,2023-04-30 18:15:00+00:00,2023-04-30 18:20:00+00:00,2023-04-30 18:35:00+00:00,246519,246520,246523,0.4754,0.47648957746948667,0.47648957746948667,0.47322084506102663,stop,-0.22866763954694225,-0.30866763954694226,4
1INCH,short,2023-04-30 19:40:00+00:00,2023-04-30 19:45:00+00:00,2023-04-30 19:45:00+00:00,246536,246537,246537,0.4752,0.4732875081783429,0.47630624591082854,0.4732875081783429,take_profit,0.40408668908633594,0.3240866890863359,1
1INCH,short,2023-05-01 14:25:00+00:00,2023-05-01 14:30:00+00:00,2023-05-01 14:40:00+00:00,246761,246762,246764,0.4624,0.45992056802637626,0.4637897159868119,0.45992056802637626,take_profit,0.539100041614482,0.459100041614482,3
1INCH,short,2023-05-01 17:05:00+00:00,2023-05-01 17:10:00+00:00,2023-05-01 18:00:00+00:00,246793,246794,246804,0.463,0.46466959937515945,0.46466959937515945,0.4596608012496812,stop,-0.3593089320679699,-0.4393089320679699,11
1INCH,short,2023-05-01 19:35:00+00:00,2023-05-01 19:40:00+00:00,2023-05-01 21:35:00+00:00,246823,246824,246847,0.4626,0.46385411947668737,0.46385411947668737,0.4600917610466253,stop,-0.2703693734793622,-0.3503693734793622,24
1INCH,long,2023-05-02 15:05:00+00:00,2023-05-02 15:10:00+00:00,2023-05-02 16:00:00+00:00,247057,247058,247068,0.4546,0.4567448637968483,0.45367756810157583,0.4567448637968483,take_profit,0.4718134176965094,0.3918134176965094,11
1INCH,long,2023-05-02 18:15:00+00:00,2023-05-02 18:20:00+00:00,2023-05-02 18:20:00+00:00,247095,247096,247096,0.4547,0.45309134525561245,0.45309134525561245,0.45791730948877507,stop,-0.35378375728778444,-0.43378375728778445,1
1INCH,long,2023-05-02 19:20:00+00:00,2023-05-02 19:25:00+00:00,2023-05-02 22:35:00+00:00,247108,247109,247147,0.4547,0.4524957852382579,0.4524957852382579,0.45940842952348415,stop,-0.4847624283576213,-0.5647624283576214,39
1INCH,short,2023-05-03 14:50:00+00:00,2023-05-03 14:55:00+00:00,2023-05-03 15:25:00+00:00,247342,247343,247349,0.4488,0.4499547535620741,0.4499547535620741,0.4467904928758519,stop,-0.25663770699886346,-0.3366377069988635,7
1INCH,short,2023-05-03 16:40:00+00:00,2023-05-03 16:45:00+00:00,2023-05-03 17:20:00+00:00,247364,247365,247372,0.4493,0.4502413021818047,0.4502413021818047,0.4471173956363906,stop,-0.20906615569102893,-0.28906615569102895,8
1INCH,short,2023-05-03 18:30:00+00:00,2023-05-03 18:35:00+00:00,2023-05-03 20:45:00+00:00,247386,247387,247413,0.4493,0.44685101209704553,0.4503744939514772,0.44685101209704553,take_profit,0.5480546841466261,0.46805468414662604,27
1INCH,long,2023-05-04 14:45:00+00:00,2023-05-04 14:50:00+00:00,2023-05-04 15:20:00+00:00,247629,247630,247636,0.4571,0.4553963511883879,0.4553963511883879,0.46050729762322423,stop,-0.3727081189263015,-0.45270811892630153,7
1INCH,long,2023-05-04 19:35:00+00:00,2023-05-04 19:40:00+00:00,2023-05-04 19:50:00+00:00,247687,247688,247690,0.4571,0.4554045771102594,0.4554045771102594,0.46049084577948124,stop,-0.3709085298054249,-0.4509085298054249,3
1INCH,long,2023-05-05 16:00:00+00:00,2023-05-05 16:05:00+00:00,2023-05-05 16:10:00+00:00,247932,247933,247934,0.4538,0.4517733532739029,0.4517733532739029,0.45785329345219417,stop,-0.44659469504122473,-0.5265946950412248,2
1INCH,long,2023-05-05 16:25:00+00:00,2023-05-05 16:30:00+00:00,2023-05-05 21:30:00+00:00,247937,247938,247998,0.4535,0.45223115620933096,0.45223115620933096,0.45573768758133815,stop,-0.27978914898987295,-0.35978914898987296,61
1INCH,short,2023-05-06 15:40:00+00:00,2023-05-06 15:45:00+00:00,2023-05-06 16:20:00+00:00,248216,248217,248224,0.4548,0.45664886518471504,0.45664886518471504,0.45140226963057,stop,-0.40487677199574357,-0.4848767719957436,8
1INCH,short,2023-05-06 16:45:00+00:00,2023-05-06 16:50:00+00:00,2023-05-06 20:40:00+00:00,248229,248230,248276,0.4541,0.45641166398233346,0.45641166398233346,0.4494766720353331,stop,-0.5064866138966506,-0.5864866138966507,47
1INCH,long,2023-05-07 14:35:00+00:00,2023-05-07 14:40:00+00:00,2023-05-07 15:10:00+00:00,248491,248492,248498,0.4476,0.4467939049936518,0.4467939049936518,0.4492121900126964,stop,-0.1800927181296208,-0.2600927181296208,7
1INCH,long,2023-05-07 15:20:00+00:00,2023-05-07 15:25:00+00:00,2023-05-07 21:40:00+00:00,248500,248501,248576,0.448,0.4508330474899039,0.4465834762550481,0.4508330474899039,take_profit,0.6323766718535406,0.5523766718535406,76
1INCH,short,2023-05-08 16:45:00+00:00,2023-05-08 16:50:00+00:00,2023-05-08 19:00:00+00:00,248805,248806,248832,0.4162,0.42153899745783047,0.42153899745783047,0.4055220050843391,stop,-1.2665488816048454,-1.3465488816048454,27
1INCH,long,2023-05-09 14:45:00+00:00,2023-05-09 14:50:00+00:00,2023-05-09 15:05:00+00:00,249069,249070,249073,0.4095,0.408321678268376,0.408321678268376,0.41215664346324804,stop,-0.28774645460902804,-0.36774645460902805,4
1INCH,long,2023-05-09 16:20:00+00:00,2023-05-09 16:25:00+00:00,2023-05-09 19:20:00+00:00,249088,249089,249124,0.4097,0.4153133950214695,0.40704330248926524,0.4153133950214695,take_profit,1.370123266162926,1.2901232661629258,36
1INCH,long,2023-05-10 14:10:00+00:00,2023-05-10 14:15:00+00:00,2023-05-10 14:25:00+00:00,249350,249351,249353,0.4154,0.4143643105478958,0.4143643105478958,0.4174713789042084,stop,-0.2493234116765053,-0.3293234116765053,3
1INCH,long,2023-05-10 14:35:00+00:00,2023-05-10 14:40:00+00:00,2023-05-10 15:15:00+00:00,249355,249356,249363,0.4161,0.4138201007323211,0.4138201007323211,0.4209597985353578,stop,-0.5479209967985788,-0.6279209967985788,8
1INCH,long,2023-05-10 15:55:00+00:00,2023-05-10 16:00:00+00:00,2023-05-10 17:05:00+00:00,249371,249372,249385,0.4156,0.41331674681424224,0.41331674681424224,0.42046650637151556,stop,-0.5493871958031193,-0.6293871958031194,14
1INCH,short,2023-05-11 14:30:00+00:00,2023-05-11 14:35:00+00:00,2023-05-11 17:00:00+00:00,249642,249643,249672,0.4115,0.40822044499968635,0.4131397775001568,0.40822044499968635,take_profit,0.8033784295924162,0.7233784295924162,30
1INCH,short,2023-05-12 14:45:00+00:00,2023-05-12 14:50:00+00:00,2023-05-12 17:00:00+00:00,249933,249934,249960,0.4016,0.40438472795177194,0.40438472795177194,0.39603054409645616,stop,-0.6886333135963651,-0.7686333135963652,27
1INCH,long,2023-05-12 18:00:00+00:00,2023-05-12 18:05:00+00:00,2023-05-12 22:40:00+00:00,249972,249973,250028,0.4054,0.41041279774871137,0.40304360112564436,0.41041279774871137,take_profit,1.2365065981034595,1.1565065981034595,56
1INCH,long,2023-05-13 16:40:00+00:00,2023-05-13 16:45:00+00:00,2023-05-13 20:25:00+00:00,250244,250245,250289,0.4132,0.41068780507786073,0.41068780507786073,0.41822438984427857,stop,-0.6079852183299317,-0.6879852183299318,45
1INCH,long,2023-05-14 15:20:00+00:00,2023-05-14 15:25:00+00:00,2023-05-14 16:25:00+00:00,250516,250517,250529,0.4105,0.40937827431426377,0.40937827431426377,0.4127434513714724,stop,-0.27325838872989117,-0.3532583887298912,13
1INCH,long,2023-05-14 17:20:00+00:00,2023-05-14 17:25:00+00:00,2023-05-14 18:20:00+00:00,250540,250541,250552,0.4105,0.4095553064117375,0.4095553064117375,0.4126893871765251,stop,-0.23013242101400655,-0.31013242101400657,12
1INCH,long,2023-05-15 15:20:00+00:00,2023-05-15 15:25:00+00:00,2023-05-15 23:10:00+00:00,250804,250805,250898,0.4172,0.4147876597209798,0.4147876597209798,0.42202468055804043,stop,-0.5782215433893123,-0.6582215433893124,94
1INCH,long,2023-05-16 14:05:00+00:00,2023-05-16 14:10:00+00:00,2023-05-16 16:25:00+00:00,251077,251078,251105,0.4172,0.4200599954522707,0.4156200022738647,0.4200599954522707,take_profit,0.6855214411003452,0.6055214411003451,28
1INCH,short,2023-05-18 14:45:00+00:00,2023-05-18 14:50:00+00:00,2023-05-18 21:05:00+00:00,251661,251662,251737,0.4114,0.4076848890057565,0.41325755549712173,0.4076848890057565,take_profit,0.9112702222797031,0.831270222279703,76
1INCH,long,2023-05-19 17:30:00+00:00,2023-05-19 17:35:00+00:00,2023-05-19 18:10:00+00:00,251982,251983,251990,0.4023,0.4010595354336202,0.4010595354336202,0.40448092913275957,stop,-0.308343168376779,-0.388343168376779,8
1INCH,short,2023-05-20 14:15:00+00:00,2023-05-20 14:20:00+00:00,2023-05-20 15:15:00+00:00,252231,252232,252243,0.3988,0.39998819131842955,0.39998819131842955,0.39642361736314086,stop,-0.29705659922436567,-0.3770565992243657,12
1INCH,long,2023-05-20 15:25:00+00:00,2023-05-20 15:30:00+00:00,2023-05-20 16:00:00+00:00,252245,252246,252252,0.4005,0.3996887916548252,0.3996887916548252,0.4021224166903497,stop,-0.2025489001684977,-0.2825489001684977,7
1INCH,long,2023-05-20 17:50:00+00:00,2023-05-20 17:55:00+00:00,2023-05-20 18:10:00+00:00,252274,252275,252278,0.4009,0.39955106293820813,0.39955106293820813,0.40359787412358367,stop,-0.33647719176648216,-0.4164771917664822,4
1INCH,long,2023-05-21 14:30:00+00:00,2023-05-21 14:35:00+00:00,2023-05-21 15:05:00+00:00,252522,252523,252529,0.4025,0.40174119754987314,0.40174119754987314,0.40431760490025376,stop,-0.18852234785761146,-0.2685223478576115,7
1INCH,short,2023-05-21 15:15:00+00:00,2023-05-21 15:20:00+00:00,2023-05-21 18:15:00+00:00,252531,252532,252567,0.401,0.3990636322375021,0.401968183881249,0.3990636322375021,take_profit,0.48522781984441377,0.40522781984441375,36
1INCH,long,2023-05-22 14:40:00+00:00,2023-05-22 14:45:00+00:00,2023-05-22 18:30:00+00:00,252812,252813,252858,0.394,0.39753297532614307,0.3923835123369285,0.39753297532614307,take_profit,0.8966942452139692,0.8166942452139692,46
1INCH,short,2023-05-24 15:20:00+00:00,2023-05-24 15:25:00+00:00,2023-05-24 18:05:00+00:00,253396,253397,253429,0.3907,0.3929075972071838,0.3929075972071838,0.3865848055856323,stop,-0.5618616750797334,-0.6418616750797335,33
1INCH,short,2023-05-24 18:55:00+00:00,2023-05-24 19:00:00+00:00,2023-05-24 22:25:00+00:00,253439,253440,253481,0.3914,0.3890989908237506,0.3927005045881247,0.3890989908237506,take_profit,0.5913685798511148,0.5113685798511147,42
1INCH,short,2023-05-26 14:05:00+00:00,2023-05-26 14:10:00+00:00,2023-05-26 14:35:00+00:00,253957,253958,253963,0.3899,0.38666735500105304,0.39136632249947345,0.38666735500105304,take_profit,0.836027390762828,0.7560273907628279,6
1INCH,short,2023-05-26 17:35:00+00:00,2023-05-26 17:40:00+00:00,2023-05-26 20:50:00+00:00,253999,254000,254038,0.3903,0.39123842616110405,0.39123842616110405,0.38842314767779185,stop,-0.23986042739003732,-0.31986042739003734,39
1INCH,long,2023-05-28 16:00:00+00:00,2023-05-28 16:05:00+00:00,2023-05-28 17:20:00+00:00,254556,254557,254572,0.3999,0.39915591841304615,0.39915591841304615,0.40168816317390776,stop,-0.18606691346682025,-0.26606691346682027,16
1INCH,long,2023-05-28 17:55:00+00:00,2023-05-28 18:00:00+00:00,2023-05-28 21:30:00+00:00,254579,254580,254622,0.4,0.3988672132812372,0.3988672132812372,0.40256557343752564,stop,-0.2831966796907004,-0.3631966796907004,43
1INCH,short,2023-05-29 18:05:00+00:00,2023-05-29 18:10:00+00:00,2023-05-29 18:40:00+00:00,254869,254870,254876,0.3979,0.3995276264332759,0.3995276264332759,0.39464474713344816,stop,-0.40738770627861687,-0.4873877062786169,7
1INCH,short,2023-05-29 19:45:00+00:00,2023-05-29 19:50:00+00:00,2023-05-30 01:00:00+00:00,254889,254890,254952,0.3967,0.39237227728843843,0.39901386135578076,0.39237227728843843,take_profit,1.1029634258233223,1.0229634258233222,63
1INCH,short,2023-05-30 14:10:00+00:00,2023-05-30 14:15:00+00:00,2023-05-30 16:05:00+00:00,255110,255111,255133,0.3944,0.39684023910847965,0.39684023910847965,0.38921952178304065,stop,-0.6149172558614024,-0.6949172558614025,23
1INCH,long,2023-05-30 18:15:00+00:00,2023-05-30 18:20:00+00:00,2023-05-30 21:30:00+00:00,255159,255160,255198,0.3973,0.39567053318480405,0.39567053318480405,0.4008589336303918,stop,-0.4101351158308453,-0.4901351158308453,39
1INCH,short,2023-06-01 15:55:00+00:00,2023-06-01 16:00:00+00:00,2023-06-01 17:55:00+00:00,255707,255708,255731,0.3712,0.37281809773846225,0.37281809773846225,0.36766380452307545,stop,-0.4340180233410762,-0.5140180233410763,24
1INCH,long,2023-06-02 14:45:00+00:00,2023-06-02 14:50:00+00:00,2023-06-02 15:05:00+00:00,255981,255982,255985,0.3688,0.366915277359242,0.366915277359242,0.37256944528151603,stop,-0.5110419307912117,-0.5910419307912118,4
1INCH,long,2023-06-02 15:20:00+00:00,2023-06-02 15:25:00+00:00,2023-06-02 15:50:00+00:00,255988,255989,255994,0.3679,0.36645205263299196,0.36645205263299196,0.37109589473401605,stop,-0.39357090704214004,-0.47357090704214005,6
1INCH,long,2023-06-02 17:50:00+00:00,2023-06-02 17:55:00+00:00,2023-06-02 18:40:00+00:00,256018,256019,256028,0.3679,0.3668845997443854,0.3668845997443854,0.3699308005112292,stop,-0.27599898222739894,-0.35599898222739895,10
1INCH,long,2023-06-04 18:30:00+00:00,2023-06-04 18:35:00+00:00,2023-06-04 20:15:00+00:00,256602,256603,256623,0.3746,0.3739772000585926,0.3739772000585926,0.3758455998828148,stop,-0.16625732552253414,-0.24625732552253413,21
1INCH,short,2023-06-07 14:45:00+00:00,2023-06-07 14:50:00+00:00,2023-06-07 18:50:00+00:00,257421,257422,257470,0.3295,0.32559405351648985,0.3313029732417551,0.32559405351648985,take_profit,1.1996369225190318,1.1196369225190317,49
1INCH,long,2023-06-08 14:05:00+00:00,2023-06-08 14:10:00+00:00,2023-06-08 15:00:00+00:00,257701,257702,257712,0.3193,0.31766780925730326,0.31766780925730326,0.3225643814853934,stop,-0.5111778085489238,-0.5911778085489239,11
1INCH,long,2023-06-08 15:40:00+00:00,2023-06-08 15:45:00+00:00,2023-06-08 21:50:00+00:00,257720,257721,257794,0.3202,0.3271717462212225,0.3167141268893887,0.3271717462212225,take_profit,2.1773098754598763,2.0973098754598762,74
1INCH,short,2023-06-09 16:25:00+00:00,2023-06-09 16:30:00+00:00,2023-06-09 17:15:00+00:00,258017,258018,258027,0.3189,0.320066473433867,0.320066473433867,0.316567053132266,stop,-0.3644472416471367,-0.4444472416471367,10
1INCH,long,2023-06-12 15:25:00+00:00,2023-06-12 15:30:00+00:00,2023-06-12 16:55:00+00:00,258869,258870,258887,0.2704,0.2679767319814991,0.2679767319814991,0.2752465360370018,stop,-0.8961790009248904,-0.9761790009248905,18
1INCH,long,2023-06-12 17:20:00+00:00,2023-06-12 17:25:00+00:00,2023-06-12 18:05:00+00:00,258892,258893,258901,0.2702,0.27391943829668974,0.2684902808516551,0.27391943829668974,take_profit,1.376550072794136,1.296550072794136,9
1INCH,long,2023-06-13 14:10:00+00:00,2023-06-13 14:15:00+00:00,2023-06-13 17:45:00+00:00,259142,259143,259185,0.272,0.27449555008965754,0.27090222495517124,0.27449555008965754,take_profit,0.9174816506093864,0.8374816506093863,43
1INCH,long,2023-06-13 19:20:00+00:00,2023-06-13 19:25:00+00:00,2023-06-13 20:05:00+00:00,259204,259205,259213,0.2717,0.2734820673446136,0.2709589663276932,0.2734820673446136,take_profit,0.6558952317311739,0.5758952317311739,9
1INCH,short,2023-06-15 14:40:00+00:00,2023-06-15 14:45:00+00:00,2023-06-15 14:55:00+00:00,259724,259725,259727,0.2583,0.25949045966879886,0.25949045966879886,0.2559190806624022,stop,-0.4587681837391333,-0.5387681837391334,3
1INCH,short,2023-06-15 15:30:00+00:00,2023-06-15 15:35:00+00:00,2023-06-15 18:25:00+00:00,259734,259735,259769,0.2581,0.2555373456598774,0.2593813271700613,0.2555373456598774,take_profit,1.0028492444049686,0.9228492444049685,35
1INCH,long,2023-06-16 14:55:00+00:00,2023-06-16 15:00:00+00:00,2023-06-16 18:30:00+00:00,260015,260016,260058,0.2633,0.26621968303006105,0.26184015848496944,0.26621968303006105,take_profit,1.108880755815056,1.028880755815056,43
1INCH,long,2023-06-17 14:10:00+00:00,2023-06-17 14:15:00+00:00,2023-06-17 14:40:00+00:00,260294,260295,260300,0.2775,0.27971444472033796,0.27639277763983106,0.27971444472033796,take_profit,0.7979980974190726,0.7179980974190725,6
1INCH,long,2023-06-18 14:20:00+00:00,2023-06-18 14:25:00+00:00,2023-06-18 15:00:00+00:00,260584,260585,260592,0.2775,0.27583722530481875,0.27583722530481875,0.2808255493903626,stop,-0.5991980883536141,-0.6791980883536142,8
1INCH,long,2023-06-18 16:10:00+00:00,2023-06-18 16:15:00+00:00,2023-06-18 16:45:00+00:00,260606,260607,260613,0.2774,0.27620974824224614,0.27620974824224614,0.27978050351550765,stop,-0.4290741736675652,-0.5090741736675652,7
1INCH,short,2023-06-18 17:00:00+00:00,2023-06-18 17:05:00+00:00,2023-06-18 18:30:00+00:00,260616,260617,260634,0.2759,0.2770511145289523,0.2770511145289523,0.27329777094209534,stop,-0.41548814229080966,-0.4954881422908097,18
1INCH,short,2023-06-19 16:30:00+00:00,2023-06-19 16:35:00+00:00,2023-06-19 17:05:00+00:00,260898,260899,260905,0.2751,0.2738837045323289,0.27570814773383556,0.2738837045323289,take_profit,0.4440919439687052,0.3640919439687052,7
1INCH,long,2023-06-20 14:05:00+00:00,2023-06-20 14:10:00+00:00,2023-06-20 14:35:00+00:00,261157,261158,261163,0.2776,0.27694525760925665,0.27694525760925665,0.27890948478148675,stop,-0.2358582099219575,-0.3158582099219575,6
1INCH,long,2023-06-20 19:15:00+00:00,2023-06-20 19:20:00+00:00,2023-06-20 22:55:00+00:00,261219,261220,261263,0.278,0.2764050886280934,0.2764050886280934,0.2811898227438133,stop,-0.5737091265851202,-0.6537091265851203,44
1INCH,long,2023-06-21 14:05:00+00:00,2023-06-21 14:10:00+00:00,2023-06-21 14:45:00+00:00,261445,261446,261453,0.2977,0.30018707456925603,0.296606462715372,0.30018707456925603,take_profit,0.8354298183594233,0.7554298183594232,8
1INCH,long,2023-06-22 14:15:00+00:00,2023-06-22 14:20:00+00:00,2023-06-22 14:50:00+00:00,261735,261736,261742,0.3123,0.3108675494877466,0.3108675494877466,0.31546490102450686,stop,-0.4586777176604051,-0.5386777176604052,7
1INCH,short,2023-06-22 15:00:00+00:00,2023-06-22 15:05:00+00:00,2023-06-22 18:15:00+00:00,261744,261745,261783,0.3084,0.31231017683617596,0.31231017683617596,0.3005796463276481,stop,-1.2520171054903106,-1.3320171054903107,39
1INCH,long,2023-06-22 18:40:00+00:00,2023-06-22 18:45:00+00:00,2023-06-22 20:05:00+00:00,261788,261789,261805,0.3125,0.3109375526221449,0.3109375526221449,0.3159248947557102,stop,-0.4999831609136307,-0.5799831609136308,17
1INCH,long,2023-06-23 14:30:00+00:00,2023-06-23 14:35:00+00:00,2023-06-23 15:50:00+00:00,262026,262027,262042,0.3077,0.3068158542591984,0.3068158542591984,0.3097682914816033,stop,-0.28734018225595737,-0.3673401822559574,16
1INCH,short,2023-06-23 16:05:00+00:00,2023-06-23 16:10:00+00:00,2023-06-23 16:30:00+00:00,262045,262046,262050,0.3058,0.3071290441296591,0.3071290441296591,0.3031419117406819,stop,-0.43273150327586274,-0.5127315032758628,5
1INCH,long,2023-06-23 16:45:00+00:00,2023-06-23 16:50:00+00:00,2023-06-23 20:45:00+00:00,262053,262054,262101,0.3078,0.31119506528123714,0.30625246735938144,0.31119506528123714,take_profit,1.103010162845064,1.0230101628450639,48
1INCH,long,2023-06-24 14:05:00+00:00,2023-06-24 14:10:00+00:00,2023-06-24 14:40:00+00:00,262309,262310,262316,0.3246,0.32333868147949757,0.32333868147949757,0.3274226370410048,stop,-0.3885762540056792,-0.4685762540056792,7
1INCH,long,2023-06-24 17:05:00+00:00,2023-06-24 17:10:00+00:00,2023-06-24 22:05:00+00:00,262345,262346,262405,0.3251,0.32290428507479174,0.32290428507479174,0.3297914298504165,stop,-0.675396777978543,-0.7553967779785431,60
1INCH,long,2023-06-25 14:25:00+00:00,2023-06-25 14:30:00+00:00,2023-06-25 20:00:00+00:00,262601,262602,262668,0.3446,0.3365978018749913,0.3365978018749913,0.36090439625001747,stop,-2.3221700885109553,-2.4021700885109554,67
1INCH,short,2023-06-26 14:20:00+00:00,2023-06-26 14:25:00+00:00,2023-06-26 15:20:00+00:00,262888,262889,262900,0.3178,0.32038989459801415,0.32038989459801415,0.3126202108039718,stop,-0.8083571428691871,-0.8883571428691872,12
1INCH,short,2023-06-28 14:05:00+00:00,2023-06-28 14:10:00+00:00,2023-06-28 16:30:00+00:00,263461,263462,263490,0.3119,0.3082603263949049,0.31371983680254756,0.3082603263949049,take_profit,1.1807142513799773,1.1007142513799772,29
1INCH,long,2023-06-29 14:10:00+00:00,2023-06-29 14:15:00+00:00,2023-06-29 15:05:00+00:00,263750,263751,263761,0.3008,0.29962966658556345,0.29962966658556345,0.3034406668288731,stop,-0.38907360852279416,-0.46907360852279417,11
1INCH,long,2023-06-29 16:10:00+00:00,2023-06-29 16:15:00+00:00,2023-06-29 19:20:00+00:00,263774,263775,263812,0.3013,0.3050734839037571,0.29941325804812147,0.3050734839037571,take_profit,1.2524008973637812,1.1724008973637812,38
1INCH,long,2023-06-30 19:50:00+00:00,2023-06-30 19:55:00+00:00,2023-06-30 20:20:00+00:00,264106,264107,264112,0.3231,0.3215352547232206,0.3215352547232206,0.32592949055355885,stop,-0.4842913267655291,-0.5642913267655292,6
1INCH,long,2023-07-01 15:50:00+00:00,2023-07-01 15:55:00+00:00,2023-07-01 17:15:00+00:00,264346,264347,264363,0.3153,0.31930161542025337,0.31329919228987335,0.31930161542025337,take_profit,1.2691453917708095,1.1891453917708095,17
1INCH,short,2023-07-02 14:55:00+00:00,2023-07-02 15:00:00+00:00,2023-07-02 16:50:00+00:00,264623,264624,264646,0.3208,0.32250303894572824,0.32250303894572824,0.3170939221085435,stop,-0.5280691156571926,-0.6080691156571927,23
1INCH,short,2023-07-02 17:30:00+00:00,2023-07-02 17:35:00+00:00,2023-07-02 20:35:00+00:00,264654,264655,264691,0.3209,0.3224662533610247,0.3224662533610247,0.31806749327795064,stop,-0.4857107820430251,-0.5657107820430252,37
1INCH,long,2023-07-03 14:10:00+00:00,2023-07-03 14:15:00+00:00,2023-07-03 15:05:00+00:00,264902,264903,264913,0.3278,0.3256815382570579,0.3256815382570579,0.3320369234858841,stop,-0.6462665475723162,-0.7262665475723162,11
1INCH,long,2023-07-03 16:35:00+00:00,2023-07-03 16:40:00+00:00,2023-07-03 18:10:00+00:00,264931,264932,264950,0.328,0.33275210269703287,0.3256239486514836,0.33275210269703287,take_profit,1.4488117978758597,1.3688117978758596,19
1INCH,short,2023-07-04 15:00:00+00:00,2023-07-04 15:05:00+00:00,2023-07-04 18:00:00+00:00,265200,265201,265236,0.3332,0.3277360511969251,0.33593197440153744,0.3277360511969251,take_profit,1.6671796658072724,1.5871796658072725,36
1INCH,long,2023-07-05 14:05:00+00:00,2023-07-05 14:10:00+00:00,2023-07-05 14:35:00+00:00,265477,265478,265483,0.329,0.32775372870430425,0.32775372870430425,0.3317925425913915,stop,-0.3788058649531245,-0.45880586495312453,6
1INCH,long,2023-07-05 14:55:00+00:00,2023-07-05 15:00:00+00:00,2023-07-05 15:40:00+00:00,265487,265488,265496,0.3292,0.32756814927761496,0.32756814927761496,0.33276370144477,stop,-0.49570192053007833,-0.5757019205300784,9
1INCH,long,2023-07-05 16:10:00+00:00,2023-07-05 16:15:00+00:00,2023-07-05 17:15:00+00:00,265502,265503,265515,0.3287,0.3275639199359121,0.3275639199359121,0.33127216012817573,stop,-0.34562825192816504,-0.42562825192816506,13
1INCH,short,2023-07-06 14:05:00+00:00,2023-07-06 14:10:00+00:00,2023-07-06 14:20:00+00:00,265765,265766,265768,0.313,0.3145333335954477,0.3145333335954477,0.30993333280910457,stop,-0.4874947840726729,-0.567494784072673,3
1INCH,long,2023-07-06 14:35:00+00:00,2023-07-06 14:40:00+00:00,2023-07-06 16:10:00+00:00,265771,265772,265790,0.3166,0.3217460331150577,0.3137269834424712,0.3217460331150577,take_profit,1.6254052795507512,1.5454052795507511,19
1INCH,long,2023-07-07 14:20:00+00:00,2023-07-07 14:25:00+00:00,2023-07-07 16:45:00+00:00,266056,266057,266085,0.3046,0.30157284579532556,0.30157284579532556,0.31095430840934896,stop,-0.9938129365313242,-1.0738129365313243,29
1INCH,short,2023-07-08 14:05:00+00:00,2023-07-08 14:10:00+00:00,2023-07-08 17:25:00+00:00,266341,266342,266381,0.3052,0.30639658731783076,0.30639658731783076,0.30280682536433856,stop,-0.39053545873521944,-0.47053545873521946,40
1INCH,long,2023-07-08 17:30:00+00:00,2023-07-08 17:35:00+00:00,2023-07-08 20:20:00+00:00,266382,266383,266416,0.3069,0.3057530034307862,0.3057530034307862,0.3091939931384276,stop,-0.3737362558533075,-0.4537362558533075,34
1INCH,short,2023-07-09 14:20:00+00:00,2023-07-09 14:25:00+00:00,2023-07-09 16:35:00+00:00,266632,266633,266659,0.3048,0.30300807029062155,0.30569596485468925,0.30300807029062155,take_profit,0.5913801925010675,0.5113801925010675,27
1INCH,short,2023-07-09 17:15:00+00:00,2023-07-09 17:20:00+00:00,2023-07-09 17:55:00+00:00,266667,266668,266675,0.3047,0.3058571970816162,0.3058571970816162,0.3023856058367677,stop,-0.3783455457833651,-0.4583455457833651,8
1INCH,short,2023-07-09 18:25:00+00:00,2023-07-09 18:30:00+00:00,2023-07-09 20:30:00+00:00,266681,266682,266706,0.3046,0.305760538913088,0.305760538913088,0.3022789221738239,stop,-0.37955810688112823,-0.45955810688112825,25
1INCH,short,2023-07-10 14:25:00+00:00,2023-07-10 14:30:00+00:00,2023-07-10 17:15:00+00:00,266921,266922,266955,0.2992,0.2958936686402529,0.3008531656798736,0.2958936686402529,take_profit,1.117405240517999,1.037405240517999,34
1INCH,long,2023-07-10 19:20:00+00:00,2023-07-10 19:25:00+00:00,2023-07-10 21:30:00+00:00,266980,266981,267006,0.3011,0.30406402805127947,0.29961798597436023,0.30406402805127947,take_profit,0.9843998841844837,0.9043998841844836,26
1INCH,long,2023-07-11 14:15:00+00:00,2023-07-11 14:20:00+00:00,2023-07-11 15:30:00+00:00,267207,267208,267222,0.3063,0.30976232455037767,0.3047188377248112,0.30976232455037767,take_profit,1.130370404955161,1.050370404955161,15
1INCH,long,2023-07-11 19:55:00+00:00,2023-07-11 20:00:00+00:00,2023-07-11 21:30:00+00:00,267275,267276,267294,0.3064,0.3052354692171039,0.3052354692171039,0.30902906156579213,stop,-0.3800687933733893,-0.4600687933733893,19
1INCH,short,2023-07-12 15:10:00+00:00,2023-07-12 15:15:00+00:00,2023-07-12 16:05:00+00:00,267506,267507,267517,0.3225,0.32530919611525977,0.32530919611525977,0.3168816077694805,stop,-0.863546480949906,-0.9435464809499061,11
1INCH,long,2023-07-12 18:30:00+00:00,2023-07-12 18:35:00+00:00,2023-07-12 20:35:00+00:00,267546,267547,267571,0.3289,0.3358053989495294,0.32544730052523535,0.3358053989495294,take_profit,2.0995436149374713,2.0195436149374713,25
1INCH,short,2023-07-15 14:35:00+00:00,2023-07-15 14:40:00+00:00,2023-07-15 15:10:00+00:00,268363,268364,268370,0.33,0.33083139769920483,0.33083139769920483,0.3280372046015904,stop,-0.2513055607741066,-0.3313055607741066,7
1INCH,long,2023-07-16 14:10:00+00:00,2023-07-16 14:15:00+00:00,2023-07-16 15:35:00+00:00,268646,268647,268663,0.3696,0.377075634007292,0.36601218299635396,0.377075634007292,take_profit,2.022628248726188,1.9426282487261883,17
1INCH,short,2023-07-18 14:45:00+00:00,2023-07-18 14:50:00+00:00,2023-07-18 15:05:00+00:00,269229,269230,269233,0.3877,0.38122751024592966,0.39093624487703516,0.38122751024592966,take_profit,1.6978023831215383,1.6178023831215385,4
1INCH,short,2023-07-19 14:10:00+00:00,2023-07-19 14:15:00+00:00,2023-07-19 14:55:00+00:00,269510,269511,269519,0.3558,0.3582825672143258,0.3582825672143258,0.35113486557134843,stop,-0.6929076213860852,-0.7729076213860853,9
1INCH,short,2023-07-19 15:20:00+00:00,2023-07-19 15:25:00+00:00,2023-07-19 17:45:00+00:00,269524,269525,269553,0.3554,0.3495161936076206,0.3581919031961897,0.3495161936076206,take_profit,1.6834145312834226,1.6034145312834227,29
1INCH,long,2023-07-21 14:05:00+00:00,2023-07-21 14:10:00+00:00,2023-07-21 14:45:00+00:00,270085,270086,270093,0.3363,0.3331871133590631,0.3331871133590631,0.3422257732818738,stop,-0.9256279039360327,-1.0056279039360327,8
1INCH,short,2023-07-22 14:05:00+00:00,2023-07-22 14:10:00+00:00,2023-07-22 16:55:00+00:00,270373,270374,270407,0.3345,0.33643866941531253,0.33643866941531253,0.330622661169375,stop,-0.5762326365996162,-0.6562326365996163,34
1INCH,short,2023-07-22 17:50:00+00:00,2023-07-22 17:55:00+00:00,2023-07-22 19:00:00+00:00,270418,270419,270432,0.3348,0.3320386880491857,0.33618065597540714,0.3320386880491857,take_profit,0.8316235577961573,0.7516235577961572,14
1INCH,long,2023-07-23 14:15:00+00:00,2023-07-23 14:20:00+00:00,2023-07-23 15:10:00+00:00,270663,270664,270674,0.3301,0.32794221580381216,0.32794221580381216,0.33471556839237565,stop,-0.6536759152341198,-0.7336759152341199,11
1INCH,short,2023-07-23 16:10:00+00:00,2023-07-23 16:15:00+00:00,2023-07-23 17:05:00+00:00,270686,270687,270697,0.3257,0.3278307241431694,0.3278307241431694,0.32113855171366124,stop,-0.649946446825056,-0.729946446825056,11
1INCH,short,2023-07-23 17:10:00+00:00,2023-07-23 17:15:00+00:00,2023-07-23 17:40:00+00:00,270698,270699,270704,0.327,0.32829070891451134,0.32829070891451134,0.3241185821709774,stop,-0.39316035436367525,-0.47316035436367526,6
1INCH,short,2023-07-24 15:45:00+00:00,2023-07-24 15:50:00+00:00,2023-07-24 16:25:00+00:00,270969,270970,270977,0.316,0.31790865941446955,0.31790865941446955,0.31188268117106094,stop,-0.6003798128635274,-0.6803798128635274,8
1INCH,short,2023-07-24 17:10:00+00:00,2023-07-24 17:15:00+00:00,2023-07-24 18:35:00+00:00,270986,270987,271003,0.3165,0.31412182355626495,0.31768908822186753,0.31412182355626495,take_profit,0.7570873035216197,0.6770873035216196,17
1INCH,long,2023-07-25 14:15:00+00:00,2023-07-25 14:20:00+00:00,2023-07-25 15:45:00+00:00,271239,271240,271257,0.3033,0.3022247258153874,0.3022247258153874,0.30545054836922525,stop,-0.35452495371336434,-0.43452495371336436,18
1INCH,long,2023-07-25 16:55:00+00:00,2023-07-25 17:00:00+00:00,2023-07-25 22:25:00+00:00,271271,271272,271337,0.3034,0.30156051933206035,0.30156051933206035,0.3070789613358793,stop,-0.6062889479036437,-0.6862889479036438,66
1INCH,long,2023-07-26 14:40:00+00:00,2023-07-26 14:45:00+00:00,2023-07-26 15:40:00+00:00,271532,271533,271544,0.3033,0.3015036610471665,0.3015036610471665,0.306892677905667,stop,-0.5922647388175051,-0.6722647388175051,12
1INCH,short,2023-07-26 16:15:00+00:00,2023-07-26 16:20:00+00:00,2023-07-26 23:00:00+00:00,271551,271552,271632,0.3002,0.30190957887714465,0.30190957887714465,0.29708084224571074,stop,-0.5662552620896766,-0.6462552620896767,81
1INCH,long,2023-07-27 14:05:00+00:00,2023-07-27 14:10:00+00:00,2023-07-27 14:40:00+00:00,271813,271814,271820,0.3083,0.30683433889276385,0.30683433889276385,0.31123132221447236,stop,-0.47540094298935687,-0.5554009429893569,7
1INCH,long,2023-07-27 14:45:00+00:00,2023-07-27 14:50:00+00:00,2023-07-27 15:40:00+00:00,271821,271822,271832,0.3089,0.3065354580996111,0.3065354580996111,0.31362908380077786,stop,-0.7654716414337792,-0.8454716414337793,11
1INCH,long,2023-07-27 17:25:00+00:00,2023-07-27 17:30:00+00:00,2023-07-27 17:55:00+00:00,271853,271854,271859,0.3085,0.31217983180287456,0.3066600840985627,0.31217983180287456,take_profit,1.1928141986627505,1.1128141986627504,6
1INCH,short,2023-07-28 14:10:00+00:00,2023-07-28 14:15:00+00:00,2023-07-28 14:50:00+00:00,272102,272103,272110,0.3044,0.3022986983449627,0.30530065082751867,0.3022986983449627,take_profit,0.6951077416282647,0.6151077416282646,8
1INCH,short,2023-07-28 16:30:00+00:00,2023-07-28 16:35:00+00:00,2023-07-28 16:45:00+00:00,272130,272131,272133,0.3039,0.305145971962139,0.305145971962139,0.301408056075722,stop,-0.40831997687112986,-0.4883199768711299,3
1INCH,short,2023-07-28 17:05:00+00:00,2023-07-28 17:10:00+00:00,2023-07-28 17:15:00+00:00,272137,272138,272139,0.3034,0.3051375731419364,0.3051375731419364,0.2999248537161272,stop,-0.5694392611322763,-0.6494392611322763,2
1INCH,long,2023-07-28 17:50:00+00:00,2023-07-28 17:55:00+00:00,2023-07-28 19:15:00+00:00,272146,272147,272163,0.3058,0.30766872312101406,0.304715638439493,0.30766872312101406,take_profit,0.6110932377416667,0.5310932377416666,17
1INCH,long,2023-07-31 19:50:00+00:00,2023-07-31 19:55:00+00:00,2023-07-31 20:10:00+00:00,273034,273035,273038,0.3182,0.31639588670364227,0.31639588670364227,0.32150822659271544,stop,-0.566974637447426,-0.6469746374474261,4
1INCH,short,2023-08-02 14:25:00+00:00,2023-08-02 14:30:00+00:00,2023-08-02 17:15:00+00:00,273545,273546,273579,0.3136,0.31088526232616887,0.31480736883691557,0.31088526232616887,take_profit,0.8732281657606977,0.7932281657606977,34
1INCH,short,2023-08-02 18:30:00+00:00,2023-08-02 18:35:00+00:00,2023-08-02 22:55:00+00:00,273594,273595,273647,0.314,0.3152294023439911,0.3152294023439911,0.3112411953120178,stop,-0.39000243468708673,-0.47000243468708675,53
1INCH,short,2023-08-03 17:15:00+00:00,2023-08-03 17:20:00+00:00,2023-08-03 23:45:00+00:00,273867,273868,273945,0.3113,0.313987494200423,0.313987494200423,0.30562501159915395,stop,-0.8559239619612025,-0.9359239619612025,78
1INCH,short,2023-08-04 14:35:00+00:00,2023-08-04 14:40:00+00:00,2023-08-04 14:55:00+00:00,274123,274124,274127,0.3091,0.3060869492739859,0.310756525363007,0.3060869492739859,take_profit,0.9843773911827336,0.9043773911827335,4
1INCH,long,2023-08-05 18:10:00+00:00,2023-08-05 18:15:00+00:00,2023-08-05 18:45:00+00:00,274454,274455,274461,0.3035,0.3022822340227031,0.3022822340227031,0.3059355319545938,stop,-0.40124084919173075,-0.48124084919173077,7
1INCH,long,2023-08-05 19:10:00+00:00,2023-08-05 19:15:00+00:00,2023-08-05 19:45:00+00:00,274466,274467,274473,0.3034,0.3025391062543945,0.3025391062543945,0.305121787491211,stop,-0.2837487625594881,-0.3637487625594881,7
1INCH,long,2023-08-05 19:50:00+00:00,2023-08-05 19:55:00+00:00,2023-08-05 21:10:00+00:00,274474,274475,274490,0.3032,0.3017821781814954,0.3017821781814954,0.30633564363700927,stop,-0.46761933327988947,-0.5476193332798895,16
1INCH,short,2023-08-07 14:25:00+00:00,2023-08-07 14:30:00+00:00,2023-08-07 14:50:00+00:00,274985,274986,274990,0.3067,0.307330244697537,0.307330244697537,0.30513951060492595,stop,-0.20507083452111496,-0.285070834521115,5
1INCH,short,2023-08-07 15:00:00+00:00,2023-08-07 15:05:00+00:00,2023-08-07 15:40:00+00:00,274992,274993,275000,0.3064,0.3041300600060205,0.30753496999698976,0.3041300600060205,take_profit,0.7463714681589018,0.6663714681589017,8
1INCH,short,2023-08-09 15:00:00+00:00,2023-08-09 15:05:00+00:00,2023-08-09 16:00:00+00:00,275568,275569,275580,0.3034,0.30450457617476256,0.30450457617476256,0.3011908476504749,stop,-0.36274534479527887,-0.4427453447952789,12
1INCH,short,2023-08-10 17:05:00+00:00,2023-08-10 17:10:00+00:00,2023-08-10 17:25:00+00:00,275881,275882,275885,0.3058,0.30678481359848725,0.30678481359848725,0.30383037280302555,stop,-0.32101119574196035,-0.40101119574196037,4
1INCH,short,2023-08-10 18:00:00+00:00,2023-08-10 18:05:00+00:00,2023-08-10 18:50:00+00:00,275892,275893,275902,0.3057,0.3067488293488631,0.3067488293488631,0.30330234130227374,stop,-0.3419179630088309,-0.42191796300883094,10
1INCH,long,2023-08-10 19:30:00+00:00,2023-08-10 19:35:00+00:00,2023-08-10 20:35:00+00:00,275910,275911,275923,0.3072,0.30623997364784367,0.30623997364784367,0.3094200527043127,stop,-0.3125085781758852,-0.3925085781758852,13
1INCH,long,2023-08-11 14:55:00+00:00,2023-08-11 15:00:00+00:00,2023-08-11 18:15:00+00:00,276143,276144,276183,0.3086,0.30769516649472867,0.30769516649472867,0.3104096670105426,stop,-0.29320593171462406,-0.3732059317146241,40
1INCH,long,2023-08-11 18:40:00+00:00,2023-08-11 18:45:00+00:00,2023-08-12 00:10:00+00:00,276188,276189,276254,0.3086,0.3076401677586171,0.3076401677586171,0.31081966448276577,stop,-0.31102794600872397,-0.391027946008724,66
1INCH,short,2023-08-12 15:45:00+00:00,2023-08-12 15:50:00+00:00,2023-08-12 18:35:00+00:00,276441,276442,276475,0.306,0.3067711668563702,0.3067711668563702,0.30415766628725965,stop,-0.25138179193067156,-0.3313817919306716,34
1INCH,long,2023-08-12 19:15:00+00:00,2023-08-12 19:20:00+00:00,2023-08-12 20:15:00+00:00,276483,276484,276495,0.3073,0.30666651198240463,0.30666651198240463,0.3085669760351908,stop,-0.2061464424325976,-0.2861464424325976,12
1INCH,short,2023-08-13 14:15:00+00:00,2023-08-13 14:20:00+00:00,2023-08-13 17:05:00+00:00,276711,276712,276745,0.3053,0.30614301276514605,0.30614301276514605,0.30361397446970795,stop,-0.2753656722496389,-0.35536567224963894,34
1INCH,long,2023-08-13 17:25:00+00:00,2023-08-13 17:30:00+00:00,2023-08-13 19:30:00+00:00,276749,276750,276774,0.3067,0.3077926187928215,0.30600369060358923,0.3077926187928215,take_profit,0.3562500139620228,0.2762500139620228,25
1INCH,short,2023-08-15 14:10:00+00:00,2023-08-15 14:15:00+00:00,2023-08-15 14:20:00+00:00,277286,277287,277288,0.3055,0.30646392498290603,0.30646392498290603,0.3038721500341879,stop,-0.3145313050988974,-0.3945313050988974,2
1INCH,short,2023-08-15 14:35:00+00:00,2023-08-15 14:40:00+00:00,2023-08-15 17:40:00+00:00,277291,277292,277328,0.3055,0.30679928898427394,0.30679928898427394,0.30320142203145206,stop,-0.42349804283299264,-0.5034980428329927,37
1INCH,short,2023-08-15 18:30:00+00:00,2023-08-15 18:35:00+00:00,2023-08-15 20:35:00+00:00,277338,277339,277363,0.3059,0.30377531981464806,0.306962340092676,0.30377531981464806,take_profit,0.6994248863430919,0.6194248863430918,25
1INCH,short,2023-08-16 14:15:00+00:00,2023-08-16 14:20:00+00:00,2023-08-16 15:30:00+00:00,277575,277576,277590,0.2836,0.28074516869067345,0.28487741565466324,0.28074516869067345,take_profit,1.0168763803276804,0.9368763803276803,15
1INCH,long,2023-08-17 14:20:00+00:00,2023-08-17 14:25:00+00:00,2023-08-17 19:40:00+00:00,277864,277865,277928,0.2683,0.26726612377517206,0.26726612377517206,0.27066775244965596,stop,-0.3853433562534203,-0.4653433562534203,64
1INCH,long,2023-08-17 19:55:00+00:00,2023-08-17 20:00:00+00:00,2023-08-17 22:00:00+00:00,277931,277932,277956,0.2681,0.26660617751743454,0.26660617751743454,0.27108764496513094,stop,-0.5571885425458611,-0.6371885425458612,25
1INCH,long,2023-08-19 17:10:00+00:00,2023-08-19 17:15:00+00:00,2023-08-20 00:10:00+00:00,278474,278475,278558,0.2439,0.24611704512658464,0.24264147743670766,0.24611704512658464,take_profit,0.9089975918756155,0.8289975918756154,84
1INCH,long,2023-08-20 14:20:00+00:00,2023-08-20 14:25:00+00:00,2023-08-20 14:50:00+00:00,278728,278729,278734,0.2494,0.24839065162507934,0.24839065162507934,0.25141869674984135,stop,-0.4047106555415736,-0.4847106555415736,6
1INCH,short,2023-08-20 15:30:00+00:00,2023-08-20 15:35:00+00:00,2023-08-20 17:35:00+00:00,278742,278743,278767,0.2471,0.24849320059356708,0.24849320059356708,0.2443135988128658,stop,-0.5606594426886602,-0.6406594426886603,25
1INCH,long,2023-08-20 17:50:00+00:00,2023-08-20 17:55:00+00:00,2023-08-20 18:00:00+00:00,278770,278771,278772,0.2492,0.2484541668300185,0.2484541668300185,0.25039166633996296,stop,-0.299290999190005,-0.37929099919000503,2
1INCH,short,2023-08-21 15:45:00+00:00,2023-08-21 15:50:00+00:00,2023-08-21 19:05:00+00:00,279033,279034,279073,0.2461,0.24293115453457903,0.24753442273271048,0.24293115453457903,take_profit,1.3044211935237415,1.2244211935237415,40
1INCH,long,2023-08-22 15:50:00+00:00,2023-08-22 15:55:00+00:00,2023-08-22 17:15:00+00:00,279322,279323,279339,0.2434,0.24558310318449078,0.24230844840775462,0.24558310318449078,take_profit,0.8969199607603784,0.8169199607603783,17
1INCH,long,2023-08-23 15:05:00+00:00,2023-08-23 15:10:00+00:00,2023-08-23 17:50:00+00:00,279601,279602,279634,0.2459,0.244989093549532,0.244989093549532,0.248021812900936,stop,-0.3704377594420549,-0.45043775944205494,33
1INCH,long,2023-08-24 14:05:00+00:00,2023-08-24 14:10:00+00:00,2023-08-24 14:40:00+00:00,279877,279878,279884,0.254,0.25300182498628276,0.25300182498628276,0.2559963500274345,stop,-0.3929822888650514,-0.4729822888650514,7
1INCH,long,2023-08-24 16:15:00+00:00,2023-08-24 16:20:00+00:00,2023-08-24 17:05:00+00:00,279903,279904,279913,0.2536,0.2529153565809811,0.2529153565809811,0.2552692868380378,stop,-0.2699698024522523,-0.34996980245225234,10
1INCH,short,2023-08-24 17:50:00+00:00,2023-08-24 17:55:00+00:00,2023-08-24 17:55:00+00:00,279922,279923,279923,0.2515,0.25224759589642837,0.25224759589642837,0.2497048082071433,stop,-0.2963738440287522,-0.37637384402875224,1
1INCH,long,2023-08-27 14:45:00+00:00,2023-08-27 14:50:00+00:00,2023-08-27 23:30:00+00:00,280749,280750,280854,0.2427,0.2440384911250074,0.24188075443749632,0.2440384911250074,take_profit,0.5515002575226191,0.4715002575226191,105
1INCH,short,2023-08-28 14:20:00+00:00,2023-08-28 14:25:00+00:00,2023-08-28 14:30:00+00:00,281032,281033,281034,0.2418,0.2390106985480047,0.24319465072599764,0.2390106985480047,take_profit,1.1670194970101244,1.0870194970101243,2
1INCH,short,2023-08-28 15:15:00+00:00,2023-08-28 15:20:00+00:00,2023-08-28 18:15:00+00:00,281043,281044,281079,0.2419,0.23926581286813878,0.2430670935659306,0.23926581286813878,take_profit,1.1009458895462565,1.0209458895462564,36
1INCH,short,2023-08-29 15:10:00+00:00,2023-08-29 15:15:00+00:00,2023-08-29 16:55:00+00:00,281330,281331,281351,0.2439,0.2425137772651125,0.24444311136744373,0.2425137772651125,take_profit,0.5716057662868756,0.49160576628687563,21
1INCH,short,2023-08-30 14:10:00+00:00,2023-08-30 14:15:00+00:00,2023-08-30 14:35:00+00:00,281606,281607,281611,0.2563,0.2573413191111033,0.2573413191111033,0.2542173617777933,stop,-0.4046451283844399,-0.4846451283844399,5
1INCH,short,2023-08-30 15:45:00+00:00,2023-08-30 15:50:00+00:00,2023-08-30 16:20:00+00:00,281625,281626,281632,0.2562,0.2571252944521719,0.2571252944521719,0.2543494110956561,stop,-0.3598613096946979,-0.4398613096946979,7
1INCH,long,2023-08-30 16:50:00+00:00,2023-08-30 16:55:00+00:00,2023-08-30 18:25:00+00:00,281638,281639,281657,0.258,0.2569216250537949,0.2569216250537949,0.2601567498924102,stop,-0.41797478535081645,-0.49797478535081646,19
1INCH,short,2023-08-31 17:50:00+00:00,2023-08-31 17:55:00+00:00,2023-08-31 20:20:00+00:00,281938,281939,281968,0.2542,0.2548083763790685,0.2548083763790685,0.252683247241863,stop,-0.23875839080088612,-0.31875839080088614,30
1INCH,short,2023-09-01 14:10:00+00:00,2023-09-01 14:15:00+00:00,2023-09-01 15:50:00+00:00,282182,282183,282202,0.2431,0.24131873971842516,0.2438406301407874,0.24131873971842516,take_profit,0.7381359125500309,0.6581359125500308,20
1INCH,short,2023-09-02 14:40:00+00:00,2023-09-02 14:45:00+00:00,2023-09-02 17:25:00+00:00,282476,282477,282509,0.2344,0.23247630458254237,0.23521184770872883,0.23247630458254237,take_profit,0.8274802117626656,0.7474802117626655,33
1INCH,short,2023-09-02 19:50:00+00:00,2023-09-02 19:55:00+00:00,2023-09-03 00:25:00+00:00,282538,282539,282593,0.2344,0.235271459859895,0.235271459859895,0.23265708028020998,stop,-0.3704061089321975,-0.4504061089321975,55
1INCH,long,2023-09-03 14:30:00+00:00,2023-09-03 14:35:00+00:00,2023-09-03 16:25:00+00:00,282762,282763,282785,0.2357,0.23471186814745892,0.23471186814745892,0.23767626370508213,stop,-0.4192328606453355,-0.4992328606453355,23
1INCH,long,2023-09-05 14:15:00+00:00,2023-09-05 14:20:00+00:00,2023-09-05 17:55:00+00:00,283335,283336,283379,0.2365,0.23856996587551757,0.23561501706224122,0.23856996587551757,take_profit,0.875249841656478,0.7952498416564779,44
1INCH,short,2023-09-06 14:05:00+00:00,2023-09-06 14:10:00+00:00,2023-09-06 16:10:00+00:00,283621,283622,283646,0.2428,0.24391283442728473,0.24391283442728473,0.24087433114543055,stop,-0.4562426695986388,-0.5362426695986389,25
1INCH,short,2023-09-06 17:05:00+00:00,2023-09-06 17:10:00+00:00,2023-09-06 18:00:00+00:00,283657,283658,283668,0.2431,0.24441270479620528,0.24441270479620528,0.24017459040758943,stop,-0.5370853357642869,-0.6170853357642869,11
1INCH,long,2023-09-06 18:25:00+00:00,2023-09-06 18:30:00+00:00,2023-09-06 19:05:00+00:00,283673,283674,283681,0.2454,0.2483322010443001,0.24408389947784995,0.2483322010443001,take_profit,1.1948659512225346,1.1148659512225345,8
1INCH,short,2023-09-07 15:15:00+00:00,2023-09-07 15:20:00+00:00,2023-09-07 19:45:00+00:00,283923,283924,283977,0.2441,0.24264904246141875,0.24482547876929064,0.24264904246141875,take_profit,0.5979654911731025,0.5179654911731024,54
1INCH,long,2023-09-08 14:25:00+00:00,2023-09-08 14:30:00+00:00,2023-09-08 14:55:00+00:00,284201,284202,284207,0.2474,0.2468686232143203,0.2468686232143203,0.24846275357135944,stop,-0.21478447278888702,-0.29478447278888703,6
1INCH,short,2023-09-08 15:00:00+00:00,2023-09-08 15:05:00+00:00,2023-09-08 16:25:00+00:00,284208,284209,284225,0.2462,0.24701853977617166,0.24701853977617166,0.24486292044765665,stop,-0.33136774952736703,-0.41136774952736704,17
1INCH,short,2023-09-08 17:15:00+00:00,2023-09-08 17:20:00+00:00,2023-09-08 19:05:00+00:00,284235,284236,284257,0.2461,0.24376981963793712,0.24726509018103146,0.24376981963793712,take_profit,0.9558937055964556,0.8758937055964555,22
1INCH,short,2023-09-11 14:05:00+00:00,2023-09-11 14:10:00+00:00,2023-09-11 14:55:00+00:00,285061,285062,285071,0.2363,0.237038401841731,0.237038401841731,0.23452319631653798,stop,-0.3115114833688537,-0.3915114833688537,10
1INCH,short,2023-09-11 15:35:00+00:00,2023-09-11 15:40:00+00:00,2023-09-11 17:05:00+00:00,285079,285080,285097,0.2362,0.23397185567146464,0.2371640721642677,0.23397185567146464,take_profit,0.9523129703531641,0.872312970353164,18
1INCH,long,2023-09-12 19:15:00+00:00,2023-09-12 19:20:00+00:00,2023-09-12 19:20:00+00:00,285411,285412,285412,0.231,0.23413438588132482,0.2294328070593376,0.23413438588132482,take_profit,1.3568770049025236,1.2768770049025235,1
1INCH,short,2023-09-13 14:05:00+00:00,2023-09-13 14:10:00+00:00,2023-09-13 15:50:00+00:00,285637,285638,285658,0.2286,0.22963229687719305,0.22963229687719305,0.22653540624561389,stop,-0.44954341842651235,-0.5295434184265124,21
1INCH,long,2023-09-13 16:05:00+00:00,2023-09-13 16:10:00+00:00,2023-09-13 16:35:00+00:00,285661,285662,285667,0.2299,0.23169577736413893,0.22900211131793052,0.23169577736413893,take_profit,0.7811123810956611,0.701112381095661,6
1INCH,short,2023-09-14 14:35:00+00:00,2023-09-14 14:40:00+00:00,2023-09-14 15:05:00+00:00,285931,285932,285937,0.2326,0.23330153371932505,0.23330153371932505,0.23149693256134987,stop,-0.3006982886657905,-0.38069828866579053,6
1INCH,long,2023-09-15 14:10:00+00:00,2023-09-15 14:15:00+00:00,2023-09-15 15:10:00+00:00,286214,286215,286226,0.249,0.24727445116783606,0.24727445116783606,0.2521510976643279,stop,-0.6929914988610175,-0.7729914988610176,12
1INCH,long,2023-09-16 15:05:00+00:00,2023-09-16 15:10:00+00:00,2023-09-16 15:20:00+00:00,286513,286514,286516,0.259,0.2577813789402146,0.2577813789402146,0.2611372421195709,stop,-0.47051006169321896,-0.550510061693219,3
1INCH,short,2023-09-17 14:35:00+00:00,2023-09-17 14:40:00+00:00,2023-09-17 15:35:00+00:00,286795,286796,286807,0.2505,0.2515086189400862,0.2515086189400862,0.24878276211982758,stop,-0.4010275847947997,-0.48102758479479973,12
1INCH,short,2023-09-17 16:30:00+00:00,2023-09-17 16:35:00+00:00,2023-09-17 16:50:00+00:00,286818,286819,286822,0.2507,0.24973393580164632,0.2511830320991768,0.24973393580164632,take_profit,0.3868373736443109,0.3068373736443109,4
1INCH,long,2023-09-17 18:45:00+00:00,2023-09-17 18:50:00+00:00,2023-09-17 19:25:00+00:00,286845,286846,286853,0.2525,0.25363874238576795,0.25178062880711605,0.25363874238576795,take_profit,0.45098708347244276,0.37098708347244275,8
1INCH,long,2023-09-18 14:35:00+00:00,2023-09-18 14:40:00+00:00,2023-09-18 16:00:00+00:00,287083,287084,287100,0.2503,0.24933120082957216,0.24933120082957216,0.2519375983408556,stop,-0.387055201928832,-0.46705520192883204,17
1INCH,long,2023-09-18 16:20:00+00:00,2023-09-18 16:25:00+00:00,2023-09-18 17:10:00+00:00,287104,287105,287114,0.25,0.25128478962492545,0.24950760518753726,0.25128478962492545,take_profit,0.5139158499701812,0.43391584997018123,10
1INCH,long,2023-09-18 17:45:00+00:00,2023-09-18 17:50:00+00:00,2023-09-18 18:30:00+00:00,287121,287122,287130,0.2502,0.25181804649256084,0.2495409767537196,0.25181804649256084,take_profit,0.6467012360355184,0.5667012360355184,9
1INCH,short,2023-09-19 15:15:00+00:00,2023-09-19 15:20:00+00:00,2023-09-19 15:55:00+00:00,287379,287380,287387,0.2486,0.24939941468219465,0.24939941468219465,0.2467011706356107,stop,-0.32053590952221267,-0.4005359095222127,8
1INCH,short,2023-09-20 14:05:00+00:00,2023-09-20 14:10:00+00:00,2023-09-20 15:15:00+00:00,287653,287654,287667,0.2491,0.2498270624455759,0.2498270624455759,0.2473458751088482,stop,-0.29102629573379835,-0.37102629573379836,14
1INCH,short,2023-09-20 15:40:00+00:00,2023-09-20 15:45:00+00:00,2023-09-20 16:20:00+00:00,287672,287673,287680,0.2492,0.24999067236971514,0.24999067236971514,0.24731865526056968,stop,-0.31628074848560894,-0.39628074848560896,8
1INCH,short,2023-09-20 18:45:00+00:00,2023-09-20 18:50:00+00:00,2023-09-21 03:30:00+00:00,287709,287710,287814,0.2491,0.25187464912509994,0.25187464912509994,0.2435507017498001,stop,-1.101599202118131,-1.181599202118131,105
1INCH,long,2023-09-21 16:35:00+00:00,2023-09-21 16:40:00+00:00,2023-09-21 16:50:00+00:00,287971,287972,287974,0.2656,0.262749020091033,0.262749020091033,0.271301959817934,stop,-1.0734111103038346,-1.1534111103038347,3
1INCH,long,2023-09-21 17:05:00+00:00,2023-09-21 17:10:00+00:00,2023-09-21 19:10:00+00:00,287977,287978,288002,0.2714,0.26105226671558235,0.26105226671558235,0.2920954665688352,stop,-3.812724128377898,-3.892724128377898,25
1INCH,long,2023-09-22 17:35:00+00:00,2023-09-22 17:40:00+00:00,2023-09-22 22:15:00+00:00,288271,288272,288327,0.2606,0.2634418000268766,0.2591790999865617,0.2634418000268766,take_profit,1.0904835099296406,1.0104835099296405,56
1INCH,long,2023-09-23 15:05:00+00:00,2023-09-23 15:10:00+00:00,2023-09-23 18:00:00+00:00,288529,288530,288564,0.2622,0.26051137936028385,0.26051137936028385,0.2655772412794323,stop,-0.6440200761693937,-0.7240200761693938,35
1INCH,long,2023-09-24 14:05:00+00:00,2023-09-24 14:10:00+00:00,2023-09-24 16:00:00+00:00,288805,288806,288828,0.2598,0.2585503239635528,0.2585503239635528,0.2622993520728943,stop,-0.4810146406648008,-0.5610146406648009,23
1INCH,short,2023-09-24 16:55:00+00:00,2023-09-24 17:00:00+00:00,2023-09-24 17:00:00+00:00,288839,288840,288840,0.2582,0.25878554727044656,0.25878554727044656,0.25702890545910684,stop,-0.22626737722514223,-0.30626737722514225,1
1INCH,long,2023-09-24 17:55:00+00:00,2023-09-24 18:00:00+00:00,2023-09-24 18:15:00+00:00,288851,288852,288855,0.2595,0.2587192423402943,0.2587192423402943,0.2613615153194114,stop,-0.30087000374015016,-0.3808700037401502,4
1INCH,short,2023-09-25 14:20:00+00:00,2023-09-25 14:25:00+00:00,2023-09-25 19:55:00+00:00,289096,289097,289163,0.2565,0.2581430567882477,0.2581430567882477,0.25351388642350453,stop,-0.6364907926210472,-0.7164907926210473,67
1INCH,long,2023-09-26 14:05:00+00:00,2023-09-26 14:10:00+00:00,2023-09-26 15:15:00+00:00,289381,289382,289395,0.2676,0.266171895750352,0.266171895750352,0.270456208499296,stop,-0.5336712442630787,-0.6136712442630787,14
1INCH,short,2023-09-27 14:05:00+00:00,2023-09-27 14:10:00+00:00,2023-09-27 14:50:00+00:00,289669,289670,289678,0.2661,0.26710322795516805,0.26710322795516805,0.2640935440896639,stop,-0.37559559382652763,-0.45559559382652765,9
1INCH,long,2023-09-27 15:50:00+00:00,2023-09-27 15:55:00+00:00,2023-09-27 17:05:00+00:00,289690,289691,289705,0.2684,0.26709219715764354,0.26709219715764354,0.27131560568471297,stop,-0.48725888314324894,-0.567258883143249,15
1INCH,long,2023-09-27 18:40:00+00:00,2023-09-27 18:45:00+00:00,2023-09-27 19:10:00+00:00,289724,289725,289730,0.2687,0.2703126587487769,0.26759367062561157,0.2703126587487769,take_profit,0.6001707289828406,0.5201707289828406,6
1INCH,long,2023-09-28 14:10:00+00:00,2023-09-28 14:15:00+00:00,2023-09-28 16:15:00+00:00,289958,289959,289983,0.2621,0.26360697530794164,0.2611965123460292,0.26360697530794164,take_profit,0.5749619641135517,0.4949619641135517,25
1INCH,long,2023-09-28 18:45:00+00:00,2023-09-28 18:50:00+00:00,2023-09-28 21:30:00+00:00,290013,290014,290046,0.2622,0.2643989976042309,0.26095050119788454,0.2643989976042309,take_profit,0.8386718551605332,0.7586718551605331,33
1INCH,long,2023-09-29 16:30:00+00:00,2023-09-29 16:35:00+00:00,2023-09-29 17:25:00+00:00,290274,290275,290285,0.2676,0.26599863844442473,0.26599863844442473,0.2711027231111505,stop,-0.5984161268965948,-0.6784161268965949,11
1INCH,short,2023-09-29 17:35:00+00:00,2023-09-29 17:40:00+00:00,2023-09-29 21:10:00+00:00,290287,290288,290330,0.2656,0.26360782340762884,0.2664460882961856,0.26360782340762884,take_profit,0.755735003088498,0.6757350030884979,43
1INCH,short,2023-09-30 14:30:00+00:00,2023-09-30 14:35:00+00:00,2023-09-30 15:00:00+00:00,290538,290539,290544,0.266,0.2666643041710329,0.2666643041710329,0.2646713916579343,stop,-0.24911627114770907,-0.3291162711477091,6
1INCH,long,2023-09-30 15:10:00+00:00,2023-09-30 15:15:00+00:00,2023-09-30 16:45:00+00:00,290546,290547,290565,0.2674,0.2667371213350426,0.2667371213350426,0.2687257573299148,stop,-0.247897780462758,-0.327897780462758,19
1INCH,long,2023-09-30 16:55:00+00:00,2023-09-30 17:00:00+00:00,2023-09-30 20:00:00+00:00,290567,290568,290604,0.2674,0.2664189603147074,0.2664189603147074,0.26966207937058523,stop,-0.3668809593465272,-0.4468809593465272,37
1INCH,long,2023-10-01 14:05:00+00:00,2023-10-01 14:10:00+00:00,2023-10-01 14:45:00+00:00,290821,290822,290829,0.2705,0.27244974220052903,0.2695251288997355,0.27244974220052903,take_profit,0.7207919410458397,0.6407919410458396,8
1INCH,long,2023-10-01 17:05:00+00:00,2023-10-01 17:10:00+00:00,2023-10-01 19:05:00+00:00,290857,290858,290881,0.2707,0.2735810006827896,0.26940949965860517,0.2735810006827896,take_profit,1.0642780505318195,0.9842780505318194,24
1INCH,short,2023-10-02 14:30:00+00:00,2023-10-02 14:35:00+00:00,2023-10-02 16:40:00+00:00,291114,291115,291140,0.2759,0.2775499261984574,0.2775499261984574,0.27290014760308523,stop,-0.5944610474432954,-0.6744610474432955,26
1INCH,long,2023-10-02 17:30:00+00:00,2023-10-02 17:35:00+00:00,2023-10-02 17:45:00+00:00,291150,291151,291153,0.2775,0.2764112035895191,0.2764112035895191,0.2796775928209619,stop,-0.3923590668399757,-0.4723590668399757,3
1INCH,short,2023-10-02 19:55:00+00:00,2023-10-02 20:00:00+00:00,2023-10-02 22:50:00+00:00,291179,291180,291214,0.2761,0.2736686918286595,0.27731565408567027,0.2736686918286595,take_profit,0.8884129766888904,0.8084129766888903,35
1INCH,long,2023-10-03 14:40:00+00:00,2023-10-03 14:45:00+00:00,2023-10-03 15:00:00+00:00,291404,291405,291408,0.2675,0.26675625198502284,0.26675625198502284,0.26928749602995433,stop,-0.27803664111296644,-0.35803664111296646,4
1INCH,long,2023-10-03 15:10:00+00:00,2023-10-03 15:15:00+00:00,2023-10-03 19:25:00+00:00,291410,291411,291461,0.2673,0.2664746456073225,0.2664746456073225,0.2692507087853551,stop,-0.30877455767956974,-0.38877455767956975,51
1INCH,short,2023-10-04 15:30:00+00:00,2023-10-04 15:35:00+00:00,2023-10-04 15:45:00+00:00,291702,291703,291705,0.2524,0.253192508524623,0.253192508524623,0.25081498295075405,stop,-0.313006308615138,-0.393006308615138,3
1INCH,short,2023-10-05 16:10:00+00:00,2023-10-05 16:15:00+00:00,2023-10-05 18:10:00+00:00,291998,291999,292022,0.2525,0.2535496309340834,0.2535496309340834,0.2504007381318332,stop,-0.41397454621271423,-0.49397454621271425,24
1INCH,long,2023-10-06 15:45:00+00:00,2023-10-06 15:50:00+00:00,2023-10-06 16:30:00+00:00,292281,292282,292290,0.2521,0.25331260885035145,0.25149369557482426,0.25331260885035145,take_profit,0.4810031139831361,0.4010031139831361,9
1INCH,short,2023-10-07 15:10:00+00:00,2023-10-07 15:15:00+00:00,2023-10-07 17:35:00+00:00,292562,292563,292591,0.2561,0.2566945554804717,0.2566945554804717,0.2546108890390566,stop,-0.23161982511037404,-0.31161982511037406,29
1INCH,long,2023-10-07 18:45:00+00:00,2023-10-07 18:50:00+00:00,2023-10-07 19:40:00+00:00,292605,292606,292616,0.2574,0.2568549011936858,0.2568549011936858,0.2587901976126284,stop,-0.2117710980241716,-0.2917710980241716,11
1INCH,short,2023-10-08 14:30:00+00:00,2023-10-08 14:35:00+00:00,2023-10-08 15:20:00+00:00,292842,292843,292852,0.2531,0.25417454249009297,0.25417454249009297,0.251250915019814,stop,-0.4227577158459339,-0.502757715845934,10
1INCH,short,2023-10-08 15:30:00+00:00,2023-10-08 15:35:00+00:00,2023-10-08 19:40:00+00:00,292854,292855,292904,0.2536,0.2520139341903331,0.25439303290483345,0.2520139341903331,take_profit,0.6293563944242297,0.5493563944242297,50
1INCH,long,2023-10-09 14:10:00+00:00,2023-10-09 14:15:00+00:00,2023-10-09 14:25:00+00:00,293126,293127,293129,0.2601,0.2592810594486251,0.2592810594486251,0.2620378811027497,stop,-0.31485603666854267,-0.3948560366685427,3
1INCH,long,2023-10-09 15:40:00+00:00,2023-10-09 15:45:00+00:00,2023-10-09 16:20:00+00:00,293144,293145,293152,0.26,0.25895852367869493,0.25895852367869493,0.26208295264261017,stop,-0.40056781588656554,-0.48056781588656555,8
1INCH,short,2023-10-10 14:10:00+00:00,2023-10-10 14:15:00+00:00,2023-10-10 14:50:00+00:00,293414,293415,293422,0.2424,0.2437559473304324,0.2437559473304324,0.2396881053391352,stop,-0.5562725116176503,-0.6362725116176504,8
1INCH,short,2023-10-10 14:55:00+00:00,2023-10-10 15:00:00+00:00,2023-10-10 16:20:00+00:00,293423,293424,293440,0.2426,0.24363861135689938,0.24363861135689938,0.24052277728620128,stop,-0.42629177334209123,-0.5062917733420913,17
1INCH,short,2023-10-10 16:50:00+00:00,2023-10-10 16:55:00+00:00,2023-10-10 18:25:00+00:00,293446,293447,293465,0.2429,0.24120347463324907,0.24359826268337545,0.24120347463324907,take_profit,0.7033585935403819,0.6233585935403818,19
1INCH,long,2023-10-11 17:40:00+00:00,2023-10-11 17:45:00+00:00,2023-10-11 18:55:00+00:00,293744,293745,293759,0.2381,0.24008809452221422,0.2371059527388929,0.24008809452221422,take_profit,0.8349829996699754,0.7549829996699753,15
1INCH,long,2023-10-12 14:50:00+00:00,2023-10-12 14:55:00+00:00,2023-10-12 17:00:00+00:00,293998,293999,294024,0.239,0.23845451493039674,0.23845451493039674,0.2400909701392065,stop,-0.22823643079633582,-0.30823643079633584,26
1INCH,long,2023-10-12 17:40:00+00:00,2023-10-12 17:45:00+00:00,2023-10-12 18:25:00+00:00,294032,294033,294041,0.2392,0.23839010548833914,0.23839010548833914,0.24051978902332175,stop,-0.33858466206557747,-0.4185846620655775,9
1INCH,long,2023-10-13 16:05:00+00:00,2023-10-13 16:10:00+00:00,2023-10-13 18:55:00+00:00,294301,294302,294335,0.2407,0.2397714070896412,0.2397714070896412,0.24255718582071759,stop,-0.385788496202244,-0.465788496202244,34
1INCH,short,2023-10-13 19:00:00+00:00,2023-10-13 19:05:00+00:00,2023-10-13 19:40:00+00:00,294336,294337,294344,0.2396,0.24031190749909823,0.24031190749909823,0.23817618500180357,stop,-0.29624312274284526,-0.37624312274284527,8
1INCH,long,2023-10-14 14:15:00+00:00,2023-10-14 14:20:00+00:00,2023-10-14 18:40:00+00:00,294567,294568,294620,0.246,0.24783566174231542,0.2450821691288423,0.24783566174231542,take_profit,0.7462039602908144,0.6662039602908143,53
1INCH,long,2023-10-15 14:20:00+00:00,2023-10-15 14:25:00+00:00,2023-10-15 15:00:00+00:00,294856,294857,294864,0.2481,0.2505800579391436,0.2470099710304282,0.2505800579391436,take_profit,0.9996202898603812,0.9196202898603811,8
1INCH,long,2023-10-15 16:55:00+00:00,2023-10-15 17:00:00+00:00,2023-10-15 21:00:00+00:00,294887,294888,294936,0.2481,0.24707185254353375,0.24707185254353375,0.2498562949129325,stop,-0.4144084870883691,-0.4944084870883691,49
1INCH,long,2023-10-16 14:10:00+00:00,2023-10-16 14:15:00+00:00,2023-10-16 14:15:00+00:00,295142,295143,295143,0.2503,0.25178960618204177,0.24955519690897915,0.25178960618204177,take_profit,0.5951283188341039,0.5151283188341038,1
1INCH,short,2023-10-16 19:25:00+00:00,2023-10-16 19:30:00+00:00,2023-10-16 19:40:00+00:00,295205,295206,295208,0.2485,0.24921175392292677,0.24921175392292677,0.24707649215414645,stop,-0.28560206800956056,-0.3656020680095606,3
1INCH,long,2023-10-17 14:05:00+00:00,2023-10-17 14:10:00+00:00,2023-10-17 16:05:00+00:00,295429,295430,295453,0.2503,0.25222561610850713,0.24948719194574645,0.25222561610850713,take_profit,0.769323255496257,0.689323255496257,24
1INCH,short,2023-10-18 15:35:00+00:00,2023-10-18 15:40:00+00:00,2023-10-18 16:00:00+00:00,295735,295736,295740,0.2524,0.25349541874309744,0.25349541874309744,0.24990916251380518,stop,-0.43212565675894155,-0.5121256567589416,5
1INCH,short,2023-10-18 17:05:00+00:00,2023-10-18 17:10:00+00:00,2023-10-19 01:45:00+00:00,295753,295754,295857,0.2523,0.2533293654800603,0.2533293654800603,0.24994126903987934,stop,-0.40633484322262214,-0.48633484322262216,104
1INCH,short,2023-10-19 16:20:00+00:00,2023-10-19 16:25:00+00:00,2023-10-19 16:45:00+00:00,296032,296033,296037,0.2548,0.2566203830825841,0.2566203830825841,0.2508592338348317,stop,-0.7093680793073487,-0.7893680793073488,5
1INCH,short,2023-10-19 18:45:00+00:00,2023-10-19 18:50:00+00:00,2023-10-19 21:25:00+00:00,296061,296062,296093,0.2542,0.24998803737536834,0.2563059813123158,0.24998803737536834,take_profit,1.684865671514979,1.6048656715149792,32
1INCH,long,2023-10-20 14:40:00+00:00,2023-10-20 14:45:00+00:00,2023-10-20 17:15:00+00:00,296300,296301,296331,0.2465,0.24812383198949317,0.2456880840052534,0.24812383198949317,take_profit,0.6587553709911376,0.5787553709911375,31
1INCH,long,2023-10-21 14:05:00+00:00,2023-10-21 14:10:00+00:00,2023-10-21 14:30:00+00:00,296581,296582,296586,0.255,0.25406567322444285,0.25406567322444285,0.2568686535511143,stop,-0.366402657081244,-0.446402657081244,5
1INCH,long,2023-10-21 15:20:00+00:00,2023-10-21 15:25:00+00:00,2023-10-21 16:35:00+00:00,296596,296597,296611,0.2552,0.2572582540979368,0.2540208729510316,0.2572582540979368,take_profit,0.8065259004454539,0.7265259004454538,15
1INCH,long,2023-10-22 14:20:00+00:00,2023-10-22 14:25:00+00:00,2023-10-22 16:10:00+00:00,296872,296873,296894,0.266,0.2647510049808848,0.2647510049808848,0.2681979900382305,stop,-0.46954699966738067,-0.5495469996673807,22
1INCH,short,2023-10-22 16:25:00+00:00,2023-10-22 16:30:00+00:00,2023-10-22 16:40:00+00:00,296897,296898,296900,0.2636,0.26028707591950123,0.2652564620402494,0.26028707591950123,take_profit,1.2727962265492332,1.1927962265492331,3
1INCH,long,2023-10-24 14:10:00+00:00,2023-10-24 14:15:00+00:00,2023-10-24 14:45:00+00:00,297446,297447,297453,0.2878,0.2857786607278916,0.2857786607278916,0.2918426785442168,stop,-0.7023416511842906,-0.7823416511842907,7
1INCH,long,2023-10-24 19:00:00+00:00,2023-10-24 19:05:00+00:00,2023-10-24 21:40:00+00:00,297504,297505,297536,0.2878,0.2912981343025138,0.2860509328487431,0.2912981343025138,take_profit,1.2154740453487856,1.1354740453487855,32
1INCH,long,2023-10-26 16:10:00+00:00,2023-10-26 16:15:00+00:00,2023-10-26 19:05:00+00:00,298046,298047,298081,0.2923,0.28967924806410755,0.28967924806410755,0.29724150387178494,stop,-0.8965966253480895,-0.9765966253480896,35
1INCH,short,2023-10-27 14:15:00+00:00,2023-10-27 14:20:00+00:00,2023-10-27 15:05:00+00:00,298311,298312,298321,0.2801,0.2824564480453338,0.2824564480453338,0.2753871039093324,stop,-0.8342695171737025,-0.9142695171737025,10
1INCH,long,2023-10-27 15:10:00+00:00,2023-10-27 15:15:00+00:00,2023-10-27 17:05:00+00:00,298322,298323,298345,0.2839,0.2817481104213741,0.2817481104213741,0.2885037791572517,stop,-0.7579744905339525,-0.8379744905339526,23
1INCH,long,2023-10-27 17:15:00+00:00,2023-10-27 17:20:00+00:00,2023-10-27 18:55:00+00:00,298347,298348,298367,0.2828,0.28584572828103555,0.2814271358594822,0.28584572828103555,take_profit,1.0769901983859853,0.9969901983859852,20
1INCH,long,2023-10-28 14:05:00+00:00,2023-10-28 14:10:00+00:00,2023-10-28 14:30:00+00:00,298597,298598,298602,0.2864,0.2854774196176648,0.2854774196176648,0.2885451607646703,stop,-0.3221300217650769,-0.4021300217650769,5
1INCH,long,2023-10-28 16:30:00+00:00,2023-10-28 16:35:00+00:00,2023-10-28 17:00:00+00:00,298626,298627,298632,0.2867,0.2883983201952853,0.2858508399023574,0.2883983201952853,take_profit,0.592368397378884,0.512368397378884,6
1INCH,short,2023-10-29 14:20:00+00:00,2023-10-29 14:25:00+00:00,2023-10-29 14:50:00+00:00,298888,298889,298894,0.2865,0.28767171355447013,0.28767171355447013,0.2844565728910598,stop,-0.40730926930301337,-0.4873092693030134,6
1INCH,long,2023-10-29 15:05:00+00:00,2023-10-29 15:10:00+00:00,2023-10-29 15:20:00+00:00,298897,298898,298900,0.288,0.29003357246198985,0.28683321376900506,0.29003357246198985,take_profit,0.7061015493020406,0.6261015493020405,3
1INCH,short,2023-10-30 14:20:00+00:00,2023-10-30 14:25:00+00:00,2023-10-30 15:05:00+00:00,299176,299177,299185,0.2937,0.2908041753735467,0.2949979123132267,0.2908041753735467,take_profit,0.9957988473630275,0.9157988473630274,9
1INCH,long,2023-10-30 17:40:00+00:00,2023-10-30 17:45:00+00:00,2023-10-31 02:10:00+00:00,299216,299217,299318,0.296,0.29239397614932106,0.29239397614932106,0.3029120477013579,stop,-1.2182513009050489,-1.298251300905049,102
1INCH,short,2023-10-31 14:05:00+00:00,2023-10-31 14:10:00+00:00,2023-10-31 14:30:00+00:00,299461,299462,299466,0.2939,0.29627502896790037,0.29627502896790037,0.2894499420641992,stop,-0.8016298154366885,-0.8816298154366886,5
1INCH,long,2023-10-31 14:45:00+00:00,2023-10-31 14:50:00+00:00,2023-10-31 15:30:00+00:00,299469,299470,299478,0.2971,0.29549556312851444,0.29549556312851444,0.30030887374297105,stop,-0.5400326056834492,-0.6200326056834493,9
1INCH,short,2023-10-31 15:50:00+00:00,2023-10-31 15:55:00+00:00,2023-10-31 17:05:00+00:00,299482,299483,299497,0.2945,0.2897181832406457,0.29674090837967715,0.2897181832406457,take_profit,1.6505062629715628,1.570506262971563,15
1INCH,long,2023-10-31 18:00:00+00:00,2023-10-31 18:05:00+00:00,2023-10-31 18:15:00+00:00,299508,299509,299511,0.2971,0.29576833607019043,0.29576833607019043,0.29976332785961907,stop,-0.4482207774518798,-0.5282207774518799,3
1INCH,short,2023-11-01 14:10:00+00:00,2023-11-01 14:15:00+00:00,2023-11-01 15:40:00+00:00,299750,299751,299768,0.2874,0.2890023327676422,0.2890023327676422,0.28449533446471553,stop,-0.5544359286990597,-0.6344359286990597,18
1INCH,short,2023-11-03 19:10:00+00:00,2023-11-03 19:15:00+00:00,2023-11-03 20:45:00+00:00,300386,300387,300405,0.2958,0.29825771947792784,0.29825771947792784,0.29088456104414434,stop,-0.8240254375410094,-0.9040254375410095,19
1INCH,long,2023-11-04 14:40:00+00:00,2023-11-04 14:45:00+00:00,2023-11-04 22:45:00+00:00,300620,300621,300717,0.3123,0.3100806073010308,0.3100806073010308,0.3164387853979383,stop,-0.7106604863814314,-0.7906604863814315,97
1INCH,long,2023-11-05 15:05:00+00:00,2023-11-05 15:10:00+00:00,2023-11-05 15:35:00+00:00,300913,300914,300919,0.3267,0.33217992584524425,0.32396003707737786,0.33217992584524425,take_profit,1.6773571610787519,1.597357161078752,6
1INCH,long,2023-11-06 15:30:00+00:00,2023-11-06 15:35:00+00:00,2023-11-06 21:35:00+00:00,301206,301207,301279,0.341,0.3549391797557891,0.3340304101221055,0.3549391797557891,take_profit,4.08773599876513,4.0077359987651295,73
1INCH,short,2023-11-07 15:10:00+00:00,2023-11-07 15:15:00+00:00,2023-11-07 15:35:00+00:00,301490,301491,301495,0.3445,0.3465233174703244,0.3465233174703244,0.34045336505935114,stop,-0.583890713356594,-0.6638907133565941,5
1INCH,short,2023-11-07 18:10:00+00:00,2023-11-07 18:15:00+00:00,2023-11-07 18:40:00+00:00,301526,301527,301532,0.3446,0.3390963567116939,0.34735182164415307,0.3390963567116939,take_profit,1.6230322677826425,1.5430322677826425,6
1INCH,short,2023-11-07 20:35:00+00:00,2023-11-07 20:40:00+00:00,2023-11-07 22:40:00+00:00,301555,301556,301580,0.344,0.33830864977030095,0.3468456751148495,0.33830864977030095,take_profit,1.6822952157928173,1.6022952157928174,25
1INCH,short,2023-11-08 15:15:00+00:00,2023-11-08 15:20:00+00:00,2023-11-08 15:25:00+00:00,301779,301780,301781,0.3411,0.34303780839972176,0.34303780839972176,0.33722438320055653,stop,-0.5648964493918829,-0.644896449391883,2
1INCH,long,2023-11-08 15:30:00+00:00,2023-11-08 15:35:00+00:00,2023-11-08 16:15:00+00:00,301782,301783,301791,0.3441,0.3478060240919743,0.34224698795401287,0.3478060240919743,take_profit,1.0770194978129366,0.9970194978129365,9
1INCH,long,2023-11-09 15:45:00+00:00,2023-11-09 15:50:00+00:00,2023-11-09 16:40:00+00:00,302073,302074,302084,0.3801,0.37701898807254736,0.37701898807254736,0.38656202385490523,stop,-0.8105793021448648,-0.8905793021448649,11
1INCH,long,2023-11-09 17:00:00+00:00,2023-11-09 17:05:00+00:00,2023-11-09 18:05:00+00:00,302088,302089,302101,0.3844,0.37698878113880807,0.37698878113880807,0.3992224377223839,stop,-1.9279965819958278,-2.007996581995828,13
1INCH,long,2023-11-10 19:50:00+00:00,2023-11-10 19:55:00+00:00,2023-11-10 21:10:00+00:00,302410,302411,302426,0.3753,0.37136561224745085,0.37136561224745085,0.38346877550509834,stop,-1.048331402224667,-1.128331402224667,16
1INCH,short,2023-11-11 15:05:00+00:00,2023-11-11 15:10:00+00:00,2023-11-11 15:20:00+00:00,302641,302642,302644,0.3728,0.376219101700671,0.376219101700671,0.365961796598658,stop,-0.9088059817311755,-0.9888059817311756,3
1INCH,long,2023-11-11 15:25:00+00:00,2023-11-11 15:30:00+00:00,2023-11-11 16:45:00+00:00,302645,302646,302661,0.3779,0.37394954020010246,0.37394954020010246,0.38550091959979516,stop,-1.045371738528067,-1.125371738528067,16
1INCH,short,2023-11-11 16:50:00+00:00,2023-11-11 16:55:00+00:00,2023-11-11 17:25:00+00:00,302662,302663,302669,0.3736,0.37682217005218965,0.37682217005218965,0.3668556598956207,stop,-0.8550903604592541,-0.9350903604592542,7
1INCH,short,2023-11-13 15:25:00+00:00,2023-11-13 15:30:00+00:00,2023-11-13 16:00:00+00:00,303221,303222,303228,0.3662,0.3708982281243823,0.3708982281243823,0.3565035437512354,stop,-1.266716249398392,-1.346716249398392,7
1INCH,short,2023-11-13 20:25:00+00:00,2023-11-13 20:30:00+00:00,2023-11-13 23:00:00+00:00,303281,303282,303312,0.368,0.37204350571686073,0.37204350571686073,0.35961298856627855,stop,-1.0868367958928982,-1.1668367958928982,31
1INCH,long,2023-11-14 15:05:00+00:00,2023-11-14 15:10:00+00:00,2023-11-14 15:35:00+00:00,303505,303506,303511,0.363,0.36096259387957946,0.36096259387957946,0.36707481224084104,stop,-0.5612689036971097,-0.6412689036971098,6
1INCH,long,2023-11-14 16:35:00+00:00,2023-11-14 16:40:00+00:00,2023-11-14 18:20:00+00:00,303523,303524,303544,0.3628,0.36100058623980985,0.36100058623980985,0.3666988275203803,stop,-0.49597953698736763,-0.5759795369873677,21
1INCH,short,2023-11-14 18:45:00+00:00,2023-11-14 18:50:00+00:00,2023-11-14 20:10:00+00:00,303549,303550,303566,0.3574,0.35027392279213293,0.3611130386039335,0.35027392279213293,take_profit,2.0344298402413363,1.9544298402413365,17
1INCH,long,2023-11-15 15:35:00+00:00,2023-11-15 15:40:00+00:00,2023-11-15 17:00:00+00:00,303799,303800,303816,0.3576,0.3615482533779311,0.3556258733110344,0.3615482533779311,take_profit,1.1040977007637398,1.0240977007637397,17
1INCH,long,2023-11-16 15:05:00+00:00,2023-11-16 15:10:00+00:00,2023-11-16 17:10:00+00:00,304081,304082,304106,0.3766,0.37462150131029887,0.37462150131029887,0.38055699737940224,stop,-0.5253581225972193,-0.6053581225972193,25
1INCH,short,2023-11-16 17:50:00+00:00,2023-11-16 17:55:00+00:00,2023-11-16 18:05:00+00:00,304114,304115,304117,0.3719,0.3665585365258479,0.37457073173707606,0.3665585365258479,take_profit,1.4571924923034718,1.3771924923034717,3
1INCH,long,2023-11-17 15:05:00+00:00,2023-11-17 15:10:00+00:00,2023-11-17 16:05:00+00:00,304369,304370,304381,0.3748,0.37221884018975576,0.37221884018975576,0.37996231962048854,stop,-0.6886765769061554,-0.7686765769061554,12
1INCH,long,2023-11-17 17:30:00+00:00,2023-11-17 17:35:00+00:00,2023-11-17 18:30:00+00:00,304398,304399,304410,0.3745,0.3710359791978448,0.3710359791978448,0.3814280416043104,stop,-0.924972176810468,-1.004972176810468,12
1INCH,short,2023-11-18 15:30:00+00:00,2023-11-18 15:35:00+00:00,2023-11-18 16:00:00+00:00,304662,304663,304668,0.3363,0.32967463718470896,0.3396126814076455,0.32967463718470896,take_profit,2.009667128739112,1.9296671287391123,6
1INCH,short,2023-11-18 17:00:00+00:00,2023-11-18 17:05:00+00:00,2023-11-18 18:20:00+00:00,304680,304681,304696,0.3362,0.33996639817235486,0.33996639817235486,0.3283672036552903,stop,-1.107873658280012,-1.187873658280012,16
1INCH,long,2023-11-19 15:05:00+00:00,2023-11-19 15:10:00+00:00,2023-11-19 17:20:00+00:00,304945,304946,304972,0.3536,0.35638552127646,0.35205723936176997,0.35638552127646,take_profit,0.7877605419852829,0.7077605419852828,27
1INCH,long,2023-11-19 18:30:00+00:00,2023-11-19 18:35:00+00:00,2023-11-19 19:20:00+00:00,304986,304987,304996,0.3535,0.3516797865247788,0.3516797865247788,0.3568404269504423,stop,-0.5149118741785474,-0.5949118741785475,10
1INCH,long,2023-11-21 15:15:00+00:00,2023-11-21 15:20:00+00:00,2023-11-21 16:05:00+00:00,305523,305524,305533,0.3605,0.35816095951022625,0.35816095951022625,0.3648780809795475,stop,-0.6488323133907681,-0.7288323133907681,10
1INCH,short,2023-11-21 16:15:00+00:00,2023-11-21 16:20:00+00:00,2023-11-21 17:45:00+00:00,305535,305536,305553,0.3573,0.3594408344508695,0.3594408344508695,0.35301833109826103,stop,-0.5956013467807941,-0.6756013467807942,18
1INCH,long,2023-11-21 17:55:00+00:00,2023-11-21 18:00:00+00:00,2023-11-21 18:45:00+00:00,305555,305556,305565,0.3598,0.3579076153261936,0.3579076153261936,0.3632847693476129,stop,-0.52595460639423,-0.60595460639423,10
1INCH,long,2023-11-22 15:10:00+00:00,2023-11-22 15:15:00+00:00,2023-11-22 16:10:00+00:00,305810,305811,305822,0.3373,0.3355250049569193,0.3355250049569193,0.34054999008616144,stop,-0.5262363009429949,-0.606236300942995,12
1INCH,long,2023-11-22 16:20:00+00:00,2023-11-22 16:25:00+00:00,2023-11-22 16:45:00+00:00,305824,305825,305829,0.3366,0.33477976924599917,0.33477976924599917,0.3402404615080017,stop,-0.5407696833038766,-0.6207696833038767,5
1INCH,long,2023-11-22 17:10:00+00:00,2023-11-22 17:15:00+00:00,2023-11-22 22:50:00+00:00,305834,305835,305902,0.3374,0.342438733843605,0.3350306330781975,0.342438733843605,take_profit,1.4934006649688802,1.4134006649688802,68
1INCH,long,2023-11-23 17:40:00+00:00,2023-11-23 17:45:00+00:00,2023-11-23 20:10:00+00:00,306128,306129,306158,0.3598,0.3572606874328142,0.3572606874328142,0.36487862513437164,stop,-0.7057566890455336,-0.7857566890455336,30
1INCH,short,2023-11-24 16:00:00+00:00,2023-11-24 16:05:00+00:00,2023-11-24 16:40:00+00:00,306396,306397,306404,0.3554,0.356975038591954,0.356975038591954,0.35224992281609196,stop,-0.4412181305915919,-0.5212181305915919,8
1INCH,long,2023-11-25 16:25:00+00:00,2023-11-25 16:30:00+00:00,2023-11-25 16:50:00+00:00,306689,306690,306694,0.3702,0.37314749976526496,0.3687262501173675,0.37314749976526496,take_profit,0.7961911845664416,0.7161911845664415,5
1INCH,long,2023-11-25 18:20:00+00:00,2023-11-25 18:25:00+00:00,2023-11-25 19:20:00+00:00,306712,306713,306724,0.3702,0.3688303811176168,0.3688303811176168,0.3732392377647665,stop,-0.3699672831937284,-0.4499672831937284,12
1INCH,short,2023-11-27 15:50:00+00:00,2023-11-27 15:55:00+00:00,2023-11-27 19:35:00+00:00,307258,307259,307303,0.3467,0.34135470897051123,0.3493726455147444,0.34135470897051123,take_profit,1.5659051681488734,1.4859051681488733,45
1INCH,short,2023-11-29 19:30:00+00:00,2023-11-29 19:35:00+00:00,2023-11-29 21:50:00+00:00,307878,307879,307906,0.339,0.34156422810592985,0.34156422810592985,0.33357154378814025,stop,-0.7507308713647132,-0.8307308713647132,28
1INCH,short,2023-11-30 15:45:00+00:00,2023-11-30 15:50:00+00:00,2023-11-30 20:50:00+00:00,308121,308122,308182,0.3412,0.3431707647340521,0.3431707647340521,0.3369584705318958,stop,-0.5742810683711408,-0.6542810683711409,61
1INCH,long,2023-12-01 15:40:00+00:00,2023-12-01 15:45:00+00:00,2023-12-01 16:45:00+00:00,308408,308409,308421,0.3454,0.3442795338694955,0.3442795338694955,0.34764093226100895,stop,-0.32439667935856287,-0.4043966793585629,13
1INCH,long,2023-12-01 17:15:00+00:00,2023-12-01 17:20:00+00:00,2023-12-01 17:30:00+00:00,308427,308428,308430,0.3454,0.34416251668199477,0.34416251668199477,0.3478749666360104,stop,-0.35827542501598586,-0.4382754250159859,3
1INCH,long,2023-12-01 18:15:00+00:00,2023-12-01 18:20:00+00:00,2023-12-01 19:50:00+00:00,308439,308440,308458,0.3455,0.3437953968428277,0.3437953968428277,0.34890920631434447,stop,-0.4933728385447922,-0.5733728385447923,19
1INCH,long,2023-12-02 15:20:00+00:00,2023-12-02 15:25:00+00:00,2023-12-02 18:00:00+00:00,308692,308693,308724,0.3493,0.35144373872279516,0.3482281306386024,0.35144373872279516,take_profit,0.6137242263942744,0.5337242263942743,32
1INCH,short,2023-12-03 15:35:00+00:00,2023-12-03 15:40:00+00:00,2023-12-03 16:50:00+00:00,308983,308984,308998,0.3537,0.35466384474422447,0.35466384474422447,0.35147231051155114,stop,-0.2717628984481246,-0.35176289844812464,15
1INCH,short,2023-12-03 17:45:00+00:00,2023-12-03 17:50:00+00:00,2023-12-03 18:10:00+00:00,309009,309010,309014,0.3537,0.35504876536724017,0.35504876536724017,0.3510024692655197,stop,-0.37988172296419265,-0.45988172296419266,5
1INCH,long,2023-12-03 19:05:00+00:00,2023-12-03 19:10:00+00:00,2023-12-03 20:25:00+00:00,309025,309026,309041,0.3554,0.3538938483499801,0.3538938483499801,0.3587123033000397,stop,-0.42379055993806425,-0.5037905599380643,16
1INCH,long,2023-12-04 15:25:00+00:00,2023-12-04 15:30:00+00:00,2023-12-04 16:10:00+00:00,309269,309270,309278,0.3652,0.36945114938281504,0.3632244253085925,0.36945114938281504,take_profit,1.164060619609808,1.084060619609808,9
1INCH,short,2023-12-04 20:10:00+00:00,2023-12-04 20:15:00+00:00,2023-12-05 09:40:00+00:00,309326,309327,309488,0.3518,0.371249437941056,0.371249437941056,0.313801124117888,stop,-5.238913774232856,-5.318913774232857,162
1INCH,long,2023-12-05 15:25:00+00:00,2023-12-05 15:30:00+00:00,2023-12-05 15:35:00+00:00,309557,309558,309559,0.3716,0.3694723052508538,0.3694723052508538,0.37615538949829236,stop,-0.5725766278649624,-0.6525766278649625,2
1INCH,long,2023-12-05 15:50:00+00:00,2023-12-05 15:55:00+00:00,2023-12-05 16:00:00+00:00,309562,309563,309564,0.372,0.36806130933819475,0.36806130933819475,0.3795773813236105,stop,-1.0587878123132333,-1.1387878123132333,2
1INCH,long,2023-12-06 19:25:00+00:00,2023-12-06 19:30:00+00:00,2023-12-06 19:50:00+00:00,309893,309894,309898,0.375,0.372140581891695,0.372140581891695,0.3810188362166099,stop,-0.7625114955479906,-0.8425114955479907,5
1INCH,short,2023-12-06 20:30:00+00:00,2023-12-06 20:35:00+00:00,2023-12-06 21:05:00+00:00,309906,309907,309913,0.3629,0.37055199996646954,0.37055199996646954,0.3478960000670609,stop,-2.0650273017449483,-2.1450273017449484,7
1INCH,long,2023-12-08 15:25:00+00:00,2023-12-08 15:30:00+00:00,2023-12-08 15:40:00+00:00,310421,310422,310424,0.3948,0.39247124081321144,0.39247124081321144,0.39945751837357707,stop,-0.5898579500477563,-0.6698579500477564,3
1INCH,long,2023-12-08 15:45:00+00:00,2023-12-08 15:50:00+00:00,2023-12-08 16:20:00+00:00,310425,310426,310432,0.3946,0.3913081036252117,0.3913081036252117,0.40118379274957666,stop,-0.8342362835246697,-0.9142362835246698,7
1INCH,long,2023-12-08 18:15:00+00:00,2023-12-08 18:20:00+00:00,2023-12-08 21:25:00+00:00,310455,310456,310493,0.3944,0.4014676247520014,0.3908661876239993,0.4014676247520014,take_profit,1.791994105477035,1.7119941054770351,38
1INCH,long,2023-12-09 16:45:00+00:00,2023-12-09 16:50:00+00:00,2023-12-09 17:30:00+00:00,310725,310726,310734,0.4198,0.4165340279310761,0.4165340279310761,0.42633194413784786,stop,-0.777982865393978,-0.8579828653939781,9
1INCH,short,2023-12-11 15:20:00+00:00,2023-12-11 15:25:00+00:00,2023-12-11 16:00:00+00:00,311284,311285,311292,0.3703,0.37327885929202076,0.37327885929202076,0.3640422814159584,stop,-0.7980251808716421,-0.8780251808716422,8
1INCH,short,2023-12-11 16:30:00+00:00,2023-12-11 16:35:00+00:00,2023-12-11 19:00:00+00:00,311298,311299,311328,0.37,0.3731104402381434,0.3731104402381434,0.36347911952371326,stop,-0.8336513543169999,-0.913651354317,30
1INCH,long,2023-12-12 16:00:00+00:00,2023-12-12 16:05:00+00:00,2023-12-12 20:55:00+00:00,311580,311581,311639,0.3713,0.3678134658732759,0.3678134658732759,0.37827306825344825,stop,-0.9390073058777593,-1.0190073058777593,59
1INCH,short,2023-12-13 15:45:00+00:00,2023-12-13 15:50:00+00:00,2023-12-13 17:05:00+00:00,311865,311866,311881,0.3564,0.3596741274517563,0.3596741274517563,0.35015174509648733,stop,-0.9103038561469767,-0.9903038561469768,16
1INCH,long,2023-12-13 17:55:00+00:00,2023-12-13 18:00:00+00:00,2023-12-13 19:15:00+00:00,311891,311892,311907,0.3623,0.35974976416207843,0.35974976416207843,0.36740047167584317,stop,-0.7039016941544518,-0.7839016941544519,16
1INCH,short,2023-12-13 20:45:00+00:00,2023-12-13 20:50:00+00:00,2023-12-13 21:20:00+00:00,311925,311926,311932,0.3574,0.35971900627098363,0.35971900627098363,0.3530619874580327,stop,-0.6446715993751795,-0.7246715993751796,7
1INCH,long,2023-12-14 15:20:00+00:00,2023-12-14 15:25:00+00:00,2023-12-14 16:05:00+00:00,312148,312149,312157,0.3735,0.3712733581752737,0.3712733581752737,0.3782532836494526,stop,-0.5961557763658143,-0.6761557763658144,9
1INCH,short,2023-12-14 16:15:00+00:00,2023-12-14 16:20:00+00:00,2023-12-14 16:40:00+00:00,312159,312160,312164,0.37,0.3717782402336864,0.3717782402336864,0.3664435195326272,stop,-0.4783067004052288,-0.5583067004052289,5
1INCH,long,2023-12-14 17:10:00+00:00,2023-12-14 17:15:00+00:00,2023-12-14 17:50:00+00:00,312170,312171,312178,0.3728,0.3706158491913805,0.3706158491913805,0.377468301617239,stop,-0.5858773628271141,-0.6658773628271142,8
1INCH,short,2023-12-15 17:00:00+00:00,2023-12-15 17:05:00+00:00,2023-12-15 17:55:00+00:00,312456,312457,312467,0.372,0.374307847981504,0.374307847981504,0.36738430403699196,stop,-0.6165641447138603,-0.6965641447138604,11
1INCH,short,2023-12-16 15:20:00+00:00,2023-12-16 15:25:00+00:00,2023-12-16 18:10:00+00:00,312724,312725,312758,0.3672,0.36842513681620237,0.36842513681620237,0.36474972636759534,stop,-0.33253344947892227,-0.4125334494789223,34
1INCH,long,2023-12-16 18:40:00+00:00,2023-12-16 18:45:00+00:00,2023-12-16 19:40:00+00:00,312764,312765,312776,0.3688,0.3712042365035255,0.36759788174823727,0.3712042365035255,take_profit,0.6519079456414056,0.5719079456414056,12
1INCH,short,2023-12-17 15:35:00+00:00,2023-12-17 15:40:00+00:00,2023-12-17 16:00:00+00:00,313015,313016,313020,0.3669,0.36964533246183595,0.36964533246183595,0.36200933507632804,stop,-0.7426936635590797,-0.8226936635590798,5
1INCH,short,2023-12-17 16:25:00+00:00,2023-12-17 16:30:00+00:00,2023-12-17 18:05:00+00:00,313025,313026,313045,0.3672,0.37027166354672436,0.37027166354672436,0.3607566729065512,stop,-0.8295702450740516,-0.9095702450740517,20
1INCH,short,2023-12-18 16:35:00+00:00,2023-12-18 16:40:00+00:00,2023-12-18 18:15:00+00:00,313315,313316,313335,0.3538,0.34728356336131505,0.3569082183193425,0.34728356336131505,take_profit,1.8764022620630705,1.7964022620630706,20
1INCH,long,2023-12-19 18:10:00+00:00,2023-12-19 18:15:00+00:00,2023-12-19 18:25:00+00:00,313622,313623,313625,0.37,0.3677232235831109,0.3677232235831109,0.3745535528337782,stop,-0.6153449775376019,-0.6953449775376019,3
1INCH,long,2023-12-20 15:20:00+00:00,2023-12-20 15:25:00+00:00,2023-12-20 20:45:00+00:00,313876,313877,313941,0.3623,0.36849393668014935,0.35920303165992534,0.36849393668014935,take_profit,1.7096154237232541,1.6296154237232543,65
1INCH,long,2023-12-21 15:50:00+00:00,2023-12-21 15:55:00+00:00,2023-12-21 19:00:00+00:00,314170,314171,314208,0.3729,0.37635077625869984,0.3711746118706501,0.37635077625869984,take_profit,0.9253891817376791,0.8453891817376791,38
1INCH,long,2023-12-22 20:20:00+00:00,2023-12-22 20:25:00+00:00,2023-12-23 10:15:00+00:00,314512,314513,314679,0.4055,0.3999616682449175,0.3999616682449175,0.416876663510165,stop,-1.3658031455197284,-1.4458031455197284,167
1INCH,short,2023-12-23 16:10:00+00:00,2023-12-23 16:15:00+00:00,2023-12-23 18:10:00+00:00,314750,314751,314774,0.3968,0.39830252124015014,0.39830252124015014,0.39409495751969964,stop,-0.377231164761882,-0.457231164761882,24
1INCH,short,2023-12-23 18:30:00+00:00,2023-12-23 18:35:00+00:00,2023-12-23 21:50:00+00:00,314778,314779,314818,0.3971,0.39872477930988803,0.39872477930988803,0.39385044138022396,stop,-0.4074939392279986,-0.4874939392279986,40
1INCH,long,2023-12-24 18:40:00+00:00,2023-12-24 18:45:00+00:00,2023-12-24 19:15:00+00:00,315068,315069,315075,0.4188,0.4149678491672094,0.4149678491672094,0.42676430166558116,stop,-0.9150312399213489,-0.995031239921349,7
1INCH,long,2023-12-25 15:25:00+00:00,2023-12-25 15:30:00+00:00,2023-12-25 16:20:00+00:00,315317,315318,315328,0.4276,0.4252801780991591,0.4252801780991591,0.4322396438016818,stop,-0.5425214922452959,-0.622521492245296,11
1INCH,long,2023-12-25 16:35:00+00:00,2023-12-25 16:40:00+00:00,2023-12-25 17:45:00+00:00,315331,315332,315345,0.4272,0.42478525132857387,0.42478525132857387,0.43202949734285234,stop,-0.5652501571690394,-0.6452501571690394,14
1INCH,long,2023-12-25 20:25:00+00:00,2023-12-25 20:30:00+00:00,2023-12-25 23:50:00+00:00,315377,315378,315418,0.4294,0.4382020140015177,0.42514899299924114,0.4382020140015177,take_profit,2.049840242551859,1.9698402425518593,41
1INCH,long,2023-12-27 15:35:00+00:00,2023-12-27 15:40:00+00:00,2023-12-27 15:50:00+00:00,315895,315896,315898,0.4483,0.44480761014015413,0.44480761014015413,0.4549847797196917,stop,-0.7790296363698102,-0.8590296363698102,3
1INCH,long,2023-12-27 19:35:00+00:00,2023-12-27 19:40:00+00:00,2023-12-27 21:40:00+00:00,315943,315944,315968,0.4473,0.44364906086320094,0.44364906086320094,0.45460187827359805,stop,-0.8162171108426208,-0.8962171108426209,25
1INCH,short,2023-12-28 15:15:00+00:00,2023-12-28 15:20:00+00:00,2023-12-28 15:55:00+00:00,316179,316180,316187,0.445,0.4394588077050147,0.44792059614749263,0.4394588077050147,take_profit,1.260912785870194,1.180912785870194,8
1INCH,short,2023-12-28 17:00:00+00:00,2023-12-28 17:05:00+00:00,2023-12-28 17:30:00+00:00,316200,316201,316206,0.4449,0.4491393396262137,0.4491393396262137,0.4367213207475726,stop,-0.9438807185631504,-1.0238807185631504,6
1INCH,long,2023-12-28 17:35:00+00:00,2023-12-28 17:40:00+00:00,2023-12-28 17:50:00+00:00,316207,316208,316210,0.4511,0.44691256184782313,0.44691256184782313,0.4591748763043538,stop,-0.928272700549071,-1.008272700549071,3
1INCH,short,2023-12-28 20:15:00+00:00,2023-12-28 20:20:00+00:00,2023-12-28 20:40:00+00:00,316239,316240,316244,0.4451,0.4470846675941412,0.4470846675941412,0.4405306648117176,stop,-0.443913141736918,-0.523913141736918,5
1INCH,long,2023-12-29 15:10:00+00:00,2023-12-29 15:15:00+00:00,2023-12-29 15:35:00+00:00,316466,316467,316471,0.4344,0.4400951443585689,0.43155242782071557,0.4400951443585689,take_profit,1.3110369149559986,1.2310369149559985,5
1INCH,long,2023-12-31 15:20:00+00:00,2023-12-31 15:25:00+00:00,2023-12-31 16:30:00+00:00,317044,317045,317058,0.4235,0.42621826387209083,0.4219908680639546,0.42621826387209083,take_profit,0.6418568765267585,0.5618568765267584,14
1INCH,long,2024-01-01 15:40:00+00:00,2024-01-01 15:45:00+00:00,2024-01-01 15:50:00+00:00,317336,317337,317338,0.5431,0.5313572737722352,0.5313572737722352,0.5662854524555297,stop,-2.162166493788409,-2.242166493788409,2
1INCH,short,2024-01-02 15:30:00+00:00,2024-01-02 15:35:00+00:00,2024-01-02 17:25:00+00:00,317622,317623,317645,0.4835,0.4869705788204277,0.4869705788204277,0.47625884235914456,stop,-0.7126875773140973,-0.7926875773140973,23
1INCH,short,2024-01-02 20:40:00+00:00,2024-01-02 20:45:00+00:00,2024-01-02 23:35:00+00:00,317684,317685,317719,0.4832,0.47461107373359734,0.4873444631332013,0.47461107373359734,take_profit,1.809676752553746,1.7296767525537462,35
1INCH,long,2024-01-03 15:05:00+00:00,2024-01-03 15:10:00+00:00,2024-01-03 16:50:00+00:00,317905,317906,317926,0.4761,0.47428869695173254,0.47428869695173254,0.479722606096535,stop,-0.3804459248618941,-0.4604459248618941,21
1INCH,long,2024-01-03 16:55:00+00:00,2024-01-03 17:00:00+00:00,2024-01-03 19:15:00+00:00,317927,317928,317955,0.4761,0.4845996659848479,0.4718501670075761,0.4845996659848479,take_profit,1.785269057939054,1.7052690579390541,28
1INCH,short,2024-01-03 20:20:00+00:00,2024-01-03 20:25:00+00:00,2024-01-03 21:00:00+00:00,317968,317969,317976,0.4705,0.4559378374758179,0.47763108126209103,0.4559378374758179,take_profit,3.193892089501005,3.1138920895010047,8
1INCH,long,2024-01-04 15:05:00+00:00,2024-01-04 15:10:00+00:00,2024-01-04 16:00:00+00:00,318193,318194,318204,0.434,0.4399039086099989,0.43119804569500053,0.4399039086099989,take_profit,1.3603476059905306,1.2803476059905305,11
1INCH,long,2024-01-05 17:00:00+00:00,2024-01-05 17:05:00+00:00,2024-01-05 19:55:00+00:00,318504,318505,318539,0.481,0.47223343194121725,0.47223343194121725,0.49853313611756545,stop,-1.8225713219922501,-1.90257132199225,35
1INCH,short,2024-01-05 20:10:00+00:00,2024-01-05 20:15:00+00:00,2024-01-05 20:35:00+00:00,318542,318543,318547,0.4714,0.47980098653297976,0.47980098653297976,0.4548980269340404,stop,-1.7509314838397683,-1.8309314838397681,5
1INCH,short,2024-01-06 15:15:00+00:00,2024-01-06 15:20:00+00:00,2024-01-06 15:55:00+00:00,318771,318772,318779,0.4379,0.4261156586112395,0.44394217069438024,0.4261156586112395,take_profit,2.765526483388814,2.6855264833888137,8
1INCH,short,2024-01-06 18:35:00+00:00,2024-01-06 18:40:00+00:00,2024-01-06 21:10:00+00:00,318811,318812,318842,0.4377,0.44137976467055484,0.44137976467055484,0.4306404706588904,stop,-0.8336958250230286,-0.9136958250230287,31
1INCH,long,2024-01-07 16:05:00+00:00,2024-01-07 16:10:00+00:00,2024-01-07 17:40:00+00:00,319069,319070,319088,0.5024,0.4907614902732803,0.4907614902732803,0.5256770194534393,stop,-2.316582350063623,-2.396582350063623,19
1INCH,short,2024-01-08 18:50:00+00:00,2024-01-08 18:55:00+00:00,2024-01-08 19:15:00+00:00,319390,319391,319395,0.3959,0.4012993907157531,0.4012993907157531,0.38480121856849375,stop,-1.3454769283658408,-1.4254769283658408,5
1INCH,long,2024-01-09 15:05:00+00:00,2024-01-09 15:10:00+00:00,2024-01-09 17:20:00+00:00,319633,319634,319660,0.4411,0.4513918390065281,0.435504080496736,0.4513918390065281,take_profit,2.333221266499219,2.253221266499219,27
1INCH,long,2024-01-09 18:00:00+00:00,2024-01-09 18:05:00+00:00,2024-01-09 18:45:00+00:00,319668,319669,319677,0.4428,0.434641904305647,0.434641904305647,0.45911619138870613,stop,-1.8423883681917497,-1.9223883681917495,9
1INCH,short,2024-01-09 18:55:00+00:00,2024-01-09 19:00:00+00:00,2024-01-09 21:55:00+00:00,319679,319680,319715,0.4316,0.4198516481248107,0.43732417593759465,0.4198516481248107,take_profit,2.7982150189623134,2.7182150189623133,36
1INCH,long,2024-01-10 15:05:00+00:00,2024-01-10 15:10:00+00:00,2024-01-10 16:10:00+00:00,319921,319922,319934,0.4248,0.42217874703668035,0.42217874703668035,0.4303425059266393,stop,-0.6170557823257261,-0.6970557823257262,13
1INCH,long,2024-01-10 18:30:00+00:00,2024-01-10 18:35:00+00:00,2024-01-10 19:25:00+00:00,319962,319963,319973,0.4249,0.4357723657681339,0.4193138171159331,0.4357723657681339,take_profit,2.558805782097884,2.4788057820978837,11
1INCH,long,2024-01-11 16:45:00+00:00,2024-01-11 16:50:00+00:00,2024-01-11 17:25:00+00:00,320229,320230,320237,0.4619,0.467264066980251,0.45906796650987447,0.467264066980251,take_profit,1.1613048236092327,1.0813048236092326,8
1INCH,long,2024-01-12 15:25:00+00:00,2024-01-12 15:30:00+00:00,2024-01-12 16:00:00+00:00,320501,320502,320508,0.5049,0.5004110314859879,0.5004110314859879,0.5135779370280243,stop,-0.8890807118265287,-0.9690807118265288,7
1INCH,long,2024-01-12 16:25:00+00:00,2024-01-12 16:30:00+00:00,2024-01-12 16:45:00+00:00,320513,320514,320517,0.5039,0.49778961516167963,0.49778961516167963,0.5167207696766407,stop,-1.2126185430284542,-1.2926185430284542,4
1INCH,short,2024-01-12 17:35:00+00:00,2024-01-12 17:40:00+00:00,2024-01-12 21:15:00+00:00,320527,320528,320571,0.4935,0.5001293668841538,0.5001293668841538,0.4799412662316925,stop,-1.325530417350873,-1.4055304173508731,44
1INCH,long,2024-01-13 15:05:00+00:00,2024-01-13 15:10:00+00:00,2024-01-13 15:10:00+00:00,320785,320786,320786,0.4904,0.48662799283247354,0.48662799283247354,0.4979440143350529,stop,-0.7691694876685307,-0.8491694876685307,1
1INCH,long,2024-01-13 15:15:00+00:00,2024-01-13 15:20:00+00:00,2024-01-13 19:10:00+00:00,320787,320788,320834,0.4907,0.48526750402391855,0.48526750402391855,0.5012649919521628,stop,-1.1070910894806385,-1.1870910894806386,47
1INCH,short,2024-01-13 19:55:00+00:00,2024-01-13 20:00:00+00:00,2024-01-13 22:30:00+00:00,320843,320844,320874,0.4794,0.48374245378813924,0.48374245378813924,0.47041509242372154,stop,-0.8976788690208792,-0.9776788690208793,31
1INCH,short,2024-01-14 15:30:00+00:00,2024-01-14 15:35:00+00:00,2024-01-14 16:05:00+00:00,321078,321079,321085,0.4773,0.48138874127552417,0.48138874127552417,0.46942251744895164,stop,-0.8493637106448126,-0.9293637106448127,7
1INCH,short,2024-01-14 16:35:00+00:00,2024-01-14 16:40:00+00:00,2024-01-14 23:20:00+00:00,321091,321092,321172,0.4772,0.46839431652216273,0.48175284173891864,0.46839431652216273,take_profit,1.879972315466949,1.7999723154669491,81
1INCH,long,2024-01-15 16:15:00+00:00,2024-01-15 16:20:00+00:00,2024-01-15 16:35:00+00:00,321375,321376,321379,0.4815,0.47663782324640475,0.47663782324640475,0.4906243535071905,stop,-1.0097978719823986,-1.0897978719823986,4
1INCH,short,2024-01-16 15:10:00+00:00,2024-01-16 15:15:00+00:00,2024-01-16 16:00:00+00:00,321650,321651,321660,0.4549,0.45859698458469655,0.45859698458469655,0.44720603083060684,stop,-0.8061510888573542,-0.8861510888573543,10
1INCH,short,2024-01-16 16:05:00+00:00,2024-01-16 16:10:00+00:00,2024-01-16 17:55:00+00:00,321661,321662,321683,0.4563,0.45926903815408504,0.45926903815408504,0.45036192369182987,stop,-0.6464703490612678,-0.7264703490612678,22
1INCH,long,2024-01-16 18:20:00+00:00,2024-01-16 18:25:00+00:00,2024-01-16 19:25:00+00:00,321688,321689,321701,0.465,0.45676882086403126,0.45676882086403126,0.48146235827193756,stop,-1.7701460507459688,-1.8501460507459686,13
1INCH,short,2024-01-17 15:35:00+00:00,2024-01-17 15:40:00+00:00,2024-01-17 18:00:00+00:00,321943,321944,321972,0.4527,0.45542251715614124,0.45542251715614124,0.4472549656877175,stop,-0.5978002961166351,-0.6778002961166352,29
1INCH,long,2024-01-18 15:05:00+00:00,2024-01-18 15:10:00+00:00,2024-01-18 15:15:00+00:00,322225,322226,322227,0.4526,0.45757043755901905,0.4501147812204905,0.45757043755901905,take_profit,1.0981965441933417,1.0181965441933416,2
1INCH,short,2024-01-18 19:35:00+00:00,2024-01-18 19:40:00+00:00,2024-01-19 01:40:00+00:00,322279,322280,322352,0.4461,0.4342170019183185,0.45204149904084073,0.4342170019183185,take_profit,2.7366496542474916,2.6566496542474916,73
1INCH,short,2024-01-19 17:25:00+00:00,2024-01-19 17:30:00+00:00,2024-01-19 17:55:00+00:00,322541,322542,322547,0.4204,0.4224273052921094,0.4224273052921094,0.4160453894157812,stop,-0.4799181460837465,-0.5599181460837466,6
1INCH,long,2024-01-20 15:15:00+00:00,2024-01-20 15:20:00+00:00,2024-01-20 18:30:00+00:00,322803,322804,322842,0.4146,0.41230937831439207,0.41230937831439207,0.4194812433712159,stop,-0.552489552727442,-0.6324895527274421,39
1INCH,short,2024-01-20 18:50:00+00:00,2024-01-20 18:55:00+00:00,2024-01-20 19:20:00+00:00,322846,322847,322852,0.4105,0.4135403126057278,0.4135403126057278,0.4047193747885444,stop,-0.7351913496826401,-0.8151913496826402,6
1INCH,long,2024-01-20 20:20:00+00:00,2024-01-20 20:25:00+00:00,2024-01-20 22:05:00+00:00,322864,322865,322885,0.4142,0.4177915034529345,0.4124042482735328,0.4177915034529345,take_profit,0.8670940253342474,0.7870940253342473,21
1INCH,short,2024-01-21 15:15:00+00:00,2024-01-21 15:20:00+00:00,2024-01-21 19:25:00+00:00,323091,323092,323141,0.4206,0.4233806070950002,0.4233806070950002,0.41503878580999953,stop,-0.6567629807324393,-0.7367629807324394,50
1INCH,short,2024-01-22 16:35:00+00:00,2024-01-22 16:40:00+00:00,2024-01-22 18:50:00+00:00,323395,323396,323422,0.4036,0.3948766527342759,0.40796167363286207,0.3948766527342759,take_profit,2.2091321949070153,2.129132194907015,27
1INCH,long,2024-01-23 15:30:00+00:00,2024-01-23 15:35:00+00:00,2024-01-23 15:45:00+00:00,323670,323671,323673,0.3889,0.3866303499582821,0.3866303499582821,0.39343930008343586,stop,-0.5836076219382647,-0.6636076219382647,3
1INCH,long,2024-01-24 15:45:00+00:00,2024-01-24 15:50:00+00:00,2024-01-24 16:20:00+00:00,323961,323962,323968,0.3729,0.3770364436964251,0.37098177815178746,0.3770364436964251,take_profit,1.1092635281375829,1.0292635281375828,7
1INCH,long,2024-01-26 18:45:00+00:00,2024-01-26 18:50:00+00:00,2024-01-26 18:55:00+00:00,324573,324574,324575,0.384,0.3807596319809569,0.3807596319809569,0.39018073603808623,stop,-0.8438458382924674,-0.9238458382924675,2
1INCH,long,2024-01-26 19:40:00+00:00,2024-01-26 19:45:00+00:00,2024-01-27 01:15:00+00:00,324584,324585,324651,0.3858,0.39340065807274344,0.38199967096362825,0.39340065807274344,take_profit,1.9701031811154568,1.890103181115457,67
1INCH,short,2024-01-27 15:40:00+00:00,2024-01-27 15:45:00+00:00,2024-01-27 16:30:00+00:00,324824,324825,324834,0.3889,0.3851882057968593,0.3907558971015704,0.3851882057968593,take_profit,0.9636313228910787,0.8836313228910786,10
1INCH,short,2024-01-28 15:10:00+00:00,2024-01-28 15:15:00+00:00,2024-01-28 16:15:00+00:00,325106,325107,325119,0.3991,0.4006578885084968,0.4006578885084968,0.3959842229830064,stop,-0.3888326058663849,-0.4688326058663849,13
1INCH,short,2024-01-28 16:30:00+00:00,2024-01-28 16:35:00+00:00,2024-01-28 17:35:00+00:00,325122,325123,325135,0.3986,0.4007914326211585,0.4007914326211585,0.39451713475768296,stop,-0.5467763137616544,-0.6267763137616544,13
1INCH,short,2024-01-28 18:10:00+00:00,2024-01-28 18:15:00+00:00,2024-01-28 19:40:00+00:00,325142,325143,325160,0.3989,0.40050685216064763,0.40050685216064763,0.39568629567870467,stop,-0.4012046615380127,-0.4812046615380127,18
1INCH,long,2024-01-29 15:05:00+00:00,2024-01-29 15:10:00+00:00,2024-01-29 19:00:00+00:00,325393,325394,325440,0.3957,0.4037046640249619,0.391847667987519,0.4037046640249619,take_profit,2.022912313611802,1.9429123136118023,47
1INCH,short,2024-01-30 15:10:00+00:00,2024-01-30 15:15:00+00:00,2024-01-30 17:35:00+00:00,325682,325683,325711,0.4142,0.4173813591059513,0.4173813591059513,0.4078372817880974,stop,-0.7622187806292757,-0.8422187806292758,29
1INCH,short,2024-01-30 18:35:00+00:00,2024-01-30 18:40:00+00:00,2024-01-30 21:50:00+00:00,325723,325724,325762,0.415,0.4091514853072025,0.4177742573463987,0.4091514853072025,take_profit,1.429425262481021,1.349425262481021,39
1INCH,short,2024-01-31 15:45:00+00:00,2024-01-31 15:50:00+00:00,2024-01-31 16:15:00+00:00,325977,325978,325983,0.4006,0.40253238634903105,0.40253238634903105,0.39673522730193794,stop,-0.48005736049160364,-0.5600573604916037,6
1INCH,short,2024-01-31 17:40:00+00:00,2024-01-31 17:45:00+00:00,2024-01-31 19:45:00+00:00,326000,326001,326025,0.4005,0.39344741308961645,0.4040262934551918,0.39344741308961645,take_profit,1.7925106826861326,1.7125106826861327,25
1INCH,long,2024-02-02 15:15:00+00:00,2024-02-02 15:20:00+00:00,2024-02-02 15:55:00+00:00,326547,326548,326555,0.3858,0.38832322415058557,0.3845383879247072,0.38832322415058557,take_profit,0.6540238855846425,0.5740238855846425,8
1INCH,short,2024-02-02 18:15:00+00:00,2024-02-02 18:20:00+00:00,2024-02-02 18:25:00+00:00,326583,326584,326585,0.3829,0.3853195854908081,0.3853195854908081,0.3780608290183839,stop,-0.627942513673696,-0.7079425136736961,2
1INCH,short,2024-02-03 16:10:00+00:00,2024-02-03 16:15:00+00:00,2024-02-03 19:45:00+00:00,326846,326847,326889,0.3977,0.4017563535916021,0.4017563535916021,0.38958729281679577,stop,-1.0096551194123782,-1.0896551194123782,43
1INCH,short,2024-02-03 20:35:00+00:00,2024-02-03 20:40:00+00:00,2024-02-03 21:10:00+00:00,326899,326900,326906,0.3995,0.4028603509327758,0.4028603509327758,0.3924792981344484,stop,-0.8341230217854045,-0.9141230217854046,7
1INCH,short,2024-02-04 15:25:00+00:00,2024-02-04 15:30:00+00:00,2024-02-04 17:25:00+00:00,327125,327126,327149,0.397,0.39901790893528455,0.39901790893528455,0.39296418212943096,stop,-0.5057188888260677,-0.5857188888260678,24
1INCH,short,2024-02-04 18:00:00+00:00,2024-02-04 18:05:00+00:00,2024-02-04 18:25:00+00:00,327156,327157,327161,0.3969,0.39869144014798563,0.39869144014798563,0.3930171197040287,stop,-0.4493299749100954,-0.5293299749100955,5
1INCH,short,2024-02-04 19:05:00+00:00,2024-02-04 19:10:00+00:00,2024-02-04 19:40:00+00:00,327169,327170,327176,0.3973,0.3992020021281741,0.3992020021281741,0.3931959957436518,stop,-0.47645104935205573,-0.5564510493520558,7
1INCH,short,2024-02-05 15:30:00+00:00,2024-02-05 15:35:00+00:00,2024-02-05 16:20:00+00:00,327414,327415,327424,0.3926,0.39421666850628656,0.39421666850628656,0.3893666629874269,stop,-0.4100964356510417,-0.4900964356510417,10
1INCH,long,2024-02-05 16:25:00+00:00,2024-02-05 16:30:00+00:00,2024-02-05 16:40:00+00:00,327425,327426,327428,0.395,0.39828295057555796,0.39335852471222105,0.39828295057555796,take_profit,0.8311267279893508,0.7511267279893508,3
1INCH,short,2024-02-06 15:10:00+00:00,2024-02-06 15:15:00+00:00,2024-02-06 15:35:00+00:00,327698,327699,327703,0.3907,0.39208128716379514,0.39208128716379514,0.3876374256724097,stop,-0.3522961204772135,-0.4322961204772135,5
1INCH,short,2024-02-06 20:35:00+00:00,2024-02-06 20:40:00+00:00,2024-02-06 20:45:00+00:00,327763,327764,327765,0.3902,0.3918934102672556,0.3918934102672556,0.3865131794654888,stop,-0.4321099112385651,-0.5121099112385652,2
1INCH,long,2024-02-10 15:20:00+00:00,2024-02-10 15:25:00+00:00,2024-02-10 15:30:00+00:00,328852,328853,328854,0.4309,0.43483210911528697,0.4289339454423565,0.43483210911528697,take_profit,0.9125340253624881,0.832534025362488,2
1INCH,long,2024-02-11 16:20:00+00:00,2024-02-11 16:25:00+00:00,2024-02-11 16:35:00+00:00,329152,329153,329155,0.4288,0.4271070053173308,0.4271070053173308,0.43188598936533845,stop,-0.39482152114487246,-0.47482152114487247,3
1INCH,long,2024-02-11 17:15:00+00:00,2024-02-11 17:20:00+00:00,2024-02-11 18:40:00+00:00,329163,329164,329180,0.4281,0.43152048112275626,0.42638975943862184,0.43152048112275626,take_profit,0.798991152243933,0.718991152243933,17
1INCH,short,2024-02-12 15:45:00+00:00,2024-02-12 15:50:00+00:00,2024-02-12 16:05:00+00:00,329433,329434,329437,0.418,0.42072711126644036,0.42072711126644036,0.41254577746711923,stop,-0.648190048469055,-0.7281900484690551,4
1INCH,short,2024-02-12 18:50:00+00:00,2024-02-12 18:55:00+00:00,2024-02-12 23:05:00+00:00,329470,329471,329521,0.418,0.4213500375555783,0.4213500375555783,0.41159992488884345,stop,-0.7950723287016292,-0.8750723287016293,51
1INCH,long,2024-02-13 15:10:00+00:00,2024-02-13 15:15:00+00:00,2024-02-13 18:45:00+00:00,329714,329715,329757,0.4359,0.43973313158266963,0.4339834342086652,0.43973313158266963,take_profit,0.8793603080224033,0.7993603080224032,43
1INCH,long,2024-02-13 20:15:00+00:00,2024-02-13 20:20:00+00:00,2024-02-13 22:25:00+00:00,329775,329776,329801,0.4358,0.4325556569012728,0.4325556569012728,0.44258868619745445,stop,-0.7444568835996423,-0.8244568835996424,26
1INCH,long,2024-02-14 17:15:00+00:00,2024-02-14 17:20:00+00:00,2024-02-14 17:55:00+00:00,330027,330028,330035,0.4405,0.4439551093357085,0.4386224453321458,0.4439551093357085,take_profit,0.7843608026580018,0.7043608026580017,8
1INCH,long,2024-02-16 15:20:00+00:00,2024-02-16 15:25:00+00:00,2024-02-16 15:40:00+00:00,330580,330581,330584,0.4605,0.4583025209886056,0.4583025209886056,0.4648949580227889,stop,-0.4771941392821777,-0.5571941392821778,4
1INCH,long,2024-02-16 19:30:00+00:00,2024-02-16 19:35:00+00:00,2024-02-16 23:05:00+00:00,330630,330631,330673,0.4603,0.45688253575904086,0.45688253575904086,0.46713492848191823,stop,-0.7424428070734623,-0.8224428070734624,43
1INCH,short,2024-02-17 15:55:00+00:00,2024-02-17 16:00:00+00:00,2024-02-17 16:35:00+00:00,330875,330876,330883,0.4499,0.45185827287892283,0.45185827287892283,0.4459834542421544,stop,-0.43338210152623624,-0.5133821015262363,8
1INCH,short,2024-02-17 17:05:00+00:00,2024-02-17 17:10:00+00:00,2024-02-17 17:25:00+00:00,330889,330890,330893,0.4503,0.4468059869406466,0.4518970065296767,0.4468059869406466,take_profit,0.7819978159373964,0.7019978159373963,4
1INCH,long,2024-02-18 18:20:00+00:00,2024-02-18 18:25:00+00:00,2024-02-18 21:55:00+00:00,331192,331193,331235,0.4552,0.45027222351147894,0.45027222351147894,0.46535555297704206,stop,-1.0825519526628025,-1.1625519526628025,43
1INCH,long,2024-02-19 15:05:00+00:00,2024-02-19 15:10:00+00:00,2024-02-19 17:45:00+00:00,331441,331442,331473,0.459,0.45699258546189186,0.45699258546189186,0.4627148290762162,stop,-0.43734521527410974,-0.5173452152741098,32
1INCH,short,2024-02-19 17:55:00+00:00,2024-02-19 18:00:00+00:00,2024-02-19 18:15:00+00:00,331475,331476,331479,0.4549,0.45700405094790286,0.45700405094790286,0.4503918981041942,stop,-0.46040094032835377,-0.5404009403283538,4
1INCH,long,2024-02-19 18:25:00+00:00,2024-02-19 18:30:00+00:00,2024-02-19 19:25:00+00:00,331481,331482,331493,0.4589,0.4565834771954346,0.4565834771954346,0.4638330456091309,stop,-0.5047990421803039,-0.584799042180304,12
1INCH,long,2024-02-20 15:15:00+00:00,2024-02-20 15:20:00+00:00,2024-02-20 16:55:00+00:00,331731,331732,331751,0.4676,0.4646742134570219,0.4646742134570219,0.4734515730859562,stop,-0.6257028535025855,-0.7057028535025855,20
1INCH,short,2024-02-21 15:05:00+00:00,2024-02-21 15:10:00+00:00,2024-02-21 16:00:00+00:00,332017,332018,332028,0.4364,0.43233020974671665,0.4384348951266417,0.43233020974671665,take_profit,0.9413615244855622,0.8613615244855621,11
1INCH,long,2024-02-22 15:30:00+00:00,2024-02-22 15:35:00+00:00,2024-02-22 17:55:00+00:00,332310,332311,332339,0.444,0.44954187570005816,0.4413790621499709,0.44954187570005816,take_profit,1.2481702027157926,1.1681702027157925,29
1INCH,long,2024-02-23 15:05:00+00:00,2024-02-23 15:10:00+00:00,2024-02-23 16:25:00+00:00,332593,332594,332609,0.4443,0.4425676091073491,0.4425676091073491,0.44806478178530185,stop,-0.38991467311521033,-0.46991467311521035,16
1INCH,short,2024-02-23 16:45:00+00:00,2024-02-23 16:50:00+00:00,2024-02-23 23:25:00+00:00,332613,332614,332693,0.4389,0.4426893220266955,0.4426893220266955,0.4310213559466091,stop,-0.8559777338534857,-0.9359777338534858,80
1INCH,long,2024-02-24 15:55:00+00:00,2024-02-24 16:00:00+00:00,2024-02-24 16:55:00+00:00,332891,332892,332903,0.5231,0.5471689765782352,0.5112155117108824,0.5471689765782352,take_profit,4.6012189979421025,4.5212189979421025,12
1INCH,long,2024-02-24 20:35:00+00:00,2024-02-24 20:40:00+00:00,2024-02-24 23:25:00+00:00,332947,332948,332981,0.5184,0.5068156200988008,0.5068156200988008,0.5415687598023984,stop,-2.2346411846449032,-2.3146411846449033,34
1INCH,short,2024-02-26 15:35:00+00:00,2024-02-26 15:40:00+00:00,2024-02-26 15:50:00+00:00,333463,333464,333466,0.4913,0.4934177467912161,0.4934177467912161,0.4867645064175679,stop,-0.42919955858664594,-0.509199558586646,3
1INCH,short,2024-02-26 16:05:00+00:00,2024-02-26 16:10:00+00:00,2024-02-26 18:15:00+00:00,333469,333470,333495,0.4909,0.48384363608287073,0.49427818195856466,0.48384363608287073,take_profit,1.4583975877530575,1.3783975877530574,26
1INCH,short,2024-02-27 15:50:00+00:00,2024-02-27 15:55:00+00:00,2024-02-27 16:45:00+00:00,333754,333755,333765,0.486,0.48940530369950375,0.48940530369950375,0.47918939260099247,stop,-0.6958044127765795,-0.7758044127765795,11
1INCH,short,2024-02-27 16:55:00+00:00,2024-02-27 17:00:00+00:00,2024-02-27 18:15:00+00:00,333767,333768,333783,0.4871,0.48951621773366544,0.48951621773366544,0.48226756453266906,stop,-0.49359298959530395,-0.573592989595304,16
1INCH,long,2024-02-27 19:50:00+00:00,2024-02-27 19:55:00+00:00,2024-02-27 20:10:00+00:00,333802,333803,333806,0.4922,0.4902765115951578,0.4902765115951578,0.4963469768096845,stop,-0.39079406843605113,-0.47079406843605115,4
1INCH,long,2024-02-28 15:35:00+00:00,2024-02-28 15:40:00+00:00,2024-02-28 16:15:00+00:00,334039,334040,334047,0.4953,0.49918754093858386,0.49320622953070803,0.49918754093858386,take_profit,0.7848861172186306,0.7048861172186305,8
1INCH,short,2024-02-28 18:05:00+00:00,2024-02-28 18:10:00+00:00,2024-02-28 18:20:00+00:00,334069,334070,334072,0.4906,0.4953054339093568,0.4953054339093568,0.4811891321812864,stop,-0.9500065186480278,-1.0300065186480278,3
1INCH,long,2024-02-29 15:10:00+00:00,2024-02-29 15:15:00+00:00,2024-02-29 15:50:00+00:00,334322,334323,334330,0.5225,0.5180631054467575,0.5180631054467575,0.5316737891064849,stop,-0.8491664216731976,-0.9291664216731976,8
1INCH,long,2024-02-29 16:20:00+00:00,2024-02-29 16:25:00+00:00,2024-03-01 01:40:00+00:00,334336,334337,334448,0.5225,0.513450439124165,0.513450439124165,0.5405991217516699,stop,-1.7319733733655474,-1.8119733733655472,112
1INCH,long,2024-03-01 16:15:00+00:00,2024-03-01 16:20:00+00:00,2024-03-01 16:40:00+00:00,334623,334624,334628,0.5323,0.5294236272688103,0.5294236272688103,0.5386527454623793,stop,-0.540366847865803,-0.6203668478658031,5
1INCH,long,2024-03-01 17:00:00+00:00,2024-03-01 17:05:00+00:00,2024-03-01 17:30:00+00:00,334632,334633,334638,0.5333,0.5290197387921459,0.5290197387921459,0.5418605224157081,stop,-0.8025991389188247,-0.8825991389188248,6
1INCH,long,2024-03-01 17:40:00+00:00,2024-03-01 17:45:00+00:00,2024-03-01 19:50:00+00:00,334640,334641,334666,0.5326,0.5406768510177258,0.528561574491137,0.5406768510177258,take_profit,1.5164947460994727,1.4364947460994726,26
1INCH,long,2024-03-02 15:15:00+00:00,2024-03-02 15:20:00+00:00,2024-03-02 16:00:00+00:00,334899,334900,334908,0.5652,0.5740230455848686,0.5607884772075657,0.5740230455848686,take_profit,1.5610484049661366,1.4810484049661365,9
1INCH,short,2024-03-04 15:05:00+00:00,2024-03-04 15:10:00+00:00,2024-03-04 16:30:00+00:00,335473,335474,335490,0.5728,0.5768192681721757,0.5768192681721757,0.5644614636556486,stop,-0.6967985284042189,-0.7767985284042189,17
1INCH,long,2024-03-04 17:25:00+00:00,2024-03-04 17:30:00+00:00,2024-03-04 18:30:00+00:00,335501,335502,335514,0.5807,0.5891183303844736,0.5764908348077632,0.5891183303844736,take_profit,1.4496866513644902,1.36968665136449,13
1INCH,long,2024-03-04 19:50:00+00:00,2024-03-04 19:55:00+00:00,2024-03-04 22:05:00+00:00,335530,335531,335557,0.5822,0.5988384154860393,0.5740307922569804,0.5988384154860393,take_profit,2.857852196159283,2.777852196159283,27
1INCH,long,2024-03-05 15:15:00+00:00,2024-03-05 15:20:00+00:00,2024-03-05 17:40:00+00:00,335763,335764,335792,0.5842,0.6008227032763186,0.5754386483618407,0.6008227032763186,take_profit,2.8453788559257953,2.7653788559257952,29
1INCH,long,2024-03-06 15:15:00+00:00,2024-03-06 15:20:00+00:00,2024-03-06 15:40:00+00:00,336051,336052,336056,0.5744,0.5937693211624255,0.5645653394187873,0.5937693211624255,take_profit,3.3720963026506734,3.2920963026506733,5
1INCH,long,2024-03-07 15:40:00+00:00,2024-03-07 15:45:00+00:00,2024-03-07 17:45:00+00:00,336344,336345,336369,0.6138,0.6279230933199268,0.6070384533400366,0.6279230933199268,take_profit,2.3009275529369155,2.2209275529369155,25
1INCH,short,2024-03-08 20:20:00+00:00,2024-03-08 20:25:00+00:00,2024-03-08 20:55:00+00:00,336688,336689,336695,0.6115,0.6163368397258912,0.6163368397258912,0.6018263205482178,stop,-0.7847721268847474,-0.8647721268847475,7
1INCH,long,2024-03-09 15:10:00+00:00,2024-03-09 15:15:00+00:00,2024-03-09 19:20:00+00:00,336914,336915,336964,0.6228,0.6157899243912318,0.6157899243912318,0.6368201512175364,stop,-1.1255741182993217,-1.2055741182993218,50
1INCH,long,2024-03-09 19:45:00+00:00,2024-03-09 19:50:00+00:00,2024-03-09 22:00:00+00:00,336969,336970,336996,0.6202,0.6283384798683461,0.6162807600658269,0.6283384798683461,take_profit,1.3122347417520386,1.2322347417520385,27
1INCH,long,2024-03-10 14:10:00+00:00,2024-03-10 14:15:00+00:00,2024-03-10 14:45:00+00:00,337190,337191,337197,0.6296,0.6267085566065008,0.6267085566065008,0.6356828867869985,stop,-0.4592508566548914,-0.5392508566548915,7
1INCH,long,2024-03-10 16:05:00+00:00,2024-03-10 16:10:00+00:00,2024-03-10 18:20:00+00:00,337213,337214,337240,0.6299,0.6266262609349121,0.6266262609349121,0.6361474781301758,stop,-0.5197236172547859,-0.599723617254786,27
1INCH,short,2024-03-10 18:30:00+00:00,2024-03-10 18:35:00+00:00,2024-03-10 22:50:00+00:00,337242,337243,337294,0.6234,0.6089016338046906,0.6303491830976546,0.6089016338046906,take_profit,2.3810686965507033,2.3010686965507032,52
1INCH,long,2024-03-11 14:10:00+00:00,2024-03-11 14:15:00+00:00,2024-03-11 14:20:00+00:00,337478,337479,337480,0.6294,0.6239092568826575,0.6239092568826575,0.6403814862346848,stop,-0.8723773621452824,-0.9523773621452825,2
1INCH,short,2024-03-11 15:00:00+00:00,2024-03-11 15:05:00+00:00,2024-03-11 15:50:00+00:00,337488,337489,337498,0.6192,0.6257340849654189,0.6257340849654189,0.606431830069162,stop,-1.0442271121893665,-1.1242271121893666,10
1INCH,long,2024-03-11 15:55:00+00:00,2024-03-11 16:00:00+00:00,2024-03-11 18:50:00+00:00,337499,337500,337534,0.6291,0.6413686093419328,0.6229656953290336,0.6413686093419328,take_profit,1.950184285794454,1.8701842857944542,35
1INCH,short,2024-03-12 14:50:00+00:00,2024-03-12 14:55:00+00:00,2024-03-12 15:05:00+00:00,337774,337775,337777,0.6509,0.6456777666991735,0.6535111166504133,0.6456777666991735,take_profit,0.808798687234269,0.7287986872342689,3
1INCH,long,2024-03-13 15:05:00+00:00,2024-03-13 15:10:00+00:00,2024-03-13 15:55:00+00:00,338065,338066,338075,0.6778,0.6898327037370761,0.672083648131462,0.6898327037370761,take_profit,1.7752587396099306,1.6952587396099308,10
1INCH,short,2024-03-15 17:40:00+00:00,2024-03-15 17:45:00+00:00,2024-03-15 18:05:00+00:00,338672,338673,338677,0.595,0.5756368492160955,0.6045315753919522,0.5756368492160955,take_profit,3.363778884251989,3.283778884251989,5
1INCH,short,2024-03-15 19:30:00+00:00,2024-03-15 19:35:00+00:00,2024-03-15 20:20:00+00:00,338694,338695,338704,0.5976,0.5792936820161266,0.6066031589919367,0.5792936820161266,take_profit,3.1601100706228236,3.0801100706228235,10
1INCH,short,2024-03-16 14:10:00+00:00,2024-03-16 14:15:00+00:00,2024-03-16 15:50:00+00:00,338918,338919,338938,0.6019,0.6085276681341841,0.6085276681341841,0.5883446637316317,stop,-1.0891317652828025,-1.1691317652828026,20
1INCH,long,2024-03-16 16:45:00+00:00,2024-03-16 16:50:00+00:00,2024-03-16 18:45:00+00:00,338949,338950,338973,0.6132,0.6096628520393477,0.6096628520393477,0.6205742959213045,stop,-0.5768343053901281,-0.6568343053901282,24
1INCH,short,2024-03-16 19:30:00+00:00,2024-03-16 19:35:00+00:00,2024-03-16 20:30:00+00:00,338982,338983,338994,0.6037,0.5936888266660659,0.609155586666967,0.5936888266660659,take_profit,1.6862660849039424,1.6062660849039425,12
1INCH,long,2024-03-17 14:05:00+00:00,2024-03-17 14:10:00+00:00,2024-03-17 14:30:00+00:00,339205,339206,339210,0.5726,0.5642422348956764,0.5642422348956764,0.5893155302086472,stop,-1.459616679064557,-1.5396166790645571,5
1INCH,short,2024-03-17 15:05:00+00:00,2024-03-17 15:10:00+00:00,2024-03-17 15:35:00+00:00,339217,339218,339223,0.5629,0.5519442683349502,0.5683778658325248,0.5519442683349502,take_profit,1.984934402543903,1.9049344025439032,6
1INCH,short,2024-03-17 18:00:00+00:00,2024-03-17 18:05:00+00:00,2024-03-17 19:15:00+00:00,339252,339253,339267,0.5626,0.5700479753483831,0.5700479753483831,0.5474040493032337,stop,-1.3065523728649886,-1.3865523728649887,15
1INCH,long,2024-03-17 19:20:00+00:00,2024-03-17 19:25:00+00:00,2024-03-17 19:45:00+00:00,339268,339269,339273,0.5729,0.5679812508027522,0.5679812508027522,0.5824374983944955,stop,-0.8585702910189896,-0.9385702910189897,5
1INCH,long,2024-03-18 14:10:00+00:00,2024-03-18 14:15:00+00:00,2024-03-18 15:30:00+00:00,339494,339495,339510,0.5954,0.5898212020976841,0.5898212020976841,0.606257595804632,stop,-0.9369831881618995,-1.0169831881618996,16
1INCH,short,2024-03-18 17:00:00+00:00,2024-03-18 17:05:00+00:00,2024-03-18 17:25:00+00:00,339528,339529,339533,0.5831,0.5707397155402292,0.5892801422298853,0.5707397155402292,take_profit,2.165660479413334,2.0856604794133338,5
1INCH,short,2024-03-19 14:10:00+00:00,2024-03-19 14:15:00+00:00,2024-03-19 16:00:00+00:00,339782,339783,339804,0.5206,0.5075616134330629,0.5271191932834685,0.5075616134330629,take_profit,2.568828339627083,2.4888283396270827,22
1INCH,short,2024-03-20 14:20:00+00:00,2024-03-20 14:25:00+00:00,2024-03-20 14:55:00+00:00,340072,340073,340079,0.4868,0.4967174165290566,0.4967174165290566,0.46696516694188683,stop,-1.996591260752878,-2.076591260752878,7
1INCH,long,2024-03-21 17:05:00+00:00,2024-03-21 17:10:00+00:00,2024-03-22 00:35:00+00:00,340393,340394,340483,0.5538,0.5494114186705135,0.5494114186705135,0.562577162658973,stop,-0.7924487774442879,-0.872448777444288,90
1INCH,long,2024-03-22 14:35:00+00:00,2024-03-22 14:40:00+00:00,2024-03-22 17:40:00+00:00,340651,340652,340688,0.5605,0.5561318673461968,0.5561318673461968,0.5692362653076064,stop,-0.7793278597329478,-0.8593278597329479,37
1INCH,long,2024-03-23 15:30:00+00:00,2024-03-23 15:35:00+00:00,2024-03-23 21:50:00+00:00,340950,340951,341026,0.5435,0.5511535534969775,0.5398232232515112,0.5511535534969775,take_profit,1.4081975155432414,1.3281975155432413,76
1INCH,long,2024-03-25 18:55:00+00:00,2024-03-25 19:00:00+00:00,2024-03-25 19:45:00+00:00,341567,341568,341577,0.5748,0.5721898496668966,0.5721898496668966,0.5803203006662068,stop,-0.4540971351954415,-0.5340971351954416,10
1INCH,long,2024-03-26 16:20:00+00:00,2024-03-26 16:25:00+00:00,2024-03-26 16:45:00+00:00,341824,341825,341829,0.6086,0.6061157445831609,0.6061157445831609,0.6138685108336783,stop,-0.40819182005243926,-0.4881918200524393,5
1INCH,long,2024-03-26 17:55:00+00:00,2024-03-26 18:00:00+00:00,2024-03-26 18:40:00+00:00,341843,341844,341852,0.608,0.6140077967708996,0.6049961016145502,0.6140077967708996,take_profit,0.9881244688979551,0.9081244688979551,9
1INCH,short,2024-03-27 14:15:00+00:00,2024-03-27 14:20:00+00:00,2024-03-27 16:15:00+00:00,342087,342088,342111,0.6026,0.594944383825242,0.606577808087379,0.594944383825242,take_profit,1.2867784591117148,1.2067784591117148,24
1INCH,long,2024-03-28 15:05:00+00:00,2024-03-28 15:10:00+00:00,2024-03-28 16:55:00+00:00,342385,342386,342407,0.5885,0.5971691954218972,0.5840154022890515,0.5971691954218972,take_profit,1.4731003265755493,1.3931003265755493,22
1INCH,short,2024-03-29 14:30:00+00:00,2024-03-29 14:35:00+00:00,2024-03-29 16:50:00+00:00,342666,342667,342694,0.5926,0.5820606254782121,0.597869687260894,0.5820606254782121,take_profit,1.8107004769698953,1.7307004769698955,28
1INCH,short,2024-03-29 17:55:00+00:00,2024-03-29 18:00:00+00:00,2024-03-29 19:05:00+00:00,342707,342708,342721,0.5924,0.5862272865385592,0.5956363567307205,0.5862272865385592,take_profit,1.0529556714919064,0.9729556714919063,14
1INCH,long,2024-03-30 14:05:00+00:00,2024-03-30 14:10:00+00:00,2024-03-30 15:00:00+00:00,342949,342950,342960,0.6126,0.6089947720286556,0.6089947720286556,0.6198104559426889,stop,-0.5885125646987288,-0.6685125646987289,11
1INCH,long,2024-03-30 15:15:00+00:00,2024-03-30 15:20:00+00:00,2024-03-30 16:55:00+00:00,342963,342964,342983,0.6112,0.6065670620205167,0.6065670620205167,0.6201658759589666,stop,-0.7580068683709529,-0.838006868370953,20
1INCH,short,2024-03-30 17:45:00+00:00,2024-03-30 17:50:00+00:00,2024-03-30 18:15:00+00:00,342993,342994,342999,0.6008,0.6044271234454096,0.6044271234454096,0.5935457531091808,stop,-0.6000927663096789,-0.680092766309679,6
1INCH,short,2024-04-02 14:10:00+00:00,2024-04-02 14:15:00+00:00,2024-04-02 15:20:00+00:00,343814,343815,343828,0.5612,0.5661655566360182,0.5661655566360182,0.5518688867279636,stop,-0.8770502864077434,-0.9570502864077435,14
1INCH,short,2024-04-02 16:25:00+00:00,2024-04-02 16:30:00+00:00,2024-04-02 17:35:00+00:00,343841,343842,343855,0.5619,0.5527305630360105,0.5663347184819947,0.5527305630360105,take_profit,1.6589343121581779,1.578934312158178,14
1INCH,long,2024-04-03 15:05:00+00:00,2024-04-03 15:10:00+00:00,2024-04-03 16:55:00+00:00,344113,344114,344135,0.5531,0.5492081582696602,0.5492081582696602,0.5611836834606797,stop,-0.7036416073657348,-0.7836416073657348,22
1INCH,long,2024-04-03 17:30:00+00:00,2024-04-03 17:35:00+00:00,2024-04-03 19:40:00+00:00,344142,344143,344168,0.5535,0.5488441206525685,0.5488441206525685,0.563111758694863,stop,-0.8411706138087616,-0.9211706138087616,26
1INCH,short,2024-04-05 14:05:00+00:00,2024-04-05 14:10:00+00:00,2024-04-05 17:20:00+00:00,344677,344678,344716,0.5355,0.5410483660913629,0.5410483660913629,0.5247032678172742,stop,-1.0254843077053044,-1.1054843077053045,39
1INCH,short,2024-04-05 18:00:00+00:00,2024-04-05 18:05:00+00:00,2024-04-05 19:30:00+00:00,344724,344725,344742,0.5357,0.526743468392124,0.5401782658039379,0.526743468392124,take_profit,1.7003593106176718,1.620359310617672,18
1INCH,long,2024-04-06 14:05:00+00:00,2024-04-06 14:10:00+00:00,2024-04-06 16:05:00+00:00,344965,344966,344989,0.5476,0.5445036499976961,0.5445036499976961,0.5534927000046078,stop,-0.5654401026851552,-0.6454401026851553,24
1INCH,short,2024-04-06 16:30:00+00:00,2024-04-06 16:35:00+00:00,2024-04-06 16:45:00+00:00,344994,344995,344997,0.5432,0.5446798076971483,0.5446798076971483,0.5402403846057034,stop,-0.27168396482417645,-0.35168396482417646,3
1INCH,long,2024-04-06 17:45:00+00:00,2024-04-06 17:50:00+00:00,2024-04-06 18:30:00+00:00,345009,345010,345018,0.5462,0.5444988093541542,0.5444988093541542,0.5496023812916917,stop,-0.3114592907077718,-0.3914592907077718,9
1INCH,long,2024-04-07 14:05:00+00:00,2024-04-07 14:10:00+00:00,2024-04-07 14:40:00+00:00,345253,345254,345260,0.552,0.5584379258007347,0.5486310370996326,0.5584379258007347,take_profit,1.1662909059301896,1.0862909059301895,7
1INCH,short,2024-04-09 15:35:00+00:00,2024-04-09 15:40:00+00:00,2024-04-09 17:05:00+00:00,345847,345848,345865,0.5965,0.5829229609051936,0.6032885195474033,0.5829229609051936,take_profit,2.3291309496066726,2.2491309496066725,18
1INCH,short,2024-04-09 19:40:00+00:00,2024-04-09 19:45:00+00:00,2024-04-09 20:20:00+00:00,345896,345897,345904,0.5967,0.6011276555845694,0.6011276555845694,0.5878446888308613,stop,-0.7365582906452173,-0.8165582906452173,8
1INCH,short,2024-04-10 17:00:00+00:00,2024-04-10 17:05:00+00:00,2024-04-10 21:30:00+00:00,346152,346153,346206,0.5687,0.5556900694870426,0.5750549652564787,0.5556900694870426,take_profit,2.341220624109197,2.261220624109197,54
1INCH,long,2024-04-11 14:05:00+00:00,2024-04-11 14:10:00+00:00,2024-04-11 18:00:00+00:00,346405,346406,346452,0.5626,0.5606502317147607,0.5606502317147607,0.5667995365704785,stop,-0.346563861578264,-0.42656386157826404,47
1INCH,short,2024-04-11 18:35:00+00:00,2024-04-11 18:40:00+00:00,2024-04-11 20:30:00+00:00,346459,346460,346482,0.5578,0.5522002296983596,0.5604498851508202,0.5522002296983596,take_profit,1.0140832981361259,0.9340832981361258,23
1INCH,long,2024-04-12 18:50:00+00:00,2024-04-12 18:55:00+00:00,2024-04-12 19:10:00+00:00,346750,346751,346754,0.5609,0.5565252862512501,0.5565252862512501,0.5702494274975,stop,-0.7799454000267159,-0.8599454000267159,4
1INCH,short,2024-04-13 16:30:00+00:00,2024-04-13 16:35:00+00:00,2024-04-13 17:05:00+00:00,347010,347011,347017,0.4692,0.46366838395326243,0.4719658080233688,0.46366838395326243,take_profit,1.193011263691246,1.113011263691246,7
1INCH,long,2024-04-14 14:05:00+00:00,2024-04-14 14:10:00+00:00,2024-04-14 16:40:00+00:00,347269,347270,347300,0.4054,0.4156310723242551,0.4002844638378724,0.4156310723242551,take_profit,2.5236981559583427,2.4436981559583426,31
1INCH,long,2024-04-15 14:20:00+00:00,2024-04-15 14:25:00+00:00,2024-04-15 15:05:00+00:00,347560,347561,347569,0.4111,0.41889215798424884,0.4072039210078756,0.41889215798424884,take_profit,1.8954410080877615,1.8154410080877617,9
1INCH,short,2024-04-17 16:05:00+00:00,2024-04-17 16:10:00+00:00,2024-04-17 20:50:00+00:00,348157,348158,348214,0.3937,0.38411194493742556,0.3984940275312872,0.38411194493742556,take_profit,2.4961616499940886,2.4161616499940886,57
1INCH,long,2024-04-19 14:45:00+00:00,2024-04-19 14:50:00+00:00,2024-04-19 15:05:00+00:00,348717,348718,348721,0.4105,0.40458680742253156,0.40458680742253156,0.4223263851549368,stop,-1.4404854025501623,-1.5204854025501624,4
1INCH,long,2024-04-19 15:35:00+00:00,2024-04-19 15:40:00+00:00,2024-04-19 19:05:00+00:00,348727,348728,348769,0.4145,0.4314843828207468,0.40615780858962663,0.4314843828207468,take_profit,4.097559184739885,4.017559184739885,42
1INCH,long,2024-04-20 15:45:00+00:00,2024-04-20 15:50:00+00:00,2024-04-20 16:10:00+00:00,349017,349018,349022,0.4208,0.41786916309953626,0.41786916309953626,0.4260616738009274,stop,-0.6964916588554582,-0.7764916588554582,5
1INCH,short,2024-04-20 18:00:00+00:00,2024-04-20 18:05:00+00:00,2024-04-20 20:10:00+00:00,349044,349045,349070,0.4149,0.4180989145376887,0.4180989145376887,0.4082021709246226,stop,-0.7651095055403179,-0.8451095055403179,26
1INCH,long,2024-04-21 14:20:00+00:00,2024-04-21 14:25:00+00:00,2024-04-21 14:35:00+00:00,349288,349289,349291,0.4391,0.43671177800596156,0.43671177800596156,0.4441764439880768,stop,-0.5438902286582614,-0.6238902286582615,3
1INCH,short,2024-04-21 15:10:00+00:00,2024-04-21 15:15:00+00:00,2024-04-21 15:15:00+00:00,349298,349299,349299,0.4349,0.437267668679389,0.437267668679389,0.430464662641222,stop,-0.541468955740465,-0.6214689557404651,1
1INCH,short,2024-04-21 16:10:00+00:00,2024-04-21 16:15:00+00:00,2024-04-21 17:05:00+00:00,349310,349311,349321,0.435,0.43703047233410375,0.43703047233410375,0.43063905533179253,stop,-0.4646065806943267,-0.5446065806943268,11
1INCH,long,2024-04-22 14:20:00+00:00,2024-04-22 14:25:00+00:00,2024-04-22 14:35:00+00:00,349576,349577,349579,0.4391,0.43591289398838146,0.43591289398838146,0.445774212023237,stop,-0.7258269213433199,-0.80582692134332,3
1INCH,long,2024-04-22 14:55:00+00:00,2024-04-22 15:00:00+00:00,2024-04-22 16:10:00+00:00,349583,349584,349598,0.4395,0.43614562023048914,0.43614562023048914,0.4462087595390217,stop,-0.7632263411856299,-0.84322634118563,15
1INCH,short,2024-04-23 16:30:00+00:00,2024-04-23 16:35:00+00:00,2024-04-23 18:00:00+00:00,349890,349891,349908,0.4291,0.43344582457420966,0.43344582457420966,0.4204083508515806,stop,-1.0026223181360039,-1.082622318136004,18
1INCH,short,2024-04-23 18:35:00+00:00,2024-04-23 18:40:00+00:00,2024-04-23 19:00:00+00:00,349915,349916,349920,0.4296,0.4322069461432334,0.4322069461432334,0.42468610771353327,stop,-0.603170811227427,-0.6831708112274271,5
1INCH,long,2024-04-23 19:30:00+00:00,2024-04-23 19:35:00+00:00,2024-04-23 20:00:00+00:00,349926,349927,349932,0.4363,0.43271725905414793,0.43271725905414793,0.4434654818917042,stop,-0.821164553255116,-0.901164553255116,6
1INCH,long,2024-04-24 14:20:00+00:00,2024-04-24 14:25:00+00:00,2024-04-24 15:00:00+00:00,350152,350153,350160,0.4502,0.4471779370312143,0.4471779370312143,0.4565441259375714,stop,-0.6712712058608905,-0.7512712058608906,8
1INCH,long,2024-04-24 16:20:00+00:00,2024-04-24 16:25:00+00:00,2024-04-24 16:30:00+00:00,350176,350177,350178,0.4503,0.44707501175865483,0.44707501175865483,0.4564499764826903,stop,-0.7161865959016578,-0.7961865959016579,2
1INCH,long,2024-04-24 17:05:00+00:00,2024-04-24 17:10:00+00:00,2024-04-24 18:05:00+00:00,350185,350186,350197,0.4501,0.4468872211661327,0.4468872211661327,0.4568255576677345,stop,-0.7137922314746192,-0.7937922314746193,12
1INCH,short,2024-04-25 19:05:00+00:00,2024-04-25 19:10:00+00:00,2024-04-25 21:10:00+00:00,350497,350498,350522,0.42,0.4244487918649648,0.4244487918649648,0.41080241627007036,stop,-1.048133944596119,-1.1281339445961192,25
1INCH,long,2024-04-26 14:15:00+00:00,2024-04-26 14:20:00+00:00,2024-04-26 15:35:00+00:00,350727,350728,350743,0.4386,0.43505906958971247,0.43505906958971247,0.44568186082057504,stop,-0.8073256749401514,-0.8873256749401515,16
1INCH,short,2024-04-26 16:05:00+00:00,2024-04-26 16:10:00+00:00,2024-04-26 19:45:00+00:00,350749,350750,350793,0.4331,0.42728837526726166,0.43585581236636917,0.42728837526726166,take_profit,1.3601176790974723,1.2801176790974722,44
1INCH,long,2024-04-27 15:05:00+00:00,2024-04-27 15:10:00+00:00,2024-04-27 15:25:00+00:00,351025,351026,351029,0.4349,0.4317251945717111,0.4317251945717111,0.44094961085657786,stop,-0.7300081463069485,-0.8100081463069486,4
1INCH,long,2024-04-28 14:20:00+00:00,2024-04-28 14:25:00+00:00,2024-04-28 15:00:00+00:00,351304,351305,351312,0.4419,0.44022066405106886,0.44022066405106886,0.44525867189786233,stop,-0.38002623872621655,-0.46002623872621656,8
1INCH,long,2024-04-28 16:10:00+00:00,2024-04-28 16:15:00+00:00,2024-04-28 17:10:00+00:00,351326,351327,351338,0.4418,0.4390514602463774,0.4390514602463774,0.44729707950724523,stop,-0.6221230768724717,-0.7021230768724718,12
1INCH,short,2024-04-28 17:35:00+00:00,2024-04-28 17:40:00+00:00,2024-04-28 19:15:00+00:00,351343,351344,351363,0.4381,0.4337983061561295,0.4402508469219352,0.4337983061561295,take_profit,0.9916345414041849,0.9116345414041849,20
1INCH,short,2024-04-29 14:20:00+00:00,2024-04-29 14:25:00+00:00,2024-04-29 15:30:00+00:00,351592,351593,351606,0.4188,0.41345680756578324,0.4214715962171084,0.41345680756578324,take_profit,1.2923217943065612,1.2123217943065612,14
1INCH,short,2024-04-30 14:15:00+00:00,2024-04-30 14:20:00+00:00,2024-04-30 17:10:00+00:00,351879,351880,351914,0.4193,0.41497255511435804,0.42161372244282097,0.41497255511435804,take_profit,1.0428267682544456,0.9628267682544456,35
1INCH,short,2024-05-02 14:20:00+00:00,2024-05-02 14:25:00+00:00,2024-05-02 18:50:00+00:00,352456,352457,352510,0.3571,0.35967925287927655,0.35967925287927655,0.35224149424144696,stop,-0.7170980418329198,-0.7970980418329199,54
1INCH,short,2024-05-03 15:15:00+00:00,2024-05-03 15:20:00+00:00,2024-05-03 19:40:00+00:00,352755,352756,352808,0.3688,0.3637684057612114,0.37131579711939433,0.3637684057612114,take_profit,1.3831861588583072,1.3031861588583071,53
1INCH,short,2024-05-04 14:15:00+00:00,2024-05-04 14:20:00+00:00,2024-05-04 17:45:00+00:00,353031,353032,353073,0.3825,0.3849492329171902,0.3849492329171902,0.37760153416561965,stop,-0.6362482913992551,-0.7162482913992552,42
1INCH,long,2024-05-04 18:20:00+00:00,2024-05-04 18:25:00+00:00,2024-05-04 18:40:00+00:00,353080,353081,353084,0.3849,0.38402257648660854,0.38402257648660854,0.38695484702678296,stop,-0.22796142202948788,-0.3079614220294879,4
1INCH,long,2024-05-04 19:30:00+00:00,2024-05-04 19:35:00+00:00,2024-05-04 19:40:00+00:00,353094,353095,353096,0.385,0.38669657851216677,0.38415171074391663,0.38669657851216677,take_profit,0.44066974341994136,0.36066974341994135,2
1INCH,short,2024-05-05 14:10:00+00:00,2024-05-05 14:15:00+00:00,2024-05-05 14:35:00+00:00,353318,353319,353323,0.3839,0.3811892195300697,0.3852553902349652,0.3811892195300697,take_profit,0.7111377581118905,0.6311377581118904,5
1INCH,short,2024-05-05 16:20:00+00:00,2024-05-05 16:25:00+00:00,2024-05-05 16:40:00+00:00,353344,353345,353348,0.384,0.38529929107304556,0.38529929107304556,0.38110141785390894,stop,-0.3372160559722448,-0.4172160559722448,4
1INCH,long,2024-05-05 18:15:00+00:00,2024-05-05 18:20:00+00:00,2024-05-05 20:05:00+00:00,353367,353368,353389,0.3866,0.3847088039307422,0.3847088039307422,0.3906823921385156,stop,-0.48918677425189294,-0.569186774251893,22
1INCH,long,2024-05-06 14:25:00+00:00,2024-05-06 14:30:00+00:00,2024-05-06 17:15:00+00:00,353609,353610,353643,0.3915,0.39659524054938583,0.3891023797253071,0.39659524054938583,take_profit,1.3014662961394086,1.2214662961394085,34
1INCH,long,2024-05-06 19:50:00+00:00,2024-05-06 19:55:00+00:00,2024-05-06 21:30:00+00:00,353674,353675,353694,0.3913,0.38634967422529,0.38634967422529,0.40090065154942,stop,-1.2650973101737795,-1.3450973101737795,20
1INCH,short,2024-05-07 14:25:00+00:00,2024-05-07 14:30:00+00:00,2024-05-07 17:15:00+00:00,353897,353898,353931,0.3768,0.3790573132259563,0.3790573132259563,0.3725853735480874,stop,-0.5955071033310277,-0.6755071033310278,34
1INCH,short,2024-05-08 15:15:00+00:00,2024-05-08 15:20:00+00:00,2024-05-08 16:00:00+00:00,354195,354196,354204,0.3638,0.3674128693501245,0.3674128693501245,0.35627426129975104,stop,-0.9833268378744875,-1.0633268378744876,9
1INCH,short,2024-05-08 16:20:00+00:00,2024-05-08 16:25:00+00:00,2024-05-08 19:00:00+00:00,354208,354209,354240,0.3641,0.36684696399038846,0.36684696399038846,0.358606072019223,stop,-0.7488037955959315,-0.8288037955959315,32
1INCH,short,2024-05-09 16:00:00+00:00,2024-05-09 16:05:00+00:00,2024-05-09 18:30:00+00:00,354492,354493,354522,0.366,0.3612300215188835,0.36838498924055824,0.3612300215188835,take_profit,1.3204822957571194,1.2404822957571193,30
1INCH,long,2024-05-10 15:55:00+00:00,2024-05-10 16:00:00+00:00,2024-05-10 16:05:00+00:00,354779,354780,354781,0.3827,0.38152409634121687,0.38152409634121687,0.3850518073175662,stop,-0.30726513163917835,-0.38726513163917836,2
1INCH,long,2024-05-10 16:25:00+00:00,2024-05-10 16:30:00+00:00,2024-05-10 20:15:00+00:00,354785,354786,354831,0.3824,0.380356523753476,0.380356523753476,0.38648695249304804,stop,-0.5343818636307507,-0.6143818636307508,46
1INCH,long,2024-05-11 14:05:00+00:00,2024-05-11 14:10:00+00:00,2024-05-11 17:15:00+00:00,355045,355046,355083,0.3638,0.36240050275646235,0.36240050275646235,0.36659899448707534,stop,-0.38468863208841464,-0.46468863208841465,38
1INCH,long,2024-05-11 18:45:00+00:00,2024-05-11 18:50:00+00:00,2024-05-11 19:30:00+00:00,355101,355102,355110,0.3639,0.3622448010252626,0.3622448010252626,0.36721039794947485,stop,-0.45484995183771026,-0.5348499518377103,9
1INCH,short,2024-05-11 19:35:00+00:00,2024-05-11 19:40:00+00:00,2024-05-11 21:05:00+00:00,355111,355112,355129,0.3614,0.36242416596318283,0.36242416596318283,0.35905166807363437,stop,-0.28258765815490916,-0.3625876581549092,18
1INCH,long,2024-05-12 16:10:00+00:00,2024-05-12 16:15:00+00:00,2024-05-12 16:15:00+00:00,355358,355359,355359,0.3644,0.3636811716417536,0.3636811716417536,0.36613765671649273,stop,-0.19726354507310084,-0.27726354507310086,1
1INCH,short,2024-05-12 16:30:00+00:00,2024-05-12 16:35:00+00:00,2024-05-12 19:15:00+00:00,355362,355363,355395,0.3614,0.36322929135620247,0.36322929135620247,0.3574414172875951,stop,-0.5036188985123924,-0.5836188985123925,33
1INCH,long,2024-05-12 19:25:00+00:00,2024-05-12 19:30:00+00:00,2024-05-12 20:05:00+00:00,355397,355398,355405,0.3649,0.3634151317667491,0.3634151317667491,0.36816973646650175,stop,-0.40692470080868626,-0.4869247008086863,8
1INCH,short,2024-05-13 14:45:00+00:00,2024-05-13 14:50:00+00:00,2024-05-13 15:10:00+00:00,355629,355630,355634,0.3451,0.3478904584784785,0.3478904584784785,0.33951908304304307,stop,-0.8021083678703689,-0.882108367870369,5
1INCH,long,2024-05-14 14:10:00+00:00,2024-05-14 14:15:00+00:00,2024-05-14 15:05:00+00:00,355910,355911,355921,0.3667,0.3637064106408803,0.3637064106408803,0.3729871787182395,stop,-0.8163592471011061,-0.8963592471011061,11
1INCH,long,2024-05-14 16:35:00+00:00,2024-05-14 16:40:00+00:00,2024-05-14 17:35:00+00:00,355939,355940,355951,0.3668,0.3644612420881142,0.3644612420881142,0.37147751582377164,stop,-0.6376112082567609,-0.717611208256761,12
1INCH,long,2024-05-14 18:10:00+00:00,2024-05-14 18:15:00+00:00,2024-05-14 20:30:00+00:00,355958,355959,355986,0.3674,0.3722226354698585,0.36513868226507074,0.3722226354698585,take_profit,1.3126389411699746,1.2326389411699745,28
1INCH,short,2024-05-15 14:05:00+00:00,2024-05-15 14:10:00+00:00,2024-05-15 15:30:00+00:00,356197,356198,356214,0.3576,0.35582609709626684,0.35848695145186654,0.35582609709626684,take_profit,0.49853086049875817,0.41853086049875815,17
1INCH,short,2024-05-15 19:40:00+00:00,2024-05-15 19:45:00+00:00,2024-05-15 20:30:00+00:00,356264,356265,356274,0.3566,0.3516779488086891,0.3592110255956555,0.3516779488086891,take_profit,1.399590508300097,1.319590508300097,10
1INCH,long,2024-05-16 14:05:00+00:00,2024-05-16 14:10:00+00:00,2024-05-16 14:35:00+00:00,356485,356486,356491,0.3818,0.3799137976213231,0.3799137976213231,0.38527240475735375,stop,-0.4940289100777595,-0.5740289100777596,6
1INCH,long,2024-05-16 15:10:00+00:00,2024-05-16 15:15:00+00:00,2024-05-16 16:15:00+00:00,356498,356499,356511,0.3821,0.38031038493739844,0.38031038493739844,0.38537923012520314,stop,-0.46836301036418115,-0.5483630103641812,13
1INCH,long,2024-05-16 16:45:00+00:00,2024-05-16 16:50:00+00:00,2024-05-16 17:30:00+00:00,356517,356518,356526,0.3821,0.38039043930648264,0.38039043930648264,0.3855191213870347,stop,-0.4474118538386196,-0.5274118538386197,9
1INCH,long,2024-05-17 14:05:00+00:00,2024-05-17 14:10:00+00:00,2024-05-17 14:40:00+00:00,356773,356774,356780,0.3808,0.3786620762746085,0.3786620762746085,0.38507584745078305,stop,-0.5614295497351707,-0.6414295497351707,7
1INCH,long,2024-05-17 15:40:00+00:00,2024-05-17 15:45:00+00:00,2024-05-17 16:10:00+00:00,356792,356793,356798,0.38,0.38457141813038587,0.37786429093480706,0.38457141813038587,take_profit,1.2030047711541814,1.1230047711541813,6
1INCH,long,2024-05-18 17:55:00+00:00,2024-05-18 18:00:00+00:00,2024-05-18 19:20:00+00:00,357107,357108,357124,0.4063,0.4041405092243778,0.4041405092243778,0.41061898155124443,stop,-0.5315015445784388,-0.6115015445784389,17
1INCH,short,2024-05-18 19:25:00+00:00,2024-05-18 19:30:00+00:00,2024-05-19 00:15:00+00:00,357125,357126,357183,0.3985,0.40502873929824335,0.40502873929824335,0.38574252140351334,stop,-1.6119200108009824,-1.6919200108009822,58
1INCH,short,2024-05-19 14:40:00+00:00,2024-05-19 14:45:00+00:00,2024-05-19 15:30:00+00:00,357356,357357,357366,0.392,0.3888987262707435,0.39370063686462825,0.3888987262707435,take_profit,0.7974502151229634,0.7174502151229634,10
1INCH,long,2024-05-20 14:10:00+00:00,2024-05-20 14:15:00+00:00,2024-05-20 15:40:00+00:00,357638,357639,357656,0.3874,0.38548991502358726,0.38548991502358726,0.39122016995282555,stop,-0.4930523945309129,-0.573052394530913,18
1INCH,short,2024-05-20 15:50:00+00:00,2024-05-20 15:55:00+00:00,2024-05-20 16:00:00+00:00,357658,357659,357660,0.3801,0.38480938433664885,0.38480938433664885,0.3706812313267023,stop,-1.2238226322799028,-1.303822632279903,2
1INCH,long,2024-05-20 16:15:00+00:00,2024-05-20 16:20:00+00:00,2024-05-20 19:00:00+00:00,357663,357664,357696,0.3873,0.3843929998689025,0.3843929998689025,0.3931140002621949,stop,-0.7505809788529438,-0.8305809788529439,33
1INCH,long,2024-05-21 15:50:00+00:00,2024-05-21 15:55:00+00:00,2024-05-21 19:00:00+00:00,357946,357947,357984,0.4228,0.4210543639791762,0.4210543639791762,0.4259912720416476,stop,-0.41287512318443076,-0.4928751231844308,38
1INCH,long,2024-05-21 19:10:00+00:00,2024-05-21 19:15:00+00:00,2024-05-21 22:35:00+00:00,357986,357987,358027,0.424,0.43200686006878536,0.4199965699656073,0.43200686006878536,take_profit,1.8884103935814522,1.8084103935814524,41
1INCH,short,2024-05-25 17:50:00+00:00,2024-05-25 17:55:00+00:00,2024-05-25 18:30:00+00:00,359122,359123,359130,0.428,0.4294080355678995,0.4294080355678995,0.42488392886420095,stop,-0.32790154148777395,-0.40790154148777397,8
1INCH,short,2024-05-26 17:45:00+00:00,2024-05-26 17:50:00+00:00,2024-05-26 18:05:00+00:00,359409,359410,359413,0.4193,0.4212430288490435,0.4212430288490435,0.41571394230191294,stop,-0.4612607725170914,-0.5412607725170915,4
1INCH,short,2024-05-26 18:25:00+00:00,2024-05-26 18:30:00+00:00,2024-05-26 18:40:00+00:00,359417,359418,359420,0.4196,0.41725753065436205,0.420921234672819,0.41725753065436205,take_profit,0.5613965413552524,0.4813965413552524,3
1INCH,short,2024-05-27 18:15:00+00:00,2024-05-27 18:20:00+00:00,2024-05-27 23:00:00+00:00,359703,359704,359760,0.4193,0.42208809757996,0.42208809757996,0.41372380484008,stop,-0.66054873282273,-0.74054873282273,57
1INCH,short,2024-05-28 14:50:00+00:00,2024-05-28 14:55:00+00:00,2024-05-28 15:40:00+00:00,359950,359951,359960,0.4122,0.41464505823486175,0.41464505823486175,0.40700988353027656,stop,-0.5896749970373039,-0.6696749970373039,10
1INCH,short,2024-05-28 16:15:00+00:00,2024-05-28 16:20:00+00:00,2024-05-28 18:35:00+00:00,359967,359968,359995,0.4119,0.41519721360448025,0.41519721360448025,0.4050055727910395,stop,-0.794131920071417,-0.874131920071417,28
1INCH,long,2024-05-29 14:30:00+00:00,2024-05-29 14:35:00+00:00,2024-05-29 15:35:00+00:00,360234,360235,360247,0.4685,0.4639812171075693,0.4639812171075693,0.4775375657848615,stop,-0.9645214284804138,-1.0445214284804138,13
1INCH,long,2024-05-29 17:15:00+00:00,2024-05-29 17:20:00+00:00,2024-05-29 17:30:00+00:00,360267,360268,360270,0.4709,0.4866890212227312,0.4634554893886344,0.4866890212227312,take_profit,3.3529456833151894,3.2729456833151893,3
1INCH,short,2024-05-30 14:05:00+00:00,2024-05-30 14:10:00+00:00,2024-05-30 14:15:00+00:00,360517,360518,360519,0.4875,0.4903375667758176,0.4903375667758176,0.4821248664483648,stop,-0.5786965894691298,-0.6586965894691299,2
1INCH,short,2024-05-30 14:20:00+00:00,2024-05-30 14:25:00+00:00,2024-05-30 17:15:00+00:00,360520,360521,360555,0.4872,0.4765522345433884,0.49252388272830583,0.4765522345433884,take_profit,2.234333339516037,2.154333339516037,35
1INCH,long,2024-06-01 14:30:00+00:00,2024-06-01 14:35:00+00:00,2024-06-01 14:45:00+00:00,361098,361099,361101,0.5068,0.5019241619699388,0.5019241619699388,0.5168516760601224,stop,-0.962083273492742,-1.042083273492742,3
1INCH,long,2024-06-01 14:55:00+00:00,2024-06-01 15:00:00+00:00,2024-06-01 16:50:00+00:00,361103,361104,361126,0.5089,0.5017125226287865,0.5017125226287865,0.523274954742427,stop,-1.412355545532229,-1.492355545532229,23
1INCH,long,2024-06-01 19:20:00+00:00,2024-06-01 19:25:00+00:00,2024-06-01 19:35:00+00:00,361156,361157,361159,0.5064,0.5020763168059795,0.5020763168059795,0.5150473663880408,stop,-0.8538078977133545,-0.9338078977133546,3
1INCH,short,2024-06-02 14:20:00+00:00,2024-06-02 14:25:00+00:00,2024-06-02 15:00:00+00:00,361384,361385,361392,0.4873,0.4892235090794955,0.4892235090794955,0.483452981841009,stop,-0.3931759295694337,-0.4731759295694337,8
1INCH,short,2024-06-02 15:20:00+00:00,2024-06-02 15:25:00+00:00,2024-06-02 15:35:00+00:00,361396,361397,361399,0.4863,0.48908465877043367,0.48908465877043367,0.4807306824591327,stop,-0.5693612998277864,-0.6493612998277865,3
1INCH,short,2024-06-02 15:40:00+00:00,2024-06-02 15:45:00+00:00,2024-06-02 15:50:00+00:00,361400,361401,361402,0.4868,0.4902459350047469,0.4902459350047469,0.4802081299905062,stop,-0.7028992509062859,-0.782899250906286,2
1INCH,long,2024-06-03 14:15:00+00:00,2024-06-03 14:20:00+00:00,2024-06-03 14:45:00+00:00,361671,361672,361677,0.4759,0.4710947385514229,0.4710947385514229,0.48521052289715416,stop,-1.0097208339098662,-1.0897208339098663,6
1INCH,long,2024-06-03 15:30:00+00:00,2024-06-03 15:35:00+00:00,2024-06-03 16:25:00+00:00,361686,361687,361697,0.4756,0.4728721030788744,0.4728721030788744,0.4810557938422513,stop,-0.5735695797152274,-0.6535695797152274,11
1INCH,long,2024-06-03 19:45:00+00:00,2024-06-03 19:50:00+00:00,2024-06-03 23:30:00+00:00,361737,361738,361782,0.477,0.4682612420222752,0.4682612420222752,0.49477751595544966,stop,-1.832024733275639,-1.9120247332756388,45
1INCH,long,2024-06-05 14:15:00+00:00,2024-06-05 14:20:00+00:00,2024-06-05 15:20:00+00:00,362247,362248,362260,0.4794,0.48525700247084264,0.47647149876457867,0.48525700247084264,take_profit,1.2217360181148607,1.1417360181148606,13
1INCH,long,2024-06-05 16:50:00+00:00,2024-06-05 16:55:00+00:00,2024-06-05 23:20:00+00:00,362278,362279,362356,0.4799,0.4847641575407301,0.47731792122963496,0.4847641575407301,take_profit,1.0135773162596617,0.9335773162596617,78
1INCH,short,2024-06-06 14:25:00+00:00,2024-06-06 14:30:00+00:00,2024-06-06 18:10:00+00:00,362537,362538,362582,0.4741,0.4757439787729617,0.4757439787729617,0.47081204245407665,stop,-0.34555955436406105,-0.42555955436406107,45
1INCH,long,2024-06-07 14:05:00+00:00,2024-06-07 14:10:00+00:00,2024-06-07 14:40:00+00:00,362821,362822,362828,0.4903,0.4949892579078066,0.4878053710460967,0.4949892579078066,take_profit,0.9564058551512655,0.8764058551512655,7
1INCH,long,2024-06-08 14:10:00+00:00,2024-06-08 14:15:00+00:00,2024-06-08 15:05:00+00:00,363110,363111,363121,0.4808,0.47724639976134364,0.47724639976134364,0.48790720047731273,stop,-0.7391015471415074,-0.8191015471415075,11
1INCH,long,2024-06-08 15:25:00+00:00,2024-06-08 15:30:00+00:00,2024-06-08 19:15:00+00:00,363125,363126,363171,0.4814,0.4758434937583355,0.4758434937583355,0.49251301248332896,stop,-1.15423893678116,-1.2342389367811601,46
1INCH,short,2024-06-09 14:05:00+00:00,2024-06-09 14:10:00+00:00,2024-06-09 14:20:00+00:00,363397,363398,363400,0.4414,0.4449687266588646,0.4449687266588646,0.4342625466822708,stop,-0.8020174104506395,-0.8820174104506395,3
1INCH,short,2024-06-11 15:30:00+00:00,2024-06-11 15:35:00+00:00,2024-06-11 16:15:00+00:00,363990,363991,363999,0.4204,0.4231714974854822,0.4231714974854822,0.4151570050290355,stop,-0.6549348200317495,-0.7349348200317496,9
1INCH,short,2024-06-11 16:40:00+00:00,2024-06-11 16:45:00+00:00,2024-06-11 17:00:00+00:00,364004,364005,364008,0.4212,0.42347450768002937,0.42347450768002937,0.4166509846399413,stop,-0.5371061631289309,-0.617106163128931,4
1INCH,short,2024-06-11 18:15:00+00:00,2024-06-11 18:20:00+00:00,2024-06-11 19:10:00+00:00,364023,364024,364034,0.4211,0.4237144284671037,0.4237144284671037,0.4161711430657926,stop,-0.6170260655418591,-0.6970260655418592,11
1INCH,long,2024-06-12 17:10:00+00:00,2024-06-12 17:15:00+00:00,2024-06-12 17:40:00+00:00,364298,364299,364304,0.4139,0.41198326788255524,0.41198326788255524,0.4177334642348895,stop,-0.4630906299697424,-0.5430906299697424,6
1INCH,long,2024-06-12 18:35:00+00:00,2024-06-12 18:40:00+00:00,2024-06-12 19:05:00+00:00,364315,364316,364321,0.4141,0.4183718478562915,0.4118140760718542,0.4183718478562915,take_profit,1.0315981299906962,0.9515981299906962,6
1INCH,short,2024-06-13 15:30:00+00:00,2024-06-13 15:35:00+00:00,2024-06-13 16:15:00+00:00,364566,364567,364575,0.4139,0.41699718316516626,0.41699718316516626,0.40770563366966744,stop,-0.7427347929924832,-0.8227347929924833,9
1INCH,short,2024-06-13 18:05:00+00:00,2024-06-13 18:10:00+00:00,2024-06-13 19:55:00+00:00,364597,364598,364619,0.4137,0.4160586927606134,0.4160586927606134,0.4092826144787732,stop,-0.5669134671752896,-0.6469134671752896,22
1INCH,long,2024-06-14 14:15:00+00:00,2024-06-14 14:20:00+00:00,2024-06-14 16:30:00+00:00,364839,364840,364866,0.423,0.4191071679775077,0.4191071679775077,0.43108566404498455,stop,-0.9202912582724099,-1.00029125827241,27
1INCH,long,2024-06-14 17:10:00+00:00,2024-06-14 17:15:00+00:00,2024-06-14 18:00:00+00:00,364874,364875,364884,0.4223,0.4191452967333285,0.4191452967333285,0.428609406533343,stop,-0.7470289525625118,-0.8270289525625119,10
1INCH,short,2024-06-14 18:05:00+00:00,2024-06-14 18:10:00+00:00,2024-06-14 19:30:00+00:00,364885,364886,364902,0.4175,0.4202817015143821,0.4202817015143821,0.41193659697123575,stop,-0.6618659590362674,-0.7418659590362675,17
1INCH,long,2024-06-15 14:40:00+00:00,2024-06-15 14:45:00+00:00,2024-06-15 15:40:00+00:00,365132,365133,365144,0.4066,0.4110488160406421,0.40452559197967897,0.4110488160406421,take_profit,1.0941505264737028,1.0141505264737027,12
1INCH,long,2024-06-15 17:15:00+00:00,2024-06-15 17:20:00+00:00,2024-06-15 18:10:00+00:00,365163,365164,365174,0.4065,0.4099599629074393,0.40447001854628034,0.4099599629074393,take_profit,0.8511593868239409,0.7711593868239408,11
1INCH,short,2024-06-17 14:40:00+00:00,2024-06-17 14:45:00+00:00,2024-06-17 15:00:00+00:00,365708,365709,365712,0.4115,0.40634959945400323,0.4142252002729984,0.40634959945400323,take_profit,1.2674801581980422,1.187480158198042,4
1INCH,short,2024-06-18 14:45:00+00:00,2024-06-18 14:50:00+00:00,2024-06-18 15:25:00+00:00,365997,365998,366005,0.3747,0.37824764365657904,0.37824764365657904,0.367904712686842,stop,-0.9379156000242195,-1.0179156000242195,8
1INCH,long,2024-06-19 15:20:00+00:00,2024-06-19 15:25:00+00:00,2024-06-19 17:30:00+00:00,366292,366293,366318,0.4334,0.42592535988887686,0.42592535988887686,0.44864928022224626,stop,-1.7246516177026217,-1.8046516177026215,26
1INCH,long,2024-06-19 19:35:00+00:00,2024-06-19 19:40:00+00:00,2024-06-20 02:05:00+00:00,366343,366344,366421,0.4325,0.44395705243757055,0.42662147378121473,0.44395705243757055,take_profit,2.6490294653342294,2.5690294653342294,78
1INCH,long,2024-06-20 14:45:00+00:00,2024-06-20 14:50:00+00:00,2024-06-20 19:00:00+00:00,366573,366574,366624,0.4555,0.4504498045628119,0.4504498045628119,0.4656003908743762,stop,-1.1087146953212113,-1.1887146953212113,51
1INCH,short,2024-06-20 19:10:00+00:00,2024-06-20 19:15:00+00:00,2024-06-20 19:45:00+00:00,366626,366627,366633,0.4485,0.45202536772422564,0.45202536772422564,0.4411492645515488,stop,-0.7799048407337139,-0.859904840733714,7
1INCH,short,2024-06-21 14:05:00+00:00,2024-06-21 14:10:00+00:00,2024-06-21 15:20:00+00:00,366853,366854,366868,0.4173,0.41064952887776707,0.4206252355611165,0.41064952887776707,take_profit,1.6195004875343422,1.539500487534342,15
1INCH,short,2024-06-21 19:50:00+00:00,2024-06-21 19:55:00+00:00,2024-06-21 21:45:00+00:00,366922,366923,366945,0.4177,0.4098675574112632,0.42146622129436845,0.4098675574112632,take_profit,1.9109691526225658,1.830969152622566,23
1INCH,long,2024-06-22 14:15:00+00:00,2024-06-22 14:20:00+00:00,2024-06-22 17:10:00+00:00,367143,367144,367178,0.4024,0.4000625842741205,0.4000625842741205,0.40707483145175893,stop,-0.5808687191549367,-0.6608687191549367,35
1INCH,short,2024-06-22 17:15:00+00:00,2024-06-22 17:20:00+00:00,2024-06-22 18:45:00+00:00,367179,367180,367197,0.3996,0.4022386617748084,0.4022386617748084,0.39432267645038327,stop,-0.6559940715707757,-0.7359940715707758,18
1INCH,long,2024-06-22 19:40:00+00:00,2024-06-22 19:45:00+00:00,2024-06-22 20:00:00+00:00,367208,367209,367212,0.402,0.4001973542045701,0.4001973542045701,0.40590529159085986,stop,-0.4484193520969959,-0.528419352096996,4
1INCH,short,2024-06-24 14:05:00+00:00,2024-06-24 14:10:00+00:00,2024-06-24 14:40:00+00:00,367717,367718,367724,0.382,0.37512546752880827,0.3854372662355959,0.37512546752880827,take_profit,1.8325955090382706,1.7525955090382708,7
1INCH,short,2024-06-24 16:50:00+00:00,2024-06-24 16:55:00+00:00,2024-06-24 17:30:00+00:00,367750,367751,367758,0.3832,0.38645674871786534,0.38645674871786534,0.3763865025642693,stop,-0.8427201048164301,-0.9227201048164302,8
1INCH,short,2024-06-24 18:05:00+00:00,2024-06-24 18:10:00+00:00,2024-06-24 18:30:00+00:00,367765,367766,367770,0.3831,0.37673107410141327,0.38628446294929336,0.37673107410141327,take_profit,1.6905762057929596,1.6105762057929598,5
1INCH,long,2024-06-24 19:00:00+00:00,2024-06-24 19:05:00+00:00,2024-06-25 04:40:00+00:00,367776,367777,367892,0.3887,0.3820492015563884,0.3820492015563884,0.4020015968872232,stop,-1.71103638888902,-1.79103638888902,116
1INCH,long,2024-06-25 18:50:00+00:00,2024-06-25 18:55:00+00:00,2024-06-26 07:00:00+00:00,368062,368063,368208,0.4021,0.3977770439360021,0.3977770439360021,0.4107459121279958,stop,-1.0750947684650347,-1.1550947684650348,146
1INCH,short,2024-06-26 14:20:00+00:00,2024-06-26 14:25:00+00:00,2024-06-26 14:45:00+00:00,368296,368297,368301,0.3943,0.3960851071525956,0.3960851071525956,0.39102978569480873,stop,-0.4506877740060755,-0.5306877740060756,5
1INCH,short,2024-06-26 15:05:00+00:00,2024-06-26 15:10:00+00:00,2024-06-26 17:10:00+00:00,368305,368306,368330,0.3945,0.39101231263738895,0.39624384368130555,0.39101231263738895,take_profit,0.8919635648009461,0.811963564800946,25
1INCH,short,2024-06-27 14:25:00+00:00,2024-06-27 14:30:00+00:00,2024-06-27 16:15:00+00:00,368585,368586,368607,0.3882,0.38968756058674225,0.38968756058674225,0.3849248788265155,stop,-0.381731606855118,-0.461731606855118,22
1INCH,long,2024-06-28 14:05:00+00:00,2024-06-28 14:10:00+00:00,2024-06-28 14:20:00+00:00,368869,368870,368872,0.3999,0.3984735645857131,0.3984735645857131,0.4030528708285739,stop,-0.35669802807873907,-0.4366980280787391,3
1INCH,long,2024-06-28 14:25:00+00:00,2024-06-28 14:30:00+00:00,2024-06-28 18:45:00+00:00,368873,368874,368925,0.3999,0.40369469085107496,0.3978526545744625,0.40369469085107496,take_profit,0.9489099402538059,0.8689099402538059,52
1INCH,short,2024-06-29 14:05:00+00:00,2024-06-29 14:10:00+00:00,2024-06-29 14:55:00+00:00,369157,369158,369167,0.3917,0.39310593945970973,0.39310593945970973,0.3888881210805805,stop,-0.3576489995653742,-0.43764899956537423,10
1INCH,short,2024-06-29 15:35:00+00:00,2024-06-29 15:40:00+00:00,2024-06-29 16:15:00+00:00,369175,369176,369183,0.3916,0.3929769901268749,0.3929769901268749,0.3891460197462501,stop,-0.350399682798308,-0.43039968279830804,8
1INCH,short,2024-06-29 17:20:00+00:00,2024-06-29 17:25:00+00:00,2024-06-29 20:45:00+00:00,369196,369197,369237,0.3918,0.3931186141892293,0.3931186141892293,0.3888627716215414,stop,-0.3354240022311883,-0.4154240022311883,41
1INCH,short,2024-06-30 14:05:00+00:00,2024-06-30 14:10:00+00:00,2024-06-30 14:35:00+00:00,369445,369446,369451,0.3821,0.38396754156154006,0.38396754156154006,0.37866491687691983,stop,-0.4863800606543567,-0.5663800606543568,6
1INCH,long,2024-07-02 15:50:00+00:00,2024-07-02 15:55:00+00:00,2024-07-02 16:05:00+00:00,370042,370043,370045,0.3933,0.39190990538623766,0.39190990538623766,0.39608018922752464,stop,-0.3534438377224336,-0.4334438377224336,3
1INCH,short,2024-07-02 16:10:00+00:00,2024-07-02 16:15:00+00:00,2024-07-02 18:05:00+00:00,370046,370047,370069,0.3912,0.39291443128549736,0.39291443128549736,0.38777113742900526,stop,-0.43633706196238853,-0.5163370619623886,23
1INCH,long,2024-07-02 19:15:00+00:00,2024-07-02 19:20:00+00:00,2024-07-02 22:35:00+00:00,370083,370084,370123,0.3931,0.3964951338424423,0.39140243307877887,0.3964951338424423,take_profit,0.8636819746736801,0.7836819746736801,40
1INCH,short,2024-07-03 19:15:00+00:00,2024-07-03 19:20:00+00:00,2024-07-03 21:10:00+00:00,370371,370372,370394,0.39,0.38313611377893897,0.39343194311053054,0.38313611377893897,take_profit,1.7915007158582075,1.7115007158582076,23
1INCH,short,2024-07-04 14:10:00+00:00,2024-07-04 14:15:00+00:00,2024-07-04 16:15:00+00:00,370598,370599,370623,0.361,0.35660562731645773,0.3631971863417711,0.35660562731645773,take_profit,1.232277997577036,1.1522779975770359,25
1INCH,short,2024-07-05 15:35:00+00:00,2024-07-05 15:40:00+00:00,2024-07-05 15:45:00+00:00,370903,370904,370905,0.3134,0.31707643657664897,0.31707643657664897,0.3060471268467021,stop,-1.1594795931044288,-1.239479593104429,2
1INCH,long,2024-07-06 14:30:00+00:00,2024-07-06 14:35:00+00:00,2024-07-06 15:15:00+00:00,371178,371179,371187,0.3646,0.37068005273782206,0.36140997363108895,0.37068005273782206,take_profit,1.667595375156905,1.5875953751569052,9
1INCH,short,2024-07-07 14:05:00+00:00,2024-07-07 14:10:00+00:00,2024-07-07 14:15:00+00:00,371461,371462,371463,0.3894,0.39192858852969226,0.39192858852969226,0.3840428229406154,stop,-0.64516562549779,-0.7251656254977901,2
1INCH,long,2024-07-07 16:00:00+00:00,2024-07-07 16:05:00+00:00,2024-07-07 16:15:00+00:00,371484,371485,371487,0.3957,0.3928622204667054,0.3928622204667054,0.4013755590665892,stop,-0.717154291962252,-0.7971542919622521,3
1INCH,short,2024-07-07 16:30:00+00:00,2024-07-07 16:35:00+00:00,2024-07-07 17:00:00+00:00,371490,371491,371496,0.3897,0.3931322655195914,0.3931322655195914,0.3825354689608172,stop,-0.8730561748868659,-0.953056174886866,6
1INCH,long,2024-07-08 15:15:00+00:00,2024-07-08 15:20:00+00:00,2024-07-08 17:45:00+00:00,371763,371764,371793,0.376,0.3891410739789779,0.36957946301051103,0.3891410739789779,take_profit,3.494966483770723,3.4149664837707228,30
1INCH,long,2024-07-09 17:40:00+00:00,2024-07-09 17:45:00+00:00,2024-07-09 19:20:00+00:00,372080,372081,372100,0.4057,0.40017887142092223,0.40017887142092223,0.4164422571581556,stop,-1.3608894698244445,-1.4408894698244445,20
1INCH,short,2024-07-10 14:30:00+00:00,2024-07-10 14:35:00+00:00,2024-07-10 16:45:00+00:00,372330,372331,372357,0.406,0.3997673524788191,0.40941632376059045,0.3997673524788191,take_profit,1.5590686639452622,1.4790686639452622,27
1INCH,long,2024-07-11 17:50:00+00:00,2024-07-11 17:55:00+00:00,2024-07-11 18:45:00+00:00,372658,372659,372669,0.4117,0.41001852078719986,0.41001852078719986,0.4150629584256003,stop,-0.4084234182171853,-0.4884234182171853,11
1INCH,short,2024-07-11 19:10:00+00:00,2024-07-11 19:15:00+00:00,2024-07-11 20:35:00+00:00,372674,372675,372691,0.4081,0.41058887698311186,0.41058887698311186,0.4028222460337762,stop,-0.6061725299037257,-0.6861725299037258,17
1INCH,long,2024-07-12 14:30:00+00:00,2024-07-12 14:35:00+00:00,2024-07-12 15:20:00+00:00,372906,372907,372916,0.4056,0.40375639915230815,0.40375639915230815,0.40928720169538374,stop,-0.4545366981488774,-0.5345366981488775,10
1INCH,short,2024-07-12 18:05:00+00:00,2024-07-12 18:10:00+00:00,2024-07-12 18:35:00+00:00,372949,372950,372955,0.4008,0.3982942191808145,0.40220289040959273,0.3982942191808145,take_profit,0.629128091374076,0.5491280913740759,6
1INCH,long,2024-07-13 14:20:00+00:00,2024-07-13 14:25:00+00:00,2024-07-13 18:30:00+00:00,373192,373193,373242,0.407,0.4107911825199971,0.40495440874000144,0.4107911825199971,take_profit,0.9314944766577682,0.8514944766577681,50
1INCH,short,2024-07-14 14:10:00+00:00,2024-07-14 14:15:00+00:00,2024-07-14 14:30:00+00:00,373478,373479,373482,0.4122,0.4153433718373952,0.4153433718373952,0.40621325632520955,stop,-0.7568128085178261,-0.8368128085178261,4
1INCH,short,2024-07-14 15:25:00+00:00,2024-07-14 15:30:00+00:00,2024-07-14 15:50:00+00:00,373493,373494,373498,0.4118,0.4136458262408855,0.4136458262408855,0.40810834751822905,stop,-0.44623349827070946,-0.5262334982707095,5
1INCH,long,2024-07-14 18:45:00+00:00,2024-07-14 18:50:00+00:00,2024-07-14 19:00:00+00:00,373533,373534,373536,0.4149,0.4180852749213299,0.413457362539335,0.4180852749213299,take_profit,0.7677211186623012,0.6877211186623011,3
1INCH,long,2024-07-15 15:50:00+00:00,2024-07-15 15:55:00+00:00,2024-07-15 17:45:00+00:00,373786,373787,373809,0.4252,0.42267219571636894,0.42267219571636894,0.4302556085672622,stop,-0.5944977148709008,-0.6744977148709008,23
1INCH,short,2024-07-15 19:50:00+00:00,2024-07-15 19:55:00+00:00,2024-07-15 20:35:00+00:00,373834,373835,373843,0.4195,0.4212767878048027,0.4212767878048027,0.4162464243903945,stop,-0.42176256946442336,-0.5017625694644234,9
1INCH,short,2024-07-16 14:20:00+00:00,2024-07-16 14:25:00+00:00,2024-07-16 15:50:00+00:00,374056,374057,374074,0.4241,0.41568225992017005,0.428458870039915,0.41568225992017005,take_profit,2.025041935021843,1.945041935021843,18
1INCH,short,2024-07-17 17:15:00+00:00,2024-07-17 17:20:00+00:00,2024-07-17 17:25:00+00:00,374379,374380,374381,0.4239,0.4277012610716735,0.4277012610716735,0.41659747785665296,stop,-0.8887654579621374,-0.9687654579621374,2
1INCH,long,2024-07-17 18:45:00+00:00,2024-07-17 18:50:00+00:00,2024-07-17 20:00:00+00:00,374397,374398,374412,0.4339,0.43112448574990353,0.43112448574990353,0.439151028500193,stop,-0.6396668011284801,-0.7196668011284801,15
1INCH,short,2024-07-18 14:05:00+00:00,2024-07-18 14:10:00+00:00,2024-07-18 14:45:00+00:00,374629,374630,374637,0.4273,0.42897066856692534,0.42897066856692534,0.42395866286614936,stop,-0.3894598603924493,-0.4694598603924493,8
1INCH,long,2024-07-18 15:30:00+00:00,2024-07-18 15:35:00+00:00,2024-07-18 16:25:00+00:00,374646,374647,374657,0.4306,0.4277263028977205,0.4277263028977205,0.43604739420455896,stop,-0.6673704371294664,-0.7473704371294665,11
1INCH,short,2024-07-18 16:35:00+00:00,2024-07-18 16:40:00+00:00,2024-07-18 18:35:00+00:00,374659,374660,374683,0.4273,0.42162586279020353,0.43013706860489825,0.42162586279020353,take_profit,1.3457754162058855,1.2657754162058854,24
1INCH,long,2024-07-19 15:00:00+00:00,2024-07-19 15:05:00+00:00,2024-07-19 16:10:00+00:00,374928,374929,374942,0.4154,0.4126641244211017,0.4126641244211017,0.4211717511577966,stop,-0.6586123203895844,-0.7386123203895845,14
1INCH,long,2024-07-20 15:05:00+00:00,2024-07-20 15:10:00+00:00,2024-07-20 15:45:00+00:00,375217,375218,375225,0.4262,0.42832920042430644,0.4252853997878468,0.42832920042430644,take_profit,0.4995777626246811,0.4195777626246811,8
1INCH,long,2024-07-20 18:05:00+00:00,2024-07-20 18:10:00+00:00,2024-07-20 20:20:00+00:00,375253,375254,375280,0.4265,0.42466536501202673,0.42466536501202673,0.42986926997594654,stop,-0.43016060679326173,-0.5101606067932618,27
1INCH,long,2024-07-21 14:45:00+00:00,2024-07-21 14:50:00+00:00,2024-07-21 15:10:00+00:00,375501,375502,375506,0.4335,0.43095684673514495,0.43095684673514495,0.4382863065297101,stop,-0.5866558857797077,-0.6666558857797078,5
1INCH,short,2024-07-21 15:35:00+00:00,2024-07-21 15:40:00+00:00,2024-07-21 16:20:00+00:00,375511,375512,375520,0.4284,0.4233530692319677,0.4307734653840162,0.4233530692319677,take_profit,1.1921327928927639,1.1121327928927638,9
1INCH,short,2024-07-22 14:20:00+00:00,2024-07-22 14:25:00+00:00,2024-07-22 15:40:00+00:00,375784,375785,375800,0.4223,0.4178957391698509,0.4243521304150746,0.4178957391698509,take_profit,1.0539137917266572,0.9739137917266572,16
1INCH,long,2024-07-22 19:00:00+00:00,2024-07-22 19:05:00+00:00,2024-07-22 22:40:00+00:00,375840,375841,375884,0.427,0.42395459575500266,0.42395459575500266,0.4324908084899947,stop,-0.7132094250579257,-0.7932094250579258,44
1INCH,short,2024-07-23 14:05:00+00:00,2024-07-23 14:10:00+00:00,2024-07-23 15:35:00+00:00,376069,376070,376087,0.4119,0.4054442499352245,0.4152778750323877,0.4054442499352245,take_profit,1.5922657839658294,1.5122657839658293,18
1INCH,short,2024-07-24 14:05:00+00:00,2024-07-24 14:10:00+00:00,2024-07-24 17:05:00+00:00,376357,376358,376393,0.3951,0.396506790111212,0.396506790111212,0.3919864197775761,stop,-0.35479596977832095,-0.43479596977832097,36
1INCH,short,2024-07-25 14:50:00+00:00,2024-07-25 14:55:00+00:00,2024-07-25 15:35:00+00:00,376654,376655,376663,0.3673,0.3686033925398157,0.3686033925398157,0.36439321492036864,stop,-0.3536029689891973,-0.4336029689891973,9
1INCH,short,2024-07-25 16:55:00+00:00,2024-07-25 17:00:00+00:00,2024-07-25 17:10:00+00:00,376679,376680,376682,0.3673,0.36848737878008575,0.36848737878008575,0.36492524243982855,stop,-0.3222305154702121,-0.4022305154702121,3
1INCH,short,2024-07-25 17:30:00+00:00,2024-07-25 17:35:00+00:00,2024-07-25 19:25:00+00:00,376686,376687,376709,0.3669,0.3632616245852591,0.36856918770737046,0.3632616245852591,take_profit,1.001585405255745,0.9215854052557448,23
1INCH,long,2024-07-26 14:30:00+00:00,2024-07-26 14:35:00+00:00,2024-07-26 16:10:00+00:00,376938,376939,376958,0.3675,0.3707325791664266,0.3658837104167867,0.3707325791664266,take_profit,0.8796133786194815,0.7996133786194815,20
1INCH,long,2024-07-27 15:50:00+00:00,2024-07-27 15:55:00+00:00,2024-07-27 16:25:00+00:00,377242,377243,377249,0.3742,0.3760878378427146,0.3731060810786427,0.3760878378427146,take_profit,0.5044996907307864,0.42449969073078636,7
1INCH,short,2024-07-28 14:05:00+00:00,2024-07-28 14:10:00+00:00,2024-07-28 14:30:00+00:00,377509,377510,377514,0.3619,0.3638396274380581,0.3638396274380581,0.3580207451238838,stop,-0.5330995558993412,-0.6130995558993413,5
1INCH,long,2024-07-29 14:30:00+00:00,2024-07-29 14:35:00+00:00,2024-07-29 16:55:00+00:00,377802,377803,377831,0.3709,0.3740654349773942,0.36916728251130293,0.3740654349773942,take_profit,0.8534470146654538,0.7734470146654537,29
1INCH,long,2024-07-30 15:00:00+00:00,2024-07-30 15:05:00+00:00,2024-07-30 17:10:00+00:00,378096,378097,378122,0.3736,0.37203341226106984,0.37203341226106984,0.3767331754778603,stop,-0.4193221999277741,-0.4993221999277741,26
1INCH,short,2024-07-30 18:05:00+00:00,2024-07-30 18:10:00+00:00,2024-07-30 21:15:00+00:00,378133,378134,378171,0.3697,0.36602549392883205,0.37153725303558394,0.36602549392883205,take_profit,1.0038934806771538,0.9238934806771537,38
1INCH,short,2024-07-31 14:05:00+00:00,2024-07-31 14:10:00+00:00,2024-07-31 14:40:00+00:00,378373,378374,378380,0.3458,0.3471376667882345,0.3471376667882345,0.343124666423531,stop,-0.38534187332961434,-0.46534187332961435,7
1INCH,short,2024-07-31 19:40:00+00:00,2024-07-31 19:45:00+00:00,2024-07-31 20:15:00+00:00,378440,378441,378447,0.3458,0.34709075641792725,0.34709075641792725,0.3432184871641455,stop,-0.37187864962127115,-0.45187864962127117,7
1INCH,long,2024-08-01 17:15:00+00:00,2024-08-01 17:20:00+00:00,2024-08-01 18:40:00+00:00,378699,378700,378716,0.3394,0.34295288400907237,0.3376235579954638,0.34295288400907237,take_profit,1.0468132024373578,0.9668132024373577,17
1INCH,short,2024-08-03 17:30:00+00:00,2024-08-03 17:35:00+00:00,2024-08-03 21:25:00+00:00,379278,379279,379325,0.3144,0.3163667514848863,0.3163667514848863,0.31046649703022744,stop,-0.6216681985876216,-0.7016681985876216,47
1INCH,short,2024-08-04 16:30:00+00:00,2024-08-04 16:35:00+00:00,2024-08-04 21:30:00+00:00,379554,379555,379614,0.2977,0.2995267832392631,0.2995267832392631,0.2940464335214739,stop,-0.6098897799746372,-0.6898897799746373,60
1INCH,short,2024-08-05 14:05:00+00:00,2024-08-05 14:10:00+00:00,2024-08-05 15:20:00+00:00,379813,379814,379828,0.2434,0.23022245022365415,0.2498387748881729,0.23022245022365415,take_profit,5.723833519947452,5.643833519947452,15
1INCH,short,2024-08-05 16:30:00+00:00,2024-08-05 16:35:00+00:00,2024-08-05 16:45:00+00:00,379842,379843,379845,0.244,0.2489927222755802,0.2489927222755802,0.2340145554488396,stop,-2.0051679542883782,-2.0851679542883783,3
1INCH,short,2024-08-05 17:05:00+00:00,2024-08-05 17:10:00+00:00,2024-08-05 20:05:00+00:00,379849,379850,379885,0.2439,0.23193167966628792,0.25003416016685603,0.23193167966628792,take_profit,5.160278384967754,5.0802783849677535,36
1INCH,long,2024-08-06 14:35:00+00:00,2024-08-06 14:40:00+00:00,2024-08-06 17:25:00+00:00,380107,380108,380141,0.2659,0.2633265705156597,0.2633265705156597,0.27104685896868064,stop,-0.9678185349154989,-1.047818534915499,34
1INCH,long,2024-08-09 16:05:00+00:00,2024-08-09 16:10:00+00:00,2024-08-09 16:30:00+00:00,380989,380990,380994,0.2742,0.27578644529376206,0.273256777353119,0.27578644529376206,take_profit,0.5785723171998658,0.4985723171998658,5
1INCH,long,2024-08-09 19:35:00+00:00,2024-08-09 19:40:00+00:00,2024-08-09 21:50:00+00:00,381031,381032,381058,0.2741,0.27173778578931146,0.27173778578931146,0.2788244284213771,stop,-0.8618074464387226,-0.9418074464387227,27
1INCH,short,2024-08-11 14:10:00+00:00,2024-08-11 14:15:00+00:00,2024-08-11 14:50:00+00:00,381542,381543,381550,0.2741,0.27494285838456983,0.27494285838456983,0.2721142832308604,stop,-0.3065576569335371,-0.3865576569335371,8
1INCH,long,2024-08-11 17:00:00+00:00,2024-08-11 17:05:00+00:00,2024-08-11 17:10:00+00:00,381576,381577,381578,0.2758,0.27491842648884085,0.27491842648884085,0.27786314702231824,stop,-0.3196423173165819,-0.3996423173165819,2
1INCH,long,2024-08-11 17:15:00+00:00,2024-08-11 17:20:00+00:00,2024-08-11 18:15:00+00:00,381579,381580,381591,0.276,0.27856561006123653,0.2745671949693817,0.27856561006123653,take_profit,0.9295688627668497,0.8495688627668496,12
1INCH,short,2024-08-12 14:45:00+00:00,2024-08-12 14:50:00+00:00,2024-08-12 14:55:00+00:00,381837,381838,381839,0.256,0.25685078719885623,0.25685078719885623,0.2539984256022876,stop,-0.3312379175998137,-0.4112379175998137,2
1INCH,short,2024-08-12 15:05:00+00:00,2024-08-12 15:10:00+00:00,2024-08-12 16:20:00+00:00,381841,381842,381856,0.2558,0.2531225149319798,0.25713874253401015,0.2531225149319798,take_profit,1.0577822635571277,0.9777822635571276,15
1INCH,long,2024-08-12 16:30:00+00:00,2024-08-12 16:35:00+00:00,2024-08-12 21:30:00+00:00,381858,381859,381918,0.2589,0.2666119844442286,0.2550440077778857,0.2666119844442286,take_profit,2.978750268145469,2.898750268145469,60
1INCH,short,2024-08-13 17:20:00+00:00,2024-08-13 17:25:00+00:00,2024-08-14 00:00:00+00:00,382156,382157,382236,0.2542,0.2563029571507882,0.2563029571507882,0.25029408569842365,stop,-0.820496639666557,-0.900496639666557,80
1INCH,short,2024-08-15 14:40:00+00:00,2024-08-15 14:45:00+00:00,2024-08-15 15:20:00+00:00,382700,382701,382708,0.2553,0.2527250647582934,0.2565874676208533,0.2527250647582934,take_profit,1.0188681697121282,0.9388681697121282,8
1INCH,short,2024-08-15 17:45:00+00:00,2024-08-15 17:50:00+00:00,2024-08-15 18:00:00+00:00,382737,382738,382740,0.2553,0.25642108776937306,0.25642108776937306,0.25275782446125383,stop,-0.4372057614782987,-0.5172057614782988,3
1INCH,short,2024-08-15 18:20:00+00:00,2024-08-15 18:25:00+00:00,2024-08-15 20:25:00+00:00,382744,382745,382769,0.255,0.2563028962423543,0.2563028962423543,0.2523942075152914,stop,-0.5083423798388553,-0.5883423798388554,25
1INCH,long,2024-08-16 14:30:00+00:00,2024-08-16 14:35:00+00:00,2024-08-16 17:40:00+00:00,382986,382987,383024,0.2496,0.24853249131598598,0.24853249131598598,0.252035017368028,stop,-0.4276877740440721,-0.5076877740440722,38
1INCH,long,2024-08-17 14:10:00+00:00,2024-08-17 14:15:00+00:00,2024-08-17 17:25:00+00:00,383270,383271,383309,0.2432,0.24238365146838906,0.24238365146838906,0.2448326970632219,stop,-0.33566962648475807,-0.4156696264847581,39
1INCH,long,2024-08-17 17:50:00+00:00,2024-08-17 17:55:00+00:00,2024-08-17 18:30:00+00:00,383314,383315,383322,0.2433,0.24493852373025624,0.24248073813487186,0.24493852373025624,take_profit,0.6734581710876375,0.5934581710876374,8
1INCH,long,2024-08-18 15:05:00+00:00,2024-08-18 15:10:00+00:00,2024-08-18 17:30:00+00:00,383569,383570,383598,0.2418,0.24067567206554574,0.24067567206554574,0.24404865586890848,stop,-0.4649826031655313,-0.5449826031655314,29
1INCH,long,2024-08-18 17:40:00+00:00,2024-08-18 17:45:00+00:00,2024-08-18 18:45:00+00:00,383600,383601,383613,0.2418,0.244238032619317,0.24058098369034148,0.244238032619317,take_profit,1.0082847887994406,0.9282847887994405,13
1INCH,short,2024-08-19 14:25:00+00:00,2024-08-19 14:30:00+00:00,2024-08-19 15:25:00+00:00,383849,383850,383861,0.2413,0.24238148279315927,0.24238148279315927,0.23913703441368142,stop,-0.4461903527845812,-0.5261903527845813,12
1INCH,long,2024-08-19 15:45:00+00:00,2024-08-19 15:50:00+00:00,2024-08-19 16:20:00+00:00,383865,383866,383872,0.2433,0.24202422677183585,0.24202422677183585,0.24585154645632826,stop,-0.5243621981767865,-0.6043621981767866,7
1INCH,short,2024-08-19 16:30:00+00:00,2024-08-19 16:35:00+00:00,2024-08-19 17:20:00+00:00,383874,383875,383884,0.2412,0.24241666922339208,0.24241666922339208,0.23876666155321583,stop,-0.5018917334727147,-0.5818917334727147,10
1INCH,long,2024-08-20 14:05:00+00:00,2024-08-20 14:10:00+00:00,2024-08-20 14:25:00+00:00,384133,384134,384137,0.2642,0.26196367056701014,0.26196367056701014,0.26897265886597965,stop,-0.8464532297463467,-0.9264532297463468,4
1INCH,long,2024-08-20 15:50:00+00:00,2024-08-20 15:55:00+00:00,2024-08-20 18:55:00+00:00,384154,384155,384191,0.2638,0.2679347650738095,0.26173261746309523,0.2679347650738095,take_profit,1.5673863054622927,1.4873863054622927,37
1INCH,long,2024-08-21 14:05:00+00:00,2024-08-21 14:10:00+00:00,2024-08-21 15:05:00+00:00,384421,384422,384433,0.2612,0.2629171990953143,0.26019140045234285,0.2629171990953143,take_profit,0.6574269124480558,0.5774269124480558,12
1INCH,long,2024-08-21 17:25:00+00:00,2024-08-21 17:30:00+00:00,2024-08-21 17:55:00+00:00,384461,384462,384467,0.2616,0.2600570671301538,0.2600570671301538,0.2646858657396924,stop,-0.5898061429075674,-0.6698061429075675,6
1INCH,long,2024-08-21 18:55:00+00:00,2024-08-21 19:00:00+00:00,2024-08-21 19:50:00+00:00,384479,384480,384490,0.2612,0.26386728300304685,0.25986635849847656,0.26386728300304685,take_profit,1.0211650088234547,0.9411650088234547,11
1INCH,long,2024-08-22 14:35:00+00:00,2024-08-22 14:40:00+00:00,2024-08-22 14:50:00+00:00,384715,384716,384718,0.2658,0.2649591603380289,0.2649591603380289,0.26778167932394226,stop,-0.3163429879499913,-0.3963429879499913,3
1INCH,long,2024-08-22 15:00:00+00:00,2024-08-22 15:05:00+00:00,2024-08-22 20:10:00+00:00,384720,384721,384782,0.2668,0.2709238809744907,0.2648880595127547,0.2709238809744907,take_profit,1.5456825241719319,1.4656825241719318,62
1INCH,long,2024-08-23 14:10:00+00:00,2024-08-23 14:15:00+00:00,2024-08-23 14:35:00+00:00,384998,384999,385003,0.27,0.2718390726501796,0.26908046367491023,0.2718390726501796,take_profit,0.6811380185850258,0.6011380185850257,5
1INCH,long,2024-08-24 14:15:00+00:00,2024-08-24 14:20:00+00:00,2024-08-24 18:05:00+00:00,385287,385288,385333,0.2815,0.2865863009031239,0.27910684954843806,0.2865863009031239,take_profit,1.80685644871188,1.72685644871188,46
1INCH,short,2024-08-25 15:15:00+00:00,2024-08-25 15:20:00+00:00,2024-08-25 16:10:00+00:00,385587,385588,385598,0.2776,0.27366315868005103,0.2794184206599745,0.27366315868005103,take_profit,1.4385719067693925,1.3585719067693924,11
1INCH,short,2024-08-26 14:25:00+00:00,2024-08-26 14:30:00+00:00,2024-08-26 16:05:00+00:00,385865,385866,385885,0.2692,0.26642425260927327,0.27073787369536334,0.26642425260927327,take_profit,1.0418523702485638,0.9618523702485637,20
1INCH,short,2024-08-26 18:00:00+00:00,2024-08-26 18:05:00+00:00,2024-08-26 18:40:00+00:00,385908,385909,385916,0.2697,0.2721953236599286,0.2721953236599286,0.2647093526801428,stop,-0.9167400917754809,-0.996740091775481,8
1INCH,short,2024-08-26 19:40:00+00:00,2024-08-26 19:45:00+00:00,2024-08-26 21:30:00+00:00,385928,385929,385950,0.2699,0.264953341256771,0.2722233293716145,0.264953341256771,take_profit,1.8669923994032889,1.786992399403289,22
1INCH,long,2024-08-27 14:15:00+00:00,2024-08-27 14:20:00+00:00,2024-08-27 17:15:00+00:00,386151,386152,386187,0.2592,0.25798179536047405,0.25798179536047405,0.2613364092790519,stop,-0.46998635784178955,-0.5499863578417896,36
1INCH,short,2024-08-27 18:35:00+00:00,2024-08-27 18:40:00+00:00,2024-08-27 19:05:00+00:00,386203,386204,386209,0.2575,0.2546475040808585,0.25892624795957075,0.2546475040808585,take_profit,1.120174308967803,1.0401743089678028,6
1INCH,short,2024-08-28 16:35:00+00:00,2024-08-28 16:40:00+00:00,2024-08-28 17:00:00+00:00,386467,386468,386472,0.2376,0.2348695360919776,0.2389652319540112,0.2348695360919776,take_profit,1.1625449402485,1.0825449402485,5
1INCH,short,2024-08-28 17:45:00+00:00,2024-08-28 17:50:00+00:00,2024-08-28 18:10:00+00:00,386481,386482,386486,0.2379,0.23942079719307813,0.23942079719307813,0.23455840561384378,stop,-0.6351984501378527,-0.7151984501378528,5
1INCH,long,2024-08-29 14:35:00+00:00,2024-08-29 14:40:00+00:00,2024-08-29 15:00:00+00:00,386731,386732,386736,0.2478,0.251725795748286,0.245837102125857,0.251725795748286,take_profit,1.5842597854261564,1.5042597854261563,5
1INCH,long,2024-08-29 19:00:00+00:00,2024-08-29 19:05:00+00:00,2024-08-29 20:40:00+00:00,386784,386785,386804,0.2472,0.2496193254406994,0.2459903372796503,0.2496193254406994,take_profit,0.978691521318531,0.8986915213185309,20
1INCH,short,2024-08-30 14:05:00+00:00,2024-08-30 14:10:00+00:00,2024-08-30 15:40:00+00:00,387013,387014,387032,0.2438,0.24526541500554186,0.24526541500554186,0.2411691699889163,stop,-0.5974813063263529,-0.677481306326353,19
1INCH,short,2024-09-01 14:05:00+00:00,2024-09-01 14:10:00+00:00,2024-09-01 14:35:00+00:00,387589,387590,387595,0.2366,0.2346121462786959,0.23759392686065206,0.2346121462786959,take_profit,0.8472936089773953,0.7672936089773952,6
1INCH,long,2024-09-01 16:55:00+00:00,2024-09-01 17:00:00+00:00,2024-09-01 17:30:00+00:00,387623,387624,387630,0.2384,0.23675297045572602,0.23675297045572602,0.24169405908854796,stop,-0.6908680974303638,-0.7708680974303639,7
1INCH,long,2024-09-03 14:25:00+00:00,2024-09-03 14:30:00+00:00,2024-09-03 17:40:00+00:00,388169,388170,388208,0.2354,0.23423275881644004,0.23423275881644004,0.23773448236711991,stop,-0.49585436854713283,-0.5758543685471329,39
1INCH,long,2024-09-03 19:20:00+00:00,2024-09-03 19:25:00+00:00,2024-09-03 19:45:00+00:00,388228,388229,388233,0.2352,0.23433908640942516,0.23433908640942516,0.23692182718114965,stop,-0.3660346898702538,-0.4460346898702538,5
1INCH,long,2024-09-04 14:05:00+00:00,2024-09-04 14:10:00+00:00,2024-09-04 23:35:00+00:00,388453,388454,388567,0.2353,0.24649484003603517,0.2298525799819824,0.24649484003603517,take_profit,4.75768807311312,4.67768807311312,114
1INCH,short,2024-09-05 15:05:00+00:00,2024-09-05 15:10:00+00:00,2024-09-05 17:00:00+00:00,388753,388754,388776,0.269,0.2608164949295987,0.2730917525352007,0.2608164949295987,take_profit,3.1376485879891503,3.05764858798915,23
1INCH,short,2024-09-06 14:20:00+00:00,2024-09-06 14:25:00+00:00,2024-09-06 16:20:00+00:00,389032,389033,389056,0.2545,0.2498257937748622,0.2566871031125689,0.2498257937748622,take_profit,1.8709862398556432,1.7909862398556433,24
1INCH,short,2024-09-06 19:00:00+00:00,2024-09-06 19:05:00+00:00,2024-09-06 21:55:00+00:00,389088,389089,389123,0.2537,0.2569917480827741,0.2569917480827741,0.24711650383445177,stop,-1.280876957074073,-1.360876957074073,35
1INCH,long,2024-09-07 14:05:00+00:00,2024-09-07 14:10:00+00:00,2024-09-07 14:25:00+00:00,389317,389318,389321,0.2568,0.25317348686274527,0.25317348686274527,0.2640530262745094,stop,-1.412193589273636,-1.492193589273636,4
1INCH,long,2024-09-07 14:45:00+00:00,2024-09-07 14:50:00+00:00,2024-09-07 17:40:00+00:00,389325,389326,389360,0.2562,0.26133508426704144,0.25363245786647926,0.26133508426704144,take_profit,2.0043264118038584,1.9243264118038585,35
1INCH,short,2024-09-08 15:15:00+00:00,2024-09-08 15:20:00+00:00,2024-09-08 17:35:00+00:00,389619,389620,389647,0.2502,0.25153073604844056,0.25153073604844056,0.24723852790311884,stop,-0.5290550448611153,-0.6090550448611154,28
1INCH,short,2024-09-08 18:50:00+00:00,2024-09-08 18:55:00+00:00,2024-09-09 07:15:00+00:00,389662,389663,389811,0.2488,0.2513384676419426,0.2513384676419426,0.24372306471611474,stop,-1.0099797558879575,-1.0899797558879576,149
1INCH,long,2024-09-09 15:30:00+00:00,2024-09-09 15:35:00+00:00,2024-09-09 16:45:00+00:00,389910,389911,389925,0.2487,0.2529208892574193,0.24658955537129035,0.2529208892574193,take_profit,1.6971810443985769,1.617181044398577,15
1INCH,short,2024-09-11 14:10:00+00:00,2024-09-11 14:15:00+00:00,2024-09-11 15:35:00+00:00,390470,390471,390487,0.2447,0.24717583250494216,0.24717583250494216,0.2397483349901157,stop,-1.0016482921697656,-1.0816482921697657,17
1INCH,short,2024-09-11 17:10:00+00:00,2024-09-11 17:15:00+00:00,2024-09-11 22:05:00+00:00,390506,390507,390565,0.2453,0.2473757213508314,0.2473757213508314,0.24114855729833715,stop,-0.8390966338558403,-0.9190966338558404,59
1INCH,long,2024-09-12 14:10:00+00:00,2024-09-12 14:15:00+00:00,2024-09-12 18:55:00+00:00,390758,390759,390815,0.2515,0.24947511135160427,0.24947511135160427,0.25554977729679146,stop,-0.8051247110917426,-0.8851247110917426,57
1INCH,long,2024-09-13 14:40:00+00:00,2024-09-13 14:45:00+00:00,2024-09-13 16:50:00+00:00,391052,391053,391078,0.2636,0.2677950112306991,0.26150249438465045,0.2677950112306991,take_profit,1.5914306641498843,1.5114306641498843,26
1INCH,short,2024-09-14 14:25:00+00:00,2024-09-14 14:30:00+00:00,2024-09-14 14:40:00+00:00,391337,391338,391340,0.2645,0.26528719020274744,0.26528719020274744,0.26232561959450507,stop,-0.2967313280923256,-0.3767313280923256,3
1INCH,short,2024-09-14 14:50:00+00:00,2024-09-14 14:55:00+00:00,2024-09-14 20:10:00+00:00,391342,391343,391406,0.2643,0.2608913789196885,0.26585431054015574,0.2608913789196885,take_profit,1.3065288299008104,1.2265288299008104,64
1INCH,short,2024-09-15 17:55:00+00:00,2024-09-15 18:00:00+00:00,2024-09-15 19:25:00+00:00,391667,391668,391685,0.2588,0.25703869841631705,0.25968065079184144,0.25703869841631705,take_profit,0.6852281755761913,0.6052281755761912,18
1INCH,short,2024-09-16 18:35:00+00:00,2024-09-16 18:40:00+00:00,2024-09-16 22:35:00+00:00,391963,391964,392011,0.2381,0.2354040097854719,0.23944799510726406,0.2354040097854719,take_profit,1.1452609566782623,1.0652609566782623,48
1INCH,long,2024-09-17 14:10:00+00:00,2024-09-17 14:15:00+00:00,2024-09-17 14:55:00+00:00,392198,392199,392207,0.2384,0.24039829330684603,0.23755085334657697,0.24039829330684603,take_profit,0.8382102797172886,0.7582102797172885,9
1INCH,long,2024-09-17 16:05:00+00:00,2024-09-17 16:10:00+00:00,2024-09-17 20:00:00+00:00,392221,392222,392268,0.2386,0.24073043271167469,0.23753478364416267,0.24073043271167469,take_profit,0.8928888146163771,0.8128888146163771,47
1INCH,long,2024-09-18 15:20:00+00:00,2024-09-18 15:25:00+00:00,2024-09-18 16:00:00+00:00,392500,392501,392508,0.2428,0.24492210663759642,0.24173894668120177,0.24492210663759642,take_profit,0.8740142658963945,0.7940142658963945,8
1INCH,short,2024-09-18 18:45:00+00:00,2024-09-18 18:50:00+00:00,2024-09-18 19:55:00+00:00,392541,392542,392555,0.2386,0.24019392748774737,0.24019392748774737,0.23541214502450528,stop,-0.6636002435276733,-0.7436002435276734,14
1INCH,long,2024-09-19 14:55:00+00:00,2024-09-19 15:00:00+00:00,2024-09-19 15:10:00+00:00,392783,392784,392786,0.2612,0.259815763659407,0.259815763659407,0.2642684726811859,stop,-0.5299526571948654,-0.6099526571948655,3
1INCH,long,2024-09-19 15:25:00+00:00,2024-09-19 15:30:00+00:00,2024-09-19 16:40:00+00:00,392789,392790,392804,0.2616,0.265261823312061,0.2597690883439695,0.265261823312061,take_profit,1.399779553540137,1.3197795535401369,15
1INCH,long,2024-09-20 14:15:00+00:00,2024-09-20 14:20:00+00:00,2024-09-20 15:00:00+00:00,393063,393064,393072,0.2741,0.278462947790148,0.272068526104926,0.278462947790148,take_profit,1.5917357862634152,1.511735786263415,9
1INCH,long,2024-09-21 14:30:00+00:00,2024-09-21 14:35:00+00:00,2024-09-21 17:40:00+00:00,393354,393355,393392,0.2743,0.27793410925539175,0.2724829453723041,0.27793410925539175,take_profit,1.3248666625562455,1.2448666625562455,38
1INCH,short,2024-09-22 14:05:00+00:00,2024-09-22 14:10:00+00:00,2024-09-22 17:30:00+00:00,393637,393638,393678,0.2824,0.27845206670474065,0.28437396664762965,0.27845206670474065,take_profit,1.4178143268893661,1.337814326889366,41
1INCH,long,2024-09-23 15:25:00+00:00,2024-09-23 15:30:00+00:00,2024-09-23 16:15:00+00:00,393941,393942,393951,0.2817,0.2798220404791072,0.2798220404791072,0.28545591904178563,stop,-0.6666522970865563,-0.7466522970865563,10
1INCH,short,2024-09-25 15:20:00+00:00,2024-09-25 15:25:00+00:00,2024-09-25 15:50:00+00:00,394516,394517,394522,0.2932,0.29625947941814923,0.29625947941814923,0.2867810411637016,stop,-1.0327026241178872,-1.1127026241178872,6
1INCH,short,2024-09-25 16:10:00+00:00,2024-09-25 16:15:00+00:00,2024-09-25 16:55:00+00:00,394526,394527,394535,0.293,0.29528612974633084,0.29528612974633084,0.28842774050733827,stop,-0.7742083071408667,-0.8542083071408668,9
1INCH,long,2024-09-25 18:05:00+00:00,2024-09-25 18:10:00+00:00,2024-09-25 18:50:00+00:00,394549,394550,394558,0.2973,0.2953495364991709,0.2953495364991709,0.3015009270016582,stop,-0.6560590315604187,-0.7360590315604187,9
1INCH,long,2024-09-26 14:15:00+00:00,2024-09-26 14:20:00+00:00,2024-09-26 15:30:00+00:00,394791,394792,394806,0.2946,0.29811390142485533,0.29299304928757236,0.29811390142485533,take_profit,1.1927703410914425,1.1127703410914425,15
1INCH,long,2024-09-27 14:05:00+00:00,2024-09-27 14:10:00+00:00,2024-09-27 14:30:00+00:00,395077,395078,395082,0.3097,0.3076445523015546,0.3076445523015546,0.3138108953968908,stop,-0.6636899252326134,-0.7436899252326135,5
1INCH,long,2024-09-27 14:45:00+00:00,2024-09-27 14:50:00+00:00,2024-09-27 19:05:00+00:00,395085,395086,395137,0.3097,0.3069273318492947,0.3069273318492947,0.3152453363014105,stop,-0.8952754764950832,-0.9752754764950833,52
1INCH,short,2024-09-27 19:15:00+00:00,2024-09-27 19:20:00+00:00,2024-09-27 19:25:00+00:00,395139,395140,395141,0.3046,0.3073588856276995,0.3073588856276995,0.29938222874460113,stop,-0.8976104992263978,-0.9776104992263979,2
1INCH,short,2024-09-28 14:25:00+00:00,2024-09-28 14:30:00+00:00,2024-09-28 15:35:00+00:00,395369,395370,395383,0.3121,0.30649797324796574,0.3149010133760171,0.30649797324796574,take_profit,1.827753277670796,1.7477532776707962,14
1INCH,short,2024-09-29 14:10:00+00:00,2024-09-29 14:15:00+00:00,2024-09-29 14:25:00+00:00,395654,395655,395657,0.2976,0.29939971334325527,0.29939971334325527,0.2940005733134894,stop,-0.6011072365964321,-0.6811072365964321,3
1INCH,short,2024-09-29 14:30:00+00:00,2024-09-29 14:35:00+00:00,2024-09-29 16:10:00+00:00,395658,395659,395678,0.2978,0.29313863427755543,0.3002806828612223,0.29313863427755543,take_profit,1.590157412697435,1.5101574126974349,20
1INCH,short,2024-09-30 18:55:00+00:00,2024-09-30 19:00:00+00:00,2024-09-30 22:15:00+00:00,395999,396000,396039,0.2869,0.290366335976006,0.290366335976006,0.280267328047988,stop,-1.1937802515414209,-1.273780251541421,40
1INCH,long,2024-10-01 15:20:00+00:00,2024-10-01 15:25:00+00:00,2024-10-01 20:25:00+00:00,396244,396245,396305,0.288,0.28624465617101,0.28624465617101,0.2915106876579799,stop,-0.6094943850659562,-0.6894943850659563,61
1INCH,short,2024-10-02 14:50:00+00:00,2024-10-02 14:55:00+00:00,2024-10-02 15:30:00+00:00,396526,396527,396534,0.2592,0.26092220299378427,0.26092220299378427,0.2557555940124314,stop,-0.6600446317039932,-0.7400446317039933,8
1INCH,long,2024-10-02 15:35:00+00:00,2024-10-02 15:40:00+00:00,2024-10-02 18:30:00+00:00,396535,396536,396570,0.2631,0.26093828641831684,0.26093828641831684,0.26712342716336634,stop,-0.8216319200620159,-0.901631920062016,35
1INCH,short,2024-10-02 18:45:00+00:00,2024-10-02 18:50:00+00:00,2024-10-02 19:25:00+00:00,396573,396574,396581,0.2585,0.26136491014408514,0.26136491014408514,0.25277017971182975,stop,-1.0961341912752443,-1.1761341912752443,8
1INCH,long,2024-10-04 14:40:00+00:00,2024-10-04 14:45:00+00:00,2024-10-04 16:00:00+00:00,397100,397101,397116,0.25,0.24899096790304234,0.24899096790304234,0.2523180641939153,stop,-0.40361283878306287,-0.4836128387830629,16
1INCH,long,2024-10-04 16:20:00+00:00,2024-10-04 16:25:00+00:00,2024-10-04 17:20:00+00:00,397120,397121,397132,0.2506,0.25393255806480336,0.24878372096759832,0.25393255806480336,take_profit,1.329831630009326,1.249831630009326,12
1INCH,long,2024-10-05 14:05:00+00:00,2024-10-05 14:10:00+00:00,2024-10-05 22:45:00+00:00,397381,397382,397485,0.2584,0.2568835339379828,0.2568835339379828,0.26143293212403446,stop,-0.586867671059299,-0.6668676710592991,104
1INCH,long,2024-10-06 15:25:00+00:00,2024-10-06 15:30:00+00:00,2024-10-06 15:45:00+00:00,397685,397686,397689,0.2593,0.2585450400724699,0.2585450400724699,0.2608099198550601,stop,-0.2911530765638437,-0.3711530765638437,4
1INCH,long,2024-10-06 17:20:00+00:00,2024-10-06 17:25:00+00:00,2024-10-06 19:20:00+00:00,397708,397709,397732,0.2594,0.2583783979400056,0.2583783979400056,0.26144320411998884,stop,-0.3938327139531239,-0.47383271395312393,24
1INCH,long,2024-10-07 14:05:00+00:00,2024-10-07 14:10:00+00:00,2024-10-07 14:30:00+00:00,397957,397958,397962,0.2674,0.26625033246307644,0.26625033246307644,0.2696993350738472,stop,-0.42994298314270596,-0.509942983142706,5
1INCH,long,2024-10-07 15:00:00+00:00,2024-10-07 15:05:00+00:00,2024-10-07 16:15:00+00:00,397968,397969,397983,0.2672,0.2661767591907657,0.2661767591907657,0.26924648161846854,stop,-0.3829494046535431,-0.4629494046535431,15
1INCH,long,2024-10-07 16:30:00+00:00,2024-10-07 16:35:00+00:00,2024-10-07 16:40:00+00:00,397986,397987,397988,0.2671,0.26607127359272875,0.26607127359272875,0.2694574528145425,stop,-0.38514653959986767,-0.4651465395998677,2
1INCH,short,2024-10-08 14:20:00+00:00,2024-10-08 14:25:00+00:00,2024-10-09 00:30:00+00:00,398248,398249,398370,0.2608,0.25546551660729744,0.2636172416963513,0.25546551660729744,take_profit,2.0881422524444693,2.008142252444469,122
1INCH,long,2024-10-09 14:30:00+00:00,2024-10-09 14:35:00+00:00,2024-10-09 15:05:00+00:00,398538,398539,398545,0.2539,0.2555696756186677,0.2529151621906662,0.2555696756186677,take_profit,0.6576115079431677,0.5776115079431676,7
1INCH,short,2024-10-10 14:05:00+00:00,2024-10-10 14:10:00+00:00,2024-10-10 14:45:00+00:00,398821,398822,398829,0.2496,0.25051220865331936,0.25051220865331936,0.24777558269336125,stop,-0.3641374040104228,-0.44413740401042284,8
1INCH,long,2024-10-10 15:55:00+00:00,2024-10-10 16:00:00+00:00,2024-10-10 16:30:00+00:00,398843,398844,398850,0.2507,0.24997310455812294,0.24997310455812294,0.2524537908837542,stop,-0.2899463270351177,-0.3699463270351177,7
1INCH,long,2024-10-11 15:25:00+00:00,2024-10-11 15:30:00+00:00,2024-10-11 18:10:00+00:00,399125,399126,399158,0.2505,0.2526088072084914,0.2495955963957543,0.2526088072084914,take_profit,0.8418392049865719,0.7618392049865719,33
1INCH,long,2024-10-12 14:45:00+00:00,2024-10-12 14:50:00+00:00,2024-10-12 23:40:00+00:00,399405,399406,399512,0.2598,0.2630732959052102,0.2583133520473949,0.2630732959052102,take_profit,1.2599291398037948,1.1799291398037948,107
1INCH,long,2024-10-13 14:05:00+00:00,2024-10-13 14:10:00+00:00,2024-10-13 14:25:00+00:00,399685,399686,399689,0.2605,0.26230149814632947,0.2594492509268353,0.26230149814632947,take_profit,0.6915539909134294,0.6115539909134293,4
1INCH,long,2024-10-13 16:50:00+00:00,2024-10-13 16:55:00+00:00,2024-10-13 18:30:00+00:00,399718,399719,399738,0.2607,0.2591401160264891,0.2591401160264891,0.26351976794702175,stop,-0.5983444470697652,-0.6783444470697653,20
1INCH,short,2024-10-13 19:50:00+00:00,2024-10-13 19:55:00+00:00,2024-10-13 20:25:00+00:00,399754,399755,399761,0.2583,0.2559183409329099,0.25934082953354504,0.2559183409329099,take_profit,0.9306324268937294,0.8506324268937293,7
1INCH,long,2024-10-14 16:30:00+00:00,2024-10-14 16:35:00+00:00,2024-10-14 17:35:00+00:00,400002,400003,400015,0.2656,0.26391726894396456,0.26391726894396456,0.26926546211207086,stop,-0.6335583795314181,-0.7135583795314182,13
1INCH,long,2024-10-14 19:20:00+00:00,2024-10-14 19:25:00+00:00,2024-10-14 21:30:00+00:00,400036,400037,400062,0.2657,0.26850840663665704,0.26444579668167145,0.26850840663665704,take_profit,1.056984055949206,0.976984055949206,26
1INCH,short,2024-10-15 16:20:00+00:00,2024-10-15 16:25:00+00:00,2024-10-15 17:05:00+00:00,400288,400289,400297,0.2716,0.2736046613372408,0.2736046613372408,0.2675906773255184,stop,-0.7326853743803374,-0.8126853743803375,9
1INCH,long,2024-10-15 17:10:00+00:00,2024-10-15 17:15:00+00:00,2024-10-15 17:30:00+00:00,400298,400299,400302,0.2747,0.2730160145961176,0.2730160145961176,0.27806797080776485,stop,-0.613027085505069,-0.6930270855050691,4
1INCH,short,2024-10-15 18:00:00+00:00,2024-10-15 18:05:00+00:00,2024-10-15 20:10:00+00:00,400308,400309,400334,0.272,0.2682080008828722,0.2740459995585639,0.2682080008828722,take_profit,1.4138277399054155,1.3338277399054155,26
1INCH,long,2024-10-16 14:15:00+00:00,2024-10-16 14:20:00+00:00,2024-10-16 15:25:00+00:00,400551,400552,400565,0.2719,0.2701278579207651,0.2701278579207651,0.2754442841584697,stop,-0.6517624417928913,-0.7317624417928914,14
1INCH,short,2024-10-16 16:10:00+00:00,2024-10-16 16:15:00+00:00,2024-10-16 17:10:00+00:00,400574,400575,400586,0.2675,0.2700604038028357,0.2700604038028357,0.2620791923943287,stop,-0.9480856011401695,-1.0280856011401696,12
1INCH,short,2024-10-16 17:15:00+00:00,2024-10-16 17:20:00+00:00,2024-10-16 18:30:00+00:00,400587,400588,400602,0.2686,0.26994498793317706,0.26994498793317706,0.26561002413364593,stop,-0.4982451956137113,-0.5782451956137113,15
1INCH,short,2024-10-17 14:25:00+00:00,2024-10-17 14:30:00+00:00,2024-10-17 16:15:00+00:00,400841,400842,400863,0.267,0.2641864281904496,0.2685567859047752,0.2641864281904496,take_profit,1.0649948329375158,0.9849948329375158,22
1INCH,long,2024-10-18 14:50:00+00:00,2024-10-18 14:55:00+00:00,2024-10-18 15:25:00+00:00,401134,401135,401141,0.2642,0.26650523780927193,0.263047381095364,0.26650523780927193,take_profit,0.8725351284148086,0.7925351284148086,7
1INCH,long,2024-10-18 18:35:00+00:00,2024-10-18 18:40:00+00:00,2024-10-18 19:35:00+00:00,401179,401180,401191,0.2642,0.2656040602628893,0.26349796986855534,0.2656040602628893,take_profit,0.531438403818818,0.451438403818818,12
1INCH,long,2024-10-20 14:05:00+00:00,2024-10-20 14:10:00+00:00,2024-10-20 14:40:00+00:00,401701,401702,401708,0.272,0.2700890028226168,0.2700890028226168,0.2755219943547664,stop,-0.7025724916850162,-0.7825724916850163,7
1INCH,long,2024-10-20 15:10:00+00:00,2024-10-20 15:15:00+00:00,2024-10-20 17:20:00+00:00,401714,401715,401740,0.272,0.2750016789919312,0.27049916050403444,0.2750016789919312,take_profit,1.103558452915876,1.0235584529158759,26
1INCH,short,2024-10-21 15:50:00+00:00,2024-10-21 15:55:00+00:00,2024-10-21 17:05:00+00:00,402010,402011,402025,0.2851,0.2873540239381413,0.2873540239381413,0.28059195212371746,stop,-0.784406603133736,-0.8644066031337361,15
1INCH,short,2024-10-21 17:20:00+00:00,2024-10-21 17:25:00+00:00,2024-10-21 18:30:00+00:00,402028,402029,402042,0.2859,0.28239433177996603,0.28765283411001696,0.28239433177996603,take_profit,1.2414088476696117,1.1614088476696116,14
1INCH,long,2024-10-22 14:15:00+00:00,2024-10-22 14:20:00+00:00,2024-10-22 16:35:00+00:00,402279,402280,402307,0.2819,0.28063474391965804,0.28063474391965804,0.28473051216068385,stop,-0.44883152903226753,-0.5288315290322676,28
1INCH,short,2024-10-22 17:00:00+00:00,2024-10-22 17:05:00+00:00,2024-10-22 18:20:00+00:00,402312,402313,402328,0.2786,0.27410973058585636,0.28084513470707184,0.27410973058585636,take_profit,1.6381284256296036,1.5581284256296035,16
1INCH,short,2024-10-23 15:00:00+00:00,2024-10-23 15:05:00+00:00,2024-10-23 15:15:00+00:00,402576,402577,402579,0.273,0.27397526375595166,0.27397526375595166,0.27104947248809674,stop,-0.3559678135104827,-0.4359678135104827,3
1INCH,short,2024-10-23 16:00:00+00:00,2024-10-23 16:05:00+00:00,2024-10-23 16:40:00+00:00,402588,402589,402596,0.273,0.270652596253003,0.27417370187349854,0.270652596253003,take_profit,0.8673124808316057,0.7873124808316057,8
1INCH,long,2024-10-24 14:15:00+00:00,2024-10-24 14:20:00+00:00,2024-10-24 14:55:00+00:00,402855,402856,402863,0.2688,0.2679840247751832,0.2679840247751832,0.2704319504496336,stop,-0.30356221161339514,-0.38356221161339515,8
1INCH,long,2024-10-24 15:00:00+00:00,2024-10-24 15:05:00+00:00,2024-10-24 15:45:00+00:00,402864,402865,402873,0.2688,0.2675216129048598,0.2675216129048598,0.27105677419028035,stop,-0.47559043718011784,-0.5555904371801179,9
1INCH,short,2024-10-25 16:10:00+00:00,2024-10-25 16:15:00+00:00,2024-10-25 17:30:00+00:00,403166,403167,403182,0.2668,0.26857134425641244,0.26857134425641244,0.2629573114871751,stop,-0.6595432812524171,-0.7395432812524172,16
1INCH,long,2024-10-29 18:55:00+00:00,2024-10-29 19:00:00+00:00,2024-10-29 19:05:00+00:00,404351,404352,404353,0.2635,0.26253324366437175,0.26253324366437175,0.26513351267125657,stop,-0.36689044995379394,-0.44689044995379396,2
1INCH,long,2024-10-29 19:35:00+00:00,2024-10-29 19:40:00+00:00,2024-10-29 21:55:00+00:00,404359,404360,404387,0.2632,0.2618750970037731,0.2618750970037731,0.26614980599245375,stop,-0.5033825973506434,-0.5833825973506435,28
1INCH,short,2024-10-30 14:45:00+00:00,2024-10-30 14:50:00+00:00,2024-10-30 15:05:00+00:00,404589,404590,404593,0.2612,0.26189788488507476,0.26189788488507476,0.2601042302298504,stop,-0.26647213488608656,-0.3464721348860866,4
1INCH,long,2024-10-30 16:10:00+00:00,2024-10-30 16:15:00+00:00,2024-10-30 16:45:00+00:00,404606,404607,404613,0.263,0.26182423405965727,0.26182423405965727,0.26505153188068553,stop,-0.44705929290598245,-0.5270592929059825,7
1INCH,short,2024-10-30 16:55:00+00:00,2024-10-30 17:00:00+00:00,2024-10-30 17:15:00+00:00,404615,404616,404619,0.2614,0.26227798452186396,0.26227798452186396,0.25964403095627214,stop,-0.3347534195310087,-0.4147534195310087,4
1INCH,short,2024-10-31 15:25:00+00:00,2024-10-31 15:30:00+00:00,2024-10-31 15:40:00+00:00,404885,404886,404888,0.2559,0.2542059499937257,0.2565970250031372,0.2542059499937257,take_profit,0.6664084795482195,0.5864084795482194,3
1INCH,short,2024-11-01 14:10:00+00:00,2024-11-01 14:15:00+00:00,2024-11-01 14:20:00+00:00,405158,405159,405160,0.2448,0.24558740383849736,0.24558740383849736,0.24322519232300524,stop,-0.3206206125356381,-0.40062061253563813,2
1INCH,short,2024-11-01 14:30:00+00:00,2024-11-01 14:35:00+00:00,2024-11-01 15:10:00+00:00,405162,405163,405170,0.2448,0.24233476983385452,0.24588261508307274,0.24233476983385452,take_profit,1.0172828966456882,0.9372828966456881,8
1INCH,long,2024-11-02 14:45:00+00:00,2024-11-02 14:50:00+00:00,2024-11-02 15:30:00+00:00,405453,405454,405462,0.2443,0.24344819949342963,0.24344819949342963,0.24630360101314075,stop,-0.3486698757962925,-0.4286698757962925,9
1INCH,long,2024-11-02 15:55:00+00:00,2024-11-02 16:00:00+00:00,2024-11-02 16:10:00+00:00,405467,405468,405470,0.2443,0.2437410324933068,0.2437410324933068,0.24541793501338635,stop,-0.2288037276681032,-0.3088037276681032,3
1INCH,short,2024-11-02 17:25:00+00:00,2024-11-02 17:30:00+00:00,2024-11-02 17:55:00+00:00,405485,405486,405491,0.2427,0.24141425566979033,0.24319287216510485,0.24141425566979033,take_profit,0.532588403548262,0.45258840354826196,6
1INCH,short,2024-11-02 18:20:00+00:00,2024-11-02 18:25:00+00:00,2024-11-02 18:35:00+00:00,405496,405497,405499,0.2427,0.24336695139544057,0.24336695139544057,0.2410660972091189,stop,-0.2740517525556929,-0.35405175255569293,3
1INCH,long,2024-11-03 15:45:00+00:00,2024-11-03 15:50:00+00:00,2024-11-03 16:35:00+00:00,405753,405754,405763,0.2365,0.23489111773953522,0.23489111773953522,0.24001776452092957,stop,-0.6802884822261213,-0.7602884822261213,10
1INCH,short,2024-11-03 18:30:00+00:00,2024-11-03 18:35:00+00:00,2024-11-03 19:30:00+00:00,405786,405787,405798,0.2329,0.23431621295689872,0.23431621295689872,0.23006757408620254,stop,-0.6044024606864151,-0.6844024606864152,12
1INCH,short,2024-11-03 19:55:00+00:00,2024-11-03 20:00:00+00:00,2024-11-03 20:30:00+00:00,405803,405804,405810,0.2334,0.2315949706992106,0.23415251465039472,0.2315949706992106,take_profit,0.7793905434732906,0.6993905434732905,7
1INCH,long,2024-11-04 15:10:00+00:00,2024-11-04 15:15:00+00:00,2024-11-04 16:30:00+00:00,406034,406035,406050,0.2296,0.2286255419417819,0.2286255419417819,0.23154891611643622,stop,-0.4244155305828001,-0.5044155305828002,16
1INCH,short,2024-11-04 16:55:00+00:00,2024-11-04 17:00:00+00:00,2024-11-04 17:05:00+00:00,406055,406056,406057,0.2283,0.22904790127647356,0.22904790127647356,0.22650419744705283,stop,-0.3265261424817867,-0.4065261424817867,2
1INCH,short,2024-11-04 17:35:00+00:00,2024-11-04 17:40:00+00:00,2024-11-04 18:05:00+00:00,406063,406064,406069,0.228,0.22902245646209385,0.22902245646209385,0.22565508707581228,stop,-0.4464437583495573,-0.5264437583495574,6
1INCH,long,2024-11-05 16:50:00+00:00,2024-11-05 16:55:00+00:00,2024-11-05 17:40:00+00:00,406342,406343,406352,0.2314,0.23065807744931652,0.23065807744931652,0.233183845101367,stop,-0.32062340133253153,-0.40062340133253155,10
1INCH,long,2024-11-05 17:55:00+00:00,2024-11-05 18:00:00+00:00,2024-11-05 19:45:00+00:00,406355,406356,406377,0.2317,0.23064148710288493,0.23064148710288493,0.23411702579423016,stop,-0.45684630863834785,-0.5368463086383479,22
1INCH,long,2024-11-05 20:10:00+00:00,2024-11-05 20:15:00+00:00,2024-11-05 23:20:00+00:00,406382,406383,406420,0.2315,0.23314087695610353,0.23052956152194823,0.23314087695610353,take_profit,0.7088021408654388,0.6288021408654387,38
1INCH,long,2024-11-06 15:20:00+00:00,2024-11-06 15:25:00+00:00,2024-11-06 16:40:00+00:00,406612,406613,406628,0.2535,0.2501822138886044,0.2501822138886044,0.2601355722227912,stop,-1.3087913654420524,-1.3887913654420525,16
1INCH,short,2024-11-06 17:20:00+00:00,2024-11-06 17:25:00+00:00,2024-11-06 17:45:00+00:00,406636,406637,406641,0.2453,0.24989206705641398,0.24989206705641398,0.23581586588717204,stop,-1.837620181587163,-1.9176201815871627,5
1INCH,long,2024-11-06 19:20:00+00:00,2024-11-06 19:25:00+00:00,2024-11-06 20:10:00+00:00,406660,406661,406670,0.253,0.2562787639639096,0.2513606180180452,0.2562787639639096,take_profit,1.295954135932642,1.215954135932642,10
1INCH,short,2024-11-07 15:05:00+00:00,2024-11-07 15:10:00+00:00,2024-11-07 19:00:00+00:00,406897,406898,406944,0.2635,0.25963059959688745,0.2655847002015563,0.25963059959688745,take_profit,1.4903483676886875,1.4103483676886874,47
1INCH,short,2024-11-08 15:05:00+00:00,2024-11-08 15:10:00+00:00,2024-11-08 19:50:00+00:00,407185,407186,407242,0.2606,0.26190044976532273,0.26190044976532273,0.25799910046935454,stop,-0.4965435402986107,-0.5765435402986108,57
1INCH,long,2024-11-08 20:35:00+00:00,2024-11-08 20:40:00+00:00,2024-11-08 21:55:00+00:00,407251,407252,407267,0.2623,0.2647513729699535,0.2612243135150233,0.2647513729699535,take_profit,0.934568421636861,0.854568421636861,16
1INCH,long,2024-11-09 17:30:00+00:00,2024-11-09 17:35:00+00:00,2024-11-09 19:25:00+00:00,407502,407503,407525,0.2721,0.27067419953268385,0.27067419953268385,0.27495160093463233,stop,-0.5239987016964931,-0.6039987016964932,23
1INCH,long,2024-11-09 20:10:00+00:00,2024-11-09 20:15:00+00:00,2024-11-09 21:10:00+00:00,407534,407535,407546,0.2723,0.2706559625553409,0.2706559625553409,0.27528807488931817,stop,-0.6037596197793094,-0.6837596197793094,12
1INCH,long,2024-11-10 16:50:00+00:00,2024-11-10 16:55:00+00:00,2024-11-10 18:30:00+00:00,407782,407783,407802,0.2862,0.29022628078574064,0.2841868596071297,0.29022628078574064,take_profit,1.4068067036130838,1.3268067036130837,20
1INCH,long,2024-11-11 20:25:00+00:00,2024-11-11 20:30:00+00:00,2024-11-11 21:15:00+00:00,408113,408114,408123,0.2945,0.2926005346809787,0.2926005346809787,0.2982989306380426,stop,-0.6449797348119901,-0.7249797348119902,10
1INCH,long,2024-11-12 15:05:00+00:00,2024-11-12 15:10:00+00:00,2024-11-12 16:50:00+00:00,408337,408338,408358,0.3092,0.3162521144444162,0.30567394277779186,0.3162521144444162,take_profit,2.2807614632652795,2.2007614632652794,21
1INCH,short,2024-11-12 19:35:00+00:00,2024-11-12 19:40:00+00:00,2024-11-13 08:05:00+00:00,408391,408392,408541,0.2985,0.30735120886451983,0.30735120886451983,0.28109758227096027,stop,-2.879835383507945,-2.959835383507945,150
1INCH,short,2024-11-13 15:25:00+00:00,2024-11-13 15:30:00+00:00,2024-11-13 22:30:00+00:00,408629,408630,408714,0.2796,0.28563315010297446,0.28563315010297446,0.2678336997940511,stop,-2.1122023479415497,-2.19220234794155,85
1INCH,long,2024-11-14 15:05:00+00:00,2024-11-14 15:10:00+00:00,2024-11-14 15:50:00+00:00,408913,408914,408922,0.2946,0.2920475042722262,0.2920475042722262,0.29940499145554755,stop,-0.8664276061689624,-0.9464276061689625,9
1INCH,short,2024-11-14 15:55:00+00:00,2024-11-14 16:00:00+00:00,2024-11-14 16:45:00+00:00,408923,408924,408933,0.289,0.29282668957216934,0.29282668957216934,0.2816466208556614,stop,-1.306810379122303,-1.386810379122303,10
1INCH,long,2024-11-14 16:50:00+00:00,2024-11-14 16:55:00+00:00,2024-11-14 17:45:00+00:00,408934,408935,408945,0.294,0.2907412212074758,0.2907412212074758,0.3008175575850483,stop,-1.1084281607225077,-1.1884281607225078,11
1INCH,long,2024-11-15 15:15:00+00:00,2024-11-15 15:20:00+00:00,2024-11-15 15:40:00+00:00,409203,409204,409208,0.275,0.2728962349850333,0.2728962349850333,0.27950753002993345,stop,-0.7650054599878997,-0.8450054599878998,5
1INCH,long,2024-11-15 15:50:00+00:00,2024-11-15 15:55:00+00:00,2024-11-15 17:00:00+00:00,409210,409211,409224,0.275,0.27247390390318826,0.27247390390318826,0.28005219219362354,stop,-0.9185803988406405,-0.9985803988406405,14
1INCH,long,2024-11-15 17:35:00+00:00,2024-11-15 17:40:00+00:00,2024-11-15 18:25:00+00:00,409231,409232,409241,0.2753,0.28031135080444824,0.27294432459777584,0.28031135080444824,take_profit,1.820323575898386,1.7403235758983862,10
1INCH,long,2024-11-16 17:00:00+00:00,2024-11-16 17:05:00+00:00,2024-11-16 18:00:00+00:00,409512,409513,409524,0.294,0.2968822529995127,0.29240887350024364,0.2968822529995127,take_profit,0.9803581630995595,0.9003581630995594,12
1INCH,long,2024-11-17 15:30:00+00:00,2024-11-17 15:35:00+00:00,2024-11-17 17:00:00+00:00,409782,409783,409800,0.3106,0.3084799895407844,0.3084799895407844,0.31454002091843114,stop,-0.6825532708356619,-0.7625532708356619,18
1INCH,long,2024-11-17 17:10:00+00:00,2024-11-17 17:15:00+00:00,2024-11-17 20:05:00+00:00,409802,409803,409837,0.3106,0.3078810117119116,0.3078810117119116,0.3160379765761767,stop,-0.8753986761392052,-0.9553986761392053,35
1INCH,short,2024-11-17 20:10:00+00:00,2024-11-17 20:15:00+00:00,2024-11-17 21:45:00+00:00,409838,409839,409857,0.306,0.3089412667656728,0.3089412667656728,0.30041746646865436,stop,-0.9520472277676384,-1.0320472277676385,19
1INCH,long,2024-11-18 15:10:00+00:00,2024-11-18 15:15:00+00:00,2024-11-18 17:05:00+00:00,410066,410067,410089,0.3156,0.31954385985477285,0.31362807007261356,0.31954385985477285,take_profit,1.2496387372537665,1.1696387372537664,23
1INCH,long,2024-11-18 17:45:00+00:00,2024-11-18 17:50:00+00:00,2024-11-18 18:35:00+00:00,410097,410098,410107,0.3156,0.31340050659843643,0.31340050659843643,0.3199989868031271,stop,-0.6969243984675355,-0.7769243984675356,10
1INCH,long,2024-11-18 18:55:00+00:00,2024-11-18 19:00:00+00:00,2024-11-18 20:30:00+00:00,410111,410112,410130,0.3155,0.3130942243613442,0.3130942243613442,0.32061155127731156,stop,-0.7625279361824999,-0.8425279361825,19
1INCH,short,2024-11-19 17:15:00+00:00,2024-11-19 17:20:00+00:00,2024-11-19 19:45:00+00:00,410379,410380,410409,0.3388,0.3431805755211752,0.3431805755211752,0.3297388489576496,stop,-1.2764637143354074,-1.3564637143354075,30
1INCH,long,2024-11-19 20:10:00+00:00,2024-11-19 20:15:00+00:00,2024-11-19 20:35:00+00:00,410414,410415,410419,0.3476,0.3440518833572839,0.3440518833572839,0.35439623328543207,stop,-1.0207470203441038,-1.1007470203441039,5
1INCH,short,2024-11-20 15:35:00+00:00,2024-11-20 15:40:00+00:00,2024-11-20 17:10:00+00:00,410647,410648,410666,0.3265,0.32858716733149035,0.32858716733149035,0.32232566533701934,stop,-0.6351944138417109,-0.715194413841711,19
1INCH,short,2024-11-20 20:00:00+00:00,2024-11-20 20:05:00+00:00,2024-11-20 22:00:00+00:00,410700,410701,410724,0.3265,0.31994651091360427,0.3296267445431979,0.31994651091360427,take_profit,2.0483077210882383,1.9683077210882385,24
1INCH,long,2024-11-22 19:05:00+00:00,2024-11-22 19:10:00+00:00,2024-11-22 19:10:00+00:00,411265,411266,411266,0.3435,0.34196560915690494,0.34196560915690494,0.3468687816861902,stop,-0.44669311298255465,-0.5266931129825547,1
1INCH,long,2024-11-22 20:55:00+00:00,2024-11-22 21:00:00+00:00,2024-11-22 22:15:00+00:00,411287,411288,411303,0.3437,0.34022591733767277,0.34022591733767277,0.35094816532465445,stop,-1.0107892529319873,-1.0907892529319874,16
1INCH,long,2024-11-23 15:15:00+00:00,2024-11-23 15:20:00+00:00,2024-11-23 19:10:00+00:00,411507,411508,411554,0.3644,0.36187857819413366,0.36187857819413366,0.36974284361173265,stop,-0.6919379269666126,-0.7719379269666127,47
1INCH,long,2024-11-23 20:00:00+00:00,2024-11-23 20:05:00+00:00,2024-11-23 21:20:00+00:00,411564,411565,411580,0.3644,0.36899489320496354,0.36210255339751823,0.36899489320496354,take_profit,1.2609476413182108,1.1809476413182107,16
1INCH,long,2024-11-24 15:35:00+00:00,2024-11-24 15:40:00+00:00,2024-11-24 17:50:00+00:00,411799,411800,411826,0.4032,0.3964749080774632,0.3964749080774632,0.4163501838450736,stop,-1.6679295442799558,-1.7479295442799556,27
1INCH,long,2024-11-24 19:00:00+00:00,2024-11-24 19:05:00+00:00,2024-11-24 19:40:00+00:00,411840,411841,411848,0.4032,0.3972282310093178,0.3972282310093178,0.4151435379813644,stop,-1.4810934996731584,-1.5610934996731585,8
1INCH,long,2024-11-25 15:05:00+00:00,2024-11-25 15:10:00+00:00,2024-11-25 15:20:00+00:00,412081,412082,412084,0.3909,0.38732622417322987,0.38732622417322987,0.39804755165354033,stop,-0.9142429845920064,-0.9942429845920064,3
1INCH,long,2024-11-25 16:15:00+00:00,2024-11-25 16:20:00+00:00,2024-11-25 18:05:00+00:00,412095,412096,412117,0.3899,0.3973522510208012,0.38617387448959944,0.3973522510208012,take_profit,1.911323678071608,1.8313236780716082,22
1INCH,long,2024-11-26 15:20:00+00:00,2024-11-26 15:25:00+00:00,2024-11-26 16:00:00+00:00,412372,412373,412380,0.403,0.3989174363258562,0.3989174363258562,0.41086512734828756,stop,-1.0130430953210534,-1.0930430953210535,8
1INCH,long,2024-11-27 15:10:00+00:00,2024-11-27 15:15:00+00:00,2024-11-27 18:10:00+00:00,412658,412659,412694,0.3914,0.38604657955763355,0.38604657955763355,0.40240684088473294,stop,-1.3677619934508112,-1.4477619934508112,36
1INCH,long,2024-11-27 18:55:00+00:00,2024-11-27 19:00:00+00:00,2024-11-27 19:40:00+00:00,412703,412704,412712,0.3901,0.3961991563798416,0.3870504218100792,0.3961991563798416,take_profit,1.5634853575600127,1.4834853575600127,9
1INCH,short,2024-11-28 15:05:00+00:00,2024-11-28 15:10:00+00:00,2024-11-28 15:35:00+00:00,412945,412946,412951,0.4096,0.41308584870842396,0.41308584870842396,0.40262830258315213,stop,-0.8438557552438497,-0.9238557552438498,6
1INCH,short,2024-11-28 16:40:00+00:00,2024-11-28 16:45:00+00:00,2024-11-28 17:10:00+00:00,412964,412965,412970,0.4104,0.40546499821915083,0.41286750089042457,0.40546499821915083,take_profit,1.2171215277580805,1.1371215277580804,6
1INCH,short,2024-11-28 17:40:00+00:00,2024-11-28 17:45:00+00:00,2024-11-28 17:50:00+00:00,412976,412977,412978,0.4106,0.4130921300364594,0.4130921300364594,0.40531573992708114,stop,-0.6032867380551199,-0.68328673805512,2
1INCH,short,2024-11-28 18:20:00+00:00,2024-11-28 18:25:00+00:00,2024-11-29 00:50:00+00:00,412984,412985,413062,0.4096,0.40157760455967667,0.4136111977201617,0.40157760455967667,take_profit,1.9977198302977506,1.9177198302977507,78
1INCH,short,2024-11-29 15:10:00+00:00,2024-11-29 15:15:00+00:00,2024-11-29 19:30:00+00:00,413234,413235,413286,0.4069,0.410612661329113,0.410612661329113,0.398874677341774,stop,-0.9041760468601945,-0.9841760468601946,52
1INCH,long,2024-11-29 19:45:00+00:00,2024-11-29 19:50:00+00:00,2024-11-29 20:10:00+00:00,413289,413290,413294,0.4109,0.41374870569946803,0.40947564715026596,0.41374870569946803,take_profit,0.6932844243047187,0.6132844243047186,5
1INCH,long,2024-11-30 15:10:00+00:00,2024-11-30 15:15:00+00:00,2024-11-30 19:35:00+00:00,413522,413523,413575,0.4272,0.4244162970962465,0.4244162970962465,0.433067405807507,stop,-0.6516158482569145,-0.7316158482569146,53
1INCH,short,2024-11-30 19:50:00+00:00,2024-11-30 19:55:00+00:00,2024-11-30 20:05:00+00:00,413578,413579,413581,0.4216,0.42519818811475524,0.42519818811475524,0.41500362377048955,stop,-0.8462378757324696,-0.9262378757324696,3
1INCH,long,2024-11-30 20:25:00+00:00,2024-11-30 20:30:00+00:00,2024-11-30 21:20:00+00:00,413585,413586,413596,0.427,0.43375599595641784,0.42377200202179105,0.43375599595641784,take_profit,1.582200458177474,1.502200458177474,11
1INCH,long,2024-12-02 15:45:00+00:00,2024-12-02 15:50:00+00:00,2024-12-02 16:20:00+00:00,414105,414106,414112,0.4626,0.45525888815212034,0.45525888815212034,0.4769822236957594,stop,-1.58692430779932,-1.6669243077993199,7
1INCH,short,2024-12-02 16:30:00+00:00,2024-12-02 16:35:00+00:00,2024-12-02 16:50:00+00:00,414114,414115,414118,0.4526,0.45952347159791723,0.45952347159791723,0.4390530568041655,stop,-1.5066633209925073,-1.5866633209925072,4
1INCH,short,2024-12-02 17:15:00+00:00,2024-12-02 17:20:00+00:00,2024-12-02 22:15:00+00:00,414123,414124,414183,0.4485,0.46068473054167575,0.46068473054167575,0.42383053891664857,stop,-2.6449173879387833,-2.7249173879387834,60
1INCH,long,2024-12-04 16:10:00+00:00,2024-12-04 16:15:00+00:00,2024-12-04 16:25:00+00:00,414686,414687,414689,0.5404,0.5346315725667211,0.5346315725667211,0.5513368548665578,stop,-1.0674366086748432,-1.1474366086748433,3
1INCH,long,2024-12-04 16:30:00+00:00,2024-12-04 16:35:00+00:00,2024-12-04 18:15:00+00:00,414690,414691,414711,0.5411,0.5331026484818336,0.5331026484818336,0.5573947030363328,stop,-1.4779803212283116,-1.5579803212283116,21
1INCH,long,2024-12-05 16:00:00+00:00,2024-12-05 16:05:00+00:00,2024-12-06 05:00:00+00:00,414972,414973,415128,0.5215,0.5152134316304197,0.5152134316304197,0.5343731367391605,stop,-1.2054781149722582,-1.2854781149722583,156
1INCH,long,2024-12-06 15:15:00+00:00,2024-12-06 15:20:00+00:00,2024-12-06 15:35:00+00:00,415251,415252,415255,0.5401,0.5360899163497852,0.5360899163497852,0.5481201673004297,stop,-0.7424705888196326,-0.8224705888196326,4
1INCH,long,2024-12-07 15:05:00+00:00,2024-12-07 15:10:00+00:00,2024-12-07 15:25:00+00:00,415537,415538,415541,0.5627,0.5717280633508315,0.5581859683245842,0.5717280633508315,take_profit,1.604418580208189,1.5244185802081889,4
1INCH,short,2024-12-07 16:20:00+00:00,2024-12-07 16:25:00+00:00,2024-12-08 14:15:00+00:00,415552,415553,415815,0.5488,0.5210101056529008,0.5626949471735495,0.5210101056529008,take_profit,5.333849390939238,5.253849390939238,263
1INCH,short,2024-12-08 18:50:00+00:00,2024-12-08 18:55:00+00:00,2024-12-08 19:00:00+00:00,415870,415871,415872,0.5184,0.523813335629282,0.523813335629282,0.5081733287414358,stop,-1.033447463260695,-1.113447463260695,2
1INCH,short,2024-12-09 15:05:00+00:00,2024-12-09 15:10:00+00:00,2024-12-09 16:15:00+00:00,416113,416114,416127,0.5785,0.5620248819218219,0.5867375590390891,0.5620248819218219,take_profit,2.931385888440041,2.851385888440041,14
1INCH,long,2024-12-11 15:05:00+00:00,2024-12-11 15:10:00+00:00,2024-12-11 17:40:00+00:00,416689,416690,416720,0.4329,0.4441995049233242,0.4272502475383379,0.4441995049233242,take_profit,2.6101882474761418,2.5301882474761417,31
1INCH,short,2024-12-13 15:45:00+00:00,2024-12-13 15:50:00+00:00,2024-12-13 18:00:00+00:00,417273,417274,417300,0.4982,0.5047666713756428,0.5047666713756428,0.48476665724871437,stop,-1.3009320440564465,-1.3809320440564465,27
1INCH,short,2024-12-13 18:30:00+00:00,2024-12-13 18:35:00+00:00,2024-12-13 19:40:00+00:00,417306,417307,417320,0.4989,0.5027147179297325,0.5027147179297325,0.4915705641405349,stop,-0.7588236018714944,-0.8388236018714945,14
1INCH,long,2024-12-13 20:15:00+00:00,2024-12-13 20:20:00+00:00,2024-12-13 20:55:00+00:00,417327,417328,417335,0.5067,0.5022040691348858,0.5022040691348858,0.5153918617302286,stop,-0.8872964012461515,-0.9672964012461516,8
1INCH,long,2024-12-14 15:15:00+00:00,2024-12-14 15:20:00+00:00,2024-12-14 16:10:00+00:00,417555,417556,417566,0.5043,0.5006957731461307,0.5006957731461307,0.5115084537077386,stop,-0.7146989597202613,-0.7946989597202614,11
1INCH,short,2024-12-14 16:15:00+00:00,2024-12-14 16:20:00+00:00,2024-12-14 17:00:00+00:00,417567,417568,417576,0.4991,0.5019406582900168,0.5019406582900168,0.4937186834199664,stop,-0.5659350847755928,-0.6459350847755929,9
1INCH,short,2024-12-14 17:10:00+00:00,2024-12-14 17:15:00+00:00,2024-12-14 17:40:00+00:00,417578,417579,417584,0.4993,0.5029122340895514,0.5029122340895514,0.49237553182089716,stop,-0.7182633160815466,-0.7982633160815467,6
1INCH,short,2024-12-15 15:05:00+00:00,2024-12-15 15:10:00+00:00,2024-12-15 16:25:00+00:00,417841,417842,417857,0.4728,0.46613869557896515,0.4761306522105174,0.46613869557896515,take_profit,1.4290391431162286,1.3490391431162285,16
1INCH,short,2024-12-15 19:45:00+00:00,2024-12-15 19:50:00+00:00,2024-12-15 21:00:00+00:00,417897,417898,417912,0.4726,0.47613413303625274,0.47613413303625274,0.4655317339274946,stop,-0.7422557617778769,-0.822255761777877,15
1INCH,long,2024-12-16 15:15:00+00:00,2024-12-16 15:20:00+00:00,2024-12-16 15:35:00+00:00,418131,418132,418135,0.4969,0.49219729682174396,0.49219729682174396,0.5060054063565121,stop,-0.946408367529894,-1.026408367529894,4
1INCH,short,2024-12-16 15:45:00+00:00,2024-12-16 15:50:00+00:00,2024-12-16 16:25:00+00:00,418137,418138,418145,0.4878,0.49360783437719596,0.49360783437719596,0.4764843312456081,stop,-1.176609035090359,-1.2566090350903591,8
1INCH,long,2024-12-16 16:35:00+00:00,2024-12-16 16:40:00+00:00,2024-12-16 17:05:00+00:00,418147,418148,418153,0.4952,0.49011452668550254,0.49011452668550254,0.5053709466289948,stop,-1.0269534156901128,-1.1069534156901129,6
1INCH,short,2024-12-17 15:15:00+00:00,2024-12-17 15:20:00+00:00,2024-12-17 18:30:00+00:00,418419,418420,418458,0.4758,0.4793039224132512,0.4793039224132512,0.46909215517349756,stop,-0.7310439680128789,-0.8110439680128789,39
1INCH,short,2024-12-18 15:30:00+00:00,2024-12-18 15:35:00+00:00,2024-12-18 16:20:00+00:00,418710,418711,418720,0.4548,0.46066144565732003,0.46066144565732003,0.4427771086853599,stop,-1.2723977039051593,-1.3523977039051593,10
1INCH,short,2024-12-18 17:25:00+00:00,2024-12-18 17:30:00+00:00,2024-12-18 18:00:00+00:00,418733,418734,418740,0.4555,0.4592736292385115,0.4592736292385115,0.44795274152297704,stop,-0.8216516251473571,-0.9016516251473572,7
1INCH,short,2024-12-19 15:15:00+00:00,2024-12-19 15:20:00+00:00,2024-12-19 16:40:00+00:00,418995,418996,419012,0.4211,0.4245564932182937,0.4245564932182937,0.41418701356341253,stop,-0.8141421161862894,-0.8941421161862895,17
1INCH,short,2024-12-19 17:00:00+00:00,2024-12-19 17:05:00+00:00,2024-12-19 19:20:00+00:00,419016,419017,419044,0.42,0.4241387485510376,0.4241387485510376,0.41142250289792476,stop,-0.9758006230688898,-1.0558006230688899,28
1INCH,long,2024-12-19 19:40:00+00:00,2024-12-19 19:45:00+00:00,2024-12-19 21:25:00+00:00,419048,419049,419069,0.429,0.42321329862925416,0.42321329862925416,0.44057340274149165,stop,-1.348881438402294,-1.428881438402294,21
1INCH,short,2024-12-20 15:25:00+00:00,2024-12-20 15:30:00+00:00,2024-12-20 16:05:00+00:00,419285,419286,419293,0.3823,0.3882054559954988,0.3882054559954988,0.37048908800900227,stop,-1.521219216343861,-1.6012192163438608,8
1INCH,long,2024-12-20 16:15:00+00:00,2024-12-20 16:20:00+00:00,2024-12-20 16:55:00+00:00,419295,419296,419303,0.3904,0.38537455896461364,0.38537455896461364,0.4004508820707728,stop,-1.2872543635723321,-1.3672543635723322,8
1INCH,short,2024-12-20 17:00:00+00:00,2024-12-20 17:05:00+00:00,2024-12-20 17:25:00+00:00,419304,419305,419309,0.3831,0.3713476305778154,0.3891261847110923,0.3713476305778154,take_profit,3.1647891233069103,3.0847891233069102,5
1INCH,long,2024-12-21 15:35:00+00:00,2024-12-21 15:40:00+00:00,2024-12-21 17:05:00+00:00,419575,419576,419593,0.4162,0.4123403842125333,0.4123403842125333,0.42451923157493343,stop,-0.9273464169790357,-1.0073464169790358,18
1INCH,long,2024-12-22 15:20:00+00:00,2024-12-22 15:25:00+00:00,2024-12-22 22:10:00+00:00,419860,419861,419942,0.3819,0.390312700878771,0.3776936495606145,0.390312700878771,take_profit,2.2028543804061274,2.1228543804061273,82
1INCH,long,2024-12-23 18:00:00+00:00,2024-12-23 18:05:00+00:00,2024-12-23 19:50:00+00:00,420180,420181,420202,0.3888,0.3827232542218442,0.3827232542218442,0.4009534915563115,stop,-1.5629490170153693,-1.642949017015369,22
1INCH,long,2024-12-24 17:50:00+00:00,2024-12-24 17:55:00+00:00,2024-12-24 18:15:00+00:00,420466,420467,420471,0.4058,0.4022812038824181,0.4022812038824181,0.4131375922351637,stop,-0.8671257066490634,-0.9471257066490635,5
1INCH,long,2024-12-24 20:55:00+00:00,2024-12-24 21:00:00+00:00,2024-12-24 21:05:00+00:00,420503,420504,420505,0.4057,0.40359128702686875,0.40359128702686875,0.4102174259462625,stop,-0.5197714994161329,-0.599771499416133,2
1INCH,long,2024-12-25 15:15:00+00:00,2024-12-25 15:20:00+00:00,2024-12-25 15:25:00+00:00,420723,420724,420725,0.4189,0.41560090354756485,0.41560090354756485,0.4251981929048703,stop,-0.7875618172440091,-0.8675618172440092,2
1INCH,short,2024-12-25 15:40:00+00:00,2024-12-25 15:45:00+00:00,2024-12-25 16:15:00+00:00,420728,420729,420735,0.4157,0.4177423713317256,0.4177423713317256,0.4119152573365488,stop,-0.4889069129412671,-0.5689069129412672,7
1INCH,short,2024-12-25 16:25:00+00:00,2024-12-25 16:30:00+00:00,2024-12-25 19:10:00+00:00,420737,420738,420770,0.4152,0.41817389239154135,0.41817389239154135,0.4095522152169173,stop,-0.7111616592163639,-0.7911616592163639,33
1INCH,short,2024-12-26 15:25:00+00:00,2024-12-26 15:30:00+00:00,2024-12-26 16:55:00+00:00,421013,421014,421031,0.4001,0.39693682497025085,0.4016815875148746,0.39693682497025085,take_profit,0.7968963398611972,0.7168963398611972,18
1INCH,long,2024-12-27 15:35:00+00:00,2024-12-27 15:40:00+00:00,2024-12-27 16:30:00+00:00,421303,421304,421314,0.396,0.3932242356397814,0.3932242356397814,0.40125152872043707,stop,-0.7009505960147933,-0.7809505960147933,11
1INCH,short,2024-12-27 16:35:00+00:00,2024-12-27 16:40:00+00:00,2024-12-27 17:00:00+00:00,421315,421316,421320,0.3895,0.3935686397592416,0.3935686397592416,0.3813627204815168,stop,-1.0337814927862454,-1.1137814927862455,5
1INCH,long,2024-12-27 17:15:00+00:00,2024-12-27 17:20:00+00:00,2024-12-27 18:05:00+00:00,421323,421324,421333,0.3957,0.4022873541279269,0.39225632293603657,0.4022873541279269,take_profit,1.664734427072756,1.5847344270727561,10
1INCH,long,2024-12-28 18:00:00+00:00,2024-12-28 18:05:00+00:00,2024-12-28 19:15:00+00:00,421620,421621,421635,0.3989,0.3968994527949654,0.3968994527949654,0.40260109441006914,stop,-0.5015159701766247,-0.5815159701766248,15
1INCH,long,2024-12-28 20:35:00+00:00,2024-12-28 20:40:00+00:00,2024-12-28 21:25:00+00:00,421651,421652,421661,0.3986,0.3971949450435679,0.3971949450435679,0.4017101099128642,stop,-0.35249748028903793,-0.43249748028903795,10
1INCH,short,2024-12-29 15:05:00+00:00,2024-12-29 15:10:00+00:00,2024-12-29 15:30:00+00:00,421873,421874,421878,0.4038,0.4061000282030629,0.4061000282030629,0.3991999435938742,stop,-0.5663698703100906,-0.6463698703100906,5
1INCH,short,2024-12-29 16:30:00+00:00,2024-12-29 16:35:00+00:00,2024-12-29 16:45:00+00:00,421890,421891,421893,0.405,0.40677693254466196,0.40677693254466196,0.4017461349106761,stop,-0.43683218061212337,-0.5168321806121234,3
1INCH,short,2024-12-29 17:35:00+00:00,2024-12-29 17:40:00+00:00,2024-12-29 20:25:00+00:00,421903,421904,421937,0.4046,0.40066966520420627,0.40671516739789687,0.40066966520420627,take_profit,0.9809414430689722,0.9009414430689722,34
1INCH,long,2024-12-30 15:15:00+00:00,2024-12-30 15:20:00+00:00,2024-12-30 16:25:00+00:00,422163,422164,422177,0.4045,0.4007967818498345,0.4007967818498345,0.4116064363003309,stop,-0.9155051051089047,-0.9955051051089048,14
1INCH,long,2024-12-30 17:00:00+00:00,2024-12-30 17:05:00+00:00,2024-12-30 17:30:00+00:00,422184,422185,422190,0.4036,0.4002740574863599,0.4002740574863599,0.4105518850272802,stop,-0.8240690073439305,-0.9040690073439306,6
1INCH,short,2024-12-30 20:00:00+00:00,2024-12-30 20:05:00+00:00,2024-12-30 21:00:00+00:00,422220,422221,422232,0.3942,0.3984742320825426,0.3984742320825426,0.38535153583491477,stop,-1.0726495563349814,-1.1526495563349815,12
1INCH,short,2025-01-01 15:05:00+00:00,2025-01-01 15:10:00+00:00,2025-01-01 16:30:00+00:00,422737,422738,422754,0.3806,0.38207684535981024,0.38207684535981024,0.3776463092803795,stop,-0.3865309760970881,-0.4665309760970881,17
1INCH,short,2025-01-01 17:25:00+00:00,2025-01-01 17:30:00+00:00,2025-01-01 18:10:00+00:00,422765,422766,422774,0.3804,0.3767124663430796,0.3823937668284602,0.3767124663430796,take_profit,0.9788722132604288,0.8988722132604288,9
1INCH,long,2025-01-02 18:25:00+00:00,2025-01-02 18:30:00+00:00,2025-01-02 23:00:00+00:00,423065,423066,423120,0.4045,0.40204512194099024,0.40204512194099024,0.4094097561180196,stop,-0.6068919799776973,-0.6868919799776974,55
1INCH,long,2025-01-03 15:05:00+00:00,2025-01-03 15:10:00+00:00,2025-01-03 15:45:00+00:00,423313,423314,423321,0.4011,0.39914501492925886,0.39914501492925886,0.40470997014148236,stop,-0.4874059014562837,-0.5674059014562838,8
1INCH,short,2025-01-03 16:05:00+00:00,2025-01-03 16:10:00+00:00,2025-01-03 18:05:00+00:00,423325,423326,423349,0.3972,0.3990916346795727,0.3990916346795727,0.3934167306408546,stop,-0.47398504884510473,-0.5539850488451048,24
1INCH,long,2025-01-03 18:10:00+00:00,2025-01-03 18:15:00+00:00,2025-01-03 20:30:00+00:00,423350,423351,423378,0.4024,0.40931055083741563,0.39894472458129215,0.40931055083741563,take_profit,1.717333707111246,1.6373337071112462,28
1INCH,long,2025-01-04 15:05:00+00:00,2025-01-04 15:10:00+00:00,2025-01-04 17:20:00+00:00,423601,423602,423628,0.4233,0.42137111533035465,0.42137111533035465,0.4274577693392907,stop,-0.45567792809954044,-0.5356779280995405,27
1INCH,short,2025-01-04 17:40:00+00:00,2025-01-04 17:45:00+00:00,2025-01-04 18:45:00+00:00,423632,423633,423645,0.4204,0.42263564010786875,0.42263564010786875,0.4156287197842625,stop,-0.5289757643955784,-0.6089757643955784,13
1INCH,short,2025-01-04 19:00:00+00:00,2025-01-04 19:05:00+00:00,2025-01-04 21:55:00+00:00,423648,423649,423683,0.4206,0.42271208783137576,0.42271208783137576,0.4163758243372484,stop,-0.4996516286561281,-0.5796516286561282,35
1INCH,long,2025-01-05 15:30:00+00:00,2025-01-05 15:35:00+00:00,2025-01-05 17:05:00+00:00,423894,423895,423913,0.4252,0.42250750003453874,0.42250750003453874,0.43028499993092245,stop,-0.6332314123850602,-0.7132314123850603,19
1INCH,short,2025-01-05 17:15:00+00:00,2025-01-05 17:20:00+00:00,2025-01-05 17:30:00+00:00,423915,423916,423918,0.4213,0.4246968878184037,0.4246968878184037,0.4148062243631926,stop,-0.7998381706663671,-0.8798381706663672,3
1INCH,long,2025-01-05 17:55:00+00:00,2025-01-05 18:00:00+00:00,2025-01-05 18:50:00+00:00,423923,423924,423934,0.4251,0.42293582340865216,0.42293582340865216,0.42912835318269565,stop,-0.5090982336739214,-0.5890982336739214,11
1INCH,short,2025-01-07 20:30:00+00:00,2025-01-07 20:35:00+00:00,2025-01-07 22:25:00+00:00,424530,424531,424553,0.4276,0.4305563918560279,0.4305563918560279,0.42168721628794414,stop,-0.6866445167109436,-0.7666445167109437,23
1INCH,short,2025-01-08 15:15:00+00:00,2025-01-08 15:20:00+00:00,2025-01-08 17:40:00+00:00,424755,424756,424784,0.3812,0.3853648904745634,0.3853648904745634,0.37287021905087314,stop,-1.080765419349572,-1.160765419349572,29
1INCH,short,2025-01-08 18:30:00+00:00,2025-01-08 18:35:00+00:00,2025-01-08 23:00:00+00:00,424794,424795,424848,0.3811,0.384993459550142,0.384993459550142,0.37331308089971593,stop,-1.011305375081295,-1.091305375081295,54
1INCH,long,2025-01-09 19:50:00+00:00,2025-01-09 19:55:00+00:00,2025-01-09 22:20:00+00:00,425098,425099,425128,0.3895,0.38398665071202426,0.38398665071202426,0.4008266985759515,stop,-1.415494040558607,-1.495494040558607,30
1INCH,long,2025-01-10 16:20:00+00:00,2025-01-10 16:25:00+00:00,2025-01-10 17:30:00+00:00,425344,425345,425358,0.3882,0.3856052399047499,0.3856052399047499,0.3933895201905002,stop,-0.668408061630632,-0.7484080616306321,14
1INCH,long,2025-01-10 18:20:00+00:00,2025-01-10 18:25:00+00:00,2025-01-10 19:30:00+00:00,425368,425369,425382,0.3881,0.3858688593495696,0.3858688593495696,0.3925622813008608,stop,-0.5748880830792058,-0.6548880830792059,14
1INCH,long,2025-01-10 19:55:00+00:00,2025-01-10 20:00:00+00:00,2025-01-10 20:30:00+00:00,425387,425388,425394,0.389,0.38650550807359735,0.38650550807359735,0.39398898385280534,stop,-0.6412575646279395,-0.7212575646279396,7
1INCH,short,2025-01-11 16:20:00+00:00,2025-01-11 16:25:00+00:00,2025-01-11 23:15:00+00:00,425632,425633,425715,0.3873,0.3823980372270396,0.3896009813864802,0.3823980372270396,take_profit,1.2819006102926078,1.2019006102926078,83
1INCH,short,2025-01-13 15:30:00+00:00,2025-01-13 15:35:00+00:00,2025-01-13 17:20:00+00:00,426198,426199,426220,0.367,0.3608611614397925,0.37006941928010373,0.3608611614397925,take_profit,1.7011635543471293,1.6211635543471294,22
1INCH,long,2025-01-14 17:45:00+00:00,2025-01-14 17:50:00+00:00,2025-01-14 18:25:00+00:00,426513,426514,426521,0.3634,0.3675170775164896,0.3613414612417552,0.3675170775164896,take_profit,1.1329327233047914,1.0529327233047914,8
1INCH,short,2025-01-15 15:15:00+00:00,2025-01-15 15:20:00+00:00,2025-01-15 16:00:00+00:00,426771,426772,426780,0.3704,0.3724851959638892,0.3724851959638892,0.36622960807222166,stop,-0.5598063994176394,-0.6398063994176395,9
1INCH,long,2025-01-15 16:15:00+00:00,2025-01-15 16:20:00+00:00,2025-01-15 16:50:00+00:00,426783,426784,426790,0.374,0.3721178907459275,0.3721178907459275,0.377764218508145,stop,-0.5032377684685896,-0.5832377684685897,7
1INCH,long,2025-01-15 17:10:00+00:00,2025-01-15 17:15:00+00:00,2025-01-15 17:50:00+00:00,426794,426795,426802,0.3735,0.37203530303780413,0.37203530303780413,0.37642939392439173,stop,-0.39215447448349705,-0.47215447448349707,8
1INCH,long,2025-01-16 15:20:00+00:00,2025-01-16 15:25:00+00:00,2025-01-16 17:20:00+00:00,427060,427061,427084,0.384,0.3821345024739696,0.3821345024739696,0.3877309950520609,stop,-0.48580664740376367,-0.5658066474037637,24
1INCH,short,2025-01-16 17:30:00+00:00,2025-01-16 17:35:00+00:00,2025-01-16 20:10:00+00:00,427086,427087,427118,0.3808,0.3834487976488633,0.3834487976488633,0.37520240470227334,stop,-0.6907826195060474,-0.7707826195060474,32
1INCH,short,2025-01-16 20:15:00+00:00,2025-01-16 20:20:00+00:00,2025-01-16 20:50:00+00:00,427119,427120,427126,0.3796,0.38468624233921356,0.38468624233921356,0.36942751532157286,stop,-1.3221794229720696,-1.4021794229720697,7
1INCH,long,2025-01-17 15:30:00+00:00,2025-01-17 15:35:00+00:00,2025-01-17 17:20:00+00:00,427350,427351,427372,0.3915,0.38926195945655995,0.38926195945655995,0.39597608108688015,stop,-0.5716578655019289,-0.651657865501929,22
1INCH,long,2025-01-17 17:30:00+00:00,2025-01-17 17:35:00+00:00,2025-01-18 05:40:00+00:00,427374,427375,427520,0.3931,0.40132061473109826,0.3888396926344509,0.40132061473109826,take_profit,2.0912273546421334,2.0112273546421333,146
1INCH,short,2025-01-18 16:45:00+00:00,2025-01-18 16:50:00+00:00,2025-01-18 17:50:00+00:00,427653,427654,427666,0.373,0.37618238865640863,0.37618238865640863,0.36663522268718274,stop,-0.8459696020791996,-0.9259696020791996,13
1INCH,short,2025-01-18 18:30:00+00:00,2025-01-18 18:35:00+00:00,2025-01-18 20:40:00+00:00,427674,427675,427700,0.3727,0.37623441455181733,0.37623441455181733,0.3659311708963654,stop,-0.9394181965059367,-1.0194181965059368,26
1INCH,short,2025-01-19 16:05:00+00:00,2025-01-19 16:10:00+00:00,2025-01-19 17:15:00+00:00,427933,427934,427947,0.3645,0.35767266941490233,0.3680636652925488,0.35767266941490233,take_profit,1.9088208769951986,1.8288208769951988,14
1INCH,long,2025-01-20 15:40:00+00:00,2025-01-20 15:45:00+00:00,2025-01-20 15:55:00+00:00,428216,428217,428219,0.3466,0.35766042801366305,0.3410697859931685,0.35766042801366305,take_profit,3.1911217581255036,3.1111217581255035,3
1INCH,short,2025-01-22 16:15:00+00:00,2025-01-22 16:20:00+00:00,2025-01-22 17:25:00+00:00,428799,428800,428813,0.3415,0.337411136240947,0.34369443187952653,0.337411136240947,take_profit,1.2118342638617552,1.1318342638617551,14
1INCH,short,2025-01-22 18:50:00+00:00,2025-01-22 18:55:00+00:00,2025-01-22 20:15:00+00:00,428830,428831,428847,0.3409,0.34290420036519315,0.34290420036519315,0.33689159926961365,stop,-0.5844782195898124,-0.6644782195898125,17
1INCH,short,2025-01-22 20:20:00+00:00,2025-01-22 20:25:00+00:00,2025-01-22 20:50:00+00:00,428848,428849,428854,0.341,0.3429561488477564,0.3429561488477564,0.3370877023044873,stop,-0.570378707111252,-0.6503787071112521,6
1INCH,short,2025-01-23 15:35:00+00:00,2025-01-23 15:40:00+00:00,2025-01-23 16:50:00+00:00,429079,429080,429094,0.3198,0.3213056663894182,0.3213056663894182,0.3167886672211635,stop,-0.4686087258708338,-0.5486087258708339,15
1INCH,short,2025-01-23 17:35:00+00:00,2025-01-23 17:40:00+00:00,2025-01-23 17:50:00+00:00,429103,429104,429106,0.3199,0.31788191721552556,0.32090904139223725,0.31788191721552556,take_profit,0.6348529674640835,0.5548529674640834,3
1INCH,short,2025-01-25 15:15:00+00:00,2025-01-25 15:20:00+00:00,2025-01-25 19:25:00+00:00,429651,429652,429701,0.3089,0.3044486988414191,0.3108256505792904,0.3044486988414191,take_profit,1.4620857883513194,1.3820857883513193,50
1INCH,long,2025-01-26 16:05:00+00:00,2025-01-26 16:10:00+00:00,2025-01-26 16:30:00+00:00,429949,429950,429954,0.3212,0.31966127516026094,0.31966127516026094,0.3239774496794781,stop,-0.4790550559586104,-0.5590550559586105,5
1INCH,long,2025-01-26 17:00:00+00:00,2025-01-26 17:05:00+00:00,2025-01-26 17:20:00+00:00,429960,429961,429964,0.321,0.31990076695430814,0.31990076695430814,0.3234984660913837,stop,-0.3424402011501182,-0.4224402011501182,4
1INCH,long,2025-01-26 19:55:00+00:00,2025-01-26 20:00:00+00:00,2025-01-26 22:15:00+00:00,429995,429996,430023,0.3212,0.3252769298504338,0.31916153507478306,0.3252769298504338,take_profit,1.2692807753529989,1.1892807753529988,28
1INCH,short,2025-01-27 15:35:00+00:00,2025-01-27 15:40:00+00:00,2025-01-27 16:20:00+00:00,430231,430232,430240,0.2951,0.28825108651032455,0.2985244567448377,0.28825108651032455,take_profit,2.3760234775143108,2.2960234775143107,9
1INCH,long,2025-01-29 15:15:00+00:00,2025-01-29 15:20:00+00:00,2025-01-29 17:05:00+00:00,430803,430804,430825,0.3039,0.30638706913062635,0.3026564654346868,0.30638706913062635,take_profit,0.8183840508806606,0.7383840508806605,22
1INCH,long,2025-01-30 15:05:00+00:00,2025-01-30 15:10:00+00:00,2025-01-30 15:45:00+00:00,431089,431090,431097,0.3063,0.30506752510839313,0.30506752510839313,0.30906494978321375,stop,-0.4023750870410958,-0.48237508704109583,8
1INCH,long,2025-01-30 18:15:00+00:00,2025-01-30 18:20:00+00:00,2025-01-30 21:00:00+00:00,431127,431128,431160,0.306,0.3087842474321681,0.30460787628391595,0.3087842474321681,take_profit,0.9098847817542888,0.8298847817542887,33
1INCH,short,2025-02-01 15:20:00+00:00,2025-02-01 15:25:00+00:00,2025-02-01 17:25:00+00:00,431668,431669,431693,0.3114,0.30797409283849175,0.31311295358075414,0.30797409283849175,take_profit,1.1124010886542024,1.0324010886542023,25
1INCH,short,2025-02-02 16:35:00+00:00,2025-02-02 16:40:00+00:00,2025-02-02 17:20:00+00:00,431971,431972,431980,0.2907,0.2924216669635567,0.2924216669635567,0.28725666607288664,stop,-0.5887617635977893,-0.6687617635977894,9
1INCH,short,2025-02-02 19:25:00+00:00,2025-02-02 19:30:00+00:00,2025-02-02 20:30:00+00:00,432005,432006,432018,0.2909,0.2877117055438166,0.2926441472280917,0.2877117055438166,take_profit,1.1081559751477954,1.0281559751477953,13
1INCH,short,2025-02-04 16:40:00+00:00,2025-02-04 16:45:00+00:00,2025-02-04 19:15:00+00:00,432548,432549,432579,0.2529,0.2564212980294611,0.2564212980294611,0.2458574039410778,stop,-1.3732470962909415,-1.4532470962909416,31
1INCH,long,2025-02-05 17:00:00+00:00,2025-02-05 17:05:00+00:00,2025-02-05 17:30:00+00:00,432840,432841,432846,0.2638,0.2621609529350139,0.2621609529350139,0.26737809412997227,stop,-0.6213218593578707,-0.7013218593578707,6
1INCH,long,2025-02-05 17:50:00+00:00,2025-02-05 17:55:00+00:00,2025-02-05 18:30:00+00:00,432850,432851,432858,0.264,0.26269440045010706,0.26269440045010706,0.2666111990997859,stop,-0.4945452840503628,-0.5745452840503629,8
1INCH,long,2025-02-05 20:15:00+00:00,2025-02-05 20:20:00+00:00,2025-02-05 21:55:00+00:00,432879,432880,432899,0.2639,0.26123329033379367,0.26123329033379367,0.2695334193324127,stop,-1.0105000629808125,-1.0905000629808126,20
1INCH,long,2025-02-06 15:35:00+00:00,2025-02-06 15:40:00+00:00,2025-02-06 16:10:00+00:00,433111,433112,433118,0.2629,0.26106161277370077,0.26106161277370077,0.26657677445259853,stop,-0.6992724329780375,-0.7792724329780376,7
1INCH,short,2025-02-06 17:00:00+00:00,2025-02-06 17:05:00+00:00,2025-02-06 18:00:00+00:00,433128,433129,433140,0.2593,0.26150020429731274,0.26150020429731274,0.25489959140537444,stop,-0.8413776590442956,-0.9213776590442957,12
1INCH,long,2025-02-06 18:10:00+00:00,2025-02-06 18:15:00+00:00,2025-02-06 18:30:00+00:00,433142,433143,433146,0.2627,0.260391884379784,0.260391884379784,0.26731623124043197,stop,-0.8786127218180395,-0.9586127218180396,4
1INCH,short,2025-02-07 15:25:00+00:00,2025-02-07 15:30:00+00:00,2025-02-07 16:05:00+00:00,433397,433398,433405,0.2515,0.25409519283242554,0.25409519283242554,0.24600961433514895,stop,-1.0213466864511078,-1.101346686451108,8
1INCH,long,2025-02-07 16:15:00+00:00,2025-02-07 16:20:00+00:00,2025-02-07 16:35:00+00:00,433407,433408,433411,0.257,0.25352183883976936,0.25352183883976936,0.2636563223204613,stop,-1.3533701012570565,-1.4333701012570566,4
1INCH,long,2025-02-07 17:45:00+00:00,2025-02-07 17:50:00+00:00,2025-02-07 21:45:00+00:00,433425,433426,433473,0.255,0.2585766942880984,0.2533616528559508,0.2585766942880984,take_profit,1.4026252110189708,1.3226252110189707,48
1INCH,short,2025-02-08 16:15:00+00:00,2025-02-08 16:20:00+00:00,2025-02-08 16:25:00+00:00,433695,433696,433697,0.2479,0.24914067342210872,0.24914067342210872,0.2454186531557826,stop,-0.497981082360921,-0.577981082360921,2
1INCH,long,2025-02-09 15:40:00+00:00,2025-02-09 15:45:00+00:00,2025-02-09 17:55:00+00:00,433976,433977,434003,0.2614,0.26457984291134423,0.2598100785443279,0.26457984291134423,take_profit,1.2164663012028454,1.1364663012028453,27
1INCH,long,2025-02-10 17:00:00+00:00,2025-02-10 17:05:00+00:00,2025-02-10 22:45:00+00:00,434280,434281,434349,0.2618,0.26462970363513755,0.2603851481824312,0.26462970363513755,take_profit,1.0808646429096846,1.0008646429096846,69
1INCH,long,2025-02-11 15:35:00+00:00,2025-02-11 15:40:00+00:00,2025-02-11 16:45:00+00:00,434551,434552,434565,0.273,0.27173129003273416,0.27173129003273416,0.27553741993453174,stop,-0.4647289257384113,-0.5447289257384114,14
1INCH,short,2025-02-12 15:20:00+00:00,2025-02-12 15:25:00+00:00,2025-02-12 16:15:00+00:00,434836,434837,434847,0.2629,0.2642398446651199,0.2642398446651199,0.2605203106697602,stop,-0.5070562567193071,-0.5870562567193072,11
1INCH,short,2025-02-12 16:45:00+00:00,2025-02-12 16:50:00+00:00,2025-02-12 17:05:00+00:00,434853,434854,434857,0.2629,0.2646847117945367,0.2646847117945367,0.2593305764109267,stop,-0.6742783829245313,-0.7542783829245314,4
1INCH,long,2025-02-12 17:25:00+00:00,2025-02-12 17:30:00+00:00,2025-02-12 18:05:00+00:00,434861,434862,434869,0.2652,0.2634070235088295,0.2634070235088295,0.268485952982341,stop,-0.6760846497626316,-0.7560846497626317,8
1INCH,short,2025-02-14 15:25:00+00:00,2025-02-14 15:30:00+00:00,2025-02-14 16:05:00+00:00,435413,435414,435421,0.2709,0.2719742846771358,0.2719742846771358,0.26905143064572845,stop,-0.39499494535343294,-0.47499494535343295,8
1INCH,short,2025-02-14 17:05:00+00:00,2025-02-14 17:10:00+00:00,2025-02-14 17:20:00+00:00,435433,435434,435436,0.2708,0.2724668790214516,0.2724668790214516,0.26746624195709673,stop,-0.611773081351441,-0.6917730813514411,3
1INCH,long,2025-02-14 17:25:00+00:00,2025-02-14 17:30:00+00:00,2025-02-14 17:45:00+00:00,435437,435438,435441,0.2739,0.272070852464294,0.272070852464294,0.2772582950714119,stop,-0.667815821725426,-0.747815821725426,4
1INCH,short,2025-02-15 15:05:00+00:00,2025-02-15 15:10:00+00:00,2025-02-15 18:45:00+00:00,435697,435698,435741,0.2719,0.273989868907791,0.273989868907791,0.267420262184418,stop,-0.7627540814271194,-0.8427540814271195,44
1INCH,long,2025-02-15 19:20:00+00:00,2025-02-15 19:25:00+00:00,2025-02-15 23:35:00+00:00,435748,435749,435799,0.2745,0.2723326940289913,0.2723326940289913,0.27913461194201744,stop,-0.7895468018246699,-0.8695468018246699,51
1INCH,long,2025-02-16 15:30:00+00:00,2025-02-16 15:35:00+00:00,2025-02-16 15:55:00+00:00,435990,435991,435995,0.2681,0.2700953945801283,0.26695230270993586,0.2700953945801283,take_profit,0.7442725028453223,0.6642725028453222,5
1INCH,long,2025-02-17 15:10:00+00:00,2025-02-17 15:15:00+00:00,2025-02-17 17:45:00+00:00,436274,436275,436305,0.2687,0.27115166000663166,0.26747416999668416,0.27115166000663166,take_profit,0.9124153355532849,0.8324153355532848,31
1INCH,short,2025-02-18 15:10:00+00:00,2025-02-18 15:15:00+00:00,2025-02-18 18:30:00+00:00,436562,436563,436602,0.2612,0.2637018251576061,0.2637018251576061,0.2558963496847878,stop,-0.9487325907247102,-1.0287325907247102,40
1INCH,short,2025-02-18 20:55:00+00:00,2025-02-18 21:00:00+00:00,2025-02-18 21:05:00+00:00,436631,436632,436633,0.2619,0.2626642039971377,0.2626642039971377,0.26007159200572455,stop,-0.290943335828886,-0.370943335828886,2
1INCH,long,2025-02-19 15:30:00+00:00,2025-02-19 15:35:00+00:00,2025-02-19 21:55:00+00:00,436854,436855,436931,0.2671,0.26588009658225775,0.26588009658225775,0.2695398068354845,stop,-0.4567216090386572,-0.5367216090386573,77
1INCH,long,2025-02-21 18:15:00+00:00,2025-02-21 18:20:00+00:00,2025-02-22 00:35:00+00:00,437463,437464,437539,0.2714,0.26726387268011154,0.26726387268011154,0.279972254639777,stop,-1.5239968017275007,-1.6039968017275006,76
1INCH,long,2025-02-22 16:20:00+00:00,2025-02-22 16:25:00+00:00,2025-02-22 16:30:00+00:00,437728,437729,437730,0.2664,0.2656187812066341,0.2656187812066341,0.2682624375867318,stop,-0.29325029781002154,-0.37325029781002156,2
1INCH,long,2025-02-23 15:15:00+00:00,2025-02-23 15:20:00+00:00,2025-02-23 21:25:00+00:00,438003,438004,438077,0.2683,0.2667759891473955,0.2667759891473955,0.271348021705209,stop,-0.5680249171093998,-0.6480249171093999,74
1INCH,short,2025-02-24 15:20:00+00:00,2025-02-24 15:25:00+00:00,2025-02-24 15:55:00+00:00,438292,438293,438299,0.2604,0.2615938568332752,0.2615938568332752,0.2580122863334497,stop,-0.4563780081563884,-0.5363780081563885,7
1INCH,short,2025-02-24 17:10:00+00:00,2025-02-24 17:15:00+00:00,2025-02-24 17:25:00+00:00,438314,438315,438317,0.2607,0.2585456001336783,0.2619271999331608,0.2585456001336783,take_profit,0.8332765536167797,0.7532765536167796,3
1INCH,short,2025-02-24 19:20:00+00:00,2025-02-24 19:25:00+00:00,2025-02-24 23:40:00+00:00,438340,438341,438392,0.2602,0.2566836302807477,0.26195818485962613,0.2566836302807477,take_profit,1.3699236353351685,1.2899236353351684,52
1INCH,short,2025-02-25 15:05:00+00:00,2025-02-25 15:10:00+00:00,2025-02-25 16:00:00+00:00,438577,438578,438588,0.2446,0.24118783052659162,0.2464560847367042,0.24118783052659162,take_profit,1.414735339655615,1.334735339655615,11
1INCH,short,2025-02-25 18:05:00+00:00,2025-02-25 18:10:00+00:00,2025-02-25 19:30:00+00:00,438613,438614,438630,0.2446,0.2468450806327686,0.2468450806327686,0.24010983873446282,stop,-0.9095099756549763,-0.9895099756549763,17
1INCH,long,2025-02-25 19:35:00+00:00,2025-02-25 19:40:00+00:00,2025-02-25 20:20:00+00:00,438631,438632,438640,0.247,0.2448156794887832,0.2448156794887832,0.2516686410224336,stop,-0.8843402879420315,-0.9643402879420315,9
1INCH,long,2025-02-25 20:35:00+00:00,2025-02-25 20:40:00+00:00,2025-02-26 00:00:00+00:00,438643,438644,438684,0.2474,0.24444726630679034,0.24444726630679034,0.25330546738641935,stop,-1.193505939049988,-1.273505939049988,41
1INCH,long,2025-02-26 19:30:00+00:00,2025-02-26 19:35:00+00:00,2025-02-26 20:45:00+00:00,438918,438919,438933,0.2562,0.2549833886732619,0.2549833886732619,0.2586332226534761,stop,-0.47486780903125414,-0.5548678090312542,15
1INCH,long,2025-02-27 15:20:00+00:00,2025-02-27 15:25:00+00:00,2025-02-27 15:40:00+00:00,439156,439157,439160,0.2471,0.24961061711778246,0.24599469144110878,0.24961061711778246,take_profit,1.016032827916824,0.936032827916824,4
1INCH,short,2025-02-28 15:25:00+00:00,2025-02-28 15:30:00+00:00,2025-02-28 16:00:00+00:00,439445,439446,439452,0.2266,0.22898117885608252,0.22898117885608252,0.22153764228783498,stop,-1.0399015622061802,-1.1199015622061803,7
1INCH,short,2025-02-28 17:10:00+00:00,2025-02-28 17:15:00+00:00,2025-02-28 17:50:00+00:00,439466,439467,439474,0.2263,0.22925500718147923,0.22925500718147923,0.22038998563704154,stop,-1.2889608029978739,-1.368960802997874,8
1INCH,long,2025-03-01 15:05:00+00:00,2025-03-01 15:10:00+00:00,2025-03-01 15:15:00+00:00,439729,439730,439731,0.2429,0.24180418748213495,0.24180418748213495,0.24509162503573012,stop,-0.45113730665502505,-0.5311373066550251,2
1INCH,long,2025-03-01 18:15:00+00:00,2025-03-01 18:20:00+00:00,2025-03-01 18:40:00+00:00,439767,439768,439772,0.2429,0.24150934168041846,0.24150934168041846,0.2456813166391631,stop,-0.5725229804781962,-0.6525229804781962,5
1INCH,short,2025-03-01 19:15:00+00:00,2025-03-01 19:20:00+00:00,2025-03-01 22:25:00+00:00,439779,439780,439817,0.2404,0.23606420763225106,0.24256789618387448,0.23606420763225106,take_profit,1.8367004516429697,1.7567004516429698,38
1INCH,short,2025-03-02 18:55:00+00:00,2025-03-02 19:00:00+00:00,2025-03-02 19:05:00+00:00,440063,440064,440065,0.2401,0.24129987136912667,0.24129987136912667,0.23770025726174668,stop,-0.4972532153948661,-0.5772532153948662,2
1INCH,short,2025-03-03 15:20:00+00:00,2025-03-03 15:25:00+00:00,2025-03-03 15:40:00+00:00,440308,440309,440312,0.25,0.246864566853642,0.251567716573179,0.246864566853642,take_profit,1.270102545018914,1.190102545018914,4
1INCH,short,2025-03-04 16:05:00+00:00,2025-03-04 16:10:00+00:00,2025-03-04 19:55:00+00:00,440605,440606,440651,0.2194,0.2216380959189265,0.2216380959189265,0.215223808162147,stop,-1.0097974852415148,-1.0897974852415149,46
1INCH,long,2025-03-05 15:35:00+00:00,2025-03-05 15:40:00+00:00,2025-03-05 16:30:00+00:00,440887,440888,440898,0.2267,0.22957036505685058,0.22526481747157473,0.22957036505685058,take_profit,1.266151326356657,1.186151326356657,11
1INCH,long,2025-03-06 15:45:00+00:00,2025-03-06 15:50:00+00:00,2025-03-06 16:05:00+00:00,441177,441178,441181,0.2403,0.23911406456696804,0.23911406456696804,0.24267187086606395,stop,-0.4935228601880892,-0.5735228601880893,4
1INCH,short,2025-03-07 15:10:00+00:00,2025-03-07 15:15:00+00:00,2025-03-07 15:35:00+00:00,441458,441459,441463,0.2285,0.22952504469889387,0.22952504469889387,0.22674991060221225,stop,-0.44659383477676506,-0.5265938347767651,5
1INCH,long,2025-03-07 15:40:00+00:00,2025-03-07 15:45:00+00:00,2025-03-07 17:00:00+00:00,441464,441465,441480,0.2303,0.23255962401349117,0.2293201879932544,0.23255962401349117,take_profit,0.9811654422454019,0.9011654422454018,16
1INCH,short,2025-03-08 15:50:00+00:00,2025-03-08 15:55:00+00:00,2025-03-08 16:00:00+00:00,441754,441755,441756,0.2239,0.2246218729537619,0.2246218729537619,0.2221562540924762,stop,-0.32137251117593246,-0.4013725111759325,2
1INCH,short,2025-03-08 16:35:00+00:00,2025-03-08 16:40:00+00:00,2025-03-08 18:10:00+00:00,441763,441764,441782,0.2238,0.22491088335988513,0.22491088335988513,0.2218782332802297,stop,-0.4939215671958319,-0.573921567195832,19
1INCH,short,2025-03-08 18:50:00+00:00,2025-03-08 18:55:00+00:00,2025-03-08 19:25:00+00:00,441790,441791,441797,0.2236,0.2248144833324913,0.2248144833324913,0.22147103333501744,stop,-0.5402157879192959,-0.620215787919296,7
1INCH,short,2025-03-09 15:00:00+00:00,2025-03-09 15:05:00+00:00,2025-03-09 16:05:00+00:00,442032,442033,442045,0.2263,0.2275553974613938,0.2275553974613938,0.2237892050772124,stop,-0.5516887208121712,-0.6316887208121713,13
1INCH,short,2025-03-09 16:35:00+00:00,2025-03-09 16:40:00+00:00,2025-03-09 18:55:00+00:00,442051,442052,442079,0.2269,0.22466318352998377,0.2280184082350081,0.22466318352998377,take_profit,0.9956310753148845,0.9156310753148844,28
1INCH,short,2025-03-10 14:10:00+00:00,2025-03-10 14:15:00+00:00,2025-03-10 17:35:00+00:00,442310,442311,442351,0.2137,0.21193706452429362,0.2145814677378532,0.21193706452429362,take_profit,0.8318202762992,0.7518202762991999,41
1INCH,long,2025-03-10 18:15:00+00:00,2025-03-10 18:20:00+00:00,2025-03-10 23:15:00+00:00,442359,442360,442419,0.2183,0.21289885519849816,0.21289885519849816,0.22910228960300366,stop,-2.4741845174080734,-2.5541845174080735,60
1INCH,long,2025-03-11 14:10:00+00:00,2025-03-11 14:15:00+00:00,2025-03-11 15:55:00+00:00,442598,442599,442619,0.1955,0.19267631919644082,0.19267631919644082,0.20114736160711838,stop,-1.4443380069356415,-1.5243380069356416,21
1INCH,long,2025-03-11 17:10:00+00:00,2025-03-11 17:15:00+00:00,2025-03-11 22:05:00+00:00,442634,442635,442693,0.1954,0.1937079491039479,0.1937079491039479,0.19878410179210418,stop,-0.8659421167103831,-0.9459421167103832,59
1INCH,short,2025-03-13 14:40:00+00:00,2025-03-13 14:45:00+00:00,2025-03-13 15:50:00+00:00,443180,443181,443194,0.1941,0.19477852015713149,0.19477852015713149,0.19244295968573705,stop,-0.34835471415642916,-0.4283547141564292,14
1INCH,long,2025-03-13 16:20:00+00:00,2025-03-13 16:25:00+00:00,2025-03-13 17:25:00+00:00,443200,443201,443213,0.1962,0.19496732092269664,0.19496732092269664,0.19896535815460673,stop,-0.628276797810079,-0.708276797810079,13
1INCH,long,2025-03-13 18:00:00+00:00,2025-03-13 18:05:00+00:00,2025-03-13 21:30:00+00:00,443220,443221,443262,0.1967,0.1998527049765396,0.19512364751173022,0.1998527049765396,take_profit,1.6027986662631388,1.5227986662631388,42
1INCH,long,2025-03-14 16:35:00+00:00,2025-03-14 16:40:00+00:00,2025-03-14 17:15:00+00:00,443491,443492,443499,0.1977,0.19905673041758065,0.19702163479120965,0.19905673041758065,take_profit,0.6862571662016537,0.6062571662016536,8
1INCH,short,2025-03-16 17:25:00+00:00,2025-03-16 17:30:00+00:00,2025-03-16 17:35:00+00:00,444077,444078,444079,0.2016,0.2021167434993919,0.2021167434993919,0.20026651300121623,stop,-0.25566585451811674,-0.33566585451811676,2
1INCH,short,2025-03-16 18:25:00+00:00,2025-03-16 18:30:00+00:00,2025-03-16 20:00:00+00:00,444089,444090,444108,0.2015,0.19937635677401905,0.2025618216129905,0.19937635677401905,take_profit,1.0651429589457306,0.9851429589457306,19
1INCH,short,2025-03-17 14:10:00+00:00,2025-03-17 14:15:00+00:00,2025-03-17 15:20:00+00:00,444326,444327,444340,0.2,0.1984610090063006,0.20076949549684972,0.1984610090063006,take_profit,0.7754626469981041,0.695462646998104,14
1INCH,short,2025-03-17 17:15:00+00:00,2025-03-17 17:20:00+00:00,2025-03-17 17:45:00+00:00,444363,444364,444369,0.1999,0.20131101629001558,0.20131101629001558,0.19707796741996883,stop,-0.700913599275077,-0.7809135992750771,6
1INCH,short,2025-03-18 15:15:00+00:00,2025-03-18 15:20:00+00:00,2025-03-18 16:05:00+00:00,444627,444628,444637,0.1999,0.20160055366549645,0.20160055366549645,0.19649889266900708,stop,-0.8435262872928839,-0.923526287292884,10
1INCH,short,2025-03-18 17:10:00+00:00,2025-03-18 17:15:00+00:00,2025-03-18 17:25:00+00:00,444650,444651,444653,0.2003,0.20133987860908173,0.20133987860908173,0.1979202427818365,stop,-0.5164792073311664,-0.5964792073311664,3
1INCH,long,2025-03-19 14:05:00+00:00,2025-03-19 14:10:00+00:00,2025-03-19 16:40:00+00:00,444901,444902,444932,0.2056,0.2047165242255241,0.2047165242255241,0.20706695154895174,stop,-0.4297061159902249,-0.509706115990225,31
1INCH,long,2025-03-19 19:30:00+00:00,2025-03-19 19:35:00+00:00,2025-03-20 00:40:00+00:00,444966,444967,445028,0.2065,0.21185225960442675,0.20367387019778663,0.21185225960442675,take_profit,2.5918932709088516,2.5118932709088515,62
1INCH,short,2025-03-20 14:25:00+00:00,2025-03-20 14:30:00+00:00,2025-03-20 15:05:00+00:00,445193,445194,445201,0.2082,0.20879282307068953,0.20879282307068953,0.20701435385862094,stop,-0.2839288544361662,-0.36392885443616624,8
1INCH,short,2025-03-20 15:40:00+00:00,2025-03-20 15:45:00+00:00,2025-03-20 17:10:00+00:00,445208,445209,445226,0.2083,0.2089209105379164,0.2089209105379164,0.2067581789241672,stop,-0.29719884731389534,-0.37719884731389536,18
1INCH,short,2025-03-20 19:00:00+00:00,2025-03-20 19:05:00+00:00,2025-03-20 19:20:00+00:00,445248,445249,445252,0.2077,0.20524680759565722,0.2087765962021714,0.20524680759565722,take_profit,1.1952402247228378,1.1152402247228377,4
1INCH,long,2025-03-22 14:30:00+00:00,2025-03-22 14:35:00+00:00,2025-03-22 17:45:00+00:00,445770,445771,445809,0.2086,0.21037675714698334,0.20786162142650833,0.21037675714698334,take_profit,0.851753186473303,0.7717531864733029,39
1INCH,short,2025-03-23 17:25:00+00:00,2025-03-23 17:30:00+00:00,2025-03-23 18:30:00+00:00,446093,446094,446106,0.2098,0.21057717563343942,0.21057717563343942,0.20824564873312112,stop,-0.3690692645589966,-0.4490692645589966,13
1INCH,short,2025-03-23 19:45:00+00:00,2025-03-23 19:50:00+00:00,2025-03-23 20:05:00+00:00,446121,446122,446125,0.2099,0.21064805909680595,0.21064805909680595,0.20810388180638806,stop,-0.3551227103697929,-0.43512271036979294,4
1INCH,long,2025-03-24 14:15:00+00:00,2025-03-24 14:20:00+00:00,2025-03-24 15:20:00+00:00,446343,446344,446356,0.2126,0.21473707663803493,0.21153146168098255,0.21473707663803493,take_profit,1.0052100837417255,0.9252100837417254,13
1INCH,short,2025-03-25 14:05:00+00:00,2025-03-25 14:10:00+00:00,2025-03-25 14:25:00+00:00,446629,446630,446633,0.2128,0.2136075156631644,0.2136075156631644,0.21088496867367118,stop,-0.37803710260727597,-0.458037102607276,4
1INCH,long,2025-03-26 14:25:00+00:00,2025-03-26 14:30:00+00:00,2025-03-26 14:40:00+00:00,446921,446922,446924,0.2162,0.21732813337385057,0.2154859333130747,0.21732813337385057,take_profit,0.5218008204674218,0.4418008204674218,3
1INCH,short,2025-03-28 14:25:00+00:00,2025-03-28 14:30:00+00:00,2025-03-28 16:10:00+00:00,447497,447498,447518,0.2057,0.20322840790735913,0.20678579604632044,0.20322840790735913,take_profit,1.2161646681636773,1.1361646681636772,21
1INCH,short,2025-03-29 14:15:00+00:00,2025-03-29 14:20:00+00:00,2025-03-29 15:15:00+00:00,447783,447784,447795,0.1961,0.19405409507865717,0.1971229524606714,0.19405409507865717,take_profit,1.054296185047554,0.974296185047554,12
1INCH,long,2025-03-30 18:25:00+00:00,2025-03-30 18:30:00+00:00,2025-03-30 19:05:00+00:00,448121,448122,448129,0.193,0.19401925693499997,0.1923403715325,0.19401925693499997,take_profit,0.5281124015543925,0.4481124015543925,8
1INCH,long,2025-03-30 19:45:00+00:00,2025-03-30 19:50:00+00:00,2025-03-30 20:25:00+00:00,448137,448138,448145,0.193,0.19180815657595876,0.19180815657595876,0.19508368684808244,stop,-0.6175354528711097,-0.6975354528711097,8
1INCH,short,2025-03-31 16:30:00+00:00,2025-03-31 16:35:00+00:00,2025-03-31 17:00:00+00:00,448386,448387,448392,0.1851,0.18669960720307355,0.18669960720307355,0.18190078559385287,stop,-0.8567812364670191,-0.9367812364670192,6
1INCH,short,2025-03-31 18:25:00+00:00,2025-03-31 18:30:00+00:00,2025-03-31 19:10:00+00:00,448409,448410,448418,0.1855,0.183319621809438,0.186440189095281,0.183319621809438,take_profit,1.1893861491971247,1.1093861491971246,9
1INCH,long,2025-04-01 14:05:00+00:00,2025-04-01 14:10:00+00:00,2025-04-01 14:50:00+00:00,448645,448646,448654,0.1898,0.18947062842516232,0.18947062842516232,0.1907587431496754,stop,-0.17353613005146595,-0.25353613005146597,9
1INCH,long,2025-04-01 15:05:00+00:00,2025-04-01 15:10:00+00:00,2025-04-01 15:40:00+00:00,448657,448658,448664,0.1901,0.19209458334416757,0.18895270832791622,0.19209458334416757,take_profit,1.0492284819398012,0.9692284819398012,7
1INCH,short,2025-04-02 14:10:00+00:00,2025-04-02 14:15:00+00:00,2025-04-02 22:50:00+00:00,448934,448935,449038,0.1908,0.19249147831911662,0.19249147831911662,0.18741704336176676,stop,-0.8787289358921369,-0.9587289358921369,104
1INCH,short,2025-04-03 15:35:00+00:00,2025-04-03 15:40:00+00:00,2025-04-03 16:15:00+00:00,449239,449240,449247,0.1861,0.18419529194383943,0.18690235402808028,0.18419529194383943,take_profit,1.0340698918305025,0.9540698918305024,8
1INCH,long,2025-04-04 14:25:00+00:00,2025-04-04 14:30:00+00:00,2025-04-04 16:10:00+00:00,449513,449514,449534,0.184,0.18613659321024917,0.1829317033948754,0.18613659321024917,take_profit,1.1611919620919453,1.0811919620919452,21
1INCH,short,2025-04-04 19:25:00+00:00,2025-04-04 19:30:00+00:00,2025-04-04 20:25:00+00:00,449573,449574,449585,0.1821,0.17869906694753346,0.18365046652623326,0.17869906694753346,take_profit,1.9031621768148765,1.8231621768148767,12
1INCH,long,2025-04-05 15:15:00+00:00,2025-04-05 15:20:00+00:00,2025-04-05 21:25:00+00:00,449811,449812,449885,0.1872,0.18613757831615838,0.18613757831615838,0.18932484336768327,stop,-0.5675329507700999,-0.6475329507701,74
1INCH,long,2025-04-06 14:25:00+00:00,2025-04-06 14:30:00+00:00,2025-04-06 15:55:00+00:00,450089,450090,450107,0.184,0.1834060835249691,0.1834060835249691,0.1851878329500618,stop,-0.3227806929515742,-0.4027806929515742,18
1INCH,short,2025-04-06 17:05:00+00:00,2025-04-06 17:10:00+00:00,2025-04-06 17:55:00+00:00,450121,450122,450131,0.1827,0.1836049795047448,0.1836049795047448,0.1808900409905104,stop,-0.49289485894439267,-0.5728948589443927,10
1INCH,short,2025-04-07 14:45:00+00:00,2025-04-07 14:50:00+00:00,2025-04-07 15:25:00+00:00,450381,450382,450389,0.1595,0.15515681146613108,0.16152159426693444,0.15515681146613108,take_profit,2.79922517924196,2.7192251792419597,8
1INCH,long,2025-04-09 15:05:00+00:00,2025-04-09 15:10:00+00:00,2025-04-09 19:55:00+00:00,450961,450962,451019,0.157,0.1599945903011221,0.15565270484943894,0.1599945903011221,take_profit,1.9073823574025983,1.8273823574025985,58
1INCH,long,2025-04-10 14:10:00+00:00,2025-04-10 14:15:00+00:00,2025-04-10 15:30:00+00:00,451238,451239,451254,0.1719,0.17107551171553645,0.17107551171553645,0.17324897656892713,stop,-0.47963250986826633,-0.5596325098682664,16
1INCH,long,2025-04-10 15:55:00+00:00,2025-04-10 16:00:00+00:00,2025-04-10 16:25:00+00:00,451259,451260,451265,0.1718,0.17125362188752394,0.17125362188752394,0.17289275622495215,stop,-0.3180314973667442,-0.3980314973667442,6
1INCH,short,2025-04-10 16:55:00+00:00,2025-04-10 17:00:00+00:00,2025-04-10 19:25:00+00:00,451271,451272,451301,0.1693,0.16757706431502595,0.17016146784248704,0.16757706431502595,take_profit,1.028145284688331,0.9481452846883309,30
1INCH,long,2025-04-11 15:45:00+00:00,2025-04-11 15:50:00+00:00,2025-04-11 16:25:00+00:00,451545,451546,451553,0.1699,0.16916140977332036,0.16916140977332036,0.1716771804533593,stop,-0.43472055719813163,-0.5147205571981317,8
1INCH,long,2025-04-11 17:05:00+00:00,2025-04-11 17:10:00+00:00,2025-04-11 17:20:00+00:00,451561,451562,451564,0.1701,0.16882039712360272,0.16882039712360272,0.1723592057527946,stop,-0.7522650654892882,-0.8322650654892882,3
1INCH,long,2025-04-11 18:35:00+00:00,2025-04-11 18:40:00+00:00,2025-04-11 20:30:00+00:00,451579,451580,451602,0.1702,0.16909118124070563,0.16909118124070563,0.17271763751858876,stop,-0.6514798820765888,-0.7314798820765889,23
1INCH,short,2025-04-13 14:10:00+00:00,2025-04-13 14:15:00+00:00,2025-04-13 15:45:00+00:00,452102,452103,452121,0.1736,0.17483392617746285,0.17483392617746285,0.1711321476450743,stop,-0.705770444238818,-0.785770444238818,19
1INCH,short,2025-04-13 16:35:00+00:00,2025-04-13 16:40:00+00:00,2025-04-13 17:20:00+00:00,452131,452132,452140,0.1743,0.17473079246395606,0.17473079246395606,0.1734384150720879,stop,-0.24654639166986625,-0.32654639166986626,9
1INCH,short,2025-04-13 17:40:00+00:00,2025-04-13 17:45:00+00:00,2025-04-13 18:20:00+00:00,452144,452145,452152,0.1743,0.17496374977068102,0.17496374977068102,0.172972500458638,stop,-0.379364166320717,-0.459364166320717,8
1INCH,short,2025-04-14 14:30:00+00:00,2025-04-14 14:35:00+00:00,2025-04-14 19:15:00+00:00,452394,452395,452451,0.1721,0.1735437341029417,0.1735437341029417,0.16921253179411663,stop,-0.8319137019866751,-0.9119137019866752,57
1INCH,long,2025-04-14 19:25:00+00:00,2025-04-14 19:30:00+00:00,2025-04-14 22:40:00+00:00,452453,452454,452492,0.1746,0.17313205442993407,0.17313205442993407,0.17723589114013183,stop,-0.8407477491786608,-0.9207477491786609,39
1INCH,short,2025-04-15 15:15:00+00:00,2025-04-15 15:20:00+00:00,2025-04-15 16:05:00+00:00,452691,452692,452701,0.1697,0.17051311068076422,0.17051311068076422,0.16777377863847157,stop,-0.4768610915125149,-0.556861091512515,10
1INCH,long,2025-04-15 19:25:00+00:00,2025-04-15 19:30:00+00:00,2025-04-15 21:45:00+00:00,452741,452742,452769,0.172,0.17074227001792536,0.17074227001792536,0.17421545996414928,stop,-0.7312383616712936,-0.8112383616712937,28
1INCH,long,2025-04-16 14:05:00+00:00,2025-04-16 14:10:00+00:00,2025-04-16 14:20:00+00:00,452965,452966,452968,0.168,0.16728674370251326,0.16728674370251326,0.16912651259497347,stop,-0.4245573199325947,-0.5045573199325948,3
1INCH,short,2025-04-16 14:30:00+00:00,2025-04-16 14:35:00+00:00,2025-04-16 14:35:00+00:00,452970,452971,452971,0.166,0.16689344519854588,0.16689344519854588,0.16421310960290827,stop,-0.5353386991819642,-0.6153386991819643,1
1INCH,short,2025-04-16 16:10:00+00:00,2025-04-16 16:15:00+00:00,2025-04-16 16:35:00+00:00,452990,452991,452995,0.1662,0.16466019758137138,0.1669699012093143,0.16466019758137138,take_profit,0.9351394212117725,0.8551394212117724,5
1INCH,short,2025-04-16 17:50:00+00:00,2025-04-16 17:55:00+00:00,2025-04-16 23:30:00+00:00,453010,453011,453078,0.1656,0.16713274209394827,0.16713274209394827,0.16283451581210343,stop,-0.9170806837398127,-0.9970806837398127,68
1INCH,long,2025-04-17 14:10:00+00:00,2025-04-17 14:15:00+00:00,2025-04-17 15:10:00+00:00,453254,453255,453266,0.1665,0.1658137200369569,0.1658137200369569,0.1678725599260862,stop,-0.41218015798384355,-0.49218015798384357,12
1INCH,long,2025-04-17 15:25:00+00:00,2025-04-17 15:30:00+00:00,2025-04-17 17:30:00+00:00,453269,453270,453294,0.1666,0.16579761098070842,0.16579761098070842,0.16850477803858313,stop,-0.48162606199975144,-0.5616260619997515,25
1INCH,short,2025-04-17 19:10:00+00:00,2025-04-17 19:15:00+00:00,2025-04-17 20:05:00+00:00,453314,453315,453325,0.1645,0.1654747830266347,0.1654747830266347,0.16225043394673055,stop,-0.5890825229109331,-0.6690825229109332,11
1INCH,long,2025-04-18 14:45:00+00:00,2025-04-18 14:50:00+00:00,2025-04-18 18:40:00+00:00,453549,453550,453596,0.1681,0.16971524190680534,0.16729237904659733,0.16971524190680534,take_profit,0.9608815626444667,0.8808815626444666,47
1INCH,long,2025-04-19 18:10:00+00:00,2025-04-19 18:15:00+00:00,2025-04-19 18:30:00+00:00,453878,453879,453882,0.173,0.1723859877017148,0.1723859877017148,0.17422802459657039,stop,-0.3549204036330633,-0.43492040363306333,4
1INCH,long,2025-04-20 14:15:00+00:00,2025-04-20 14:20:00+00:00,2025-04-20 15:00:00+00:00,454119,454120,454128,0.1764,0.17576295456851704,0.17576295456851704,0.17767409086296593,stop,-0.361136865920042,-0.44113686592004203,9
1INCH,long,2025-04-20 15:10:00+00:00,2025-04-20 15:15:00+00:00,2025-04-20 15:20:00+00:00,454130,454131,454132,0.1763,0.17572388688606255,0.17572388688606255,0.1777522262278749,stop,-0.3267799852169406,-0.40677998521694064,2
1INCH,long,2025-04-21 14:20:00+00:00,2025-04-21 14:25:00+00:00,2025-04-21 15:05:00+00:00,454408,454409,454417,0.1766,0.17780190382242253,0.17599904808878875,0.17780190382242253,take_profit,0.6805797408961034,0.6005797408961033,9
1INCH,short,2025-04-22 14:10:00+00:00,2025-04-22 14:15:00+00:00,2025-04-22 14:55:00+00:00,454694,454695,454703,0.1724,0.17335794873891802,0.17335794873891802,0.17048410252216395,stop,-0.552584260419875,-0.632584260419875,9
1INCH,short,2025-04-22 15:10:00+00:00,2025-04-22 15:15:00+00:00,2025-04-22 16:25:00+00:00,454706,454707,454721,0.1725,0.17323011329398946,0.17323011329398946,0.17073977341202107,stop,-0.4214701936668508,-0.5014701936668509,15
1INCH,long,2025-04-22 16:30:00+00:00,2025-04-22 16:35:00+00:00,2025-04-22 22:45:00+00:00,454722,454723,454797,0.1751,0.17967184427620253,0.17266407786189872,0.17967184427620253,take_profit,2.6109904490020153,2.530990449002015,75
1INCH,short,2025-04-24 16:35:00+00:00,2025-04-24 16:40:00+00:00,2025-04-24 19:50:00+00:00,455299,455300,455338,0.1839,0.18543543282165884,0.18543543282165884,0.18082913435668235,stop,-0.8280147964685458,-0.9080147964685459,39
1INCH,long,2025-04-25 14:05:00+00:00,2025-04-25 14:10:00+00:00,2025-04-25 15:10:00+00:00,455557,455558,455570,0.1918,0.19321705577667916,0.19109147211166042,0.19321705577667916,take_profit,0.7388194873196863,0.6588194873196862,13
1INCH,long,2025-04-25 19:50:00+00:00,2025-04-25 19:55:00+00:00,2025-04-25 20:10:00+00:00,455626,455627,455630,0.1919,0.19334694245870673,0.19102652877064663,0.19334694245870673,take_profit,0.7540085767101301,0.67400857671013,4
1INCH,short,2025-04-26 14:05:00+00:00,2025-04-26 14:10:00+00:00,2025-04-26 14:30:00+00:00,455845,455846,455850,0.1955,0.1964305186240981,0.1964305186240981,0.19333896275180376,stop,-0.47371387634463913,-0.5537138763446392,5
1INCH,long,2025-04-26 14:40:00+00:00,2025-04-26 14:45:00+00:00,2025-04-26 16:05:00+00:00,455852,455853,455869,0.1969,0.19912666969125767,0.19578666515437115,0.19912666969125767,take_profit,1.1308632256260331,1.050863225626033,17
1INCH,long,2025-04-28 15:35:00+00:00,2025-04-28 15:40:00+00:00,2025-04-28 17:25:00+00:00,456439,456440,456461,0.2047,0.20796263481267263,0.20306868259366367,0.20796263481267263,take_profit,1.5938616573877074,1.5138616573877073,22
1INCH,long,2025-04-29 15:50:00+00:00,2025-04-29 15:55:00+00:00,2025-04-29 16:35:00+00:00,456730,456731,456739,0.2061,0.20978905121536606,0.20440547439231696,0.20978905121536606,take_profit,1.7899326615070654,1.7099326615070656,9
1INCH,long,2025-05-01 17:00:00+00:00,2025-05-01 17:05:00+00:00,2025-05-01 23:30:00+00:00,457320,457321,457398,0.2083,0.21211057197444536,0.20654471401277733,0.21211057197444536,take_profit,1.8293672464932076,1.7493672464932077,78
1INCH,short,2025-05-02 14:15:00+00:00,2025-05-02 14:20:00+00:00,2025-05-02 15:20:00+00:00,457575,457576,457588,0.2058,0.20700455950229898,0.20700455950229898,0.20369088099540203,stop,-0.5818999857757245,-0.6618999857757246,13
1INCH,short,2025-05-02 19:35:00+00:00,2025-05-02 19:40:00+00:00,2025-05-02 21:45:00+00:00,457639,457640,457665,0.2059,0.20728232449122866,0.20728232449122866,0.20343535101754265,stop,-0.666880060623376,-0.7468800606233761,26
1INCH,short,2025-05-03 14:10:00+00:00,2025-05-03 14:15:00+00:00,2025-05-03 14:45:00+00:00,457862,457863,457869,0.2049,0.20556225789506752,0.20556225789506752,0.20357548420986496,stop,-0.3221690118842657,-0.40216901188426574,7
1INCH,short,2025-05-03 14:55:00+00:00,2025-05-03 15:00:00+00:00,2025-05-03 15:20:00+00:00,457871,457872,457876,0.2051,0.20368740545161448,0.20565629727419274,0.20368740545161448,take_profit,0.6935109931090366,0.6135109931090366,5
1INCH,short,2025-05-04 17:30:00+00:00,2025-05-04 17:35:00+00:00,2025-05-04 21:15:00+00:00,458190,458191,458235,0.1956,0.1968985097952113,0.1968985097952113,0.1927029804095774,stop,-0.6594817789945973,-0.7394817789945973,45
1INCH,long,2025-05-05 14:15:00+00:00,2025-05-05 14:20:00+00:00,2025-05-05 16:05:00+00:00,458439,458440,458461,0.1939,0.19317300326687936,0.19317300326687936,0.19535399346624124,stop,-0.374933848953396,-0.454933848953396,22
1INCH,long,2025-05-05 16:45:00+00:00,2025-05-05 16:50:00+00:00,2025-05-05 19:10:00+00:00,458469,458470,458498,0.194,0.193225500501686,0.193225500501686,0.19554899899662803,stop,-0.39922654552269066,-0.4792265455226907,29
1INCH,short,2025-05-05 19:15:00+00:00,2025-05-05 19:20:00+00:00,2025-05-05 19:35:00+00:00,458499,458500,458503,0.193,0.1916077151422883,0.19369614242885586,0.1916077151422883,take_profit,0.7266329837907648,0.6466329837907647,4
1INCH,short,2025-05-06 14:15:00+00:00,2025-05-06 14:20:00+00:00,2025-05-06 16:55:00+00:00,458727,458728,458759,0.1942,0.19194168512270945,0.19547915743864527,0.19194168512270945,take_profit,1.1765630148796502,1.0965630148796501,32
1INCH,long,2025-05-07 15:50:00+00:00,2025-05-07 15:55:00+00:00,2025-05-07 17:35:00+00:00,459034,459035,459055,0.1894,0.191435977527866,0.188532011236067,0.191435977527866,take_profit,1.074961735937685,0.994961735937685,21
1INCH,long,2025-05-08 14:05:00+00:00,2025-05-08 14:10:00+00:00,2025-05-08 14:25:00+00:00,459301,459302,459305,0.2001,0.1987417253529138,0.1987417253529138,0.20281654929417242,stop,-0.6787979245808096,-0.7587979245808096,4
1INCH,long,2025-05-08 14:45:00+00:00,2025-05-08 14:50:00+00:00,2025-05-08 15:30:00+00:00,459309,459310,459318,0.2002,0.1990558184467363,0.1990558184467363,0.20218836310652738,stop,-0.5715192573744643,-0.6515192573744644,9
1INCH,long,2025-05-08 16:05:00+00:00,2025-05-08 16:10:00+00:00,2025-05-08 17:40:00+00:00,459325,459326,459344,0.2,0.20226321675199888,0.19901839162400056,0.20226321675199888,take_profit,1.1316083759994378,1.0516083759994377,19
1INCH,long,2025-05-09 14:05:00+00:00,2025-05-09 14:10:00+00:00,2025-05-09 16:00:00+00:00,459589,459590,459612,0.2214,0.22431046545272557,0.22009476727363722,0.22431046545272557,take_profit,1.3145733752147892,1.2345733752147892,23
1INCH,long,2025-05-10 14:50:00+00:00,2025-05-10 14:55:00+00:00,2025-05-10 16:55:00+00:00,459886,459887,459911,0.2274,0.23063407920165735,0.22563296039917133,0.23063407920165735,take_profit,1.4221984176153724,1.3421984176153723,25
1INCH,short,2025-05-11 15:35:00+00:00,2025-05-11 15:40:00+00:00,2025-05-11 16:40:00+00:00,460183,460184,460196,0.2366,0.2318379417854672,0.2389810291072664,0.2318379417854672,take_profit,2.05404610559361,1.97404610559361,13
1INCH,long,2025-05-12 16:00:00+00:00,2025-05-12 16:05:00+00:00,2025-05-12 20:50:00+00:00,460476,460477,460534,0.2395,0.23581475282417894,0.23581475282417894,0.24657049435164213,stop,-1.5387253343720486,-1.6187253343720485,58
1INCH,long,2025-05-14 14:40:00+00:00,2025-05-14 14:45:00+00:00,2025-05-14 16:00:00+00:00,461036,461037,461052,0.2468,0.24546381675689197,0.24546381675689197,0.24947236648621604,stop,-0.5414032589578732,-0.6214032589578733,16
1INCH,short,2025-05-14 16:55:00+00:00,2025-05-14 17:00:00+00:00,2025-05-14 17:50:00+00:00,461063,461064,461074,0.2426,0.239213376501669,0.24429331174916552,0.239213376501669,take_profit,1.415733328904123,1.3357333289041229,11
1INCH,short,2025-05-15 14:05:00+00:00,2025-05-15 14:10:00+00:00,2025-05-15 15:35:00+00:00,461317,461318,461335,0.2317,0.22807672398313095,0.23366163800843454,0.22807672398313095,take_profit,1.5886215627759714,1.5086215627759714,18
1INCH,long,2025-05-16 14:10:00+00:00,2025-05-16 14:15:00+00:00,2025-05-16 15:45:00+00:00,461606,461607,461625,0.2332,0.23575397193675793,0.23177301403162104,0.23575397193675793,take_profit,1.095185221594308,1.015185221594308,19
1INCH,short,2025-05-16 17:35:00+00:00,2025-05-16 17:40:00+00:00,2025-05-16 18:05:00+00:00,461647,461648,461653,0.2295,0.23252065231672361,0.23252065231672361,0.22375869536655277,stop,-1.2990899030375536,-1.3790899030375536,6
1INCH,short,2025-05-17 14:15:00+00:00,2025-05-17 14:20:00+00:00,2025-05-17 16:45:00+00:00,461895,461896,461925,0.221,0.21844577734641588,0.22242711132679205,0.21844577734641588,take_profit,1.1692707840873506,1.0892707840873506,30
1INCH,long,2025-05-18 14:05:00+00:00,2025-05-18 14:10:00+00:00,2025-05-18 14:55:00+00:00,462181,462182,462191,0.2193,0.22195637220022352,0.21797181389988823,0.22195637220022352,take_profit,1.211296032933662,1.1312960329336619,10
1INCH,short,2025-05-19 15:55:00+00:00,2025-05-19 16:00:00+00:00,2025-05-19 16:05:00+00:00,462491,462492,462493,0.2088,0.21145485972945852,0.21145485972945852,0.20379028054108297,stop,-1.2555207919341282,-1.3355207919341283,2
1INCH,long,2025-05-20 14:10:00+00:00,2025-05-20 14:15:00+00:00,2025-05-20 14:55:00+00:00,462758,462759,462767,0.2297,0.22808683412210978,0.22808683412210978,0.23262633175578043,stop,-0.7022925023466242,-0.7822925023466243,9
1INCH,long,2025-05-21 14:15:00+00:00,2025-05-21 14:20:00+00:00,2025-05-21 16:20:00+00:00,463047,463048,463072,0.2311,0.22824201080442016,0.22824201080442016,0.2365159783911597,stop,-1.2366893966161085,-1.3166893966161086,25
1INCH,long,2025-05-22 14:30:00+00:00,2025-05-22 14:35:00+00:00,2025-05-22 14:55:00+00:00,463338,463339,463343,0.2394,0.2381607527365371,0.2381607527365371,0.24187849452692578,stop,-0.5176471443036346,-0.5976471443036346,5
1INCH,long,2025-05-22 16:10:00+00:00,2025-05-22 16:15:00+00:00,2025-05-22 16:25:00+00:00,463358,463359,463361,0.2396,0.23772567923812934,0.23772567923812934,0.24394864152374135,stop,-0.7822707687273223,-0.8622707687273223,3
1INCH,long,2025-05-22 16:45:00+00:00,2025-05-22 16:50:00+00:00,2025-05-22 18:25:00+00:00,463365,463366,463385,0.2398,0.24269925286972144,0.2383503735651393,0.24269925286972144,take_profit,1.2090295536786533,1.1290295536786532,20
1INCH,short,2025-05-23 14:30:00+00:00,2025-05-23 14:35:00+00:00,2025-05-23 14:55:00+00:00,463626,463627,463631,0.2397,0.24166865861022743,0.24166865861022743,0.23606268277954517,stop,-0.8146106415075405,-0.8946106415075405,5
1INCH,short,2025-05-23 15:10:00+00:00,2025-05-23 15:15:00+00:00,2025-05-23 18:05:00+00:00,463634,463635,463669,0.2396,0.24148862657789197,0.24148862657789197,0.2364227468442161,stop,-0.7820768226874608,-0.8620768226874609,35
1INCH,long,2025-05-23 18:20:00+00:00,2025-05-23 18:25:00+00:00,2025-05-23 19:05:00+00:00,463672,463673,463681,0.2423,0.24117418729762335,0.24117418729762335,0.2448516254047533,stop,-0.4646358656114846,-0.5446358656114847,9
1INCH,short,2025-05-24 14:20:00+00:00,2025-05-24 14:25:00+00:00,2025-05-24 14:30:00+00:00,463912,463913,463914,0.2264,0.22733871084492546,0.22733871084492546,0.22452257831014905,stop,-0.4129128917097602,-0.4929128917097602,2
1INCH,short,2025-05-24 15:45:00+00:00,2025-05-24 15:50:00+00:00,2025-05-24 15:55:00+00:00,463929,463930,463931,0.2266,0.22750711473578653,0.22750711473578653,0.22448577052842697,stop,-0.39871928262111833,-0.47871928262111835,2
1INCH,short,2025-05-24 17:15:00+00:00,2025-05-24 17:20:00+00:00,2025-05-24 17:50:00+00:00,463947,463948,463954,0.2264,0.22793822169524178,0.22793822169524178,0.22362355660951647,stop,-0.6748414916118883,-0.7548414916118884,7
1INCH,short,2025-05-25 14:05:00+00:00,2025-05-25 14:10:00+00:00,2025-05-25 16:10:00+00:00,464197,464198,464222,0.2246,0.22253172992168788,0.22548413503915607,0.22253172992168788,take_profit,0.9294270435231677,0.8494270435231677,25
1INCH,long,2025-05-26 16:00:00+00:00,2025-05-26 16:05:00+00:00,2025-05-26 18:50:00+00:00,464508,464509,464542,0.2306,0.22891034134386676,0.22891034134386676,0.23427931731226645,stop,-0.7327227476726983,-0.8127227476726984,34
1INCH,long,2025-05-26 19:15:00+00:00,2025-05-26 19:20:00+00:00,2025-05-26 19:50:00+00:00,464547,464548,464554,0.2298,0.2284063955776894,0.2284063955776894,0.2325872088446212,stop,-0.6064423073588343,-0.6864423073588344,7
1INCH,short,2025-05-27 14:15:00+00:00,2025-05-27 14:20:00+00:00,2025-05-27 14:45:00+00:00,464775,464776,464781,0.2289,0.23065122829732654,0.23065122829732654,0.2253975434053469,stop,-0.7592538354355027,-0.8392538354355028,6
1INCH,long,2025-05-27 15:00:00+00:00,2025-05-27 15:05:00+00:00,2025-05-27 17:05:00+00:00,464784,464785,464809,0.2318,0.23554091071984856,0.22992954464007573,0.23554091071984856,take_profit,1.6138527695636506,1.5338527695636506,25
1INCH,short,2025-05-28 15:00:00+00:00,2025-05-28 15:05:00+00:00,2025-05-28 20:50:00+00:00,465072,465073,465142,0.2342,0.23575672680343904,0.23575672680343904,0.2310865463931219,stop,-0.660310661988861,-0.7403106619888611,70
1INCH,short,2025-05-30 15:10:00+00:00,2025-05-30 15:15:00+00:00,2025-05-30 15:40:00+00:00,465650,465651,465656,0.227,0.224469521203965,0.22826523939801752,0.224469521203965,take_profit,1.1273150949235866,1.0473150949235865,6
1INCH,short,2025-05-31 14:10:00+00:00,2025-05-31 14:15:00+00:00,2025-05-31 15:35:00+00:00,465926,465927,465943,0.2024,0.20411134671693776,0.20411134671693776,0.19897730656612447,stop,-0.8384378156649275,-0.9184378156649275,17
1INCH,short,2025-05-31 17:40:00+00:00,2025-05-31 17:45:00+00:00,2025-05-31 17:45:00+00:00,465968,465969,465969,0.2026,0.2032651091513933,0.2032651091513933,0.20096978169721347,stop,-0.32721265059706406,-0.4072126505970641,1
1INCH,short,2025-05-31 18:20:00+00:00,2025-05-31 18:25:00+00:00,2025-05-31 21:20:00+00:00,465976,465977,466012,0.202,0.20347134591998883,0.20347134591998883,0.19935730816002234,stop,-0.7231219282185286,-0.8031219282185287,36
1INCH,short,2025-06-01 17:00:00+00:00,2025-06-01 17:05:00+00:00,2025-06-01 18:45:00+00:00,466248,466249,466269,0.2073,0.20410731143729247,0.20889634428135379,0.20410731143729247,take_profit,1.5642205760416417,1.4842205760416416,21
1INCH,short,2025-06-02 18:10:00+00:00,2025-06-02 18:15:00+00:00,2025-06-02 21:30:00+00:00,466550,466551,466590,0.2052,0.20656399709304188,0.20656399709304188,0.20277200581391627,stop,-0.6603266359275106,-0.7403266359275107,40
1INCH,long,2025-06-03 14:05:00+00:00,2025-06-03 14:10:00+00:00,2025-06-03 17:10:00+00:00,466789,466790,466826,0.2162,0.21467982062550153,0.21467982062550153,0.2195403587489969,stop,-0.7031356958827284,-0.7831356958827285,37
1INCH,short,2025-06-03 18:00:00+00:00,2025-06-03 18:05:00+00:00,2025-06-03 18:35:00+00:00,466836,466837,466843,0.2144,0.21527982403287474,0.21527982403287474,0.21264035193425054,stop,-0.40868856932007036,-0.4886885693200704,7
1INCH,long,2025-06-03 19:10:00+00:00,2025-06-03 19:15:00+00:00,2025-06-03 22:10:00+00:00,466850,466851,466886,0.2161,0.2185215196786089,0.21503924016069556,0.2185215196786089,take_profit,1.1205551497496025,1.0405551497496024,36
1INCH,short,2025-06-04 14:25:00+00:00,2025-06-04 14:30:00+00:00,2025-06-04 15:40:00+00:00,467081,467082,467096,0.2191,0.22004760864493494,0.22004760864493494,0.21720478271013008,stop,-0.4306380109151742,-0.5106380109151742,15
1INCH,long,2025-06-04 16:05:00+00:00,2025-06-04 16:10:00+00:00,2025-06-04 16:30:00+00:00,467101,467102,467106,0.2207,0.2195938200102722,0.2195938200102722,0.22291235997945563,stop,-0.5012143134244695,-0.5812143134244696,5
1INCH,long,2025-06-04 17:05:00+00:00,2025-06-04 17:10:00+00:00,2025-06-04 18:05:00+00:00,467113,467114,467125,0.2206,0.2194032915368324,0.2194032915368324,0.22299341692633515,stop,-0.5424789044277345,-0.6224789044277346,12
1INCH,short,2025-06-05 14:10:00+00:00,2025-06-05 14:15:00+00:00,2025-06-05 16:15:00+00:00,467366,467367,467391,0.2105,0.2115703232252821,0.2115703232252821,0.20835935354943577,stop,-0.5058947819172266,-0.5858947819172267,25
1INCH,short,2025-06-05 16:40:00+00:00,2025-06-05 16:45:00+00:00,2025-06-05 21:15:00+00:00,467396,467397,467451,0.2109,0.21204991631896083,0.21204991631896083,0.20860016736207834,stop,-0.5422856744876747,-0.6222856744876748,55
1INCH,short,2025-06-06 16:30:00+00:00,2025-06-06 16:35:00+00:00,2025-06-06 18:15:00+00:00,467682,467683,467703,0.1954,0.19694483875805033,0.19694483875805033,0.19201032248389935,stop,-0.7844017481200338,-0.8644017481200339,21
1INCH,long,2025-06-07 14:10:00+00:00,2025-06-07 14:15:00+00:00,2025-06-07 16:20:00+00:00,467942,467943,467968,0.2012,0.20276268687972682,0.2002686565601366,0.20276268687972682,take_profit,0.7766833398244577,0.6966833398244576,26
1INCH,short,2025-06-08 14:05:00+00:00,2025-06-08 14:10:00+00:00,2025-06-08 14:20:00+00:00,468229,468230,468232,0.2032,0.20384601401192298,0.20384601401192298,0.201907971976154,stop,-0.316912751546472,-0.39691275154647204,3
1INCH,short,2025-06-08 14:40:00+00:00,2025-06-08 14:45:00+00:00,2025-06-08 18:25:00+00:00,468236,468237,468281,0.2032,0.20182228567016636,0.2038888571649168,0.20182228567016636,take_profit,0.6826373634897687,0.6026373634897686,45
1INCH,short,2025-06-09 14:20:00+00:00,2025-06-09 14:25:00+00:00,2025-06-09 17:00:00+00:00,468520,468521,468552,0.2001,0.20119432575314317,0.20119432575314317,0.1976113484937137,stop,-0.5439148191912047,-0.6239148191912047,32
1INCH,short,2025-06-09 17:20:00+00:00,2025-06-09 17:25:00+00:00,2025-06-09 17:55:00+00:00,468556,468557,468563,0.2001,0.20110669410251544,0.20110669410251544,0.19808661179496911,stop,-0.5005771225110367,-0.5805771225110368,7
1INCH,long,2025-06-10 14:10:00+00:00,2025-06-10 14:15:00+00:00,2025-06-10 14:20:00+00:00,468806,468807,468808,0.2151,0.21407857768664526,0.21407857768664526,0.21714284462670952,stop,-0.4748592809645569,-0.554859280964557,2
1INCH,long,2025-06-10 18:55:00+00:00,2025-06-10 19:00:00+00:00,2025-06-10 19:30:00+00:00,468863,468864,468870,0.2151,0.21410697930647757,0.21410697930647757,0.2170860413870449,stop,-0.46165536658412387,-0.5416553665841239,7
1INCH,short,2025-06-12 14:05:00+00:00,2025-06-12 14:10:00+00:00,2025-06-12 14:15:00+00:00,469381,469382,469383,0.214,0.21548450939346883,0.21548450939346883,0.21133098121306237,stop,-0.6889169888115498,-0.7689169888115499,2
1INCH,short,2025-06-12 14:30:00+00:00,2025-06-12 14:35:00+00:00,2025-06-12 15:30:00+00:00,469386,469387,469398,0.2143,0.2156685933432298,0.2156685933432298,0.21156281331354038,stop,-0.6345816616199373,-0.7145816616199374,12
1INCH,short,2025-06-12 16:55:00+00:00,2025-06-12 17:00:00+00:00,2025-06-12 19:15:00+00:00,469415,469416,469443,0.2144,0.21042893982695784,0.2163855300865211,0.21042893982695784,take_profit,1.8871264457767545,1.8071264457767546,28
1INCH,short,2025-06-13 14:55:00+00:00,2025-06-13 15:00:00+00:00,2025-06-13 17:10:00+00:00,469679,469680,469706,0.1897,0.19100331573052842,0.19100331573052842,0.18709336853894318,stop,-0.6823524112885893,-0.7623524112885893,27
1INCH,short,2025-06-13 18:10:00+00:00,2025-06-13 18:15:00+00:00,2025-06-13 19:05:00+00:00,469718,469719,469729,0.1894,0.18683672256995187,0.19068163871502408,0.18683672256995187,take_profit,1.371934486320514,1.291934486320514,11
1INCH,long,2025-06-15 14:30:00+00:00,2025-06-15 14:35:00+00:00,2025-06-15 14:50:00+00:00,470250,470251,470254,0.1946,0.1959328768511282,0.1939335615744359,0.1959328768511282,take_profit,0.6849315781748189,0.6049315781748188,4
1INCH,short,2025-06-15 16:30:00+00:00,2025-06-15 16:35:00+00:00,2025-06-15 16:50:00+00:00,470274,470275,470278,0.1933,0.1940083855040003,0.1940083855040003,0.19158322899199945,stop,-0.36513138448115434,-0.44513138448115436,4
1INCH,short,2025-06-15 18:10:00+00:00,2025-06-15 18:15:00+00:00,2025-06-15 19:05:00+00:00,470294,470295,470305,0.1933,0.19388583948728058,0.19388583948728058,0.19182832102543887,stop,-0.30215692328526833,-0.38215692328526835,11
1INCH,long,2025-06-15 19:45:00+00:00,2025-06-15 19:50:00+00:00,2025-06-15 20:30:00+00:00,470313,470314,470322,0.1945,0.19358657218807535,0.19358657218807535,0.19632685562384933,stop,-0.46962869507695126,-0.5496286950769513,9
1INCH,long,2025-06-16 14:25:00+00:00,2025-06-16 14:30:00+00:00,2025-06-16 16:15:00+00:00,470537,470538,470559,0.1968,0.1993985361716916,0.1955007319141542,0.1993985361716916,take_profit,1.320394396184743,1.240394396184743,22
1INCH,short,2025-06-17 14:20:00+00:00,2025-06-17 14:25:00+00:00,2025-06-17 15:25:00+00:00,470824,470825,470837,0.1972,0.19539458462060388,0.19810270768969804,0.19539458462060388,take_profit,0.9239843483388466,0.8439843483388465,13
1INCH,long,2025-06-19 14:05:00+00:00,2025-06-19 14:10:00+00:00,2025-06-19 14:40:00+00:00,471397,471398,471404,0.1919,0.19131620817796718,0.19131620817796718,0.1930675836440656,stop,-0.3042166868331475,-0.3842166868331475,7
1INCH,long,2025-06-21 14:25:00+00:00,2025-06-21 14:30:00+00:00,2025-06-21 15:20:00+00:00,471977,471978,471988,0.1826,0.18216236344042103,0.18216236344042103,0.18347527311915798,stop,-0.23966952879462822,-0.31966952879462823,11
1INCH,long,2025-06-21 16:35:00+00:00,2025-06-21 16:40:00+00:00,2025-06-21 17:15:00+00:00,472003,472004,472011,0.1826,0.18221506156050318,0.18221506156050318,0.18336987687899367,stop,-0.21080966018446334,-0.29080966018446336,8
1INCH,long,2025-06-21 17:50:00+00:00,2025-06-21 17:55:00+00:00,2025-06-21 18:10:00+00:00,472018,472019,472022,0.1827,0.18220744717298928,0.18220744717298928,0.18368510565402144,stop,-0.2695965117737953,-0.3495965117737953,4
1INCH,short,2025-06-22 17:50:00+00:00,2025-06-22 17:55:00+00:00,2025-06-22 18:00:00+00:00,472306,472307,472308,0.1689,0.1696330683264598,0.1696330683264598,0.1671338633470804,stop,-0.4321494232769618,-0.5121494232769619,2
1INCH,short,2025-06-22 18:20:00+00:00,2025-06-22 18:25:00+00:00,2025-06-22 22:15:00+00:00,472312,472313,472359,0.1685,0.16431565334284315,0.17044217332857842,0.16431565334284315,take_profit,2.546529543613385,2.466529543613385,47
1INCH,long,2025-06-23 14:20:00+00:00,2025-06-23 14:25:00+00:00,2025-06-23 14:25:00+00:00,472552,472553,472553,0.1684,0.16800804760964316,0.16800804760964316,0.16918390478071366,stop,-0.2327508256275701,-0.3127508256275701,1
1INCH,long,2025-06-23 14:45:00+00:00,2025-06-23 14:50:00+00:00,2025-06-23 19:40:00+00:00,472557,472558,472616,0.1687,0.1676697397682648,0.1676697397682648,0.17076052046347037,stop,-0.6107055315561327,-0.6907055315561328,59
1INCH,long,2025-06-24 14:25:00+00:00,2025-06-24 14:30:00+00:00,2025-06-24 16:45:00+00:00,472841,472842,472869,0.1821,0.18115571509091086,0.18115571509091086,0.18398856981817832,stop,-0.518552942937478,-0.5985529429374781,28
1INCH,long,2025-06-24 18:20:00+00:00,2025-06-24 18:25:00+00:00,2025-06-24 19:30:00+00:00,472888,472889,472902,0.1819,0.1808223359597913,0.1808223359597913,0.1840553280804174,stop,-0.592448620235686,-0.6724486202356861,14
1INCH,short,2025-06-25 14:20:00+00:00,2025-06-25 14:25:00+00:00,2025-06-25 14:35:00+00:00,473128,473129,473131,0.181,0.18196628810690624,0.18196628810690624,0.1790674237861875,stop,-0.5310258932899381,-0.6110258932899382,3
1INCH,long,2025-06-25 16:15:00+00:00,2025-06-25 16:20:00+00:00,2025-06-25 17:05:00+00:00,473151,473152,473161,0.1824,0.1818492868836315,0.1818492868836315,0.18350142623273702,stop,-0.30192605064063294,-0.38192605064063295,10
1INCH,short,2025-06-25 17:20:00+00:00,2025-06-25 17:25:00+00:00,2025-06-25 18:05:00+00:00,473164,473165,473173,0.1809,0.18174799226334393,0.18174799226334393,0.17920401547331216,stop,-0.46657586297581544,-0.5465758629758155,9
1INCH,short,2025-06-26 14:35:00+00:00,2025-06-26 14:40:00+00:00,2025-06-26 15:10:00+00:00,473419,473420,473426,0.1799,0.18089332456288026,0.18089332456288026,0.17791335087423948,stop,-0.549121735299285,-0.6291217352992851,7
1INCH,long,2025-06-26 16:10:00+00:00,2025-06-26 16:15:00+00:00,2025-06-26 17:30:00+00:00,473438,473439,473454,0.182,0.1812835250426794,0.1812835250426794,0.18313294991464124,stop,-0.39366755896736993,-0.47366755896736995,16
1INCH,long,2025-06-26 17:35:00+00:00,2025-06-26 17:40:00+00:00,2025-06-26 17:50:00+00:00,473455,473456,473458,0.1819,0.18128895989897234,0.18128895989897234,0.18312208020205534,stop,-0.33592089116418755,-0.41592089116418757,3
1INCH,long,2025-06-27 14:10:00+00:00,2025-06-27 14:15:00+00:00,2025-06-27 14:25:00+00:00,473702,473703,473705,0.1775,0.17642150004928214,0.17642150004928214,0.17935699990143572,stop,-0.6076056060382196,-0.6876056060382196,3
1INCH,long,2025-06-28 14:10:00+00:00,2025-06-28 14:15:00+00:00,2025-06-28 14:40:00+00:00,473990,473991,473996,0.1764,0.17564140582321738,0.17564140582321738,0.17761718835356527,stop,-0.43004205033028153,-0.5100420503302816,6
1INCH,long,2025-06-28 16:35:00+00:00,2025-06-28 16:40:00+00:00,2025-06-28 18:05:00+00:00,474019,474020,474037,0.1759,0.1753205614968193,0.1753205614968193,0.17735887700636138,stop,-0.32941358907373486,-0.4094135890737349,18
1INCH,long,2025-06-28 18:45:00+00:00,2025-06-28 18:50:00+00:00,2025-06-28 19:10:00+00:00,474045,474046,474050,0.1761,0.17551641269241186,0.17551641269241186,0.17696717461517625,stop,-0.33139540464971473,-0.41139540464971475,5
1INCH,short,2025-06-30 14:20:00+00:00,2025-06-30 14:25:00+00:00,2025-06-30 15:40:00+00:00,474568,474569,474584,0.1812,0.18015606029262113,0.18172196985368944,0.18015606029262113,take_profit,0.5794641077759177,0.4994641077759177,16
1INCH,short,2025-07-01 14:05:00+00:00,2025-07-01 14:10:00+00:00,2025-07-01 20:10:00+00:00,474853,474854,474926,0.1732,0.17106378395875363,0.17426810802062317,0.17106378395875363,take_profit,1.2487833437388796,1.1687833437388795,73
1INCH,long,2025-07-02 19:35:00+00:00,2025-07-02 19:40:00+00:00,2025-07-02 20:45:00+00:00,475207,475208,475221,0.1717,0.1710271759871122,0.1710271759871122,0.17334564802577562,stop,-0.39186022882223837,-0.4718602288222384,14
1INCH,long,2025-07-03 14:05:00+00:00,2025-07-03 14:10:00+00:00,2025-07-03 15:45:00+00:00,475429,475430,475449,0.1833,0.18657637936096588,0.18181181031951707,0.18657637936096588,take_profit,1.7874410043458244,1.7074410043458246,20
1INCH,short,2025-07-03 19:45:00+00:00,2025-07-03 19:50:00+00:00,2025-07-03 20:45:00+00:00,475497,475498,475509,0.1818,0.18278866577760997,0.18278866577760997,0.17952266844478007,stop,-0.5408791477327313,-0.6208791477327313,12
1INCH,short,2025-07-04 15:05:00+00:00,2025-07-04 15:10:00+00:00,2025-07-04 17:00:00+00:00,475729,475730,475752,0.1777,0.17526636121114328,0.17876681939442837,0.17526636121114328,take_profit,1.3885372937736173,1.3085372937736173,23
1INCH,long,2025-07-05 15:25:00+00:00,2025-07-05 15:30:00+00:00,2025-07-05 17:30:00+00:00,476021,476022,476046,0.1741,0.1735636754542541,0.1735636754542541,0.17487264909149175,stop,-0.3080554541906366,-0.38805545419063664,25
1INCH,long,2025-07-06 16:00:00+00:00,2025-07-06 16:05:00+00:00,2025-07-06 16:45:00+00:00,476316,476317,476325,0.1852,0.18278133394046928,0.18278133394046928,0.19003733211906146,stop,-1.3059751941310593,-1.3859751941310594,9
1INCH,long,2025-07-06 17:30:00+00:00,2025-07-06 17:35:00+00:00,2025-07-06 18:50:00+00:00,476334,476335,476350,0.1847,0.18285600275788,0.18285600275788,0.18838799448424,stop,-0.9983742512831628,-1.0783742512831629,16
1INCH,short,2025-07-08 17:55:00+00:00,2025-07-08 18:00:00+00:00,2025-07-08 18:30:00+00:00,476915,476916,476922,0.1881,0.18898293074844544,0.18898293074844544,0.1863341385031091,stop,-0.46720132074823395,-0.547201320748234,7
1INCH,long,2025-07-08 18:45:00+00:00,2025-07-08 18:50:00+00:00,2025-07-08 20:10:00+00:00,476925,476926,476942,0.19,0.19288709953183536,0.18855645023408232,0.19288709953183536,take_profit,1.5195260693870338,1.4395260693870338,17
1INCH,short,2025-07-09 14:25:00+00:00,2025-07-09 14:30:00+00:00,2025-07-09 14:35:00+00:00,477161,477162,477163,0.2015,0.2029608993758097,0.2029608993758097,0.19857820124838066,stop,-0.7197935071743156,-0.7997935071743156,2
1INCH,long,2025-07-09 14:40:00+00:00,2025-07-09 14:45:00+00:00,2025-07-09 14:45:00+00:00,477164,477165,477165,0.2037,0.2022369548364964,0.2022369548364964,0.20662609032700718,stop,-0.7182352299968553,-0.7982352299968554,1
1INCH,long,2025-07-09 15:50:00+00:00,2025-07-09 15:55:00+00:00,2025-07-09 16:00:00+00:00,477178,477179,477180,0.2034,0.20253618152424527,0.20253618152424527,0.20542763695150942,stop,-0.4246895161036046,-0.5046895161036047,2
1INCH,long,2025-07-10 16:10:00+00:00,2025-07-10 16:15:00+00:00,2025-07-10 16:20:00+00:00,477470,477471,477472,0.2162,0.2151698879118949,0.2151698879118949,0.21826022417621022,stop,-0.47646257544177173,-0.5564625754417718,2
1INCH,long,2025-07-11 14:45:00+00:00,2025-07-11 14:50:00+00:00,2025-07-11 15:05:00+00:00,477741,477742,477745,0.263,0.275841145009331,0.25642942749533454,0.275841145009331,take_profit,4.882564642331166,4.802564642331166,4
1INCH,long,2025-07-11 17:40:00+00:00,2025-07-11 17:45:00+00:00,2025-07-11 20:30:00+00:00,477776,477777,477810,0.262,0.27441683905582526,0.2557915804720874,0.27441683905582526,take_profit,4.739251548024903,4.659251548024903,34
1INCH,short,2025-07-12 14:05:00+00:00,2025-07-12 14:10:00+00:00,2025-07-13 00:00:00+00:00,478021,478022,478140,0.2838,0.2919055213578997,0.2919055213578997,0.2672889572842006,stop,-2.7767619194710935,-2.8567619194710936,119
1INCH,short,2025-07-14 14:40:00+00:00,2025-07-14 14:45:00+00:00,2025-07-14 15:40:00+00:00,478604,478605,478616,0.3179,0.30875122725378995,0.32262438637310503,0.30875122725378995,take_profit,2.9631534836588314,2.8831534836588313,12
1INCH,long,2025-07-15 15:05:00+00:00,2025-07-15 15:10:00+00:00,2025-07-15 17:30:00+00:00,478897,478898,478926,0.3452,0.3397450443661941,0.3397450443661941,0.35640991126761173,stop,-1.5802304848800297,-1.6602304848800296,29
1INCH,short,2025-07-15 17:35:00+00:00,2025-07-15 17:40:00+00:00,2025-07-15 21:30:00+00:00,478927,478928,478974,0.3345,0.345127662137777,0.345127662137777,0.31324467572444603,stop,-3.0793423140722864,-3.1593423140722865,47
1INCH,long,2025-07-16 14:05:00+00:00,2025-07-16 14:10:00+00:00,2025-07-16 14:20:00+00:00,479173,479174,479176,0.3452,0.3551827682477399,0.34005861587613007,0.3551827682477399,take_profit,2.8918795619176985,2.8118795619176984,3
1INCH,short,2025-07-17 14:05:00+00:00,2025-07-17 14:10:00+00:00,2025-07-17 14:40:00+00:00,479461,479462,479468,0.3195,0.32205926998810247,0.32205926998810247,0.3143814600237951,stop,-0.794658072781762,-0.8746580727817621,7
1INCH,long,2025-07-18 14:05:00+00:00,2025-07-18 14:10:00+00:00,2025-07-18 15:05:00+00:00,479749,479750,479761,0.3378,0.3339018583778545,0.3339018583778545,0.3455962832442909,stop,-1.153979165821628,-1.2339791658216281,12
1INCH,long,2025-07-18 16:00:00+00:00,2025-07-18 16:05:00+00:00,2025-07-18 16:15:00+00:00,479772,479773,479775,0.337,0.33368701775543086,0.33368701775543086,0.34362596448913835,stop,-0.9830807847386214,-1.0630807847386214,3
1INCH,long,2025-07-18 19:55:00+00:00,2025-07-18 20:00:00+00:00,2025-07-18 20:15:00+00:00,479819,479820,479823,0.3369,0.33309717163797814,0.33309717163797814,0.3442056567240437,stop,-1.1287706625176086,-1.2087706625176087,4
1INCH,short,2025-07-19 14:05:00+00:00,2025-07-19 14:10:00+00:00,2025-07-19 15:35:00+00:00,480037,480038,480055,0.3192,0.3224967042128448,0.3224967042128448,0.31230659157431034,stop,-1.022244311268694,-1.1022443112686942,18
1INCH,long,2025-07-19 16:15:00+00:00,2025-07-19 16:20:00+00:00,2025-07-19 16:30:00+00:00,480063,480064,480066,0.3228,0.3194970781520196,0.3194970781520196,0.32910584369596074,stop,-1.0232099900806535,-1.1032099900806536,3
1INCH,short,2025-07-19 17:10:00+00:00,2025-07-19 17:15:00+00:00,2025-07-19 22:45:00+00:00,480074,480075,480141,0.3192,0.3130544621338473,0.3222727689330763,0.3130544621338473,take_profit,1.9630890498296472,1.8830890498296473,67
1INCH,long,2025-07-20 14:55:00+00:00,2025-07-20 15:00:00+00:00,2025-07-20 15:20:00+00:00,480335,480336,480340,0.321,0.31892582832638144,0.31892582832638144,0.32514834334723713,stop,-0.6461593998811743,-0.7261593998811744,5
1INCH,long,2025-07-20 15:25:00+00:00,2025-07-20 15:30:00+00:00,2025-07-20 15:55:00+00:00,480341,480342,480347,0.3215,0.3184286228392072,0.3184286228392072,0.3276427543215856,stop,-0.9553272661875001,-1.0353272661875002,6
1INCH,long,2025-07-20 16:15:00+00:00,2025-07-20 16:20:00+00:00,2025-07-20 18:15:00+00:00,480351,480352,480375,0.3213,0.32611434001871137,0.3187428299906443,0.32611434001871137,take_profit,1.4983940301000365,1.4183940301000364,24
1INCH,short,2025-07-21 14:05:00+00:00,2025-07-21 14:10:00+00:00,2025-07-21 14:30:00+00:00,480613,480614,480618,0.321,0.32273525392698466,0.32273525392698466,0.3178294921460307,stop,-0.5376710185424072,-0.6176710185424072,5
1INCH,long,2025-07-21 15:20:00+00:00,2025-07-21 15:25:00+00:00,2025-07-21 15:35:00+00:00,480628,480629,480631,0.3255,0.32341759062983044,0.32341759062983044,0.3299648187403391,stop,-0.6397571029706839,-0.719757102970684,3
1INCH,long,2025-07-21 16:15:00+00:00,2025-07-21 16:20:00+00:00,2025-07-21 17:00:00+00:00,480639,480640,480648,0.3248,0.32329465650862926,0.32329465650862926,0.3278106869827414,stop,-0.46346782369788286,-0.5434678236978829,9
1INCH,short,2025-07-24 14:05:00+00:00,2025-07-24 14:10:00+00:00,2025-07-24 14:55:00+00:00,481477,481478,481487,0.2762,0.2695695114150338,0.2795152442924831,0.2695695114150338,take_profit,2.459658197309178,2.379658197309178,10
1INCH,short,2025-07-24 17:50:00+00:00,2025-07-24 17:55:00+00:00,2025-07-24 19:35:00+00:00,481522,481523,481543,0.2762,0.2711416811720342,0.2785791594139829,0.2711416811720342,take_profit,1.8655629802473594,1.7855629802473596,21
1INCH,short,2025-07-25 15:05:00+00:00,2025-07-25 15:10:00+00:00,2025-07-25 15:35:00+00:00,481777,481778,481783,0.2685,0.27067357521816365,0.27067357521816365,0.2638528495636728,stop,-0.8030245347783738,-0.8830245347783738,6
1INCH,long,2025-07-26 17:10:00+00:00,2025-07-26 17:15:00+00:00,2025-07-26 17:25:00+00:00,482090,482091,482093,0.2794,0.28138835657198324,0.27840582171400835,0.28138835657198324,take_profit,0.7116523163862798,0.6316523163862797,3
1INCH,long,2025-07-27 14:20:00+00:00,2025-07-27 14:25:00+00:00,2025-07-27 16:35:00+00:00,482344,482345,482371,0.2863,0.2896156384494314,0.2846421807752843,0.2896156384494314,take_profit,1.158099353626052,1.078099353626052,27
1INCH,long,2025-07-27 17:40:00+00:00,2025-07-27 17:45:00+00:00,2025-07-27 18:45:00+00:00,482384,482385,482397,0.2856,0.2840971499886703,0.2840971499886703,0.2889057000226594,stop,-0.5262079871602654,-0.6062079871602655,13
1INCH,long,2025-07-27 19:00:00+00:00,2025-07-27 19:05:00+00:00,2025-07-27 21:35:00+00:00,482400,482401,482431,0.286,0.2837797069562162,0.2837797069562162,0.2907405860875677,stop,-0.7763262390852455,-0.8563262390852455,31
1INCH,long,2025-07-28 14:15:00+00:00,2025-07-28 14:20:00+00:00,2025-07-28 15:45:00+00:00,482631,482632,482649,0.2935,0.29160406969861685,0.29160406969861685,0.29729186060276624,stop,-0.645972845445697,-0.7259728454456971,18
1INCH,short,2025-07-28 16:05:00+00:00,2025-07-28 16:10:00+00:00,2025-07-28 22:00:00+00:00,482653,482654,482724,0.2901,0.2841315419182916,0.29308422904085424,0.2841315419182916,take_profit,2.100596801542287,2.020596801542287,71
1INCH,short,2025-07-30 14:10:00+00:00,2025-07-30 14:15:00+00:00,2025-07-30 14:20:00+00:00,483206,483207,483208,0.2652,0.26651613704775823,0.26651613704775823,0.26226772590448355,stop,-0.49383015315218604,-0.5738301531521861,2
1INCH,short,2025-07-30 18:35:00+00:00,2025-07-30 18:40:00+00:00,2025-07-30 20:25:00+00:00,483259,483260,483281,0.2647,0.26025582857220936,0.2669220857138953,0.26025582857220936,take_profit,1.7076164834316288,1.627616483431629,22
1INCH,long,2025-07-31 14:05:00+00:00,2025-07-31 14:10:00+00:00,2025-07-31 20:50:00+00:00,483493,483494,483574,0.2691,0.2676806701924579,0.2676806701924579,0.27193865961508423,stop,-0.5274358259167999,-0.6074358259168,81
1INCH,short,2025-08-01 14:15:00+00:00,2025-08-01 14:20:00+00:00,2025-08-01 17:05:00+00:00,483783,483784,483817,0.2456,0.24042362626432648,0.24833818686783676,0.24042362626432648,take_profit,2.153022070294597,2.0730220702945967,34
1INCH,long,2025-08-03 17:10:00+00:00,2025-08-03 17:15:00+00:00,2025-08-03 17:35:00+00:00,484394,484395,484399,0.2478,0.246723629326889,0.246723629326889,0.25025274134622205,stop,-0.43437073168320905,-0.5143707316832091,5
1INCH,long,2025-08-03 17:50:00+00:00,2025-08-03 17:55:00+00:00,2025-08-04 01:05:00+00:00,484402,484403,484489,0.2476,0.250669672424702,0.24606516378764898,0.250669672424702,take_profit,1.2397707692657578,1.1597707692657577,87
1INCH,long,2025-08-04 16:30:00+00:00,2025-08-04 16:35:00+00:00,2025-08-04 22:35:00+00:00,484674,484675,484747,0.2573,0.26181785036328126,0.2551910748183594,0.26181785036328126,take_profit,1.7558687770234283,1.6758687770234284,73
1INCH,short,2025-08-05 14:50:00+00:00,2025-08-05 14:55:00+00:00,2025-08-05 14:55:00+00:00,484942,484943,484943,0.2653,0.26621371726603676,0.26621371726603676,0.2634725654679264,stop,-0.3432269664465415,-0.4232269664465415,1
1INCH,short,2025-08-05 15:45:00+00:00,2025-08-05 15:50:00+00:00,2025-08-05 16:35:00+00:00,484953,484954,484963,0.2647,0.2601364991162219,0.26698175044188904,0.2601364991162219,take_profit,1.7542716609479925,1.6742716609479926,10
1INCH,short,2025-08-05 19:45:00+00:00,2025-08-05 19:50:00+00:00,2025-08-05 20:35:00+00:00,485001,485002,485011,0.2651,0.2665711576463687,0.2665711576463687,0.26215768470726264,stop,-0.5518817787182773,-0.6318817787182773,10
1INCH,long,2025-08-09 14:05:00+00:00,2025-08-09 14:10:00+00:00,2025-08-09 14:45:00+00:00,486085,486086,486093,0.2876,0.29236028930892694,0.28521985534553657,0.29236028930892694,take_profit,1.6551770893348028,1.575177089334803,8
1INCH,short,2025-08-10 14:05:00+00:00,2025-08-10 14:10:00+00:00,2025-08-10 15:15:00+00:00,486373,486374,486387,0.2938,0.2883152212003734,0.2965423893998133,0.2883152212003734,take_profit,1.9023549213916802,1.8223549213916803,14
1INCH,short,2025-08-11 14:45:00+00:00,2025-08-11 14:50:00+00:00,2025-08-11 15:00:00+00:00,486669,486670,486672,0.2781,0.2799395404055071,0.2799395404055071,0.27412091918898585,stop,-0.6571206064146629,-0.7371206064146629,3
1INCH,short,2025-08-11 16:00:00+00:00,2025-08-11 16:05:00+00:00,2025-08-11 16:20:00+00:00,486684,486685,486688,0.2777,0.2748172530636506,0.2789913734681747,0.2748172530636506,take_profit,1.048968688906049,0.9689686889060489,4
1INCH,short,2025-08-12 14:15:00+00:00,2025-08-12 14:20:00+00:00,2025-08-12 16:40:00+00:00,486951,486952,486980,0.2634,0.2653585445300255,0.2653585445300255,0.25918291093994894,stop,-0.7380747936699183,-0.8180747936699184,29
1INCH,long,2025-08-12 16:45:00+00:00,2025-08-12 16:50:00+00:00,2025-08-12 17:20:00+00:00,486981,486982,486988,0.2657,0.2640405478568537,0.2640405478568537,0.26901890428629255,stop,-0.6245585785270125,-0.7045585785270125,7
1INCH,long,2025-08-12 17:40:00+00:00,2025-08-12 17:45:00+00:00,2025-08-12 18:05:00+00:00,486992,486993,486997,0.2658,0.26330113326991095,0.26330113326991095,0.2704977334601781,stop,-0.9401304477385408,-1.020130447738541,5
1INCH,short,2025-08-13 14:45:00+00:00,2025-08-13 14:50:00+00:00,2025-08-13 16:55:00+00:00,487245,487246,487271,0.272,0.2736390591334085,0.2736390591334085,0.268721881733183,stop,-0.5989858094817557,-0.6789858094817558,26
1INCH,long,2025-08-15 14:55:00+00:00,2025-08-15 15:00:00+00:00,2025-08-15 15:40:00+00:00,487823,487824,487832,0.2566,0.2600441530955227,0.2550279234522386,0.2600441530955227,take_profit,1.342226459673701,1.262226459673701,9
1INCH,long,2025-08-16 16:30:00+00:00,2025-08-16 16:35:00+00:00,2025-08-16 17:30:00+00:00,488130,488131,488142,0.2553,0.253699047347334,0.253699047347334,0.25850190530533207,stop,-0.627086820472389,-0.707086820472389,12
1INCH,long,2025-08-16 18:20:00+00:00,2025-08-16 18:25:00+00:00,2025-08-16 18:50:00+00:00,488152,488153,488158,0.2549,0.25383242810953166,0.25383242810953166,0.2573351437809367,stop,-0.418819886413635,-0.498819886413635,6
1INCH,long,2025-08-17 14:05:00+00:00,2025-08-17 14:10:00+00:00,2025-08-17 14:50:00+00:00,488389,488390,488398,0.2591,0.2581800184261162,0.2581800184261162,0.2606399631477676,stop,-0.35506814893238037,-0.4350681489323804,9
1INCH,long,2025-08-17 15:00:00+00:00,2025-08-17 15:05:00+00:00,2025-08-17 15:35:00+00:00,488400,488401,488407,0.2593,0.2580692214725163,0.2580692214725163,0.2614615570549673,stop,-0.4746542720723723,-0.5546542720723724,7
1INCH,long,2025-08-17 16:15:00+00:00,2025-08-17 16:20:00+00:00,2025-08-17 17:55:00+00:00,488415,488416,488435,0.2589,0.2610922055855255,0.25795389720723727,0.2610922055855255,take_profit,0.8467383489862756,0.7667383489862756,20
1INCH,short,2025-08-18 14:30:00+00:00,2025-08-18 14:35:00+00:00,2025-08-18 15:20:00+00:00,488682,488683,488692,0.2488,0.24611377412846117,0.2501431129357694,0.24611377412846117,take_profit,1.0914569414293362,1.0114569414293362,10
1INCH,short,2025-08-18 19:45:00+00:00,2025-08-18 19:50:00+00:00,2025-08-18 21:30:00+00:00,488745,488746,488766,0.2482,0.25003846966556914,0.25003846966556914,0.24452306066886173,stop,-0.7352747231368473,-0.8152747231368473,21
1INCH,long,2025-08-19 14:15:00+00:00,2025-08-19 14:20:00+00:00,2025-08-19 14:25:00+00:00,488967,488968,488969,0.2511,0.24866055619110572,0.24866055619110572,0.25597888761778853,stop,-0.9715029107504103,-1.0515029107504104,2
1INCH,long,2025-08-19 14:40:00+00:00,2025-08-19 14:45:00+00:00,2025-08-19 14:55:00+00:00,488972,488973,488975,0.2515,0.2484877504348341,0.2484877504348341,0.2575244991303318,stop,-1.197713544797574,-1.277713544797574,3
1INCH,short,2025-08-19 15:25:00+00:00,2025-08-19 15:30:00+00:00,2025-08-19 16:40:00+00:00,488981,488982,488996,0.2416,0.24529807647858337,0.24529807647858337,0.23420384704283329,stop,-1.507584784875493,-1.587584784875493,15
1INCH,long,2025-08-20 14:20:00+00:00,2025-08-20 14:25:00+00:00,2025-08-20 15:55:00+00:00,489256,489257,489275,0.2475,0.2456654282429797,0.2456654282429797,0.25116914351404057,stop,-0.7412411139475883,-0.8212411139475884,19
1INCH,long,2025-08-20 16:05:00+00:00,2025-08-20 16:10:00+00:00,2025-08-20 22:15:00+00:00,489277,489278,489351,0.2468,0.2449758200889546,0.2449758200889546,0.2501483598220908,stop,-0.7391328650913187,-0.8191328650913188,74
1INCH,short,2025-08-22 14:40:00+00:00,2025-08-22 14:45:00+00:00,2025-08-22 15:15:00+00:00,489836,489837,489843,0.2462,0.24770005198133108,0.24770005198133108,0.24319989603733785,stop,-0.6055921140638798,-0.6855921140638799,7
1INCH,short,2025-08-22 15:30:00+00:00,2025-08-22 15:35:00+00:00,2025-08-22 17:00:00+00:00,489846,489847,489864,0.2463,0.24892321588764185,0.24892321588764185,0.2407535682247163,stop,-1.0538253245233387,-1.1338253245233387,18
1INCH,short,2025-08-22 18:20:00+00:00,2025-08-22 18:25:00+00:00,2025-08-22 18:45:00+00:00,489880,489881,489885,0.2466,0.24794215416397966,0.24794215416397966,0.24391569167204072,stop,-0.5413174570920276,-0.6213174570920277,5
1INCH,long,2025-08-23 14:20:00+00:00,2025-08-23 14:25:00+00:00,2025-08-23 16:30:00+00:00,490120,490121,490146,0.2683,0.2668642368063641,0.2668642368063641,0.27147152638727184,stop,-0.5351335048959571,-0.6151335048959572,26
1INCH,short,2025-08-23 16:45:00+00:00,2025-08-23 16:50:00+00:00,2025-08-23 18:35:00+00:00,490149,490150,490171,0.2659,0.2675058755184425,0.2675058755184425,0.2623882489631149,stop,-0.6003141109817478,-0.6803141109817479,22
1INCH,short,2025-08-23 19:35:00+00:00,2025-08-23 19:40:00+00:00,2025-08-23 21:15:00+00:00,490183,490184,490203,0.266,0.2671678686023712,0.2671678686023712,0.2636642627952577,stop,-0.4371291385003029,-0.517129138500303,20
1INCH,short,2025-08-24 14:30:00+00:00,2025-08-24 14:35:00+00:00,2025-08-24 15:30:00+00:00,490410,490411,490422,0.2606,0.258230984916683,0.2616345075416585,0.258230984916683,take_profit,0.9174015597242624,0.8374015597242623,12
1INCH,short,2025-08-25 14:05:00+00:00,2025-08-25 14:10:00+00:00,2025-08-25 15:55:00+00:00,490693,490694,490715,0.2599,0.2545790360541652,0.2625604819729174,0.2545790360541652,take_profit,2.090102951251138,2.010102951251138,22
1INCH,long,2025-08-26 14:15:00+00:00,2025-08-26 14:20:00+00:00,2025-08-26 14:30:00+00:00,490983,490984,490986,0.2416,0.24059248898510183,0.24059248898510183,0.24361502202979637,stop,-0.4170161485505752,-0.49701614855057524,3
1INCH,long,2025-08-26 14:35:00+00:00,2025-08-26 14:40:00+00:00,2025-08-26 15:20:00+00:00,490987,490988,490996,0.2417,0.2401464201869922,0.2401464201869922,0.2448071596260156,stop,-0.6427719540785248,-0.7227719540785249,9
1INCH,short,2025-08-26 15:40:00+00:00,2025-08-26 15:45:00+00:00,2025-08-26 16:30:00+00:00,491000,491001,491010,0.24,0.24118577208353445,0.24118577208353445,0.23792845583293112,stop,-0.491642634344025,-0.5716426343440251,10
1INCH,long,2025-08-30 15:40:00+00:00,2025-08-30 15:45:00+00:00,2025-08-30 18:10:00+00:00,492152,492153,492182,0.2481,0.24707823913526325,0.24707823913526325,0.25014352172947346,stop,-0.41183428647187936,-0.4918342864718794,30
1INCH,long,2025-08-31 17:35:00+00:00,2025-08-31 17:40:00+00:00,2025-08-31 18:50:00+00:00,492463,492464,492478,0.249,0.24810978516911564,0.24810978516911564,0.25048042966176876,stop,-0.35751599633909725,-0.43751599633909727,15
1INCH,short,2025-09-01 14:15:00+00:00,2025-09-01 14:20:00+00:00,2025-09-01 14:35:00+00:00,492711,492712,492715,0.2374,0.23879502053363375,0.23879502053363375,0.23430995893273254,stop,-0.5841916345308618,-0.6641916345308618,4
1INCH,long,2025-09-03 19:15:00+00:00,2025-09-03 19:20:00+00:00,2025-09-03 22:15:00+00:00,493347,493348,493383,0.244,0.24630088605058031,0.24284955697470983,0.24630088605058031,take_profit,0.9429860863034101,0.86298608630341,36
1INCH,short,2025-09-04 14:10:00+00:00,2025-09-04 14:15:00+00:00,2025-09-04 17:05:00+00:00,493574,493575,493609,0.2416,0.24283198916135193,0.24283198916135193,0.23943602167729613,stop,-0.5073422021566132,-0.5873422021566133,35
1INCH,short,2025-09-04 17:45:00+00:00,2025-09-04 17:50:00+00:00,2025-09-04 19:10:00+00:00,493617,493618,493634,0.2415,0.24258754911841632,0.24258754911841632,0.2396249017631674,stop,-0.44831201039318147,-0.5283120103931815,17
1INCH,long,2025-09-05 14:10:00+00:00,2025-09-05 14:15:00+00:00,2025-09-05 16:20:00+00:00,493862,493863,493888,0.2428,0.24450563999474875,0.2419471800026256,0.24450563999474875,take_profit,0.7024876419887915,0.6224876419887915,26
1INCH,short,2025-09-06 14:45:00+00:00,2025-09-06 14:50:00+00:00,2025-09-06 16:10:00+00:00,494157,494158,494174,0.2432,0.24388941857820293,0.24388941857820293,0.24182116284359415,stop,-0.28267670742831985,-0.36267670742831987,17
1INCH,short,2025-09-06 16:15:00+00:00,2025-09-06 16:20:00+00:00,2025-09-06 17:00:00+00:00,494175,494176,494184,0.2433,0.24417032500872743,0.24417032500872743,0.2415593499825451,stop,-0.35644176199394195,-0.43644176199394197,9
1INCH,short,2025-09-06 17:50:00+00:00,2025-09-06 17:55:00+00:00,2025-09-06 18:15:00+00:00,494194,494195,494199,0.2433,0.24217616354953345,0.24386191822523326,0.24217616354953345,take_profit,0.46405741754047547,0.38405741754047545,5
1INCH,short,2025-09-06 19:45:00+00:00,2025-09-06 19:50:00+00:00,2025-09-06 21:05:00+00:00,494217,494218,494233,0.2434,0.24401293572997088,0.24401293572997088,0.24187412854005821,stop,-0.2511898511188604,-0.3311898511188604,16
1INCH,long,2025-09-07 14:55:00+00:00,2025-09-07 15:00:00+00:00,2025-09-07 15:15:00+00:00,494447,494448,494451,0.248,0.24732833457716666,0.24732833457716666,0.24934333084566668,stop,-0.2708328317876374,-0.3508328317876374,4
1INCH,short,2025-09-08 15:05:00+00:00,2025-09-08 15:10:00+00:00,2025-09-08 15:30:00+00:00,494737,494738,494742,0.2459,0.24718478700620533,0.24718478700620533,0.24363042598758933,stop,-0.5197678310894904,-0.5997678310894905,5
1INCH,long,2025-09-08 16:10:00+00:00,2025-09-08 16:15:00+00:00,2025-09-08 18:15:00+00:00,494750,494751,494775,0.2483,0.25084117490873103,0.24687941254563447,0.25084117490873103,take_profit,1.0234292826141855,0.9434292826141855,25
1INCH,long,2025-09-09 14:55:00+00:00,2025-09-09 15:00:00+00:00,2025-09-09 15:25:00+00:00,495023,495024,495029,0.2546,0.2570119710450844,0.2533940144774578,0.2570119710450844,take_profit,0.9473570483442328,0.8673570483442328,6
1INCH,long,2025-09-10 15:40:00+00:00,2025-09-10 15:45:00+00:00,2025-09-10 19:20:00+00:00,495320,495321,495364,0.2575,0.260593191641531,0.2561034041792345,0.260593191641531,take_profit,1.2012394724392195,1.1212394724392194,44
1INCH,long,2025-09-11 14:05:00+00:00,2025-09-11 14:10:00+00:00,2025-09-11 14:30:00+00:00,495589,495590,495594,0.2621,0.26111353338960697,0.26111353338960697,0.2637729332207861,stop,-0.37637032063831954,-0.45637032063831956,5
1INCH,long,2025-09-11 15:10:00+00:00,2025-09-11 15:15:00+00:00,2025-09-11 15:35:00+00:00,495602,495603,495607,0.2622,0.2638944217395425,0.26135278913022875,0.2638944217395425,take_profit,0.6462325474990482,0.5662325474990482,5
1INCH,long,2025-09-12 14:05:00+00:00,2025-09-12 14:10:00+00:00,2025-09-12 17:50:00+00:00,495877,495878,495922,0.2651,0.2640490511866703,0.2640490511866703,0.26720189762665936,stop,-0.3964348597999545,-0.47643485979995454,45
1INCH,short,2025-09-12 18:00:00+00:00,2025-09-12 18:05:00+00:00,2025-09-12 19:50:00+00:00,495924,495925,495946,0.2638,0.26489699545929274,0.26489699545929274,0.26160600908141446,stop,-0.41412151821152987,-0.4941215182115299,22
1INCH,long,2025-09-12 19:55:00+00:00,2025-09-12 20:00:00+00:00,2025-09-12 20:45:00+00:00,495947,495948,495957,0.2651,0.264190329066305,0.264190329066305,0.26691934186738997,stop,-0.34314256269143417,-0.4231425626914342,10
1INCH,long,2025-09-13 17:35:00+00:00,2025-09-13 17:40:00+00:00,2025-09-13 17:45:00+00:00,496207,496208,496209,0.2744,0.273503095976401,0.273503095976401,0.27619380804719795,stop,-0.3268600669092514,-0.4068600669092514,2
1INCH,long,2025-09-13 18:10:00+00:00,2025-09-13 18:15:00+00:00,2025-09-13 19:05:00+00:00,496214,496215,496225,0.275,0.27704831985040873,0.2736758400747956,0.27704831985040873,take_profit,0.7448435819668031,0.664843581966803,11
1INCH,long,2025-09-15 14:15:00+00:00,2025-09-15 14:20:00+00:00,2025-09-15 15:15:00+00:00,496743,496744,496755,0.2662,0.26453168209472455,0.26453168209472455,0.2695366358105509,stop,-0.6267159674212763,-0.7067159674212764,12
1INCH,short,2025-09-15 15:25:00+00:00,2025-09-15 15:30:00+00:00,2025-09-15 15:45:00+00:00,496757,496758,496761,0.2637,0.26150228273086334,0.2649488586345683,0.26150228273086334,take_profit,0.8404199176335725,0.7604199176335724,4
1INCH,long,2025-09-16 14:05:00+00:00,2025-09-16 14:10:00+00:00,2025-09-16 16:30:00+00:00,497029,497030,497058,0.2538,0.2555117919691028,0.25294410401544865,0.2555117919691028,take_profit,0.6744649208442643,0.5944649208442643,29
1INCH,long,2025-09-17 14:55:00+00:00,2025-09-17 15:00:00+00:00,2025-09-17 18:15:00+00:00,497327,497328,497367,0.2576,0.25600059253471685,0.25600059253471685,0.2604988149305663,stop,-0.6208879911813403,-0.7008879911813404,40
1INCH,short,2025-09-17 19:20:00+00:00,2025-09-17 19:25:00+00:00,2025-09-17 20:20:00+00:00,497380,497381,497392,0.2545,0.2556785829498213,0.2556785829498213,0.25214283410035737,stop,-0.4609627197646904,-0.5409627197646905,12
1INCH,short,2025-09-19 15:55:00+00:00,2025-09-19 16:00:00+00:00,2025-09-19 16:35:00+00:00,497915,497916,497923,0.2629,0.2644303422528262,0.2644303422528262,0.25953931549434756,stop,-0.578731714291314,-0.658731714291314,8
1INCH,short,2025-09-19 18:25:00+00:00,2025-09-19 18:30:00+00:00,2025-09-19 20:20:00+00:00,497945,497946,497968,0.2635,0.25988980554667834,0.26530509722666085,0.25988980554667834,take_profit,1.3891250738856886,1.3091250738856886,23
1INCH,long,2025-09-20 14:30:00+00:00,2025-09-20 14:35:00+00:00,2025-09-20 15:10:00+00:00,498186,498187,498194,0.2569,0.25580086920315065,0.25580086920315065,0.2596982615936987,stop,-0.4278438290577502,-0.5078438290577503,8
1INCH,long,2025-09-20 16:40:00+00:00,2025-09-20 16:45:00+00:00,2025-09-20 17:50:00+00:00,498212,498213,498226,0.2579,0.256599079684683,0.256599079684683,0.26020184063063395,stop,-0.5044281951597673,-0.5844281951597674,14
1INCH,short,2025-09-20 19:45:00+00:00,2025-09-20 19:50:00+00:00,2025-09-20 20:05:00+00:00,498249,498250,498253,0.2548,0.25589937805259805,0.25589937805259805,0.25290124389480395,stop,-0.4296134132737328,-0.5096134132737329,4
1INCH,short,2025-09-21 18:30:00+00:00,2025-09-21 18:35:00+00:00,2025-09-21 18:45:00+00:00,498522,498523,498525,0.2556,0.256960146937223,0.256960146937223,0.25287970612555394,stop,-0.5293221355276212,-0.6093221355276213,3
1INCH,short,2025-09-21 19:45:00+00:00,2025-09-21 19:50:00+00:00,2025-09-21 22:30:00+00:00,498537,498538,498570,0.2554,0.25670359092544365,0.25670359092544365,0.2524928181491128,stop,-0.5078195130594154,-0.5878195130594155,33
1INCH,short,2025-09-22 14:05:00+00:00,2025-09-22 14:10:00+00:00,2025-09-22 14:25:00+00:00,498757,498758,498761,0.2439,0.24488849718472064,0.24488849718472064,0.24192300563055874,stop,-0.4036519461242838,-0.4836519461242838,4
1INCH,short,2025-09-22 14:30:00+00:00,2025-09-22 14:35:00+00:00,2025-09-22 14:55:00+00:00,498762,498763,498767,0.2438,0.24103569686289014,0.2451821515685549,0.24103569686289014,take_profit,1.146843879594428,1.066843879594428,5
1INCH,long,2025-09-23 14:25:00+00:00,2025-09-23 14:30:00+00:00,2025-09-23 15:20:00+00:00,499049,499050,499060,0.2321,0.23432317497559982,0.2309884125122001,0.23432317497559982,take_profit,0.9578522083583785,0.8778522083583784,11
1INCH,long,2025-09-24 14:35:00+00:00,2025-09-24 14:40:00+00:00,2025-09-24 20:10:00+00:00,499339,499340,499406,0.2369,0.24117773948344373,0.23476113025827813,0.24117773948344373,take_profit,1.805715273720443,1.725715273720443,67
1INCH,long,2025-09-26 14:20:00+00:00,2025-09-26 14:25:00+00:00,2025-09-26 14:30:00+00:00,499912,499913,499914,0.2304,0.22911219460549423,0.22911219460549423,0.23267561078901156,stop,-0.5589433135875677,-0.6389433135875677,2
1INCH,long,2025-09-26 16:20:00+00:00,2025-09-26 16:25:00+00:00,2025-09-26 16:30:00+00:00,499936,499937,499938,0.2301,0.22843226789250085,0.22843226789250085,0.2334354642149983,stop,-0.7247857920465672,-0.8047857920465673,2
1INCH,long,2025-09-26 17:00:00+00:00,2025-09-26 17:05:00+00:00,2025-09-26 18:40:00+00:00,499944,499945,499964,0.2301,0.22828077966476998,0.22828077966476998,0.23343844067046007,stop,-0.7906216146153944,-0.8706216146153944,20
1INCH,short,2025-09-27 14:10:00+00:00,2025-09-27 14:15:00+00:00,2025-09-27 16:05:00+00:00,500198,500199,500221,0.2373,0.2381816481254828,0.2381816481254828,0.23553670374903446,stop,-0.3701578742197231,-0.45015787421972314,23
1INCH,short,2025-09-27 16:20:00+00:00,2025-09-27 16:25:00+00:00,2025-09-27 18:00:00+00:00,500224,500225,500244,0.2372,0.23486189832877066,0.23821905083561468,0.23486189832877066,take_profit,0.9955219164397455,0.9155219164397455,20
1INCH,long,2025-09-28 14:20:00+00:00,2025-09-28 14:25:00+00:00,2025-09-28 14:30:00+00:00,500488,500489,500490,0.2335,0.2347448773672857,0.23302756131635716,0.2347448773672857,take_profit,0.5331380587947132,0.4531380587947132,2
1INCH,long,2025-09-28 15:35:00+00:00,2025-09-28 15:40:00+00:00,2025-09-28 16:10:00+00:00,500503,500504,500510,0.2338,0.23276303274183552,0.23276303274183552,0.235873934516329,stop,-0.44352748424486554,-0.5235274842448656,7
1INCH,long,2025-09-28 16:45:00+00:00,2025-09-28 16:50:00+00:00,2025-09-28 21:30:00+00:00,500517,500518,500574,0.2338,0.23214136496711765,0.23214136496711765,0.23711727006576472,stop,-0.7094247360489137,-0.7894247360489137,57
1INCH,short,2025-09-29 14:05:00+00:00,2025-09-29 14:10:00+00:00,2025-09-29 16:30:00+00:00,500773,500774,500802,0.2357,0.23684062914866455,0.23684062914866455,0.2331187417026709,stop,-0.4816019754569134,-0.5616019754569135,29
1INCH,short,2025-09-29 19:55:00+00:00,2025-09-29 20:00:00+00:00,2025-09-29 21:40:00+00:00,500843,500844,500864,0.2354,0.23294217806937695,0.23662891096531152,0.23294217806937695,take_profit,1.055121039475737,0.975121039475737,21
1INCH,long,2025-09-30 15:35:00+00:00,2025-09-30 15:40:00+00:00,2025-09-30 16:15:00+00:00,501079,501080,501087,0.246,0.24413181612816764,0.24413181612816764,0.2497363677436647,stop,-0.7594243381432331,-0.8394243381432331,8
1INCH,short,2025-09-30 16:35:00+00:00,2025-09-30 16:40:00+00:00,2025-09-30 17:40:00+00:00,501091,501092,501104,0.2412,0.24340809092076185,0.24340809092076185,0.2367838181584763,stop,-0.9071559258400641,-0.9871559258400642,13
1INCH,long,2025-09-30 18:20:00+00:00,2025-09-30 18:25:00+00:00,2025-09-30 18:45:00+00:00,501112,501113,501117,0.2461,0.24461644148428505,0.24461644148428505,0.2493671170314299,stop,-0.6028275155282259,-0.682827515528226,5
1INCH,long,2025-10-01 14:35:00+00:00,2025-10-01 14:40:00+00:00,2025-10-01 15:35:00+00:00,501355,501356,501367,0.2573,0.2544206759162207,0.2544206759162207,0.26305864816755853,stop,-1.119053277799953,-1.199053277799953,12
1INCH,short,2025-10-01 15:55:00+00:00,2025-10-01 16:00:00+00:00,2025-10-01 16:30:00+00:00,501371,501372,501378,0.2528,0.2549900931653974,0.2549900931653974,0.24811981366920516,stop,-0.858893433156549,-0.938893433156549,7
1INCH,long,2025-10-01 16:35:00+00:00,2025-10-01 16:40:00+00:00,2025-10-02 09:40:00+00:00,501379,501380,501584,0.2583,0.2640411204668356,0.2552794397665822,0.2640411204668356,take_profit,2.2226560072921453,2.1426560072921452,205
1INCH,long,2025-10-02 14:20:00+00:00,2025-10-02 14:25:00+00:00,2025-10-02 23:40:00+00:00,501640,501641,501752,0.266,0.2628866229782573,0.2628866229782573,0.2722267540434854,stop,-1.170442489376955,-1.250442489376955,112
1INCH,short,2025-10-03 14:40:00+00:00,2025-10-03 14:45:00+00:00,2025-10-03 17:15:00+00:00,501932,501933,501963,0.2655,0.2621367094465273,0.26733164527673636,0.2621367094465273,take_profit,1.2830292104352603,1.2030292104352602,31
1INCH,short,2025-10-04 16:40:00+00:00,2025-10-04 16:45:00+00:00,2025-10-04 17:30:00+00:00,502244,502245,502254,0.2641,0.26230893908288855,0.2651455304585557,0.26230893908288855,take_profit,0.6828059018398447,0.6028059018398446,10
1INCH,long,2025-10-05 16:50:00+00:00,2025-10-05 16:55:00+00:00,2025-10-05 17:30:00+00:00,502534,502535,502542,0.2652,0.263500393893955,0.263500393893955,0.26859921221208993,stop,-0.640877113893279,-0.720877113893279,8
1INCH,short,2025-10-05 19:25:00+00:00,2025-10-05 19:30:00+00:00,2025-10-06 01:45:00+00:00,502565,502566,502641,0.2606,0.2564397118870408,0.2626801440564796,0.2564397118870408,take_profit,1.6223259971496873,1.5423259971496872,76
1INCH,short,2025-10-06 14:10:00+00:00,2025-10-06 14:15:00+00:00,2025-10-06 14:45:00+00:00,502790,502791,502797,0.254,0.2556019101639567,0.2556019101639567,0.25079617967208656,stop,-0.6267207326147051,-0.7067207326147051,7
1INCH,long,2025-10-06 15:05:00+00:00,2025-10-06 15:10:00+00:00,2025-10-06 15:35:00+00:00,502801,502802,502807,0.2561,0.25853456780178286,0.25488271609910856,0.25853456780178286,take_profit,0.9506317070608672,0.8706317070608671,6
1INCH,short,2025-10-07 15:40:00+00:00,2025-10-07 15:45:00+00:00,2025-10-07 16:05:00+00:00,503096,503097,503101,0.2629,0.2642294103042864,0.2642294103042864,0.2602411793914272,stop,-0.5031273024283966,-0.5831273024283967,5
1INCH,short,2025-10-07 17:15:00+00:00,2025-10-07 17:20:00+00:00,2025-10-07 19:50:00+00:00,503115,503116,503146,0.2624,0.2643472485465824,0.2643472485465824,0.2585055029068352,stop,-0.7366252371789894,-0.8166252371789895,31
1INCH,short,2025-10-08 14:10:00+00:00,2025-10-08 14:15:00+00:00,2025-10-08 16:50:00+00:00,503366,503367,503398,0.2529,0.25435182325180505,0.25435182325180505,0.24999635349638993,stop,-0.5707933339120452,-0.6507933339120453,32
1INCH,short,2025-10-09 14:15:00+00:00,2025-10-09 14:20:00+00:00,2025-10-09 15:35:00+00:00,503655,503656,503671,0.2511,0.2527950152968422,0.2527950152968422,0.2480099694063156,stop,-0.6705097783877734,-0.7505097783877734,16
1INCH,short,2025-10-09 16:40:00+00:00,2025-10-09 16:45:00+00:00,2025-10-09 17:25:00+00:00,503684,503685,503693,0.2508,0.24686709746793645,0.2527664512660318,0.24686709746793645,take_profit,1.5931254397214323,1.5131254397214322,9
1INCH,long,2025-10-10 14:40:00+00:00,2025-10-10 14:45:00+00:00,2025-10-10 15:45:00+00:00,503948,503949,503961,0.2534,0.25154728389275216,0.25154728389275216,0.2571054322144957,stop,-0.7311428994663971,-0.8111428994663972,13
1INCH,short,2025-10-11 14:25:00+00:00,2025-10-11 14:30:00+00:00,2025-10-11 15:30:00+00:00,504233,504234,504246,0.1833,0.18766972219301606,0.18766972219301606,0.17456055561396785,stop,-2.328410860288832,-2.408410860288832,13
1INCH,long,2025-10-12 15:15:00+00:00,2025-10-12 15:20:00+00:00,2025-10-12 17:55:00+00:00,504531,504532,504563,0.1831,0.1820484223843551,0.1820484223843551,0.18520315523128986,stop,-0.5743187414772866,-0.6543187414772866,32
1INCH,short,2025-10-12 18:00:00+00:00,2025-10-12 18:05:00+00:00,2025-10-12 18:55:00+00:00,504564,504565,504575,0.1813,0.18275109261798617,0.18275109261798617,0.17809781476402767,stop,-0.7940267810160107,-0.8740267810160107,11
1INCH,long,2025-10-12 19:10:00+00:00,2025-10-12 19:15:00+00:00,2025-10-12 22:30:00+00:00,504578,504579,504618,0.1831,0.18168496488881802,0.18168496488881802,0.18623007022236396,stop,-0.7728209236384398,-0.8528209236384399,40
1INCH,short,2025-10-13 14:20:00+00:00,2025-10-13 14:25:00+00:00,2025-10-13 14:55:00+00:00,504808,504809,504815,0.1951,0.19626504825842825,0.19626504825842825,0.19246990348314352,stop,-0.5936096461221174,-0.6736096461221175,7
1INCH,long,2025-10-13 15:25:00+00:00,2025-10-13 15:30:00+00:00,2025-10-13 16:40:00+00:00,504821,504822,504836,0.1975,0.20120559268000857,0.1954972036599957,0.20120559268000857,take_profit,1.876249458232171,1.796249458232171,15
1INCH,short,2025-10-14 14:35:00+00:00,2025-10-14 14:40:00+00:00,2025-10-14 15:30:00+00:00,505099,505100,505110,0.1914,0.1871450802533207,0.19352745987333964,0.1871450802533207,take_profit,2.273594230166154,2.1935942301661537,11
1INCH,long,2025-10-15 17:05:00+00:00,2025-10-15 17:10:00+00:00,2025-10-15 17:30:00+00:00,505417,505418,505422,0.1965,0.19943857610868315,0.19518071194565842,0.19943857610868315,take_profit,1.4954585794825226,1.4154585794825225,5
1INCH,long,2025-10-15 18:35:00+00:00,2025-10-15 18:40:00+00:00,2025-10-15 18:50:00+00:00,505435,505436,505438,0.1963,0.19500982515766907,0.19500982515766907,0.19948034968466188,stop,-0.6572464810651768,-0.7372464810651769,3
1INCH,long,2025-10-16 15:30:00+00:00,2025-10-16 15:35:00+00:00,2025-10-16 16:20:00+00:00,505686,505687,505696,0.1877,0.18661521330817782,0.18661521330817782,0.18986957338364438,stop,-0.5779364367726081,-0.6579364367726082,10
1INCH,long,2025-10-16 17:10:00+00:00,2025-10-16 17:15:00+00:00,2025-10-16 17:25:00+00:00,505706,505707,505709,0.1875,0.1862182175248299,0.1862182175248299,0.19036356495034018,stop,-0.6836173200907236,-0.7636173200907237,3
1INCH,short,2025-10-16 18:30:00+00:00,2025-10-16 18:35:00+00:00,2025-10-16 18:45:00+00:00,505722,505723,505725,0.1814,0.18663912521637016,0.18663912521637016,0.17122174956725966,stop,-2.807088390655743,-2.887088390655743,3
1INCH,short,2025-10-17 14:05:00+00:00,2025-10-17 14:10:00+00:00,2025-10-17 15:15:00+00:00,505957,505958,505971,0.1754,0.17303129683182267,0.17658435158408867,0.17303129683182267,take_profit,1.3689449316672375,1.2889449316672374,14
1INCH,long,2025-10-18 14:20:00+00:00,2025-10-18 14:25:00+00:00,2025-10-18 14:25:00+00:00,506248,506249,506249,0.1716,0.17094873579980405,0.17094873579980405,0.1729025284003919,stop,-0.37952459218878465,-0.45952459218878466,1
1INCH,long,2025-10-18 14:35:00+00:00,2025-10-18 14:40:00+00:00,2025-10-18 16:00:00+00:00,506251,506252,506268,0.1717,0.17413034070541586,0.17048482964729206,0.17413034070541586,take_profit,1.415457603620185,1.3354576036201848,17
1INCH,short,2025-10-18 17:20:00+00:00,2025-10-18 17:25:00+00:00,2025-10-18 19:15:00+00:00,506284,506285,506307,0.1703,0.17189638081214426,0.17189638081214426,0.1671072383757115,stop,-0.9286878552078659,-1.008687855207866,23
1INCH,long,2025-10-18 19:25:00+00:00,2025-10-18 19:30:00+00:00,2025-10-18 22:00:00+00:00,506309,506310,506340,0.1719,0.1710415698455695,0.1710415698455695,0.173316860308861,stop,-0.49937763492174936,-0.5793776349217494,31
1INCH,short,2025-10-19 14:40:00+00:00,2025-10-19 14:45:00+00:00,2025-10-19 17:15:00+00:00,506540,506541,506571,0.1717,0.17263173027261905,0.17263173027261905,0.16983653945476188,stop,-0.5397213311525539,-0.619721331152554,31
1INCH,short,2025-10-19 17:20:00+00:00,2025-10-19 17:25:00+00:00,2025-10-19 18:45:00+00:00,506572,506573,506589,0.1719,0.17448984386129884,0.17448984386129884,0.1667203122774023,stop,-1.4842375945716912,-1.564237594571691,17
1INCH,long,2025-10-20 15:15:00+00:00,2025-10-20 15:20:00+00:00,2025-10-20 17:25:00+00:00,506835,506836,506861,0.1784,0.17715817363189396,0.17715817363189396,0.18118365273621206,stop,-0.6960910135123566,-0.7760910135123567,26
1INCH,long,2025-10-20 17:30:00+00:00,2025-10-20 17:35:00+00:00,2025-10-21 01:00:00+00:00,506862,506863,506952,0.1785,0.17697185965475504,0.17697185965475504,0.18125628069048993,stop,-0.856101033750678,-0.9361010337506781,90
1INCH,short,2025-10-21 14:20:00+00:00,2025-10-21 14:25:00+00:00,2025-10-21 15:35:00+00:00,507112,507113,507127,0.172,0.17353707651700703,0.17353707651700703,0.16922584696598594,stop,-0.8857337854578984,-0.9657337854578985,15
1INCH,short,2025-10-21 18:45:00+00:00,2025-10-21 18:50:00+00:00,2025-10-21 19:35:00+00:00,507165,507166,507175,0.1723,0.17324617495055117,0.17324617495055117,0.16980765009889767,stop,-0.5461447854887558,-0.6261447854887559,10
1INCH,short,2025-10-22 14:05:00+00:00,2025-10-22 14:10:00+00:00,2025-10-22 14:25:00+00:00,507397,507398,507401,0.1723,0.16982515843282245,0.17338742078358876,0.16982515843282245,take_profit,1.4572879483910617,1.3772879483910616,4
1INCH,long,2025-10-23 14:50:00+00:00,2025-10-23 14:55:00+00:00,2025-10-23 15:15:00+00:00,507694,507695,507699,0.1714,0.17311897651531233,0.17054051174234383,0.17311897651531233,take_profit,1.0029034511740642,0.9229034511740641,5
1INCH,long,2025-10-24 14:05:00+00:00,2025-10-24 14:10:00+00:00,2025-10-24 20:25:00+00:00,507973,507974,508049,0.1767,0.17557023197676738,0.17557023197676738,0.17895953604646522,stop,-0.6393706979245128,-0.7193706979245129,76
1INCH,short,2025-10-25 16:45:00+00:00,2025-10-25 16:50:00+00:00,2025-10-25 17:10:00+00:00,508293,508294,508298,0.1756,0.17617704870195494,0.17617704870195494,0.17414590259609009,stop,-0.3275390899135533,-0.4075390899135533,5
1INCH,long,2025-10-25 18:10:00+00:00,2025-10-25 18:15:00+00:00,2025-10-25 18:25:00+00:00,508310,508311,508313,0.177,0.1763016709292463,0.1763016709292463,0.1786966581415074,stop,-0.3945361981659179,-0.4745361981659179,3
1INCH,short,2025-10-25 19:05:00+00:00,2025-10-25 19:10:00+00:00,2025-10-25 20:25:00+00:00,508321,508322,508337,0.1756,0.17648938312625098,0.17648938312625098,0.17412123374749802,stop,-0.503930100778216,-0.583930100778216,16
1INCH,long,2025-10-27 14:10:00+00:00,2025-10-27 14:15:00+00:00,2025-10-27 15:00:00+00:00,508838,508839,508848,0.1859,0.1848592376099101,0.1848592376099101,0.18768152478017977,stop,-0.559850667073647,-0.639850667073647,10
1INCH,long,2025-10-27 15:45:00+00:00,2025-10-27 15:50:00+00:00,2025-10-27 16:10:00+00:00,508857,508858,508862,0.1857,0.1843201676461264,0.1843201676461264,0.18815966470774714,stop,-0.7430438093018799,-0.8230438093018799,5
1INCH,short,2025-10-28 14:50:00+00:00,2025-10-28 14:55:00+00:00,2025-10-28 15:35:00+00:00,509134,509135,509143,0.1778,0.17907181458972538,0.17907181458972538,0.1752563708205493,stop,-0.7102260021428997,-0.7902260021428997,9
1INCH,short,2025-10-29 15:35:00+00:00,2025-10-29 15:40:00+00:00,2025-10-29 15:50:00+00:00,509431,509432,509434,0.1721,0.17263848398629453,0.17263848398629453,0.17102303202741095,stop,-0.3119142232141492,-0.3919142232141492,3
1INCH,short,2025-10-29 16:40:00+00:00,2025-10-29 16:45:00+00:00,2025-10-29 16:55:00+00:00,509444,509445,509447,0.1721,0.1729802153321583,0.1729802153321583,0.17003956933568337,stop,-0.508853183277691,-0.5888531832776911,3
1INCH,short,2025-10-29 17:10:00+00:00,2025-10-29 17:15:00+00:00,2025-10-29 17:20:00+00:00,509450,509451,509452,0.1722,0.17289885166724742,0.17289885166724742,0.17050229666550518,stop,-0.4041968240439231,-0.4841968240439231,2
1INCH,long,2025-11-01 14:35:00+00:00,2025-11-01 14:40:00+00:00,2025-11-01 14:50:00+00:00,510283,510284,510286,0.1634,0.16288631991574298,0.16288631991574298,0.16472736016851405,stop,-0.3143696966077192,-0.3943696966077192,3
1INCH,long,2025-11-01 16:20:00+00:00,2025-11-01 16:25:00+00:00,2025-11-01 17:50:00+00:00,510304,510305,510322,0.1638,0.16497357046937733,0.16306321476531135,0.16497357046937733,take_profit,0.7164654880203569,0.6364654880203569,18
1INCH,long,2025-11-02 15:15:00+00:00,2025-11-02 15:20:00+00:00,2025-11-02 15:30:00+00:00,510579,510580,510582,0.1705,0.16965205726621668,0.16965205726621668,0.17219588546756667,stop,-0.49732711658846407,-0.5773271165884641,3
1INCH,long,2025-11-02 16:00:00+00:00,2025-11-02 16:05:00+00:00,2025-11-02 17:45:00+00:00,510588,510589,510609,0.1705,0.16975159061528675,0.16975159061528675,0.1722968187694265,stop,-0.4389497857555824,-0.5189497857555825,21
1INCH,long,2025-11-02 18:20:00+00:00,2025-11-02 18:25:00+00:00,2025-11-02 18:30:00+00:00,510616,510617,510618,0.1706,0.16967055717389237,0.16967055717389237,0.17245888565221526,stop,-0.5448082216340189,-0.624808221634019,2
1INCH,short,2025-11-03 15:10:00+00:00,2025-11-03 15:15:00+00:00,2025-11-03 16:35:00+00:00,510866,510867,510883,0.1589,0.1604034971153367,0.1604034971153367,0.15589300576932666,stop,-0.9373219053046,-1.0173219053046,17
1INCH,short,2025-11-03 17:45:00+00:00,2025-11-03 17:50:00+00:00,2025-11-03 17:50:00+00:00,510897,510898,510898,0.1588,0.16004716467935515,0.16004716467935515,0.1563056706412897,stop,-0.7792482183947236,-0.8592482183947237,1
1INCH,short,2025-11-03 18:45:00+00:00,2025-11-03 18:50:00+00:00,2025-11-03 19:55:00+00:00,510909,510910,510923,0.1591,0.15689506033332037,0.16005246983333982,0.15689506033332037,take_profit,1.4053595199206903,1.3253595199206902,14
1INCH,long,2025-11-04 15:15:00+00:00,2025-11-04 15:20:00+00:00,2025-11-04 15:35:00+00:00,511155,511156,511159,0.1513,0.1493801797242315,0.1493801797242315,0.15513964055153695,stop,-1.2688831961457203,-1.3488831961457204,4
1INCH,short,2025-11-04 16:20:00+00:00,2025-11-04 16:25:00+00:00,2025-11-04 17:30:00+00:00,511168,511169,511182,0.1469,0.14870368663788977,0.14870368663788977,0.14329262672422047,stop,-1.2129400949432712,-1.2929400949432712,14
1INCH,short,2025-11-04 18:05:00+00:00,2025-11-04 18:10:00+00:00,2025-11-04 19:15:00+00:00,511189,511190,511203,0.1473,0.14859680790512253,0.14859680790512253,0.14440638418975493,stop,-0.8727023974502424,-0.9527023974502424,14
1INCH,long,2025-11-05 20:45:00+00:00,2025-11-05 20:50:00+00:00,2025-11-05 23:05:00+00:00,511509,511510,511537,0.1496,0.1517373538997927,0.14853132305010366,0.1517373538997927,take_profit,1.4287124998614287,1.3487124998614286,28
1INCH,short,2025-11-06 15:35:00+00:00,2025-11-06 15:40:00+00:00,2025-11-06 16:45:00+00:00,511735,511736,511749,0.177,0.1831206973170445,0.1831206973170445,0.164458605365911,stop,-3.342438843189577,-3.422438843189577,14
1INCH,short,2025-11-06 17:40:00+00:00,2025-11-06 17:45:00+00:00,2025-11-06 22:30:00+00:00,511760,511761,511818,0.1766,0.17944146914834758,0.17944146914834758,0.17061706170330482,stop,-1.5835075146417132,-1.663507514641713,58
1INCH,long,2025-11-07 15:50:00+00:00,2025-11-07 15:55:00+00:00,2025-11-07 16:40:00+00:00,512026,512027,512036,0.2062,0.21589133783847708,0.20135433108076145,0.21589133783847708,take_profit,4.699969853771613,4.619969853771613,10
1INCH,long,2025-11-07 19:30:00+00:00,2025-11-07 19:35:00+00:00,2025-11-07 20:35:00+00:00,512070,512071,512083,0.2048,0.20032643340384804,0.20032643340384804,0.21374713319230396,stop,-2.1843586895273326,-2.2643586895273327,13
1INCH,short,2025-11-08 15:10:00+00:00,2025-11-08 15:15:00+00:00,2025-11-08 15:15:00+00:00,512306,512307,512307,0.2008,0.20365913048068032,0.20365913048068032,0.19508173903863937,stop,-1.4038803337381167,-1.4838803337381168,1
1INCH,short,2025-11-09 15:05:00+00:00,2025-11-09 15:10:00+00:00,2025-11-09 15:15:00+00:00,512593,512594,512595,0.1955,0.1968232786207242,0.1968232786207242,0.19255344275855155,stop,-0.6723181475267181,-0.7523181475267182,2
1INCH,short,2025-11-09 15:45:00+00:00,2025-11-09 15:50:00+00:00,2025-11-09 16:10:00+00:00,512601,512602,512606,0.1953,0.19719809250812553,0.19719809250812553,0.19150381498374894,stop,-0.9625308662898568,-1.042530866289857,5
1INCH,short,2025-11-09 19:05:00+00:00,2025-11-09 19:10:00+00:00,2025-11-09 19:25:00+00:00,512641,512642,512645,0.1951,0.19644814228081106,0.19644814228081106,0.19240371543837786,stop,-0.686258605023593,-0.7662586050235931,4
1INCH,short,2025-11-11 15:05:00+00:00,2025-11-11 15:10:00+00:00,2025-11-11 15:35:00+00:00,513169,513170,513175,0.2122,0.2148905315826573,0.2148905315826573,0.20681893683468539,stop,-1.2520475252407293,-1.3320475252407293,6
1INCH,short,2025-11-11 16:05:00+00:00,2025-11-11 16:10:00+00:00,2025-11-11 16:55:00+00:00,513181,513182,513191,0.2127,0.20834948394312247,0.21502525802843875,0.20834948394312247,take_profit,2.0880858327756657,2.0080858327756657,10
1INCH,short,2025-11-11 20:10:00+00:00,2025-11-11 20:15:00+00:00,2025-11-11 20:40:00+00:00,513230,513231,513236,0.2123,0.2145478134033388,0.2145478134033388,0.20750437319332238,stop,-1.047698118047491,-1.127698118047491,6
1INCH,long,2025-11-12 17:45:00+00:00,2025-11-12 17:50:00+00:00,2025-11-12 17:50:00+00:00,513489,513490,513490,0.2143,0.21271479546616792,0.21271479546616792,0.21747040906766413,stop,-0.739712801601522,-0.819712801601522,1
1INCH,long,2025-11-13 15:20:00+00:00,2025-11-13 15:25:00+00:00,2025-11-13 15:35:00+00:00,513748,513749,513751,0.2167,0.214220293118863,0.214220293118863,0.22195941376227396,stop,-1.1443040522090442,-1.2243040522090443,3
1INCH,long,2025-11-13 16:15:00+00:00,2025-11-13 16:20:00+00:00,2025-11-13 19:35:00+00:00,513759,513760,513799,0.2172,0.21396986447492294,0.21396986447492294,0.2239602710501541,stop,-1.4871710520612647,-1.5671710520612645,40
1INCH,short,2025-11-13 20:50:00+00:00,2025-11-13 20:55:00+00:00,2025-11-13 22:00:00+00:00,513814,513815,513828,0.2108,0.21306096040362493,0.21306096040362493,0.2062780791927501,stop,-1.0611800488187773,-1.1411800488187773,14
1INCH,short,2025-11-14 15:30:00+00:00,2025-11-14 15:35:00+00:00,2025-11-14 15:50:00+00:00,514038,514039,514042,0.1941,0.19618695708941922,0.19618695708941922,0.18962608582116158,stop,-1.0637593448518667,-1.1437593448518668,4
1INCH,long,2025-11-14 15:55:00+00:00,2025-11-14 16:00:00+00:00,2025-11-14 18:30:00+00:00,514043,514044,514074,0.1996,0.19514286038071615,0.19514286038071615,0.2085142792385677,stop,-2.2330358814047324,-2.3130358814047325,31
1INCH,short,2025-11-14 18:50:00+00:00,2025-11-14 18:55:00+00:00,2025-11-14 19:20:00+00:00,514078,514079,514084,0.1942,0.19581525018733326,0.19581525018733326,0.19066949962533347,stop,-0.8248847757199473,-0.9048847757199474,6
1INCH,short,2025-11-15 16:00:00+00:00,2025-11-15 16:05:00+00:00,2025-11-15 19:45:00+00:00,514332,514333,514377,0.1867,0.1878360161637504,0.1878360161637504,0.18442796767249922,stop,-0.6047914489200168,-0.6847914489200169,45
1INCH,short,2025-11-15 20:40:00+00:00,2025-11-15 20:45:00+00:00,2025-11-15 21:35:00+00:00,514388,514389,514399,0.1868,0.18856385485767121,0.18856385485767121,0.18327229028465755,stop,-0.9354151457089066,-1.0154151457089067,11
1INCH,long,2025-11-16 15:20:00+00:00,2025-11-16 15:25:00+00:00,2025-11-16 20:20:00+00:00,514612,514613,514672,0.1945,0.19200555409138612,0.19200555409138612,0.19978889181722775,stop,-1.2824914697243672,-1.3624914697243673,60
1INCH,long,2025-11-17 15:50:00+00:00,2025-11-17 15:55:00+00:00,2025-11-17 16:20:00+00:00,514906,514907,514912,0.1873,0.1906236372843116,0.18578818135784422,0.1906236372843116,take_profit,1.7744993509405171,1.6944993509405173,6
1INCH,short,2025-11-18 15:35:00+00:00,2025-11-18 15:40:00+00:00,2025-11-18 16:50:00+00:00,515191,515192,515206,0.1861,0.18806750463196578,0.18806750463196578,0.18246499073606845,stop,-1.0461693719050813,-1.1261693719050814,15
1INCH,short,2025-11-18 18:20:00+00:00,2025-11-18 18:25:00+00:00,2025-11-18 19:00:00+00:00,515224,515225,515232,0.1868,0.18883304630738304,0.18883304630738304,0.18243390738523393,stop,-1.0766369272429355,-1.1566369272429355,8
1INCH,short,2025-11-20 15:25:00+00:00,2025-11-20 15:30:00+00:00,2025-11-20 16:05:00+00:00,515765,515766,515773,0.1825,0.18355532397838206,0.18355532397838206,0.1800893520432359,stop,-0.574935096138296,-0.654935096138296,8
1INCH,long,2025-11-20 16:25:00+00:00,2025-11-20 16:30:00+00:00,2025-11-20 17:45:00+00:00,515777,515778,515793,0.184,0.18588393053588714,0.18305803473205642,0.18588393053588714,take_profit,1.023875291243015,0.9438752912430148,16
1INCH,long,2025-11-20 20:35:00+00:00,2025-11-20 20:40:00+00:00,2025-11-20 21:30:00+00:00,515827,515828,515838,0.1839,0.18600409352081176,0.18284795323959413,0.18600409352081176,take_profit,1.1441509085436508,1.0641509085436507,11
1INCH,short,2025-11-21 16:10:00+00:00,2025-11-21 16:15:00+00:00,2025-11-21 16:15:00+00:00,516062,516063,516063,0.1715,0.1728346192701401,0.1728346192701401,0.1691307614597198,stop,-0.7721944109207013,-0.8521944109207014,1
1INCH,short,2025-11-21 16:30:00+00:00,2025-11-21 16:35:00+00:00,2025-11-22 10:45:00+00:00,516066,516067,516285,0.1637,0.17581551595622844,0.17581551595622844,0.14036896808754315,stop,-6.891039104446694,-6.971039104446694,219
1INCH,long,2025-11-22 15:20:00+00:00,2025-11-22 15:25:00+00:00,2025-11-22 21:40:00+00:00,516340,516341,516416,0.1767,0.17348779796008884,0.17348779796008884,0.1831244040798223,stop,-1.8178845726718462,-1.897884572671846,76
1INCH,long,2025-11-24 15:15:00+00:00,2025-11-24 15:20:00+00:00,2025-11-25 01:20:00+00:00,516915,516916,517036,0.1891,0.19593152773467243,0.18568423613266377,0.19593152773467243,take_profit,3.6126534821112832,3.532653482111283,121
1INCH,short,2025-11-25 15:20:00+00:00,2025-11-25 15:25:00+00:00,2025-11-25 16:45:00+00:00,517204,517205,517221,0.1928,0.19065253778699484,0.1937237311065026,0.19065253778699484,take_profit,1.1263748376664218,1.0463748376664217,17
1INCH,long,2025-11-26 16:05:00+00:00,2025-11-26 16:10:00+00:00,2025-11-26 17:15:00+00:00,517501,517502,517515,0.1909,0.18993605002942174,0.18993605002942174,0.19312789994115653,stop,-0.5049502203133827,-0.5849502203133827,14
1INCH,long,2025-11-26 17:45:00+00:00,2025-11-26 17:50:00+00:00,2025-11-26 17:50:00+00:00,517521,517522,517522,0.1909,0.18987220907208938,0.18987220907208938,0.1929555818558212,stop,-0.5383923142538549,-0.618392314253855,1
1INCH,short,2025-11-26 18:00:00+00:00,2025-11-26 18:05:00+00:00,2025-11-26 20:20:00+00:00,517524,517525,517552,0.1889,0.18631111029983993,0.19019444485008005,0.18631111029983993,take_profit,1.389551968207181,1.309551968207181,28
1INCH,long,2025-11-27 15:40:00+00:00,2025-11-27 15:45:00+00:00,2025-11-27 16:00:00+00:00,517784,517785,517788,0.1908,0.18998132040957652,0.18998132040957652,0.19243735918084695,stop,-0.42907735347141873,-0.5090773534714188,4
1INCH,short,2025-11-27 17:00:00+00:00,2025-11-27 17:05:00+00:00,2025-11-27 17:55:00+00:00,517800,517801,517811,0.1895,0.19042247959851713,0.19042247959851713,0.18735504080296578,stop,-0.4844383921804085,-0.5644383921804086,11
1INCH,short,2025-11-28 15:15:00+00:00,2025-11-28 15:20:00+00:00,2025-11-28 16:20:00+00:00,518067,518068,518080,0.1992,0.2006248430212839,0.2006248430212839,0.19665031395743224,stop,-0.7102026846858345,-0.7902026846858345,13
1INCH,short,2025-11-28 16:30:00+00:00,2025-11-28 16:35:00+00:00,2025-11-28 17:50:00+00:00,518082,518083,518098,0.1994,0.20149182267626817,0.20149182267626817,0.19461635464746363,stop,-1.038167528827738,-1.1181675288277382,16
1INCH,long,2025-11-28 19:55:00+00:00,2025-11-28 20:00:00+00:00,2025-11-28 20:15:00+00:00,518123,518124,518127,0.2022,0.20090861661750495,0.20090861661750495,0.20508276676499013,stop,-0.63866636127351,-0.71866636127351,4
1INCH,short,2025-11-29 15:20:00+00:00,2025-11-29 15:25:00+00:00,2025-11-29 17:40:00+00:00,518356,518357,518384,0.1993,0.20089823743011642,0.20089823743011642,0.19610352513976717,stop,-0.795545770117756,-0.875545770117756,28
1INCH,short,2025-11-29 18:15:00+00:00,2025-11-29 18:20:00+00:00,2025-11-29 20:10:00+00:00,518391,518392,518414,0.1999,0.200998851868897,0.200998851868897,0.197702296262206,stop,-0.5466955948652541,-0.6266955948652542,23
1INCH,long,2025-11-29 20:30:00+00:00,2025-11-29 20:35:00+00:00,2025-11-29 21:50:00+00:00,518418,518419,518434,0.2015,0.20062346644838794,0.20062346644838794,0.20355306710322413,stop,-0.4350042439762114,-0.5150042439762115,16
1INCH,short,2025-11-30 15:10:00+00:00,2025-11-30 15:15:00+00:00,2025-11-30 15:25:00+00:00,518642,518643,518645,0.1929,0.19369093539397939,0.19369093539397939,0.19071812921204126,stop,-0.408349204556524,-0.48834920455652403,3
1INCH,short,2025-11-30 15:55:00+00:00,2025-11-30 16:00:00+00:00,2025-11-30 17:20:00+00:00,518651,518652,518668,0.1928,0.1936354630879499,0.1936354630879499,0.19142907382410015,stop,-0.43146181728624944,-0.5114618172862495,17
1INCH,short,2025-11-30 17:35:00+00:00,2025-11-30 17:40:00+00:00,2025-11-30 20:50:00+00:00,518671,518672,518710,0.1928,0.19041607850947165,0.1938419607452642,0.19041607850947165,take_profit,1.2519538839309563,1.1719538839309562,39
1INCH,long,2025-12-02 19:30:00+00:00,2025-12-02 19:35:00+00:00,2025-12-03 00:40:00+00:00,519270,519271,519332,0.1915,0.19883527918140598,0.18783236040929702,0.19883527918140598,take_profit,3.8304329929012892,3.750432992901289,62
1INCH,long,2025-12-03 15:20:00+00:00,2025-12-03 15:25:00+00:00,2025-12-03 15:40:00+00:00,519508,519509,519512,0.2047,0.2037391714490193,0.2037391714490193,0.20692165710196145,stop,-0.46938375719624004,-0.5493837571962401,4
1INCH,short,2025-12-04 17:50:00+00:00,2025-12-04 17:55:00+00:00,2025-12-04 18:05:00+00:00,519826,519827,519829,0.1909,0.19182788736354886,0.19182788736354886,0.18904422527290224,stop,-0.483708274277328,-0.5637082742773281,3
1INCH,short,2025-12-04 18:15:00+00:00,2025-12-04 18:20:00+00:00,2025-12-04 18:40:00+00:00,519831,519832,519836,0.1909,0.1923063048188146,0.1923063048188146,0.18778739036237077,stop,-0.7312837819537954,-0.8112837819537955,5
1INCH,short,2025-12-04 20:20:00+00:00,2025-12-04 20:25:00+00:00,2025-12-04 23:50:00+00:00,519856,519857,519898,0.1901,0.1867160848262126,0.1916419575868937,0.1867160848262126,take_profit,1.8123319032406826,1.7323319032406828,42
1INCH,long,2025-12-05 16:00:00+00:00,2025-12-05 16:05:00+00:00,2025-12-05 18:15:00+00:00,520092,520093,520119,0.1888,0.18775123123876447,0.18775123123876447,0.19059753752247108,stop,-0.5554919286205107,-0.6354919286205107,27
1INCH,short,2025-12-06 17:55:00+00:00,2025-12-06 18:00:00+00:00,2025-12-06 18:10:00+00:00,520403,520404,520406,0.1811,0.18205532184190573,0.18205532184190573,0.17918935631618857,stop,-0.524742606939721,-0.604742606939721,3
1INCH,short,2025-12-06 19:10:00+00:00,2025-12-06 19:15:00+00:00,2025-12-06 20:05:00+00:00,520418,520419,520429,0.1814,0.18263880946969657,0.18263880946969657,0.17892238106060687,stop,-0.6782838068718933,-0.7582838068718933,11
1INCH,long,2025-12-07 15:30:00+00:00,2025-12-07 15:35:00+00:00,2025-12-07 16:10:00+00:00,520662,520663,520670,0.1864,0.18594889150545094,0.18594889150545094,0.18760221698909813,stop,-0.2420109949297644,-0.3220109949297644,8
1INCH,short,2025-12-07 16:30:00+00:00,2025-12-07 16:35:00+00:00,2025-12-07 17:10:00+00:00,520674,520675,520682,0.1851,0.18355536624812055,0.18602231687593973,0.18355536624812055,take_profit,0.8415083598217965,0.7615083598217964,8
1INCH,short,2025-12-08 15:20:00+00:00,2025-12-08 15:25:00+00:00,2025-12-08 15:45:00+00:00,520948,520949,520953,0.1795,0.1805898009974999,0.1805898009974999,0.17732039800500016,stop,-0.6034676329894184,-0.6834676329894185,5
1INCH,short,2025-12-08 17:05:00+00:00,2025-12-08 17:10:00+00:00,2025-12-08 17:15:00+00:00,520969,520970,520971,0.1798,0.18034084220153246,0.18034084220153246,0.17841831559693508,stop,-0.29990000874459133,-0.37990000874459134,2
1INCH,long,2025-12-08 18:05:00+00:00,2025-12-08 18:10:00+00:00,2025-12-08 20:30:00+00:00,520981,520982,521010,0.1817,0.18035025998175205,0.18035025998175205,0.1843994800364959,stop,-0.742839855942734,-0.8228398559427341,29
1INCH,short,2025-12-10 17:30:00+00:00,2025-12-10 17:35:00+00:00,2025-12-10 20:30:00+00:00,521550,521551,521586,0.1759,0.17360506561480427,0.17704746719259787,0.17360506561480427,take_profit,1.3219282381354835,1.2419282381354835,36
1INCH,short,2025-12-11 15:25:00+00:00,2025-12-11 15:30:00+00:00,2025-12-11 15:35:00+00:00,521813,521814,521815,0.168,0.1684176247019063,0.1684176247019063,0.16686475059618738,stop,-0.24796971376687127,-0.3279697137668713,2
1INCH,short,2025-12-11 16:20:00+00:00,2025-12-11 16:25:00+00:00,2025-12-11 18:20:00+00:00,521824,521825,521848,0.1677,0.16860262859895442,0.16860262859895442,0.16589474280209113,stop,-0.5353585566577723,-0.6153585566577724,24
1INCH,short,2025-12-11 19:25:00+00:00,2025-12-11 19:30:00+00:00,2025-12-11 20:00:00+00:00,521861,521862,521868,0.168,0.16853218602326253,0.16853218602326253,0.16663562795347492,stop,-0.3157770843778551,-0.39577708437785514,7
1INCH,long,2025-12-12 15:05:00+00:00,2025-12-12 15:10:00+00:00,2025-12-12 17:20:00+00:00,522097,522098,522124,0.1758,0.17486565538916024,0.17486565538916024,0.17766868922167955,stop,-0.5314815761318425,-0.6114815761318426,27
1INCH,long,2025-12-13 15:50:00+00:00,2025-12-13 15:55:00+00:00,2025-12-13 18:30:00+00:00,522394,522395,522426,0.1754,0.1741978275128184,0.1741978275128184,0.1778043449743632,stop,-0.6853891032962411,-0.7653891032962412,32
1INCH,long,2025-12-13 19:05:00+00:00,2025-12-13 19:10:00+00:00,2025-12-14 00:55:00+00:00,522433,522434,522503,0.1751,0.1771232005141176,0.1742383997429412,0.1771232005141176,take_profit,1.155454319884397,1.0754543198843969,70
1INCH,short,2025-12-14 15:05:00+00:00,2025-12-14 15:10:00+00:00,2025-12-14 16:10:00+00:00,522673,522674,522686,0.1723,0.17318180270650868,0.17318180270650868,0.17053639458698266,stop,-0.5091774613312339,-0.5891774613312339,13
1INCH,short,2025-12-14 16:15:00+00:00,2025-12-14 16:20:00+00:00,2025-12-14 16:50:00+00:00,522687,522688,522694,0.1722,0.17320041257379482,0.17320041257379482,0.1704991748524104,stop,-0.5776040362309054,-0.6576040362309055,7
1INCH,short,2025-12-14 17:15:00+00:00,2025-12-14 17:20:00+00:00,2025-12-14 19:10:00+00:00,522699,522700,522722,0.1724,0.17159943041331022,0.17295028479334487,0.17159943041331022,take_profit,0.46653394172786466,0.38653394172786465,23
1INCH,short,2025-12-15 15:10:00+00:00,2025-12-15 15:15:00+00:00,2025-12-15 15:50:00+00:00,522962,522963,522970,0.1666,0.16714674257139386,0.16714674257139386,0.16550651485721227,stop,-0.32710333625576293,-0.40710333625576295,8
1INCH,short,2025-12-15 19:05:00+00:00,2025-12-15 19:10:00+00:00,2025-12-15 21:00:00+00:00,523009,523010,523032,0.1663,0.16476699565231945,0.16706650217384028,0.16476699565231945,take_profit,0.9304074166135878,0.8504074166135878,23
1INCH,short,2025-12-17 17:30:00+00:00,2025-12-17 17:35:00+00:00,2025-12-17 20:50:00+00:00,523566,523567,523606,0.1575,0.15831198911743669,0.15831198911743669,0.15557602176512667,stop,-0.5129043744339201,-0.5929043744339202,40
1INCH,long,2025-12-19 15:40:00+00:00,2025-12-19 15:45:00+00:00,2025-12-19 16:05:00+00:00,524120,524121,524125,0.1506,0.15213402326874198,0.14983298836562903,0.15213402326874198,take_profit,1.0186077481686429,0.9386077481686428,5
1INCH,long,2025-12-20 15:40:00+00:00,2025-12-20 15:45:00+00:00,2025-12-20 16:30:00+00:00,524408,524409,524418,0.156,0.1569828260376632,0.15565858698116838,0.1569828260376632,take_profit,0.6300166908097315,0.5500166908097315,10
1INCH,short,2025-12-20 19:20:00+00:00,2025-12-20 19:25:00+00:00,2025-12-20 20:30:00+00:00,524452,524453,524466,0.1554,0.15603368107500487,0.15603368107500487,0.15353263784999027,stop,-0.40611813464828117,-0.4861181346482812,14
1INCH,short,2025-12-21 17:05:00+00:00,2025-12-21 17:10:00+00:00,2025-12-21 17:30:00+00:00,524713,524714,524718,0.1554,0.15606163774479417,0.15606163774479417,0.15377672451041163,stop,-0.4239592473559317,-0.5039592473559318,5
1INCH,long,2025-12-21 17:40:00+00:00,2025-12-21 17:45:00+00:00,2025-12-21 19:30:00+00:00,524720,524721,524742,0.1564,0.1554539251756866,0.1554539251756866,0.15829214964862684,stop,-0.6049071766709768,-0.6849071766709769,22
1INCH,short,2025-12-21 19:40:00+00:00,2025-12-21 19:45:00+00:00,2025-12-21 21:40:00+00:00,524744,524745,524768,0.1554,0.15423280499762723,0.1559835975011864,0.15423280499762723,take_profit,0.7567748005301134,0.6767748005301133,24
1INCH,long,2025-12-22 16:00:00+00:00,2025-12-22 16:05:00+00:00,2025-12-23 04:25:00+00:00,524988,524989,525137,0.1538,0.15284055966371524,0.15284055966371524,0.15601888067256955,stop,-0.6238233655947667,-0.7038233655947668,149
1INCH,short,2025-12-23 15:15:00+00:00,2025-12-23 15:20:00+00:00,2025-12-23 20:20:00+00:00,525267,525268,525328,0.151,0.15217273303800563,0.15217273303800563,0.14835453392398876,stop,-0.7706591151995235,-0.8506591151995235,61
1INCH,short,2025-12-24 17:20:00+00:00,2025-12-24 17:25:00+00:00,2025-12-24 21:50:00+00:00,525580,525581,525634,0.1483,0.1494322961753381,0.1494322961753381,0.1457354076493238,stop,-0.7577318988724602,-0.8377318988724602,54
1INCH,long,2025-12-25 15:20:00+00:00,2025-12-25 15:25:00+00:00,2025-12-25 16:55:00+00:00,525844,525845,525863,0.152,0.15315589342810004,0.15157205328595,0.15315589342810004,take_profit,0.7604562026974016,0.6804562026974015,19
1INCH,short,2025-12-25 19:35:00+00:00,2025-12-25 19:40:00+00:00,2025-12-25 20:25:00+00:00,525895,525896,525905,0.151,0.15181860431980398,0.15181860431980398,0.14906279136039205,stop,-0.5391989496093652,-0.6191989496093653,10
1INCH,short,2025-12-26 17:35:00+00:00,2025-12-26 17:40:00+00:00,2025-12-26 18:20:00+00:00,526159,526160,526168,0.1472,0.14770655361874463,0.14770655361874463,0.14588689276251077,stop,-0.3429459332265905,-0.4229459332265905,9
1INCH,short,2025-12-26 20:10:00+00:00,2025-12-26 20:15:00+00:00,2025-12-26 21:40:00+00:00,526190,526191,526208,0.1473,0.14762556654097184,0.14762556654097184,0.14634886691805632,stop,-0.22053533720495233,-0.30053533720495235,18
1INCH,long,2025-12-27 16:20:00+00:00,2025-12-27 16:25:00+00:00,2025-12-27 16:35:00+00:00,526432,526433,526435,0.146,0.14550710865951633,0.14550710865951633,0.14698578268096732,stop,-0.3375968085504555,-0.4175968085504555,3
1INCH,short,2025-12-27 17:10:00+00:00,2025-12-27 17:15:00+00:00,2025-12-27 17:25:00+00:00,526442,526443,526445,0.1453,0.14568844886330778,0.14568844886330778,0.14422310227338442,stop,-0.2666298298448,-0.3466298298448,3
1INCH,short,2025-12-27 17:30:00+00:00,2025-12-27 17:35:00+00:00,2025-12-27 17:40:00+00:00,526446,526447,526448,0.1452,0.14569804477261905,0.14569804477261905,0.14450391045476194,stop,-0.34183353208090406,-0.4218335320809041,2
1INCH,short,2025-12-28 18:00:00+00:00,2025-12-28 18:05:00+00:00,2025-12-28 21:35:00+00:00,526740,526741,526783,0.1495,0.14835483802317273,0.15022258098841365,0.14835483802317273,take_profit,0.7719074026075079,0.6919074026075078,43
1INCH,long,2025-12-30 15:05:00+00:00,2025-12-30 15:10:00+00:00,2025-12-30 23:00:00+00:00,527281,527282,527376,0.1435,0.1425306214488631,0.1425306214488631,0.14543875710227375,stop,-0.67552512274347,-0.7555251227434701,95
1INCH,long,2025-12-31 15:05:00+00:00,2025-12-31 15:10:00+00:00,2025-12-31 17:30:00+00:00,527569,527570,527598,0.1438,0.14328698183309443,0.14328698183309443,0.14482603633381116,stop,-0.3567581132862152,-0.4367581132862152,29
1INCH,short,2025-12-31 17:35:00+00:00,2025-12-31 17:40:00+00:00,2025-12-31 18:50:00+00:00,527599,527600,527614,0.1431,0.1438571010847999,0.1438571010847999,0.14128579783040016,stop,-0.5262869049151853,-0.6062869049151853,15
1INCH,long,2025-12-31 20:05:00+00:00,2025-12-31 20:10:00+00:00,2025-12-31 21:40:00+00:00,527629,527630,527648,0.1439,0.14335292505100125,0.14335292505100125,0.14469414989799753,stop,-0.3801771709511792,-0.4601771709511792,19
1INCH,short,2026-01-01 15:05:00+00:00,2026-01-01 15:10:00+00:00,2026-01-01 17:55:00+00:00,527857,527858,527891,0.1404,0.14081496546911565,0.14081496546911565,0.1395700690617687,stop,-0.2946884713093012,-0.3746884713093012,34
1INCH,long,2026-01-01 18:55:00+00:00,2026-01-01 19:00:00+00:00,2026-01-01 22:40:00+00:00,527903,527904,527948,0.1408,0.14196655764525248,0.14036672117737375,0.14196655764525248,take_profit,0.8285210548668154,0.7485210548668153,45
1INCH,long,2026-01-02 18:00:00+00:00,2026-01-02 18:05:00+00:00,2026-01-02 18:45:00+00:00,528180,528181,528189,0.1515,0.15276502213287352,0.15101748893356326,0.15276502213287352,take_profit,0.8349981075072677,0.7549981075072676,9
1INCH,long,2026-01-03 15:05:00+00:00,2026-01-03 15:10:00+00:00,2026-01-03 15:35:00+00:00,528433,528434,528439,0.1576,0.15671641965688615,0.15671641965688615,0.1590671606862277,stop,-0.5606474258336491,-0.6406474258336492,6
1INCH,long,2026-01-04 15:15:00+00:00,2026-01-04 15:20:00+00:00,2026-01-04 15:30:00+00:00,528723,528724,528726,0.1591,0.15858362366947074,0.15858362366947074,0.16043275266105855,stop,-0.324560861426304,-0.40456086142630404,3
1INCH,short,2026-01-05 15:25:00+00:00,2026-01-05 15:30:00+00:00,2026-01-05 16:15:00+00:00,529013,529014,529023,0.1558,0.15681330334488,0.15681330334488,0.15407339331024003,stop,-0.6461845540307487,-0.7261845540307488,10
1INCH,short,2026-01-05 18:00:00+00:00,2026-01-05 18:05:00+00:00,2026-01-05 21:50:00+00:00,529044,529045,529090,0.1558,0.15715634472560175,0.15715634472560175,0.15278731054879652,stop,-0.8630543857264916,-0.9430543857264917,46
1INCH,long,2026-01-07 16:15:00+00:00,2026-01-07 16:20:00+00:00,2026-01-07 16:35:00+00:00,529599,529600,529603,0.1608,0.1620263330119277,0.16018683349403615,0.1620263330119277,take_profit,0.7626449079152442,0.6826449079152441,4
1INCH,short,2026-01-07 18:30:00+00:00,2026-01-07 18:35:00+00:00,2026-01-07 23:30:00+00:00,529626,529627,529686,0.1594,0.15642363479391203,0.16088818260304397,0.15642363479391203,take_profit,1.9027592665324056,1.8227592665324057,60
1INCH,short,2026-01-08 15:05:00+00:00,2026-01-08 15:10:00+00:00,2026-01-08 15:55:00+00:00,529873,529874,529883,0.1553,0.15359170667265903,0.15615414666367047,0.15359170667265903,take_profit,1.1122301876505203,1.0322301876505202,10
1INCH,short,2026-01-09 17:35:00+00:00,2026-01-09 17:40:00+00:00,2026-01-09 22:20:00+00:00,530191,530192,530248,0.149,0.14989482089531853,0.14989482089531853,0.14751035820936298,stop,-0.5969658524382582,-0.6769658524382582,57
1INCH,short,2026-01-10 15:15:00+00:00,2026-01-10 15:20:00+00:00,2026-01-10 16:10:00+00:00,530451,530452,530462,0.1514,0.15270335777769167,0.15270335777769167,0.14849328444461662,stop,-0.8535226707909849,-0.9335226707909849,11
1INCH,long,2026-01-10 16:25:00+00:00,2026-01-10 16:30:00+00:00,2026-01-10 17:00:00+00:00,530465,530466,530472,0.1532,0.15423578034728053,0.15253210982635976,0.15423578034728053,take_profit,0.6760968324285299,0.5960968324285298,7
1INCH,short,2026-01-11 16:15:00+00:00,2026-01-11 16:20:00+00:00,2026-01-11 17:00:00+00:00,530751,530752,530760,0.1553,0.15601281772967418,0.15601281772967418,0.15357436454065165,stop,-0.4568969011951918,-0.5368969011951918,9
1INCH,long,2026-01-11 18:20:00+00:00,2026-01-11 18:25:00+00:00,2026-01-11 18:35:00+00:00,530776,530777,530779,0.1565,0.1561543258611091,0.1561543258611091,0.15719134827778178,stop,-0.22087804401973443,-0.30087804401973445,3
1INCH,long,2026-01-11 18:45:00+00:00,2026-01-11 18:50:00+00:00,2026-01-11 19:05:00+00:00,530781,530782,530785,0.1565,0.1560538444025346,0.1560538444025346,0.15739231119493077,stop,-0.28508344885966874,-0.36508344885966876,4
