symbol,side,signal_time,entry_time,exit_time,signal_i,entry_i,exit_i,entry_price,exit_price,stop_loss,take_profit,exit_reason,gross_return_pct,net_return_pct,bars_held
1000RATS,short,2023-12-16 15:05:00+00:00,2023-12-16 15:10:00+00:00,2023-12-16 17:00:00+00:00,193,194,216,0.40392,0.4221943065227851,0.4221943065227851,0.3673713869544298,stop,-4.328411406893018,-4.408411406893018,23
1000RATS,short,2023-12-17 20:00:00+00:00,2023-12-17 20:05:00+00:00,2023-12-18 01:40:00+00:00,540,541,608,0.31508,0.3345569374853451,0.3345569374853451,0.2761261250293099,stop,-5.821710836947814,-5.901710836947814,68
1000RATS,short,2023-12-18 15:35:00+00:00,2023-12-18 15:40:00+00:00,2023-12-18 16:35:00+00:00,775,776,787,0.32952,0.31280433537501884,0.33822283231249056,0.31280433537501884,take_profit,5.343808488121127,5.263808488121127,12
1000RATS,long,2023-12-19 17:40:00+00:00,2023-12-19 17:45:00+00:00,2023-12-19 17:45:00+00:00,1088,1089,1089,0.31551,0.30902567457717406,0.30902567457717406,0.32892865084565187,stop,-2.0551885591030272,-2.1351885591030273,1
1000RATS,short,2023-12-20 16:25:00+00:00,2023-12-20 16:30:00+00:00,2023-12-20 17:00:00+00:00,1361,1362,1368,0.27911,0.28504599473135384,0.28504599473135384,0.2672080105372924,stop,-2.0824690895756226,-2.1624690895756227,7
1000RATS,short,2023-12-20 17:45:00+00:00,2023-12-20 17:50:00+00:00,2023-12-20 19:10:00+00:00,1377,1378,1394,0.2795,0.2844844046731695,0.2844844046731695,0.269741190653661,stop,-1.7520836261291084,-1.8320836261291082,17
1000RATS,long,2023-12-20 20:10:00+00:00,2023-12-20 20:15:00+00:00,2023-12-20 20:30:00+00:00,1406,1407,1410,0.28533,0.2810042964628464,0.2810042964628464,0.2939814070743071,stop,-1.516035305489627,-1.5960353054896268,4
1000RATS,short,2023-12-21 18:20:00+00:00,2023-12-21 18:25:00+00:00,2023-12-22 18:15:00+00:00,1672,1673,1959,0.33267,0.2881578888382298,0.35492605558088514,0.2881578888382298,take_profit,15.447125650881999,15.367125650881999,287
1000RATS,short,2023-12-24 15:05:00+00:00,2023-12-24 15:10:00+00:00,2023-12-24 15:50:00+00:00,2497,2498,2506,0.3134,0.32349979971732323,0.32349979971732323,0.29320040056535357,stop,-3.122042030983796,-3.202042030983796,9
1000RATS,long,2023-12-24 18:30:00+00:00,2023-12-24 18:35:00+00:00,2023-12-24 19:15:00+00:00,2538,2539,2547,0.33646,0.32736432603687254,0.32736432603687254,0.35474134792625495,stop,-2.7033448145774908,-2.783344814577491,9
1000RATS,long,2023-12-25 15:15:00+00:00,2023-12-25 15:20:00+00:00,2023-12-25 15:35:00+00:00,2787,2788,2791,0.32485,0.32091949480795995,0.32091949480795995,0.33268101038408016,stop,-1.2099446489272192,-1.2899446489272193,4
1000RATS,short,2023-12-25 16:15:00+00:00,2023-12-25 16:20:00+00:00,2023-12-25 16:35:00+00:00,2799,2800,2803,0.31732,0.32116117650238807,0.32116117650238807,0.3102076469952239,stop,-1.196027659451393,-1.276027659451393,4
1000RATS,long,2023-12-25 16:45:00+00:00,2023-12-25 16:50:00+00:00,2023-12-25 17:05:00+00:00,2805,2806,2809,0.32713,0.3429289762828188,0.31939551185859055,0.3429289762828188,take_profit,4.82957120497014,4.74957120497014,4
1000RATS,short,2023-12-27 16:05:00+00:00,2023-12-27 16:10:00+00:00,2023-12-27 16:35:00+00:00,3373,3374,3379,0.35382,0.3586792139098168,0.3586792139098168,0.3437715721803665,stop,-1.3547520239180932,-1.4347520239180933,6
1000RATS,short,2023-12-28 15:50:00+00:00,2023-12-28 15:55:00+00:00,2023-12-28 20:15:00+00:00,3658,3659,3711,0.36367,0.34746079662892143,0.3718796016855393,0.34746079662892143,take_profit,4.665045244914223,4.585045244914223,53
1000RATS,long,2023-12-29 15:05:00+00:00,2023-12-29 15:10:00+00:00,2023-12-29 15:40:00+00:00,3937,3938,3944,0.34909,0.34506293962680346,0.34506293962680346,0.3571441207463931,stop,-1.153588006874029,-1.233588006874029,7
1000RATS,short,2023-12-29 16:15:00+00:00,2023-12-29 16:20:00+00:00,2023-12-29 18:20:00+00:00,3951,3952,3976,0.3383,0.3447158051710053,0.3447158051710053,0.3251683896579894,stop,-1.8611868312282898,-1.9411868312282896,25
1000RATS,long,2023-12-29 18:35:00+00:00,2023-12-29 18:40:00+00:00,2023-12-29 19:30:00+00:00,3979,3980,3990,0.34912,0.36035867093533913,0.3435006645323304,0.36035867093533913,take_profit,3.219142683128773,3.1391426831287728,11
1000RATS,long,2023-12-29 20:05:00+00:00,2023-12-29 20:10:00+00:00,2023-12-29 21:45:00+00:00,3997,3998,4017,0.35134,0.34354842800590646,0.34354842800590646,0.367223143988187,stop,-2.2176729077513335,-2.2976729077513336,20
1000RATS,short,2023-12-30 15:50:00+00:00,2023-12-30 15:55:00+00:00,2023-12-30 16:05:00+00:00,4234,4235,4237,0.34245,0.3332598038899017,0.34707509805504916,0.3332598038899017,take_profit,2.7576671422198995,2.6776671422198994,3
1000RATS,short,2024-01-01 15:25:00+00:00,2024-01-01 15:30:00+00:00,2024-01-01 17:10:00+00:00,4805,4806,4826,0.30668,0.31111567976721305,0.31111567976721305,0.2978086404655739,stop,-1.4257332740451933,-1.5057332740451934,21
1000RATS,short,2024-01-01 17:25:00+00:00,2024-01-01 17:30:00+00:00,2024-01-01 18:30:00+00:00,4829,4830,4842,0.3071,0.3098093609699423,0.3098093609699423,0.30156127806011535,stop,-0.8745252117172808,-0.9545252117172809,13
1000RATS,long,2024-01-02 16:05:00+00:00,2024-01-02 16:10:00+00:00,2024-01-02 18:45:00+00:00,5101,5102,5133,0.33096,0.3399409260979145,0.32651453695104277,0.3399409260979145,take_profit,2.7135986517749844,2.6335986517749843,32
1000RATS,short,2024-01-03 15:05:00+00:00,2024-01-03 15:10:00+00:00,2024-01-03 16:00:00+00:00,5377,5378,5388,0.32766,0.33004392477368394,0.33004392477368394,0.3229221504526322,stop,-0.7223053038526994,-0.8023053038526995,11
1000RATS,short,2024-01-03 16:45:00+00:00,2024-01-03 16:50:00+00:00,2024-01-03 17:05:00+00:00,5397,5398,5401,0.32717,0.3295876792301638,0.3295876792301638,0.32233464153967245,stop,-0.7335466045972572,-0.8135466045972573,4
1000RATS,short,2024-01-03 18:55:00+00:00,2024-01-03 19:00:00+00:00,2024-01-03 19:15:00+00:00,5423,5424,5427,0.32713,0.3302784212960544,0.3302784212960544,0.3208631574078912,stop,-0.9532627907386737,-1.0332627907386738,4
1000RATS,short,2024-01-04 15:15:00+00:00,2024-01-04 15:20:00+00:00,2024-01-04 17:10:00+00:00,5667,5668,5690,0.24572,0.23752144832366154,0.24978927583816923,0.23752144832366154,take_profit,3.4517100389041877,3.3717100389041876,23
1000RATS,short,2024-01-04 18:35:00+00:00,2024-01-04 18:40:00+00:00,2024-01-04 21:55:00+00:00,5707,5708,5747,0.24525,0.2519445908606008,0.2519445908606008,0.23177081827879842,stop,-2.6571679263814207,-2.737167926381421,40
1000RATS,short,2024-01-05 15:10:00+00:00,2024-01-05 15:15:00+00:00,2024-01-05 19:55:00+00:00,5954,5955,6011,0.25754,0.2460149202079503,0.26339253989602485,0.2460149202079503,take_profit,4.684707652002507,4.6047076520025065,57
1000RATS,short,2024-01-06 15:05:00+00:00,2024-01-06 15:10:00+00:00,2024-01-06 19:30:00+00:00,6241,6242,6294,0.23146,0.23749202883852263,0.23749202883852263,0.21885594232295477,stop,-2.539886861897156,-2.619886861897156,53
1000RATS,long,2024-01-07 15:10:00+00:00,2024-01-07 15:15:00+00:00,2024-01-07 16:35:00+00:00,6530,6531,6547,0.24214,0.23910918223533334,0.23910918223533334,0.24817163552933336,stop,-1.2516799226342856,-1.3316799226342857,17
1000RATS,short,2024-01-07 17:35:00+00:00,2024-01-07 17:40:00+00:00,2024-01-07 17:45:00+00:00,6559,6560,6561,0.23691,0.23274769815725696,0.23902115092137152,0.23274769815725696,take_profit,1.788332119156233,1.708332119156233,2
1000RATS,long,2024-01-08 15:20:00+00:00,2024-01-08 15:25:00+00:00,2024-01-08 22:50:00+00:00,6820,6821,6910,0.20668,0.1981059374206484,0.1981059374206484,0.22391812515870324,stop,-4.148472314375661,-4.228472314375662,90
1000RATS,short,2024-01-09 15:20:00+00:00,2024-01-09 15:25:00+00:00,2024-01-09 16:20:00+00:00,7108,7109,7120,0.22313,0.2257853901355219,0.2257853901355219,0.2176692197289562,stop,-1.1760681831220698,-1.25606818312207,12
1000RATS,short,2024-01-09 17:00:00+00:00,2024-01-09 17:05:00+00:00,2024-01-09 18:45:00+00:00,7128,7129,7149,0.22269,0.21435268149182446,0.22700865925408775,0.21435268149182446,take_profit,3.8895331050446957,3.8095331050446957,21
1000RATS,short,2024-01-10 15:30:00+00:00,2024-01-10 15:35:00+00:00,2024-01-10 16:05:00+00:00,7398,7399,7405,0.21025,0.2140436990668973,0.2140436990668973,0.2027526018662054,stop,-1.7723946481188468,-1.8523946481188467,7
1000RATS,short,2024-01-10 16:10:00+00:00,2024-01-10 16:15:00+00:00,2024-01-10 21:20:00+00:00,7406,7407,7468,0.21067,0.2024608112019674,0.2147295943990163,0.2024608112019674,take_profit,4.0547050806012175,3.9747050806012174,62
1000RATS,long,2024-01-11 17:55:00+00:00,2024-01-11 18:00:00+00:00,2024-01-11 18:00:00+00:00,7715,7716,7716,0.24996,0.25631689952524533,0.24684155023737733,0.25631689952524533,take_profit,2.5431667167728156,2.4631667167728155,1
1000RATS,short,2024-01-12 15:55:00+00:00,2024-01-12 16:00:00+00:00,2024-01-12 17:10:00+00:00,7979,7980,7994,0.26665,0.26999768989852063,0.26999768989852063,0.25962462020295873,stop,-1.2398957560632695,-1.3198957560632696,15
1000RATS,short,2024-01-12 17:30:00+00:00,2024-01-12 17:35:00+00:00,2024-01-12 18:30:00+00:00,7998,7999,8010,0.26588,0.27187600183756155,0.27187600183756155,0.25394799632487697,stop,-2.2054178364532495,-2.2854178364532496,12
1000RATS,long,2024-01-12 18:45:00+00:00,2024-01-12 18:50:00+00:00,2024-01-12 20:00:00+00:00,8013,8014,8028,0.27444,0.28336614299074164,0.27000692850462915,0.28336614299074164,take_profit,3.2524934378157733,3.172493437815773,15
1000RATS,short,2024-01-13 15:10:00+00:00,2024-01-13 15:15:00+00:00,2024-01-13 18:15:00+00:00,8258,8259,8295,0.25759,0.24975285357874805,0.261478573210626,0.24975285357874805,take_profit,3.1379607115403108,3.0579607115403107,37
1000RATS,long,2024-01-14 16:25:00+00:00,2024-01-14 16:30:00+00:00,2024-01-14 16:35:00+00:00,8561,8562,8563,0.36448,0.3525780131090762,0.3525780131090762,0.3883139737818475,stop,-3.2654705034360743,-3.3454705034360743,2
1000RATS,long,2024-01-14 17:10:00+00:00,2024-01-14 17:15:00+00:00,2024-01-14 21:50:00+00:00,8570,8571,8626,0.3592,0.35263176304618377,0.35263176304618377,0.3722164739076324,stop,-1.8285737621982934,-1.9085737621982932,56
1000RATS,short,2024-01-15 16:30:00+00:00,2024-01-15 16:35:00+00:00,2024-01-15 16:45:00+00:00,8850,8851,8853,0.29613,0.3007248023865953,0.3007248023865953,0.28694039522680936,stop,-1.5279093543765998,-1.6079093543765997,3
1000RATS,long,2024-01-16 17:55:00+00:00,2024-01-16 18:00:00+00:00,2024-01-16 19:25:00+00:00,9155,9156,9173,0.3405,0.32389538169637494,0.32389538169637494,0.37364923660725013,stop,-4.876539883590336,-4.956539883590336,18
1000RATS,short,2024-01-16 20:30:00+00:00,2024-01-16 20:35:00+00:00,2024-01-16 21:30:00+00:00,9186,9187,9198,0.31708,0.3244544981809839,0.3244544981809839,0.3023010036380323,stop,-2.272891336790883,-2.3528913367908832,12
1000RATS,short,2024-01-17 15:50:00+00:00,2024-01-17 15:55:00+00:00,2024-01-17 22:45:00+00:00,9418,9419,9501,0.30361,0.2939325478246204,0.3085687260876898,0.2939325478246204,take_profit,3.2924057737062196,3.2124057737062195,83
1000RATS,long,2024-01-18 15:05:00+00:00,2024-01-18 15:10:00+00:00,2024-01-18 15:45:00+00:00,9697,9698,9705,0.29794,0.304083519782175,0.2948082401089125,0.304083519782175,take_profit,2.0619989871031086,1.9819989871031087,8
1000RATS,short,2024-01-19 16:50:00+00:00,2024-01-19 16:55:00+00:00,2024-01-19 19:10:00+00:00,10006,10007,10034,0.2713,0.2735225527383893,0.2735225527383893,0.26691489452322137,stop,-0.8125665383487024,-0.8925665383487025,28
1000RATS,short,2024-01-19 19:40:00+00:00,2024-01-19 19:45:00+00:00,2024-01-19 20:25:00+00:00,10040,10041,10049,0.27125,0.27373184817319673,0.27373184817319673,0.26616630365360655,stop,-0.9066713244220037,-0.9866713244220038,9
1000RATS,short,2024-01-21 15:10:00+00:00,2024-01-21 15:15:00+00:00,2024-01-21 15:45:00+00:00,10562,10563,10569,0.2625,0.25859712825164793,0.264481435874176,0.25859712825164793,take_profit,1.5092479080255128,1.4292479080255127,7
1000RATS,short,2024-01-21 20:30:00+00:00,2024-01-21 20:35:00+00:00,2024-01-21 22:30:00+00:00,10626,10627,10650,0.262,0.2642383430136651,0.2642383430136651,0.2572533139726697,stop,-0.8470924348588316,-0.9270924348588316,24
1000RATS,short,2024-01-22 15:15:00+00:00,2024-01-22 15:20:00+00:00,2024-01-22 16:50:00+00:00,10851,10852,10870,0.24662,0.2420140339945766,0.2490729830027117,0.2420140339945766,take_profit,1.9031813690302934,1.8231813690302936,19
1000RATS,short,2024-01-24 15:10:00+00:00,2024-01-24 15:15:00+00:00,2024-01-24 15:30:00+00:00,11426,11427,11430,0.2104,0.2132465763147938,0.2132465763147938,0.20482684737041237,stop,-1.334875506086286,-1.414875506086286,4
1000RATS,long,2024-01-24 15:55:00+00:00,2024-01-24 16:00:00+00:00,2024-01-24 16:25:00+00:00,11435,11436,11441,0.21427,0.21819917552157633,0.21226041223921185,0.21819917552157633,take_profit,1.8337497183816387,1.7537497183816388,6
1000RATS,long,2024-01-24 17:50:00+00:00,2024-01-24 17:55:00+00:00,2024-01-24 18:25:00+00:00,11458,11459,11465,0.21553,0.22175032223079236,0.2124498388846038,0.22175032223079236,take_profit,2.8860586604149585,2.8060586604149584,7
1000RATS,short,2024-01-25 19:05:00+00:00,2024-01-25 19:10:00+00:00,2024-01-25 19:50:00+00:00,11761,11762,11770,0.21534,0.21902979635187628,0.21902979635187628,0.20778040729624744,stop,-1.6846093149575525,-1.7646093149575524,9
1000RATS,short,2024-01-25 20:45:00+00:00,2024-01-25 20:50:00+00:00,2024-01-25 21:25:00+00:00,11781,11782,11789,0.21686,0.2094708173700777,0.22052459131496116,0.2094708173700777,take_profit,3.5275475231796305,3.4475475231796304,8
1000RATS,long,2024-01-26 18:30:00+00:00,2024-01-26 18:35:00+00:00,2024-01-26 20:00:00+00:00,12042,12043,12060,0.22632,0.23936127088035422,0.2198143645598229,0.23936127088035422,take_profit,5.762314811043745,5.682314811043745,18
1000RATS,short,2024-01-27 16:15:00+00:00,2024-01-27 16:20:00+00:00,2024-01-27 18:45:00+00:00,12303,12304,12333,0.24169,0.24711607258819032,0.24711607258819032,0.23035785482361934,stop,-2.1957586697457288,-2.275758669745729,30
1000RATS,short,2024-01-28 16:50:00+00:00,2024-01-28 16:55:00+00:00,2024-01-28 17:40:00+00:00,12598,12599,12608,0.24759,0.25190916980250444,0.25190916980250444,0.23895166039499113,stop,-1.7145742673403408,-1.7945742673403406,10
1000RATS,short,2024-01-28 20:30:00+00:00,2024-01-28 20:35:00+00:00,2024-01-29 05:10:00+00:00,12642,12643,12746,0.24748,0.23800238487370576,0.2522938075631471,0.23800238487370576,take_profit,3.982151326476613,3.902151326476613,104
1000RATS,long,2024-01-29 15:05:00+00:00,2024-01-29 15:10:00+00:00,2024-01-29 16:20:00+00:00,12865,12866,12880,0.25585,0.26484380187403844,0.25129309906298075,0.26484380187403844,take_profit,3.515263581801209,3.435263581801209,15
1000RATS,long,2024-01-29 18:15:00+00:00,2024-01-29 18:20:00+00:00,2024-01-29 21:40:00+00:00,12903,12904,12944,0.25511,0.25000576681493303,0.25000576681493303,0.265378466370134,stop,-2.000796983680364,-2.080796983680364,41
1000RATS,short,2024-01-30 15:25:00+00:00,2024-01-30 15:30:00+00:00,2024-01-30 17:20:00+00:00,13157,13158,13180,0.25705,0.26014676150827204,0.26014676150827204,0.2508564769834559,stop,-1.190390182187051,-1.2703901821870511,23
1000RATS,short,2024-01-30 17:50:00+00:00,2024-01-30 17:55:00+00:00,2024-01-30 18:15:00+00:00,13186,13187,13191,0.25575,0.25937168609994465,0.25937168609994465,0.24844662780011073,stop,-1.3963305534240633,-1.4763305534240634,5
1000RATS,long,2024-01-31 15:15:00+00:00,2024-01-31 15:20:00+00:00,2024-01-31 16:55:00+00:00,13443,13444,13463,0.25522,0.2637896250163891,0.2509501874918055,0.2637896250163891,take_profit,3.3577403872694367,3.2777403872694366,20
1000RATS,long,2024-01-31 19:10:00+00:00,2024-01-31 19:15:00+00:00,2024-01-31 19:45:00+00:00,13490,13491,13497,0.25555,0.24957443708237695,0.24957443708237695,0.2675011258352461,stop,-2.338314583299961,-2.418314583299961,7
1000RATS,long,2024-01-31 20:35:00+00:00,2024-01-31 20:40:00+00:00,2024-01-31 22:35:00+00:00,13507,13508,13531,0.25562,0.2645898328549216,0.2511050835725392,0.2645898328549216,take_profit,3.509049704609035,3.429049704609035,24
1000RATS,long,2024-02-01 16:00:00+00:00,2024-02-01 16:05:00+00:00,2024-02-01 16:55:00+00:00,13740,13741,13751,0.32583,0.3144063569558597,0.3144063569558597,0.3486772860882806,stop,-3.50601327199469,-3.58601327199469,11
1000RATS,short,2024-02-02 15:30:00+00:00,2024-02-02 15:35:00+00:00,2024-02-02 21:00:00+00:00,14022,14023,14088,0.24265,0.23400957754944837,0.24697021122527582,0.23400957754944837,take_profit,3.6923371004871974,3.6123371004871974,66
1000RATS,short,2024-02-03 16:45:00+00:00,2024-02-03 16:50:00+00:00,2024-02-03 17:40:00+00:00,14325,14326,14336,0.21651,0.2199790828255169,0.2199790828255169,0.2097218343489662,stop,-1.5770057684386773,-1.6570057684386772,11
1000RATS,long,2024-02-04 15:05:00+00:00,2024-02-04 15:10:00+00:00,2024-02-04 16:25:00+00:00,14593,14594,14609,0.22066,0.21676098313945094,0.21676098313945094,0.2283680337210981,stop,-1.7669794528002547,-1.8469794528002546,16
1000RATS,short,2024-02-04 16:30:00+00:00,2024-02-04 16:35:00+00:00,2024-02-04 19:50:00+00:00,14610,14611,14650,0.21619,0.2194933541410796,0.2194933541410796,0.20970329171784083,stop,-1.5049905059796753,-1.5849905059796752,40
1000RATS,long,2024-02-04 20:10:00+00:00,2024-02-04 20:15:00+00:00,2024-02-05 00:20:00+00:00,14654,14655,14704,0.22082,0.2189856779335335,0.2189856779335335,0.22445864413293304,stop,-0.830686562116878,-0.910686562116878,50
1000RATS,long,2024-02-05 15:50:00+00:00,2024-02-05 15:55:00+00:00,2024-02-05 19:00:00+00:00,14890,14891,14928,0.2235,0.22767988251206903,0.22139505874396548,0.22767988251206903,take_profit,1.870193517704255,1.7901935177042552,38
1000RATS,long,2024-02-06 16:50:00+00:00,2024-02-06 16:55:00+00:00,2024-02-06 19:45:00+00:00,15190,15191,15225,0.22313,0.22076890984150183,0.22076890984150183,0.22779218031699636,stop,-1.058167955227074,-1.138167955227074,35
1000RATS,long,2024-02-08 17:20:00+00:00,2024-02-08 17:25:00+00:00,2024-02-08 18:05:00+00:00,15772,15773,15781,0.24266,0.24003107513384372,0.24003107513384372,0.24797784973231257,stop,-1.0833779222600648,-1.1633779222600649,9
1000RATS,long,2024-02-09 18:00:00+00:00,2024-02-09 18:05:00+00:00,2024-02-09 18:45:00+00:00,16068,16069,16077,0.24742,0.2452461030620055,0.2452461030620055,0.251857793875989,stop,-0.8786261975565868,-0.9586261975565868,9
1000RATS,long,2024-02-09 19:55:00+00:00,2024-02-09 20:00:00+00:00,2024-02-09 21:25:00+00:00,16091,16092,16109,0.24737,0.2454639998835609,0.2454639998835609,0.2512420002328782,stop,-0.7705057672470761,-0.8505057672470762,18
1000RATS,long,2024-02-10 15:05:00+00:00,2024-02-10 15:10:00+00:00,2024-02-10 16:25:00+00:00,16321,16322,16337,0.24871,0.24669169441077407,0.24669169441077407,0.2528366111784518,stop,-0.8115096253572096,-0.8915096253572097,16
1000RATS,long,2024-02-11 15:55:00+00:00,2024-02-11 16:00:00+00:00,2024-02-11 18:40:00+00:00,16619,16620,16652,0.24465,0.24241616188427226,0.24241616188427226,0.2492076762314555,stop,-0.9130750524127373,-0.9930750524127374,33
1000RATS,short,2024-02-12 15:30:00+00:00,2024-02-12 15:35:00+00:00,2024-02-12 16:20:00+00:00,16902,16903,16912,0.23331,0.2347036076048669,0.2347036076048669,0.2307027847902662,stop,-0.5937734059942912,-0.6737734059942913,10
1000RATS,short,2024-02-12 18:45:00+00:00,2024-02-12 18:50:00+00:00,2024-02-12 20:10:00+00:00,16941,16942,16958,0.23303,0.22926756290948466,0.23501621854525767,0.22926756290948466,take_profit,1.6410682098979557,1.5610682098979556,17
1000RATS,long,2024-02-13 15:05:00+00:00,2024-02-13 15:10:00+00:00,2024-02-13 16:10:00+00:00,17185,17186,17198,0.2667,0.2626981493724905,0.2626981493724905,0.274853701255019,stop,-1.5005064220133146,-1.5805064220133145,13
1000RATS,long,2024-02-13 16:15:00+00:00,2024-02-13 16:20:00+00:00,2024-02-13 16:50:00+00:00,17199,17200,17206,0.26487,0.2608368873359648,0.2608368873359648,0.27296622532807047,stop,-1.5226762804527616,-1.6026762804527614,7
1000RATS,long,2024-02-13 17:55:00+00:00,2024-02-13 18:00:00+00:00,2024-02-13 18:05:00+00:00,17219,17220,17221,0.26491,0.2624044097195476,0.2624044097195476,0.27019118056090485,stop,-0.9458269904693561,-1.0258269904693562,2
1000RATS,long,2024-02-14 16:25:00+00:00,2024-02-14 16:30:00+00:00,2024-02-14 17:55:00+00:00,17489,17490,17507,0.25448,0.2575321355672021,0.25289393221639894,0.2575321355672021,take_profit,1.1993616658291906,1.1193616658291905,18
1000RATS,long,2024-02-15 17:20:00+00:00,2024-02-15 17:25:00+00:00,2024-02-15 22:35:00+00:00,17788,17789,17851,0.2597,0.2559591367670017,0.2559591367670017,0.26712172646599663,stop,-1.4404556153247094,-1.5204556153247095,63
1000RATS,long,2024-02-16 15:20:00+00:00,2024-02-16 15:25:00+00:00,2024-02-16 15:55:00+00:00,18052,18053,18059,0.2629,0.2611536962585234,0.2611536962585234,0.2663326074829532,stop,-0.6642463832166601,-0.7442463832166601,7
1000RATS,long,2024-02-16 20:35:00+00:00,2024-02-16 20:40:00+00:00,2024-02-16 20:45:00+00:00,18115,18116,18117,0.26578,0.2789574703628007,0.25919126481859966,0.2789574703628007,take_profit,4.958036858605119,4.878036858605119,2
1000RATS,long,2024-02-17 15:50:00+00:00,2024-02-17 15:55:00+00:00,2024-02-17 17:20:00+00:00,18346,18347,18364,0.27397,0.26896969518059005,0.26896969518059005,0.2840006096388199,stop,-1.8251285978063025,-1.9051285978063024,18
1000RATS,long,2024-02-17 18:25:00+00:00,2024-02-17 18:30:00+00:00,2024-02-17 22:25:00+00:00,18377,18378,18425,0.27682,0.2644087038065914,0.2644087038065914,0.30095259238681715,stop,-4.48352582667747,-4.563525826677471,48
1000RATS,long,2024-02-19 15:05:00+00:00,2024-02-19 15:10:00+00:00,2024-02-19 16:40:00+00:00,18913,18914,18932,0.27754,0.28525762566277746,0.27372618716861125,0.28525762566277746,take_profit,2.7807255396618213,2.7007255396618213,19
1000RATS,short,2024-02-20 17:15:00+00:00,2024-02-20 17:20:00+00:00,2024-02-20 18:45:00+00:00,19227,19228,19245,0.26193,0.25596470836341745,0.26491264581829127,0.25596470836341745,take_profit,2.3305133253421317,2.2505133253421317,18
1000RATS,long,2024-02-20 20:25:00+00:00,2024-02-20 20:30:00+00:00,2024-02-20 21:35:00+00:00,19265,19266,19279,0.26711,0.26517986368653773,0.26517986368653773,0.2709702726269246,stop,-0.7225997953885233,-0.8025997953885233,14
1000RATS,short,2024-02-21 15:45:00+00:00,2024-02-21 15:50:00+00:00,2024-02-21 18:55:00+00:00,19497,19498,19535,0.2405,0.23402851315044018,0.24363074342477992,0.23402851315044018,take_profit,2.7652557213828644,2.6852557213828643,38
1000RATS,long,2024-02-22 18:50:00+00:00,2024-02-22 18:55:00+00:00,2024-02-22 19:10:00+00:00,19822,19823,19826,0.25778,0.2516523256895132,0.2516523256895132,0.2701553486209736,stop,-2.377094542046254,-2.457094542046254,4
1000RATS,short,2024-02-23 16:45:00+00:00,2024-02-23 16:50:00+00:00,2024-02-23 17:10:00+00:00,20085,20086,20090,0.24025,0.24299911085803497,0.24299911085803497,0.2347217782839301,stop,-1.1313254802981842,-1.2113254802981843,5
1000RATS,short,2024-02-23 17:30:00+00:00,2024-02-23 17:35:00+00:00,2024-02-23 19:30:00+00:00,20094,20095,20118,0.24034,0.24324362011314002,0.24324362011314002,0.23462275977371996,stop,-1.1937086414802844,-1.2737086414802845,24
1000RATS,long,2024-02-24 15:20:00+00:00,2024-02-24 15:25:00+00:00,2024-02-24 15:25:00+00:00,20356,20357,20357,0.2382,0.23697464982811337,0.23697464982811337,0.2406207003437733,stop,-0.5144207270724732,-0.5944207270724733,1
1000RATS,long,2024-02-24 15:55:00+00:00,2024-02-24 16:00:00+00:00,2024-02-24 17:40:00+00:00,20363,20364,20384,0.2383,0.2367171824098402,0.2367171824098402,0.24146563518031966,stop,-0.664212165404876,-0.7442121654048761,21
1000RATS,long,2024-02-24 18:05:00+00:00,2024-02-24 18:10:00+00:00,2024-02-25 01:05:00+00:00,20389,20390,20473,0.23908,0.24507512652632607,0.23614243673683696,0.24507512652632607,take_profit,2.507581782803281,2.427581782803281,84
1000RATS,short,2024-02-25 15:30:00+00:00,2024-02-25 15:35:00+00:00,2024-02-25 17:55:00+00:00,20646,20647,20675,0.24666,0.2423468739662189,0.24890656301689054,0.2423468739662189,take_profit,1.779732481460572,1.699732481460572,29
1000RATS,short,2024-02-25 20:30:00+00:00,2024-02-25 20:35:00+00:00,2024-02-25 21:35:00+00:00,20706,20707,20719,0.24681,0.24491415339650746,0.24772792330174628,0.24491415339650746,take_profit,0.774086175584654,0.6940861755846539,13
1000RATS,short,2024-02-26 16:05:00+00:00,2024-02-26 16:10:00+00:00,2024-02-26 16:35:00+00:00,20941,20942,20947,0.25455,0.24930205479511341,0.25721897260244325,0.24930205479511341,take_profit,2.1050549339433067,2.0250549339433066,6
1000RATS,long,2024-02-27 15:05:00+00:00,2024-02-27 15:10:00+00:00,2024-02-27 16:05:00+00:00,21217,21218,21229,0.28842,0.28402779146386614,0.28402779146386614,0.2974144170722678,stop,-1.5228515831543832,-1.602851583154383,12
1000RATS,short,2024-02-28 15:10:00+00:00,2024-02-28 15:15:00+00:00,2024-02-28 16:50:00+00:00,21506,21507,21526,0.28538,0.29081745193431785,0.29081745193431785,0.2744450961313643,stop,-1.8697130788237204,-1.9497130788237202,20
1000RATS,short,2024-02-28 17:25:00+00:00,2024-02-28 17:30:00+00:00,2024-02-28 17:50:00+00:00,21533,21534,21538,0.28289,0.2890353562051652,0.2890353562051652,0.2706592875896696,stop,-2.126160718138259,-2.206160718138259,5
1000RATS,short,2024-02-28 18:05:00+00:00,2024-02-28 18:10:00+00:00,2024-02-28 18:40:00+00:00,21541,21542,21548,0.28272,0.289501766708447,0.289501766708447,0.269276466583106,stop,-2.342564878119313,-2.422564878119313,7
1000RATS,long,2024-02-29 15:15:00+00:00,2024-02-29 15:20:00+00:00,2024-02-29 17:25:00+00:00,21795,21796,21821,0.3166,0.30339384341254677,0.30339384341254677,0.34277231317490653,stop,-4.171243394647261,-4.251243394647262,26
1000RATS,long,2024-02-29 17:55:00+00:00,2024-02-29 18:00:00+00:00,2024-02-29 18:15:00+00:00,21827,21828,21831,0.3176,0.3079263741072529,0.3079263741072529,0.33697725178549426,stop,-3.0458519813435503,-3.1258519813435504,4
1000RATS,long,2024-03-01 15:15:00+00:00,2024-03-01 15:20:00+00:00,2024-03-01 15:30:00+00:00,22083,22084,22086,0.29347,0.29058383913113844,0.29058383913113844,0.29915232173772305,stop,-0.9834602749383414,-1.0634602749383415,3
1000RATS,long,2024-03-01 15:45:00+00:00,2024-03-01 15:50:00+00:00,2024-03-01 16:25:00+00:00,22089,22090,22097,0.29403,0.28920571935943085,0.28920571935943085,0.3039785612811383,stop,-1.640744359612678,-1.720744359612678,8
1000RATS,short,2024-03-01 17:05:00+00:00,2024-03-01 17:10:00+00:00,2024-03-01 17:35:00+00:00,22105,22106,22111,0.29013,0.2935249938754846,0.2935249938754846,0.2833400122490308,stop,-1.1566285482744187,-1.2366285482744188,6
1000RATS,long,2024-03-02 15:05:00+00:00,2024-03-02 15:10:00+00:00,2024-03-02 17:50:00+00:00,22369,22370,22402,0.3428,0.36351571759961854,0.3325171412001907,0.36351571759961854,take_profit,6.043091481802376,5.963091481802376,33
1000RATS,short,2024-03-03 15:55:00+00:00,2024-03-03 16:00:00+00:00,2024-03-03 16:20:00+00:00,22667,22668,22672,0.33039,0.316762211826482,0.337158894086759,0.316762211826482,take_profit,4.302213984091985,4.222213984091985,5
1000RATS,long,2024-03-04 15:15:00+00:00,2024-03-04 15:20:00+00:00,2024-03-04 19:05:00+00:00,22947,22948,22993,0.43149,0.4144247650648173,0.4144247650648173,0.46619046987036544,stop,-3.9549549086149605,-4.034954908614961,46
1000RATS,short,2024-03-05 15:05:00+00:00,2024-03-05 15:10:00+00:00,2024-03-05 15:25:00+00:00,23233,23234,23237,0.5093,0.5306292492786031,0.5306292492786031,0.4666415014427937,stop,-4.019614317831232,-4.099614317831233,4
1000RATS,short,2024-03-05 16:50:00+00:00,2024-03-05 16:55:00+00:00,2024-03-05 19:45:00+00:00,23254,23255,23289,0.51065,0.5374735993122463,0.5374735993122463,0.45736280137550733,stop,-4.990682211474162,-5.070682211474162,35
1000RATS,short,2024-03-05 20:55:00+00:00,2024-03-05 21:00:00+00:00,2024-03-05 23:05:00+00:00,23303,23304,23329,0.51081,0.4773354330135797,0.5275022834932102,0.4773354330135797,take_profit,7.012797431584761,6.932797431584762,26
1000RATS,long,2024-03-06 17:10:00+00:00,2024-03-06 17:15:00+00:00,2024-03-06 18:50:00+00:00,23546,23547,23566,0.44457,0.4314453567512748,0.4314453567512748,0.4711192864974504,stop,-2.952210731431537,-3.032210731431537,20
1000RATS,short,2024-03-06 20:50:00+00:00,2024-03-06 20:55:00+00:00,2024-03-07 12:35:00+00:00,23590,23591,23779,0.41791,0.3906668249306774,0.4314565875346613,0.3906668249306774,take_profit,6.973506151733466,6.893506151733467,189
1000RATS,long,2024-03-08 15:55:00+00:00,2024-03-08 16:00:00+00:00,2024-03-08 16:45:00+00:00,24107,24108,24117,0.43072,0.4228620847328087,0.4228620847328087,0.4465858305343826,stop,-1.8243674004437493,-1.9043674004437492,10
1000RATS,long,2024-03-08 19:45:00+00:00,2024-03-08 19:50:00+00:00,2024-03-08 20:15:00+00:00,24153,24154,24159,0.44241,0.47541459710794487,0.4257427014460276,0.47541459710794487,take_profit,7.460183338519655,7.380183338519656,6
1000RATS,short,2024-03-09 15:30:00+00:00,2024-03-09 15:35:00+00:00,2024-03-09 17:15:00+00:00,24390,24391,24411,0.42595,0.43262668853613356,0.43262668853613356,0.4127166229277328,stop,-1.5432909510796233,-1.6232909510796232,21
1000RATS,short,2024-03-09 17:30:00+00:00,2024-03-09 17:35:00+00:00,2024-03-09 19:00:00+00:00,24414,24415,24432,0.42697,0.4107287270331007,0.4351056364834497,0.4107287270331007,take_profit,3.954257858761956,3.874257858761956,18
1000RATS,short,2024-03-10 16:05:00+00:00,2024-03-10 16:10:00+00:00,2024-03-10 17:05:00+00:00,24685,24686,24697,0.42118,0.4257686324955565,0.4257686324955565,0.4121227350088869,stop,-1.0777291104469566,-1.1577291104469567,12
1000RATS,short,2024-03-10 18:15:00+00:00,2024-03-10 18:20:00+00:00,2024-03-10 18:30:00+00:00,24711,24712,24714,0.41971,0.40995754794779365,0.4245712260261032,0.40995754794779365,take_profit,2.378893156383177,2.298893156383177,3
1000RATS,long,2024-03-11 16:20:00+00:00,2024-03-11 16:25:00+00:00,2024-03-11 20:55:00+00:00,24976,24977,25031,0.41017,0.40064286875130467,0.40064286875130467,0.42961426249739065,stop,-2.3227274663420783,-2.4027274663420783,55
1000RATS,short,2024-03-12 15:00:00+00:00,2024-03-12 15:05:00+00:00,2024-03-12 15:30:00+00:00,25248,25249,25254,0.40697,0.3928992971570559,0.414050351421472,0.3928992971570559,take_profit,3.58124917625382,3.50124917625382,6
1000RATS,short,2024-03-13 14:15:00+00:00,2024-03-13 14:20:00+00:00,2024-03-13 16:10:00+00:00,25527,25528,25550,0.40217,0.4057517973316202,0.4057517973316202,0.3949464053367596,stop,-0.8827557524514917,-0.9627557524514918,23
1000RATS,short,2024-03-13 18:20:00+00:00,2024-03-13 18:25:00+00:00,2024-03-13 22:35:00+00:00,25576,25577,25627,0.40079,0.3904412809125652,0.4059793595437174,0.3904412809125652,take_profit,2.6505186806187853,2.570518680618785,51
1000RATS,long,2024-03-14 14:45:00+00:00,2024-03-14 14:50:00+00:00,2024-03-14 16:20:00+00:00,25821,25822,25840,0.40029,0.3939112380686451,0.3939112380686451,0.4127475238627098,stop,-1.5935351698405875,-1.6735351698405874,19
1000RATS,long,2024-03-14 17:50:00+00:00,2024-03-14 17:55:00+00:00,2024-03-14 18:00:00+00:00,25858,25859,25860,0.40067,0.41256273485070033,0.3947386325746498,0.41256273485070033,take_profit,2.9682119576460275,2.8882119576460275,2
1000RATS,short,2024-03-15 14:40:00+00:00,2024-03-15 14:45:00+00:00,2024-03-15 15:25:00+00:00,26108,26109,26117,0.33253,0.3389769799404211,0.3389769799404211,0.31834604011915785,stop,-1.9018931437628117,-1.9818931437628116,9
1000RATS,short,2024-03-15 17:20:00+00:00,2024-03-15 17:25:00+00:00,2024-03-15 17:45:00+00:00,26140,26141,26145,0.33086,0.32044026513672785,0.3361148674316361,0.32044026513672785,take_profit,3.251693372187847,3.171693372187847,5
1000RATS,short,2024-03-16 14:10:00+00:00,2024-03-16 14:15:00+00:00,2024-03-16 14:55:00+00:00,26390,26391,26399,0.30459,0.3104181405850819,0.3104181405850819,0.2929337188298363,stop,-1.8775128844264244,-1.9575128844264242,9
1000RATS,long,2024-03-16 16:30:00+00:00,2024-03-16 16:35:00+00:00,2024-03-16 18:40:00+00:00,26418,26419,26444,0.31423,0.30922114890584373,0.30922114890584373,0.3248777021883125,stop,-1.5940079222723114,-1.6740079222723112,26
1000RATS,short,2024-03-16 18:50:00+00:00,2024-03-16 18:55:00+00:00,2024-03-16 19:30:00+00:00,26446,26447,26454,0.30672,0.3001770715421497,0.3099464642289252,0.3001770715421497,take_profit,2.1796896159444357,2.0996896159444356,8
1000RATS,long,2024-03-17 14:05:00+00:00,2024-03-17 14:10:00+00:00,2024-03-17 14:30:00+00:00,26677,26678,26682,0.27614,0.2726759880485847,0.2726759880485847,0.2831280239028306,stop,-1.254440483600805,-1.334440483600805,5
1000RATS,short,2024-03-17 19:10:00+00:00,2024-03-17 19:15:00+00:00,2024-03-17 20:05:00+00:00,26738,26739,26749,0.27102,0.275268255979755,0.275268255979755,0.2625234880404899,stop,-1.5433148891921156,-1.6233148891921154,11
1000RATS,long,2024-03-18 14:25:00+00:00,2024-03-18 14:30:00+00:00,2024-03-18 17:00:00+00:00,26969,26970,27000,0.29716,0.290534974679495,0.290534974679495,0.31083005064101,stop,-2.229447207061841,-2.309447207061841,31
1000RATS,short,2024-03-18 18:10:00+00:00,2024-03-18 18:15:00+00:00,2024-03-18 19:10:00+00:00,27014,27015,27026,0.28613,0.2768381773188243,0.29073091134058787,0.2768381773188243,take_profit,3.356409427040341,3.276409427040341,12
1000RATS,short,2024-03-19 14:10:00+00:00,2024-03-19 14:15:00+00:00,2024-03-19 16:05:00+00:00,27254,27255,27277,0.23348,0.22473423351460103,0.23789788324269948,0.22473423351460103,take_profit,3.891604028734119,3.811604028734119,23
1000RATS,short,2024-03-20 14:05:00+00:00,2024-03-20 14:10:00+00:00,2024-03-20 15:15:00+00:00,27541,27542,27555,0.22621,0.23234534826257305,0.23234534826257305,0.21393930347485388,stop,-2.6406159230007553,-2.7206159230007554,14
1000RATS,short,2024-03-21 14:05:00+00:00,2024-03-21 14:10:00+00:00,2024-03-21 15:05:00+00:00,27829,27830,27841,0.25694,0.26094817317210783,0.26094817317210783,0.2488936536557843,stop,-1.53600353793788,-1.6160035379378799,12
1000RATS,long,2024-03-21 17:05:00+00:00,2024-03-21 17:10:00+00:00,2024-03-21 18:40:00+00:00,27865,27866,27884,0.26284,0.2593150154062331,0.2593150154062331,0.2700699691875339,stop,-1.3411142115990482,-1.4211142115990483,19
1000RATS,long,2024-03-21 19:05:00+00:00,2024-03-21 19:10:00+00:00,2024-03-21 23:00:00+00:00,27889,27890,27936,0.2644,0.2600510436221699,0.2600510436221699,0.27297791275566013,stop,-1.6448397798147218,-1.7248397798147217,47
1000RATS,long,2024-03-22 14:25:00+00:00,2024-03-22 14:30:00+00:00,2024-03-22 17:35:00+00:00,28121,28122,28159,0.26925,0.2662357255361861,0.2662357255361861,0.2753385489276279,stop,-1.1195076931527992,-1.1995076931527993,38
1000RATS,short,2024-03-22 18:35:00+00:00,2024-03-22 18:40:00+00:00,2024-03-22 19:30:00+00:00,28171,28172,28182,0.26289,0.25721164825099113,0.2656991758745044,0.25721164825099113,take_profit,2.2076573077545403,2.12765730775454,11
1000RATS,short,2024-03-23 14:05:00+00:00,2024-03-23 14:10:00+00:00,2024-03-23 15:20:00+00:00,28405,28406,28420,0.2528,0.2553016456653719,0.2553016456653719,0.24797670866925614,stop,-0.9798783939884204,-1.0598783939884204,15
1000RATS,long,2024-03-23 15:25:00+00:00,2024-03-23 15:30:00+00:00,2024-03-23 17:40:00+00:00,28421,28422,28448,0.25623,0.25411750974396885,0.25411750974396885,0.26054498051206226,stop,-0.8244507887566477,-0.9044507887566477,27
1000RATS,long,2024-03-23 17:45:00+00:00,2024-03-23 17:50:00+00:00,2024-03-23 18:45:00+00:00,28449,28450,28461,0.25592,0.2535508811388345,0.2535508811388345,0.260388237722331,stop,-0.9257263446254549,-1.005726344625455,12
1000RATS,short,2024-03-25 14:20:00+00:00,2024-03-25 14:25:00+00:00,2024-03-25 16:45:00+00:00,28984,28985,29013,0.2693,0.26430293642738995,0.271738531786305,0.26430293642738995,take_profit,1.8906576068188574,1.8106576068188576,29
1000RATS,long,2024-03-26 14:25:00+00:00,2024-03-26 14:30:00+00:00,2024-03-26 14:45:00+00:00,29273,29274,29277,0.28614,0.2842414783766967,0.2842414783766967,0.2899670432466066,stop,-0.6634939621525393,-0.7434939621525394,4
1000RATS,long,2024-03-26 16:20:00+00:00,2024-03-26 16:25:00+00:00,2024-03-26 16:45:00+00:00,29296,29297,29301,0.28708,0.2841070386320254,0.2841070386320254,0.2929659227359491,stop,-1.0355863759142325,-1.1155863759142326,5
1000RATS,short,2024-03-26 16:50:00+00:00,2024-03-26 16:55:00+00:00,2024-03-26 18:45:00+00:00,29302,29303,29325,0.28086,0.28523224348188153,0.28523224348188153,0.272175513036237,stop,-1.5328713992880938,-1.6128713992880936,23
1000RATS,short,2024-03-27 16:10:00+00:00,2024-03-27 16:15:00+00:00,2024-03-27 16:45:00+00:00,29582,29583,29589,0.2649,0.26102226185415317,0.26682386907292344,0.26102226185415317,take_profit,1.4855967143574622,1.4055967143574621,7
1000RATS,short,2024-03-28 14:30:00+00:00,2024-03-28 14:35:00+00:00,2024-03-28 15:15:00+00:00,29850,29851,29859,0.24751,0.2505130791922051,0.2505130791922051,0.2415038416155898,stop,-1.1987714181984854,-1.2787714181984855,9
1000RATS,long,2024-03-28 18:40:00+00:00,2024-03-28 18:45:00+00:00,2024-03-28 19:20:00+00:00,29900,29901,29908,0.2501,0.24779234334403102,0.24779234334403102,0.2546853133119379,stop,-0.9226935849536044,-1.0026935849536045,8
1000RATS,short,2024-03-28 19:35:00+00:00,2024-03-28 19:40:00+00:00,2024-03-28 19:45:00+00:00,29911,29912,29913,0.24792,0.24935055614490576,0.24935055614490576,0.24532888771018851,stop,-0.5737128350635889,-0.653712835063589,2
1000RATS,short,2024-03-29 14:35:00+00:00,2024-03-29 14:40:00+00:00,2024-03-29 16:40:00+00:00,30139,30140,30164,0.26563,0.2578403377333161,0.26955483113334194,0.2578403377333161,take_profit,3.021118547688495,2.941118547688495,25
1000RATS,short,2024-03-30 15:35:00+00:00,2024-03-30 15:40:00+00:00,2024-03-30 20:00:00+00:00,30439,30440,30492,0.25398,0.2563395951419367,0.2563395951419367,0.24929080971612655,stop,-0.9204957746110964,-1.0004957746110965,53
1000RATS,long,2024-03-31 14:30:00+00:00,2024-03-31 14:35:00+00:00,2024-03-31 15:45:00+00:00,30714,30715,30729,0.31916,0.31206370019530144,0.31206370019530144,0.3330825996093972,stop,-2.2234301932255174,-2.3034301932255175,15
1000RATS,short,2024-04-01 14:15:00+00:00,2024-04-01 14:20:00+00:00,2024-04-01 14:45:00+00:00,30999,31000,31005,0.29719,0.28929436160716154,0.3011078191964192,0.28929436160716154,take_profit,2.729274898056988,2.649274898056988,6
1000RATS,short,2024-04-02 14:10:00+00:00,2024-04-02 14:15:00+00:00,2024-04-02 14:55:00+00:00,31286,31287,31295,0.25714,0.2603574605032481,0.2603574605032481,0.25064507899350386,stop,-1.235785791207611,-1.315785791207611,9
1000RATS,short,2024-04-02 17:10:00+00:00,2024-04-02 17:15:00+00:00,2024-04-02 18:00:00+00:00,31322,31323,31332,0.25666,0.24904534812674617,0.2605123259366269,0.24904534812674617,take_profit,3.0575362802514716,2.9775362802514715,10
1000RATS,long,2024-04-03 17:50:00+00:00,2024-04-03 17:55:00+00:00,2024-04-03 18:20:00+00:00,31618,31619,31624,0.25332,0.2504403709295281,0.2504403709295281,0.2590192581409439,stop,-1.1367555149502162,-1.2167555149502163,6
1000RATS,short,2024-04-05 14:05:00+00:00,2024-04-05 14:10:00+00:00,2024-04-05 21:00:00+00:00,32149,32150,32232,0.23388,0.22448310349947176,0.23862344825026413,0.22448310349947176,take_profit,4.186015051484859,4.106015051484859,83
1000RATS,long,2024-04-06 14:05:00+00:00,2024-04-06 14:10:00+00:00,2024-04-06 14:30:00+00:00,32437,32438,32442,0.25053,0.25613577557820283,0.24783211221089857,0.25613577557820283,take_profit,2.2375665901101183,2.157566590110118,5
1000RATS,short,2024-04-08 15:35:00+00:00,2024-04-08 15:40:00+00:00,2024-04-08 16:05:00+00:00,33031,33032,33037,0.27216,0.27533926820308546,0.27533926820308546,0.2661014635938291,stop,-1.1546730053558774,-1.2346730053558774,6
1000RATS,short,2024-04-09 15:35:00+00:00,2024-04-09 15:40:00+00:00,2024-04-09 17:05:00+00:00,33319,33320,33337,0.27119,0.2621160074917634,0.2757269962541183,0.2621160074917634,take_profit,3.4618231046120718,3.3818231046120717,18
1000RATS,long,2024-04-10 16:15:00+00:00,2024-04-10 16:20:00+00:00,2024-04-10 16:45:00+00:00,33615,33616,33621,0.24563,0.24336160467829132,0.24336160467829132,0.25010679064341734,stop,-0.9235009248498405,-1.0035009248498405,6
1000RATS,long,2024-04-10 18:20:00+00:00,2024-04-10 18:25:00+00:00,2024-04-10 18:30:00+00:00,33640,33641,33642,0.24562,0.24352808261600736,0.24352808261600736,0.24986383476798527,stop,-0.8516885367611082,-0.9316885367611083,2
1000RATS,short,2024-04-10 19:15:00+00:00,2024-04-10 19:20:00+00:00,2024-04-10 19:50:00+00:00,33651,33652,33658,0.24105,0.24358868557088575,0.24358868557088575,0.23582262885822847,stop,-1.0422017611105283,-1.1222017611105284,7
1000RATS,short,2024-04-12 15:15:00+00:00,2024-04-12 15:20:00+00:00,2024-04-12 17:00:00+00:00,34179,34180,34200,0.25117,0.24573762401242016,0.25391618799378995,0.24573762401242016,take_profit,2.2106407227674874,2.1306407227674873,21
1000RATS,short,2024-04-13 14:35:00+00:00,2024-04-13 14:40:00+00:00,2024-04-13 15:00:00+00:00,34459,34460,34464,0.17683,0.1790169573423042,0.1790169573423042,0.1725460853153916,stop,-1.221648147064891,-1.301648147064891,5
1000RATS,short,2024-04-13 16:10:00+00:00,2024-04-13 16:15:00+00:00,2024-04-13 19:45:00+00:00,34478,34479,34521,0.17601,0.18125713075768454,0.18125713075768454,0.16572573848463087,stop,-2.894854804194835,-2.9748548041948353,43
1000RATS,long,2024-04-15 14:15:00+00:00,2024-04-15 14:20:00+00:00,2024-04-15 14:35:00+00:00,35031,35032,35035,0.13855,0.14359964613867973,0.13604017693066012,0.14359964613867973,take_profit,3.6446381369034553,3.564638136903455,4
1000RATS,short,2024-04-17 15:15:00+00:00,2024-04-17 15:20:00+00:00,2024-04-17 18:55:00+00:00,35619,35620,35663,0.12785,0.12467878533146814,0.12942060733426594,0.12467878533146814,take_profit,2.543507831024283,2.463507831024283,44
1000RATS,short,2024-04-18 14:40:00+00:00,2024-04-18 14:45:00+00:00,2024-04-18 15:30:00+00:00,35900,35901,35910,0.12351,0.12057476030378288,0.12490261984810856,0.12057476030378288,take_profit,2.4343732376675753,2.3543732376675752,10
1000RATS,short,2024-04-18 18:25:00+00:00,2024-04-18 18:30:00+00:00,2024-04-18 19:20:00+00:00,35945,35946,35956,0.1231,0.12533250832343715,0.12533250832343715,0.1187549833531257,stop,-1.7812683662851936,-1.8612683662851934,11
1000RATS,long,2024-04-18 19:35:00+00:00,2024-04-18 19:40:00+00:00,2024-04-18 20:00:00+00:00,35959,35960,35964,0.12608,0.12960798976570856,0.1243010051171457,0.12960798976570856,take_profit,2.7982152329541155,2.7182152329541154,5
1000RATS,short,2024-04-19 14:05:00+00:00,2024-04-19 14:10:00+00:00,2024-04-19 15:35:00+00:00,36181,36182,36199,0.12578,0.12803198847070377,0.12803198847070377,0.12118602305859247,stop,-1.7589264195635446,-1.8389264195635444,18
1000RATS,short,2024-04-20 15:05:00+00:00,2024-04-20 15:10:00+00:00,2024-04-20 15:35:00+00:00,36481,36482,36487,0.13263,0.13418260458824388,0.13418260458824388,0.12952479082351223,stop,-1.1570833589109708,-1.2370833589109709,6
1000RATS,long,2024-04-20 16:45:00+00:00,2024-04-20 16:50:00+00:00,2024-04-20 18:45:00+00:00,36501,36502,36525,0.13613,0.13390374129688765,0.13390374129688765,0.14076251740622472,stop,-1.6353916867056117,-1.7153916867056116,24
1000RATS,long,2024-04-21 15:20:00+00:00,2024-04-21 15:25:00+00:00,2024-04-21 15:30:00+00:00,36772,36773,36774,0.17649,0.17207597806555117,0.17207597806555117,0.18534804386889764,stop,-2.5010039857492394,-2.5810039857492395,2
1000RATS,long,2024-04-22 14:15:00+00:00,2024-04-22 14:20:00+00:00,2024-04-22 16:40:00+00:00,37047,37048,37076,0.1731,0.1701533523876415,0.1701533523876415,0.178993295224717,stop,-1.7022805386242013,-1.782280538624201,29
1000RATS,long,2024-04-22 17:15:00+00:00,2024-04-22 17:20:00+00:00,2024-04-22 19:10:00+00:00,37083,37084,37106,0.17225,0.17719808609047702,0.16977595695476147,0.17719808609047702,take_profit,2.8726189204510977,2.7926189204510976,23
1000RATS,short,2024-04-23 15:50:00+00:00,2024-04-23 15:55:00+00:00,2024-04-23 23:15:00+00:00,37354,37355,37443,0.16333,0.1661143349628185,0.1661143349628185,0.15776133007436302,stop,-1.6761557414305739,-1.7561557414305737,89
1000RATS,short,2024-04-24 14:15:00+00:00,2024-04-24 14:20:00+00:00,2024-04-24 23:30:00+00:00,37623,37624,37734,0.1681,0.16090619475304935,0.17174190262347533,0.16090619475304935,take_profit,4.470806893414725,4.390806893414725,111
1000RATS,short,2024-04-25 14:15:00+00:00,2024-04-25 14:20:00+00:00,2024-04-25 14:45:00+00:00,37911,37912,37917,0.15292,0.15517883100294774,0.15517883100294774,0.1483723379941045,stop,-1.4556308926601202,-1.5356308926601203,6
1000RATS,short,2024-04-25 19:20:00+00:00,2024-04-25 19:25:00+00:00,2024-04-25 21:05:00+00:00,37972,37973,37993,0.15303,0.15518562607862543,0.15518562607862543,0.14880874784274914,stop,-1.3890629777356334,-1.4690629777356334,21
1000RATS,long,2024-04-26 14:55:00+00:00,2024-04-26 15:00:00+00:00,2024-04-26 15:15:00+00:00,38207,38208,38211,0.15427,0.15236656578294935,0.15236656578294935,0.1579568684341013,stop,-1.2338330310822876,-1.3138330310822877,4
1000RATS,short,2024-04-26 15:35:00+00:00,2024-04-26 15:40:00+00:00,2024-04-26 22:20:00+00:00,38215,38216,38296,0.1503,0.14527750952697022,0.15281124523651488,0.14527750952697022,take_profit,3.4571699978773074,3.3771699978773073,81
1000RATS,short,2024-04-27 14:05:00+00:00,2024-04-27 14:10:00+00:00,2024-04-27 19:45:00+00:00,38485,38486,38553,0.14176,0.13807408849487257,0.1436779557525637,0.13807408849487257,take_profit,2.669517173936886,2.589517173936886,68
1000RATS,long,2024-04-28 14:20:00+00:00,2024-04-28 14:25:00+00:00,2024-04-28 14:40:00+00:00,38776,38777,38780,0.14587,0.1444139253827435,0.1444139253827435,0.148962149234513,stop,-0.9982001900709525,-1.0782001900709526,4
1000RATS,long,2024-04-28 15:45:00+00:00,2024-04-28 15:50:00+00:00,2024-04-28 17:40:00+00:00,38793,38794,38816,0.14654,0.14390993027164778,0.14390993027164778,0.15183013945670448,stop,-1.7947793969920967,-1.8747793969920965,23
1000RATS,short,2024-04-29 14:20:00+00:00,2024-04-29 14:25:00+00:00,2024-04-29 15:30:00+00:00,39064,39065,39078,0.13529,0.13248985021344836,0.1366900748932758,0.13248985021344836,take_profit,2.1134824909534,2.0334824909534,14
1000RATS,short,2024-04-30 14:25:00+00:00,2024-04-30 14:30:00+00:00,2024-04-30 15:50:00+00:00,39353,39354,39370,0.13217,0.13334175804099652,0.13334175804099652,0.12985648391800694,stop,-0.878763005836658,-0.9587630058366581,17
1000RATS,short,2024-04-30 16:30:00+00:00,2024-04-30 16:35:00+00:00,2024-04-30 17:30:00+00:00,39378,39379,39390,0.13195,0.1291832509415815,0.13330337452920923,0.1291832509415815,take_profit,2.1417242856581087,2.0617242856581086,12
1000RATS,short,2024-05-01 14:05:00+00:00,2024-05-01 14:10:00+00:00,2024-05-01 15:20:00+00:00,39637,39638,39652,0.11322,0.11021170470821368,0.11466414764589317,0.11021170470821368,take_profit,2.7295606213068035,2.6495606213068035,15
1000RATS,short,2024-05-02 14:25:00+00:00,2024-05-02 14:30:00+00:00,2024-05-02 15:05:00+00:00,39929,39930,39937,0.11038,0.11160900433304344,0.11160900433304344,0.10789199133391311,stop,-1.1011695161942892,-1.1811695161942892,8
1000RATS,short,2024-05-03 15:00:00+00:00,2024-05-03 15:05:00+00:00,2024-05-03 15:40:00+00:00,40224,40225,40232,0.1178,0.11610510488803069,0.11866244755598465,0.11610510488803069,take_profit,1.4597937908103376,1.3797937908103375,8
1000RATS,short,2024-05-04 14:20:00+00:00,2024-05-04 14:25:00+00:00,2024-05-04 14:50:00+00:00,40504,40505,40510,0.1297,0.1320071830480306,0.1320071830480306,0.12505563390393878,stop,-1.7477708369787237,-1.8277708369787236,6
1000RATS,long,2024-05-04 15:15:00+00:00,2024-05-04 15:20:00+00:00,2024-05-04 15:30:00+00:00,40515,40516,40518,0.13282,0.1311217431495217,0.1311217431495217,0.13615651370095658,stop,-1.2786153067898542,-1.3586153067898543,3
1000RATS,short,2024-05-04 15:35:00+00:00,2024-05-04 15:40:00+00:00,2024-05-04 18:10:00+00:00,40519,40520,40550,0.1305,0.1323722783190991,0.1323722783190991,0.12669544336180186,stop,-1.414403637131434,-1.494403637131434,31
1000RATS,long,2024-05-05 16:10:00+00:00,2024-05-05 16:15:00+00:00,2024-05-05 17:45:00+00:00,40814,40815,40833,0.12978,0.13288862486787137,0.1281656875660643,0.13288862486787137,take_profit,2.395303488882239,2.315303488882239,19
1000RATS,short,2024-05-07 14:25:00+00:00,2024-05-07 14:30:00+00:00,2024-05-07 16:15:00+00:00,41369,41370,41391,0.12182,0.12303310928429835,0.12303310928429835,0.11933378143140332,stop,-0.9860022975564764,-1.0660022975564765,22
1000RATS,short,2024-05-08 15:10:00+00:00,2024-05-08 15:15:00+00:00,2024-05-08 23:20:00+00:00,41666,41667,41764,0.11427,0.11645805955672299,0.11645805955672299,0.10998388088655402,stop,-1.878839098857954,-1.9588390988579538,98
1000RATS,long,2024-05-09 14:20:00+00:00,2024-05-09 14:25:00+00:00,2024-05-09 16:15:00+00:00,41944,41945,41967,0.11735,0.11555900688502818,0.11555900688502818,0.12099198622994364,stop,-1.5261977971638863,-1.606197797163886,23
1000RATS,long,2024-05-11 14:05:00+00:00,2024-05-11 14:10:00+00:00,2024-05-11 19:30:00+00:00,42517,42518,42582,0.11181,0.1108558581486361,0.1108558581486361,0.11377828370272779,stop,-0.8533600316285694,-0.9333600316285695,65
1000RATS,short,2024-05-11 19:40:00+00:00,2024-05-11 19:45:00+00:00,2024-05-11 22:05:00+00:00,42584,42585,42613,0.11071,0.11151591558564558,0.11151591558564558,0.10903816882870883,stop,-0.72269108979931,-0.80269108979931,29
1000RATS,short,2024-05-12 15:10:00+00:00,2024-05-12 15:15:00+00:00,2024-05-12 17:35:00+00:00,42818,42819,42847,0.11824,0.12025294701373773,0.12025294701373773,0.11421410597252453,stop,-1.6739273870001514,-1.7539273870001513,29
1000RATS,long,2024-05-14 14:10:00+00:00,2024-05-14 14:15:00+00:00,2024-05-14 15:10:00+00:00,43382,43383,43394,0.12615,0.12360813894423853,0.12360813894423853,0.13135372211152294,stop,-2.014951292716194,-2.094951292716194,12
1000RATS,long,2024-05-14 17:05:00+00:00,2024-05-14 17:10:00+00:00,2024-05-14 19:00:00+00:00,43417,43418,43440,0.12738,0.12445386639661277,0.12445386639661277,0.13326226720677448,stop,-2.2971687889678294,-2.3771687889678295,23
1000RATS,long,2024-05-15 15:20:00+00:00,2024-05-15 15:25:00+00:00,2024-05-15 16:10:00+00:00,43684,43685,43694,0.12721,0.1246397782660876,0.1246397782660876,0.13241044346782482,stop,-2.0204557298265757,-2.100455729826576,10
1000RATS,long,2024-05-15 16:35:00+00:00,2024-05-15 16:40:00+00:00,2024-05-15 17:15:00+00:00,43699,43700,43707,0.12691,0.12464966346945365,0.12464966346945365,0.1315206730610927,stop,-1.7810547084913253,-1.8610547084913251,8
1000RATS,long,2024-05-15 19:00:00+00:00,2024-05-15 19:05:00+00:00,2024-05-15 19:50:00+00:00,43728,43729,43738,0.12732,0.13380565707016198,0.12413717146491901,0.13380565707016198,take_profit,5.093981362049949,5.0139813620499485,10
1000RATS,long,2024-05-16 14:05:00+00:00,2024-05-16 14:10:00+00:00,2024-05-16 17:45:00+00:00,43957,43958,44001,0.13548,0.1341399408797682,0.1341399408797682,0.13813011824046365,stop,-0.9891195159667854,-1.0691195159667854,44
1000RATS,short,2024-05-16 19:30:00+00:00,2024-05-16 19:35:00+00:00,2024-05-16 23:20:00+00:00,44022,44023,44068,0.13258,0.12699444629972767,0.13540277685013616,0.12699444629972767,take_profit,4.398266115582339,4.318266115582339,46
1000RATS,long,2024-05-17 14:05:00+00:00,2024-05-17 14:10:00+00:00,2024-05-17 14:45:00+00:00,44245,44246,44253,0.13035,0.12864229856198595,0.12864229856198595,0.1337654028760281,stop,-1.310089327206787,-1.3900893272067871,8
1000RATS,short,2024-05-17 15:15:00+00:00,2024-05-17 15:20:00+00:00,2024-05-17 15:45:00+00:00,44259,44260,44265,0.12799,0.12960494612778453,0.12960494612778453,0.12473010774443097,stop,-1.2460528521745395,-1.3260528521745396,6
1000RATS,long,2024-05-17 15:50:00+00:00,2024-05-17 15:55:00+00:00,2024-05-17 16:10:00+00:00,44266,44267,44270,0.13033,0.13277791580713177,0.12903104209643412,0.13277791580713177,take_profit,1.878244308395427,1.7982443083954271,4
1000RATS,long,2024-05-17 19:25:00+00:00,2024-05-17 19:30:00+00:00,2024-05-17 20:05:00+00:00,44309,44310,44317,0.13049,0.1295395036267488,0.1295395036267488,0.13227099274650245,stop,-0.7284055278191426,-0.8084055278191427,8
1000RATS,short,2024-05-18 15:15:00+00:00,2024-05-18 15:20:00+00:00,2024-05-18 16:20:00+00:00,44547,44548,44560,0.13403,0.135509031176477,0.135509031176477,0.131131937647046,stop,-1.0914631767611205,-1.1714631767611206,13
1000RATS,short,2024-05-18 16:45:00+00:00,2024-05-18 16:50:00+00:00,2024-05-18 17:50:00+00:00,44565,44566,44578,0.13444,0.13585985518159457,0.13585985518159457,0.13166028963681084,stop,-1.0450881017771918,-1.1250881017771919,13
1000RATS,short,2024-05-19 14:40:00+00:00,2024-05-19 14:45:00+00:00,2024-05-19 17:30:00+00:00,44828,44829,44862,0.13891,0.14090284646214593,0.14090284646214593,0.13486430707570818,stop,-1.4143408115472766,-1.4943408115472767,34
1000RATS,short,2024-05-19 17:40:00+00:00,2024-05-19 17:45:00+00:00,2024-05-19 18:25:00+00:00,44864,44865,44873,0.13911,0.13581116318111205,0.140804418409444,0.13581116318111205,take_profit,2.4289879724310737,2.3489879724310736,9
1000RATS,long,2024-05-20 19:45:00+00:00,2024-05-20 19:50:00+00:00,2024-05-20 20:30:00+00:00,45177,45178,45186,0.13922,0.13756306749729635,0.13756306749729635,0.14247386500540726,stop,-1.19015407463271,-1.27015407463271,9
1000RATS,long,2024-05-21 14:55:00+00:00,2024-05-21 15:00:00+00:00,2024-05-21 15:00:00+00:00,45407,45408,45408,0.14701,0.1449808786217342,0.1449808786217342,0.15100824275653163,stop,-1.3802607838009684,-1.4602607838009685,1
1000RATS,long,2024-05-21 15:10:00+00:00,2024-05-21 15:15:00+00:00,2024-05-21 16:10:00+00:00,45410,45411,45422,0.14702,0.1448618404999818,0.1448618404999818,0.15139631900003642,stop,-1.4679359951150994,-1.5479359951150995,12
1000RATS,long,2024-05-21 18:15:00+00:00,2024-05-21 18:20:00+00:00,2024-05-21 19:00:00+00:00,45447,45448,45456,0.14722,0.14513723774477436,0.14513723774477436,0.15147552451045126,stop,-1.4147277918935108,-1.494727791893511,9
1000RATS,long,2024-05-23 14:10:00+00:00,2024-05-23 14:15:00+00:00,2024-05-23 15:10:00+00:00,45974,45975,45986,0.14159,0.1392116280499751,0.1392116280499751,0.1462267439000498,stop,-1.6797598347516596,-1.7597598347516594,12
1000RATS,short,2024-05-23 15:35:00+00:00,2024-05-23 15:40:00+00:00,2024-05-23 16:35:00+00:00,45991,45992,46003,0.13893,0.14001946707343263,0.14001946707343263,0.1367210658531347,stop,-0.7780825739475694,-0.8580825739475695,12
1000RATS,long,2024-05-23 16:40:00+00:00,2024-05-23 16:45:00+00:00,2024-05-23 17:00:00+00:00,46004,46005,46008,0.14118,0.13980815953002126,0.13980815953002126,0.1438636809399575,stop,-0.9716960405005914,-1.0516960405005915,4
1000RATS,short,2024-05-24 14:15:00+00:00,2024-05-24 14:20:00+00:00,2024-05-24 14:35:00+00:00,46263,46264,46267,0.12919,0.12741452282617863,0.1300927385869107,0.12741452282617863,take_profit,1.3934653086944415,1.3134653086944414,4
1000RATS,long,2024-05-25 14:30:00+00:00,2024-05-25 14:35:00+00:00,2024-05-25 16:10:00+00:00,46554,46555,46574,0.1303,0.1325283207334411,0.12918583963327945,0.1325283207334411,take_profit,1.7101463802310812,1.6301463802310814,20
1000RATS,long,2024-05-26 17:10:00+00:00,2024-05-26 17:15:00+00:00,2024-05-26 17:25:00+00:00,46874,46875,46877,0.13645,0.13494280618069093,0.13494280618069093,0.13937438763861817,stop,-1.1045759027549007,-1.1845759027549008,3
1000RATS,short,2024-05-26 18:35:00+00:00,2024-05-26 18:40:00+00:00,2024-05-26 19:45:00+00:00,46891,46892,46905,0.13317,0.1342028847372265,0.1342028847372265,0.13119423052554705,stop,-0.7696442138698467,-0.8496442138698468,14
1000RATS,short,2024-05-27 14:25:00+00:00,2024-05-27 14:30:00+00:00,2024-05-27 16:55:00+00:00,47129,47130,47159,0.1408,0.14280851509236447,0.14280851509236447,0.13675296981527105,stop,-1.4064393086542615,-1.4864393086542615,30
1000RATS,long,2024-05-27 17:00:00+00:00,2024-05-27 17:05:00+00:00,2024-05-27 20:35:00+00:00,47160,47161,47203,0.14326,0.14150256630198577,0.14150256630198577,0.14674486739602843,stop,-1.22674417005042,-1.30674417005042,43
1000RATS,long,2024-05-29 14:15:00+00:00,2024-05-29 14:20:00+00:00,2024-05-29 16:10:00+00:00,47703,47704,47726,0.15745,0.15258343244429615,0.15258343244429615,0.1672431351114077,stop,-3.0908653894594185,-3.1708653894594185,23
1000RATS,short,2024-05-29 16:25:00+00:00,2024-05-29 16:30:00+00:00,2024-05-30 01:00:00+00:00,47729,47730,47832,0.15111,0.1433339647805966,0.1549980176097017,0.1433339647805966,take_profit,5.425116950686659,5.345116950686659,103
1000RATS,short,2024-05-30 15:20:00+00:00,2024-05-30 15:25:00+00:00,2024-05-30 18:45:00+00:00,48004,48005,48045,0.14574,0.15083122647686062,0.15083122647686062,0.13546754704627878,stop,-3.375445917786568,-3.455445917786568,41
1000RATS,short,2024-05-31 14:15:00+00:00,2024-05-31 14:20:00+00:00,2024-05-31 14:45:00+00:00,48279,48280,48285,0.1683,0.17130328455842686,0.17130328455842686,0.16235343088314627,stop,-1.753197299262832,-1.8331972992628318,6
1000RATS,long,2024-05-31 15:00:00+00:00,2024-05-31 15:05:00+00:00,2024-05-31 15:45:00+00:00,48288,48289,48297,0.17325,0.169754660991666,0.169754660991666,0.18024067801666796,stop,-2.017511693122065,-2.097511693122065,9
1000RATS,short,2024-05-31 15:50:00+00:00,2024-05-31 15:55:00+00:00,2024-05-31 16:20:00+00:00,48298,48299,48304,0.16876,0.17239481686316566,0.17239481686316566,0.1616103662736687,stop,-2.108425838609007,-2.188425838609007,6
1000RATS,short,2024-06-01 14:05:00+00:00,2024-06-01 14:10:00+00:00,2024-06-01 14:20:00+00:00,48565,48566,48568,0.15851,0.15997123560546928,0.15997123560546928,0.15564752878906146,stop,-0.9134364687118146,-0.9934364687118147,3
1000RATS,short,2024-06-01 14:25:00+00:00,2024-06-01 14:30:00+00:00,2024-06-01 15:55:00+00:00,48569,48570,48587,0.15815,0.16011032304580924,0.16011032304580924,0.15428935390838153,stop,-1.2243576856992289,-1.304357685699229,18
1000RATS,short,2024-06-02 14:05:00+00:00,2024-06-02 14:10:00+00:00,2024-06-02 18:20:00+00:00,48853,48854,48904,0.16487,0.16016145315702188,0.16722427342148904,0.16016145315702188,take_profit,2.9398752010334706,2.8598752010334705,51
1000RATS,short,2024-06-04 15:05:00+00:00,2024-06-04 15:10:00+00:00,2024-06-04 15:30:00+00:00,49441,49442,49446,0.14554,0.14653592119099276,0.14653592119099276,0.14345815761801448,stop,-0.6796430410361265,-0.7596430410361266,5
1000RATS,short,2024-06-04 17:50:00+00:00,2024-06-04 17:55:00+00:00,2024-06-04 18:15:00+00:00,49474,49475,49479,0.14571,0.14340125303376103,0.14680437348311948,0.14340125303376103,take_profit,1.6099907897564991,1.529990789756499,5
1000RATS,short,2024-06-05 14:15:00+00:00,2024-06-05 14:20:00+00:00,2024-06-05 14:25:00+00:00,49719,49720,49721,0.16586,0.16775857100453678,0.16775857100453678,0.16206285799092646,stop,-1.1317281693377312,-1.2117281693377313,2
1000RATS,long,2024-06-05 15:00:00+00:00,2024-06-05 15:05:00+00:00,2024-06-05 16:15:00+00:00,49728,49729,49743,0.16808,0.17172934870664164,0.1662553256466792,0.17172934870664164,take_profit,2.171197469444097,2.091197469444097,15
1000RATS,short,2024-06-06 14:20:00+00:00,2024-06-06 14:25:00+00:00,2024-06-06 17:25:00+00:00,50008,50009,50045,0.16565,0.16724336692545255,0.16724336692545255,0.16246326614909487,stop,-0.9527235397998157,-1.0327235397998158,37
1000RATS,long,2024-06-06 17:40:00+00:00,2024-06-06 17:45:00+00:00,2024-06-06 18:30:00+00:00,50048,50049,50058,0.16827,0.17181397817699076,0.1665580109115046,0.17181397817699076,take_profit,2.1061259743214933,2.026125974321493,10
1000RATS,short,2024-06-09 14:05:00+00:00,2024-06-09 14:10:00+00:00,2024-06-09 14:20:00+00:00,50869,50870,50872,0.14543,0.1477364874210349,0.1477364874210349,0.14075702515793023,stop,-1.561217178841967,-1.641217178841967,3
1000RATS,short,2024-06-10 14:40:00+00:00,2024-06-10 14:45:00+00:00,2024-06-10 15:45:00+00:00,51164,51165,51177,0.14443,0.14230304847328554,0.14553847576335724,0.14230304847328554,take_profit,1.4946633607176407,1.4146633607176406,13
1000RATS,long,2024-06-12 15:30:00+00:00,2024-06-12 15:35:00+00:00,2024-06-12 16:25:00+00:00,51750,51751,51761,0.12035,0.11906731572029379,0.11906731572029379,0.12300536855941242,stop,-1.0657949976786152,-1.1457949976786153,11
1000RATS,long,2024-06-12 17:10:00+00:00,2024-06-12 17:15:00+00:00,2024-06-12 17:40:00+00:00,51770,51771,51776,0.1203,0.11875277580756567,0.11875277580756567,0.12333444838486865,stop,-1.2861381483244672,-1.3661381483244672,6
1000RATS,long,2024-06-12 19:05:00+00:00,2024-06-12 19:10:00+00:00,2024-06-12 19:30:00+00:00,51793,51794,51798,0.12048,0.11917864052053218,0.11917864052053218,0.12305271895893563,stop,-1.0801456502886997,-1.1601456502886998,5
1000RATS,short,2024-06-13 15:30:00+00:00,2024-06-13 15:35:00+00:00,2024-06-13 16:45:00+00:00,52038,52039,52053,0.11161,0.1138760684159156,0.1138760684159156,0.1070778631681688,stop,-1.9899426169501355,-2.0699426169501356,15
1000RATS,long,2024-06-15 17:05:00+00:00,2024-06-15 17:10:00+00:00,2024-06-15 18:30:00+00:00,52633,52634,52650,0.10272,0.10165056719268106,0.10165056719268106,0.10485886561463789,stop,-1.041114493106443,-1.1211144931064432,17
1000RATS,long,2024-06-15 19:35:00+00:00,2024-06-15 19:40:00+00:00,2024-06-15 20:00:00+00:00,52663,52664,52668,0.10269,0.10208858805493758,0.10208858805493758,0.10389282389012486,stop,-0.5856577515458428,-0.6656577515458428,5
1000RATS,short,2024-06-17 15:00:00+00:00,2024-06-17 15:05:00+00:00,2024-06-17 16:10:00+00:00,53184,53185,53198,0.09637,0.09321500956782507,0.09791749521608747,0.09321500956782507,take_profit,3.3846377818363083,3.304637781836308,14
1000RATS,short,2024-06-18 14:50:00+00:00,2024-06-18 14:55:00+00:00,2024-06-18 18:20:00+00:00,53470,53471,53512,0.07174,0.06932487361921329,0.07296256319039335,0.06932487361921329,take_profit,3.483780430747685,3.403780430747685,42
1000RATS,long,2024-06-20 14:45:00+00:00,2024-06-20 14:50:00+00:00,2024-06-20 16:15:00+00:00,54045,54046,54063,0.07045,0.07262603334587582,0.06940698332706209,0.07262603334587582,take_profit,3.0887627336775303,3.00876273367753,18
1000RATS,short,2024-06-21 14:05:00+00:00,2024-06-21 14:10:00+00:00,2024-06-21 15:00:00+00:00,54325,54326,54336,0.06981,0.07102940707428307,0.07102940707428307,0.06737118585143385,stop,-1.716763696207979,-1.796763696207979,11
1000RATS,short,2024-06-21 17:45:00+00:00,2024-06-21 17:50:00+00:00,2024-06-21 18:35:00+00:00,54369,54370,54379,0.07009,0.0712752377089754,0.0712752377089754,0.0676295245820492,stop,-1.6629024989223473,-1.7429024989223472,10
1000RATS,long,2024-06-21 18:45:00+00:00,2024-06-21 18:50:00+00:00,2024-06-21 20:25:00+00:00,54381,54382,54401,0.07148,0.07436048366174727,0.07002475816912637,0.07436048366174727,take_profit,4.029775687950865,3.949775687950865,20
1000RATS,long,2024-06-22 14:55:00+00:00,2024-06-22 15:00:00+00:00,2024-06-22 15:30:00+00:00,54623,54624,54630,0.07276,0.07208176349644801,0.07208176349644801,0.07405647300710397,stop,-0.9321557223089472,-1.0121557223089472,7
1000RATS,long,2024-06-22 15:35:00+00:00,2024-06-22 15:40:00+00:00,2024-06-22 18:55:00+00:00,54631,54632,54671,0.07265,0.07431414391122979,0.07183292804438511,0.07431414391122979,take_profit,2.2906316740946675,2.2106316740946674,40
1000RATS,long,2024-06-23 17:50:00+00:00,2024-06-23 17:55:00+00:00,2024-06-23 18:30:00+00:00,54946,54947,54954,0.12469,0.12263891138593898,0.12263891138593898,0.12879217722812203,stop,-1.6449503681618571,-1.724950368161857,8
1000RATS,short,2024-06-23 18:35:00+00:00,2024-06-23 18:40:00+00:00,2024-06-26 09:10:00+00:00,54955,54956,55706,0.11262,0.12245527307619776,0.12245527307619776,0.09282945384760448,stop,-8.031726873923805,-8.111726873923805,751
1000RATS,short,2024-06-27 14:25:00+00:00,2024-06-27 14:30:00+00:00,2024-06-27 15:20:00+00:00,56057,56058,56068,0.13669,0.1389450984364466,0.1389450984364466,0.13220980312710678,stop,-1.6230140262760484,-1.7030140262760483,11
1000RATS,long,2024-06-27 15:30:00+00:00,2024-06-27 15:35:00+00:00,2024-06-27 15:45:00+00:00,56070,56071,56073,0.13976,0.13755565933866348,0.13755565933866348,0.14416868132267302,stop,-1.5772328715916606,-1.6572328715916604,3
1000RATS,long,2024-06-27 16:00:00+00:00,2024-06-27 16:05:00+00:00,2024-06-27 16:25:00+00:00,56076,56077,56081,0.13977,0.13789023313346202,0.13789023313346202,0.14349953373307595,stop,-1.344900097687618,-1.424900097687618,5
1000RATS,short,2024-06-28 14:20:00+00:00,2024-06-28 14:25:00+00:00,2024-06-28 16:10:00+00:00,56344,56345,56366,0.13263,0.13544328146465034,0.13544328146465034,0.12706343707069928,stop,-2.0770919267668497,-2.15709192676685,22
1000RATS,long,2024-06-28 16:35:00+00:00,2024-06-28 16:40:00+00:00,2024-06-28 17:45:00+00:00,56371,56372,56385,0.13554,0.14121514334036347,0.13268742832981828,0.14121514334036347,take_profit,4.187061635209877,4.1070616352098765,14
1000RATS,long,2024-06-29 14:55:00+00:00,2024-06-29 15:00:00+00:00,2024-06-29 15:30:00+00:00,56639,56640,56646,0.15401,0.1516670652877146,0.1516670652877146,0.1587258694245708,stop,-1.5212873919131287,-1.6012873919131285,7
1000RATS,long,2024-06-29 15:45:00+00:00,2024-06-29 15:50:00+00:00,2024-06-29 20:10:00+00:00,56649,56650,56702,0.15421,0.15115830714716988,0.15115830714716988,0.16025338570566022,stop,-1.978920208047552,-2.058920208047552,53
1000RATS,long,2024-06-30 16:05:00+00:00,2024-06-30 16:10:00+00:00,2024-06-30 16:15:00+00:00,56941,56942,56943,0.1531,0.15008838783781991,0.15008838783781991,0.1591832243243602,stop,-1.9670882835924886,-2.0470882835924886,2
1000RATS,long,2024-06-30 17:05:00+00:00,2024-06-30 17:10:00+00:00,2024-06-30 17:55:00+00:00,56953,56954,56963,0.15193,0.15048749019411192,0.15048749019411192,0.15472501961177618,stop,-0.9494568590061814,-1.0294568590061814,10
1000RATS,short,2024-06-30 18:45:00+00:00,2024-06-30 18:50:00+00:00,2024-07-01 00:10:00+00:00,56973,56974,57038,0.14639,0.15030641454184399,0.15030641454184399,0.13852717091631206,stop,-2.605620361434202,-2.6856203614342022,65
1000RATS,short,2024-07-01 14:35:00+00:00,2024-07-01 14:40:00+00:00,2024-07-01 17:40:00+00:00,57211,57212,57248,0.14433,0.14089827690365964,0.1460308615481702,0.14089827690365964,take_profit,2.43560331024264,2.35560331024264,37
1000RATS,short,2024-07-02 14:05:00+00:00,2024-07-02 14:10:00+00:00,2024-07-02 14:40:00+00:00,57493,57494,57500,0.12907,0.1304156561817444,0.1304156561817444,0.12634868763651125,stop,-1.03182104138565,-1.11182104138565,7
1000RATS,long,2024-07-02 15:20:00+00:00,2024-07-02 15:25:00+00:00,2024-07-02 16:05:00+00:00,57508,57509,57517,0.13156,0.13037027036841842,0.13037027036841842,0.13396945926316314,stop,-0.9043247427649725,-0.9843247427649726,9
1000RATS,long,2024-07-02 16:25:00+00:00,2024-07-02 16:30:00+00:00,2024-07-02 17:35:00+00:00,57521,57522,57535,0.13141,0.12988845276498173,0.12988845276498173,0.13445309447003653,stop,-1.1578625941848109,-1.237862594184811,14
1000RATS,long,2024-07-03 14:45:00+00:00,2024-07-03 14:50:00+00:00,2024-07-03 15:15:00+00:00,57789,57790,57795,0.12858,0.12720720984771164,0.12720720984771164,0.13132558030457672,stop,-1.0676544970355861,-1.1476544970355862,6
1000RATS,short,2024-07-03 15:50:00+00:00,2024-07-03 15:55:00+00:00,2024-07-03 16:45:00+00:00,57802,57803,57813,0.1268,0.12771558209405387,0.12771558209405387,0.12496883581189225,stop,-0.7168914544660732,-0.7968914544660732,11
1000RATS,short,2024-07-03 17:05:00+00:00,2024-07-03 17:10:00+00:00,2024-07-03 19:30:00+00:00,57817,57818,57846,0.1267,0.12339134184910441,0.1283393290754478,0.12339134184910441,take_profit,2.6814346138984035,2.6014346138984035,29
1000RATS,short,2024-07-04 15:15:00+00:00,2024-07-04 15:20:00+00:00,2024-07-04 15:45:00+00:00,58083,58084,58089,0.11504,0.11636609086603328,0.11636609086603328,0.11238781826793345,stop,-1.13958530029159,-1.2195853002915902,6
1000RATS,short,2024-07-04 16:05:00+00:00,2024-07-04 16:10:00+00:00,2024-07-04 18:40:00+00:00,58093,58094,58124,0.11545,0.1169635847230893,0.1169635847230893,0.11245283055382137,stop,-1.2940649234312707,-1.3740649234312707,31
1000RATS,long,2024-07-04 18:45:00+00:00,2024-07-04 18:50:00+00:00,2024-07-04 19:25:00+00:00,58125,58126,58133,0.11892,0.11651824700454648,0.11651824700454648,0.12369350599090705,stop,-2.019637567653476,-2.099637567653476,8
1000RATS,short,2024-07-05 15:10:00+00:00,2024-07-05 15:15:00+00:00,2024-07-05 17:35:00+00:00,58370,58371,58399,0.09068,0.08575734947687004,0.09314132526156498,0.08575734947687004,take_profit,5.740208335680497,5.660208335680497,29
1000RATS,short,2024-07-05 19:50:00+00:00,2024-07-05 19:55:00+00:00,2024-07-05 21:20:00+00:00,58426,58427,58444,0.09069,0.09254708917591868,0.09254708917591868,0.08694582164816263,stop,-2.006642448136442,-2.086642448136442,18
1000RATS,short,2024-07-06 14:10:00+00:00,2024-07-06 14:15:00+00:00,2024-07-06 15:05:00+00:00,58646,58647,58657,0.0875,0.08893768429061459,0.08893768429061459,0.0846246314187708,stop,-1.6165074479753572,-1.696507447975357,11
1000RATS,long,2024-07-06 15:10:00+00:00,2024-07-06 15:15:00+00:00,2024-07-06 15:40:00+00:00,58658,58659,58664,0.08954,0.09199542307099327,0.08831228846450336,0.09199542307099327,take_profit,2.742263872005002,2.662263872005002,6
1000RATS,short,2024-07-07 14:05:00+00:00,2024-07-07 14:10:00+00:00,2024-07-07 14:30:00+00:00,58933,58934,58938,0.08675,0.08802654226199613,0.08802654226199613,0.08425691547600773,stop,-1.4501788087923795,-1.5301788087923796,5
1000RATS,short,2024-07-07 16:10:00+00:00,2024-07-07 16:15:00+00:00,2024-07-07 16:35:00+00:00,58958,58959,58963,0.08712,0.08533549854948765,0.08802725072525618,0.08533549854948765,take_profit,2.091159577016466,2.011159577016466,5
1000RATS,short,2024-07-08 14:10:00+00:00,2024-07-08 14:15:00+00:00,2024-07-08 16:00:00+00:00,59222,59223,59244,0.0848,0.08120561141799174,0.08658219429100414,0.08120561141799174,take_profit,4.426281040489655,4.346281040489655,22
1000RATS,long,2024-07-08 18:00:00+00:00,2024-07-08 18:05:00+00:00,2024-07-08 19:00:00+00:00,59268,59269,59280,0.08687,0.08438045859503482,0.08438045859503482,0.09181908280993038,stop,-2.8658241107001103,-2.9458241107001104,12
1000RATS,short,2024-07-08 19:20:00+00:00,2024-07-08 19:25:00+00:00,2024-07-08 19:55:00+00:00,59284,59285,59291,0.08472,0.0824280532122862,0.08585097339385689,0.0824280532122862,take_profit,2.7805421799919072,2.700542179991907,7
1000RATS,long,2024-07-09 14:15:00+00:00,2024-07-09 14:20:00+00:00,2024-07-09 16:05:00+00:00,59511,59512,59533,0.08361,0.08258581764163384,0.08258581764163384,0.08565836471673234,stop,-1.2249519894344751,-1.3049519894344752,22
1000RATS,long,2024-07-09 16:30:00+00:00,2024-07-09 16:35:00+00:00,2024-07-09 19:15:00+00:00,59538,59539,59571,0.08359,0.08236927976224,0.08236927976224,0.08603144047552,stop,-1.460366356932652,-1.540366356932652,33
1000RATS,long,2024-07-10 14:15:00+00:00,2024-07-10 14:20:00+00:00,2024-07-10 16:00:00+00:00,59799,59800,59820,0.08907,0.09393376397703805,0.08663811801148097,0.09393376397703805,take_profit,5.46060848438088,5.38060848438088,21
1000RATS,short,2024-07-11 14:25:00+00:00,2024-07-11 14:30:00+00:00,2024-07-11 16:15:00+00:00,60089,60090,60111,0.09536,0.09734795720579681,0.09734795720579681,0.09141408558840637,stop,-2.042114968672837,-2.122114968672837,22
1000RATS,short,2024-07-11 17:45:00+00:00,2024-07-11 17:50:00+00:00,2024-07-11 18:00:00+00:00,60129,60130,60132,0.09553,0.09679553811429495,0.09679553811429495,0.09296892377141008,stop,-1.3074343497120888,-1.387434349712089,3
1000RATS,short,2024-07-11 19:15:00+00:00,2024-07-11 19:20:00+00:00,2024-07-11 20:25:00+00:00,60147,60148,60161,0.0956,0.09289382049261079,0.0969380897536946,0.09289382049261079,take_profit,2.913196478558522,2.8331964785585217,14
1000RATS,long,2024-07-12 14:20:00+00:00,2024-07-12 14:25:00+00:00,2024-07-12 15:15:00+00:00,60376,60377,60387,0.09039,0.09425366258859932,0.08842816870570035,0.09425366258859932,take_profit,4.274435876312999,4.1944358763129985,11
1000RATS,short,2024-07-13 14:10:00+00:00,2024-07-13 14:15:00+00:00,2024-07-13 14:35:00+00:00,60662,60663,60667,0.09448,0.0962373161327379,0.0962373161327379,0.0909653677345242,stop,-1.826023629248008,-1.906023629248008,5
1000RATS,short,2024-07-13 16:35:00+00:00,2024-07-13 16:40:00+00:00,2024-07-13 17:10:00+00:00,60691,60692,60698,0.09478,0.09557860881640942,0.09557860881640942,0.09321278236718115,stop,-0.8355518314180688,-0.9155518314180688,7
1000RATS,short,2024-07-13 17:20:00+00:00,2024-07-13 17:25:00+00:00,2024-07-13 17:30:00+00:00,60700,60701,60702,0.09486,0.09612610452887042,0.09612610452887042,0.09226779094225913,stop,-1.3171287186511949,-1.397128718651195,2
1000RATS,long,2024-07-14 14:55:00+00:00,2024-07-14 15:00:00+00:00,2024-07-14 15:25:00+00:00,60959,60960,60965,0.09819,0.09681552202749727,0.09681552202749727,0.10078895594500548,stop,-1.3998146170717263,-1.4798146170717263,6
1000RATS,long,2024-07-14 16:05:00+00:00,2024-07-14 16:10:00+00:00,2024-07-14 17:20:00+00:00,60973,60974,60988,0.09832,0.10112144854879528,0.09691927572560237,0.10112144854879528,take_profit,2.8493170756664687,2.7693170756664687,15
1000RATS,long,2024-07-15 14:30:00+00:00,2024-07-15 14:35:00+00:00,2024-07-15 14:55:00+00:00,61242,61243,61247,0.10257,0.10424110579779845,0.10171944710110077,0.10424110579779845,take_profit,1.6292344718713547,1.5492344718713547,5
1000RATS,long,2024-07-15 16:05:00+00:00,2024-07-15 16:10:00+00:00,2024-07-15 17:50:00+00:00,61261,61262,61282,0.10259,0.10141390523428294,0.10141390523428294,0.10500218953143414,stop,-1.1464029298343559,-1.226402929834356,21
1000RATS,short,2024-07-16 14:20:00+00:00,2024-07-16 14:25:00+00:00,2024-07-16 15:50:00+00:00,61528,61529,61546,0.11071,0.10686552291546925,0.11263223854226538,0.10686552291546925,take_profit,3.59749054666747,3.51749054666747,18
1000RATS,long,2024-07-17 14:20:00+00:00,2024-07-17 14:25:00+00:00,2024-07-17 15:15:00+00:00,61816,61817,61827,0.1156,0.1137518807301412,0.1137518807301412,0.11920623853971762,stop,-1.598719091573353,-1.6787190915733528,11
1000RATS,short,2024-07-17 17:05:00+00:00,2024-07-17 17:10:00+00:00,2024-07-17 20:05:00+00:00,61849,61850,61885,0.11223,0.10910031777017712,0.11379484111491144,0.10910031777017712,take_profit,2.868627968999715,2.788627968999715,36
1000RATS,short,2024-07-18 14:10:00+00:00,2024-07-18 14:15:00+00:00,2024-07-18 14:45:00+00:00,62102,62103,62109,0.11337,0.1156010964716073,0.1156010964716073,0.10887780705678542,stop,-1.9299959426901103,-2.0099959426901104,7
1000RATS,long,2024-07-18 14:50:00+00:00,2024-07-18 14:55:00+00:00,2024-07-18 15:00:00+00:00,62110,62111,62112,0.11681,0.11508880320980996,0.11508880320980996,0.12022239358038007,stop,-1.4735012329338493,-1.5535012329338493,2
1000RATS,short,2024-07-18 15:10:00+00:00,2024-07-18 15:15:00+00:00,2024-07-18 15:35:00+00:00,62114,62115,62119,0.11419,0.11582793189099899,0.11582793189099899,0.11079413621800202,stop,-1.4141078617723957,-1.4941078617723957,5
1000RATS,short,2024-07-19 14:10:00+00:00,2024-07-19 14:15:00+00:00,2024-07-19 15:05:00+00:00,62390,62391,62401,0.10379,0.10487766053995397,0.10487766053995397,0.10158467892009206,stop,-1.0370755167060763,-1.1170755167060764,11
1000RATS,long,2024-07-19 15:35:00+00:00,2024-07-19 15:40:00+00:00,2024-07-19 16:10:00+00:00,62407,62408,62414,0.10526,0.10370810258624791,0.10370810258624791,0.10839379482750419,stop,-1.474346773467694,-1.5543467734676941,7
1000RATS,short,2024-07-19 16:35:00+00:00,2024-07-19 16:40:00+00:00,2024-07-19 18:05:00+00:00,62419,62420,62437,0.10342,0.10474684823714557,0.10474684823714557,0.10070630352570888,stop,-1.266719008233641,-1.346719008233641,18
1000RATS,short,2024-07-21 14:05:00+00:00,2024-07-21 14:10:00+00:00,2024-07-21 14:15:00+00:00,62965,62966,62967,0.11785,0.11897004097540115,0.11897004097540115,0.1156099180491977,stop,-0.9414479193402436,-1.0214479193402437,2
1000RATS,long,2024-07-21 14:30:00+00:00,2024-07-21 14:35:00+00:00,2024-07-21 14:45:00+00:00,62970,62971,62973,0.12023,0.11920748614067125,0.11920748614067125,0.1222750277186575,stop,-0.850464825192343,-0.9304648251923431,3
1000RATS,long,2024-07-21 15:00:00+00:00,2024-07-21 15:05:00+00:00,2024-07-21 15:15:00+00:00,62976,62977,62979,0.12019,0.11907469221093668,0.11907469221093668,0.12236061557812664,stop,-0.9279538972155166,-1.0079538972155166,3
1000RATS,short,2024-07-23 14:05:00+00:00,2024-07-23 14:10:00+00:00,2024-07-23 22:30:00+00:00,63541,63542,63642,0.11059,0.10558619236838608,0.11307690381580696,0.10558619236838608,take_profit,4.739073849879749,4.659073849879749,101
1000RATS,short,2024-07-24 14:25:00+00:00,2024-07-24 14:30:00+00:00,2024-07-24 14:50:00+00:00,63833,63834,63838,0.10079,0.10173143141878992,0.10173143141878992,0.09881713716242017,stop,-0.9254086034771292,-1.0054086034771292,5
1000RATS,short,2024-07-24 15:20:00+00:00,2024-07-24 15:25:00+00:00,2024-07-24 17:20:00+00:00,63844,63845,63868,0.10066,0.10158557354602646,0.10158557354602646,0.09877885290794709,stop,-0.9111269580095449,-0.991126958009545,24
1000RATS,short,2024-07-24 17:35:00+00:00,2024-07-24 17:40:00+00:00,2024-07-24 19:30:00+00:00,63871,63872,63894,0.10066,0.09873287004981751,0.10162356497509124,0.09873287004981751,take_profit,1.9518625855909244,1.8718625855909246,23
1000RATS,long,2024-07-25 18:10:00+00:00,2024-07-25 18:15:00+00:00,2024-07-25 19:15:00+00:00,64166,64167,64179,0.10051,0.09948749836680111,0.09948749836680111,0.10258500326639777,stop,-1.0173133351894292,-1.0973133351894293,13
1000RATS,long,2024-07-25 19:50:00+00:00,2024-07-25 19:55:00+00:00,2024-07-25 21:40:00+00:00,64186,64187,64208,0.10067,0.09887290272714476,0.09887290272714476,0.10426419454571047,stop,-1.785136855920566,-1.8651368559205659,22
1000RATS,long,2024-07-26 14:30:00+00:00,2024-07-26 14:35:00+00:00,2024-07-26 16:10:00+00:00,64410,64411,64430,0.11283,0.11554374737744516,0.11148812631127741,0.11554374737744516,take_profit,2.405164741154975,2.3251647411549747,20
1000RATS,long,2024-07-28 18:00:00+00:00,2024-07-28 18:05:00+00:00,2024-07-28 18:10:00+00:00,65028,65029,65030,0.1422,0.14058599305577651,0.14058599305577651,0.14551801388844696,stop,-1.1350259804665863,-1.2150259804665864,2
1000RATS,long,2024-07-28 18:45:00+00:00,2024-07-28 18:50:00+00:00,2024-07-28 19:50:00+00:00,65037,65038,65050,0.14172,0.14432126797442088,0.14043436601278955,0.14432126797442088,take_profit,1.8354981473474918,1.755498147347492,13
1000RATS,long,2024-07-29 14:15:00+00:00,2024-07-29 14:20:00+00:00,2024-07-29 15:55:00+00:00,65271,65272,65291,0.13784,0.13548470275391106,0.13548470275391106,0.14255059449217786,stop,-1.7087182574644033,-1.7887182574644032,20
1000RATS,short,2024-07-29 16:00:00+00:00,2024-07-29 16:05:00+00:00,2024-07-29 19:00:00+00:00,65292,65293,65328,0.13499,0.13129690638858735,0.13688154680570633,0.13129690638858735,take_profit,2.81278037159729,2.73278037159729,36
1000RATS,long,2024-07-30 14:05:00+00:00,2024-07-30 14:10:00+00:00,2024-07-30 14:35:00+00:00,65557,65558,65563,0.13816,0.13619168312011645,0.13619168312011645,0.14212663375976706,stop,-1.4246647943569446,-1.5046647943569447,6
1000RATS,short,2024-07-30 17:30:00+00:00,2024-07-30 17:35:00+00:00,2024-07-30 19:25:00+00:00,65598,65599,65621,0.13484,0.13798257448691087,0.13798257448691087,0.12852485102617828,stop,-2.2775154751218163,-2.3575154751218164,23
1000RATS,short,2024-07-31 14:10:00+00:00,2024-07-31 14:15:00+00:00,2024-07-31 14:30:00+00:00,65846,65847,65850,0.13395,0.13561983253569354,0.13561983253569354,0.1307303349286129,stop,-1.2312598419217502,-1.3112598419217503,4
1000RATS,long,2024-07-31 14:45:00+00:00,2024-07-31 14:50:00+00:00,2024-07-31 19:35:00+00:00,65853,65854,65911,0.13654,0.13494392647157313,0.13494392647157313,0.13973214705685372,stop,-1.168942089077829,-1.248942089077829,58
1000RATS,short,2024-08-01 18:55:00+00:00,2024-08-01 19:00:00+00:00,2024-08-01 23:30:00+00:00,66191,66192,66246,0.11302,0.10990078452768152,0.11459460773615925,0.10990078452768152,take_profit,2.8382103783188395,2.7582103783188394,55
1000RATS,long,2024-08-02 18:25:00+00:00,2024-08-02 18:30:00+00:00,2024-08-02 21:15:00+00:00,66473,66474,66507,0.10703,0.11043983663315031,0.10528008168342484,0.11043983663315031,take_profit,3.185869973979538,3.105869973979538,34
1000RATS,short,2024-08-03 15:20:00+00:00,2024-08-03 15:25:00+00:00,2024-08-03 21:20:00+00:00,66724,66725,66796,0.10227,0.10374033318612197,0.10374033318612197,0.09932933362775606,stop,-1.4173206707212116,-1.4973206707212117,72
1000RATS,long,2024-08-04 14:30:00+00:00,2024-08-04 14:35:00+00:00,2024-08-04 16:40:00+00:00,67002,67003,67028,0.09317,0.09188966264113016,0.09188966264113016,0.09567067471773967,stop,-1.3741948683802074,-1.4541948683802075,26
1000RATS,short,2024-08-04 17:05:00+00:00,2024-08-04 17:10:00+00:00,2024-08-04 17:20:00+00:00,67033,67034,67036,0.09131,0.09250963360679522,0.09250963360679522,0.08891073278640957,stop,-1.2967661421016574,-1.3767661421016575,3
1000RATS,long,2024-08-04 17:45:00+00:00,2024-08-04 17:50:00+00:00,2024-08-04 23:10:00+00:00,67041,67042,67106,0.0929,0.09168898339230745,0.09168898339230745,0.09535203321538512,stop,-1.30357008363029,-1.38357008363029,65
1000RATS,short,2024-08-05 14:05:00+00:00,2024-08-05 14:10:00+00:00,2024-08-05 15:20:00+00:00,67285,67286,67300,0.07186,0.06750503467350466,0.07406748266324767,0.06750503467350466,take_profit,6.451319294269808,6.371319294269809,15
1000RATS,long,2024-08-06 14:30:00+00:00,2024-08-06 14:35:00+00:00,2024-08-06 16:00:00+00:00,67578,67579,67596,0.0838,0.08232274278436796,0.08232274278436796,0.08687451443126407,stop,-1.7628367728305894,-1.8428367728305892,18
1000RATS,long,2024-08-07 14:35:00+00:00,2024-08-07 14:40:00+00:00,2024-08-07 14:40:00+00:00,67867,67868,67868,0.08523,0.08409407648511444,0.08409407648511444,0.08750184702977112,stop,-1.332774275355586,-1.412774275355586,1
1000RATS,short,2024-08-07 15:10:00+00:00,2024-08-07 15:15:00+00:00,2024-08-07 16:45:00+00:00,67874,67875,67893,0.08311,0.08458227973813011,0.08458227973813011,0.08013544052373976,stop,-1.7406479734151659,-1.8206479734151657,19
1000RATS,short,2024-08-07 19:00:00+00:00,2024-08-07 19:05:00+00:00,2024-08-07 19:15:00+00:00,67920,67921,67923,0.08313,0.08442679757400043,0.08442679757400043,0.08050640485199914,stop,-1.536002325403596,-1.6160023254035958,3
1000RATS,long,2024-08-08 14:35:00+00:00,2024-08-08 14:40:00+00:00,2024-08-08 16:45:00+00:00,68155,68156,68181,0.08497,0.08361985097871788,0.08361985097871788,0.08773029804256423,stop,-1.5889714267178112,-1.668971426717811,26
1000RATS,long,2024-08-09 16:25:00+00:00,2024-08-09 16:30:00+00:00,2024-08-09 19:20:00+00:00,68465,68466,68500,0.08864,0.08768128973364286,0.08768128973364286,0.09055742053271426,stop,-1.0815774665581368,-1.1615774665581369,35
1000RATS,long,2024-08-10 14:45:00+00:00,2024-08-10 14:50:00+00:00,2024-08-10 17:35:00+00:00,68733,68734,68767,0.08915,0.08842953278649704,0.08842953278649704,0.0905909344270059,stop,-0.8081516696611946,-0.8881516696611946,34
1000RATS,long,2024-08-10 18:00:00+00:00,2024-08-10 18:05:00+00:00,2024-08-10 21:00:00+00:00,68772,68773,68808,0.08912,0.09059193581972586,0.08841403209013707,0.09059193581972586,take_profit,1.651633549961673,1.5716335499616731,36
1000RATS,short,2024-08-11 17:05:00+00:00,2024-08-11 17:10:00+00:00,2024-08-11 17:50:00+00:00,69049,69050,69058,0.09377,0.09499382965193724,0.09499382965193724,0.09135234069612552,stop,-1.2883254169469893,-1.3683254169469894,9
1000RATS,long,2024-08-11 18:00:00+00:00,2024-08-11 18:05:00+00:00,2024-08-11 18:35:00+00:00,69060,69061,69067,0.09615,0.09355653848501984,0.09355653848501984,0.10133692302996032,stop,-2.697307867894083,-2.7773078678940832,7
1000RATS,short,2024-08-11 18:45:00+00:00,2024-08-11 18:50:00+00:00,2024-08-11 20:20:00+00:00,69069,69070,69088,0.09399,0.09200366036609457,0.09501316981695271,0.09200366036609457,take_profit,2.1589789210576305,2.0789789210576304,19
1000RATS,long,2024-08-12 14:30:00+00:00,2024-08-12 14:35:00+00:00,2024-08-12 16:00:00+00:00,69306,69307,69324,0.09174,0.08920522458294206,0.08920522458294206,0.0968095508341159,stop,-2.762999146564149,-2.842999146564149,18
1000RATS,long,2024-08-12 16:25:00+00:00,2024-08-12 16:30:00+00:00,2024-08-12 20:50:00+00:00,69329,69330,69382,0.091,0.09467478261335364,0.08914760869332318,0.09467478261335364,take_profit,4.038222652036971,3.958222652036971,53
1000RATS,short,2024-08-13 18:15:00+00:00,2024-08-13 18:20:00+00:00,2024-08-13 22:35:00+00:00,69639,69640,69691,0.09272,0.09406828472356571,0.09406828472356571,0.09014343055286857,stop,-1.4333042507661875,-1.5133042507661876,52
1000RATS,short,2024-08-14 14:45:00+00:00,2024-08-14 14:50:00+00:00,2024-08-14 19:20:00+00:00,69885,69886,69940,0.09349,0.09429874655235679,0.09429874655235679,0.0918425068952864,stop,-0.8576429506491401,-0.9376429506491402,55
1000RATS,short,2024-08-14 19:50:00+00:00,2024-08-14 19:55:00+00:00,2024-08-14 21:40:00+00:00,69946,69947,69968,0.09333,0.09415692689518412,0.09415692689518412,0.09170614620963177,stop,-0.8782432928218453,-0.9582432928218454,22
1000RATS,short,2024-08-15 14:15:00+00:00,2024-08-15 14:20:00+00:00,2024-08-15 15:45:00+00:00,70167,70168,70185,0.08899,0.08691357416521248,0.09005821291739377,0.08691357416521248,take_profit,2.389069664584831,2.3090696645848308,18
1000RATS,short,2024-08-15 17:45:00+00:00,2024-08-15 17:50:00+00:00,2024-08-15 18:05:00+00:00,70209,70210,70213,0.08919,0.09002270972948309,0.09002270972948309,0.0874945805410338,stop,-0.924999627300005,-1.004999627300005,4
1000RATS,long,2024-08-15 19:05:00+00:00,2024-08-15 19:10:00+00:00,2024-08-15 20:05:00+00:00,70225,70226,70237,0.09024,0.09204335053277428,0.08933832473361286,0.09204335053277428,take_profit,1.9983937641558924,1.9183937641558926,12
1000RATS,long,2024-08-16 17:35:00+00:00,2024-08-16 17:40:00+00:00,2024-08-16 18:30:00+00:00,70495,70496,70506,0.08635,0.0856287456027825,0.0856287456027825,0.08782250879443503,stop,-0.835268554971047,-0.9152685549710471,11
1000RATS,long,2024-08-16 18:55:00+00:00,2024-08-16 19:00:00+00:00,2024-08-16 19:05:00+00:00,70511,70512,70513,0.08639,0.08572782426337366,0.08572782426337366,0.08774435147325269,stop,-0.7664958173704495,-0.8464958173704495,2
1000RATS,short,2024-08-16 19:35:00+00:00,2024-08-16 19:40:00+00:00,2024-08-16 20:10:00+00:00,70519,70520,70526,0.0855,0.08470947328522958,0.0858802633573852,0.08470947328522958,take_profit,0.9332211429394777,0.8532211429394776,7
1000RATS,long,2024-08-17 18:20:00+00:00,2024-08-17 18:25:00+00:00,2024-08-17 19:10:00+00:00,70792,70793,70802,0.08426,0.08374047228218075,0.08374047228218075,0.08526905543563852,stop,-0.6165769259663612,-0.6965769259663612,10
1000RATS,long,2024-08-18 14:05:00+00:00,2024-08-18 14:10:00+00:00,2024-08-18 15:40:00+00:00,71029,71030,71048,0.09231,0.09394576586372155,0.09147711706813921,0.09394576586372155,take_profit,1.7720353848137194,1.6920353848137195,19
1000RATS,long,2024-08-18 18:45:00+00:00,2024-08-18 18:50:00+00:00,2024-08-18 23:40:00+00:00,71085,71086,71144,0.09249,0.09483800581575083,0.09133099709212458,0.09483800581575083,take_profit,2.5386591153106597,2.4586591153106596,59
1000RATS,short,2024-08-19 14:05:00+00:00,2024-08-19 14:10:00+00:00,2024-08-19 15:45:00+00:00,71317,71318,71337,0.0927,0.09361419090889242,0.09361419090889242,0.09081161818221516,stop,-0.9765516317735701,-1.0565516317735701,20
1000RATS,long,2024-08-19 16:35:00+00:00,2024-08-19 16:40:00+00:00,2024-08-19 18:55:00+00:00,71347,71348,71375,0.09406,0.09303795012861922,0.09303795012861922,0.09610409974276157,stop,-1.0865935268772997,-1.1665935268772998,28
1000RATS,short,2024-08-19 19:00:00+00:00,2024-08-19 19:05:00+00:00,2024-08-19 19:25:00+00:00,71376,71377,71381,0.09248,0.09373687115635532,0.09373687115635532,0.08996625768728939,stop,-1.3408503408000705,-1.4208503408000706,5
1000RATS,long,2024-08-20 14:05:00+00:00,2024-08-20 14:10:00+00:00,2024-08-20 14:10:00+00:00,71605,71606,71606,0.09662,0.09783477374573943,0.09602761312713028,0.09783477374573943,take_profit,1.257269453259613,1.1772694532596129,1
1000RATS,long,2024-08-21 15:10:00+00:00,2024-08-21 15:15:00+00:00,2024-08-21 18:00:00+00:00,71906,71907,71940,0.09779,0.09671440723838684,0.09671440723838684,0.1000011855232263,stop,-1.0999005640793147,-1.1799005640793148,34
1000RATS,short,2024-08-23 19:55:00+00:00,2024-08-23 20:00:00+00:00,2024-08-23 20:20:00+00:00,72539,72540,72544,0.10016,0.09905465984285666,0.10071267007857167,0.09905465984285666,take_profit,1.1158891049617203,1.0358891049617203,5
1000RATS,long,2024-08-24 19:15:00+00:00,2024-08-24 19:20:00+00:00,2024-08-24 19:45:00+00:00,72819,72820,72825,0.11743,0.11952482658655532,0.11639758670672234,0.11952482658655532,take_profit,1.7838938827857476,1.7038938827857477,6
1000RATS,short,2024-08-25 15:05:00+00:00,2024-08-25 15:10:00+00:00,2024-08-25 16:40:00+00:00,73057,73058,73076,0.11653,0.11306161600201982,0.11829419199899009,0.11306161600201982,take_profit,3.0676936352282524,2.9876936352282524,19
1000RATS,short,2024-08-25 18:00:00+00:00,2024-08-25 18:05:00+00:00,2024-08-25 22:15:00+00:00,73092,73093,73143,0.11682,0.11846069428847486,0.11846069428847486,0.11338861142305028,stop,-1.3850115418701292,-1.4650115418701293,51
1000RATS,short,2024-08-26 14:10:00+00:00,2024-08-26 14:15:00+00:00,2024-08-26 16:05:00+00:00,73334,73335,73357,0.11702,0.11462570459985627,0.11823214770007186,0.11462570459985627,take_profit,2.088794488550283,2.008794488550283,23
1000RATS,short,2024-08-26 18:40:00+00:00,2024-08-26 18:45:00+00:00,2024-08-26 18:55:00+00:00,73388,73389,73391,0.11711,0.11823426649627652,0.11823426649627652,0.11477146700744696,stop,-0.9508804254407255,-1.0308804254407256,3
1000RATS,short,2024-08-26 19:35:00+00:00,2024-08-26 19:40:00+00:00,2024-08-26 21:20:00+00:00,73399,73400,73420,0.11668,0.11373328988664962,0.11819835505667518,0.11373328988664962,take_profit,2.5908949932664127,2.5108949932664126,21
1000RATS,long,2024-08-27 14:15:00+00:00,2024-08-27 14:20:00+00:00,2024-08-27 15:25:00+00:00,73623,73624,73637,0.10325,0.1021710953741047,0.1021710953741047,0.10543780925179062,stop,-1.0449439475983535,-1.1249439475983536,14
1000RATS,short,2024-08-27 15:55:00+00:00,2024-08-27 16:00:00+00:00,2024-08-27 17:10:00+00:00,73643,73644,73658,0.10132,0.09969883386423517,0.1021305830678824,0.09969883386423517,take_profit,1.6260632877335812,1.5460632877335811,15
1000RATS,short,2024-08-28 14:25:00+00:00,2024-08-28 14:30:00+00:00,2024-08-28 16:00:00+00:00,73913,73914,73932,0.08895,0.08961877528579919,0.08961877528579919,0.08755244942840161,stop,-0.7462446163389647,-0.8262446163389647,19
1000RATS,short,2024-08-28 16:15:00+00:00,2024-08-28 16:20:00+00:00,2024-08-28 17:00:00+00:00,73935,73936,73944,0.08878,0.08717142818220595,0.08956928590889703,0.08717142818220595,take_profit,1.8452970787995016,1.7652970787995017,9
1000RATS,long,2024-08-28 18:45:00+00:00,2024-08-28 18:50:00+00:00,2024-08-29 00:10:00+00:00,73965,73966,74030,0.09046,0.08927316389751991,0.08927316389751991,0.09295367220496017,stop,-1.3120009976565261,-1.3920009976565262,65
1000RATS,long,2024-08-29 14:15:00+00:00,2024-08-29 14:20:00+00:00,2024-08-30 00:15:00+00:00,74199,74200,74319,0.08734,0.08977873785774823,0.08612063107112589,0.08977873785774823,take_profit,2.7922347810261483,2.7122347810261482,120
1000RATS,short,2024-08-30 14:05:00+00:00,2024-08-30 14:10:00+00:00,2024-08-30 14:45:00+00:00,74485,74486,74493,0.08562,0.08616251544660479,0.08616251544660479,0.0844749691067904,stop,-0.6296420709084205,-0.7096420709084206,8
1000RATS,long,2024-08-31 19:45:00+00:00,2024-08-31 19:50:00+00:00,2024-08-31 21:05:00+00:00,74841,74842,74857,0.09163,0.09068360226701914,0.09068360226701914,0.09355279546596171,stop,-1.0328470293363035,-1.1128470293363035,16
1000RATS,short,2024-09-01 14:05:00+00:00,2024-09-01 14:10:00+00:00,2024-09-01 14:50:00+00:00,75061,75062,75070,0.08745,0.08641288555301718,0.08796855722349141,0.08641288555301718,take_profit,1.2001849496699357,1.1201849496699356,9
1000RATS,short,2024-09-01 17:45:00+00:00,2024-09-01 17:50:00+00:00,2024-09-01 18:20:00+00:00,75105,75106,75112,0.08754,0.08812558423911016,0.08812558423911016,0.08630883152177969,stop,-0.6644883482659125,-0.7444883482659126,7
1000RATS,long,2024-09-01 18:30:00+00:00,2024-09-01 18:35:00+00:00,2024-09-01 19:10:00+00:00,75114,75115,75122,0.0889,0.08775449259447492,0.08775449259447492,0.09119101481105019,stop,-1.288534764370175,-1.368534764370175,8
1000RATS,short,2024-09-01 19:20:00+00:00,2024-09-01 19:25:00+00:00,2024-09-01 22:45:00+00:00,75124,75125,75165,0.08736,0.08463110392996116,0.08870944803501941,0.08463110392996116,take_profit,3.2244599719474243,3.144459971947424,41
1000RATS,short,2024-09-02 16:25:00+00:00,2024-09-02 16:30:00+00:00,2024-09-02 17:10:00+00:00,75377,75378,75386,0.08139,0.08202669772686393,0.08202669772686393,0.08008660454627213,stop,-0.7762079231618313,-0.8562079231618314,9
1000RATS,long,2024-09-02 17:25:00+00:00,2024-09-02 17:30:00+00:00,2024-09-02 18:50:00+00:00,75389,75390,75406,0.08334,0.08669394426449345,0.08166302786775327,0.08669394426449345,take_profit,4.024411164498987,3.9444111644989865,17
1000RATS,long,2024-09-03 19:25:00+00:00,2024-09-03 19:30:00+00:00,2024-09-03 20:05:00+00:00,75701,75702,75709,0.09512,0.0942167187915586,0.0942167187915586,0.09695656241688282,stop,-0.9496228011368735,-1.0296228011368735,8
1000RATS,short,2024-09-04 14:15:00+00:00,2024-09-04 14:20:00+00:00,2024-09-04 16:10:00+00:00,75927,75928,75950,0.08757,0.08828600510957009,0.08828600510957009,0.08616798978085984,stop,-0.811006352231558,-0.8910063522315581,23
1000RATS,short,2024-09-04 16:25:00+00:00,2024-09-04 16:30:00+00:00,2024-09-04 16:40:00+00:00,75953,75954,75956,0.08754,0.08819472361678092,0.08819472361678092,0.08614055276643817,stop,-0.7423614360716035,-0.8223614360716036,3
1000RATS,short,2024-09-04 17:40:00+00:00,2024-09-04 17:45:00+00:00,2024-09-04 19:20:00+00:00,75968,75969,75988,0.08724,0.08550585129307571,0.08810707435346214,0.08550585129307571,take_profit,2.028105305893524,1.948105305893524,20
1000RATS,short,2024-09-05 14:15:00+00:00,2024-09-05 14:20:00+00:00,2024-09-05 15:00:00+00:00,76215,76216,76224,0.0895,0.09022494419291248,0.09022494419291248,0.08811011161417505,stop,-0.8034853325732838,-0.8834853325732839,9
1000RATS,short,2024-09-05 15:20:00+00:00,2024-09-05 15:25:00+00:00,2024-09-05 16:10:00+00:00,76228,76229,76238,0.08925,0.09068348128499053,0.09068348128499053,0.08635303743001894,stop,-1.580752375932215,-1.660752375932215,10
1000RATS,long,2024-09-07 14:05:00+00:00,2024-09-07 14:10:00+00:00,2024-09-07 21:20:00+00:00,76789,76790,76876,0.09434,0.09719967921542962,0.0928801603922852,0.09719967921542962,take_profit,3.0312478433640155,2.9512478433640155,87
1000RATS,short,2024-09-09 14:15:00+00:00,2024-09-09 14:20:00+00:00,2024-09-09 17:05:00+00:00,77367,77368,77401,0.0981,0.09934841497269072,0.09934841497269072,0.09554317005461857,stop,-1.2566028084432745,-1.3366028084432746,34
1000RATS,long,2024-09-09 17:15:00+00:00,2024-09-09 17:20:00+00:00,2024-09-09 17:45:00+00:00,77403,77404,77409,0.09951,0.09857007768674184,0.09857007768674184,0.10135984462651634,stop,-0.9445506112533031,-1.0245506112533032,6
1000RATS,short,2024-09-09 18:15:00+00:00,2024-09-09 18:20:00+00:00,2024-09-09 21:25:00+00:00,77415,77416,77453,0.09829,0.09655261208318543,0.09918869395840728,0.09655261208318543,take_profit,1.7994209367611091,1.7194209367611093,38
1000RATS,short,2024-09-11 14:10:00+00:00,2024-09-11 14:15:00+00:00,2024-09-11 15:15:00+00:00,77942,77943,77955,0.1027,0.1044770960154079,0.1044770960154079,0.0991158079691842,stop,-1.7009431570971567,-1.7809431570971566,13
1000RATS,short,2024-09-11 17:05:00+00:00,2024-09-11 17:10:00+00:00,2024-09-11 19:20:00+00:00,77977,77978,78004,0.10304,0.10395764229605964,0.10395764229605964,0.10120471540788074,stop,-0.8827078758157025,-0.9627078758157026,27
1000RATS,short,2024-09-11 19:40:00+00:00,2024-09-11 19:45:00+00:00,2024-09-11 19:55:00+00:00,78008,78009,78011,0.10325,0.10415949635409676,0.10415949635409676,0.1014610072918065,stop,-0.8731766050450895,-0.9531766050450896,3
1000RATS,long,2024-09-12 14:25:00+00:00,2024-09-12 14:30:00+00:00,2024-09-12 15:00:00+00:00,78233,78234,78240,0.11208,0.11051344450728126,0.11051344450728126,0.11521311098543748,stop,-1.3977118957162138,-1.4777118957162139,7
1000RATS,long,2024-09-12 17:05:00+00:00,2024-09-12 17:10:00+00:00,2024-09-12 17:55:00+00:00,78265,78266,78275,0.11194,0.11059325850503766,0.11059325850503766,0.11463348298992466,stop,-1.2030922770790875,-1.2830922770790876,10
1000RATS,long,2024-09-12 18:30:00+00:00,2024-09-12 18:35:00+00:00,2024-09-12 19:25:00+00:00,78282,78283,78293,0.11226,0.11036376353908131,0.11036376353908131,0.11602247292183739,stop,-1.6891470344901904,-1.7691470344901903,11
1000RATS,short,2024-09-13 17:10:00+00:00,2024-09-13 17:15:00+00:00,2024-09-13 18:15:00+00:00,78554,78555,78567,0.10624,0.10667929136365834,0.10667929136365834,0.10542141727268331,stop,-0.4117869157574727,-0.49178691575747274,13
1000RATS,short,2024-09-13 18:55:00+00:00,2024-09-13 19:00:00+00:00,2024-09-13 19:15:00+00:00,78575,78576,78579,0.10628,0.10690989393084191,0.10690989393084191,0.10502021213831618,stop,-0.5891820744386655,-0.6691820744386656,4
1000RATS,short,2024-09-15 14:35:00+00:00,2024-09-15 14:40:00+00:00,2024-09-15 18:25:00+00:00,79099,79100,79145,0.10634,0.10436616098522704,0.10731191950738647,0.10436616098522704,take_profit,1.8912634096528214,1.8112634096528215,46
1000RATS,short,2024-09-16 15:40:00+00:00,2024-09-16 15:45:00+00:00,2024-09-16 17:25:00+00:00,79400,79401,79421,0.09282,0.09368920377754637,0.09368920377754637,0.09111159244490724,stop,-0.9277523369823792,-1.0077523369823793,21
1000RATS,short,2024-09-16 17:30:00+00:00,2024-09-16 17:35:00+00:00,2024-09-16 18:40:00+00:00,79422,79423,79436,0.09292,0.09067163122361645,0.09405918438819177,0.09067163122361645,take_profit,2.4796827255027187,2.3996827255027187,14
1000RATS,long,2024-09-17 14:45:00+00:00,2024-09-17 14:50:00+00:00,2024-09-17 15:25:00+00:00,79677,79678,79685,0.09039,0.08923290858399306,0.08923290858399306,0.09276418283201389,stop,-1.280109985625555,-1.360109985625555,8
1000RATS,long,2024-09-17 17:00:00+00:00,2024-09-17 17:05:00+00:00,2024-09-17 18:15:00+00:00,79704,79705,79719,0.09006,0.08912945107682547,0.08912945107682547,0.09192109784634905,stop,-1.0332544116972264,-1.1132544116972265,15
1000RATS,long,2024-09-18 15:35:00+00:00,2024-09-18 15:40:00+00:00,2024-09-18 17:20:00+00:00,79975,79976,79996,0.10452,0.10301569713881807,0.10301569713881807,0.10749860572236387,stop,-1.4392488147550009,-1.519248814755001,21
1000RATS,long,2024-09-20 14:30:00+00:00,2024-09-20 14:35:00+00:00,2024-09-20 14:45:00+00:00,80538,80539,80541,0.1221,0.12037201612295602,0.12037201612295602,0.12570596775408793,stop,-1.4152202105192302,-1.4952202105192303,3
1000RATS,long,2024-09-20 14:55:00+00:00,2024-09-20 15:00:00+00:00,2024-09-20 15:10:00+00:00,80543,80544,80546,0.12224,0.12094228417166342,0.12094228417166342,0.12489543165667315,stop,-1.06161307946383,-1.1416130794638302,3
1000RATS,long,2024-09-20 15:50:00+00:00,2024-09-20 15:55:00+00:00,2024-09-20 16:10:00+00:00,80554,80555,80558,0.12316,0.12065280889768153,0.12065280889768153,0.12832438220463693,stop,-2.0357186605378996,-2.1157186605378997,4
1000RATS,long,2024-09-21 14:10:00+00:00,2024-09-21 14:15:00+00:00,2024-09-21 14:55:00+00:00,80822,80823,80831,0.12421,0.12756962298391344,0.12248518850804327,0.12756962298391344,take_profit,2.7047926768484443,2.624792676848444,9
1000RATS,short,2024-09-22 16:00:00+00:00,2024-09-22 16:05:00+00:00,2024-09-22 17:15:00+00:00,81132,81133,81147,0.13846,0.13980017919696786,0.13980017919696786,0.13583964160606427,stop,-0.9586391123860061,-1.0386391123860061,15
1000RATS,short,2024-09-22 18:35:00+00:00,2024-09-22 18:40:00+00:00,2024-09-22 20:30:00+00:00,81163,81164,81186,0.1386,0.1397538707171126,0.1397538707171126,0.13623225856577484,stop,-0.8256449078596462,-0.9056449078596462,23
1000RATS,short,2024-09-23 14:05:00+00:00,2024-09-23 14:10:00+00:00,2024-09-23 16:15:00+00:00,81397,81398,81423,0.1337,0.13058335301179747,0.13528832349410128,0.13058335301179747,take_profit,2.3867107991330183,2.3067107991330182,26
1000RATS,short,2024-09-24 17:05:00+00:00,2024-09-24 17:10:00+00:00,2024-09-24 19:15:00+00:00,81721,81722,81747,0.13793,0.13980358456060557,0.13980358456060557,0.13424283087878883,stop,-1.3401548797866258,-1.420154879786626,26
1000RATS,short,2024-09-24 19:50:00+00:00,2024-09-24 19:55:00+00:00,2024-09-24 21:20:00+00:00,81754,81755,81772,0.13807,0.13955564232011225,0.13955564232011225,0.1350987153597755,stop,-1.0645519560609995,-1.1445519560609996,18
1000RATS,long,2024-09-27 15:25:00+00:00,2024-09-27 15:30:00+00:00,2024-09-27 16:00:00+00:00,82565,82566,82572,0.16295,0.16088244603388774,0.16088244603388774,0.16729510793222452,stop,-1.2688272268255751,-1.3488272268255752,7
1000RATS,long,2024-09-27 16:15:00+00:00,2024-09-27 16:20:00+00:00,2024-09-27 17:50:00+00:00,82575,82576,82594,0.16303,0.15977766426062617,0.15977766426062617,0.16953467147874768,stop,-1.9949308344315964,-2.0749308344315964,19
1000RATS,short,2024-09-29 15:25:00+00:00,2024-09-29 15:30:00+00:00,2024-09-29 18:00:00+00:00,83141,83142,83172,0.14705,0.14861131882779072,0.14861131882779072,0.1438373623444186,stop,-1.050605593238807,-1.130605593238807,31
1000RATS,short,2024-09-30 17:35:00+00:00,2024-09-30 17:40:00+00:00,2024-09-30 18:50:00+00:00,83455,83456,83470,0.14562,0.1407269150045147,0.14808154249774266,0.1407269150045147,take_profit,3.4770072202096713,3.3970072202096713,15
1000RATS,short,2024-10-02 18:45:00+00:00,2024-10-02 18:50:00+00:00,2024-10-02 19:25:00+00:00,84045,84046,84053,0.11658,0.11876828551301606,0.11876828551301606,0.1122934289739679,stop,-1.8424830362447575,-1.9224830362447574,8
1000RATS,short,2024-10-02 19:55:00+00:00,2024-10-02 20:00:00+00:00,2024-10-02 20:30:00+00:00,84059,84060,84066,0.11617,0.11848855672424273,0.11848855672424273,0.11159288655151454,stop,-1.9567769144481106,-2.0367769144481107,7
1000RATS,short,2024-10-03 14:35:00+00:00,2024-10-03 14:40:00+00:00,2024-10-03 15:45:00+00:00,84283,84284,84297,0.11102,0.11251618731926888,0.11251618731926888,0.10802762536146222,stop,-1.3297529492564464,-1.4097529492564465,14
1000RATS,short,2024-10-03 16:05:00+00:00,2024-10-03 16:10:00+00:00,2024-10-03 17:10:00+00:00,84301,84302,84314,0.11112,0.10730656572764678,0.11301171713617661,0.10730656572764678,take_profit,3.553775341233112,3.473775341233112,13
1000RATS,long,2024-10-04 14:30:00+00:00,2024-10-04 14:35:00+00:00,2024-10-04 17:20:00+00:00,84570,84571,84604,0.11304,0.11570904459166423,0.11178047770416788,0.11570904459166423,take_profit,2.361150558797087,2.281150558797087,34
1000RATS,long,2024-10-05 14:15:00+00:00,2024-10-05 14:20:00+00:00,2024-10-05 19:20:00+00:00,84855,84856,84916,0.12175,0.12045989678579236,0.12045989678579236,0.12430020642841529,stop,-1.059633030150009,-1.139633030150009,61
1000RATS,long,2024-10-06 15:25:00+00:00,2024-10-06 15:30:00+00:00,2024-10-06 15:45:00+00:00,85157,85158,85161,0.12011,0.11923155303598355,0.11923155303598355,0.12183689392803289,stop,-0.7313687153579607,-0.8113687153579607,4
1000RATS,long,2024-10-06 16:00:00+00:00,2024-10-06 16:05:00+00:00,2024-10-06 17:10:00+00:00,85164,85165,85178,0.12071,0.11920719447552768,0.11920719447552768,0.12371561104894464,stop,-1.2449718535931797,-1.3249718535931798,14
1000RATS,long,2024-10-06 17:15:00+00:00,2024-10-06 17:20:00+00:00,2024-10-06 20:45:00+00:00,85179,85180,85221,0.12015,0.12349725579228965,0.11847637210385518,0.12349725579228965,take_profit,2.78589745508917,2.70589745508917,42
1000RATS,short,2024-10-08 14:20:00+00:00,2024-10-08 14:25:00+00:00,2024-10-08 15:45:00+00:00,85720,85721,85737,0.133,0.13518731658455638,0.13518731658455638,0.12859536683088724,stop,-1.6179894976968923,-1.6979894976968921,17
1000RATS,short,2024-10-08 16:05:00+00:00,2024-10-08 16:10:00+00:00,2024-10-08 17:15:00+00:00,85741,85742,85755,0.13338,0.13608085342748258,0.13608085342748258,0.1278582931450348,stop,-1.9847416880890312,-2.0647416880890312,14
1000RATS,long,2024-10-08 17:55:00+00:00,2024-10-08 18:00:00+00:00,2024-10-08 18:10:00+00:00,85763,85764,85766,0.13743,0.1360453092549442,0.1360453092549442,0.1402293814901116,stop,-1.0075607546065513,-1.0875607546065513,3
1000RATS,long,2024-10-09 14:35:00+00:00,2024-10-09 14:40:00+00:00,2024-10-09 16:05:00+00:00,86011,86012,86029,0.13257,0.13032935485361244,0.13032935485361244,0.13711129029277516,stop,-1.6901600259391691,-1.770160025939169,18
1000RATS,short,2024-10-09 16:10:00+00:00,2024-10-09 16:15:00+00:00,2024-10-09 17:05:00+00:00,86030,86031,86041,0.12918,0.1312185488676375,0.1312185488676375,0.12519290226472496,stop,-1.553552363769728,-1.6335523637697278,11
1000RATS,short,2024-10-09 17:30:00+00:00,2024-10-09 17:35:00+00:00,2024-10-09 17:45:00+00:00,86046,86047,86049,0.12978,0.131551348747328,0.131551348747328,0.126117302505344,stop,-1.3465074772667118,-1.426507477266712,3
1000RATS,short,2024-10-10 14:05:00+00:00,2024-10-10 14:10:00+00:00,2024-10-10 14:25:00+00:00,86293,86294,86297,0.12156,0.12239778785846529,0.12239778785846529,0.1198244242830694,stop,-0.6844795752632971,-0.7644795752632971,4
1000RATS,short,2024-10-10 16:50:00+00:00,2024-10-10 16:55:00+00:00,2024-10-10 18:25:00+00:00,86326,86327,86345,0.12147,0.11875320335077948,0.12281339832461026,0.11875320335077948,take_profit,2.2877670433828268,2.2077670433828267,19
1000RATS,short,2024-10-11 14:40:00+00:00,2024-10-11 14:45:00+00:00,2024-10-11 15:30:00+00:00,86588,86589,86598,0.12268,0.12431270941250483,0.12431270941250483,0.11938458117499035,stop,-1.3133889690128409,-1.393388969012841,10
1000RATS,long,2024-10-11 15:35:00+00:00,2024-10-11 15:40:00+00:00,2024-10-11 18:05:00+00:00,86599,86600,86629,0.12518,0.127605072242012,0.123997463878994,0.127605072242012,take_profit,1.9372681275059866,1.8572681275059868,30
1000RATS,short,2024-10-12 14:20:00+00:00,2024-10-12 14:25:00+00:00,2024-10-12 15:15:00+00:00,86872,86873,86883,0.13024,0.13141744012174017,0.13141744012174017,0.1278551197565197,stop,-0.8959542360963968,-0.9759542360963969,11
1000RATS,short,2024-10-13 16:25:00+00:00,2024-10-13 16:30:00+00:00,2024-10-13 17:00:00+00:00,87185,87186,87192,0.12743,0.12825151835143847,0.12825151835143847,0.12578696329712302,stop,-0.640552534580785,-0.720552534580785,7
1000RATS,short,2024-10-15 14:05:00+00:00,2024-10-15 14:10:00+00:00,2024-10-15 16:10:00+00:00,87733,87734,87758,0.14124,0.14260190488339025,0.14260190488339025,0.13845619023321953,stop,-0.95503975525707,-1.03503975525707,25
1000RATS,short,2024-10-15 16:15:00+00:00,2024-10-15 16:20:00+00:00,2024-10-15 17:10:00+00:00,87759,87760,87770,0.1413,0.14327555359646965,0.14327555359646965,0.1373188928070607,stop,-1.3788490408026766,-1.4588490408026766,11
1000RATS,short,2024-10-15 18:00:00+00:00,2024-10-15 18:05:00+00:00,2024-10-15 20:05:00+00:00,87780,87781,87805,0.14082,0.13692740989775204,0.14275129505112397,0.13692740989775204,take_profit,2.842812921937754,2.762812921937754,25
1000RATS,long,2024-10-16 14:15:00+00:00,2024-10-16 14:20:00+00:00,2024-10-16 14:55:00+00:00,88023,88024,88031,0.13212,0.1301645179870386,0.1301645179870386,0.13609096402592283,stop,-1.480080239904169,-1.560080239904169,8
1000RATS,short,2024-10-16 15:20:00+00:00,2024-10-16 15:25:00+00:00,2024-10-16 18:40:00+00:00,88036,88037,88076,0.12919,0.13104883236466353,0.13104883236466353,0.12532233527067296,stop,-1.4184272619011562,-1.4984272619011563,40
1000RATS,short,2024-10-17 14:25:00+00:00,2024-10-17 14:30:00+00:00,2024-10-17 16:15:00+00:00,88313,88314,88335,0.12352,0.12098535026298773,0.12480232486850613,0.12098535026298773,take_profit,2.0950054957089126,2.0150054957089125,22
1000RATS,long,2024-10-18 15:20:00+00:00,2024-10-18 15:25:00+00:00,2024-10-18 15:55:00+00:00,88612,88613,88619,0.12577,0.12469509987777724,0.12469509987777724,0.1279198002444455,stop,-0.8546554203886059,-0.9346554203886059,7
1000RATS,long,2024-10-20 14:10:00+00:00,2024-10-20 14:15:00+00:00,2024-10-21 16:55:00+00:00,89174,89175,89495,0.13058,0.1279391294263331,0.1279391294263331,0.13598174114733386,stop,-2.022415816868517,-2.102415816868517,321
1000RATS,long,2024-10-22 14:05:00+00:00,2024-10-22 14:10:00+00:00,2024-10-22 17:00:00+00:00,89749,89750,89784,0.12419,0.12321835508784776,0.12321835508784776,0.12613328982430447,stop,-0.782385789638651,-0.8623857896386511,35
1000RATS,short,2024-10-22 17:20:00+00:00,2024-10-22 17:25:00+00:00,2024-10-22 17:55:00+00:00,89788,89789,89795,0.12299,0.12114159531731922,0.1238542023413404,0.12114159531731922,take_profit,1.5258216451905282,1.4458216451905281,7
1000RATS,short,2024-10-23 14:20:00+00:00,2024-10-23 14:25:00+00:00,2024-10-23 15:15:00+00:00,90040,90041,90051,0.1177,0.11909856277440671,0.11909856277440671,0.11490287445118658,stop,-1.1742902196526295,-1.2542902196526295,11
1000RATS,short,2024-10-23 16:10:00+00:00,2024-10-23 16:15:00+00:00,2024-10-23 18:10:00+00:00,90062,90063,90086,0.11771,0.11543744430025141,0.11878627784987429,0.11543744430025141,take_profit,1.9686469269344586,1.8886469269344588,24
1000RATS,long,2024-10-24 14:15:00+00:00,2024-10-24 14:20:00+00:00,2024-10-24 14:45:00+00:00,90327,90328,90333,0.11397,0.11337722262278707,0.11337722262278707,0.11515555475442586,stop,-0.5201170283521406,-0.6001170283521406,6
1000RATS,short,2024-10-26 14:45:00+00:00,2024-10-26 14:50:00+00:00,2024-10-26 15:35:00+00:00,90909,90910,90919,0.10017,0.10151399323243998,0.10151399323243998,0.09754201353512004,stop,-1.323948738143521,-1.4039487381435212,10
1000RATS,long,2024-10-27 16:45:00+00:00,2024-10-27 16:50:00+00:00,2024-10-27 18:30:00+00:00,91221,91222,91242,0.10272,0.10145756576358239,0.10145756576358239,0.10530486847283521,stop,-1.229005292462626,-1.309005292462626,21
1000RATS,short,2024-10-28 14:25:00+00:00,2024-10-28 14:30:00+00:00,2024-10-28 14:50:00+00:00,91481,91482,91486,0.10059,0.1019446650276922,0.1019446650276922,0.0979706699446156,stop,-1.3288238549062137,-1.4088238549062138,5
1000RATS,short,2024-10-30 14:45:00+00:00,2024-10-30 14:50:00+00:00,2024-10-30 15:05:00+00:00,92061,92062,92065,0.11225,0.11285736469291276,0.11285736469291276,0.11106527061417448,stop,-0.5381701890394219,-0.618170189039422,4
1000RATS,short,2024-10-30 15:40:00+00:00,2024-10-30 15:45:00+00:00,2024-10-30 17:45:00+00:00,92072,92073,92097,0.11202,0.11039466363394192,0.11284766818302905,0.11039466363394192,take_profit,1.4722961351171238,1.3922961351171237,25
1000RATS,short,2024-10-31 15:30:00+00:00,2024-10-31 15:35:00+00:00,2024-10-31 17:05:00+00:00,92358,92359,92377,0.10665,0.10469126461055606,0.10767436769472197,0.10469126461055606,take_profit,1.8709635390596224,1.7909635390596226,19
1000RATS,short,2024-11-01 14:05:00+00:00,2024-11-01 14:10:00+00:00,2024-11-01 15:10:00+00:00,92629,92630,92642,0.0966,0.09493469959810566,0.09744765020094717,0.09493469959810566,take_profit,1.7541535486436333,1.6741535486436334,13
1000RATS,short,2024-11-01 19:35:00+00:00,2024-11-01 19:40:00+00:00,2024-11-01 21:30:00+00:00,92695,92696,92718,0.09659,0.09753618517264782,0.09753618517264782,0.09472762965470437,stop,-0.9700863028146878,-1.0500863028146878,23
1000RATS,long,2024-11-02 14:45:00+00:00,2024-11-02 14:50:00+00:00,2024-11-02 15:15:00+00:00,92925,92926,92931,0.099,0.09850089072922119,0.09850089072922119,0.10008821854155764,stop,-0.5041507785644606,-0.5841507785644606,6
1000RATS,short,2024-11-02 15:30:00+00:00,2024-11-02 15:35:00+00:00,2024-11-02 16:35:00+00:00,92934,92935,92947,0.09776,0.09864357770363985,0.09864357770363985,0.09593284459272028,stop,-0.8957275518680308,-0.9757275518680308,13
1000RATS,long,2024-11-04 15:10:00+00:00,2024-11-04 15:15:00+00:00,2024-11-04 16:30:00+00:00,93506,93507,93522,0.09374,0.09299259404822431,0.09299259404822431,0.09520481190355136,stop,-0.7973180624874066,-0.8773180624874066,16
1000RATS,long,2024-11-04 19:05:00+00:00,2024-11-04 19:10:00+00:00,2024-11-04 23:30:00+00:00,93553,93554,93606,0.09395,0.09243588258984234,0.09243588258984234,0.0968582348203153,stop,-1.6116204472141238,-1.6916204472141236,53
1000RATS,long,2024-11-05 18:00:00+00:00,2024-11-05 18:05:00+00:00,2024-11-05 18:50:00+00:00,93828,93829,93838,0.09515,0.09356514838176773,0.09356514838176773,0.09840970323646454,stop,-1.665634911436964,-1.7456349114369638,10
1000RATS,long,2024-11-06 15:20:00+00:00,2024-11-06 15:25:00+00:00,2024-11-06 15:45:00+00:00,94084,94085,94089,0.10441,0.10280346903406966,0.10280346903406966,0.10762306193186069,stop,-1.5386753816017062,-1.618675381601706,5
1000RATS,short,2024-11-08 15:05:00+00:00,2024-11-08 15:10:00+00:00,2024-11-08 18:55:00+00:00,94657,94658,94703,0.11568,0.11687547956115091,0.11687547956115091,0.11322904087769818,stop,-1.0228660157286518,-1.1028660157286518,46
1000RATS,short,2024-11-08 19:10:00+00:00,2024-11-08 19:15:00+00:00,2024-11-08 19:50:00+00:00,94706,94707,94714,0.11613,0.11687469605780079,0.11687469605780079,0.11461060788439842,stop,-0.6371747546042861,-0.7171747546042861,8
1000RATS,long,2024-11-09 15:05:00+00:00,2024-11-09 15:10:00+00:00,2024-11-09 15:15:00+00:00,94945,94946,94947,0.11701,0.115776355874539,0.115776355874539,0.11959728825092202,stop,-1.054306576754982,-1.134306576754982,2
1000RATS,long,2024-11-09 16:45:00+00:00,2024-11-09 16:50:00+00:00,2024-11-09 16:55:00+00:00,94965,94966,94967,0.11736,0.12297157040545126,0.11456921479727437,0.12297157040545126,take_profit,4.781501708803049,4.701501708803049,2
1000RATS,long,2024-11-10 19:30:00+00:00,2024-11-10 19:35:00+00:00,2024-11-10 20:20:00+00:00,95286,95287,95296,0.12761,0.12451691877703432,0.12451691877703432,0.1338261624459314,stop,-2.423854888304744,-2.503854888304744,10
1000RATS,long,2024-11-10 20:35:00+00:00,2024-11-10 20:40:00+00:00,2024-11-10 21:05:00+00:00,95299,95300,95305,0.12683,0.12453292043962615,0.12453292043962615,0.13136415912074773,stop,-1.8111484352076435,-1.8911484352076433,6
1000RATS,long,2024-11-11 20:55:00+00:00,2024-11-11 21:00:00+00:00,2024-11-11 21:10:00+00:00,95591,95592,95594,0.12819,0.12661823937316136,0.12661823937316136,0.1313635212536773,stop,-1.226117970854701,-1.306117970854701,3
1000RATS,long,2024-11-12 15:05:00+00:00,2024-11-12 15:10:00+00:00,2024-11-12 18:00:00+00:00,95809,95810,95844,0.12686,0.1313072755399399,0.12460636223003006,0.1313072755399399,take_profit,3.505656266703383,3.425656266703383,35
1000RATS,long,2024-11-12 18:15:00+00:00,2024-11-12 18:20:00+00:00,2024-11-12 18:45:00+00:00,95847,95848,95853,0.1274,0.12456499830475845,0.12456499830475845,0.13310000339048308,stop,-2.2252760559195894,-2.3052760559195895,6
1000RATS,short,2024-11-13 15:30:00+00:00,2024-11-13 15:35:00+00:00,2024-11-13 16:00:00+00:00,96102,96103,96108,0.09911,0.10176989518607749,0.10176989518607749,0.09367020962784504,stop,-2.6136365584479515,-2.6936365584479516,6
1000RATS,long,2024-11-14 15:05:00+00:00,2024-11-14 15:10:00+00:00,2024-11-14 15:40:00+00:00,96385,96386,96392,0.12327,0.12054568684592938,0.12054568684592938,0.12874862630814124,stop,-2.210037441446111,-2.290037441446111,7
1000RATS,short,2024-11-16 18:20:00+00:00,2024-11-16 18:25:00+00:00,2024-11-16 20:50:00+00:00,97000,97001,97030,0.11031,0.11190222826914266,0.11190222826914266,0.10706554346171468,stop,-1.4228744983639574,-1.5028744983639575,30
1000RATS,long,2024-11-16 20:55:00+00:00,2024-11-16 21:00:00+00:00,2024-11-16 21:10:00+00:00,97031,97032,97034,0.11297,0.11145329957959771,0.11145329957959771,0.11594340084080457,stop,-1.3425691957177022,-1.4225691957177022,3
1000RATS,long,2024-11-17 15:40:00+00:00,2024-11-17 15:45:00+00:00,2024-11-17 20:05:00+00:00,97256,97257,97309,0.11652,0.11309706322541892,0.11309706322541892,0.12336587354916216,stop,-2.9376388384664276,-3.0176388384664277,53
1000RATS,long,2024-11-18 15:30:00+00:00,2024-11-18 15:35:00+00:00,2024-11-18 16:00:00+00:00,97542,97543,97548,0.11209,0.11493560563365314,0.11065219718317343,0.11493560563365314,take_profit,2.5386793056054513,2.4586793056054512,6
1000RATS,long,2024-11-18 19:30:00+00:00,2024-11-18 19:35:00+00:00,2024-11-18 20:10:00+00:00,97590,97591,97598,0.11187,0.11049335147565509,0.11049335147565509,0.11456329704868984,stop,-1.2305788185795197,-1.3105788185795197,8
1000RATS,short,2024-11-18 20:25:00+00:00,2024-11-18 20:30:00+00:00,2024-11-18 21:50:00+00:00,97601,97602,97618,0.10951,0.11125046230256828,0.11125046230256828,0.10605907539486345,stop,-1.5644539955571135,-1.6444539955571134,17
1000RATS,short,2024-11-19 16:15:00+00:00,2024-11-19 16:20:00+00:00,2024-11-20 03:55:00+00:00,97839,97840,97979,0.10578,0.10772139878075393,0.10772139878075393,0.10192720243849213,stop,-1.8022405972515032,-1.882240597251503,140
1000RATS,short,2024-11-20 15:15:00+00:00,2024-11-20 15:20:00+00:00,2024-11-20 17:05:00+00:00,98115,98116,98137,0.10237,0.10323966503601908,0.10323966503601908,0.10069066992796182,stop,-0.8423749105691769,-0.922374910569177,22
1000RATS,short,2024-11-20 18:20:00+00:00,2024-11-20 18:25:00+00:00,2024-11-20 20:05:00+00:00,98152,98153,98173,0.1023,0.09909929685409498,0.10391535157295251,0.09909929685409498,take_profit,3.2297940020880933,3.1497940020880932,21
1000RATS,long,2024-11-23 15:10:00+00:00,2024-11-23 15:15:00+00:00,2024-11-24 01:15:00+00:00,98978,98979,99099,0.10284,0.10094105382079793,0.10094105382079793,0.10663789235840414,stop,-1.8465054251284196,-1.9265054251284195,121
1000RATS,long,2024-11-24 16:05:00+00:00,2024-11-24 16:10:00+00:00,2024-11-24 16:25:00+00:00,99277,99278,99281,0.10682,0.10554394385847067,0.10554394385847067,0.10934211228305867,stop,-1.1945854161480307,-1.2745854161480308,4
1000RATS,long,2024-11-25 17:55:00+00:00,2024-11-25 18:00:00+00:00,2024-11-25 19:10:00+00:00,99587,99588,99602,0.104,0.10247378545019964,0.10247378545019964,0.10702242909960072,stop,-1.4675139901926482,-1.5475139901926482,15
1000RATS,long,2024-11-25 20:05:00+00:00,2024-11-25 20:10:00+00:00,2024-11-25 20:40:00+00:00,99613,99614,99620,0.10395,0.10255835622571195,0.10255835622571195,0.10688328754857608,stop,-1.338762649627756,-1.4187626496277561,7
1000RATS,short,2024-11-28 15:05:00+00:00,2024-11-28 15:10:00+00:00,2024-11-28 18:30:00+00:00,100417,100418,100458,0.09876,0.10174300082182709,0.10174300082182709,0.09276399835634583,stop,-2.931897818751128,-3.011897818751128,41
1000RATS,short,2024-11-29 15:10:00+00:00,2024-11-29 15:15:00+00:00,2024-11-29 19:20:00+00:00,100706,100707,100756,0.10218,0.10382542830060669,0.10382542830060669,0.09888914339878664,stop,-1.5848028055734709,-1.6648028055734707,50
1000RATS,long,2024-11-30 15:20:00+00:00,2024-11-30 15:25:00+00:00,2024-11-30 15:50:00+00:00,100996,100997,101002,0.10747,0.10621153696810968,0.10621153696810968,0.10989692606378061,stop,-1.170990073406819,-1.2509900734068191,6
1000RATS,long,2024-12-01 15:05:00+00:00,2024-12-01 15:10:00+00:00,2024-12-01 17:30:00+00:00,101281,101282,101310,0.11156,0.10942893472149832,0.10942893472149832,0.11585213055700336,stop,-1.9102413754945147,-1.9902413754945145,29
1000RATS,short,2024-12-01 18:20:00+00:00,2024-12-01 18:25:00+00:00,2024-12-01 22:20:00+00:00,101320,101321,101368,0.10821,0.1093255990929241,0.1093255990929241,0.10594880181415182,stop,-1.020437209747982,-1.100437209747982,48
1000RATS,short,2024-12-02 16:20:00+00:00,2024-12-02 16:25:00+00:00,2024-12-02 17:40:00+00:00,101584,101585,101600,0.10153,0.09802017788686626,0.10326991105656687,0.09802017788686626,take_profit,3.5807138783044534,3.5007138783044534,16
1000RATS,long,2024-12-03 15:05:00+00:00,2024-12-03 15:10:00+00:00,2024-12-03 15:30:00+00:00,101857,101858,101862,0.10567,0.10752855037751821,0.1047257248112409,0.10752855037751821,take_profit,1.7588250000172279,1.678825000017228,5
1000RATS,long,2024-12-03 16:10:00+00:00,2024-12-03 16:15:00+00:00,2024-12-03 22:50:00+00:00,101870,101871,101950,0.10563,0.10369721634387749,0.10369721634387749,0.109555567312245,stop,-1.8297677327676953,-1.9097677327676952,80
1000RATS,short,2024-12-04 15:05:00+00:00,2024-12-04 15:10:00+00:00,2024-12-04 19:10:00+00:00,102145,102146,102194,0.12173,0.12420645248579748,0.12420645248579748,0.11674709502840502,stop,-1.9938195127830793,-2.0738195127830794,49
1000RATS,long,2024-12-04 19:40:00+00:00,2024-12-04 19:45:00+00:00,2024-12-04 21:15:00+00:00,102200,102201,102219,0.12503,0.12281754305479706,0.12281754305479706,0.12951491389040587,stop,-1.7695408663544354,-1.8495408663544353,19
1000RATS,long,2024-12-05 16:20:00+00:00,2024-12-05 16:25:00+00:00,2024-12-05 23:50:00+00:00,102448,102449,102538,0.12379,0.1281606547556715,0.12160467262216425,0.1281606547556715,take_profit,3.5307009901215824,3.4507009901215824,90
1000RATS,long,2024-12-06 15:05:00+00:00,2024-12-06 15:10:00+00:00,2024-12-06 17:50:00+00:00,102721,102722,102754,0.12881,0.1268688592752831,0.1268688592752831,0.13272228144943377,stop,-1.5069798344203855,-1.5869798344203854,33
1000RATS,short,2024-12-06 18:05:00+00:00,2024-12-06 18:10:00+00:00,2024-12-06 19:20:00+00:00,102757,102758,102772,0.1256,0.12125420434063416,0.1277728978296829,0.12125420434063416,take_profit,3.584037092155068,3.504037092155068,15
1000RATS,long,2024-12-07 15:15:00+00:00,2024-12-07 15:20:00+00:00,2024-12-07 15:30:00+00:00,103011,103012,103014,0.12745,0.12614619592142318,0.12614619592142318,0.13017760815715362,stop,-1.0229926077495732,-1.1029926077495733,3
1000RATS,long,2024-12-07 16:10:00+00:00,2024-12-07 16:15:00+00:00,2024-12-07 20:05:00+00:00,103022,103023,103069,0.12745,0.1318764277338379,0.12522178613308105,0.1318764277338379,take_profit,3.4730700147806104,3.3930700147806103,47
1000RATS,short,2024-12-08 15:05:00+00:00,2024-12-08 15:10:00+00:00,2024-12-08 15:20:00+00:00,103297,103298,103300,0.12924,0.1311555315291164,0.1311555315291164,0.12531893694176716,stop,-1.4605038055075625,-1.5405038055075626,3
1000RATS,long,2024-12-08 15:25:00+00:00,2024-12-08 15:30:00+00:00,2024-12-08 17:05:00+00:00,103301,103302,103321,0.13174,0.13028079898992365,0.13028079898992365,0.13468840202015273,stop,-1.1076370199456176,-1.1876370199456177,20
1000RATS,short,2024-12-08 17:15:00+00:00,2024-12-08 17:20:00+00:00,2024-12-08 17:35:00+00:00,103323,103324,103327,0.12902,0.12620278810214441,0.1303986059489278,0.12620278810214441,take_profit,2.2322897459091218,2.1522897459091217,4
1000RATS,short,2024-12-09 16:05:00+00:00,2024-12-09 16:10:00+00:00,2024-12-09 18:20:00+00:00,103597,103598,103624,0.12222,0.11741548746072938,0.12459225626963531,0.11741548746072938,take_profit,4.091889956916894,4.011889956916894,27
1000RATS,short,2024-12-10 20:35:00+00:00,2024-12-10 20:40:00+00:00,2024-12-10 21:15:00+00:00,103939,103940,103947,0.09378,0.09141945048533666,0.09497527475733167,0.09141945048533666,take_profit,2.582108623636903,2.502108623636903,8
1000RATS,long,2024-12-11 15:10:00+00:00,2024-12-11 15:15:00+00:00,2024-12-11 16:45:00+00:00,104162,104163,104181,0.0869,0.08591924017493827,0.08591924017493827,0.08883151965012345,stop,-1.128607393626857,-1.208607393626857,19
1000RATS,long,2024-12-11 17:10:00+00:00,2024-12-11 17:15:00+00:00,2024-12-11 17:40:00+00:00,104186,104187,104192,0.08689,0.08886423477731929,0.08585788261134036,0.08886423477731929,take_profit,2.272108156657038,2.1921081566570377,6
1000RATS,long,2024-12-13 15:05:00+00:00,2024-12-13 15:10:00+00:00,2024-12-13 15:35:00+00:00,104737,104738,104743,0.09285,0.09222193319260356,0.09222193319260356,0.09413613361479287,stop,-0.6764316719401586,-0.7564316719401587,6
1000RATS,short,2024-12-13 19:55:00+00:00,2024-12-13 20:00:00+00:00,2024-12-13 20:15:00+00:00,104795,104796,104799,0.09188,0.09268346670332762,0.09268346670332762,0.09036306659334477,stop,-0.8668932355534897,-0.9468932355534898,4
1000RATS,long,2024-12-13 20:25:00+00:00,2024-12-13 20:30:00+00:00,2024-12-13 20:45:00+00:00,104801,104802,104805,0.09286,0.09221723387804745,0.09221723387804745,0.09426553224390509,stop,-0.6921883716913046,-0.7721883716913047,4
1000RATS,long,2024-12-14 15:15:00+00:00,2024-12-14 15:20:00+00:00,2024-12-14 16:10:00+00:00,105027,105028,105038,0.09101,0.09028614762878202,0.09028614762878202,0.09248770474243596,stop,-0.795354764551115,-0.875354764551115,11
1000RATS,short,2024-12-14 16:20:00+00:00,2024-12-14 16:25:00+00:00,2024-12-14 17:00:00+00:00,105040,105041,105048,0.08999,0.09054904541800203,0.09054904541800203,0.08887190916399594,stop,-0.6173951535560662,-0.6973951535560663,8
1000RATS,long,2024-12-14 17:40:00+00:00,2024-12-14 17:45:00+00:00,2024-12-14 18:05:00+00:00,105056,105057,105061,0.09124,0.09048891630663751,0.09048891630663751,0.092712167386725,stop,-0.8231956306033461,-0.9031956306033462,5
1000RATS,short,2024-12-15 15:05:00+00:00,2024-12-15 15:10:00+00:00,2024-12-15 16:25:00+00:00,105313,105314,105329,0.08447,0.08299458117420833,0.08522270941289584,0.08299458117420833,take_profit,1.7777291058252542,1.6977291058252544,16
1000RATS,short,2024-12-15 18:00:00+00:00,2024-12-15 18:05:00+00:00,2024-12-15 18:35:00+00:00,105348,105349,105355,0.0845,0.08534337646425405,0.08534337646425405,0.08278324707149189,stop,-0.9882154880610949,-1.068215488061095,7
1000RATS,long,2024-12-15 18:40:00+00:00,2024-12-15 18:45:00+00:00,2024-12-15 22:20:00+00:00,105356,105357,105400,0.08585,0.08767253407644239,0.0849837329617788,0.08767253407644239,take_profit,2.1229284524663994,2.0429284524663993,44
1000RATS,long,2024-12-16 15:15:00+00:00,2024-12-16 15:20:00+00:00,2024-12-16 15:45:00+00:00,105603,105604,105609,0.08952,0.08849969525958426,0.08849969525958426,0.0915306094808315,stop,-1.1397506036815663,-1.2197506036815664,6
1000RATS,short,2024-12-16 15:50:00+00:00,2024-12-16 15:55:00+00:00,2024-12-16 16:20:00+00:00,105610,105611,105616,0.08786,0.08895754306307053,0.08895754306307053,0.08578491387385895,stop,-1.233783021966317,-1.3137830219663171,6
1000RATS,short,2024-12-16 17:05:00+00:00,2024-12-16 17:10:00+00:00,2024-12-16 18:45:00+00:00,105625,105626,105645,0.08806,0.0862677184310449,0.08894114078447755,0.0862677184310449,take_profit,2.0775808164993803,1.9975808164993805,20
1000RATS,short,2024-12-17 15:15:00+00:00,2024-12-17 15:20:00+00:00,2024-12-17 17:40:00+00:00,105891,105892,105920,0.08581,0.08661316986917471,0.08661316986917471,0.08417366026165059,stop,-0.9273068638266713,-1.0073068638266713,29
1000RATS,short,2024-12-17 18:10:00+00:00,2024-12-17 18:15:00+00:00,2024-12-17 18:30:00+00:00,105926,105927,105930,0.08567,0.08660536053155309,0.08660536053155309,0.08385927893689384,stop,-1.0800261390428667,-1.1600261390428668,4
1000RATS,long,2024-12-17 18:40:00+00:00,2024-12-17 18:45:00+00:00,2024-12-17 23:35:00+00:00,105932,105933,105991,0.08696,0.08598063027098281,0.08598063027098281,0.08888873945803438,stop,-1.1262301391641971,-1.2062301391641972,59
1000RATS,short,2024-12-18 15:30:00+00:00,2024-12-18 15:35:00+00:00,2024-12-18 18:10:00+00:00,106182,106183,106214,0.07843,0.07980454674010277,0.07980454674010277,0.07568090651979445,stop,-1.7223915130791023,-1.8023915130791022,32
1000RATS,short,2024-12-19 15:25:00+00:00,2024-12-19 15:30:00+00:00,2024-12-19 19:40:00+00:00,106469,106470,106520,0.06757,0.06824700391176877,0.06824700391176877,0.06624599217646246,stop,-0.991990670600007,-1.071990670600007,51
1000RATS,short,2024-12-19 20:05:00+00:00,2024-12-19 20:10:00+00:00,2024-12-19 20:20:00+00:00,106525,106526,106528,0.06761,0.06817742924533154,0.06817742924533154,0.06644514150933689,stop,-0.8322831347742476,-0.9122831347742477,3
1000RATS,short,2024-12-19 20:35:00+00:00,2024-12-19 20:40:00+00:00,2024-12-19 22:35:00+00:00,106531,106532,106555,0.06755,0.06609466650316051,0.06824766674841976,0.06609466650316051,take_profit,2.2018924882084123,2.1218924882084123,24
1000RATS,long,2024-12-21 15:10:00+00:00,2024-12-21 15:15:00+00:00,2024-12-21 16:20:00+00:00,107042,107043,107056,0.06886,0.07022056513019889,0.06817971743490056,0.07022056513019889,take_profit,1.9758424777793993,1.8958424777793994,14
1000RATS,long,2024-12-22 15:20:00+00:00,2024-12-22 15:25:00+00:00,2024-12-22 18:45:00+00:00,107332,107333,107373,0.0616,0.06354210841612146,0.060628945791939275,0.06354210841612146,take_profit,3.152773402794562,3.072773402794562,41
1000RATS,short,2024-12-23 15:05:00+00:00,2024-12-23 15:10:00+00:00,2024-12-23 18:05:00+00:00,107617,107618,107653,0.06276,0.06395161457640003,0.06395161457640003,0.06040677084719996,stop,-1.8633064767684115,-1.9433064767684114,36
1000RATS,short,2024-12-25 16:35:00+00:00,2024-12-25 16:40:00+00:00,2024-12-25 19:15:00+00:00,108211,108212,108243,0.06883,0.06984121566579349,0.06984121566579349,0.06677756866841304,stop,-1.447878099133304,-1.527878099133304,32
1000RATS,long,2024-12-25 19:20:00+00:00,2024-12-25 19:25:00+00:00,2024-12-25 19:35:00+00:00,108244,108245,108247,0.07039,0.06950661219723327,0.06950661219723327,0.07218677560553348,stop,-1.2549904855330696,-1.3349904855330696,3
1000RATS,short,2024-12-25 19:45:00+00:00,2024-12-25 19:50:00+00:00,2024-12-25 22:55:00+00:00,108249,108250,108287,0.06917,0.06997721737492686,0.06997721737492686,0.06755556525014626,stop,-1.1535431176148747,-1.2335431176148748,38
1000RATS,short,2024-12-26 15:30:00+00:00,2024-12-26 15:35:00+00:00,2024-12-26 17:20:00+00:00,108486,108487,108508,0.06491,0.06351337053145181,0.0656233147342741,0.06351337053145181,take_profit,2.1989534752475004,2.1189534752475003,22
1000RATS,long,2024-12-27 15:40:00+00:00,2024-12-27 15:45:00+00:00,2024-12-27 16:30:00+00:00,108776,108777,108786,0.06353,0.06299406516952195,0.06299406516952195,0.06457186966095607,stop,-0.8435933109996019,-0.923593310999602,10
1000RATS,long,2024-12-27 17:00:00+00:00,2024-12-27 17:05:00+00:00,2024-12-27 18:05:00+00:00,108792,108793,108805,0.06341,0.06586692217392782,0.062166538913036085,0.06586692217392782,take_profit,3.874660422532461,3.794660422532461,13
1000RATS,short,2024-12-28 15:25:00+00:00,2024-12-28 15:30:00+00:00,2024-12-28 16:45:00+00:00,109061,109062,109077,0.06375,0.06292389701512555,0.06419305149243722,0.06292389701512555,take_profit,1.3128604934876664,1.2328604934876664,16
1000RATS,short,2024-12-28 19:10:00+00:00,2024-12-28 19:15:00+00:00,2024-12-28 22:20:00+00:00,109106,109107,109144,0.06381,0.06436196973629477,0.06436196973629477,0.06270606052741048,stop,-0.8576023054550741,-0.9376023054550742,38
1000RATS,short,2024-12-29 15:05:00+00:00,2024-12-29 15:10:00+00:00,2024-12-29 15:30:00+00:00,109345,109346,109350,0.06671,0.06721354785973772,0.06721354785973772,0.06570290428052457,stop,-0.749176134532481,-0.8291761345324811,5
1000RATS,long,2024-12-29 15:50:00+00:00,2024-12-29 15:55:00+00:00,2024-12-29 20:15:00+00:00,109354,109355,109407,0.06751,0.06702131085877347,0.06702131085877347,0.06845737828245307,stop,-0.7238766719397605,-0.8038766719397605,53
1000RATS,short,2024-12-29 20:50:00+00:00,2024-12-29 20:55:00+00:00,2024-12-29 21:30:00+00:00,109414,109415,109422,0.06678,0.06608165788395418,0.06712917105802292,0.06608165788395418,take_profit,1.0567866158445849,0.9767866158445848,8
1000RATS,long,2024-12-30 15:15:00+00:00,2024-12-30 15:20:00+00:00,2024-12-30 16:30:00+00:00,109635,109636,109650,0.06524,0.06446446957012582,0.06446446957012582,0.06673106085974836,stop,-1.1887345644914005,-1.2687345644914005,15
1000RATS,long,2024-12-30 17:00:00+00:00,2024-12-30 17:05:00+00:00,2024-12-30 19:50:00+00:00,109656,109657,109690,0.06517,0.06434505251957497,0.06434505251957497,0.06690989496085005,stop,-1.2658393132193302,-1.3458393132193303,34
1000RATS,long,2024-12-30 20:25:00+00:00,2024-12-30 20:30:00+00:00,2024-12-30 22:50:00+00:00,109697,109698,109726,0.06518,0.06436908539992534,0.06436908539992534,0.06677182920014935,stop,-1.2441156797708852,-1.3241156797708853,29
1000RATS,short,2025-01-01 15:20:00+00:00,2025-01-01 15:25:00+00:00,2025-01-01 17:00:00+00:00,110212,110213,110232,0.06353,0.0639602994476299,0.0639602994476299,0.06269940110474019,stop,-0.6727602142985956,-0.7527602142985956,20
1000RATS,short,2025-01-01 17:10:00+00:00,2025-01-01 17:15:00+00:00,2025-01-01 17:25:00+00:00,110234,110235,110237,0.06356,0.06301797082615831,0.06381601458692084,0.06301797082615831,take_profit,0.8601184181841415,0.7801184181841414,3
1000RATS,long,2025-01-02 16:15:00+00:00,2025-01-02 16:20:00+00:00,2025-01-02 18:55:00+00:00,110511,110512,110543,0.06531,0.06628053511554591,0.06482473244222706,0.06628053511554591,take_profit,1.4860436618372441,1.406043661837244,32
1000RATS,short,2025-01-03 16:05:00+00:00,2025-01-03 16:10:00+00:00,2025-01-03 18:05:00+00:00,110797,110798,110821,0.06448,0.06492094264052008,0.06492094264052008,0.06362811471895986,stop,-0.6791993809480923,-0.7591993809480924,24
1000RATS,long,2025-01-04 15:15:00+00:00,2025-01-04 15:20:00+00:00,2025-01-04 16:05:00+00:00,111075,111076,111085,0.0712,0.07342952233222563,0.07011523883388719,0.07342952233222563,take_profit,3.1313515902045452,3.051351590204545,10
1000RATS,short,2025-01-05 17:05:00+00:00,2025-01-05 17:10:00+00:00,2025-01-05 20:15:00+00:00,111385,111386,111423,0.07274,0.07355250168836544,0.07355250168836544,0.07108499662326913,stop,-1.1046554090137217,-1.1846554090137218,38
1000RATS,short,2025-01-07 16:20:00+00:00,2025-01-07 16:25:00+00:00,2025-01-07 18:45:00+00:00,111952,111953,111981,0.07022,0.06937149101140236,0.07062925449429881,0.06937149101140236,take_profit,1.2231378859338227,1.1431378859338226,29
1000RATS,short,2025-01-08 15:15:00+00:00,2025-01-08 15:20:00+00:00,2025-01-09 01:40:00+00:00,112227,112228,112352,0.05807,0.05582400422092659,0.059177997889536704,0.05582400422092659,take_profit,4.023351263346764,3.943351263346764,125
1000RATS,short,2025-01-09 16:10:00+00:00,2025-01-09 16:15:00+00:00,2025-01-09 16:25:00+00:00,112526,112527,112529,0.05244,0.05154478152574719,0.0528726092371264,0.05154478152574719,take_profit,1.7367780942201483,1.6567780942201484,3
1000RATS,short,2025-01-09 17:45:00+00:00,2025-01-09 17:50:00+00:00,2025-01-09 18:05:00+00:00,112545,112546,112549,0.05243,0.05303351311096936,0.05303351311096936,0.051282973778061264,stop,-1.1379844094177805,-1.2179844094177805,4
1000RATS,short,2025-01-09 19:30:00+00:00,2025-01-09 19:35:00+00:00,2025-01-09 19:50:00+00:00,112566,112567,112570,0.05242,0.05310852112679795,0.05310852112679795,0.0510429577464041,stop,-1.2964419121257231,-1.3764419121257232,4
1000RATS,long,2025-01-10 15:05:00+00:00,2025-01-10 15:10:00+00:00,2025-01-10 15:30:00+00:00,112801,112802,112806,0.05508,0.05409546881850329,0.05409546881850329,0.057109062362993436,stop,-1.7874567565299704,-1.8674567565299702,5
1000RATS,long,2025-01-10 16:30:00+00:00,2025-01-10 16:35:00+00:00,2025-01-10 22:30:00+00:00,112818,112819,112890,0.05528,0.05451979295580813,0.05451979295580813,0.05674041408838373,stop,-1.3751936399997722,-1.4551936399997722,72
1000RATS,short,2025-01-11 16:15:00+00:00,2025-01-11 16:20:00+00:00,2025-01-11 18:30:00+00:00,113103,113104,113130,0.05369,0.05409070429229165,0.05409070429229165,0.052978591415416686,stop,-0.7408006561096969,-0.820800656109697,27
1000RATS,long,2025-01-11 20:15:00+00:00,2025-01-11 20:20:00+00:00,2025-01-11 21:05:00+00:00,113151,113152,113161,0.05457,0.05408085405669059,0.05408085405669059,0.055578291886618815,stop,-0.896364198844446,-0.976364198844446,10
1000RATS,short,2025-01-12 15:55:00+00:00,2025-01-12 16:00:00+00:00,2025-01-12 18:35:00+00:00,113387,113388,113419,0.05334,0.052689164348078577,0.05366541782596071,0.052689164348078577,take_profit,1.2352362387488824,1.1552362387488824,32
1000RATS,short,2025-01-13 15:35:00+00:00,2025-01-13 15:40:00+00:00,2025-01-13 17:10:00+00:00,113671,113672,113690,0.04991,0.048840778929968735,0.05044461053501564,0.048840778929968735,take_profit,2.1891974154719884,2.1091974154719884,19
1000RATS,long,2025-01-14 15:25:00+00:00,2025-01-14 15:30:00+00:00,2025-01-14 16:35:00+00:00,113957,113958,113971,0.04925,0.04880078238611746,0.04880078238611746,0.05017843522776508,stop,-0.912116982502631,-0.992116982502631,14
1000RATS,long,2025-01-14 17:10:00+00:00,2025-01-14 17:15:00+00:00,2025-01-14 18:35:00+00:00,113978,113979,113995,0.04918,0.05012748146677802,0.048721259266610986,0.05012748146677802,take_profit,1.9265584928385815,1.8465584928385816,17
1000RATS,short,2025-01-15 15:05:00+00:00,2025-01-15 15:10:00+00:00,2025-01-15 16:15:00+00:00,114241,114242,114255,0.05039,0.050796836772175766,0.050796836772175766,0.04963632645564848,stop,-0.8009096590018694,-0.8809096590018695,14
1000RATS,short,2025-01-15 16:50:00+00:00,2025-01-15 16:55:00+00:00,2025-01-15 18:25:00+00:00,114262,114263,114281,0.05043,0.049494204869532356,0.05086789756523383,0.049494204869532356,take_profit,1.890716565574535,1.8107165655745352,19
1000RATS,short,2025-01-16 17:15:00+00:00,2025-01-16 17:20:00+00:00,2025-01-16 17:50:00+00:00,114555,114556,114562,0.05316,0.05201940936034167,0.05374529531982917,0.05201940936034167,take_profit,2.1926251252823548,2.1126251252823547,7
1000RATS,long,2025-01-17 15:15:00+00:00,2025-01-17 15:20:00+00:00,2025-01-17 15:45:00+00:00,114819,114820,114825,0.05371,0.05346717457754912,0.05346717457754912,0.054165650844901755,stop,-0.4521046778083848,-0.5321046778083849,6
1000RATS,long,2025-01-17 16:40:00+00:00,2025-01-17 16:45:00+00:00,2025-01-17 17:30:00+00:00,114836,114837,114846,0.05376,0.05442600941208736,0.05342699529395632,0.05442600941208736,take_profit,1.2388567933172556,1.1588567933172556,10
1000RATS,short,2025-01-18 16:10:00+00:00,2025-01-18 16:15:00+00:00,2025-01-18 17:05:00+00:00,115118,115119,115129,0.05059,0.04932058494187662,0.05120970752906169,0.04932058494187662,take_profit,2.573803736552116,2.493803736552116,11
1000RATS,short,2025-01-19 15:45:00+00:00,2025-01-19 15:50:00+00:00,2025-01-19 17:15:00+00:00,115401,115402,115419,0.0483,0.0469460808794734,0.0489619595602633,0.0469460808794734,take_profit,2.8839875345560317,2.8039875345560317,18
1000RATS,short,2025-01-21 16:50:00+00:00,2025-01-21 16:55:00+00:00,2025-01-21 18:05:00+00:00,115990,115991,116005,0.03408,0.03477617120095962,0.03477617120095962,0.03268765759808076,stop,-2.0018627034491088,-2.081862703449109,15
1000RATS,long,2025-01-21 20:45:00+00:00,2025-01-21 20:50:00+00:00,2025-01-21 21:50:00+00:00,116037,116038,116050,0.03597,0.035466995191411804,0.035466995191411804,0.037006009617176386,stop,-1.398400913506248,-1.4784009135062481,13
1000RATS,long,2025-01-22 15:05:00+00:00,2025-01-22 15:10:00+00:00,2025-01-22 17:05:00+00:00,116257,116258,116281,0.03713,0.036724461303969724,0.036724461303969724,0.03791107739206055,stop,-1.0922130245900274,-1.1722130245900275,24
1000RATS,short,2025-01-22 17:20:00+00:00,2025-01-22 17:25:00+00:00,2025-01-22 17:50:00+00:00,116284,116285,116290,0.03643,0.036879237498567904,0.036879237498567904,0.035441525002864196,stop,-1.2181312007477185,-1.2981312007477186,6
1000RATS,long,2025-01-22 17:55:00+00:00,2025-01-22 18:00:00+00:00,2025-01-22 19:35:00+00:00,116291,116292,116311,0.03707,0.036675333453805636,0.036675333453805636,0.037829333092388735,stop,-1.064652134325228,-1.144652134325228,20
1000RATS,short,2025-01-23 15:35:00+00:00,2025-01-23 15:40:00+00:00,2025-01-23 16:00:00+00:00,116551,116552,116556,0.03603,0.036362496289087366,0.036362496289087366,0.035365007421825266,stop,-0.9143934630999273,-0.9943934630999274,5
1000RATS,long,2025-01-24 16:00:00+00:00,2025-01-24 16:05:00+00:00,2025-01-25 04:05:00+00:00,116844,116845,116989,0.03577,0.03516193451800631,0.03516193451800631,0.03698613096398739,stop,-1.6999314565101842,-1.779931456510184,145
1000RATS,short,2025-01-25 16:05:00+00:00,2025-01-25 16:10:00+00:00,2025-01-25 19:05:00+00:00,117133,117134,117169,0.03286,0.03230030490214422,0.03313984754892789,0.03230030490214422,take_profit,1.7327858035749433,1.6527858035749434,36
1000RATS,short,2025-01-26 16:25:00+00:00,2025-01-26 16:30:00+00:00,2025-01-26 18:05:00+00:00,117425,117426,117445,0.03396,0.03426771648193281,0.03426771648193281,0.03337456703613438,stop,-0.8979777864540628,-0.9779777864540629,20
1000RATS,long,2025-01-26 18:15:00+00:00,2025-01-26 18:20:00+00:00,2025-01-26 18:40:00+00:00,117447,117448,117452,0.03456,0.034087558338748075,0.034087558338748075,0.03547488332250384,stop,-1.367018695752098,-1.447018695752098,5
1000RATS,short,2025-01-26 18:50:00+00:00,2025-01-26 18:55:00+00:00,2025-01-26 20:05:00+00:00,117454,117455,117469,0.03399,0.034288895133422134,0.034288895133422134,0.03342220973315574,stop,-0.8716966010689386,-0.9516966010689387,15
1000RATS,short,2025-01-27 15:35:00+00:00,2025-01-27 15:40:00+00:00,2025-01-27 16:20:00+00:00,117703,117704,117712,0.02843,0.027545779480710672,0.028857110259644665,0.027545779480710672,take_profit,3.2100036229089746,3.1300036229089745,9
1000RATS,long,2025-01-29 15:15:00+00:00,2025-01-29 15:20:00+00:00,2025-01-29 17:00:00+00:00,118275,118276,118296,0.02859,0.029314316651801575,0.028227841674099214,0.029314316651801575,take_profit,2.533461531310155,2.453461531310155,21
1000RATS,long,2025-01-30 15:05:00+00:00,2025-01-30 15:10:00+00:00,2025-01-30 16:10:00+00:00,118561,118562,118574,0.03025,0.02992669858103157,0.02992669858103157,0.030896602837936854,stop,-1.0687650213832334,-1.1487650213832334,13
1000RATS,long,2025-01-30 16:55:00+00:00,2025-01-30 17:00:00+00:00,2025-01-30 17:55:00+00:00,118583,118584,118595,0.0302,0.030903195271418844,0.02984840236429058,0.030903195271418844,take_profit,2.328461163638562,2.248461163638562,12
1000RATS,long,2025-01-30 20:15:00+00:00,2025-01-30 20:20:00+00:00,2025-01-30 21:35:00+00:00,118623,118624,118639,0.0302,0.030674331666717194,0.029977834166641404,0.030674331666717194,take_profit,1.5706346580039554,1.4906346580039553,16
1000RATS,short,2025-01-31 15:15:00+00:00,2025-01-31 15:20:00+00:00,2025-01-31 16:15:00+00:00,118851,118852,118863,0.03018,0.030535367319196434,0.030535367319196434,0.029499265361607137,stop,-1.163789239807278,-1.243789239807278,12
1000RATS,short,2025-01-31 16:45:00+00:00,2025-01-31 16:50:00+00:00,2025-01-31 18:55:00+00:00,118869,118870,118895,0.03018,0.0304708090754947,0.0304708090754947,0.029658381849010606,stop,-0.9543858017494355,-1.0343858017494356,26
1000RATS,short,2025-01-31 19:15:00+00:00,2025-01-31 19:20:00+00:00,2025-01-31 19:40:00+00:00,118899,118900,118904,0.03024,0.03055659524562072,0.03055659524562072,0.029606809508758557,stop,-1.0360946403742188,-1.116094640374219,5
1000RATS,short,2025-02-01 15:10:00+00:00,2025-02-01 15:15:00+00:00,2025-02-01 15:45:00+00:00,119138,119139,119145,0.03091,0.03043589337413034,0.03113205331293483,0.03043589337413034,take_profit,1.5577220620461185,1.4777220620461184,7
1000RATS,short,2025-02-02 18:15:00+00:00,2025-02-02 18:20:00+00:00,2025-02-02 18:45:00+00:00,119463,119464,119469,0.02513,0.025350151447253496,0.025350151447253496,0.024659697105493008,stop,-0.8684423353902626,-0.9484423353902627,6
1000RATS,short,2025-02-02 19:00:00+00:00,2025-02-02 19:05:00+00:00,2025-02-02 20:40:00+00:00,119472,119473,119492,0.02511,0.024519136426614,0.025420431786693,0.024519136426614,take_profit,2.409805806800991,2.329805806800991,20
1000RATS,short,2025-02-04 16:45:00+00:00,2025-02-04 16:50:00+00:00,2025-02-04 18:20:00+00:00,120021,120022,120040,0.0184,0.018707396328593095,0.018707396328593095,0.01775520734281381,stop,-1.6431807141609522,-1.723180714160952,19
1000RATS,long,2025-02-06 15:35:00+00:00,2025-02-06 15:40:00+00:00,2025-02-06 16:20:00+00:00,120583,120584,120592,0.01891,0.01865091105155004,0.01865091105155004,0.019428177896899917,stop,-1.370116067953242,-1.450116067953242,9
1000RATS,short,2025-02-06 16:30:00+00:00,2025-02-06 16:35:00+00:00,2025-02-06 20:15:00+00:00,120594,120595,120639,0.01849,0.017891387498471835,0.018789306250764082,0.017891387498471835,take_profit,3.3458137418313383,3.265813741831338,45
1000RATS,short,2025-02-07 15:25:00+00:00,2025-02-07 15:30:00+00:00,2025-02-07 16:00:00+00:00,120869,120870,120876,0.01699,0.017263357454335097,0.017263357454335097,0.0164132850913298,stop,-1.5834547541414112,-1.663454754141411,7
1000RATS,long,2025-02-07 16:15:00+00:00,2025-02-07 16:20:00+00:00,2025-02-07 22:45:00+00:00,120879,120880,120957,0.0176,0.018503368368257167,0.01713331581587142,0.018503368368257167,take_profit,5.132774819642982,5.052774819642982,78
1000RATS,long,2025-02-08 15:10:00+00:00,2025-02-08 15:15:00+00:00,2025-02-08 15:55:00+00:00,121154,121155,121163,0.01712,0.016969058277896135,0.016969058277896135,0.01739188344420773,stop,-0.8816689375225728,-0.9616689375225729,9
1000RATS,long,2025-02-08 16:30:00+00:00,2025-02-08 16:35:00+00:00,2025-02-08 22:15:00+00:00,121170,121171,121239,0.01713,0.017597626264050578,0.01689618686797471,0.017597626264050578,take_profit,2.7298672740839303,2.64986727408393,69
1000RATS,long,2025-02-09 15:50:00+00:00,2025-02-09 15:55:00+00:00,2025-02-09 16:45:00+00:00,121450,121451,121461,0.01829,0.018648606384690517,0.018125696807654742,0.018648606384690517,take_profit,1.9606691344478788,1.880669134447879,11
1000RATS,short,2025-02-10 15:25:00+00:00,2025-02-10 15:30:00+00:00,2025-02-10 17:05:00+00:00,121733,121734,121753,0.01679,0.01700456582544783,0.01700456582544783,0.016360868349104336,stop,-1.2618130192229127,-1.3418130192229127,20
1000RATS,short,2025-02-12 15:25:00+00:00,2025-02-12 15:30:00+00:00,2025-02-12 16:30:00+00:00,122309,122310,122322,0.01688,0.017039607460360286,0.017039607460360286,0.016560785079279425,stop,-0.9366850775851865,-1.0166850775851866,13
1000RATS,short,2025-02-12 16:45:00+00:00,2025-02-12 16:50:00+00:00,2025-02-12 19:00:00+00:00,122325,122326,122352,0.01693,0.017111019201768454,0.017111019201768454,0.016567961596463093,stop,-1.0579101082987763,-1.1379101082987764,27
1000RATS,short,2025-02-12 19:10:00+00:00,2025-02-12 19:15:00+00:00,2025-02-12 20:45:00+00:00,122354,122355,122373,0.01692,0.01708641932950188,0.01708641932950188,0.016617161340996243,stop,-0.9739859843807874,-1.0539859843807875,19
1000RATS,short,2025-02-14 15:35:00+00:00,2025-02-14 15:40:00+00:00,2025-02-14 16:00:00+00:00,122887,122888,122892,0.017,0.01714431027099001,0.01714431027099001,0.016681379458019983,stop,-0.841738563459149,-0.9217385634591491,5
1000RATS,long,2025-02-14 16:10:00+00:00,2025-02-14 16:15:00+00:00,2025-02-14 18:10:00+00:00,122894,122895,122918,0.01721,0.01749014617961075,0.017069926910194624,0.01749014617961075,take_profit,1.6278104567736928,1.5478104567736928,24
1000RATS,short,2025-02-15 15:55:00+00:00,2025-02-15 16:00:00+00:00,2025-02-15 17:00:00+00:00,123179,123180,123192,0.01854,0.018776162665234904,0.018776162665234904,0.018067674669530194,stop,-1.2577791822829254,-1.3377791822829255,13
1000RATS,long,2025-02-15 17:15:00+00:00,2025-02-15 17:20:00+00:00,2025-02-15 23:05:00+00:00,123195,123196,123265,0.0196,0.018912008894531804,0.018912008894531804,0.02097598221093639,stop,-3.510158701368349,-3.590158701368349,70
1000RATS,long,2025-02-16 15:30:00+00:00,2025-02-16 15:35:00+00:00,2025-02-17 03:25:00+00:00,123462,123463,123605,0.01843,0.01775075803145179,0.01775075803145179,0.019788483937096413,stop,-3.6855234321660713,-3.7655234321660713,143
1000RATS,short,2025-02-17 15:15:00+00:00,2025-02-17 15:20:00+00:00,2025-02-18 15:00:00+00:00,123747,123748,124032,0.01873,0.01618138844714273,0.019989305776428636,0.01618138844714273,take_profit,15.750264949033443,15.670264949033443,285
1000RATS,short,2025-02-18 15:10:00+00:00,2025-02-18 15:15:00+00:00,2025-02-18 18:20:00+00:00,124034,124035,124072,0.01605,0.01636928947937898,0.01636928947937898,0.015381421041242037,stop,-1.9505396357074822,-2.0305396357074823,38
1000RATS,long,2025-02-19 15:05:00+00:00,2025-02-19 15:10:00+00:00,2025-02-19 16:40:00+00:00,124321,124322,124340,0.0166,0.017101936836667178,0.016334031581666412,0.017101936836667178,take_profit,3.0237158835372258,2.9437158835372257,19
1000RATS,short,2025-02-20 15:05:00+00:00,2025-02-20 15:10:00+00:00,2025-02-20 16:30:00+00:00,124609,124610,124626,0.01728,0.017479979761223445,0.017479979761223445,0.016820040477553113,stop,-1.1440503018605774,-1.2240503018605775,17
1000RATS,short,2025-02-20 17:30:00+00:00,2025-02-20 17:35:00+00:00,2025-02-20 19:15:00+00:00,124638,124639,124659,0.0173,0.017509745323337458,0.017509745323337458,0.016880509353325083,stop,-1.1978776359351406,-1.2778776359351407,21
1000RATS,long,2025-02-20 19:35:00+00:00,2025-02-20 19:40:00+00:00,2025-02-20 20:15:00+00:00,124663,124664,124671,0.01759,0.01746739378532215,0.01746739378532215,0.017835212429355707,stop,-0.6970222551327621,-0.7770222551327621,8
1000RATS,long,2025-02-21 15:15:00+00:00,2025-02-21 15:20:00+00:00,2025-02-21 15:40:00+00:00,124899,124900,124904,0.01815,0.018705762213836342,0.01785711889308183,0.018705762213836342,take_profit,3.0620507649385287,2.9820507649385286,5
1000RATS,long,2025-02-22 16:25:00+00:00,2025-02-22 16:30:00+00:00,2025-02-22 17:05:00+00:00,125201,125202,125209,0.02062,0.021565116403484023,0.02013244179825799,0.021565116403484023,take_profit,4.5834937123376385,4.503493712337638,8
1000RATS,short,2025-02-24 16:05:00+00:00,2025-02-24 16:10:00+00:00,2025-02-24 17:25:00+00:00,125773,125774,125789,0.0196,0.018624633132525506,0.020087683433737246,0.018624633132525506,take_profit,5.236972242804305,5.156972242804305,16
1000RATS,long,2025-02-25 15:45:00+00:00,2025-02-25 15:50:00+00:00,2025-02-25 16:00:00+00:00,126057,126058,126060,0.02042,0.019974606497616596,0.019974606497616596,0.02131078700476681,stop,-2.181163087088167,-2.261163087088167,3
1000RATS,short,2025-02-25 16:05:00+00:00,2025-02-25 16:10:00+00:00,2025-02-25 16:45:00+00:00,126061,126062,126069,0.01958,0.020094767644251676,0.020094767644251676,0.018580464711496648,stop,-2.5616999079804303,-2.6416999079804304,8
1000RATS,long,2025-02-25 17:00:00+00:00,2025-02-25 17:05:00+00:00,2025-02-25 17:20:00+00:00,126072,126073,126076,0.02049,0.02221172831904281,0.019674135840478595,0.02221172831904281,take_profit,8.40277364100932,8.32277364100932,4
1000RATS,long,2025-02-26 15:50:00+00:00,2025-02-26 15:55:00+00:00,2025-02-26 16:20:00+00:00,126346,126347,126352,0.02522,0.024808839847329386,0.024808839847329386,0.026042320305341225,stop,-1.630294023277612,-1.7102940232776118,6
1000RATS,short,2025-02-26 16:35:00+00:00,2025-02-26 16:40:00+00:00,2025-02-26 17:00:00+00:00,126355,126356,126360,0.02426,0.024778337357563678,0.024778337357563678,0.023223325284872646,stop,-2.091897249132635,-2.171897249132635,5
1000RATS,short,2025-02-26 17:05:00+00:00,2025-02-26 17:10:00+00:00,2025-02-26 23:15:00+00:00,126361,126362,126435,0.0242,0.024872772426152764,0.024872772426152764,0.02282445514769447,stop,-2.704854990131178,-2.784854990131178,74
1000RATS,long,2025-02-27 15:20:00+00:00,2025-02-27 15:25:00+00:00,2025-02-27 17:15:00+00:00,126628,126629,126651,0.02626,0.02582818899733537,0.02582818899733537,0.027123622005329258,stop,-1.6443678700100106,-1.7243678700100105,23
1000RATS,short,2025-02-27 17:30:00+00:00,2025-02-27 17:35:00+00:00,2025-02-27 17:45:00+00:00,126654,126655,126657,0.02529,0.025760952376213023,0.025760952376213023,0.024318095247573956,stop,-1.8281636848484162,-1.908163684848416,3
1000RATS,short,2025-02-27 18:00:00+00:00,2025-02-27 18:05:00+00:00,2025-02-27 19:05:00+00:00,126660,126661,126673,0.02542,0.025984734835994727,0.025984734835994727,0.02432053032801055,stop,-2.1733330725100974,-2.2533330725100975,13
1000RATS,short,2025-03-01 15:15:00+00:00,2025-03-01 15:20:00+00:00,2025-03-01 16:40:00+00:00,127203,127204,127220,0.03059,0.031152417833049444,0.031152417833049444,0.02946516433390111,stop,-1.8053745814001543,-1.8853745814001541,17
1000RATS,long,2025-03-01 17:05:00+00:00,2025-03-01 17:10:00+00:00,2025-03-01 18:35:00+00:00,127225,127226,127243,0.03186,0.030998655630936043,0.030998655630936043,0.03358268873812791,stop,-2.7035290931072042,-2.7835290931072043,18
1000RATS,short,2025-03-01 19:15:00+00:00,2025-03-01 19:20:00+00:00,2025-03-01 21:35:00+00:00,127251,127252,127279,0.03013,0.027110344437839322,0.03162482778108034,0.027110344437839322,take_profit,11.138388776595498,11.058388776595498,28
1000RATS,long,2025-03-02 17:25:00+00:00,2025-03-02 17:30:00+00:00,2025-03-02 17:45:00+00:00,127517,127518,127521,0.02892,0.02979544073324578,0.02849727963337711,0.02979544073324578,take_profit,3.027111802371296,2.947111802371296,4
1000RATS,short,2025-03-03 15:10:00+00:00,2025-03-03 15:15:00+00:00,2025-03-03 15:45:00+00:00,127778,127779,127785,0.03174,0.030714438719216315,0.03225278064039184,0.030714438719216315,take_profit,3.3390200946177284,3.2590200946177283,7
1000RATS,short,2025-03-03 17:40:00+00:00,2025-03-03 17:45:00+00:00,2025-03-03 18:25:00+00:00,127808,127809,127817,0.03163,0.032162052536876116,0.032162052536876116,0.030535894926247774,stop,-1.6542866356743957,-1.7342866356743956,9
1000RATS,short,2025-03-03 18:55:00+00:00,2025-03-03 19:00:00+00:00,2025-03-03 19:15:00+00:00,127823,127824,127827,0.0317,0.032296548165103134,0.032296548165103134,0.03053690366979374,stop,-1.8470957393140641,-1.927095739314064,4
1000RATS,short,2025-03-03 19:55:00+00:00,2025-03-03 20:00:00+00:00,2025-03-03 21:15:00+00:00,127835,127836,127851,0.03158,0.030417253679101496,0.03217637316044925,0.030417253679101496,take_profit,3.822653856805558,3.742653856805558,16
1000RATS,long,2025-03-04 15:55:00+00:00,2025-03-04 16:00:00+00:00,2025-03-04 17:25:00+00:00,128075,128076,128093,0.02939,0.03058428727059077,0.028777856364704615,0.03058428727059077,take_profit,4.06358377199989,3.98358377199989,18
1000RATS,short,2025-03-06 15:05:00+00:00,2025-03-06 15:10:00+00:00,2025-03-06 16:15:00+00:00,128641,128642,128655,0.03465,0.03525074210810587,0.03525074210810587,0.033418515783788245,stop,-1.7041970528266726,-1.7841970528266724,14
1000RATS,short,2025-03-06 17:20:00+00:00,2025-03-06 17:25:00+00:00,2025-03-06 17:55:00+00:00,128668,128669,128675,0.0347,0.035241708191188874,0.035241708191188874,0.03361658361762226,stop,-1.5371224012470264,-1.6171224012470262,7
1000RATS,short,2025-03-06 18:30:00+00:00,2025-03-06 18:35:00+00:00,2025-03-06 20:30:00+00:00,128682,128683,128706,0.03482,0.03519787072573102,0.03519787072573102,0.034064258548537944,stop,-1.0735613204431393,-1.1535613204431394,24
1000RATS,short,2025-03-07 15:55:00+00:00,2025-03-07 16:00:00+00:00,2025-03-07 18:45:00+00:00,128939,128940,128973,0.02913,0.02834541296083019,0.029522293519584904,0.02834541296083019,take_profit,2.7679506389764352,2.687950638976435,34
1000RATS,short,2025-03-08 16:20:00+00:00,2025-03-08 16:25:00+00:00,2025-03-08 20:15:00+00:00,129232,129233,129279,0.0274,0.02667807553109034,0.027730962234454832,0.02667807553109034,take_profit,2.706059018643736,2.626059018643736,47
1000RATS,short,2025-03-09 14:40:00+00:00,2025-03-09 14:45:00+00:00,2025-03-09 15:55:00+00:00,129500,129501,129515,0.02511,0.02530851714893505,0.02530851714893505,0.024742965702129898,stop,-0.7843887011112494,-0.8643887011112494,15
1000RATS,short,2025-03-09 17:00:00+00:00,2025-03-09 17:05:00+00:00,2025-03-09 18:10:00+00:00,129528,129529,129542,0.02501,0.025328712259299845,0.025328712259299845,0.024372575481400312,stop,-1.258304236066421,-1.338304236066421,14
1000RATS,short,2025-03-09 18:45:00+00:00,2025-03-09 18:50:00+00:00,2025-03-09 18:55:00+00:00,129549,129550,129551,0.02508,0.02530950617469494,0.02530950617469494,0.024590987650610113,stop,-0.9067983117126421,-0.9867983117126422,2
1000RATS,long,2025-03-10 14:15:00+00:00,2025-03-10 14:20:00+00:00,2025-03-10 18:15:00+00:00,129783,129784,129831,0.02475,0.025524856607076114,0.024347571696461946,0.025524856607076114,take_profit,3.130733765964089,3.0507337659640887,48
1000RATS,long,2025-03-11 14:10:00+00:00,2025-03-11 14:15:00+00:00,2025-03-11 15:55:00+00:00,130070,130071,130091,0.02622,0.02565231077971233,0.02565231077971233,0.02732537844057534,stop,-2.165100001097142,-2.2451000010971423,21
1000RATS,short,2025-03-12 15:30:00+00:00,2025-03-12 15:35:00+00:00,2025-03-12 19:15:00+00:00,130374,130375,130419,0.01774,0.018326638157718223,0.018326638157718223,0.01656672368456355,stop,-3.201013479229753,-3.281013479229753,45
1000RATS,long,2025-03-14 14:20:00+00:00,2025-03-14 14:25:00+00:00,2025-03-14 17:35:00+00:00,130936,130937,130975,0.01826,0.01870570757022515,0.018022146214887423,0.01870570757022515,take_profit,2.440895784365571,2.360895784365571,39
1000RATS,long,2025-03-15 16:40:00+00:00,2025-03-15 16:45:00+00:00,2025-03-15 17:05:00+00:00,131252,131253,131257,0.01971,0.019440899171050692,0.019440899171050692,0.02024820165789861,stop,-1.3653010093825801,-1.4453010093825802,5
1000RATS,long,2025-03-15 18:35:00+00:00,2025-03-15 18:40:00+00:00,2025-03-15 19:00:00+00:00,131275,131276,131280,0.01964,0.01940984337380693,0.01940984337380693,0.020100313252386145,stop,-1.1718769154433373,-1.2518769154433373,5
1000RATS,short,2025-03-16 14:10:00+00:00,2025-03-16 14:15:00+00:00,2025-03-16 15:15:00+00:00,131510,131511,131523,0.01993,0.02017379276001476,0.02017379276001476,0.01944241447997048,stop,-1.2084626967020617,-1.2884626967020618,13
1000RATS,long,2025-03-16 15:35:00+00:00,2025-03-16 15:40:00+00:00,2025-03-16 17:15:00+00:00,131527,131528,131547,0.02036,0.020076789691467582,0.020076789691467582,0.020956420617064833,stop,-1.3910133032044025,-1.4710133032044026,20
1000RATS,short,2025-03-16 18:35:00+00:00,2025-03-16 18:40:00+00:00,2025-03-16 23:45:00+00:00,131563,131564,131625,0.01987,0.020136848223474647,0.020136848223474647,0.0193663035530507,stop,-1.3251737338098812,-1.4051737338098813,62
1000RATS,long,2025-03-17 14:55:00+00:00,2025-03-17 15:00:00+00:00,2025-03-17 15:00:00+00:00,131807,131808,131808,0.02055,0.02036619021029776,0.02036619021029776,0.020917619579404474,stop,-0.8944515313977552,-0.9744515313977553,1
1000RATS,short,2025-03-17 15:25:00+00:00,2025-03-17 15:30:00+00:00,2025-03-17 16:45:00+00:00,131813,131814,131829,0.02011,0.020389380296106277,0.020389380296106277,0.019521239407787445,stop,-1.3702245583188777,-1.4502245583188778,16
1000RATS,long,2025-03-17 17:40:00+00:00,2025-03-17 17:45:00+00:00,2025-03-17 18:35:00+00:00,131840,131841,131851,0.02062,0.02101520200297046,0.02039239899851477,0.02101520200297046,take_profit,1.9165955527180367,1.8365955527180369,11
1000RATS,long,2025-03-18 14:15:00+00:00,2025-03-18 14:20:00+00:00,2025-03-18 14:40:00+00:00,132087,132088,132092,0.02399,0.023573084592772103,0.023573084592772103,0.024823830814455796,stop,-1.7378716433009478,-1.8178716433009476,5
1000RATS,short,2025-03-18 15:05:00+00:00,2025-03-18 15:10:00+00:00,2025-03-18 16:05:00+00:00,132097,132098,132109,0.02324,0.023616777993391402,0.023616777993391402,0.0223964440132172,stop,-1.5953827126496067,-1.6753827126496066,12
1000RATS,long,2025-03-18 16:40:00+00:00,2025-03-18 16:45:00+00:00,2025-03-18 16:45:00+00:00,132116,132117,132117,0.02405,0.023645289722712428,0.023645289722712428,0.02482942055457514,stop,-1.6827870157487324,-1.7627870157487322,1
1000RATS,short,2025-03-19 14:15:00+00:00,2025-03-19 14:20:00+00:00,2025-03-19 15:35:00+00:00,132375,132376,132391,0.02619,0.026698376204714783,0.026698376204714783,0.02514324759057043,stop,-1.9041465324209694,-1.9841465324209693,16
1000RATS,short,2025-03-19 16:30:00+00:00,2025-03-19 16:35:00+00:00,2025-03-19 17:05:00+00:00,132402,132403,132409,0.0262,0.026725048987913304,0.026725048987913304,0.025149902024173394,stop,-1.9646324620424926,-2.0446324620424927,7
1000RATS,short,2025-03-19 17:10:00+00:00,2025-03-19 17:15:00+00:00,2025-03-20 08:50:00+00:00,132410,132411,132598,0.02622,0.027065619738008712,0.027065619738008712,0.02443876052398258,stop,-3.1243317027069395,-3.2043317027069396,188
1000RATS,short,2025-03-20 14:05:00+00:00,2025-03-20 14:10:00+00:00,2025-03-20 14:25:00+00:00,132661,132662,132665,0.02552,0.02573418172490355,0.02573418172490355,0.025151636550192903,stop,-0.8322849632179219,-0.912284963217922,4
1000RATS,short,2025-03-20 15:40:00+00:00,2025-03-20 15:45:00+00:00,2025-03-20 15:55:00+00:00,132680,132681,132683,0.02554,0.025662655660862534,0.025662655660862534,0.025294688678274932,stop,-0.4779538894316149,-0.557953889431615,3
1000RATS,short,2025-03-20 16:10:00+00:00,2025-03-20 16:15:00+00:00,2025-03-20 17:20:00+00:00,132686,132687,132700,0.02557,0.025674309230708535,0.025674309230708535,0.02533138153858293,stop,-0.4062786257313378,-0.4862786257313378,14
1000RATS,long,2025-03-21 14:30:00+00:00,2025-03-21 14:35:00+00:00,2025-03-21 14:40:00+00:00,132954,132955,132956,0.02883,0.028278097536133816,0.028278097536133816,0.02996380492773237,stop,-1.914333901721077,-1.9943339017210768,2
1000RATS,long,2025-03-22 14:05:00+00:00,2025-03-22 14:10:00+00:00,2025-03-22 14:15:00+00:00,133237,133238,133239,0.02791,0.0276636886711973,0.0276636886711973,0.0284026226576054,stop,-0.8825199885442503,-0.9625199885442504,2
1000RATS,short,2025-03-22 14:40:00+00:00,2025-03-22 14:45:00+00:00,2025-03-22 16:50:00+00:00,133244,133245,133270,0.02765,0.02787367186326212,0.02787367186326212,0.027172656273475763,stop,-0.8024485053830355,-0.8824485053830355,26
1000RATS,long,2025-03-22 16:55:00+00:00,2025-03-22 17:00:00+00:00,2025-03-22 18:45:00+00:00,133271,133272,133293,0.02796,0.028787374901489082,0.027546312549255457,0.028787374901489082,take_profit,2.9591377020353526,2.8791377020353526,22
1000RATS,long,2025-03-23 14:50:00+00:00,2025-03-23 14:55:00+00:00,2025-03-23 15:00:00+00:00,133534,133535,133536,0.0317,0.03117470530206682,0.03117470530206682,0.03272058939586637,stop,-1.6570810660352597,-1.7370810660352596,2
1000RATS,short,2025-03-23 15:30:00+00:00,2025-03-23 15:35:00+00:00,2025-03-23 15:50:00+00:00,133542,133543,133546,0.03079,0.03127699740458877,0.03127699740458877,0.029846005190822457,stop,-1.5570465357947816,-1.6370465357947814,4
1000RATS,short,2025-03-23 15:55:00+00:00,2025-03-23 16:00:00+00:00,2025-03-23 19:30:00+00:00,133547,133548,133590,0.03084,0.031398998310491866,0.031398998310491866,0.029692003379016268,stop,-1.780306189911407,-1.8603061899114068,43
1000RATS,long,2025-03-24 14:30:00+00:00,2025-03-24 14:35:00+00:00,2025-03-24 17:30:00+00:00,133818,133819,133854,0.03142,0.031028075799335277,0.031028075799335277,0.03217384840132945,stop,-1.2473717398622464,-1.3273717398622464,36
1000RATS,long,2025-03-24 17:35:00+00:00,2025-03-24 17:40:00+00:00,2025-03-25 10:50:00+00:00,133855,133856,134062,0.03158,0.03090567875005154,0.03090567875005154,0.03292864249989691,stop,-2.135279448855154,-2.215279448855154,207
1000RATS,short,2025-03-25 14:30:00+00:00,2025-03-25 14:35:00+00:00,2025-03-25 16:25:00+00:00,134106,134107,134129,0.03012,0.030581346861093893,0.030581346861093893,0.029167306277812218,stop,-1.508589085985701,-1.5885890859857008,23
1000RATS,short,2025-03-25 16:55:00+00:00,2025-03-25 17:00:00+00:00,2025-03-25 17:05:00+00:00,134135,134136,134137,0.03017,0.030385559745919166,0.030385559745919166,0.029678880508161667,stop,-0.7094150896730378,-0.7894150896730379,2
1000RATS,long,2025-03-26 14:05:00+00:00,2025-03-26 14:10:00+00:00,2025-03-26 14:20:00+00:00,134389,134390,134392,0.03288,0.03257272512052117,0.03257272512052117,0.03349454975895765,stop,-0.9345343049842691,-1.0145343049842692,3
1000RATS,long,2025-03-26 14:45:00+00:00,2025-03-26 14:50:00+00:00,2025-03-26 15:00:00+00:00,134397,134398,134400,0.03293,0.032619435127697244,0.032619435127697244,0.03349112974460552,stop,-0.9431062019518932,-1.0231062019518933,3
1000RATS,long,2025-03-26 15:30:00+00:00,2025-03-26 15:35:00+00:00,2025-03-26 17:00:00+00:00,134406,134407,134424,0.03298,0.0325281495215102,0.0325281495215102,0.03385370095697959,stop,-1.3700742222249818,-1.4500742222249818,18
1000RATS,short,2025-03-27 14:25:00+00:00,2025-03-27 14:30:00+00:00,2025-03-27 15:05:00+00:00,134681,134682,134689,0.0305,0.03079750770873484,0.03079750770873484,0.029904984582530318,stop,-0.9660122875802091,-1.0460122875802091,8
1000RATS,short,2025-03-27 15:20:00+00:00,2025-03-27 15:25:00+00:00,2025-03-27 17:55:00+00:00,134692,134693,134723,0.03055,0.03006349591323438,0.03079325204338281,0.03006349591323438,take_profit,1.6182552028204178,1.5382552028204177,31
1000RATS,long,2025-03-28 14:20:00+00:00,2025-03-28 14:25:00+00:00,2025-03-28 15:15:00+00:00,134968,134969,134979,0.02812,0.027626843985611094,0.027626843985611094,0.02907631202877781,stop,-1.7537553854512944,-1.8337553854512942,11
1000RATS,short,2025-03-28 16:10:00+00:00,2025-03-28 16:15:00+00:00,2025-03-28 16:30:00+00:00,134990,134991,134994,0.0269,0.02734495692210045,0.02734495692210045,0.026010086155799098,stop,-1.6271992066691943,-1.7071992066691941,4
1000RATS,short,2025-03-28 18:00:00+00:00,2025-03-28 18:05:00+00:00,2025-03-28 23:00:00+00:00,135012,135013,135072,0.02689,0.02602628952338112,0.027291855238309442,0.02602628952338112,take_profit,3.3186078093957683,3.238607809395768,60
1000RATS,long,2025-03-29 17:10:00+00:00,2025-03-29 17:15:00+00:00,2025-03-30 01:15:00+00:00,135290,135291,135387,0.02869,0.02814103296176822,0.02814103296176822,0.02981793407646356,stop,-1.9134438418674793,-1.9934438418674791,97
1000RATS,short,2025-03-30 14:10:00+00:00,2025-03-30 14:15:00+00:00,2025-03-30 14:30:00+00:00,135542,135543,135546,0.02677,0.02710477948416789,0.02710477948416789,0.026130441031664228,stop,-1.2351308165537311,-1.3151308165537312,4
1000RATS,short,2025-03-30 14:50:00+00:00,2025-03-30 14:55:00+00:00,2025-03-30 18:45:00+00:00,135550,135551,135597,0.02675,0.027032764300493825,0.027032764300493825,0.026214471399012347,stop,-1.046005866624078,-1.126005866624078,47
1000RATS,long,2025-03-30 18:50:00+00:00,2025-03-30 18:55:00+00:00,2025-03-30 20:25:00+00:00,135598,135599,135617,0.02715,0.026876084278605616,0.026876084278605616,0.02769783144278877,stop,-1.0088976846938658,-1.0888976846938658,19
1000RATS,short,2025-03-31 15:45:00+00:00,2025-03-31 15:50:00+00:00,2025-03-31 17:45:00+00:00,135849,135850,135873,0.03084,0.031619705996419514,0.031619705996419514,0.02925058800716097,stop,-2.46588629416038,-2.54588629416038,24
1000RATS,short,2025-04-01 14:30:00+00:00,2025-04-01 14:35:00+00:00,2025-04-01 15:40:00+00:00,136122,136123,136136,0.03163,0.03201159789903384,0.03201159789903384,0.03083680420193232,stop,-1.1920613904917277,-1.2720613904917277,14
1000RATS,long,2025-04-01 17:00:00+00:00,2025-04-01 17:05:00+00:00,2025-04-01 19:35:00+00:00,136152,136153,136183,0.03204,0.031775406158229845,0.031775406158229845,0.032629187683540305,stop,-0.8258234761864935,-0.9058234761864936,31
1000RATS,short,2025-04-01 19:55:00+00:00,2025-04-01 20:00:00+00:00,2025-04-01 22:45:00+00:00,136187,136188,136221,0.03118,0.031892082307952846,0.031892082307952846,0.029785835384094305,stop,-2.2327871258982612,-2.3127871258982613,34
1000RATS,short,2025-04-02 15:30:00+00:00,2025-04-02 15:35:00+00:00,2025-04-02 17:20:00+00:00,136422,136423,136444,0.03032,0.030751295063181,0.030751295063181,0.029457409873638,stop,-1.4025265026883282,-1.4825265026883283,22
1000RATS,long,2025-04-02 17:25:00+00:00,2025-04-02 17:30:00+00:00,2025-04-02 18:15:00+00:00,136445,136446,136455,0.03108,0.030498361456766994,0.030498361456766994,0.032303277086466006,stop,-1.87142388427608,-1.9514238842760798,10
1000RATS,long,2025-04-02 18:55:00+00:00,2025-04-02 19:00:00+00:00,2025-04-02 20:45:00+00:00,136463,136464,136485,0.03096,0.03153818829487428,0.030670905852562862,0.03153818829487428,take_profit,1.8675332521778998,1.7875332521779,22
1000RATS,long,2025-04-04 14:10:00+00:00,2025-04-04 14:15:00+00:00,2025-04-04 17:30:00+00:00,136982,136983,137022,0.02974,0.029397304976748508,0.029397304976748508,0.030425390046502982,stop,-1.152303373407837,-1.232303373407837,40
1000RATS,short,2025-04-04 17:45:00+00:00,2025-04-04 17:50:00+00:00,2025-04-04 19:20:00+00:00,137025,137026,137044,0.0294,0.02890577219062017,0.029662113904689914,0.02890577219062017,take_profit,1.7097893324579783,1.6297893324579784,19
1000RATS,short,2025-04-05 16:40:00+00:00,2025-04-05 16:45:00+00:00,2025-04-05 17:30:00+00:00,137300,137301,137310,0.03048,0.030713166199100733,0.030713166199100733,0.030013667601798535,stop,-0.7591734358783242,-0.8391734358783243,10
1000RATS,short,2025-04-05 19:20:00+00:00,2025-04-05 19:25:00+00:00,2025-04-05 21:05:00+00:00,137332,137333,137353,0.03048,0.030765500950934725,0.030765500950934725,0.02990899809813055,stop,-0.927990580715865,-1.0079905807158651,21
1000RATS,long,2025-04-06 14:05:00+00:00,2025-04-06 14:10:00+00:00,2025-04-06 14:35:00+00:00,137557,137558,137563,0.03083,0.031198643317558054,0.030660678341220972,0.031198643317558054,take_profit,1.195729216860375,1.115729216860375,6
1000RATS,short,2025-04-06 18:45:00+00:00,2025-04-06 18:50:00+00:00,2025-04-06 18:50:00+00:00,137613,137614,137614,0.03041,0.030774814238281222,0.030774814238281222,0.029680371523437554,stop,-1.1854311628221814,-1.2654311628221815,1
1000RATS,long,2025-04-06 18:55:00+00:00,2025-04-06 19:00:00+00:00,2025-04-06 20:10:00+00:00,137615,137616,137630,0.03084,0.030352889763930985,0.030352889763930985,0.03181422047213803,stop,-1.5794754736349392,-1.659475473634939,15
1000RATS,short,2025-04-07 14:25:00+00:00,2025-04-07 14:30:00+00:00,2025-04-07 15:40:00+00:00,137849,137850,137864,0.02469,0.023755447390596218,0.02515727630470189,0.023755447390596218,take_profit,3.9340560252876244,3.8540560252876244,15
1000RATS,short,2025-04-07 16:40:00+00:00,2025-04-07 16:45:00+00:00,2025-04-07 22:50:00+00:00,137876,137877,137950,0.02452,0.025500939059358674,0.025500939059358674,0.02255812188128265,stop,-3.8466781834007646,-3.9266781834007647,74
1000RATS,short,2025-04-08 14:25:00+00:00,2025-04-08 14:30:00+00:00,2025-04-08 16:35:00+00:00,138137,138138,138163,0.02493,0.024577227983788055,0.025121386008105973,0.024577227983788055,take_profit,1.435361288281367,1.355361288281367,26
1000RATS,long,2025-04-09 14:15:00+00:00,2025-04-09 14:20:00+00:00,2025-04-09 17:15:00+00:00,138423,138424,138459,0.02417,0.024939116104071454,0.023785441947964274,0.024939116104071454,take_profit,3.1821104843667847,3.1021104843667846,36
1000RATS,short,2025-04-10 14:05:00+00:00,2025-04-10 14:10:00+00:00,2025-04-10 16:10:00+00:00,138709,138710,138734,0.02629,0.026514225532993343,0.026514225532993343,0.025901548934013315,stop,-0.8456801150549254,-0.9256801150549254,25
1000RATS,short,2025-04-10 16:30:00+00:00,2025-04-10 16:35:00+00:00,2025-04-10 16:55:00+00:00,138738,138739,138743,0.02632,0.026743347559506223,0.026743347559506223,0.025473304880987552,stop,-1.5830013746941707,-1.6630013746941705,5
1000RATS,short,2025-04-10 17:15:00+00:00,2025-04-10 17:20:00+00:00,2025-04-10 19:25:00+00:00,138747,138748,138773,0.02633,0.025695273551246917,0.02663236322437654,0.025695273551246917,take_profit,2.4702070109787977,2.3902070109787976,26
1000RATS,short,2025-04-11 14:35:00+00:00,2025-04-11 14:40:00+00:00,2025-04-11 15:05:00+00:00,139003,139004,139009,0.02515,0.025336256890610122,0.025336256890610122,0.024747486218779754,stop,-0.7351397304435792,-0.8151397304435792,6
1000RATS,long,2025-04-11 16:10:00+00:00,2025-04-11 16:15:00+00:00,2025-04-11 16:30:00+00:00,139022,139023,139026,0.02536,0.025184595842348004,0.025184595842348004,0.02574080831530399,stop,-0.6916567730756995,-0.7716567730756996,4
1000RATS,long,2025-04-11 16:35:00+00:00,2025-04-11 16:40:00+00:00,2025-04-11 16:55:00+00:00,139027,139028,139031,0.02534,0.025159318613696895,0.025159318613696895,0.025701362772606214,stop,-0.7130283595229159,-0.793028359522916,4
1000RATS,short,2025-04-12 14:50:00+00:00,2025-04-12 14:55:00+00:00,2025-04-12 21:30:00+00:00,139294,139295,139374,0.02654,0.026867564139845687,0.026867564139845687,0.02582487172030862,stop,-1.2191806378155978,-1.299180637815598,80
1000RATS,long,2025-04-15 14:45:00+00:00,2025-04-15 14:50:00+00:00,2025-04-15 18:00:00+00:00,140157,140158,140196,0.02548,0.025080760989937702,0.025080760989937702,0.02633847802012459,stop,-1.566872096005878,-1.6468720960058778,39
1000RATS,long,2025-04-15 18:50:00+00:00,2025-04-15 18:55:00+00:00,2025-04-15 18:55:00+00:00,140206,140207,140207,0.0256,0.025175142031719826,0.025175142031719826,0.026449715936560352,stop,-1.659601438594438,-1.7396014385944378,1
1000RATS,long,2025-04-16 14:10:00+00:00,2025-04-16 14:15:00+00:00,2025-04-16 14:20:00+00:00,140438,140439,140440,0.02554,0.02534274727094782,0.02534274727094782,0.025934505458104364,stop,-0.7723286180586597,-0.8523286180586598,2
1000RATS,short,2025-04-16 16:35:00+00:00,2025-04-16 16:40:00+00:00,2025-04-16 17:20:00+00:00,140467,140468,140476,0.0249,0.024431845084956952,0.025134077457521522,0.024431845084956952,take_profit,1.9161668446043612,1.8361668446043613,9
1000RATS,short,2025-04-16 18:20:00+00:00,2025-04-16 18:25:00+00:00,2025-04-16 21:45:00+00:00,140488,140489,140529,0.02487,0.024215449613479774,0.025182275193260113,0.024215449613479774,take_profit,2.703028012975084,2.623028012975084,41
1000RATS,long,2025-04-17 14:05:00+00:00,2025-04-17 14:10:00+00:00,2025-04-17 15:15:00+00:00,140725,140726,140739,0.02457,0.024357423521219966,0.024357423521219966,0.024965152957560063,stop,-0.8651871338218764,-0.9451871338218765,14
1000RATS,short,2025-04-17 17:50:00+00:00,2025-04-17 17:55:00+00:00,2025-04-17 18:45:00+00:00,140770,140771,140781,0.02393,0.024140809503246163,0.024140809503246163,0.023538380993507673,stop,-0.8732495205590163,-0.9532495205590164,11
1000RATS,short,2025-04-17 18:50:00+00:00,2025-04-17 18:55:00+00:00,2025-04-17 21:00:00+00:00,140782,140783,140808,0.02401,0.024235155739063964,0.024235155739063964,0.023559688521872072,stop,-0.9290459755579072,-1.0090459755579073,26
1000RATS,long,2025-04-19 15:00:00+00:00,2025-04-19 15:05:00+00:00,2025-04-19 15:15:00+00:00,141312,141313,141315,0.02647,0.026242003740498707,0.026242003740498707,0.026955992519002586,stop,-0.861338343412521,-0.9413383434125211,3
1000RATS,long,2025-04-19 16:15:00+00:00,2025-04-19 16:20:00+00:00,2025-04-19 16:40:00+00:00,141327,141328,141332,0.02655,0.026268421694720368,0.026268421694720368,0.027143156610559264,stop,-1.06055858862385,-1.14055858862385,5
1000RATS,long,2025-04-19 17:05:00+00:00,2025-04-19 17:10:00+00:00,2025-04-19 22:10:00+00:00,141337,141338,141398,0.02665,0.027580861493548565,0.026199569253225717,0.027580861493548565,take_profit,3.492913671852027,3.412913671852027,61
1000RATS,long,2025-04-20 14:05:00+00:00,2025-04-20 14:10:00+00:00,2025-04-20 14:30:00+00:00,141589,141590,141594,0.03032,0.02974485920633405,0.02974485920633405,0.0315602815873319,stop,-1.896902353779517,-1.976902353779517,5
1000RATS,long,2025-04-20 15:10:00+00:00,2025-04-20 15:15:00+00:00,2025-04-20 16:45:00+00:00,141602,141603,141621,0.03019,0.029760982707574993,0.029760982707574993,0.031048034584850018,stop,-1.4210576098874106,-1.5010576098874107,19
1000RATS,short,2025-04-20 17:30:00+00:00,2025-04-20 17:35:00+00:00,2025-04-20 22:30:00+00:00,141630,141631,141690,0.02912,0.029667833346221095,0.029667833346221095,0.027934333307557815,stop,-1.8465566387269483,-1.9265566387269482,60
1000RATS,long,2025-04-21 14:05:00+00:00,2025-04-21 14:10:00+00:00,2025-04-21 15:25:00+00:00,141877,141878,141893,0.03079,0.030340626029769828,0.030340626029769828,0.031658747940460336,stop,-1.4594802540765617,-1.5394802540765617,16
1000RATS,long,2025-04-21 16:35:00+00:00,2025-04-21 16:40:00+00:00,2025-04-21 17:10:00+00:00,141907,141908,141914,0.03061,0.030987836276135543,0.03043608186193223,0.030987836276135543,take_profit,1.234355688126576,1.154355688126576,7
1000RATS,long,2025-04-21 17:35:00+00:00,2025-04-21 17:40:00+00:00,2025-04-21 20:40:00+00:00,141919,141920,141956,0.03067,0.03041338835962081,0.03041338835962081,0.03118322328075838,stop,-0.8366861440469275,-0.9166861440469276,37
1000RATS,long,2025-04-23 18:00:00+00:00,2025-04-23 18:05:00+00:00,2025-04-23 18:05:00+00:00,142500,142501,142501,0.03417,0.03357459791261742,0.03357459791261742,0.03536080417476516,stop,-1.742470258655493,-1.8224702586554928,1
1000RATS,long,2025-04-23 19:15:00+00:00,2025-04-23 19:20:00+00:00,2025-04-23 20:15:00+00:00,142515,142516,142527,0.03424,0.032906083835373655,0.032906083835373655,0.0369378323292527,stop,-3.8957831910816143,-3.9757831910816144,12
1000RATS,short,2025-04-24 18:20:00+00:00,2025-04-24 18:25:00+00:00,2025-04-25 01:30:00+00:00,142792,142793,142878,0.03135,0.03246093159766963,0.03246093159766963,0.02918813680466075,stop,-3.4223651108934217,-3.5023651108934217,86
1000RATS,long,2025-04-25 14:15:00+00:00,2025-04-25 14:20:00+00:00,2025-04-25 15:10:00+00:00,143031,143032,143042,0.03221,0.03275879810875222,0.03193560094562389,0.03275879810875222,take_profit,1.703812818231043,1.6238128182310432,11
1000RATS,short,2025-04-26 14:10:00+00:00,2025-04-26 14:15:00+00:00,2025-04-26 14:50:00+00:00,143318,143319,143326,0.03337,0.03369067997609061,0.03369067997609061,0.03263864004781878,stop,-0.9518358677182981,-1.0318358677182982,8
1000RATS,short,2025-04-26 15:05:00+00:00,2025-04-26 15:10:00+00:00,2025-04-26 15:50:00+00:00,143329,143330,143338,0.03326,0.033769375121355256,0.033769375121355256,0.03218124975728948,stop,-1.5083936836993384,-1.5883936836993382,9
1000RATS,short,2025-04-26 16:30:00+00:00,2025-04-26 16:35:00+00:00,2025-04-26 20:50:00+00:00,143346,143347,143398,0.03333,0.031821330784012,0.034084334607993996,0.031821330784012,take_profit,4.741062610574409,4.661062610574409,52
1000RATS,short,2025-04-27 14:25:00+00:00,2025-04-27 14:30:00+00:00,2025-04-27 16:30:00+00:00,143609,143610,143634,0.0303,0.030587158138217514,0.030587158138217514,0.029785683723564972,stop,-0.9388192813464369,-1.018819281346437,25
1000RATS,long,2025-04-28 14:30:00+00:00,2025-04-28 14:35:00+00:00,2025-04-28 23:30:00+00:00,143898,143899,144006,0.03114,0.030671524807507154,0.030671524807507154,0.03210695038498569,stop,-1.5044161608633533,-1.5844161608633531,108
1000RATS,long,2025-04-29 15:50:00+00:00,2025-04-29 15:55:00+00:00,2025-04-29 18:05:00+00:00,144202,144203,144229,0.03213,0.03192168064485458,0.03192168064485458,0.032546638710290836,stop,-0.6483640060548357,-0.7283640060548358,27
1000RATS,short,2025-04-29 19:50:00+00:00,2025-04-29 19:55:00+00:00,2025-04-30 22:10:00+00:00,144250,144251,144566,0.03162,0.029883869019192544,0.03247306549040373,0.029883869019192544,take_profit,5.8095923914418535,5.729592391441853,316
1000RATS,long,2025-05-01 14:50:00+00:00,2025-05-01 14:55:00+00:00,2025-05-01 19:20:00+00:00,144766,144767,144820,0.03205,0.032846609324984156,0.03160669533750792,0.032846609324984156,take_profit,2.4855205147711557,2.4055205147711556,54
1000RATS,long,2025-05-02 14:05:00+00:00,2025-05-02 14:10:00+00:00,2025-05-02 14:20:00+00:00,145045,145046,145048,0.03228,0.03203844516674609,0.03203844516674609,0.032733109666507824,stop,-0.7483111315177093,-0.8283111315177094,3
1000RATS,short,2025-05-02 14:30:00+00:00,2025-05-02 14:35:00+00:00,2025-05-02 17:25:00+00:00,145050,145051,145085,0.03167,0.03237926721139879,0.03237926721139879,0.03022146557720242,stop,-2.1904980331028057,-2.2704980331028057,35
1000RATS,long,2025-05-02 17:45:00+00:00,2025-05-02 17:50:00+00:00,2025-05-02 19:10:00+00:00,145089,145090,145106,0.03227,0.03191183749412345,0.03191183749412345,0.0330463250117531,stop,-1.1098931077674346,-1.1898931077674346,17
1000RATS,short,2025-05-03 14:25:00+00:00,2025-05-03 14:30:00+00:00,2025-05-03 14:50:00+00:00,145337,145338,145342,0.03086,0.031080820675253657,0.031080820675253657,0.03047835864949269,stop,-0.7104724729147027,-0.7904724729147028,5
1000RATS,short,2025-05-03 15:05:00+00:00,2025-05-03 15:10:00+00:00,2025-05-03 17:00:00+00:00,145345,145346,145368,0.03089,0.030478016070724444,0.031125991964637778,0.030478016070724444,take_profit,1.3517412954949126,1.2717412954949125,23
1000RATS,short,2025-05-04 15:10:00+00:00,2025-05-04 15:15:00+00:00,2025-05-04 20:10:00+00:00,145634,145635,145694,0.02624,0.026526948181420575,0.026526948181420575,0.02563610363715885,stop,-1.0817233081548139,-1.161723308154814,60
1000RATS,long,2025-05-05 14:05:00+00:00,2025-05-05 14:10:00+00:00,2025-05-05 16:00:00+00:00,145909,145910,145932,0.02675,0.026428109571992178,0.026428109571992178,0.027363780856015645,stop,-1.2033287028329842,-1.2833287028329843,23
1000RATS,long,2025-05-05 16:55:00+00:00,2025-05-05 17:00:00+00:00,2025-05-05 18:00:00+00:00,145943,145944,145956,0.02666,0.026519567231191386,0.026519567231191386,0.026970865537617225,stop,-0.5267545716752142,-0.6067545716752143,13
1000RATS,long,2025-05-05 18:05:00+00:00,2025-05-05 18:10:00+00:00,2025-05-05 19:45:00+00:00,145957,145958,145977,0.02666,0.02642301351983006,0.02642301351983006,0.027193972960339877,stop,-0.888921531020026,-0.9689215310200261,20
1000RATS,short,2025-05-07 14:45:00+00:00,2025-05-07 14:50:00+00:00,2025-05-07 15:10:00+00:00,146493,146494,146498,0.02778,0.027979654446473306,0.027979654446473306,0.027350691107053387,stop,-0.7135700937810241,-0.7935700937810242,5
1000RATS,short,2025-05-07 15:15:00+00:00,2025-05-07 15:20:00+00:00,2025-05-07 16:10:00+00:00,146499,146500,146510,0.02777,0.028122931561669586,0.028122931561669586,0.027094136876660825,stop,-1.2549600702034147,-1.3349600702034148,11
1000RATS,long,2025-05-08 14:55:00+00:00,2025-05-08 15:00:00+00:00,2025-05-08 15:35:00+00:00,146783,146784,146791,0.0315,0.03124928395760166,0.03124928395760166,0.03203143208479669,stop,-0.7959239441217125,-0.8759239441217126,8
1000RATS,long,2025-05-08 15:50:00+00:00,2025-05-08 15:55:00+00:00,2025-05-08 16:30:00+00:00,146794,146795,146802,0.03155,0.0320547184236344,0.0312826407881828,0.0320547184236344,take_profit,1.5997414378269292,1.5197414378269292,8
1000RATS,long,2025-05-08 17:00:00+00:00,2025-05-08 17:05:00+00:00,2025-05-08 19:05:00+00:00,146808,146809,146833,0.03158,0.031234956269485845,0.031234956269485845,0.032210087461028304,stop,-1.092602059892822,-1.1726020598928222,25
1000RATS,long,2025-05-09 14:05:00+00:00,2025-05-09 14:10:00+00:00,2025-05-09 15:15:00+00:00,147061,147062,147075,0.03494,0.03465401734800125,0.03465401734800125,0.03548196530399751,stop,-0.8184964281589879,-0.898496428158988,14
1000RATS,long,2025-05-09 15:20:00+00:00,2025-05-09 15:25:00+00:00,2025-05-09 16:00:00+00:00,147076,147077,147084,0.03493,0.03452511939326407,0.03452511939326407,0.035739761213471874,stop,-1.1591199734781954,-1.2391199734781955,8
1000RATS,long,2025-05-09 16:15:00+00:00,2025-05-09 16:20:00+00:00,2025-05-09 16:35:00+00:00,147087,147088,147091,0.03495,0.03417503851406581,0.03417503851406581,0.03652992297186838,stop,-2.217343307393971,-2.297343307393971,4
1000RATS,long,2025-05-10 14:30:00+00:00,2025-05-10 14:35:00+00:00,2025-05-10 17:50:00+00:00,147354,147355,147394,0.03525,0.03457746467515406,0.03457746467515406,0.03659507064969187,stop,-1.9079016307686159,-1.9879016307686157,40
1000RATS,long,2025-05-11 14:10:00+00:00,2025-05-11 14:15:00+00:00,2025-05-11 14:20:00+00:00,147638,147639,147640,0.03198,0.031525113260147224,0.031525113260147224,0.032919773479705546,stop,-1.4224100683326357,-1.5024100683326358,2
1000RATS,short,2025-05-11 14:30:00+00:00,2025-05-11 14:35:00+00:00,2025-05-11 15:20:00+00:00,147642,147643,147652,0.03127,0.0316794244631647,0.0316794244631647,0.03042115107367061,stop,-1.2923986786463226,-1.3723986786463227,10
1000RATS,short,2025-05-11 15:30:00+00:00,2025-05-11 15:35:00+00:00,2025-05-11 16:05:00+00:00,147654,147655,147661,0.03131,0.030086328147655002,0.0319068359261725,0.030086328147655002,take_profit,4.067202372916912,3.9872023729169115,7
1000RATS,long,2025-05-12 16:00:00+00:00,2025-05-12 16:05:00+00:00,2025-05-12 16:15:00+00:00,147948,147949,147951,0.03465,0.03367062993319991,0.03367062993319991,0.03657874013360018,stop,-2.826464839249909,-2.9064648392499093,3
1000RATS,long,2025-05-12 16:30:00+00:00,2025-05-12 16:35:00+00:00,2025-05-12 16:45:00+00:00,147954,147955,147957,0.03451,0.033688883388994846,0.033688883388994846,0.0362122332220103,stop,-2.379358478716753,-2.4593584787167533,3
1000RATS,long,2025-05-12 17:35:00+00:00,2025-05-12 17:40:00+00:00,2025-05-12 21:10:00+00:00,147967,147968,148010,0.03455,0.03377609545070963,0.03377609545070963,0.03603780909858074,stop,-2.239955280145789,-2.319955280145789,43
1000RATS,long,2025-05-14 14:05:00+00:00,2025-05-14 14:10:00+00:00,2025-05-14 15:20:00+00:00,148501,148502,148516,0.03403,0.03171295075370667,0.03171295075370667,0.03857409849258667,stop,-6.808842921814073,-6.8888429218140725,15
1000RATS,short,2025-05-14 16:05:00+00:00,2025-05-14 16:10:00+00:00,2025-05-14 17:50:00+00:00,148525,148526,148546,0.0322,0.03015185973481136,0.033209070132594325,0.03015185973481136,take_profit,6.792749379979335,6.712749379979336,21
1000RATS,short,2025-05-15 14:10:00+00:00,2025-05-15 14:15:00+00:00,2025-05-15 14:45:00+00:00,148790,148791,148797,0.02851,0.02785658534315988,0.02883670732842006,0.02785658534315988,take_profit,2.345638019846419,2.2656380198464188,7
1000RATS,short,2025-05-16 17:50:00+00:00,2025-05-16 17:55:00+00:00,2025-05-17 13:30:00+00:00,149122,149123,149358,0.02354,0.02453110959880205,0.02453110959880205,0.0215277808023959,stop,-4.040215118726021,-4.120215118726021,236
1000RATS,short,2025-05-17 16:50:00+00:00,2025-05-17 16:55:00+00:00,2025-05-17 17:00:00+00:00,149398,149399,149400,0.02386,0.02429343400897643,0.02429343400897643,0.02296313198204714,stop,-1.7841611392455992,-1.864161139245599,2
1000RATS,long,2025-05-18 17:15:00+00:00,2025-05-18 17:20:00+00:00,2025-05-18 18:15:00+00:00,149691,149692,149703,0.0262,0.02582108539558486,0.02582108539558486,0.026957829208830282,stop,-1.446238948149392,-1.526238948149392,12
1000RATS,short,2025-05-18 18:40:00+00:00,2025-05-18 18:45:00+00:00,2025-05-18 19:10:00+00:00,149708,149709,149714,0.02525,0.025812001928441335,0.025812001928441335,0.024095996143117325,stop,-2.1772891928312,-2.2572891928312,6
1000RATS,long,2025-05-20 14:05:00+00:00,2025-05-20 14:10:00+00:00,2025-05-20 15:00:00+00:00,150229,150230,150240,0.02424,0.02393041228239789,0.02393041228239789,0.024829175435204222,stop,-1.2771770528139825,-1.3571770528139826,11
1000RATS,short,2025-05-20 15:05:00+00:00,2025-05-20 15:10:00+00:00,2025-05-20 19:15:00+00:00,150241,150242,150291,0.02377,0.023092424756525294,0.024078787621737353,0.023092424756525294,take_profit,2.9341883783046363,2.8541883783046362,50
1000RATS,long,2025-05-21 14:15:00+00:00,2025-05-21 14:20:00+00:00,2025-05-21 14:25:00+00:00,150519,150520,150521,0.02422,0.02396587207632753,0.02396587207632753,0.024668255847344937,stop,-1.049248239770717,-1.129248239770717,2
1000RATS,long,2025-05-21 15:40:00+00:00,2025-05-21 15:45:00+00:00,2025-05-21 16:10:00+00:00,150536,150537,150542,0.0242,0.02386561930758717,0.02386561930758717,0.024928761384825658,stop,-1.381738398400123,-1.461738398400123,6
1000RATS,short,2025-05-21 17:20:00+00:00,2025-05-21 17:25:00+00:00,2025-05-21 18:40:00+00:00,150556,150557,150572,0.02356,0.023989218423125874,0.023989218423125874,0.022701563153748255,stop,-1.789213869144235,-1.8692138691442348,16
1000RATS,long,2025-05-23 14:10:00+00:00,2025-05-23 14:15:00+00:00,2025-05-23 15:35:00+00:00,151094,151095,151111,0.0269,0.02608211581918854,0.02608211581918854,0.02859576836162292,stop,-3.040461638704317,-3.120461638704317,17
1000RATS,short,2025-05-23 15:50:00+00:00,2025-05-23 15:55:00+00:00,2025-05-23 20:20:00+00:00,151114,151115,151168,0.02591,0.024882379988696447,0.026438810005651774,0.024882379988696447,take_profit,4.129910449765561,4.049910449765561,54
1000RATS,short,2025-05-24 15:15:00+00:00,2025-05-24 15:20:00+00:00,2025-05-24 15:55:00+00:00,151395,151396,151403,0.02288,0.023139452706898093,0.023139452706898093,0.022361094586203816,stop,-1.1212568861697747,-1.2012568861697748,8
1000RATS,short,2025-05-24 17:45:00+00:00,2025-05-24 17:50:00+00:00,2025-05-24 18:20:00+00:00,151425,151426,151432,0.02285,0.023013924342054876,0.023013924342054876,0.022552151315890244,stop,-0.7122833099582504,-0.7922833099582505,7
1000RATS,short,2025-05-24 18:50:00+00:00,2025-05-24 18:55:00+00:00,2025-05-24 19:15:00+00:00,151438,151439,151443,0.0229,0.023041709197066263,0.023041709197066263,0.022586581605867476,stop,-0.6150116549700435,-0.6950116549700436,5
1000RATS,short,2025-05-25 16:15:00+00:00,2025-05-25 16:20:00+00:00,2025-05-25 16:35:00+00:00,151695,151696,151699,0.02288,0.023059904665112096,0.023059904665112096,0.02255019066977581,stop,-0.7801622241061512,-0.8601622241061513,4
1000RATS,short,2025-05-25 17:00:00+00:00,2025-05-25 17:05:00+00:00,2025-05-26 00:20:00+00:00,151704,151705,151792,0.02284,0.022074005454981203,0.023237997272509397,0.022074005454981203,take_profit,3.470120303181967,3.390120303181967,88
1000RATS,long,2025-05-26 14:15:00+00:00,2025-05-26 14:20:00+00:00,2025-05-26 22:05:00+00:00,151959,151960,152053,0.02323,0.02303411244942424,0.02303411244942424,0.02365177510115152,stop,-0.843252477726042,-0.923252477726042,94
1000RATS,short,2025-05-27 14:05:00+00:00,2025-05-27 14:10:00+00:00,2025-05-27 14:50:00+00:00,152245,152246,152254,0.02205,0.022241479095701185,0.022241479095701185,0.02166704180859763,stop,-0.8609099011683718,-0.9409099011683719,9
1000RATS,long,2025-05-27 15:00:00+00:00,2025-05-27 15:05:00+00:00,2025-05-27 17:15:00+00:00,152256,152257,152283,0.02232,0.022828844075350185,0.022065577962324907,0.022828844075350185,take_profit,2.279767362680052,2.199767362680052,27
1000RATS,short,2025-05-28 19:00:00+00:00,2025-05-28 19:05:00+00:00,2025-05-28 19:45:00+00:00,152592,152593,152601,0.02324,0.023606856079419265,0.023606856079419265,0.02253628784116147,stop,-1.5540234505817763,-1.6340234505817761,9
1000RATS,short,2025-05-30 15:00:00+00:00,2025-05-30 15:05:00+00:00,2025-05-31 01:30:00+00:00,153120,153121,153246,0.02094,0.020171631479637932,0.021339184260181034,0.020171631479637932,take_profit,3.809154064398257,3.729154064398257,126
1000RATS,long,2025-05-31 14:45:00+00:00,2025-05-31 14:50:00+00:00,2025-05-31 15:30:00+00:00,153405,153406,153414,0.01893,0.01967563876960939,0.018557180615195304,0.01967563876960939,take_profit,3.9389264110374578,3.8589264110374577,9
1000RATS,short,2025-06-02 18:25:00+00:00,2025-06-02 18:30:00+00:00,2025-06-02 20:10:00+00:00,154025,154026,154046,0.02056,0.02080577969365843,0.02080577969365843,0.020068440612683137,stop,-1.1813048935308323,-1.2613048935308324,21
1000RATS,long,2025-06-03 14:35:00+00:00,2025-06-03 14:40:00+00:00,2025-06-03 15:35:00+00:00,154267,154268,154279,0.02295,0.02251464233956938,0.02251464233956938,0.023820715320861243,stop,-1.8969832698501943,-1.9769832698501941,12
1000RATS,short,2025-06-03 17:30:00+00:00,2025-06-03 17:35:00+00:00,2025-06-03 17:50:00+00:00,154302,154303,154306,0.02215,0.022456946601702204,0.022456946601702204,0.02153610679659559,stop,-1.366822512188448,-1.4468225121884482,4
1000RATS,short,2025-06-04 14:20:00+00:00,2025-06-04 14:25:00+00:00,2025-06-04 21:20:00+00:00,154552,154553,154636,0.02299,0.022370732447917083,0.023314633776041458,0.022370732447917083,take_profit,2.7682041860930484,2.6882041860930483,84
1000RATS,short,2025-06-05 14:10:00+00:00,2025-06-05 14:15:00+00:00,2025-06-05 16:20:00+00:00,154838,154839,154864,0.02102,0.021211372846129214,0.021211372846129214,0.02066725430774157,stop,-0.902218104964092,-0.9822181049640921,26
1000RATS,long,2025-06-06 14:05:00+00:00,2025-06-06 14:10:00+00:00,2025-06-06 21:30:00+00:00,155125,155126,155214,0.02065,0.02112511019728822,0.020427444901355892,0.02112511019728822,take_profit,2.300775773792818,2.220775773792818,89
1000RATS,long,2025-06-07 15:45:00+00:00,2025-06-07 15:50:00+00:00,2025-06-07 16:55:00+00:00,155433,155434,155447,0.02115,0.02092034195883455,0.02092034195883455,0.0215793160823309,stop,-1.085853622531674,-1.165853622531674,14
1000RATS,long,2025-06-07 17:25:00+00:00,2025-06-07 17:30:00+00:00,2025-06-07 18:40:00+00:00,155453,155454,155468,0.02111,0.02095397011862909,0.02095397011862909,0.02136205976274182,stop,-0.7391278132207857,-0.8191278132207858,15
1000RATS,long,2025-06-07 19:20:00+00:00,2025-06-07 19:25:00+00:00,2025-06-07 20:45:00+00:00,155476,155477,155493,0.02106,0.020937044216723526,0.020937044216723526,0.021335911566552943,stop,-0.5838356280934098,-0.6638356280934099,17
1000RATS,short,2025-06-08 16:00:00+00:00,2025-06-08 16:05:00+00:00,2025-06-08 16:25:00+00:00,155724,155725,155729,0.02058,0.020387721896043556,0.020676139051978223,0.020387721896043556,take_profit,0.9431073512620181,0.863107351262018,5
1000RATS,short,2025-06-09 14:20:00+00:00,2025-06-09 14:25:00+00:00,2025-06-09 15:45:00+00:00,155992,155993,156009,0.02044,0.020654216402512023,0.020654216402512023,0.020011567194975953,stop,-1.0371557958788968,-1.117155795878897,17
1000RATS,long,2025-06-09 18:30:00+00:00,2025-06-09 18:35:00+00:00,2025-06-09 19:10:00+00:00,156042,156043,156050,0.02114,0.021012997397992516,0.021012997397992516,0.021424005204014964,stop,-0.6007691674904558,-0.6807691674904559,8
1000RATS,long,2025-06-09 19:20:00+00:00,2025-06-09 19:25:00+00:00,2025-06-10 01:00:00+00:00,156052,156053,156120,0.02118,0.021520577772601364,0.02102471111369932,0.021520577772601364,take_profit,1.6080159235191793,1.5280159235191793,68
1000RATS,long,2025-06-10 14:10:00+00:00,2025-06-10 14:15:00+00:00,2025-06-10 14:30:00+00:00,156278,156279,156282,0.02355,0.023220583065978826,0.023220583065978826,0.02423883386804235,stop,-1.3987980213213347,-1.4787980213213348,4
1000RATS,long,2025-06-10 18:55:00+00:00,2025-06-10 19:00:00+00:00,2025-06-10 20:30:00+00:00,156335,156336,156354,0.02344,0.023813670868399174,0.023283164565800415,0.023813670868399174,take_profit,1.5941589948770263,1.5141589948770262,19
1000RATS,short,2025-06-11 15:45:00+00:00,2025-06-11 15:50:00+00:00,2025-06-11 16:10:00+00:00,156585,156586,156590,0.02346,0.023616841318210784,0.023616841318210784,0.023146317363578438,stop,-0.6641079393197358,-0.7441079393197358,5
1000RATS,long,2025-06-11 17:35:00+00:00,2025-06-11 17:40:00+00:00,2025-06-11 18:00:00+00:00,156607,156608,156612,0.02382,0.023472979311163072,0.023472979311163072,0.02448404137767386,stop,-1.4568458809274931,-1.5368458809274932,5
1000RATS,long,2025-06-13 14:10:00+00:00,2025-06-13 14:15:00+00:00,2025-06-13 16:45:00+00:00,157142,157143,157173,0.02278,0.022377165665117705,0.022377165665117705,0.023615668669764594,stop,-1.7683684586580206,-1.8483684586580205,31
1000RATS,long,2025-06-13 17:05:00+00:00,2025-06-13 17:10:00+00:00,2025-06-13 17:45:00+00:00,157177,157178,157185,0.02282,0.022231328868682326,0.022231328868682326,0.02399734226263535,stop,-2.579628095169473,-2.659628095169473,8
1000RATS,long,2025-06-13 18:35:00+00:00,2025-06-13 18:40:00+00:00,2025-06-13 22:20:00+00:00,157195,157196,157240,0.02284,0.02239344954313439,0.02239344954313439,0.023763100913731214,stop,-1.9551245922312055,-2.0351245922312056,45
1000RATS,long,2025-06-15 14:50:00+00:00,2025-06-15 14:55:00+00:00,2025-06-15 15:05:00+00:00,157726,157727,157729,0.0236,0.023505308684404723,0.023505308684404723,0.023789382631190552,stop,-0.4012343881155789,-0.4812343881155789,3
1000RATS,short,2025-06-15 15:20:00+00:00,2025-06-15 15:25:00+00:00,2025-06-15 15:50:00+00:00,157732,157733,157738,0.02336,0.023521525230019106,0.023521525230019106,0.023036949539961785,stop,-0.6867123982800316,-0.7667123982800317,6
1000RATS,short,2025-06-15 15:55:00+00:00,2025-06-15 16:00:00+00:00,2025-06-15 16:10:00+00:00,157739,157740,157742,0.02337,0.023526189229434807,0.023526189229434807,0.02305762154113038,stop,-0.6638951506833579,-0.743895150683358,3
1000RATS,short,2025-06-16 14:05:00+00:00,2025-06-16 14:10:00+00:00,2025-06-16 14:20:00+00:00,158005,158006,158008,0.02353,0.02365611718691267,0.02365611718691267,0.023247765626174657,stop,-0.5331271650211633,-0.6131271650211634,3
1000RATS,long,2025-06-16 15:40:00+00:00,2025-06-16 15:45:00+00:00,2025-06-16 16:10:00+00:00,158024,158025,158030,0.02379,0.02409174968699691,0.023624125156501544,0.02409174968699691,take_profit,1.2683887641736558,1.1883887641736557,6
1000RATS,short,2025-06-17 15:00:00+00:00,2025-06-17 15:05:00+00:00,2025-06-17 17:00:00+00:00,158304,158305,158328,0.02326,0.023043687705726647,0.023368156147136675,0.023043687705726647,take_profit,0.9387051978646532,0.8587051978646532,24
1000RATS,short,2025-06-18 15:35:00+00:00,2025-06-18 15:40:00+00:00,2025-06-18 17:00:00+00:00,158599,158600,158616,0.02275,0.02250372928045262,0.02287313535977369,0.02250372928045262,take_profit,1.0943551465547374,1.0143551465547374,17
1000RATS,long,2025-06-18 19:55:00+00:00,2025-06-18 20:00:00+00:00,2025-06-18 20:15:00+00:00,158651,158652,158655,0.02302,0.021778772823378194,0.021778772823378194,0.02550245435324361,stop,-5.391951245099069,-5.47195124509907,4
1000RATS,long,2025-06-19 14:05:00+00:00,2025-06-19 14:10:00+00:00,2025-06-19 14:45:00+00:00,158869,158870,158877,0.02153,0.021308011770936917,0.021308011770936917,0.02194397645812617,stop,-1.0310646960663417,-1.1110646960663417,8
1000RATS,short,2025-06-19 15:40:00+00:00,2025-06-19 15:45:00+00:00,2025-06-19 18:40:00+00:00,158888,158889,158924,0.02119,0.021286836991508937,0.021286836991508937,0.02093632601698213,stop,-0.4549148919943513,-0.5349148919943514,36
1000RATS,short,2025-06-19 19:05:00+00:00,2025-06-19 19:10:00+00:00,2025-06-19 21:15:00+00:00,158929,158930,158955,0.02114,0.021285218372482723,0.021285218372482723,0.020819563255034552,stop,-0.6822498596982252,-0.7622498596982252,26
1000RATS,long,2025-06-20 15:30:00+00:00,2025-06-20 15:35:00+00:00,2025-06-20 16:20:00+00:00,159174,159175,159184,0.02144,0.021703379058077586,0.021308310470961208,0.021703379058077586,take_profit,1.22844709924248,1.14844709924248,10
1000RATS,long,2025-06-22 14:45:00+00:00,2025-06-22 14:50:00+00:00,2025-06-22 17:30:00+00:00,159741,159742,159774,0.01961,0.019437271795090912,0.019437271795090912,0.01998545640981817,stop,-0.8808169551712708,-0.9608169551712709,33
1000RATS,short,2025-06-22 18:20:00+00:00,2025-06-22 18:25:00+00:00,2025-06-22 20:05:00+00:00,159784,159785,159805,0.01931,0.019577596196414034,0.019577596196414034,0.018774807607171935,stop,-1.3668490949008683,-1.4468490949008683,21
1000RATS,long,2025-06-23 14:45:00+00:00,2025-06-23 14:50:00+00:00,2025-06-23 22:40:00+00:00,160029,160030,160124,0.02003,0.020390915029588418,0.01984954248520579,0.020390915029588418,take_profit,1.8018723394329417,1.7218723394329418,95
1000RATS,long,2025-06-24 14:10:00+00:00,2025-06-24 14:15:00+00:00,2025-06-24 15:00:00+00:00,160310,160311,160320,0.02213,0.02237021410778611,0.022009892946106946,0.02237021410778611,take_profit,1.085468177976101,1.005468177976101,10
1000RATS,long,2025-06-24 17:25:00+00:00,2025-06-24 17:30:00+00:00,2025-06-24 19:20:00+00:00,160349,160350,160372,0.02211,0.022357726689942868,0.022001136655028567,0.022357726689942868,take_profit,1.120428267493745,1.0404282674937448,23
1000RATS,short,2025-06-25 15:35:00+00:00,2025-06-25 15:40:00+00:00,2025-06-25 20:55:00+00:00,160615,160616,160679,0.02094,0.021139208059143124,0.021139208059143124,0.020541583881713753,stop,-0.9423629238417108,-1.022362923841711,64
1000RATS,long,2025-06-27 14:10:00+00:00,2025-06-27 14:15:00+00:00,2025-06-27 21:00:00+00:00,161174,161175,161256,0.01909,0.018767310238691243,0.018767310238691243,0.019705379522617514,stop,-1.6903601954361247,-1.7703601954361246,82
1000RATS,long,2025-06-28 14:05:00+00:00,2025-06-28 14:10:00+00:00,2025-06-28 15:30:00+00:00,161461,161462,161478,0.01834,0.018216192293317023,0.018216192293317023,0.018557615413365952,stop,-0.6750692839856964,-0.7550692839856965,17
1000RATS,short,2025-06-28 15:45:00+00:00,2025-06-28 15:50:00+00:00,2025-06-28 16:00:00+00:00,161481,161482,161484,0.01811,0.01824251217351121,0.01824251217351121,0.01787497565297758,stop,-0.7263921342128721,-0.8063921342128721,3
1000RATS,short,2025-06-28 17:10:00+00:00,2025-06-28 17:15:00+00:00,2025-06-28 18:40:00+00:00,161498,161499,161516,0.01813,0.01826340483255548,0.01826340483255548,0.01786319033488904,stop,-0.7304488608700033,-0.8104488608700033,18
1000RATS,short,2025-06-29 14:25:00+00:00,2025-06-29 14:30:00+00:00,2025-06-29 14:50:00+00:00,161753,161754,161758,0.01858,0.018647918851641257,0.018647918851641257,0.018414162296717485,stop,-0.36421679106181104,-0.44421679106181106,5
1000RATS,long,2025-06-29 15:00:00+00:00,2025-06-29 15:05:00+00:00,2025-06-29 15:25:00+00:00,161760,161761,161765,0.01865,0.01861536595513577,0.01861536595513577,0.018779268089728456,stop,-0.18570533439264958,-0.2657053343926496,5
1000RATS,short,2025-06-29 16:45:00+00:00,2025-06-29 16:50:00+00:00,2025-06-29 16:50:00+00:00,161781,161782,161782,0.01859,0.018636438751551045,0.018636438751551045,0.018467122496897907,stop,-0.24918254056012223,-0.32918254056012225,1
1000RATS,long,2025-06-30 15:05:00+00:00,2025-06-30 15:10:00+00:00,2025-06-30 15:50:00+00:00,162049,162050,162058,0.01973,0.0195893758372498,0.0195893758372498,0.019981248325500404,stop,-0.712742842119618,-0.7927428421196181,9
1000RATS,long,2025-06-30 16:15:00+00:00,2025-06-30 16:20:00+00:00,2025-06-30 19:40:00+00:00,162063,162064,162104,0.01976,0.019523406143644426,0.019523406143644426,0.020233187712711147,stop,-1.1973373297346823,-1.2773373297346824,41
1000RATS,short,2025-07-01 19:45:00+00:00,2025-07-01 19:50:00+00:00,2025-07-01 21:45:00+00:00,162393,162394,162417,0.01882,0.018543542324681573,0.018958228837659213,0.018543542324681573,take_profit,1.4908568733950078,1.4108568733950078,24
1000RATS,long,2025-07-02 16:30:00+00:00,2025-07-02 16:35:00+00:00,2025-07-03 01:05:00+00:00,162642,162643,162745,0.01867,0.019318733582555182,0.018345633208722407,0.019318733582555182,take_profit,3.4747379890475827,3.3947379890475826,103
1000RATS,long,2025-07-03 15:40:00+00:00,2025-07-03 15:45:00+00:00,2025-07-03 19:30:00+00:00,162920,162921,162966,0.02094,0.020636290655962012,0.020636290655962012,0.021517418688075978,stop,-1.4503789113561982,-1.5303789113561983,46
1000RATS,long,2025-07-04 14:30:00+00:00,2025-07-04 14:35:00+00:00,2025-07-04 15:00:00+00:00,163194,163195,163200,0.02037,0.020113660736052846,0.020113660736052846,0.020882678527894306,stop,-1.2584156305702199,-1.33841563057022,6
1000RATS,short,2025-07-04 15:15:00+00:00,2025-07-04 15:20:00+00:00,2025-07-04 21:20:00+00:00,163203,163204,163276,0.0199,0.019501824946011135,0.020084087526994435,0.019501824946011135,take_profit,2.041732274241892,1.9617322742418921,73
1000RATS,long,2025-07-05 15:25:00+00:00,2025-07-05 15:30:00+00:00,2025-07-05 16:55:00+00:00,163493,163494,163511,0.01918,0.019040518702621436,0.019040518702621436,0.019458962594757125,stop,-0.7272226140696669,-0.807222614069667,18
1000RATS,long,2025-07-05 17:35:00+00:00,2025-07-05 17:40:00+00:00,2025-07-05 18:15:00+00:00,163519,163520,163527,0.01912,0.018948640246801096,0.018948640246801096,0.01949271950639781,stop,-0.896233018822723,-0.9762330188227231,8
1000RATS,long,2025-07-05 18:50:00+00:00,2025-07-05 18:55:00+00:00,2025-07-05 20:50:00+00:00,163534,163535,163558,0.01912,0.01898825725611102,0.01898825725611102,0.019413485487777965,stop,-0.6890310872854744,-0.7690310872854744,24
1000RATS,short,2025-07-06 14:05:00+00:00,2025-07-06 14:10:00+00:00,2025-07-06 15:15:00+00:00,163765,163766,163779,0.0187,0.018768786606489854,0.018768786606489854,0.018532426787020287,stop,-0.36649469106365684,-0.44649469106365686,14
1000RATS,long,2025-07-06 15:45:00+00:00,2025-07-06 15:50:00+00:00,2025-07-06 16:30:00+00:00,163785,163786,163794,0.01879,0.01896252259501185,0.018718738702494075,0.01896252259501185,take_profit,0.9181617616383697,0.8381617616383696,9
1000RATS,long,2025-07-06 19:15:00+00:00,2025-07-06 19:20:00+00:00,2025-07-06 21:35:00+00:00,163827,163828,163855,0.01881,0.019009522394337976,0.01872523880283101,0.019009522394337976,take_profit,1.0607251160976938,0.9807251160976937,28
1000RATS,short,2025-07-07 14:15:00+00:00,2025-07-07 14:20:00+00:00,2025-07-07 16:50:00+00:00,164055,164056,164086,0.01949,0.019604452791996334,0.019604452791996334,0.019201094416007335,stop,-0.5838101844039212,-0.6638101844039213,31
1000RATS,long,2025-07-07 18:40:00+00:00,2025-07-07 18:45:00+00:00,2025-07-07 18:50:00+00:00,164108,164109,164110,0.01961,0.01953713898797656,0.01953713898797656,0.019815722024046883,stop,-0.37155029078754787,-0.4515502907875479,2
1000RATS,short,2025-07-08 14:30:00+00:00,2025-07-08 14:35:00+00:00,2025-07-08 15:10:00+00:00,164346,164347,164354,0.01801,0.01812965664628833,0.01812965664628833,0.017770686707423346,stop,-0.6600050327639551,-0.7400050327639551,8
1000RATS,short,2025-07-08 17:55:00+00:00,2025-07-08 18:00:00+00:00,2025-07-08 18:25:00+00:00,164387,164388,164393,0.01801,0.01810191429378521,0.01810191429378521,0.01785617141242958,stop,-0.5077600760532097,-0.5877600760532098,6
1000RATS,long,2025-07-10 19:50:00+00:00,2025-07-10 19:55:00+00:00,2025-07-10 21:15:00+00:00,164986,164987,165003,0.01985,0.019699098925756373,0.019699098925756373,0.020151802148487254,stop,-0.760206923141693,-0.8402069231416931,17
1000RATS,long,2025-07-11 14:10:00+00:00,2025-07-11 14:15:00+00:00,2025-07-11 15:35:00+00:00,165206,165207,165223,0.02176,0.021566308253834498,0.021566308253834498,0.022177383492331008,stop,-0.8901275099517658,-0.9701275099517659,17
1000RATS,long,2025-07-11 18:35:00+00:00,2025-07-11 18:40:00+00:00,2025-07-11 18:50:00+00:00,165259,165260,165262,0.02176,0.0215293856466782,0.0215293856466782,0.022221228706643607,stop,-1.0598086090156333,-1.1398086090156334,3
1000RATS,long,2025-07-11 19:05:00+00:00,2025-07-11 19:10:00+00:00,2025-07-11 19:30:00+00:00,165265,165266,165270,0.0218,0.021520212677628096,0.021520212677628096,0.02232957464474381,stop,-1.2834280842747847,-1.3634280842747848,5
1000RATS,short,2025-07-12 14:05:00+00:00,2025-07-12 14:10:00+00:00,2025-07-12 14:20:00+00:00,165493,165494,165496,0.02021,0.02046363331247258,0.02046363331247258,0.019702733375054834,stop,-1.2394344083462072,-1.3194344083462073,3
1000RATS,long,2025-07-12 15:15:00+00:00,2025-07-12 15:20:00+00:00,2025-07-12 17:50:00+00:00,165507,165508,165538,0.02145,0.020568177557168926,0.020568177557168926,0.02324364488566215,stop,-4.111060339538808,-4.191060339538808,31
1000RATS,long,2025-07-13 16:30:00+00:00,2025-07-13 16:35:00+00:00,2025-07-13 17:10:00+00:00,165810,165811,165818,0.02066,0.020407980186068087,0.020407980186068087,0.02113403962786383,stop,-1.2198442107062668,-1.2998442107062669,8
1000RATS,long,2025-07-15 14:05:00+00:00,2025-07-15 14:10:00+00:00,2025-07-15 15:15:00+00:00,166357,166358,166371,0.02051,0.020201467575656617,0.020201467575656617,0.021157064848686766,stop,-1.5043024102554092,-1.584302410255409,14
1000RATS,long,2025-07-15 16:10:00+00:00,2025-07-15 16:15:00+00:00,2025-07-15 16:40:00+00:00,166382,166383,166388,0.02049,0.020306511143093963,0.020306511143093963,0.020916977713812075,stop,-0.895504426090965,-0.9755044260909651,6
1000RATS,short,2025-07-15 16:45:00+00:00,2025-07-15 16:50:00+00:00,2025-07-15 22:05:00+00:00,166389,166390,166453,0.0202,0.02048886793097096,0.02048886793097096,0.019622264138058076,stop,-1.4098774609909492,-1.4898774609909493,64
1000RATS,short,2025-07-16 17:45:00+00:00,2025-07-16 17:50:00+00:00,2025-07-16 18:10:00+00:00,166689,166690,166694,0.02117,0.0213552597769639,0.0213552597769639,0.020739480446072194,stop,-0.8675135722944538,-0.9475135722944539,5
1000RATS,short,2025-07-16 19:15:00+00:00,2025-07-16 19:20:00+00:00,2025-07-16 20:25:00+00:00,166707,166708,166721,0.02116,0.021330854793541687,0.021330854793541687,0.02081829041291663,stop,-0.8009749032346081,-0.8809749032346081,14
1000RATS,short,2025-07-17 14:05:00+00:00,2025-07-17 14:10:00+00:00,2025-07-17 14:40:00+00:00,166933,166934,166940,0.02242,0.02267217938229766,0.02267217938229766,0.02188564123540468,stop,-1.1122855815729915,-1.1922855815729916,7
1000RATS,long,2025-07-17 15:20:00+00:00,2025-07-17 15:25:00+00:00,2025-07-17 16:05:00+00:00,166948,166949,166957,0.02281,0.022469138701955684,0.022469138701955684,0.023491722596088633,stop,-1.4943502763889338,-1.5743502763889337,9
1000RATS,long,2025-07-17 16:50:00+00:00,2025-07-17 16:55:00+00:00,2025-07-17 17:35:00+00:00,166966,166967,166975,0.02277,0.022506643722273484,0.022506643722273484,0.02326671255545303,stop,-1.1565932267304069,-1.236593226730407,9
1000RATS,long,2025-07-18 14:05:00+00:00,2025-07-18 14:10:00+00:00,2025-07-18 16:15:00+00:00,167221,167222,167247,0.02365,0.023460100465120197,0.023460100465120197,0.02399979906975961,stop,-0.8029578641852164,-0.8829578641852165,26
1000RATS,long,2025-07-18 16:25:00+00:00,2025-07-18 16:30:00+00:00,2025-07-18 16:40:00+00:00,167249,167250,167252,0.0236,0.02339003923833028,0.02339003923833028,0.024019921523339437,stop,-0.8896642443632197,-0.9696642443632197,3
1000RATS,long,2025-07-18 17:15:00+00:00,2025-07-18 17:20:00+00:00,2025-07-18 17:35:00+00:00,167259,167260,167263,0.02371,0.023361816355117773,0.023361816355117773,0.02440636728976445,stop,-1.4685096789634144,-1.5485096789634145,4
1000RATS,long,2025-07-19 14:40:00+00:00,2025-07-19 14:45:00+00:00,2025-07-19 14:50:00+00:00,167516,167517,167518,0.02295,0.022762302603673033,0.022762302603673033,0.02332539479265394,stop,-0.8178535787667474,-0.8978535787667474,2
1000RATS,short,2025-07-19 15:20:00+00:00,2025-07-19 15:25:00+00:00,2025-07-19 15:55:00+00:00,167524,167525,167531,0.02264,0.022852541229710557,0.022852541229710557,0.022214917540578888,stop,-0.9300551197966245,-1.0100551197966245,7
1000RATS,short,2025-07-19 16:55:00+00:00,2025-07-19 17:00:00+00:00,2025-07-19 20:10:00+00:00,167543,167544,167582,0.02264,0.02231653955018793,0.022786730224906036,0.02231653955018793,take_profit,1.4494202790026556,1.3694202790026555,39
1000RATS,long,2025-07-20 15:00:00+00:00,2025-07-20 15:05:00+00:00,2025-07-21 00:35:00+00:00,167808,167809,167923,0.02354,0.02397927450686973,0.023335362746565138,0.02397927450686973,take_profit,1.8660769195825377,1.786076919582538,115
1000RATS,long,2025-07-21 15:15:00+00:00,2025-07-21 15:20:00+00:00,2025-07-21 17:45:00+00:00,168099,168100,168129,0.02368,0.02351872469344176,0.02351872469344176,0.024032550613116477,stop,-0.6810612608033728,-0.7610612608033729,30
1000RATS,short,2025-07-22 14:10:00+00:00,2025-07-22 14:15:00+00:00,2025-07-22 17:15:00+00:00,168374,168375,168411,0.02159,0.020904160757184567,0.02193291962140772,0.020904160757184567,take_profit,3.2808743234512328,3.2008743234512327,37
1000RATS,short,2025-07-24 14:05:00+00:00,2025-07-24 14:10:00+00:00,2025-07-24 14:55:00+00:00,168949,168950,168959,0.01868,0.01816712257465165,0.018936438712674173,0.01816712257465165,take_profit,2.8231076398634425,2.7431076398634424,10
1000RATS,long,2025-07-25 15:40:00+00:00,2025-07-25 15:45:00+00:00,2025-07-25 18:25:00+00:00,169256,169257,169289,0.01853,0.01899452467926472,0.01831273766036764,0.01899452467926472,take_profit,2.5068790030475796,2.4268790030475795,33
1000RATS,short,2025-07-26 14:05:00+00:00,2025-07-26 14:10:00+00:00,2025-07-26 14:40:00+00:00,169525,169526,169532,0.01969,0.019791555240786428,0.019791555240786428,0.019456889518427143,stop,-0.5131241054626368,-0.5931241054626368,7
1000RATS,long,2025-07-26 14:50:00+00:00,2025-07-26 14:55:00+00:00,2025-07-26 15:55:00+00:00,169534,169535,169547,0.01986,0.02012113879715752,0.01972943060142124,0.02012113879715752,take_profit,1.3148982737035242,1.2348982737035241,13
1000RATS,long,2025-07-27 14:25:00+00:00,2025-07-27 14:30:00+00:00,2025-07-27 14:50:00+00:00,169817,169818,169822,0.01972,0.019654833998676093,0.019654833998676093,0.019910332002647815,stop,-0.33045639616586797,-0.410456396165868,5
1000RATS,long,2025-07-27 14:55:00+00:00,2025-07-27 15:00:00+00:00,2025-07-27 15:25:00+00:00,169823,169824,169829,0.01974,0.01965439422008418,0.01965439422008418,0.019881211559831646,stop,-0.4336665649231075,-0.5136665649231076,6
1000RATS,long,2025-07-27 15:45:00+00:00,2025-07-27 15:50:00+00:00,2025-07-27 16:00:00+00:00,169833,169834,169836,0.01973,0.019887705477847028,0.019651147261076488,0.019887705477847028,take_profit,0.799318184728981,0.7193181847289809,3
1000RATS,long,2025-07-27 18:00:00+00:00,2025-07-27 18:05:00+00:00,2025-07-27 18:15:00+00:00,169860,169861,169863,0.01973,0.01964779671207887,0.01964779671207887,0.019894406575842263,stop,-0.41664109437977714,-0.49664109437977716,3
1000RATS,short,2025-07-28 16:05:00+00:00,2025-07-28 16:10:00+00:00,2025-07-28 18:50:00+00:00,170125,170126,170158,0.02062,0.020899245585529382,0.020899245585529382,0.020001508828941236,stop,-1.3361515102857657,-1.4161515102857658,33
1000RATS,long,2025-07-28 19:20:00+00:00,2025-07-28 19:25:00+00:00,2025-07-28 19:30:00+00:00,170164,170165,170166,0.02105,0.020887974911065605,0.020887974911065605,0.021374050177868788,stop,-0.7697153868617357,-0.8497153868617358,2
1000RATS,long,2025-07-28 19:45:00+00:00,2025-07-28 19:50:00+00:00,2025-07-28 20:30:00+00:00,170169,170170,170178,0.02104,0.02075440418920368,0.02075440418920368,0.021611191621592637,stop,-1.3573945380053187,-1.4373945380053188,9
1000RATS,long,2025-07-29 14:05:00+00:00,2025-07-29 14:10:00+00:00,2025-07-29 15:20:00+00:00,170389,170390,170404,0.0192,0.019612937453466563,0.01900853127326672,0.019612937453466563,take_profit,2.1507159034716894,2.0707159034716893,15
1000RATS,long,2025-07-30 14:25:00+00:00,2025-07-30 14:30:00+00:00,2025-07-30 16:40:00+00:00,170681,170682,170708,0.01892,0.018775990473954285,0.018775990473954285,0.019208019052091428,stop,-0.7611497148293567,-0.8411497148293567,27
1000RATS,short,2025-07-30 17:10:00+00:00,2025-07-30 17:15:00+00:00,2025-07-30 17:40:00+00:00,170714,170715,170720,0.01862,0.018865037852548734,0.018865037852548734,0.018129924294902535,stop,-1.2988993420738226,-1.3788993420738227,6
1000RATS,short,2025-07-30 18:00:00+00:00,2025-07-30 18:05:00+00:00,2025-07-30 18:40:00+00:00,170724,170725,170732,0.01863,0.018283533839287446,0.01878823308035628,0.018283533839287446,take_profit,1.8949627777540057,1.8149627777540058,8
1000RATS,long,2025-07-31 15:40:00+00:00,2025-07-31 15:45:00+00:00,2025-07-31 16:05:00+00:00,170984,170985,170989,0.0188,0.018696206420598414,0.018696206420598414,0.019007587158803175,stop,-0.5520935074552535,-0.6320935074552536,5
1000RATS,long,2025-07-31 16:15:00+00:00,2025-07-31 16:20:00+00:00,2025-07-31 20:05:00+00:00,170991,170992,171037,0.01877,0.018679283174747978,0.018679283174747978,0.01898143365050405,stop,-0.48330753996814746,-0.5633075399681475,46
1000RATS,short,2025-08-01 14:15:00+00:00,2025-08-01 14:20:00+00:00,2025-08-01 23:20:00+00:00,171255,171256,171364,0.01752,0.01789176410257166,0.01789176410257166,0.016746471794856683,stop,-2.077850459241326,-2.157850459241326,109
1000RATS,short,2025-08-02 14:10:00+00:00,2025-08-02 14:15:00+00:00,2025-08-02 15:20:00+00:00,171542,171543,171556,0.01763,0.017374699062565852,0.017742650468717074,0.017374699062565852,take_profit,1.4693833632157594,1.3893833632157593,14
1000RATS,long,2025-08-03 14:05:00+00:00,2025-08-03 14:10:00+00:00,2025-08-03 14:15:00+00:00,171829,171830,171831,0.01688,0.016821346692853418,0.016821346692853418,0.01702730661429316,stop,-0.3474721987356655,-0.4274721987356655,2
1000RATS,long,2025-08-03 14:20:00+00:00,2025-08-03 14:25:00+00:00,2025-08-03 19:00:00+00:00,171832,171833,171888,0.01689,0.017114877052333114,0.01677756147383344,0.017114877052333114,take_profit,1.3314212689941707,1.2514212689941706,56
1000RATS,short,2025-08-04 14:15:00+00:00,2025-08-04 14:20:00+00:00,2025-08-04 16:35:00+00:00,172119,172120,172147,0.0174,0.017552019640835043,0.017552019640835043,0.01706596071832991,stop,-0.8661091085003569,-0.946109108500357,28
1000RATS,short,2025-08-04 17:25:00+00:00,2025-08-04 17:30:00+00:00,2025-08-04 19:30:00+00:00,172157,172158,172182,0.01741,0.017547863858103103,0.017547863858103103,0.0171642722837938,stop,-0.7856446757161462,-0.8656446757161462,25
1000RATS,short,2025-08-05 15:10:00+00:00,2025-08-05 15:15:00+00:00,2025-08-05 20:10:00+00:00,172418,172419,172478,0.01777,0.018031139080862325,0.018031139080862325,0.017217721838275354,stop,-1.4482672430799926,-1.5282672430799926,60
1000RATS,short,2025-08-07 14:10:00+00:00,2025-08-07 14:15:00+00:00,2025-08-07 14:40:00+00:00,172982,172983,172988,0.01592,0.016051766677993067,0.016051766677993067,0.015686466644013866,stop,-0.820885829182394,-0.900885829182394,6
1000RATS,long,2025-08-07 14:45:00+00:00,2025-08-07 14:50:00+00:00,2025-08-07 21:00:00+00:00,172989,172990,173064,0.01624,0.01680473471300378,0.01598763264349811,0.01680473471300378,take_profit,3.477430498791745,3.3974304987917447,75
1000RATS,long,2025-08-08 19:40:00+00:00,2025-08-08 19:45:00+00:00,2025-08-08 19:50:00+00:00,173336,173337,173338,0.01801,0.017793123972452106,0.017793123972452106,0.01853375205509579,stop,-1.2041978209211268,-1.2841978209211269,2
1000RATS,long,2025-08-09 14:05:00+00:00,2025-08-09 14:10:00+00:00,2025-08-09 22:55:00+00:00,173557,173558,173663,0.01842,0.0181702851679863,0.0181702851679863,0.0188894296640274,stop,-1.355672269346897,-1.435672269346897,106
1000RATS,long,2025-08-11 15:50:00+00:00,2025-08-11 15:55:00+00:00,2025-08-11 16:15:00+00:00,174154,174155,174159,0.01803,0.017869226500000387,0.017869226500000387,0.018381546999999228,stop,-0.8916999445347407,-0.9716999445347407,5
1000RATS,short,2025-08-12 14:15:00+00:00,2025-08-12 14:20:00+00:00,2025-08-12 16:05:00+00:00,174423,174424,174445,0.01617,0.016340288662899098,0.016340288662899098,0.015829422674201805,stop,-1.0421398692040285,-1.1221398692040285,22
1000RATS,short,2025-08-12 17:30:00+00:00,2025-08-12 17:35:00+00:00,2025-08-12 17:40:00+00:00,174462,174463,174464,0.01619,0.016297523824140046,0.016297523824140046,0.015974952351719907,stop,-0.6597555880285322,-0.7397555880285323,2
1000RATS,short,2025-08-12 17:50:00+00:00,2025-08-12 17:55:00+00:00,2025-08-12 21:30:00+00:00,174466,174467,174510,0.01613,0.01636737994432694,0.01636737994432694,0.015595240111346116,stop,-1.4503234184969238,-1.5303234184969239,44
1000RATS,long,2025-08-13 18:20:00+00:00,2025-08-13 18:25:00+00:00,2025-08-13 18:50:00+00:00,174760,174761,174766,0.01782,0.01805200940065488,0.017703995299672558,0.01805200940065488,take_profit,1.3019607219690421,1.221960721969042,6
1000RATS,short,2025-08-14 14:35:00+00:00,2025-08-14 14:40:00+00:00,2025-08-14 15:15:00+00:00,175003,175004,175011,0.01783,0.017488946382141025,0.018000526808929485,0.017488946382141025,take_profit,1.9501095743951868,1.870109574395187,8
1000RATS,long,2025-08-15 15:00:00+00:00,2025-08-15 15:05:00+00:00,2025-08-15 16:25:00+00:00,175296,175297,175313,0.01605,0.01592150376625047,0.01592150376625047,0.016276992467499057,stop,-0.800599587224482,-0.8805995872244821,17
1000RATS,long,2025-08-15 16:30:00+00:00,2025-08-15 16:35:00+00:00,2025-08-15 17:10:00+00:00,175314,175315,175322,0.01598,0.0158747944642234,0.0158747944642234,0.0162204110715532,stop,-0.6583575455356705,-0.7383575455356706,8
1000RATS,long,2025-08-15 17:25:00+00:00,2025-08-15 17:30:00+00:00,2025-08-15 18:15:00+00:00,175325,175326,175335,0.01597,0.01588821393345809,0.01588821393345809,0.016163572133083823,stop,-0.512123146787169,-0.592123146787169,10
1000RATS,short,2025-08-17 18:50:00+00:00,2025-08-17 18:55:00+00:00,2025-08-17 21:00:00+00:00,175918,175919,175944,0.01817,0.018288561480593647,0.018288561480593647,0.017932877038812703,stop,-0.6482821555946594,-0.7282821555946595,26
1000RATS,long,2025-08-18 14:05:00+00:00,2025-08-18 14:10:00+00:00,2025-08-18 15:20:00+00:00,176149,176150,176164,0.01816,0.01799309877580179,0.01799309877580179,0.01843380244839642,stop,-0.9190596046156907,-0.9990596046156908,15
1000RATS,long,2025-08-18 15:30:00+00:00,2025-08-18 15:35:00+00:00,2025-08-18 15:40:00+00:00,176166,176167,176168,0.01815,0.017909707650480732,0.017909707650480732,0.018660584699038533,stop,-1.323924790739761,-1.4039247907397612,2
1000RATS,long,2025-08-18 16:10:00+00:00,2025-08-18 16:15:00+00:00,2025-08-18 18:15:00+00:00,176174,176175,176199,0.0182,0.01794970287119805,0.01794970287119805,0.018700594257603904,stop,-1.3752589494612777,-1.4552589494612778,25
1000RATS,short,2025-08-19 15:10:00+00:00,2025-08-19 15:15:00+00:00,2025-08-19 18:05:00+00:00,176450,176451,176485,0.01807,0.01826371350289403,0.01826371350289403,0.01768257299421194,stop,-1.0606468551060844,-1.1406468551060844,35
1000RATS,long,2025-08-20 14:35:00+00:00,2025-08-20 14:40:00+00:00,2025-08-20 15:15:00+00:00,176731,176732,176739,0.01695,0.01678714422933058,0.01678714422933058,0.01727571154133884,stop,-0.9608010068992368,-1.0408010068992368,8
1000RATS,long,2025-08-20 15:35:00+00:00,2025-08-20 15:40:00+00:00,2025-08-20 20:30:00+00:00,176743,176744,176802,0.01692,0.01676158913618448,0.01676158913618448,0.01729682172763104,stop,-0.9362344197134775,-1.0162344197134776,59
1000RATS,short,2025-08-21 14:05:00+00:00,2025-08-21 14:10:00+00:00,2025-08-21 16:15:00+00:00,177013,177014,177039,0.01735,0.017187474720644535,0.017431262639677734,0.017187474720644535,take_profit,0.9456030161327345,0.8656030161327344,26
1000RATS,long,2025-08-22 14:35:00+00:00,2025-08-22 14:40:00+00:00,2025-08-22 16:15:00+00:00,177307,177308,177327,0.01987,0.019556420434939197,0.019556420434939197,0.020437159130121604,stop,-1.5781558382526484,-1.6581558382526482,20
1000RATS,short,2025-08-23 16:45:00+00:00,2025-08-23 16:50:00+00:00,2025-08-23 19:10:00+00:00,177621,177622,177650,0.01956,0.019819186820598873,0.019819186820598873,0.01901162635880226,stop,-1.3077570888503254,-1.3877570888503254,29
1000RATS,short,2025-08-23 19:25:00+00:00,2025-08-23 19:30:00+00:00,2025-08-23 20:20:00+00:00,177653,177654,177664,0.01958,0.01929127572268666,0.01973936213865667,0.01929127572268666,take_profit,1.4966572530700883,1.4166572530700883,11
1000RATS,long,2025-08-24 16:10:00+00:00,2025-08-24 16:15:00+00:00,2025-08-24 17:20:00+00:00,177902,177903,177916,0.01991,0.01975675338696303,0.01975675338696303,0.02024649322607394,stop,-0.7696967003363642,-0.8496967003363642,14
1000RATS,short,2025-08-25 14:05:00+00:00,2025-08-25 14:10:00+00:00,2025-08-25 15:50:00+00:00,178165,178166,178186,0.0186,0.01828725171854578,0.01874137414072711,0.01828725171854578,take_profit,1.7101983735317017,1.6301983735317018,21
1000RATS,long,2025-08-26 16:50:00+00:00,2025-08-26 16:55:00+00:00,2025-08-26 17:35:00+00:00,178486,178487,178495,0.01997,0.0196710510130708,0.0196710510130708,0.020567897973858405,stop,-1.4969904202764228,-1.5769904202764227,9
1000RATS,long,2025-08-27 18:15:00+00:00,2025-08-27 18:20:00+00:00,2025-08-27 22:10:00+00:00,178791,178792,178838,0.01996,0.01979498797552637,0.01979498797552637,0.020290024048947253,stop,-0.826713549467073,-0.906713549467073,47
1000RATS,short,2025-08-28 14:10:00+00:00,2025-08-28 14:15:00+00:00,2025-08-28 19:30:00+00:00,179030,179031,179094,0.01988,0.0199771530360578,0.0199771530360578,0.019685693927884395,stop,-0.4863207278957393,-0.5663207278957394,64
1000RATS,short,2025-08-28 19:40:00+00:00,2025-08-28 19:45:00+00:00,2025-08-28 22:00:00+00:00,179096,179097,179124,0.01986,0.01993361628253343,0.01993361628253343,0.01971276743493314,stop,-0.3693072119479668,-0.4493072119479668,28
1000RATS,short,2025-08-29 15:35:00+00:00,2025-08-29 15:40:00+00:00,2025-08-29 15:45:00+00:00,179335,179336,179337,0.01885,0.01993392843775317,0.01993392843775317,0.016682143124493655,stop,-5.437605744085561,-5.517605744085561,2
1000RATS,long,2025-08-30 14:15:00+00:00,2025-08-30 14:20:00+00:00,2025-08-30 18:05:00+00:00,179607,179608,179653,0.02136,0.02111992442441145,0.02111992442441145,0.021870151151177103,stop,-1.12394932391644,-1.20394932391644,46
1000RATS,long,2025-08-30 19:35:00+00:00,2025-08-30 19:40:00+00:00,2025-08-30 21:30:00+00:00,179671,179672,179694,0.02136,0.021127805956229876,0.021127805956229876,0.02182438808754025,stop,-1.0870507667140705,-1.1670507667140706,23
1000RATS,short,2025-08-31 15:00:00+00:00,2025-08-31 15:05:00+00:00,2025-08-31 15:55:00+00:00,179904,179905,179915,0.02082,0.020654099593000408,0.020917950203499798,0.020654099593000408,take_profit,0.8032323377380024,0.7232323377380023,11
1000RATS,short,2025-09-01 16:10:00+00:00,2025-09-01 16:15:00+00:00,2025-09-01 16:15:00+00:00,180206,180207,180207,0.01853,0.018669393654071647,0.018669393654071647,0.0182212126918567,stop,-0.746642642254447,-0.8266426422544471,1
1000RATS,long,2025-09-01 16:55:00+00:00,2025-09-01 17:00:00+00:00,2025-09-01 19:00:00+00:00,180215,180216,180240,0.01918,0.018971975566420895,0.018971975566420895,0.019656048867158205,stop,-1.0845903731965811,-1.1645903731965812,25
1000RATS,long,2025-09-02 14:55:00+00:00,2025-09-02 15:00:00+00:00,2025-09-02 15:15:00+00:00,180479,180480,180483,0.01953,0.019354716097678096,0.019354716097678096,0.019850567804643806,stop,-0.8975110205934667,-0.9775110205934667,4
1000RATS,long,2025-09-02 15:30:00+00:00,2025-09-02 15:35:00+00:00,2025-09-02 16:05:00+00:00,180486,180487,180493,0.01953,0.019854260266970573,0.01938286986651471,0.019854260266970573,take_profit,1.6603188272942937,1.5803188272942938,7
1000RATS,short,2025-09-03 14:05:00+00:00,2025-09-03 14:10:00+00:00,2025-09-03 19:20:00+00:00,180757,180758,180820,0.02056,0.020814869025744236,0.020814869025744236,0.020020261948511524,stop,-1.2244565432000143,-1.3044565432000144,63
1000RATS,short,2025-09-04 14:20:00+00:00,2025-09-04 14:25:00+00:00,2025-09-04 19:00:00+00:00,181048,181049,181104,0.01959,0.01908536759901653,0.019827316200491735,0.01908536759901653,take_profit,2.6440800700609612,2.564080070060961,56
1000RATS,long,2025-09-05 14:25:00+00:00,2025-09-05 14:30:00+00:00,2025-09-07 01:40:00+00:00,181337,181338,181760,0.01949,0.01881793770600487,0.01881793770600487,0.020864124587990262,stop,-3.4482416315809727,-3.528241631580973,423
1000RATS,short,2025-09-08 15:05:00+00:00,2025-09-08 15:10:00+00:00,2025-09-08 15:35:00+00:00,182209,182210,182215,0.01959,0.019789301832716266,0.019789301832716266,0.019191396334567467,stop,-1.0071190707030109,-1.087119070703011,6
1000RATS,long,2025-09-09 14:55:00+00:00,2025-09-09 15:00:00+00:00,2025-09-09 17:10:00+00:00,182495,182496,182522,0.02075,0.021243967645255733,0.020488016177372136,0.021243967645255733,take_profit,2.3805669650878603,2.30056696508786,27
1000RATS,short,2025-09-10 14:10:00+00:00,2025-09-10 14:15:00+00:00,2025-09-13 04:00:00+00:00,182774,182775,183516,0.02158,0.02230030814291309,0.02230030814291309,0.020139383714173818,stop,-3.230036725488028,-3.310036725488028,742
1000RATS,short,2025-09-13 14:15:00+00:00,2025-09-13 14:20:00+00:00,2025-09-13 17:15:00+00:00,183639,183640,183675,0.02185,0.022104593548850075,0.022104593548850075,0.021340812902299854,stop,-1.1517676101459817,-1.2317676101459818,36
1000RATS,long,2025-09-14 14:05:00+00:00,2025-09-14 14:10:00+00:00,2025-09-14 15:20:00+00:00,183925,183926,183940,0.02181,0.021590375976014216,0.021590375976014216,0.022249248047971567,stop,-1.0069877303337194,-1.0869877303337194,15
1000RATS,short,2025-09-14 15:45:00+00:00,2025-09-14 15:50:00+00:00,2025-09-14 16:00:00+00:00,183945,183946,183948,0.02145,0.021639559127506876,0.021639559127506876,0.021100881744986248,stop,-0.8759842397432216,-0.9559842397432217,3
1000RATS,long,2025-09-14 16:30:00+00:00,2025-09-14 16:35:00+00:00,2025-09-14 17:00:00+00:00,183954,183955,183960,0.02174,0.02156365201860127,0.02156365201860127,0.02209269596279746,stop,-0.8111682677034548,-0.8911682677034549,6
1000RATS,long,2025-09-15 14:10:00+00:00,2025-09-15 14:15:00+00:00,2025-09-15 15:05:00+00:00,184214,184215,184225,0.02059,0.02088272087428467,0.020443639562857666,0.02088272087428467,take_profit,1.4216652466472413,1.3416652466472412,11
1000RATS,short,2025-09-15 15:50:00+00:00,2025-09-15 15:55:00+00:00,2025-09-15 16:05:00+00:00,184234,184235,184237,0.02026,0.02048679943705685,0.02048679943705685,0.019776401125886304,stop,-1.1070515809639359,-1.187051580963936,3
1000RATS,long,2025-09-15 16:15:00+00:00,2025-09-15 16:20:00+00:00,2025-09-15 16:30:00+00:00,184239,184240,184242,0.02055,0.02032906545006703,0.02032906545006703,0.021021869099865937,stop,-1.0751072989438892,-1.1551072989438893,3
1000RATS,long,2025-09-16 14:10:00+00:00,2025-09-16 14:15:00+00:00,2025-09-16 15:05:00+00:00,184502,184503,184513,0.02211,0.021853197389272775,0.021853197389272775,0.022593605221454455,stop,-1.1614772081738,-1.2414772081738001,11
1000RATS,long,2025-09-16 15:10:00+00:00,2025-09-16 15:15:00+00:00,2025-09-16 15:30:00+00:00,184514,184515,184518,0.02215,0.021729005074478194,0.021729005074478194,0.02299198985104361,stop,-1.9006542912948343,-1.9806542912948342,4
1000RATS,long,2025-09-16 16:00:00+00:00,2025-09-16 16:05:00+00:00,2025-09-16 18:30:00+00:00,184524,184525,184554,0.02222,0.021807744902371883,0.021807744902371883,0.023044510195256235,stop,-1.8553334726737924,-1.9353334726737923,30
1000RATS,long,2025-09-17 14:55:00+00:00,2025-09-17 15:00:00+00:00,2025-09-17 15:35:00+00:00,184799,184800,184807,0.02282,0.023167940646047894,0.022646029676976053,0.023167940646047894,take_profit,1.5247179931984878,1.4447179931984877,8
1000RATS,short,2025-09-18 15:05:00+00:00,2025-09-18 15:10:00+00:00,2025-09-18 17:00:00+00:00,185089,185090,185112,0.02175,0.021978854247936892,0.021978854247936892,0.02129229150412621,stop,-1.041247397863676,-1.121247397863676,23
1000RATS,long,2025-09-20 14:05:00+00:00,2025-09-20 14:10:00+00:00,2025-09-20 17:50:00+00:00,185653,185654,185698,0.02165,0.021360994494320423,0.021360994494320423,0.022228011011359152,stop,-1.334898409605434,-1.414898409605434,45
1000RATS,short,2025-09-20 19:30:00+00:00,2025-09-20 19:35:00+00:00,2025-09-20 22:20:00+00:00,185718,185719,185752,0.02109,0.02123878994287294,0.02123878994287294,0.02082242011425412,stop,-0.7005575330475411,-0.7805575330475412,34
1000RATS,long,2025-09-21 14:05:00+00:00,2025-09-21 14:10:00+00:00,2025-09-21 15:05:00+00:00,185941,185942,185953,0.02158,0.021966949508707725,0.02140152524564614,0.021966949508707725,take_profit,1.7930931821488638,1.713093182148864,12
1000RATS,short,2025-09-21 18:15:00+00:00,2025-09-21 18:20:00+00:00,2025-09-22 09:20:00+00:00,185991,185992,186172,0.02125,0.02070796445193313,0.021506017774033433,0.02070796445193313,take_profit,2.617522110031789,2.537522110031789,181
1000RATS,short,2025-09-22 14:30:00+00:00,2025-09-22 14:35:00+00:00,2025-09-22 15:00:00+00:00,186234,186235,186240,0.02009,0.019729292756302353,0.020270353621848824,0.019729292756302353,take_profit,1.82828268683084,1.74828268683084,6
1000RATS,short,2025-09-23 14:20:00+00:00,2025-09-23 14:25:00+00:00,2025-09-23 15:10:00+00:00,186520,186521,186530,0.02256,0.02324018845211035,0.02324018845211035,0.021229623095779297,stop,-2.92677683535989,-3.00677683535989,10
1000RATS,long,2025-09-23 16:30:00+00:00,2025-09-23 16:35:00+00:00,2025-09-23 16:45:00+00:00,186546,186547,186549,0.02373,0.022950290191570254,0.022950290191570254,0.025229419616859487,stop,-3.2857556191729698,-3.36575561917297,3
1000RATS,long,2025-09-23 17:15:00+00:00,2025-09-23 17:20:00+00:00,2025-09-23 20:15:00+00:00,186555,186556,186591,0.02373,0.022784394558734804,0.022784394558734804,0.025621210882530394,stop,-3.9848522598617597,-4.06485225986176,36
1000RATS,long,2025-09-24 14:35:00+00:00,2025-09-24 14:40:00+00:00,2025-09-24 18:55:00+00:00,186811,186812,186863,0.02581,0.026687252071086475,0.025356373964456762,0.026687252071086475,take_profit,3.3988844288511233,3.3188844288511232,52
1000RATS,long,2025-09-26 14:20:00+00:00,2025-09-26 14:25:00+00:00,2025-09-26 19:10:00+00:00,187384,187385,187442,0.02735,0.026777283554137422,0.026777283554137422,0.028525432891725152,stop,-2.0940272243604285,-2.1740272243604286,58
1000RATS,short,2025-09-26 19:55:00+00:00,2025-09-26 20:00:00+00:00,2025-09-26 21:35:00+00:00,187451,187452,187471,0.02648,0.026854476691291634,0.026854476691291634,0.02576104661741673,stop,-1.3944665375403509,-1.474466537540351,20
1000RATS,short,2025-09-28 14:30:00+00:00,2025-09-28 14:35:00+00:00,2025-09-28 18:15:00+00:00,187962,187963,188007,0.0265,0.02575503110146138,0.02688748444926931,0.02575503110146138,take_profit,2.892517953497453,2.812517953497453,45
1000RATS,short,2025-09-29 14:05:00+00:00,2025-09-29 14:10:00+00:00,2025-09-29 14:30:00+00:00,188245,188246,188250,0.02635,0.026493060239340928,0.026493060239340928,0.02603387952131814,stop,-0.5399913715082749,-0.619991371508275,5
1000RATS,short,2025-09-30 14:15:00+00:00,2025-09-30 14:20:00+00:00,2025-09-30 14:45:00+00:00,188535,188536,188541,0.02674,0.026901353757632432,0.026901353757632432,0.02635729248473514,stop,-0.5997979101206141,-0.6797979101206142,6
1000RATS,short,2025-09-30 15:55:00+00:00,2025-09-30 16:00:00+00:00,2025-09-30 16:10:00+00:00,188555,188556,188558,0.02675,0.02692301342195496,0.02692301342195496,0.026433973156090078,stop,-0.6426227972455401,-0.7226227972455401,3
1000RATS,short,2025-09-30 16:15:00+00:00,2025-09-30 16:20:00+00:00,2025-09-30 21:15:00+00:00,188559,188560,188619,0.02676,0.0271289628369548,0.0271289628369548,0.026052074326090396,stop,-1.3600329624551821,-1.4400329624551822,60
1000RATS,short,2025-10-01 14:30:00+00:00,2025-10-01 14:35:00+00:00,2025-10-01 15:20:00+00:00,188826,188827,188836,0.02748,0.02772925688868079,0.02772925688868079,0.026981486222638424,stop,-0.8988949458019424,-0.9788949458019425,10
1000RATS,short,2025-10-01 15:40:00+00:00,2025-10-01 15:45:00+00:00,2025-10-01 15:45:00+00:00,188840,188841,188841,0.02745,0.02705916475385894,0.02769041762307053,0.02705916475385894,take_profit,1.4443729128236216,1.3643729128236215,1
1000RATS,long,2025-10-02 14:15:00+00:00,2025-10-02 14:20:00+00:00,2025-10-02 14:30:00+00:00,189111,189112,189114,0.02843,0.028260264626700417,0.028260264626700417,0.028739470746599168,stop,-0.5970291005964912,-0.6770291005964912,3
1000RATS,long,2025-10-02 14:40:00+00:00,2025-10-02 14:45:00+00:00,2025-10-02 16:25:00+00:00,189116,189117,189137,0.02866,0.028231574109823063,0.028231574109823063,0.02951685178035388,stop,-1.4948565602824093,-1.5748565602824092,21
1000RATS,short,2025-10-03 14:15:00+00:00,2025-10-03 14:20:00+00:00,2025-10-03 14:35:00+00:00,189399,189400,189403,0.02692,0.0271369792613469,0.0271369792613469,0.026486041477306196,stop,-0.7995704284447069,-0.879570428444707,4
1000RATS,short,2025-10-03 15:45:00+00:00,2025-10-03 15:50:00+00:00,2025-10-03 16:00:00+00:00,189417,189418,189420,0.02691,0.02628437717197775,0.027237811414011125,0.02628437717197775,take_profit,2.3802079232420947,2.3002079232420947,3
1000RATS,short,2025-10-03 17:50:00+00:00,2025-10-03 17:55:00+00:00,2025-10-03 18:05:00+00:00,189442,189443,189445,0.02685,0.02713479233385776,0.02713479233385776,0.02628041533228448,stop,-1.0495467603133468,-1.1295467603133469,3
1000RATS,short,2025-10-03 18:15:00+00:00,2025-10-03 18:20:00+00:00,2025-10-03 18:55:00+00:00,189447,189448,189455,0.02682,0.027153245039297332,0.027153245039297332,0.026123509921405337,stop,-1.2272751887114963,-1.3072751887114964,8
1000RATS,short,2025-10-05 14:15:00+00:00,2025-10-05 14:20:00+00:00,2025-10-05 14:50:00+00:00,189975,189976,189982,0.02724,0.027466164967218806,0.027466164967218806,0.02678767006556239,stop,-0.8234311833804853,-0.9034311833804853,7
1000RATS,long,2025-10-05 16:05:00+00:00,2025-10-05 16:10:00+00:00,2025-10-05 16:30:00+00:00,189997,189998,190002,0.02751,0.027361274560143447,0.027361274560143447,0.027837450879713104,stop,-0.5406231910452641,-0.6206231910452642,5
1000RATS,long,2025-10-05 16:55:00+00:00,2025-10-05 17:00:00+00:00,2025-10-05 17:20:00+00:00,190007,190008,190012,0.02752,0.0273829907974338,0.0273829907974338,0.0278240184051324,stop,-0.49785320699927693,-0.577853206999277,5
1000RATS,long,2025-10-06 15:05:00+00:00,2025-10-06 15:10:00+00:00,2025-10-06 19:05:00+00:00,190273,190274,190321,0.02691,0.02662671444968795,0.02662671444968795,0.027626571100624105,stop,-1.052714791200482,-1.132714791200482,48
1000RATS,short,2025-10-07 14:15:00+00:00,2025-10-07 14:20:00+00:00,2025-10-07 14:45:00+00:00,190551,190552,190557,0.02609,0.026299426214894138,0.026299426214894138,0.02564114757021172,stop,-0.7963147681736671,-0.8763147681736672,6
1000RATS,short,2025-10-07 16:35:00+00:00,2025-10-07 16:40:00+00:00,2025-10-07 19:10:00+00:00,190579,190580,190610,0.02589,0.026222712115248504,0.026222712115248504,0.02522457576950299,stop,-1.26879368459768,-1.34879368459768,31
1000RATS,short,2025-10-07 19:25:00+00:00,2025-10-07 19:30:00+00:00,2025-10-07 20:05:00+00:00,190613,190614,190621,0.02603,0.02636742543647657,0.02636742543647657,0.025355149127046863,stop,-1.2797056629191284,-1.3597056629191284,8
1000RATS,short,2025-10-08 14:25:00+00:00,2025-10-08 14:30:00+00:00,2025-10-08 14:45:00+00:00,190841,190842,190845,0.026,0.026196120255751514,0.026196120255751514,0.025637759488496968,stop,-0.7486614576387662,-0.8286614576387663,4
1000RATS,long,2025-10-10 14:45:00+00:00,2025-10-10 14:50:00+00:00,2025-10-10 15:35:00+00:00,191421,191422,191431,0.02577,0.025406754558902903,0.025406754558902903,0.026496490882194197,stop,-1.4095670977768648,-1.489567097776865,10
1000RATS,long,2025-10-10 19:55:00+00:00,2025-10-10 20:00:00+00:00,2025-10-10 23:55:00+00:00,191483,191484,191531,0.02586,0.02552215702230634,0.02552215702230634,0.02653568595538732,stop,-1.3064306948710747,-1.3864306948710747,48
1000RATS,long,2025-10-12 14:35:00+00:00,2025-10-12 14:40:00+00:00,2025-10-12 17:50:00+00:00,191995,191996,192034,0.01996,0.018962180750142818,0.018962180750142818,0.022045638499714366,stop,-4.999094438162233,-5.079094438162233,39
1000RATS,long,2025-10-12 19:00:00+00:00,2025-10-12 19:05:00+00:00,2025-10-12 21:00:00+00:00,192048,192049,192072,0.02042,0.022991205219611392,0.019164397390194304,0.022991205219611392,take_profit,12.591602446676742,12.511602446676742,24
1000RATS,long,2025-10-13 14:45:00+00:00,2025-10-13 14:50:00+00:00,2025-10-13 15:45:00+00:00,192285,192286,192297,0.02945,0.031310085104183136,0.028519957447908435,0.031310085104183136,take_profit,6.3160784522347635,6.236078452234763,12
1000RATS,long,2025-10-13 16:20:00+00:00,2025-10-13 16:25:00+00:00,2025-10-13 17:15:00+00:00,192304,192305,192315,0.02993,0.027443376787823735,0.027443376787823735,0.03499324642435253,stop,-8.308129676499377,-8.388129676499375,11
1000RATS,short,2025-10-14 14:05:00+00:00,2025-10-14 14:10:00+00:00,2025-10-14 15:45:00+00:00,192565,192566,192585,0.02715,0.026006816787135862,0.02773659160643207,0.026006816787135862,take_profit,4.395706026696855,4.315706026696855,20
1000RATS,short,2025-10-15 14:20:00+00:00,2025-10-15 14:25:00+00:00,2025-10-15 14:45:00+00:00,192856,192857,192861,0.02797,0.02849892699710132,0.02849892699710132,0.026942146005797366,stop,-1.8559540755871962,-1.935954075587196,5
1000RATS,short,2025-10-15 17:00:00+00:00,2025-10-15 17:05:00+00:00,2025-10-15 17:25:00+00:00,192888,192889,192893,0.02813,0.02843350190055745,0.02843350190055745,0.027552996198885092,stop,-1.067409500310279,-1.147409500310279,5
1000RATS,long,2025-10-15 18:55:00+00:00,2025-10-15 19:00:00+00:00,2025-10-15 19:30:00+00:00,192911,192912,192918,0.02875,0.028283881363755925,0.028283881363755925,0.029712237272488153,stop,-1.6212822130228788,-1.7012822130228786,7
1000RATS,short,2025-10-16 18:30:00+00:00,2025-10-16 18:35:00+00:00,2025-10-16 18:40:00+00:00,193194,193195,193196,0.02595,0.026852156832714517,0.026852156832714517,0.024145686334570968,stop,-3.3597183210825055,-3.4397183210825055,2
1000RATS,short,2025-10-17 14:40:00+00:00,2025-10-17 14:45:00+00:00,2025-10-17 14:45:00+00:00,193436,193437,193437,0.02722,0.027493529522015815,0.027493529522015815,0.026642940955968374,stop,-0.9948868943755684,-1.0748868943755685,1
1000RATS,short,2025-10-17 15:20:00+00:00,2025-10-17 15:25:00+00:00,2025-10-17 15:35:00+00:00,193444,193445,193447,0.02715,0.026475304244811062,0.02750234787759447,0.026475304244811062,take_profit,2.548396607457959,2.468396607457959,3
1000RATS,long,2025-10-17 18:30:00+00:00,2025-10-17 18:35:00+00:00,2025-10-17 22:00:00+00:00,193482,193483,193524,0.0285,0.02719014554697265,0.02719014554697265,0.0311497089060547,stop,-4.595980536938072,-4.675980536938072,42
1000RATS,short,2025-10-18 15:10:00+00:00,2025-10-18 15:15:00+00:00,2025-10-19 12:25:00+00:00,193730,193731,193985,0.03021,0.031089150079895062,0.031089150079895062,0.02842169984020988,stop,-2.827835684268498,-2.9078356842684983,255
1000RATS,long,2025-10-19 15:05:00+00:00,2025-10-19 15:10:00+00:00,2025-10-19 15:20:00+00:00,194017,194018,194020,0.03098,0.030668742247240408,0.030668742247240408,0.03160251550551919,stop,-1.004705464040001,-1.0847054640400011,3
1000RATS,short,2025-10-19 16:10:00+00:00,2025-10-19 16:15:00+00:00,2025-10-19 17:50:00+00:00,194030,194031,194050,0.0305,0.03084836278650909,0.03084836278650909,0.029833274426981814,stop,-1.129274797887947,-1.209274797887947,20
1000RATS,long,2025-10-19 18:40:00+00:00,2025-10-19 18:45:00+00:00,2025-10-19 19:45:00+00:00,194060,194061,194073,0.03099,0.030346692940946496,0.030346692940946496,0.03233661411810701,stop,-2.075853691686047,-2.155853691686047,13
1000RATS,long,2025-10-20 14:35:00+00:00,2025-10-20 14:40:00+00:00,2025-10-20 15:15:00+00:00,194299,194300,194307,0.03021,0.030733760436056714,0.029963119781971644,0.030733760436056714,take_profit,1.7337319962155373,1.6537319962155375,8
1000RATS,long,2025-10-20 17:55:00+00:00,2025-10-20 18:00:00+00:00,2025-10-20 22:10:00+00:00,194339,194340,194390,0.03034,0.029886558481708233,0.029886558481708233,0.03124688303658353,stop,-1.4945336792741126,-1.5745336792741125,51
1000RATS,short,2025-10-21 18:50:00+00:00,2025-10-21 18:55:00+00:00,2025-10-21 19:45:00+00:00,194638,194639,194649,0.02774,0.027935695312526987,0.027935695312526987,0.02734860937494603,stop,-0.7005206433477684,-0.7805206433477685,11
1000RATS,long,2025-10-22 14:45:00+00:00,2025-10-22 14:50:00+00:00,2025-10-22 15:20:00+00:00,194877,194878,194884,0.02798,0.027637684751690733,0.027637684751690733,0.028694630496618537,stop,-1.2234283356299835,-1.3034283356299836,7
1000RATS,long,2025-10-23 15:30:00+00:00,2025-10-23 15:35:00+00:00,2025-10-23 16:15:00+00:00,195174,195175,195183,0.02805,0.027741116082523557,0.027741116082523557,0.02866776783495288,stop,-1.101190436636157,-1.181190436636157,9
1000RATS,short,2025-10-23 19:45:00+00:00,2025-10-23 19:50:00+00:00,2025-10-23 21:40:00+00:00,195225,195226,195248,0.02737,0.027548954496239324,0.027548954496239324,0.027012091007521347,stop,-0.6495872511740997,-0.7295872511740997,23
1000RATS,long,2025-10-24 14:15:00+00:00,2025-10-24 14:20:00+00:00,2025-10-24 23:00:00+00:00,195447,195448,195552,0.02848,0.029726336741413173,0.02785683162929341,0.029726336741413173,take_profit,4.376182378557503,4.296182378557503,105
1000RATS,short,2025-10-26 18:05:00+00:00,2025-10-26 18:10:00+00:00,2025-10-26 18:20:00+00:00,196069,196070,196072,0.02975,0.030081066324444312,0.030081066324444312,0.02911786735111138,stop,-1.100580414515706,-1.1805804145157062,3
1000RATS,short,2025-10-27 15:30:00+00:00,2025-10-27 15:35:00+00:00,2025-10-27 16:40:00+00:00,196326,196327,196340,0.03191,0.03223084223444159,0.03223084223444159,0.031178315531116822,stop,-0.995450978624246,-1.075450978624246,14
1000RATS,short,2025-10-27 19:35:00+00:00,2025-10-27 19:40:00+00:00,2025-10-27 22:25:00+00:00,196375,196376,196409,0.03193,0.03074252252389055,0.032523738738054725,0.03074252252389055,take_profit,3.862654651018449,3.782654651018449,34
1000RATS,short,2025-10-28 14:15:00+00:00,2025-10-28 14:20:00+00:00,2025-10-28 17:15:00+00:00,196599,196600,196635,0.03161,0.03261113034542704,0.03261113034542704,0.029517739309145904,stop,-3.069903848234534,-3.1499038482345343,36
1000RATS,long,2025-10-28 18:45:00+00:00,2025-10-28 18:50:00+00:00,2025-10-28 21:35:00+00:00,196653,196654,196687,0.03234,0.03321709541763675,0.03188645229118162,0.03321709541763675,take_profit,2.712107042785239,2.632107042785239,34
1000RATS,long,2025-10-31 15:05:00+00:00,2025-10-31 15:10:00+00:00,2025-10-31 16:35:00+00:00,197473,197474,197491,0.03285,0.032481465155510994,0.032481465155510994,0.03364706968897802,stop,-1.121871672721475,-1.201871672721475,18
1000RATS,long,2025-10-31 18:05:00+00:00,2025-10-31 18:10:00+00:00,2025-10-31 19:05:00+00:00,197509,197510,197521,0.03289,0.03353492517267441,0.0325675374136628,0.03353492517267441,take_profit,1.9608548880340804,1.8808548880340805,12
1000RATS,short,2025-11-01 14:20:00+00:00,2025-11-01 14:25:00+00:00,2025-11-01 15:05:00+00:00,197752,197753,197761,0.03403,0.03454209907047053,0.03454209907047053,0.03306580185905893,stop,-1.482536048043237,-1.5625360480432369,9
1000RATS,short,2025-11-01 17:25:00+00:00,2025-11-01 17:30:00+00:00,2025-11-01 17:55:00+00:00,197789,197790,197795,0.03407,0.03441514552244653,0.03441514552244653,0.033379708955106946,stop,-1.0028884585753572,-1.0828884585753573,6
1000RATS,long,2025-11-02 19:20:00+00:00,2025-11-02 19:25:00+00:00,2025-11-02 23:15:00+00:00,198100,198101,198147,0.0338,0.033089271223756704,0.033089271223756704,0.0350714575524866,stop,-2.102747858707965,-2.182747858707965,47
1000RATS,long,2025-11-03 17:40:00+00:00,2025-11-03 17:45:00+00:00,2025-11-03 19:05:00+00:00,198368,198369,198385,0.03535,0.034682451181628715,0.034682451181628715,0.03668509763674257,stop,-1.8883983546570948,-1.9683983546570947,17
1000RATS,long,2025-11-03 20:45:00+00:00,2025-11-03 20:50:00+00:00,2025-11-03 21:10:00+00:00,198405,198406,198410,0.03556,0.03659607670738257,0.03504196164630872,0.03659607670738257,take_profit,2.9136015393210535,2.8336015393210534,5
1000RATS,long,2025-11-04 15:10:00+00:00,2025-11-04 15:15:00+00:00,2025-11-04 16:30:00+00:00,198626,198627,198642,0.03543,0.03407442487639338,0.03407442487639338,0.03811115024721324,stop,-3.8260658301061845,-3.9060658301061846,16
1000RATS,short,2025-11-04 16:40:00+00:00,2025-11-04 16:45:00+00:00,2025-11-04 20:45:00+00:00,198644,198645,198693,0.03419,0.03500958937459952,0.03500958937459952,0.032640821250800964,stop,-2.341042523606851,-2.421042523606851,49
1000RATS,long,2025-11-06 15:05:00+00:00,2025-11-06 15:10:00+00:00,2025-11-06 15:35:00+00:00,199201,199202,199207,0.04172,0.04122981666424439,0.04122981666424439,0.04270036667151122,stop,-1.1749360876213033,-1.2549360876213034,6
1000RATS,long,2025-11-06 16:10:00+00:00,2025-11-06 16:15:00+00:00,2025-11-06 18:10:00+00:00,199214,199215,199238,0.04162,0.04251581253102436,0.04118709373448782,0.04251581253102436,take_profit,2.1523607184631643,2.0723607184631643,24
1000RATS,short,2025-11-07 15:45:00+00:00,2025-11-07 15:50:00+00:00,2025-11-07 16:25:00+00:00,199497,199498,199505,0.0386,0.039130938084027234,0.039130938084027234,0.03750812383194553,stop,-1.3568243186174778,-1.4368243186174778,8
1000RATS,short,2025-11-07 17:30:00+00:00,2025-11-07 17:35:00+00:00,2025-11-07 18:10:00+00:00,199518,199519,199526,0.03868,0.039177930972295834,0.039177930972295834,0.03771413805540834,stop,-1.2709475971253825,-1.3509475971253826,8
1000RATS,short,2025-11-07 19:45:00+00:00,2025-11-07 19:50:00+00:00,2025-11-07 19:55:00+00:00,199545,199546,199547,0.03863,0.03925005550154342,0.03925005550154342,0.03741988899691317,stop,-1.5797570057424215,-1.6597570057424214,2
1000RATS,short,2025-11-08 15:05:00+00:00,2025-11-08 15:10:00+00:00,2025-11-08 17:35:00+00:00,199777,199778,199807,0.03846,0.039635308339843044,0.039635308339843044,0.036169383320313914,stop,-2.9653064125694573,-3.0453064125694573,30
1000RATS,short,2025-11-08 18:00:00+00:00,2025-11-08 18:05:00+00:00,2025-11-08 19:15:00+00:00,199812,199813,199827,0.03865,0.03696662974371252,0.039461685128143735,0.03696662974371252,take_profit,4.553756368806616,4.473756368806616,15
1000RATS,long,2025-11-10 17:20:00+00:00,2025-11-10 17:25:00+00:00,2025-11-10 17:40:00+00:00,200380,200381,200384,0.03934,0.03872814185353315,0.03872814185353315,0.040533716292933696,stop,-1.555307947297535,-1.635307947297535,4
1000RATS,long,2025-11-10 18:25:00+00:00,2025-11-10 18:30:00+00:00,2025-11-10 19:35:00+00:00,200393,200394,200407,0.03918,0.03867510542601959,0.03867510542601959,0.04015978914796083,stop,-1.2886538386432167,-1.3686538386432168,14
1000RATS,long,2025-11-10 19:50:00+00:00,2025-11-10 19:55:00+00:00,2025-11-10 21:45:00+00:00,200410,200411,200433,0.03925,0.038770470454354805,0.038770470454354805,0.04020905909129039,stop,-1.2217313264845764,-1.3017313264845765,23
1000RATS,long,2025-11-11 15:10:00+00:00,2025-11-11 15:15:00+00:00,2025-11-11 16:35:00+00:00,200642,200643,200659,0.04059,0.03977858159262087,0.03977858159262087,0.04212283681475826,stop,-1.999059885141985,-2.079059885141985,17
1000RATS,short,2025-11-11 20:20:00+00:00,2025-11-11 20:25:00+00:00,2025-11-11 20:40:00+00:00,200704,200705,200708,0.03976,0.04016919190467251,0.04016919190467251,0.03888161619065497,stop,-1.0186709895573354,-1.0986709895573354,4
1000RATS,short,2025-11-12 17:10:00+00:00,2025-11-12 17:15:00+00:00,2025-11-12 17:20:00+00:00,200954,200955,200956,0.03899,0.039385049820194064,0.039385049820194064,0.03807990035961187,stop,-1.0030451199061652,-1.0830451199061653,2
1000RATS,long,2025-11-19 15:10:00+00:00,2025-11-19 15:15:00+00:00,2025-11-19 16:00:00+00:00,201217,201218,201227,0.04309,0.0425399847015679,0.0425399847015679,0.04410003059686421,stop,-1.2764337396892644,-1.3564337396892645,10
1000RATS,long,2025-11-19 16:45:00+00:00,2025-11-19 16:50:00+00:00,2025-11-19 17:40:00+00:00,201236,201237,201247,0.04289,0.04368039863952068,0.04253980068023966,0.04368039863952068,take_profit,1.8428506400575584,1.7628506400575585,11
1000RATS,short,2025-11-20 17:10:00+00:00,2025-11-20 17:15:00+00:00,2025-11-21 00:00:00+00:00,201529,201530,201611,0.04444,0.043477466920182235,0.04492126653990888,0.043477466920182235,take_profit,2.2138665106337108,2.1338665106337107,82
1000RATS,short,2025-11-21 15:20:00+00:00,2025-11-21 15:25:00+00:00,2025-11-21 16:30:00+00:00,201795,201796,201809,0.04095,0.040217688948154785,0.04128615552592261,0.040217688948154785,take_profit,1.8208680583045034,1.7408680583045035,14
1000RATS,short,2025-11-22 15:05:00+00:00,2025-11-22 15:10:00+00:00,2025-11-22 17:40:00+00:00,202080,202081,202111,0.0328,0.03154270668986748,0.03344364665506626,0.03154270668986748,take_profit,3.9860032383853827,3.9060032383853827,31
1000RATS,long,2025-11-23 16:05:00+00:00,2025-11-23 16:10:00+00:00,2025-11-23 16:20:00+00:00,202380,202381,202383,0.03332,0.034574968037944784,0.032707515981027606,0.034574968037944784,take_profit,3.7664106781055917,3.6864106781055916,3
1000RATS,short,2025-11-26 16:20:00+00:00,2025-11-26 16:25:00+00:00,2025-11-26 19:40:00+00:00,203247,203248,203287,0.04036,0.041552699498648364,0.041552699498648364,0.03797460100270327,stop,-2.8703297572451603,-2.9503297572451603,40
1000RATS,short,2025-11-26 20:45:00+00:00,2025-11-26 20:50:00+00:00,2025-11-27 01:35:00+00:00,203300,203301,203358,0.04041,0.03903200570731831,0.04109899714634085,0.03903200570731831,take_profit,3.5304214264944234,3.4504214264944233,58
1000RATS,short,2025-11-27 15:35:00+00:00,2025-11-27 15:40:00+00:00,2025-11-27 23:35:00+00:00,203526,203527,203622,0.03867,0.03746913908758672,0.03928543045620664,0.03746913908758672,take_profit,3.2049332908508754,3.1249332908508753,96
1000RATS,short,2025-11-29 15:05:00+00:00,2025-11-29 15:10:00+00:00,2025-11-29 15:45:00+00:00,204096,204097,204104,0.03665,0.036934997262581995,0.036934997262581995,0.036080005474836016,stop,-0.7716184749002708,-0.8516184749002709,8
1000RATS,short,2025-11-29 15:50:00+00:00,2025-11-29 15:55:00+00:00,2025-11-30 06:35:00+00:00,204105,204106,204282,0.03654,0.03719208141443108,0.03719208141443108,0.035295837171137844,stop,-1.7532802403956382,-1.833280240395638,177
1000RATS,short,2025-11-30 18:30:00+00:00,2025-11-30 18:35:00+00:00,2025-11-30 20:10:00+00:00,204425,204426,204445,0.03497,0.03533357617843702,0.03533357617843702,0.03427284764312595,stop,-1.0289821120877618,-1.1089821120877619,20
1000RATS,short,2025-11-30 20:15:00+00:00,2025-11-30 20:20:00+00:00,2025-11-30 20:25:00+00:00,204446,204447,204448,0.03507,0.03553062750347777,0.03553062750347777,0.034088744993044456,stop,-1.2964237781409427,-1.3764237781409427,2
1000RATS,short,2025-12-01 15:05:00+00:00,2025-12-01 15:10:00+00:00,2025-12-01 19:10:00+00:00,204672,204673,204721,0.03369,0.032059474769703354,0.03447526261514832,0.032059474769703354,take_profit,5.08593868742202,5.00593868742202,49
1000RATS,long,2025-12-02 15:15:00+00:00,2025-12-02 15:20:00+00:00,2025-12-02 17:40:00+00:00,204962,204963,204991,0.03021,0.0308202844286591,0.02988985778567045,0.0308202844286591,take_profit,2.020140445743457,1.940140445743457,29
1000RATS,long,2025-12-02 19:35:00+00:00,2025-12-02 19:40:00+00:00,2025-12-02 23:05:00+00:00,205014,205015,205056,0.03026,0.02986273545341254,0.02986273545341254,0.031054529093174913,stop,-1.31283723260891,-1.39283723260891,42
1000RATS,long,2025-12-03 16:55:00+00:00,2025-12-03 17:00:00+00:00,2025-12-03 17:00:00+00:00,205270,205271,205271,0.03515,0.03454275376316701,0.03454275376316701,0.03633449247366597,stop,-1.7275853110469086,-1.8075853110469084,1
1000RATS,short,2025-12-04 16:00:00+00:00,2025-12-04 16:05:00+00:00,2025-12-04 17:30:00+00:00,205547,205548,205565,0.03344,0.03291114302722037,0.03368942848638982,0.03291114302722037,take_profit,1.6069237472008169,1.5269237472008168,18
1000RATS,short,2025-12-04 18:35:00+00:00,2025-12-04 18:40:00+00:00,2025-12-05 01:15:00+00:00,205578,205579,205658,0.03329,0.033654421452525514,0.033654421452525514,0.03259115709494898,stop,-1.0828338054765907,-1.1628338054765908,80
1000RATS,short,2025-12-05 15:15:00+00:00,2025-12-05 15:20:00+00:00,2025-12-05 15:55:00+00:00,205826,205827,205834,0.02999,0.030224294992770788,0.030224294992770788,0.029521410014458422,stop,-0.7751876191879004,-0.8551876191879004,8
1000RATS,short,2025-12-05 18:20:00+00:00,2025-12-05 18:25:00+00:00,2025-12-05 20:35:00+00:00,205863,205864,205890,0.02998,0.029565255095406816,0.03020237245229659,0.029565255095406816,take_profit,1.4028118589026306,1.3228118589026305,27
1000RATS,long,2025-12-06 15:05:00+00:00,2025-12-06 15:10:00+00:00,2025-12-06 15:20:00+00:00,206112,206113,206115,0.02876,0.02842458019514734,0.02842458019514734,0.02946083960970532,stop,-1.1662719222971463,-1.2462719222971463,3
1000RATS,long,2025-12-06 15:30:00+00:00,2025-12-06 15:35:00+00:00,2025-12-06 20:10:00+00:00,206117,206118,206173,0.02871,0.029531792800630535,0.02829910359968473,0.029531792800630535,take_profit,2.862392200036701,2.7823922000367007,56
1000RATS,long,2025-12-07 15:05:00+00:00,2025-12-07 15:10:00+00:00,2025-12-07 16:10:00+00:00,206400,206401,206413,0.03046,0.03028392272924473,0.03028392272924473,0.030842154541510545,stop,-0.5780606393804066,-0.6580606393804067,13
1000RATS,short,2025-12-07 16:35:00+00:00,2025-12-07 16:40:00+00:00,2025-12-07 17:50:00+00:00,206418,206419,206433,0.03018,0.02981966254969296,0.03037516872515352,0.02981966254969296,take_profit,1.2083887592844178,1.1283887592844177,15
1000RATS,short,2025-12-08 15:05:00+00:00,2025-12-08 15:10:00+00:00,2025-12-08 16:40:00+00:00,206688,206689,206707,0.03087,0.03113510428144745,0.03113510428144745,0.030309791437105098,stop,-0.8514642477218781,-0.9314642477218782,19
1000RATS,long,2025-12-08 19:20:00+00:00,2025-12-08 19:25:00+00:00,2025-12-08 20:05:00+00:00,206739,206740,206748,0.03131,0.031152794930610257,0.031152794930610257,0.03168441013877948,stop,-0.502092205013549,-0.5820922050135491,9
1000RATS,long,2025-12-08 20:15:00+00:00,2025-12-08 20:20:00+00:00,2025-12-08 21:20:00+00:00,206750,206751,206763,0.03134,0.031120659208631878,0.031120659208631878,0.03180868158273625,stop,-0.6998748926870579,-0.779874892687058,13
1000RATS,long,2025-12-09 20:05:00+00:00,2025-12-09 20:10:00+00:00,2025-12-09 22:05:00+00:00,207036,207037,207060,0.03582,0.03542318958736839,0.03542318958736839,0.03664362082526322,stop,-1.107790096682315,-1.1877900966823152,24
1000RATS,long,2025-12-10 15:10:00+00:00,2025-12-10 15:15:00+00:00,2025-12-10 15:25:00+00:00,207265,207266,207268,0.03906,0.038403540514030506,0.038403540514030506,0.04034291897193899,stop,-1.680643845287999,-1.7606438452879989,3
1000RATS,long,2025-12-10 18:30:00+00:00,2025-12-10 18:35:00+00:00,2025-12-10 18:45:00+00:00,207305,207306,207308,0.03909,0.03860307366077079,0.03860307366077079,0.040033852678458416,stop,-1.2456544876674691,-1.3256544876674692,3
1000RATS,long,2025-12-10 19:10:00+00:00,2025-12-10 19:15:00+00:00,2025-12-10 19:25:00+00:00,207313,207314,207316,0.03906,0.03854437879073597,0.03854437879073597,0.040151242418528056,stop,-1.3200747805018676,-1.4000747805018676,3
1000RATS,long,2025-12-11 16:00:00+00:00,2025-12-11 16:05:00+00:00,2025-12-11 18:15:00+00:00,207563,207564,207590,0.04219,0.041212858994293895,0.041212858994293895,0.044144282011412204,stop,-2.3160488402609647,-2.3960488402609648,27
1000RATS,long,2025-12-11 18:30:00+00:00,2025-12-11 18:35:00+00:00,2025-12-11 18:55:00+00:00,207593,207594,207598,0.04201,0.041105398035973774,0.041105398035973774,0.04381920392805245,stop,-2.1533015092269125,-2.2333015092269126,5
1000RATS,short,2025-12-12 15:20:00+00:00,2025-12-12 15:25:00+00:00,2025-12-12 16:05:00+00:00,207843,207844,207852,0.03992,0.03936799270513136,0.040196003647434315,0.03936799270513136,take_profit,1.4021728234995479,1.3221728234995478,9
1000RATS,short,2025-12-12 16:40:00+00:00,2025-12-12 16:45:00+00:00,2025-12-12 17:35:00+00:00,207859,207860,207870,0.03995,0.04016353294579503,0.04016353294579503,0.039462934108409946,stop,-0.5316587713616094,-0.6116587713616095,11
1000RATS,short,2025-12-12 18:05:00+00:00,2025-12-12 18:10:00+00:00,2025-12-12 19:00:00+00:00,207876,207877,207887,0.03988,0.04021056690586535,0.04021056690586535,0.0393088661882693,stop,-0.8220896428523972,-0.9020896428523972,11
1000RATS,long,2025-12-12 19:05:00+00:00,2025-12-12 19:10:00+00:00,2025-12-12 19:35:00+00:00,207888,207889,207894,0.04043,0.039960307808772064,0.039960307808772064,0.041369384382455875,stop,-1.1617417542120645,-1.2417417542120646,6
1000RATS,short,2025-12-13 15:10:00+00:00,2025-12-13 15:15:00+00:00,2025-12-13 15:50:00+00:00,208129,208130,208137,0.03987,0.040140136401552236,0.040140136401552236,0.039329727196895536,stop,-0.6729832675451131,-0.7529832675451131,8
1000RATS,short,2025-12-13 19:55:00+00:00,2025-12-13 20:00:00+00:00,2025-12-13 20:40:00+00:00,208186,208187,208195,0.03985,0.040045952228441706,0.040045952228441706,0.03948809554311659,stop,-0.48931843928670116,-0.5693184392867012,9
1000RATS,short,2025-12-14 15:35:00+00:00,2025-12-14 15:40:00+00:00,2025-12-14 19:00:00+00:00,208422,208423,208463,0.04138,0.04059544353701846,0.041757278231490766,0.04059544353701846,take_profit,1.9326219758286856,1.8526219758286857,41
1000RATS,short,2025-12-16 15:55:00+00:00,2025-12-16 16:00:00+00:00,2025-12-16 16:15:00+00:00,209002,209003,209006,0.04013,0.03966237263183221,0.04036381368408389,0.03966237263183221,take_profit,1.1790201572370762,1.0990201572370761,4
1000RATS,short,2025-12-16 17:35:00+00:00,2025-12-16 17:40:00+00:00,2025-12-16 18:05:00+00:00,209022,209023,209028,0.03999,0.04037858458915996,0.04037858458915996,0.03927283082168007,stop,-0.9623531709040622,-1.0423531709040623,6
1000RATS,short,2025-12-16 18:10:00+00:00,2025-12-16 18:15:00+00:00,2025-12-16 18:40:00+00:00,209029,209030,209035,0.04014,0.039090290917777645,0.040649854541111176,0.039090290917777645,take_profit,2.6853447686800536,2.6053447686800535,6
1000RATS,short,2025-12-16 20:35:00+00:00,2025-12-16 20:40:00+00:00,2025-12-16 22:45:00+00:00,209058,209059,209084,0.0401,0.04061653543121396,0.04061653543121396,0.03900692913757207,stop,-1.2717368080021108,-1.3517368080021108,26
1000RATS,long,2025-12-17 15:15:00+00:00,2025-12-17 15:20:00+00:00,2025-12-17 16:35:00+00:00,209282,209283,209298,0.04045,0.041371608310945045,0.04006419584452748,0.041371608310945045,take_profit,2.2783889022127246,2.1983889022127245,16
1000RATS,short,2025-12-18 15:25:00+00:00,2025-12-18 15:30:00+00:00,2025-12-18 18:10:00+00:00,209572,209573,209605,0.04018,0.04045679178105771,0.04045679178105771,0.03959641643788457,stop,-0.684166412788334,-0.7641664127883341,33
1000RATS,short,2025-12-18 18:20:00+00:00,2025-12-18 18:25:00+00:00,2025-12-18 19:05:00+00:00,209607,209608,209616,0.04013,0.04042018811195178,0.04042018811195178,0.03957962377609645,stop,-0.7179286527515538,-0.7979286527515539,9
1000RATS,long,2025-12-19 15:05:00+00:00,2025-12-19 15:10:00+00:00,2025-12-19 17:25:00+00:00,209856,209857,209884,0.04189,0.04388387852699946,0.04087806073650027,0.04388387852699946,take_profit,4.759795958461366,4.679795958461366,28
1000RATS,short,2025-12-21 15:40:00+00:00,2025-12-21 15:45:00+00:00,2025-12-21 16:20:00+00:00,210439,210440,210447,0.03981,0.04000544595930314,0.04000544595930314,0.03938910808139373,stop,-0.48854838289257296,-0.568548382892573,8
1000RATS,long,2025-12-22 15:15:00+00:00,2025-12-22 15:20:00+00:00,2025-12-22 15:30:00+00:00,210722,210723,210725,0.04073,0.04129179436261549,0.04043410281869225,0.04129179436261549,take_profit,1.3793134363257797,1.2993134363257797,3
1000RATS,short,2025-12-22 16:35:00+00:00,2025-12-22 16:40:00+00:00,2025-12-22 18:00:00+00:00,210738,210739,210755,0.04005,0.040379455509058096,0.040379455509058096,0.039361088981883806,stop,-0.8158988399043388,-0.8958988399043388,17
1000RATS,short,2025-12-22 18:45:00+00:00,2025-12-22 18:50:00+00:00,2025-12-22 19:20:00+00:00,210764,210765,210771,0.04011,0.040391933721685584,0.040391933721685584,0.03951613255662882,stop,-0.6979951086972136,-0.7779951086972137,7
1000RATS,short,2025-12-23 15:10:00+00:00,2025-12-23 15:15:00+00:00,2025-12-23 17:00:00+00:00,211009,211010,211031,0.0407,0.04135144655443679,0.04135144655443679,0.03942710689112643,stop,-1.5753900013611322,-1.655390001361132,22
1000RATS,long,2025-12-23 19:10:00+00:00,2025-12-23 19:15:00+00:00,2025-12-23 20:20:00+00:00,211057,211058,211071,0.04193,0.04147592848590405,0.04147592848590405,0.0428081430281919,stop,-1.0829275318291254,-1.1629275318291254,14
1000RATS,short,2025-12-24 16:20:00+00:00,2025-12-24 16:25:00+00:00,2025-12-24 19:10:00+00:00,211311,211312,211345,0.04022,0.04057052747938405,0.04057052747938405,0.03948894504123191,stop,-0.8639953709307147,-0.9439953709307147,34
1000RATS,long,2025-12-24 19:45:00+00:00,2025-12-24 19:50:00+00:00,2025-12-24 22:15:00+00:00,211352,211353,211382,0.04081,0.04003607644668648,0.04003607644668648,0.04232784710662704,stop,-1.896406648648652,-1.9764066486486518,30
1000RATS,short,2025-12-25 16:10:00+00:00,2025-12-25 16:15:00+00:00,2025-12-25 16:35:00+00:00,211597,211598,211602,0.03986,0.04000560413948869,0.04000560413948869,0.039538791721022606,stop,-0.3639593567466459,-0.44395935674664594,5
1000RATS,short,2025-12-25 18:05:00+00:00,2025-12-25 18:10:00+00:00,2025-12-25 18:30:00+00:00,211620,211621,211625,0.03982,0.039972263141432034,0.039972263141432034,0.03945547371713594,stop,-0.3809219930662633,-0.4609219930662633,5
1000RATS,long,2025-12-25 18:50:00+00:00,2025-12-25 18:55:00+00:00,2025-12-25 19:00:00+00:00,211629,211630,211631,0.04027,0.0410968484648737,0.03985657576756315,0.0410968484648737,take_profit,2.0532616460732456,1.9732616460732457,2
1000RATS,long,2025-12-25 19:50:00+00:00,2025-12-25 19:55:00+00:00,2025-12-25 20:20:00+00:00,211641,211642,211647,0.04017,0.039878454166230835,0.039878454166230835,0.04072309166753833,stop,-0.7257800193407049,-0.805780019340705,6
1000RATS,long,2025-12-26 18:05:00+00:00,2025-12-26 18:10:00+00:00,2025-12-26 18:10:00+00:00,211908,211909,211909,0.04136,0.041188025481517954,0.041188025481517954,0.041733949036964084,stop,-0.4157991259237104,-0.4957991259237104,1
1000RATS,long,2025-12-29 17:45:00+00:00,2025-12-29 17:50:00+00:00,2025-12-29 18:00:00+00:00,212768,212769,212771,0.04423,0.04366996359614425,0.04366996359614425,0.045320072807711505,stop,-1.266191281609197,-1.346191281609197,3
1000RATS,long,2025-12-29 19:10:00+00:00,2025-12-29 19:15:00+00:00,2025-12-29 22:10:00+00:00,212785,212786,212821,0.0442,0.043561012404420243,0.043561012404420243,0.04544797519115951,stop,-1.4456732931668825,-1.5256732931668826,36
1000RATS,short,2025-12-30 15:05:00+00:00,2025-12-30 15:10:00+00:00,2025-12-30 16:50:00+00:00,213024,213025,213045,0.04184,0.04215151217515733,0.04215151217515733,0.04121697564968535,stop,-0.7390296553605569,-0.8190296553605569,21
1000RATS,long,2026-01-01 18:10:00+00:00,2026-01-01 18:15:00+00:00,2026-01-01 18:30:00+00:00,213637,213638,213641,0.04106,0.04151358192746508,0.04080320903626746,0.04151358192746508,take_profit,1.104680778044509,1.0246807780445089,4
1000RATS,short,2026-01-01 19:45:00+00:00,2026-01-01 19:50:00+00:00,2026-01-01 20:00:00+00:00,213656,213657,213659,0.04068,0.04095598269360367,0.04095598269360367,0.04015803461279265,stop,-0.6738519636272144,-0.7538519636272145,3
1000RATS,long,2026-01-02 15:40:00+00:00,2026-01-02 15:45:00+00:00,2026-01-02 16:25:00+00:00,213895,213896,213904,0.04215,0.041680235202477454,0.041680235202477454,0.04308952959504509,stop,-1.1145072301839698,-1.1945072301839699,9
1000RATS,long,2026-01-03 15:55:00+00:00,2026-01-03 16:00:00+00:00,2026-01-03 16:35:00+00:00,214186,214187,214194,0.04527,0.044659278777093116,0.044659278777093116,0.04649144244581376,stop,-1.3490638897876828,-1.4290638897876828,8
1000RATS,long,2026-01-03 17:15:00+00:00,2026-01-03 17:20:00+00:00,2026-01-03 17:55:00+00:00,214202,214203,214210,0.0451,0.044618608358613705,0.044618608358613705,0.0459427832827726,stop,-1.0673872314551969,-1.147387231455197,8
1000RATS,long,2026-01-03 18:15:00+00:00,2026-01-03 18:20:00+00:00,2026-01-03 18:55:00+00:00,214214,214215,214222,0.04519,0.046317320053503086,0.044611339973248454,0.046317320053503086,take_profit,2.494622822533943,2.414622822533943,8
1000RATS,long,2026-01-03 20:45:00+00:00,2026-01-03 20:50:00+00:00,2026-01-04 01:45:00+00:00,214244,214245,214304,0.04505,0.04631354017760651,0.04440322991119674,0.04631354017760651,take_profit,2.8047506717125747,2.7247506717125747,60
1000RATS,long,2026-01-06 15:45:00+00:00,2026-01-06 15:50:00+00:00,2026-01-06 16:30:00+00:00,215048,215049,215057,0.04483,0.04456684069078729,0.04456684069078729,0.04535631861842542,stop,-0.5870160812239789,-0.6670160812239789,9
1000RATS,long,2026-01-06 16:40:00+00:00,2026-01-06 16:45:00+00:00,2026-01-06 19:10:00+00:00,215059,215060,215089,0.04489,0.04577668312965057,0.04438665843517472,0.04577668312965057,take_profit,1.9752353077535423,1.8952353077535424,30
1000RATS,long,2026-01-07 15:15:00+00:00,2026-01-07 15:20:00+00:00,2026-01-07 18:35:00+00:00,215330,215331,215370,0.04842,0.04746061675102584,0.04746061675102584,0.05036876649794832,stop,-1.9813780441432338,-2.061378044143234,40
1000RATS,short,2026-01-08 15:55:00+00:00,2026-01-08 16:00:00+00:00,2026-01-08 16:45:00+00:00,215626,215627,215636,0.05301,0.053788968468535085,0.053788968468535085,0.05139206306292984,stop,-1.4481937295204972,-1.5281937295204973,10
1000RATS,short,2026-01-08 17:30:00+00:00,2026-01-08 17:35:00+00:00,2026-01-08 18:45:00+00:00,215645,215646,215660,0.05309,0.053829176904284945,0.053829176904284945,0.05149164619143011,stop,-1.3731900556445353,-1.4531900556445354,15
1000RATS,long,2026-01-08 20:15:00+00:00,2026-01-08 20:20:00+00:00,2026-01-08 22:10:00+00:00,215678,215679,215701,0.05421,0.053616719680494355,0.053616719680494355,0.05539656063901129,stop,-1.0944112147309504,-1.1744112147309504,23
1000RATS,long,2026-01-09 15:45:00+00:00,2026-01-09 15:50:00+00:00,2026-01-09 16:35:00+00:00,215912,215913,215922,0.05362,0.054928966033636555,0.05295051698318172,0.054928966033636555,take_profit,2.4411899172632534,2.3611899172632533,10
1000RATS,long,2026-01-10 17:50:00+00:00,2026-01-10 17:55:00+00:00,2026-01-10 18:10:00+00:00,216225,216226,216229,0.0545,0.053994329554678665,0.053994329554678665,0.05551134089064267,stop,-0.9278356794886866,-1.0078356794886867,4
1000RATS,short,2026-01-10 20:20:00+00:00,2026-01-10 20:25:00+00:00,2026-01-10 21:50:00+00:00,216255,216256,216273,0.0535,0.05396885666536751,0.05396885666536751,0.05256228666926498,stop,-0.8687541192036741,-0.9487541192036741,18
1000RATS,long,2026-01-11 15:25:00+00:00,2026-01-11 15:30:00+00:00,2026-01-11 16:20:00+00:00,216484,216485,216495,0.05917,0.058707856558322905,0.058707856558322905,0.0601842868833542,stop,-0.7810435046089137,-0.8610435046089138,11
1000RATS,long,2026-01-11 16:50:00+00:00,2026-01-11 16:55:00+00:00,2026-01-11 17:35:00+00:00,216501,216502,216510,0.05911,0.05850309285239036,0.05850309285239036,0.06026381429521927,stop,-1.0267419177967252,-1.1067419177967253,9
1000RATS,short,2026-01-11 18:20:00+00:00,2026-01-11 18:25:00+00:00,2026-01-12 08:30:00+00:00,216519,216520,216689,0.05613,0.05555,0.05958710565642013,0.04927578868715974,eod,1.044104410441049,0.964104410441049,170
