symbol,side,signal_time,entry_time,exit_time,signal_i,entry_i,exit_i,entry_price,exit_price,stop_loss,take_profit,exit_reason,gross_return_pct,net_return_pct,bars_held
1000SATS,long,2023-12-14 15:30:00+00:00,2023-12-14 15:35:00+00:00,2023-12-14 17:00:00+00:00,486,487,504,0.000623,0.0005979541998291022,0.0005979541998291022,0.0006730916003417955,stop,-4.02019264380381,-4.100192643803811,18
1000SATS,long,2023-12-14 19:40:00+00:00,2023-12-14 19:45:00+00:00,2023-12-14 20:05:00+00:00,536,537,541,0.000625,0.000607077728431922,0.000607077728431922,0.0006623445431361559,stop,-2.867563450892474,-2.947563450892474,5
1000SATS,long,2023-12-14 20:20:00+00:00,2023-12-14 20:25:00+00:00,2023-12-14 22:10:00+00:00,544,545,566,0.0006385,0.0006037899873503425,0.0006037899873503425,0.000708820025299315,stop,-5.436180524613543,-5.516180524613543,22
1000SATS,long,2023-12-15 15:20:00+00:00,2023-12-15 15:25:00+00:00,2023-12-15 16:05:00+00:00,772,773,781,0.0007991,0.0008684461723933733,0.0007645769138033134,0.0008684461723933733,take_profit,8.678034337801698,8.5980343378017,9
1000SATS,short,2023-12-16 15:05:00+00:00,2023-12-16 15:10:00+00:00,2023-12-16 16:20:00+00:00,1057,1058,1072,0.0007396,0.000700207981916741,0.0007591460090416296,0.000700207981916741,take_profit,5.625759645788064,5.545759645788064,15
1000SATS,short,2023-12-16 17:20:00+00:00,2023-12-16 17:25:00+00:00,2023-12-16 18:05:00+00:00,1084,1085,1093,0.0007349,0.0007504718968408639,0.0007504718968408639,0.0007040562063182721,stop,-2.0749473639738225,-2.1549473639738226,9
1000SATS,short,2023-12-16 18:40:00+00:00,2023-12-16 18:45:00+00:00,2023-12-16 20:05:00+00:00,1100,1101,1117,0.0007333,0.0007544961734340409,0.0007544961734340409,0.0006909076531319182,stop,-2.8093149018328156,-2.8893149018328157,17
1000SATS,long,2023-12-16 20:20:00+00:00,2023-12-16 20:25:00+00:00,2023-12-16 21:50:00+00:00,1120,1121,1138,0.0007611,0.0007999535231463135,0.0007415232384268432,0.0007999535231463135,take_profit,5.104916981515384,5.024916981515384,18
1000SATS,long,2023-12-17 15:05:00+00:00,2023-12-17 15:10:00+00:00,2023-12-17 15:35:00+00:00,1345,1346,1351,0.0007988,0.0007692443515765335,0.0007692443515765335,0.000857911296846933,stop,-3.700006062026351,-3.780006062026351,6
1000SATS,short,2023-12-17 16:05:00+00:00,2023-12-17 16:10:00+00:00,2023-12-17 17:05:00+00:00,1357,1358,1369,0.000759,0.0007199512765361185,0.0007785243617319408,0.0007199512765361185,take_profit,5.423800851045857,5.343800851045857,12
1000SATS,short,2023-12-18 16:25:00+00:00,2023-12-18 16:30:00+00:00,2023-12-18 16:30:00+00:00,1649,1650,1650,0.0007205,0.0007339908745940275,0.0007339908745940275,0.0006938182508119448,stop,-1.8380166649196283,-1.9180166649196282,1
1000SATS,short,2023-12-18 16:35:00+00:00,2023-12-18 16:40:00+00:00,2023-12-18 17:00:00+00:00,1651,1652,1656,0.000722,0.0007351069275836258,0.0007351069275836258,0.0006960861448327485,stop,-1.782996063812059,-1.8629960638120588,5
1000SATS,short,2023-12-18 17:05:00+00:00,2023-12-18 17:10:00+00:00,2023-12-18 18:10:00+00:00,1657,1658,1670,0.0007188,0.0006622520105029067,0.0007470739947485467,0.0006622520105029067,take_profit,8.538741838496101,8.4587418384961,13
1000SATS,long,2023-12-19 17:05:00+00:00,2023-12-19 17:10:00+00:00,2023-12-19 18:25:00+00:00,1945,1946,1961,0.0007803,0.000752658937471329,0.000752658937471329,0.000835282125057342,stop,-3.5423635177074253,-3.6223635177074254,16
1000SATS,short,2023-12-20 15:05:00+00:00,2023-12-20 15:10:00+00:00,2023-12-20 15:20:00+00:00,2209,2210,2212,0.0007071,0.0007137240909544499,0.0007137240909544499,0.0006941518180911,stop,-0.9281024752284428,-1.0081024752284429,3
1000SATS,short,2023-12-20 15:40:00+00:00,2023-12-20 15:45:00+00:00,2023-12-20 20:30:00+00:00,2216,2217,2274,0.0007072,0.000685757885464753,0.0007179210572676234,0.000685757885464753,take_profit,3.126776226672945,3.046776226672945,58
1000SATS,long,2023-12-21 15:55:00+00:00,2023-12-21 16:00:00+00:00,2023-12-21 17:05:00+00:00,2507,2508,2521,0.0007465,0.0007342663075732456,0.0007342663075732456,0.0007712673848535088,stop,-1.6388067550910046,-1.7188067550910044,14
1000SATS,short,2023-12-21 18:20:00+00:00,2023-12-21 18:25:00+00:00,2023-12-22 16:30:00+00:00,2536,2537,2802,0.0007122,0.000659910651691507,0.0007383446741542465,0.000659910651691507,take_profit,7.923701212347911,7.843701212347912,266
1000SATS,long,2023-12-24 15:45:00+00:00,2023-12-24 15:50:00+00:00,2023-12-24 16:35:00+00:00,3369,3370,3379,0.0006483,0.0006390591241664497,0.0006390591241664497,0.0006667817516671006,stop,-1.4254011774718967,-1.5054011774718967,10
1000SATS,long,2023-12-24 18:25:00+00:00,2023-12-24 18:30:00+00:00,2023-12-24 19:35:00+00:00,3401,3402,3415,0.0006549,0.0006356806247220241,0.0006356806247220241,0.0006936387505559517,stop,-2.9347038140137283,-3.0147038140137283,14
1000SATS,long,2023-12-25 16:45:00+00:00,2023-12-25 16:50:00+00:00,2023-12-25 17:20:00+00:00,3669,3670,3676,0.0006531,0.0006932388631507584,0.0006331805684246209,0.0006932388631507584,take_profit,6.145898507236014,6.065898507236014,7
1000SATS,short,2023-12-27 17:05:00+00:00,2023-12-27 17:10:00+00:00,2023-12-27 17:20:00+00:00,4249,4250,4252,0.0007589,0.0007735976658510831,0.0007735976658510831,0.0007295046682978336,stop,-1.8999108321912206,-1.9799108321912204,3
1000SATS,long,2023-12-27 17:30:00+00:00,2023-12-27 17:35:00+00:00,2023-12-27 17:40:00+00:00,4254,4255,4256,0.000788,0.0008156715566685243,0.0007741642216657378,0.0008156715566685243,take_profit,3.5116188665640147,3.4316188665640146,2
1000SATS,long,2023-12-28 15:05:00+00:00,2023-12-28 15:10:00+00:00,2023-12-28 15:50:00+00:00,4513,4514,4522,0.0008127,0.0007999739178538559,0.0007999739178538559,0.0008381521642922881,stop,-1.5659015806748,-1.6459015806747999,9
1000SATS,short,2023-12-28 16:20:00+00:00,2023-12-28 16:25:00+00:00,2023-12-28 17:00:00+00:00,4528,4529,4536,0.0007961,0.0008093238526213068,0.0008093238526213068,0.0007699522947573862,stop,-1.6339383274663555,-1.7139383274663553,8
1000SATS,long,2023-12-28 17:15:00+00:00,2023-12-28 17:20:00+00:00,2023-12-28 20:00:00+00:00,4539,4540,4572,0.0008094,0.0007953768384742965,0.0007953768384742965,0.0008368463230514072,stop,-1.7325378707318428,-1.8125378707318427,33
1000SATS,long,2023-12-29 15:05:00+00:00,2023-12-29 15:10:00+00:00,2023-12-29 15:40:00+00:00,4801,4802,4808,0.0007984,0.0007855307612576528,0.0007855307612576528,0.0008238384774846945,stop,-1.6118785999933882,-1.691878599993388,7
1000SATS,short,2023-12-29 16:35:00+00:00,2023-12-29 16:40:00+00:00,2023-12-29 18:20:00+00:00,4819,4820,4840,0.0007768,0.0007883411099309535,0.0007883411099309535,0.0007531177801380931,stop,-1.463974133223156,-1.543974133223156,21
1000SATS,long,2023-12-29 18:25:00+00:00,2023-12-29 18:30:00+00:00,2023-12-29 22:25:00+00:00,4841,4842,4889,0.0008048,0.0007804725458119563,0.0007804725458119563,0.0008534549083760875,stop,-3.0227950034845574,-3.1027950034845575,48
1000SATS,short,2023-12-30 16:10:00+00:00,2023-12-30 16:15:00+00:00,2023-12-30 17:10:00+00:00,5102,5103,5114,0.0007941,0.0007813211235416535,0.0008006394382291732,0.0007813211235416535,take_profit,1.6355472894961531,1.555547289496153,12
1000SATS,long,2024-01-02 15:05:00+00:00,2024-01-02 15:10:00+00:00,2024-01-02 17:45:00+00:00,5953,5954,5985,0.0008021,0.000795186233990795,0.000795186233990795,0.00081622753201841,stop,-0.8619581111089736,-0.9419581111089737,32
1000SATS,long,2024-01-02 18:05:00+00:00,2024-01-02 18:10:00+00:00,2024-01-02 18:45:00+00:00,5989,5990,5997,0.0008022,0.0008115628912184238,0.0007973685543907882,0.0008115628912184238,take_profit,1.1671517350316352,1.087151735031635,8
1000SATS,short,2024-01-03 16:45:00+00:00,2024-01-03 16:50:00+00:00,2024-01-03 17:35:00+00:00,6261,6262,6271,0.0007755,0.0007824368211961054,0.0007824368211961054,0.0007619263576077891,stop,-0.886566302631453,-0.966566302631453,10
1000SATS,long,2024-01-03 18:20:00+00:00,2024-01-03 18:25:00+00:00,2024-01-03 19:40:00+00:00,6280,6281,6296,0.0007868,0.0007750607596557578,0.0007750607596557578,0.0008102784806884845,stop,-1.4920234296189938,-1.5720234296189937,16
1000SATS,short,2024-01-03 20:05:00+00:00,2024-01-03 20:10:00+00:00,2024-01-03 20:50:00+00:00,6301,6302,6310,0.0007678,0.0007397044253489815,0.0007816977873255092,0.0007397044253489815,take_profit,3.798216380517583,3.7182163805175827,9
1000SATS,long,2024-01-04 15:40:00+00:00,2024-01-04 15:45:00+00:00,2024-01-04 16:40:00+00:00,6536,6537,6548,0.0006733,0.0006644397807742015,0.0006644397807742015,0.0006910204384515971,stop,-1.3159392879546261,-1.3959392879546262,12
1000SATS,short,2024-01-04 17:10:00+00:00,2024-01-04 17:15:00+00:00,2024-01-04 19:15:00+00:00,6554,6555,6579,0.0006595,0.0006425490384475205,0.0006679754807762398,0.0006425490384475205,take_profit,2.6380806036898186,2.5580806036898185,25
1000SATS,short,2024-01-05 15:05:00+00:00,2024-01-05 15:10:00+00:00,2024-01-05 16:25:00+00:00,6817,6818,6833,0.0006912,0.0006999415458211959,0.0006999415458211959,0.0006737169083576082,stop,-1.2488965504883764,-1.3288965504883765,16
1000SATS,short,2024-01-05 17:35:00+00:00,2024-01-05 17:40:00+00:00,2024-01-05 18:00:00+00:00,6847,6848,6852,0.0006901,0.0006969011359121682,0.0006969011359121682,0.0006764977281756636,stop,-0.9759111532034237,-1.0559111532034238,5
1000SATS,short,2024-01-05 19:10:00+00:00,2024-01-05 19:15:00+00:00,2024-01-05 19:50:00+00:00,6866,6867,6874,0.0006908,0.0006765856632570515,0.0006979071683714742,0.0006765856632570515,take_profit,2.1008923946926883,2.020892394692688,8
1000SATS,short,2024-01-06 15:20:00+00:00,2024-01-06 15:25:00+00:00,2024-01-06 17:50:00+00:00,7108,7109,7138,0.0006224,0.000635828820630552,0.000635828820630552,0.0005952423587388961,stop,-2.1120182342842964,-2.1920182342842964,30
1000SATS,long,2024-01-07 15:05:00+00:00,2024-01-07 15:10:00+00:00,2024-01-07 17:40:00+00:00,7393,7394,7424,0.0006578,0.0006503407868720825,0.0006503407868720825,0.0006727184262558352,stop,-1.13396368621429,-1.21396368621429,31
1000SATS,short,2024-01-07 17:45:00+00:00,2024-01-07 17:50:00+00:00,2024-01-07 22:10:00+00:00,7425,7426,7478,0.0006452,0.000654712171163962,0.000654712171163962,0.000625875657672076,stop,-1.4528783155277392,-1.5328783155277392,53
1000SATS,short,2024-01-09 15:35:00+00:00,2024-01-09 15:40:00+00:00,2024-01-09 16:25:00+00:00,7975,7976,7985,0.0006281,0.0006342505248121269,0.0006342505248121269,0.0006154989503757462,stop,-0.9697311348616844,-1.0497311348616845,10
1000SATS,short,2024-01-09 17:40:00+00:00,2024-01-09 17:45:00+00:00,2024-01-09 18:40:00+00:00,8000,8001,8012,0.0006264,0.0006103128070579274,0.0006344435964710364,0.0006103128070579274,take_profit,2.635893062710326,2.555893062710326,12
1000SATS,short,2024-01-10 16:15:00+00:00,2024-01-10 16:20:00+00:00,2024-01-10 17:20:00+00:00,8271,8272,8284,0.0005798,0.0005731963521562215,0.0005832518239218892,0.0005731963521562215,take_profit,1.1520742968682995,1.0720742968682995,13
1000SATS,short,2024-01-10 18:45:00+00:00,2024-01-10 18:50:00+00:00,2024-01-10 21:20:00+00:00,8301,8302,8332,0.0005779,0.0005632498930502411,0.0005850750534748794,0.0005632498930502411,take_profit,2.600995957659613,2.520995957659613,31
1000SATS,long,2024-01-11 17:10:00+00:00,2024-01-11 17:15:00+00:00,2024-01-11 18:05:00+00:00,8570,8571,8581,0.0006206,0.0006362654348512339,0.000612917282574383,0.0006362654348512339,take_profit,2.5242402273983,2.4442402273983,11
1000SATS,long,2024-01-13 15:20:00+00:00,2024-01-13 15:25:00+00:00,2024-01-13 15:40:00+00:00,9124,9125,9128,0.0005986,0.0005940619318767645,0.0005940619318767645,0.000607976136246471,stop,-0.758113618983558,-0.8381136189835581,4
1000SATS,long,2024-01-13 16:05:00+00:00,2024-01-13 16:10:00+00:00,2024-01-13 19:10:00+00:00,9133,9134,9170,0.000599,0.0005943943228091195,0.0005943943228091195,0.0006085113543817609,stop,-0.7688943557396466,-0.8488943557396467,37
1000SATS,long,2024-01-13 19:15:00+00:00,2024-01-13 19:20:00+00:00,2024-01-14 00:20:00+00:00,9171,9172,9232,0.0005986,0.0006098088681901169,0.0005931455659049415,0.0006098088681901169,take_profit,1.872513897446848,1.7925138974468482,61
1000SATS,long,2024-01-14 15:50:00+00:00,2024-01-14 15:55:00+00:00,2024-01-14 16:40:00+00:00,9418,9419,9428,0.0006605,0.000652259084746947,0.000652259084746947,0.000676981830506106,stop,-1.2476783123471558,-1.3276783123471558,10
1000SATS,short,2024-01-14 17:15:00+00:00,2024-01-14 17:20:00+00:00,2024-01-14 17:45:00+00:00,9435,9436,9441,0.0006519,0.00065913489404061,0.00065913489404061,0.0006374302119187799,stop,-1.0976348098124311,-1.1776348098124312,6
1000SATS,long,2024-01-14 17:55:00+00:00,2024-01-14 18:00:00+00:00,2024-01-14 18:25:00+00:00,9443,9444,9449,0.0006603,0.0006552767725287933,0.0006552767725287933,0.0006706464549424134,stop,-0.760749276269368,-0.840749276269368,6
1000SATS,short,2024-01-15 15:45:00+00:00,2024-01-15 15:50:00+00:00,2024-01-15 17:35:00+00:00,9705,9706,9727,0.0006294,0.00063360798476911,0.00063360798476911,0.00062098403046178,stop,-0.6641306407531133,-0.7441306407531134,22
1000SATS,long,2024-01-16 17:30:00+00:00,2024-01-16 17:35:00+00:00,2024-01-16 19:20:00+00:00,10014,10015,10036,0.0006424,0.0006366361558897969,0.0006366361558897969,0.000654227688220406,stop,-0.8972360071922592,-0.9772360071922592,22
1000SATS,short,2024-01-17 15:15:00+00:00,2024-01-17 15:20:00+00:00,2024-01-17 18:00:00+00:00,10275,10276,10308,0.0006177,0.000623728795367017,0.000623728795367017,0.000605642409265966,stop,-0.9665731984474846,-1.0465731984474846,33
1000SATS,short,2024-01-18 19:10:00+00:00,2024-01-18 19:15:00+00:00,2024-01-18 19:15:00+00:00,10610,10611,10611,0.0005916,0.0005952447898383181,0.0005952447898383181,0.0005840104203233638,stop,-0.6123178061429368,-0.6923178061429369,1
1000SATS,short,2024-01-18 19:30:00+00:00,2024-01-18 19:35:00+00:00,2024-01-18 19:50:00+00:00,10614,10615,10618,0.0005919,0.0005838326404325174,0.0005959336797837413,0.0005838326404325174,take_profit,1.3817931730411903,1.3017931730411902,4
1000SATS,long,2024-01-19 15:30:00+00:00,2024-01-19 15:35:00+00:00,2024-01-19 16:55:00+00:00,10854,10855,10871,0.0005657,0.0005624904289350021,0.0005624904289350021,0.0005727191421299959,stop,-0.5673627479225618,-0.6473627479225619,17
1000SATS,long,2024-01-19 17:50:00+00:00,2024-01-19 17:55:00+00:00,2024-01-19 18:30:00+00:00,10882,10883,10890,0.0005661,0.000562775141775068,0.000562775141775068,0.0005727497164498642,stop,-0.587327013766481,-0.6673270137664811,8
1000SATS,short,2024-01-19 19:40:00+00:00,2024-01-19 19:45:00+00:00,2024-01-19 19:50:00+00:00,10904,10905,10906,0.0005623,0.0005649960602380882,0.0005649960602380882,0.0005566078795238237,stop,-0.47718213060673476,-0.5571821306067348,2
1000SATS,long,2024-01-20 15:40:00+00:00,2024-01-20 15:45:00+00:00,2024-01-20 16:50:00+00:00,11144,11145,11158,0.0005269,0.0005224521372290469,0.0005224521372290469,0.0005357957255419061,stop,-0.8441569123084247,-0.9241569123084248,14
1000SATS,short,2024-01-20 17:35:00+00:00,2024-01-20 17:40:00+00:00,2024-01-20 21:05:00+00:00,11167,11168,11209,0.0005198,0.0005246309608210208,0.0005246309608210208,0.0005101380783579582,stop,-0.9208302943960245,-1.0008302943960246,42
1000SATS,short,2024-01-22 16:35:00+00:00,2024-01-22 16:40:00+00:00,2024-01-22 17:40:00+00:00,11731,11732,11744,0.000507,0.0004948252462894311,0.0005129373768552845,0.0004948252462894311,take_profit,2.460414823589585,2.380414823589585,13
1000SATS,short,2024-01-23 15:05:00+00:00,2024-01-23 15:10:00+00:00,2024-01-23 16:15:00+00:00,12001,12002,12015,0.0004878,0.00048130453301938254,0.0004911977334903087,0.00048130453301938254,take_profit,1.3495544992832675,1.2695544992832675,14
1000SATS,short,2024-01-24 15:05:00+00:00,2024-01-24 15:10:00+00:00,2024-01-24 19:25:00+00:00,12289,12290,12341,0.0004154,0.000430437406109605,0.000430437406109605,0.00038502518778079,stop,-3.4935175001440166,-3.5735175001440167,52
1000SATS,long,2024-01-24 19:35:00+00:00,2024-01-24 19:40:00+00:00,2024-01-24 20:15:00+00:00,12343,12344,12351,0.0004338,0.0004273993245014089,0.0004273993245014089,0.00044660135099718214,stop,-1.4754899720127002,-1.5554899720127002,8
1000SATS,short,2024-01-25 15:20:00+00:00,2024-01-25 15:25:00+00:00,2024-01-25 15:55:00+00:00,12580,12581,12587,0.0003886,0.0003988279438844664,0.0003988279438844664,0.00036814411223106726,stop,-2.564500316815621,-2.644500316815621,7
1000SATS,short,2024-01-25 18:55:00+00:00,2024-01-25 19:00:00+00:00,2024-01-25 20:10:00+00:00,12623,12624,12638,0.0003939,0.0003838212443575947,0.0003989393778212026,0.0003838212443575947,take_profit,2.625898329123011,2.545898329123011,15
1000SATS,long,2024-01-26 17:15:00+00:00,2024-01-26 17:20:00+00:00,2024-01-26 18:25:00+00:00,12891,12892,12905,0.0004094,0.0004177833519742388,0.0004053583240128806,0.0004177833519742388,take_profit,2.0477166522322454,1.9677166522322456,14
1000SATS,short,2024-01-27 16:25:00+00:00,2024-01-27 16:30:00+00:00,2024-01-27 17:20:00+00:00,13169,13170,13180,0.0004867,0.0004955504471854317,0.0004955504471854317,0.0004689991056291367,stop,-1.785983089249421,-1.865983089249421,11
1000SATS,short,2024-01-27 17:50:00+00:00,2024-01-27 17:55:00+00:00,2024-01-27 18:35:00+00:00,13186,13187,13195,0.0004893,0.0004962005815178847,0.0004962005815178847,0.00047549883696423076,stop,-1.390683883677779,-1.4706838836777791,9
1000SATS,short,2024-01-28 15:35:00+00:00,2024-01-28 15:40:00+00:00,2024-01-28 20:20:00+00:00,13447,13448,13504,0.0005027,0.0004921772370389274,0.0005079613814805363,0.0004921772370389274,take_profit,2.138002769973757,2.058002769973757,57
1000SATS,long,2024-01-29 15:05:00+00:00,2024-01-29 15:10:00+00:00,2024-01-29 21:05:00+00:00,13729,13730,13801,0.0004899,0.0005053974197405616,0.00048230129012971916,0.0005053974197405616,take_profit,3.163384311198536,3.083384311198536,72
1000SATS,long,2024-01-30 15:05:00+00:00,2024-01-30 15:10:00+00:00,2024-01-30 15:30:00+00:00,14017,14018,14022,0.0005109,0.0005072154434178117,0.0005072154434178117,0.0005179691131643765,stop,-0.7211893877839715,-0.8011893877839715,5
1000SATS,long,2024-01-30 17:15:00+00:00,2024-01-30 17:20:00+00:00,2024-01-30 17:45:00+00:00,14043,14044,14049,0.0005112,0.000507608747808363,0.000507608747808363,0.0005183825043832739,stop,-0.7025141219947129,-0.7825141219947129,6
1000SATS,long,2024-01-30 19:30:00+00:00,2024-01-30 19:35:00+00:00,2024-01-30 20:20:00+00:00,14070,14071,14080,0.0005116,0.0005191807426145664,0.0005076596286927168,0.0005191807426145664,take_profit,1.481771425833922,1.401771425833922,10
1000SATS,short,2024-01-31 18:00:00+00:00,2024-01-31 18:05:00+00:00,2024-01-31 20:35:00+00:00,14340,14341,14371,0.0004904,0.0004957397034702309,0.0004957397034702309,0.0004797205930595382,stop,-1.0771183814514695,-1.1571183814514696,31
1000SATS,long,2024-02-01 15:15:00+00:00,2024-02-01 15:20:00+00:00,2024-02-01 16:40:00+00:00,14595,14596,14612,0.0005295,0.0005486993046324493,0.0005200503476837753,0.0005486993046324493,take_profit,3.6259309976297116,3.5459309976297115,17
1000SATS,short,2024-02-01 17:05:00+00:00,2024-02-01 17:10:00+00:00,2024-02-02 04:15:00+00:00,14617,14618,14751,0.000519,0.00047261898834428636,0.0005423405058278568,0.00047261898834428636,take_profit,9.813615787676898,9.7336157876769,134
1000SATS,short,2024-02-02 17:15:00+00:00,2024-02-02 17:20:00+00:00,2024-02-02 18:20:00+00:00,14907,14908,14920,0.000466,0.0004542145355160391,0.00047189273224198044,0.0004542145355160391,take_profit,2.5946911783814475,2.5146911783814474,13
1000SATS,short,2024-02-03 15:25:00+00:00,2024-02-03 15:30:00+00:00,2024-02-03 15:50:00+00:00,15173,15174,15178,0.0004536,0.0004552914474303054,0.0004552914474303054,0.00045021710513938926,stop,-0.3715087203706613,-0.4515087203706613,5
1000SATS,short,2024-02-03 16:15:00+00:00,2024-02-03 16:20:00+00:00,2024-02-03 16:45:00+00:00,15183,15184,15189,0.0004535,0.00044709309038244894,0.00045655345480877555,0.00044709309038244894,take_profit,1.4330146797997934,1.3530146797997933,6
1000SATS,short,2024-02-04 15:45:00+00:00,2024-02-04 15:50:00+00:00,2024-02-04 16:05:00+00:00,15465,15466,15469,0.0004081,0.000411310793684072,0.000411310793684072,0.000401678412631856,stop,-0.7806247084627183,-0.8606247084627183,4
1000SATS,short,2024-02-04 16:30:00+00:00,2024-02-04 16:35:00+00:00,2024-02-04 17:35:00+00:00,15474,15475,15487,0.0004079,0.0004118458894912095,0.0004118458894912095,0.00040000822101758096,stop,-0.9580985489703986,-1.0380985489703987,13
1000SATS,short,2024-02-04 18:05:00+00:00,2024-02-04 18:10:00+00:00,2024-02-04 18:20:00+00:00,15493,15494,15496,0.0004075,0.0004106062939397292,0.0004106062939397292,0.0004009874121205415,stop,-0.7565139613240235,-0.8365139613240236,3
1000SATS,long,2024-02-05 15:05:00+00:00,2024-02-05 15:10:00+00:00,2024-02-05 15:35:00+00:00,15745,15746,15751,0.0004342,0.00042873839512501193,0.00042873839512501193,0.0004451232097499761,stop,-1.2578546464735219,-1.337854646473522,6
1000SATS,long,2024-02-05 16:30:00+00:00,2024-02-05 16:35:00+00:00,2024-02-05 17:20:00+00:00,15762,15763,15772,0.0004335,0.0004272906602383854,0.0004272906602383854,0.0004459186795232293,stop,-1.4323736474312954,-1.5123736474312954,10
1000SATS,long,2024-02-06 15:40:00+00:00,2024-02-06 15:45:00+00:00,2024-02-06 15:55:00+00:00,16040,16041,16043,0.0004219,0.0004189546012121842,0.0004189546012121842,0.00042749079757563167,stop,-0.698127231053769,-0.778127231053769,3
1000SATS,short,2024-02-06 16:00:00+00:00,2024-02-06 16:05:00+00:00,2024-02-06 16:35:00+00:00,16044,16045,16051,0.0004182,0.0004211999852868286,0.0004211999852868286,0.00041190002942634286,stop,-0.7122472439750172,-0.7922472439750172,7
1000SATS,long,2024-02-06 16:50:00+00:00,2024-02-06 16:55:00+00:00,2024-02-06 17:05:00+00:00,16054,16055,16057,0.0004219,0.00041918516571743834,0.00041918516571743834,0.00042732966856512335,stop,-0.6434781423469205,-0.7234781423469205,3
1000SATS,long,2024-02-07 18:35:00+00:00,2024-02-07 18:40:00+00:00,2024-02-07 22:00:00+00:00,16363,16364,16404,0.0004194,0.0004252987279277171,0.00041645063603614146,0.0004252987279277171,take_profit,1.4064682707956688,1.3264682707956688,41
1000SATS,short,2024-02-08 15:40:00+00:00,2024-02-08 15:45:00+00:00,2024-02-08 17:05:00+00:00,16616,16617,16633,0.0004398,0.0004425238443684221,0.0004425238443684221,0.00043435231126315587,stop,-0.615524881446694,-0.6955248814466941,17
1000SATS,long,2024-02-08 17:40:00+00:00,2024-02-08 17:45:00+00:00,2024-02-08 19:20:00+00:00,16640,16641,16660,0.0004434,0.0004409994185680587,0.0004409994185680587,0.00044820116286388255,stop,-0.5414031195176583,-0.6214031195176584,20
1000SATS,long,2024-02-08 20:20:00+00:00,2024-02-08 20:25:00+00:00,2024-02-08 20:50:00+00:00,16672,16673,16678,0.0004441,0.00044085395386785564,0.00044085395386785564,0.00045059209226428875,stop,-0.7309268480397146,-0.8109268480397147,6
1000SATS,long,2024-02-09 17:55:00+00:00,2024-02-09 18:00:00+00:00,2024-02-09 18:15:00+00:00,16931,16932,16935,0.0004546,0.000451139876972183,0.000451139876972183,0.00046152024605563397,stop,-0.761135729832163,-0.8411357298321631,4
1000SATS,long,2024-02-09 18:20:00+00:00,2024-02-09 18:25:00+00:00,2024-02-09 22:30:00+00:00,16936,16937,16986,0.0004582,0.0004765842608710927,0.0004491578695644537,0.0004765842608710927,take_profit,4.012278671124547,3.932278671124547,50
1000SATS,long,2024-02-11 16:10:00+00:00,2024-02-11 16:15:00+00:00,2024-02-11 16:40:00+00:00,17486,17487,17492,0.0004478,0.00044493109289724933,0.00044493109289724933,0.0004532378142055013,stop,-0.6406670618022914,-0.7206670618022915,6
1000SATS,short,2024-02-11 18:20:00+00:00,2024-02-11 18:25:00+00:00,2024-02-11 23:10:00+00:00,17512,17513,17570,0.0004406,0.0004258301161027803,0.0004478349419486098,0.0004258301161027803,take_profit,3.468492090788322,3.388492090788322,58
1000SATS,short,2024-02-12 15:20:00+00:00,2024-02-12 15:25:00+00:00,2024-02-12 16:20:00+00:00,17764,17765,17776,0.0004327,0.00043540797912986086,0.00043540797912986086,0.0004272840417402783,stop,-0.6219406303193176,-0.7019406303193176,12
1000SATS,short,2024-02-12 18:20:00+00:00,2024-02-12 18:25:00+00:00,2024-02-12 20:20:00+00:00,17800,17801,17824,0.0004322,0.0004262173110159059,0.00043504134449204703,0.0004262173110159059,take_profit,1.4036710451375445,1.3236710451375444,24
1000SATS,long,2024-02-13 15:20:00+00:00,2024-02-13 15:25:00+00:00,2024-02-13 15:50:00+00:00,18052,18053,18058,0.0004775,0.00047340001558063917,0.00047340001558063917,0.0004859999688387217,stop,-0.8586354804944185,-0.9386354804944186,6
1000SATS,long,2024-02-13 16:10:00+00:00,2024-02-13 16:15:00+00:00,2024-02-13 16:35:00+00:00,18062,18063,18067,0.0004786,0.0004747065526920238,0.0004747065526920238,0.00048638689461595234,stop,-0.8135075862883756,-0.8935075862883757,5
1000SATS,long,2024-02-13 17:05:00+00:00,2024-02-13 17:10:00+00:00,2024-02-13 19:50:00+00:00,18073,18074,18106,0.0004777,0.0004743738046354688,0.0004743738046354688,0.0004843523907290624,stop,-0.696293775283896,-0.7762937752838961,33
1000SATS,short,2024-02-14 15:05:00+00:00,2024-02-14 15:10:00+00:00,2024-02-14 15:20:00+00:00,18337,18338,18340,0.000451,0.0004525896383272078,0.0004525896383272078,0.0004478207233455844,stop,-0.35123171027140465,-0.43123171027140467,3
1000SATS,long,2024-02-14 15:35:00+00:00,2024-02-14 15:40:00+00:00,2024-02-14 15:45:00+00:00,18343,18344,18345,0.0004536,0.00045140237539411304,0.00045140237539411304,0.000457995249211774,stop,-0.484485142391311,-0.5644851423913111,2
1000SATS,long,2024-02-14 16:25:00+00:00,2024-02-14 16:30:00+00:00,2024-02-14 17:35:00+00:00,18353,18354,18367,0.0004538,0.00045839656346163886,0.00045165171826918053,0.00045839656346163886,take_profit,1.012905125967123,0.9329051259671228,14
1000SATS,long,2024-02-15 15:45:00+00:00,2024-02-15 15:50:00+00:00,2024-02-15 16:40:00+00:00,18633,18634,18644,0.0004847,0.0004798845650913328,0.0004798845650913328,0.0004940308698173344,stop,-0.9934877055224334,-1.0734877055224334,11
1000SATS,long,2024-02-15 19:00:00+00:00,2024-02-15 19:05:00+00:00,2024-02-15 20:05:00+00:00,18672,18673,18685,0.0004857,0.00048120879048257816,0.00048120879048257816,0.0004943824190348436,stop,-0.9246879797038976,-1.0046879797038977,13
1000SATS,long,2024-02-16 15:15:00+00:00,2024-02-16 15:20:00+00:00,2024-02-16 15:30:00+00:00,18915,18916,18918,0.0004837,0.0004886144469046715,0.0004812427765476642,0.0004886144469046715,take_profit,1.0160113509761315,0.9360113509761314,3
1000SATS,long,2024-02-16 19:30:00+00:00,2024-02-16 19:35:00+00:00,2024-02-16 20:15:00+00:00,18966,18967,18975,0.0004841,0.0004917858664336069,0.00048025706678319653,0.0004917858664336069,take_profit,1.5876609034511269,1.5076609034511268,9
1000SATS,long,2024-02-17 15:05:00+00:00,2024-02-17 15:10:00+00:00,2024-02-17 15:55:00+00:00,19201,19202,19211,0.000531,0.0005461369245663137,0.0005234315377168431,0.0005461369245663137,take_profit,2.850644927742696,2.770644927742696,10
1000SATS,short,2024-02-17 18:45:00+00:00,2024-02-17 18:50:00+00:00,2024-02-17 19:55:00+00:00,19245,19246,19259,0.0005183,0.0005269662745766586,0.0005269662745766586,0.0005012674508466828,stop,-1.6445596226477233,-1.7245596226477231,14
1000SATS,long,2024-02-19 15:05:00+00:00,2024-02-19 15:10:00+00:00,2024-02-19 17:45:00+00:00,19777,19778,19809,0.0005577,0.0005500327966701459,0.0005500327966701459,0.0005730344066597081,stop,-1.3747899103198957,-1.4547899103198958,32
1000SATS,short,2024-02-19 18:55:00+00:00,2024-02-19 19:00:00+00:00,2024-02-19 22:35:00+00:00,19823,19824,19867,0.0005467,0.0005359607320657585,0.0005519196339671207,0.0005359607320657585,take_profit,2.0037415601044106,1.9237415601044108,44
1000SATS,short,2024-02-20 16:45:00+00:00,2024-02-20 16:50:00+00:00,2024-02-20 18:45:00+00:00,20085,20086,20109,0.0005191,0.0005116540252393851,0.0005228229873803074,0.0005116540252393851,take_profit,1.4552753214696512,1.3752753214696511,24
1000SATS,short,2024-02-20 19:45:00+00:00,2024-02-20 19:50:00+00:00,2024-02-20 19:55:00+00:00,20121,20122,20123,0.0005193,0.0005224734801669113,0.0005224734801669113,0.0005126530396661775,stop,-0.6073954540041893,-0.6873954540041893,2
1000SATS,long,2024-02-20 20:25:00+00:00,2024-02-20 20:30:00+00:00,2024-02-20 21:35:00+00:00,20129,20130,20143,0.0005244,0.0005210571637861951,0.0005210571637861951,0.0005307856724276098,stop,-0.6374592322282324,-0.7174592322282325,14
1000SATS,short,2024-02-21 15:45:00+00:00,2024-02-21 15:50:00+00:00,2024-02-21 17:20:00+00:00,20361,20362,20380,0.000475,0.0004801095877913923,0.0004801095877913923,0.00046478082441721535,stop,-1.0642544788362907,-1.1442544788362907,19
1000SATS,short,2024-02-21 18:10:00+00:00,2024-02-21 18:15:00+00:00,2024-02-21 18:25:00+00:00,20390,20391,20393,0.0004749,0.0004680936096488024,0.0004783031951755988,0.0004680936096488024,take_profit,1.45406606945655,1.3740660694565499,3
1000SATS,long,2024-02-22 15:05:00+00:00,2024-02-22 15:10:00+00:00,2024-02-22 22:15:00+00:00,20641,20642,20727,0.0004807,0.000470924523591429,0.000470924523591429,0.0004999509528171421,stop,-2.033591930220713,-2.113591930220713,86
1000SATS,short,2024-02-23 16:30:00+00:00,2024-02-23 16:35:00+00:00,2024-02-23 17:35:00+00:00,20946,20947,20959,0.0004672,0.000461166616901289,0.00047006669154935554,0.000461166616901289,take_profit,1.308287043683043,1.2282870436830429,13
1000SATS,short,2024-02-23 20:30:00+00:00,2024-02-23 20:35:00+00:00,2024-02-23 23:35:00+00:00,20994,20995,21031,0.0004674,0.00046090427306779656,0.0004707978634661017,0.00046090427306779656,take_profit,1.4093440464258755,1.3293440464258754,37
1000SATS,long,2024-02-24 16:35:00+00:00,2024-02-24 16:40:00+00:00,2024-02-24 17:45:00+00:00,21235,21236,21249,0.0004547,0.00045094854910811315,0.00045094854910811315,0.0004622029017837737,stop,-0.825038683062862,-0.9050386830628621,14
1000SATS,long,2024-02-24 18:15:00+00:00,2024-02-24 18:20:00+00:00,2024-02-24 19:15:00+00:00,21255,21256,21267,0.0004552,0.00046243643534239027,0.00045158178232880487,0.00046243643534239027,take_profit,1.5897265690663964,1.5097265690663964,12
1000SATS,short,2024-02-25 17:50:00+00:00,2024-02-25 17:55:00+00:00,2024-02-25 19:00:00+00:00,21538,21539,21552,0.0004629,0.0004666576236812455,0.0004666576236812455,0.0004553847526375089,stop,-0.8052206779787241,-0.8852206779787242,14
1000SATS,short,2024-02-26 16:35:00+00:00,2024-02-26 16:40:00+00:00,2024-02-26 18:35:00+00:00,21811,21812,21835,0.0004665,0.0004580973078908584,0.0004707013460545708,0.0004580973078908584,take_profit,1.8342592205635722,1.7542592205635723,24
1000SATS,long,2024-02-27 15:05:00+00:00,2024-02-27 15:10:00+00:00,2024-02-27 15:25:00+00:00,22081,22082,22085,0.0005056,0.0005147960897752293,0.0005010019551123854,0.0005147960897752293,take_profit,1.818846870100721,1.7388468701007211,4
1000SATS,long,2024-02-27 19:15:00+00:00,2024-02-27 19:20:00+00:00,2024-02-27 22:00:00+00:00,22131,22132,22164,0.0005069,0.0005014123331074568,0.0005014123331074568,0.0005175753337850863,stop,-1.0825935870079406,-1.1625935870079407,33
1000SATS,short,2024-02-28 15:05:00+00:00,2024-02-28 15:10:00+00:00,2024-02-28 16:40:00+00:00,22369,22370,22388,0.0005016,0.0005057520889874447,0.0005057520889874447,0.0004935958220251105,stop,-0.8209731759600825,-0.9009731759600825,19
1000SATS,long,2024-02-28 16:45:00+00:00,2024-02-28 16:50:00+00:00,2024-02-28 17:15:00+00:00,22389,22390,22395,0.0005075,0.000503408090317986,0.000503408090317986,0.0005156838193640282,stop,-0.8062876220717441,-0.8862876220717442,6
1000SATS,long,2024-02-28 17:50:00+00:00,2024-02-28 17:55:00+00:00,2024-02-28 18:05:00+00:00,22402,22403,22405,0.0005083,0.0005018834084077709,0.0005018834084077709,0.0005211331831844584,stop,-1.262363091133023,-1.342363091133023,3
1000SATS,long,2024-02-29 16:55:00+00:00,2024-02-29 17:00:00+00:00,2024-02-29 18:20:00+00:00,22679,22680,22696,0.000589,0.0005741831426517498,0.0005741831426517498,0.0006189337146965002,stop,-2.5155954750849197,-2.5955954750849197,17
1000SATS,long,2024-03-01 16:10:00+00:00,2024-03-01 16:15:00+00:00,2024-03-01 16:30:00+00:00,22958,22959,22962,0.0005374,0.0005309181380220037,0.0005309181380220037,0.0005500637239559926,stop,-1.2061522102710054,-1.2861522102710055,4
1000SATS,short,2024-03-01 16:40:00+00:00,2024-03-01 16:45:00+00:00,2024-03-01 17:20:00+00:00,22964,22965,22972,0.0005298,0.0005362385824215663,0.0005362385824215663,0.0005169228351568672,stop,-1.2006936152357373,-1.2806936152357373,8
1000SATS,long,2024-03-01 17:35:00+00:00,2024-03-01 17:40:00+00:00,2024-03-01 19:05:00+00:00,22975,22976,22993,0.0005398,0.0005327840443980641,0.0005327840443980641,0.0005535319112038719,stop,-1.2997324197732252,-1.3797324197732252,18
1000SATS,long,2024-03-02 15:05:00+00:00,2024-03-02 15:10:00+00:00,2024-03-02 17:50:00+00:00,23233,23234,23266,0.0006163,0.0006404608295321996,0.0006040695852339002,0.0006404608295321996,take_profit,3.9203033477526628,3.8403033477526627,33
1000SATS,short,2024-03-03 15:35:00+00:00,2024-03-03 15:40:00+00:00,2024-03-03 16:20:00+00:00,23527,23528,23536,0.0006096,0.0005874013814940836,0.0006208493092529582,0.0005874013814940836,take_profit,3.77912262471245,3.69912262471245,9
1000SATS,short,2024-03-03 19:40:00+00:00,2024-03-03 19:45:00+00:00,2024-03-03 20:45:00+00:00,23576,23577,23589,0.0006111,0.00062485301779645,0.00062485301779645,0.0005841939644070997,stop,-2.2010004600682365,-2.2810004600682365,13
1000SATS,long,2024-03-04 15:15:00+00:00,2024-03-04 15:20:00+00:00,2024-03-04 18:05:00+00:00,23811,23812,23845,0.0007222,0.0007001943328434409,0.0007001943328434409,0.0007659113343131184,stop,-3.047032284209239,-3.127032284209239,34
1000SATS,long,2024-03-05 15:35:00+00:00,2024-03-05 15:40:00+00:00,2024-03-05 16:35:00+00:00,24103,24104,24115,0.000744,0.0007210357320391873,0.0007210357320391873,0.0007896285359216256,stop,-3.0865951560232086,-3.1665951560232086,12
1000SATS,short,2024-03-05 16:55:00+00:00,2024-03-05 17:00:00+00:00,2024-03-05 18:20:00+00:00,24119,24120,24136,0.0007105,0.0007288756366202921,0.0007288756366202921,0.0006737487267594157,stop,-2.5210935442289917,-2.6010935442289917,17
1000SATS,short,2024-03-05 18:45:00+00:00,2024-03-05 18:50:00+00:00,2024-03-05 19:05:00+00:00,24141,24142,24145,0.000712,0.0007240687195925583,0.0007240687195925583,0.0006875625608148834,stop,-1.6667920137952597,-1.7467920137952595,4
1000SATS,long,2024-03-06 16:55:00+00:00,2024-03-06 17:00:00+00:00,2024-03-06 18:30:00+00:00,24407,24408,24426,0.0006572,0.0006468463650383279,0.0006468463650383279,0.0006782072699233442,stop,-1.575416153632403,-1.6554161536324028,19
1000SATS,short,2024-03-06 18:55:00+00:00,2024-03-06 19:00:00+00:00,2024-03-06 19:30:00+00:00,24431,24432,24438,0.0006366,0.0006482068450607494,0.0006482068450607494,0.0006133863098785012,stop,-1.7906082216181507,-1.8706082216181505,7
1000SATS,short,2024-03-06 20:10:00+00:00,2024-03-06 20:15:00+00:00,2024-03-06 20:20:00+00:00,24446,24447,24448,0.0006375,0.0006474053606069986,0.0006474053606069986,0.0006179892787860028,stop,-1.5300090499268282,-1.610009049926828,2
1000SATS,long,2024-03-08 15:20:00+00:00,2024-03-08 15:25:00+00:00,2024-03-08 16:35:00+00:00,24964,24965,24979,0.0006406,0.0006556800498732049,0.0006330599750633975,0.0006556800498732049,take_profit,2.354050869997648,2.274050869997648,15
1000SATS,long,2024-03-08 17:30:00+00:00,2024-03-08 17:35:00+00:00,2024-03-08 20:10:00+00:00,24990,24991,25022,0.0006421,0.0006618753851351628,0.0006320623074324186,0.0006618753851351628,take_profit,3.0797983390691064,2.9997983390691063,32
1000SATS,long,2024-03-09 15:15:00+00:00,2024-03-09 15:20:00+00:00,2024-03-09 17:40:00+00:00,25251,25252,25280,0.0006664,0.0006595978678614046,0.0006595978678614046,0.0006797042642771907,stop,-1.0207281120341194,-1.1007281120341195,29
1000SATS,long,2024-03-10 14:30:00+00:00,2024-03-10 14:35:00+00:00,2024-03-10 14:50:00+00:00,25530,25531,25534,0.0006563,0.0006501816712831249,0.0006501816712831249,0.0006682366574337502,stop,-0.9322457286111585,-1.0122457286111586,4
1000SATS,long,2024-03-10 15:35:00+00:00,2024-03-10 15:40:00+00:00,2024-03-10 16:00:00+00:00,25543,25544,25548,0.000654,0.0006497509806743705,0.0006497509806743705,0.000662798038651259,stop,-0.6496971445916544,-0.7296971445916545,5
1000SATS,long,2024-03-10 17:10:00+00:00,2024-03-10 17:15:00+00:00,2024-03-10 17:30:00+00:00,25562,25563,25566,0.0006542,0.0006504994045826939,0.0006504994045826939,0.0006616011908346122,stop,-0.5656672909364224,-0.6456672909364225,4
1000SATS,short,2024-03-11 14:30:00+00:00,2024-03-11 14:35:00+00:00,2024-03-11 16:00:00+00:00,25818,25819,25836,0.0006156,0.0006214459182326955,0.0006214459182326955,0.0006036081635346092,stop,-0.9406962152588405,-1.0206962152588406,18
1000SATS,long,2024-03-11 16:10:00+00:00,2024-03-11 16:15:00+00:00,2024-03-11 22:45:00+00:00,25838,25839,25917,0.0006284,0.0006165072270230428,0.0006165072270230428,0.0006524855459539145,stop,-1.892548214028833,-1.9725482140288328,79
1000SATS,long,2024-03-12 14:25:00+00:00,2024-03-12 14:30:00+00:00,2024-03-12 14:35:00+00:00,26105,26106,26107,0.0006931,0.0006831024214062988,0.0006831024214062988,0.0007130951571874023,stop,-1.4424438888617996,-1.5224438888617997,2
1000SATS,short,2024-03-12 15:05:00+00:00,2024-03-12 15:10:00+00:00,2024-03-12 17:25:00+00:00,26113,26114,26141,0.0006671,0.0006364194811284818,0.0006824402594357591,0.0006364194811284818,take_profit,4.8208013395687255,4.740801339568725,28
1000SATS,short,2024-03-13 19:20:00+00:00,2024-03-13 19:25:00+00:00,2024-03-13 22:35:00+00:00,26452,26453,26491,0.0006496,0.0006393262313965694,0.0006548868843017153,0.0006393262313965694,take_profit,1.6069681015571824,1.5269681015571823,39
1000SATS,long,2024-03-14 17:45:00+00:00,2024-03-14 17:50:00+00:00,2024-03-14 19:15:00+00:00,26721,26722,26739,0.0006513,0.0006437514786616506,0.0006437514786616506,0.0006663970426766987,stop,-1.1589929891523632,-1.2389929891523632,18
1000SATS,short,2024-03-15 14:40:00+00:00,2024-03-15 14:45:00+00:00,2024-03-15 15:20:00+00:00,26972,26973,26980,0.0005656,0.0005761054074116071,0.0005761054074116071,0.0005448891851767859,stop,-1.8235217507863721,-1.903521750786372,8
1000SATS,short,2024-03-15 17:20:00+00:00,2024-03-15 17:25:00+00:00,2024-03-15 17:45:00+00:00,27004,27005,27009,0.0005655,0.000549369544334463,0.0005734152278327685,0.000549369544334463,take_profit,2.936175809505115,2.856175809505115,5
1000SATS,short,2024-03-16 14:10:00+00:00,2024-03-16 14:15:00+00:00,2024-03-16 15:30:00+00:00,27254,27255,27270,0.0005471,0.0005318615810662216,0.0005547192094668892,0.0005318615810662216,take_profit,2.865109922628739,2.785109922628739,16
1000SATS,short,2024-03-16 17:45:00+00:00,2024-03-16 17:50:00+00:00,2024-03-16 19:30:00+00:00,27297,27298,27318,0.0005482,0.0005352286488209317,0.0005546856755895342,0.0005352286488209317,take_profit,2.4235158576887184,2.3435158576887183,21
1000SATS,long,2024-03-18 15:30:00+00:00,2024-03-18 15:35:00+00:00,2024-03-18 16:15:00+00:00,27846,27847,27855,0.0005382,0.0005269695105510617,0.0005269695105510617,0.0005603609788978767,stop,-2.0866758545035835,-2.1666758545035836,9
1000SATS,short,2024-03-19 14:10:00+00:00,2024-03-19 14:15:00+00:00,2024-03-19 16:10:00+00:00,28118,28119,28142,0.000436,0.0004202442519814344,0.00044402787400928275,0.0004202442519814344,take_profit,3.7491882266748267,3.6691882266748266,24
1000SATS,short,2024-03-19 17:15:00+00:00,2024-03-19 17:20:00+00:00,2024-03-19 21:00:00+00:00,28155,28156,28200,0.0004331,0.0004454535780609109,0.0004454535780609109,0.00040869284387817827,stop,-2.7732582404404127,-2.8532582404404128,45
1000SATS,short,2024-03-20 14:20:00+00:00,2024-03-20 14:25:00+00:00,2024-03-20 14:55:00+00:00,28408,28409,28415,0.0004261,0.0004384008667034483,0.0004384008667034483,0.0004017982665931034,stop,-2.805849084182832,-2.885849084182832,7
1000SATS,short,2024-03-21 14:05:00+00:00,2024-03-21 14:10:00+00:00,2024-03-21 14:55:00+00:00,28693,28694,28703,0.0004851,0.000492772190332519,0.000492772190332519,0.00046975561933496193,stop,-1.556944665919946,-1.6369446659199458,10
1000SATS,long,2024-03-21 16:25:00+00:00,2024-03-21 16:30:00+00:00,2024-03-21 16:40:00+00:00,28721,28722,28724,0.0004953,0.0004919563925187824,0.0004919563925187824,0.0005016872149624351,stop,-0.6750671272395481,-0.7550671272395482,3
1000SATS,long,2024-03-21 17:05:00+00:00,2024-03-21 17:10:00+00:00,2024-03-22 00:50:00+00:00,28729,28730,28822,0.0004955,0.000508807981653571,0.0004888460091732144,0.000508807981653571,take_profit,2.685768244918485,2.605768244918485,93
1000SATS,long,2024-03-22 14:50:00+00:00,2024-03-22 14:55:00+00:00,2024-03-22 15:30:00+00:00,28990,28991,28998,0.0005251,0.0005194178295715733,0.0005194178295715733,0.0005361643408568533,stop,-1.0821120602602763,-1.1621120602602764,8
1000SATS,long,2024-03-22 15:40:00+00:00,2024-03-22 15:45:00+00:00,2024-03-22 16:00:00+00:00,29000,29001,29004,0.0005224,0.0005172424031315836,0.0005172424031315836,0.0005327151937368329,stop,-0.9872888339235164,-1.0672888339235165,4
1000SATS,short,2024-03-22 17:35:00+00:00,2024-03-22 17:40:00+00:00,2024-03-22 19:05:00+00:00,29023,29024,29041,0.0005119,0.0005019358955099379,0.0005168820522450311,0.0005019358955099379,take_profit,1.9851348706469985,1.9051348706469986,18
1000SATS,long,2024-03-23 16:05:00+00:00,2024-03-23 16:10:00+00:00,2024-03-23 18:00:00+00:00,29293,29294,29316,0.000495,0.0004909045458522344,0.0004909045458522344,0.0005028909082955313,stop,-0.8273644742960773,-0.9073644742960774,23
1000SATS,long,2024-03-23 19:15:00+00:00,2024-03-23 19:20:00+00:00,2024-03-23 23:30:00+00:00,29331,29332,29382,0.000494,0.0005038728140130754,0.0004892135929934623,0.0005038728140130754,take_profit,1.9985453467764147,1.9185453467764149,51
1000SATS,long,2024-03-26 16:20:00+00:00,2024-03-26 16:25:00+00:00,2024-03-26 16:50:00+00:00,30160,30161,30166,0.0005354,0.0005298990706389602,0.0005298990706389602,0.0005464018587220796,stop,-1.0274429139035868,-1.1074429139035868,6
1000SATS,short,2024-03-26 19:25:00+00:00,2024-03-26 19:30:00+00:00,2024-03-26 19:45:00+00:00,30197,30198,30201,0.0005281,0.0005313225718230788,0.0005313225718230788,0.0005219548563538426,stop,-0.6065189009421323,-0.6865189009421324,4
1000SATS,short,2024-03-27 16:10:00+00:00,2024-03-27 16:15:00+00:00,2024-03-27 17:50:00+00:00,30446,30447,30466,0.0005162,0.0005056532087385786,0.0005214733956307106,0.0005056532087385786,take_profit,2.085775602558071,2.005775602558071,20
1000SATS,short,2024-03-29 14:20:00+00:00,2024-03-29 14:25:00+00:00,2024-03-29 16:45:00+00:00,31000,31001,31029,0.0005195,0.0005014998129598718,0.0005285000935200641,0.0005014998129598718,take_profit,3.5892709378873677,3.5092709378873677,29
1000SATS,short,2024-03-30 15:00:00+00:00,2024-03-30 15:05:00+00:00,2024-03-30 19:55:00+00:00,31296,31297,31355,0.0004993,0.0005032870558895877,0.0005032870558895877,0.0004913258882208247,stop,-0.7922031458846734,-0.8722031458846735,59
1000SATS,long,2024-03-31 14:10:00+00:00,2024-03-31 14:15:00+00:00,2024-03-31 15:45:00+00:00,31574,31575,31593,0.0005643,0.0005566459562499824,0.0005566459562499824,0.000579908087500035,stop,-1.356378477763165,-1.436378477763165,19
1000SATS,short,2024-04-01 14:40:00+00:00,2024-04-01 14:45:00+00:00,2024-04-01 14:45:00+00:00,31868,31869,31869,0.0005278,0.0005217672423126332,0.0005308163788436835,0.0005217672423126332,take_profit,1.156216258542364,1.076216258542364,1
1000SATS,short,2024-04-02 14:15:00+00:00,2024-04-02 14:20:00+00:00,2024-04-02 14:55:00+00:00,32151,32152,32159,0.0004602,0.00046687413500007496,0.00046687413500007496,0.00044745172999985014,stop,-1.4295362496519304,-1.5095362496519305,8
1000SATS,short,2024-04-02 16:55:00+00:00,2024-04-02 17:00:00+00:00,2024-04-02 17:50:00+00:00,32183,32184,32194,0.0004626,0.0004553969427993425,0.0004662015286003288,0.0004553969427993425,take_profit,1.5817096084088877,1.5017096084088877,11
1000SATS,long,2024-04-03 15:45:00+00:00,2024-04-03 15:50:00+00:00,2024-04-03 20:05:00+00:00,32457,32458,32509,0.000468,0.00046278010267234034,0.00046278010267234034,0.0004781397946553193,stop,-1.115362676850351,-1.1953626768503511,52
1000SATS,short,2024-04-05 14:05:00+00:00,2024-04-05 14:10:00+00:00,2024-04-05 20:50:00+00:00,33013,33014,33094,0.0004605,0.00044769688424686765,0.0004669015578765662,0.00044769688424686765,take_profit,2.859773253653586,2.7797732536535857,81
1000SATS,long,2024-04-06 14:05:00+00:00,2024-04-06 14:10:00+00:00,2024-04-06 14:35:00+00:00,33301,33302,33307,0.0004761,0.000484511570549262,0.00047204421472536896,0.000484511570549262,take_profit,1.7667655007901573,1.6867655007901574,6
1000SATS,short,2024-04-07 15:25:00+00:00,2024-04-07 15:30:00+00:00,2024-04-07 15:40:00+00:00,33605,33606,33608,0.0004919,0.0004940789294179115,0.0004940789294179115,0.0004878421411641772,stop,-0.44100836691791656,-0.5210083669179166,3
1000SATS,short,2024-04-09 15:35:00+00:00,2024-04-09 15:40:00+00:00,2024-04-09 17:05:00+00:00,34183,34184,34201,0.0004965,0.0004834603893669083,0.0005031698053165459,0.0004834603893669083,take_profit,2.6971414659569204,2.6171414659569203,18
1000SATS,long,2024-04-10 15:15:00+00:00,2024-04-10 15:20:00+00:00,2024-04-10 17:00:00+00:00,34467,34468,34488,0.0004673,0.00046407270311334456,0.00046407270311334456,0.0004740545937733108,stop,-0.6906263399647838,-0.7706263399647839,21
1000SATS,short,2024-04-10 19:15:00+00:00,2024-04-10 19:20:00+00:00,2024-04-10 20:25:00+00:00,34515,34516,34529,0.0004613,0.0004654512208009848,0.0004654512208009848,0.0004529975583980304,stop,-0.8918702144214086,-0.9718702144214086,14
1000SATS,short,2024-04-13 16:15:00+00:00,2024-04-13 16:20:00+00:00,2024-04-13 20:05:00+00:00,35343,35344,35389,0.0003484,0.0003528281866184663,0.0003528281866184663,0.00033954362676306743,stop,-1.255054665815225,-1.3350546658152251,46
1000SATS,long,2024-04-14 14:05:00+00:00,2024-04-14 14:10:00+00:00,2024-04-14 20:05:00+00:00,35605,35606,35677,0.0003004,0.00029357105270207194,0.00029357105270207194,0.00031405789459585607,stop,-2.2732847196830996,-2.3532847196830997,72
1000SATS,long,2024-04-15 14:20:00+00:00,2024-04-15 14:25:00+00:00,2024-04-15 15:15:00+00:00,35896,35897,35907,0.0002987,0.00030644400382316445,0.00029467799808841777,0.00030644400382316445,take_profit,2.5925690737075513,2.5125690737075512,11
1000SATS,short,2024-04-17 16:05:00+00:00,2024-04-17 16:10:00+00:00,2024-04-17 20:35:00+00:00,36493,36494,36547,0.0002673,0.00025885777812407584,0.00027167111093796207,0.00025885777812407584,take_profit,3.261335988087488,3.181335988087488,54
1000SATS,short,2024-04-19 14:05:00+00:00,2024-04-19 14:10:00+00:00,2024-04-19 15:35:00+00:00,37045,37046,37063,0.0002555,0.000259088307655085,0.000259088307655085,0.00024832338468982996,stop,-1.384974755349433,-1.464974755349433,18
1000SATS,long,2024-04-20 15:35:00+00:00,2024-04-20 15:40:00+00:00,2024-04-20 16:10:00+00:00,37351,37352,37358,0.0002852,0.000282899156737573,0.000282899156737573,0.000289801686524854,stop,-0.806747286965992,-0.886747286965992,7
1000SATS,long,2024-04-21 14:10:00+00:00,2024-04-21 14:15:00+00:00,2024-04-21 18:15:00+00:00,37622,37623,37671,0.0003618,0.0003529675614943395,0.0003529675614943395,0.000379464877011321,stop,-2.4412488959813405,-2.5212488959813406,49
1000SATS,long,2024-04-22 14:05:00+00:00,2024-04-22 14:10:00+00:00,2024-04-22 16:10:00+00:00,37909,37910,37934,0.0003506,0.00034596836623337847,0.00034596836623337847,0.0003601632675332431,stop,-1.3210592603027815,-1.4010592603027816,25
1000SATS,long,2024-04-22 19:40:00+00:00,2024-04-22 19:45:00+00:00,2024-04-22 20:00:00+00:00,37976,37977,37980,0.0003512,0.0003601141073365692,0.00034674294633171545,0.0003601141073365692,take_profit,2.5381854602987364,2.4581854602987363,4
1000SATS,short,2024-04-24 15:00:00+00:00,2024-04-24 15:05:00+00:00,2024-04-24 22:10:00+00:00,38496,38497,38582,0.0003427,0.00033541819749572277,0.0003464909012521386,0.00033541819749572277,take_profit,2.1709622669980666,2.0909622669980665,86
1000SATS,short,2024-04-25 19:15:00+00:00,2024-04-25 19:20:00+00:00,2024-04-25 21:10:00+00:00,38835,38836,38858,0.0002978,0.0003028665502690356,0.0003028665502690356,0.0002879668994619288,stop,-1.672865578762328,-1.752865578762328,23
1000SATS,long,2024-04-26 14:30:00+00:00,2024-04-26 14:35:00+00:00,2024-04-26 15:40:00+00:00,39066,39067,39080,0.0003029,0.00029856498372614874,0.00029856498372614874,0.0003112700325477025,stop,-1.4311707738036472,-1.5111707738036473,14
1000SATS,short,2024-04-26 16:35:00+00:00,2024-04-26 16:40:00+00:00,2024-04-26 17:05:00+00:00,39091,39092,39097,0.0002974,0.0003003314839801274,0.0003003314839801274,0.0002918370320397453,stop,-0.9760828073294259,-1.056082807329426,6
1000SATS,short,2024-04-26 19:25:00+00:00,2024-04-26 19:30:00+00:00,2024-04-26 22:05:00+00:00,39125,39126,39157,0.0002976,0.0002930119873246433,0.0003000440063376784,0.0002930119873246433,take_profit,1.5658105722048177,1.4858105722048176,32
1000SATS,short,2024-04-27 14:05:00+00:00,2024-04-27 14:10:00+00:00,2024-04-27 23:15:00+00:00,39349,39350,39459,0.000286,0.00029013263312973486,0.00029013263312973486,0.0002774347337405303,stop,-1.4243944519977236,-1.5043944519977237,110
1000SATS,long,2024-04-28 14:05:00+00:00,2024-04-28 14:10:00+00:00,2024-04-28 17:40:00+00:00,39637,39638,39680,0.0002993,0.00029651859271314924,0.00029651859271314924,0.00030516281457370156,stop,-0.9293041386070011,-1.0093041386070012,43
1000SATS,short,2024-04-29 14:20:00+00:00,2024-04-29 14:25:00+00:00,2024-04-29 15:35:00+00:00,39928,39929,39943,0.0002806,0.00027428818301857347,0.00028360590849071325,0.00027428818301857347,take_profit,2.301162562661019,2.2211625626610187,15
1000SATS,short,2024-04-29 19:15:00+00:00,2024-04-29 19:20:00+00:00,2024-04-29 21:30:00+00:00,39987,39988,40014,0.0002806,0.00027636113432026144,0.00028271943283986927,0.00027636113432026144,take_profit,1.5338139677869345,1.4538139677869344,27
1000SATS,short,2024-04-30 14:25:00+00:00,2024-04-30 14:30:00+00:00,2024-04-30 17:10:00+00:00,40217,40218,40250,0.0002837,0.00027908908495111125,0.0002861554575244444,0.00027908908495111125,take_profit,1.65213019695718,1.5721301969571801,33
1000SATS,short,2024-05-01 14:10:00+00:00,2024-05-01 14:15:00+00:00,2024-05-01 15:25:00+00:00,40502,40503,40517,0.0002496,0.00024414503144069686,0.00025217748427965156,0.00024414503144069686,take_profit,2.2343147952319287,2.1543147952319286,15
1000SATS,short,2024-05-02 14:25:00+00:00,2024-05-02 14:30:00+00:00,2024-05-02 15:05:00+00:00,40793,40794,40801,0.0002444,0.00024686850159032854,0.00024686850159032854,0.00023946299681934285,stop,-0.9999256990772198,-1.07992569907722,8
1000SATS,long,2024-05-02 16:15:00+00:00,2024-05-02 16:20:00+00:00,2024-05-02 20:05:00+00:00,40815,40816,40861,0.00025,0.00025582591279152796,0.00024723704360423603,0.00025582591279152796,take_profit,2.330365116611177,2.250365116611177,46
1000SATS,short,2024-05-03 14:45:00+00:00,2024-05-03 14:50:00+00:00,2024-05-03 21:30:00+00:00,41085,41086,41166,0.0002596,0.00026258377220321613,0.00026258377220321613,0.0002539324555935678,stop,-1.1363124911264233,-1.2163124911264234,81
1000SATS,long,2024-05-04 19:25:00+00:00,2024-05-04 19:30:00+00:00,2024-05-04 19:55:00+00:00,41429,41430,41435,0.0002857,0.0002898100798459112,0.0002837949600770444,0.0002898100798459112,take_profit,1.4385998760627183,1.3585998760627183,6
1000SATS,short,2024-05-05 14:30:00+00:00,2024-05-05 14:35:00+00:00,2024-05-05 16:15:00+00:00,41658,41659,41679,0.000273,0.000275046902875994,0.000275046902875994,0.00026890619424801206,stop,-0.7442013905958555,-0.8242013905958556,21
1000SATS,long,2024-05-06 14:20:00+00:00,2024-05-06 14:25:00+00:00,2024-05-06 14:40:00+00:00,41944,41945,41948,0.0002799,0.00028401905393948774,0.00027769047303025617,0.00028401905393948774,take_profit,1.471616269913456,1.391616269913456,4
1000SATS,short,2024-05-07 14:25:00+00:00,2024-05-07 14:30:00+00:00,2024-05-07 16:10:00+00:00,42233,42234,42254,0.000269,0.0002710445411263414,0.0002710445411263414,0.00026521091774731715,stop,-0.7543192413487443,-0.8343192413487444,21
1000SATS,long,2024-05-07 16:15:00+00:00,2024-05-07 16:20:00+00:00,2024-05-07 18:25:00+00:00,42255,42256,42281,0.0002727,0.0002795794411418691,0.0002691102794290655,0.0002795794411418691,take_profit,2.5227140234210133,2.442714023421013,26
1000SATS,short,2024-05-08 15:15:00+00:00,2024-05-08 15:20:00+00:00,2024-05-08 15:35:00+00:00,42531,42532,42535,0.0002597,0.0002626043244210541,0.0002626043244210541,0.0002538913511578919,stop,-1.1059697617154751,-1.1859697617154752,4
1000SATS,short,2024-05-08 16:25:00+00:00,2024-05-08 16:30:00+00:00,2024-05-08 22:45:00+00:00,42545,42546,42621,0.0002603,0.000262432883457745,0.000262432883457745,0.00025603423308450995,stop,-0.8127348332429674,-0.8927348332429674,76
1000SATS,short,2024-05-09 15:30:00+00:00,2024-05-09 15:35:00+00:00,2024-05-09 16:45:00+00:00,42822,42823,42837,0.0002662,0.0002613235131205097,0.00026863824343974517,0.0002613235131205097,take_profit,1.8660727545176892,1.7860727545176893,15
1000SATS,long,2024-05-11 14:05:00+00:00,2024-05-11 14:10:00+00:00,2024-05-11 14:40:00+00:00,43381,43382,43388,0.0002564,0.00025493451129490904,0.00025493451129490904,0.0002590309774101819,stop,-0.5715634575237716,-0.6515634575237716,7
1000SATS,long,2024-05-11 15:05:00+00:00,2024-05-11 15:10:00+00:00,2024-05-11 17:25:00+00:00,43393,43394,43421,0.0002569,0.00025468626068136165,0.00025468626068136165,0.00026162747863727674,stop,-0.8617124634637485,-0.9417124634637486,28
1000SATS,short,2024-05-11 17:40:00+00:00,2024-05-11 17:45:00+00:00,2024-05-11 18:30:00+00:00,43424,43425,43434,0.000254,0.00025545101972140085,0.00025545101972140085,0.0002513979605571983,stop,-0.5680226772957764,-0.6480226772957765,10
1000SATS,short,2024-05-12 15:45:00+00:00,2024-05-12 15:50:00+00:00,2024-05-12 16:05:00+00:00,43689,43690,43693,0.0002595,0.00026094317395965465,0.00026094317395965465,0.00025661365208069076,stop,-0.5530606291612616,-0.6330606291612617,4
1000SATS,short,2024-05-12 16:15:00+00:00,2024-05-12 16:20:00+00:00,2024-05-12 17:40:00+00:00,43695,43696,43712,0.000259,0.0002614347204206244,0.0002614347204206244,0.0002541305591587512,stop,-0.9312919174267131,-1.0112919174267132,17
1000SATS,long,2024-05-14 14:10:00+00:00,2024-05-14 14:15:00+00:00,2024-05-14 15:05:00+00:00,44246,44247,44257,0.0002647,0.0002618606886190963,0.0002618606886190963,0.00027067862276180735,stop,-1.0726525806209586,-1.1526525806209587,11
1000SATS,short,2024-05-14 15:15:00+00:00,2024-05-14 15:20:00+00:00,2024-05-14 16:35:00+00:00,44259,44260,44275,0.0002564,0.000263255670748704,0.000263255670748704,0.00024268865850259205,stop,-2.604187301723193,-2.684187301723193,16
1000SATS,long,2024-05-14 16:45:00+00:00,2024-05-14 16:50:00+00:00,2024-05-14 17:45:00+00:00,44277,44278,44289,0.0002647,0.0002737215049190866,0.00026033924754045667,0.0002737215049190866,take_profit,3.408199818317592,3.328199818317592,12
1000SATS,short,2024-05-15 14:15:00+00:00,2024-05-15 14:20:00+00:00,2024-05-15 15:20:00+00:00,44535,44536,44548,0.0002615,0.0002640896664530766,0.0002640896664530766,0.00025632066709384684,stop,-0.9806012055896596,-1.0606012055896596,13
1000SATS,short,2024-05-15 15:45:00+00:00,2024-05-15 15:50:00+00:00,2024-05-15 16:00:00+00:00,44553,44554,44556,0.0002613,0.00026347583119352725,0.00026347583119352725,0.00025694833761294553,stop,-0.8258181343126947,-0.9058181343126948,3
1000SATS,long,2024-05-15 16:20:00+00:00,2024-05-15 16:25:00+00:00,2024-05-15 17:00:00+00:00,44560,44561,44568,0.0002651,0.00026218912862211493,0.00026218912862211493,0.0002712217427557701,stop,-1.0980276793229216,-1.1780276793229216,8
1000SATS,long,2024-05-16 15:05:00+00:00,2024-05-16 15:10:00+00:00,2024-05-16 19:50:00+00:00,44833,44834,44890,0.0002839,0.0002805663616667552,0.0002805663616667552,0.00029056727666648967,stop,-1.174229775711455,-1.254229775711455,57
1000SATS,long,2024-05-17 14:05:00+00:00,2024-05-17 14:10:00+00:00,2024-05-17 14:45:00+00:00,45109,45110,45117,0.0002681,0.00026600437414499295,0.00026600437414499295,0.00027229125171001413,stop,-0.7816582823599649,-0.861658282359965,8
1000SATS,long,2024-05-17 15:45:00+00:00,2024-05-17 15:50:00+00:00,2024-05-17 17:10:00+00:00,45129,45130,45146,0.0002687,0.00027375776767776393,0.00026602111616111807,0.00027375776767776393,take_profit,1.8823102634030198,1.80231026340302,17
1000SATS,short,2024-05-18 16:50:00+00:00,2024-05-18 16:55:00+00:00,2024-05-18 17:25:00+00:00,45430,45431,45437,0.0002912,0.0002940324365065032,0.0002940324365065032,0.0002855351269869935,stop,-0.9633074976884703,-1.0433074976884704,7
1000SATS,long,2024-05-18 17:50:00+00:00,2024-05-18 17:55:00+00:00,2024-05-18 20:00:00+00:00,45442,45443,45468,0.0002996,0.00030838405956964217,0.00029520797021517894,0.00030838405956964217,take_profit,2.931929095341168,2.851929095341168,26
1000SATS,short,2024-05-19 15:30:00+00:00,2024-05-19 15:35:00+00:00,2024-05-19 18:20:00+00:00,45702,45703,45736,0.0002954,0.000287428119048322,0.00029923594047583904,0.000287428119048322,take_profit,2.7735215949201697,2.6935215949201696,34
1000SATS,short,2024-05-20 15:10:00+00:00,2024-05-20 15:15:00+00:00,2024-05-20 15:50:00+00:00,45986,45987,45994,0.000284,0.00027873974913339146,0.0002864801254333043,0.00027873974913339146,take_profit,1.887154911691935,1.8071549116919352,8
1000SATS,short,2024-05-23 15:05:00+00:00,2024-05-23 15:10:00+00:00,2024-05-23 15:50:00+00:00,46849,46850,46858,0.0003006,0.00030298215849387263,0.00030298215849387263,0.0002961356830122547,stop,-0.7862372179650357,-0.8662372179650357,9
1000SATS,short,2024-05-23 16:00:00+00:00,2024-05-23 16:05:00+00:00,2024-05-23 16:40:00+00:00,46860,46861,46868,0.0003008,0.0003039641636283919,0.0003039641636283919,0.00029417167274321614,stop,-1.0409660108025909,-1.120966010802591,8
1000SATS,short,2024-05-23 17:00:00+00:00,2024-05-23 17:05:00+00:00,2024-05-23 19:30:00+00:00,46872,46873,46902,0.0003012,0.00029594620170827113,0.00030367689914586444,0.00029594620170827113,take_profit,1.7752545095705674,1.6952545095705676,30
1000SATS,long,2024-05-25 14:20:00+00:00,2024-05-25 14:25:00+00:00,2024-05-25 15:30:00+00:00,47416,47417,47430,0.0002935,0.00029170171983196346,0.00029170171983196346,0.000297096560336073,stop,-0.6127019311879089,-0.692701931187909,14
1000SATS,long,2024-05-25 15:55:00+00:00,2024-05-25 16:00:00+00:00,2024-05-25 16:20:00+00:00,47435,47436,47440,0.0002937,0.00029930345414948246,0.00029104827292525875,0.00029930345414948246,take_profit,1.907883605543903,1.8278836055439032,5
1000SATS,short,2024-05-26 14:20:00+00:00,2024-05-26 14:25:00+00:00,2024-05-26 14:30:00+00:00,47704,47705,47706,0.0002888,0.0002903133442105701,0.0002903133442105701,0.0002857733115788599,stop,-0.5212795900530143,-0.6012795900530143,2
1000SATS,short,2024-05-26 17:50:00+00:00,2024-05-26 17:55:00+00:00,2024-05-26 18:00:00+00:00,47746,47747,47748,0.0002889,0.0002905412348701846,0.0002905412348701846,0.0002859175302596307,stop,-0.5648887914026957,-0.6448887914026957,2
1000SATS,short,2024-05-26 18:25:00+00:00,2024-05-26 18:30:00+00:00,2024-05-26 18:45:00+00:00,47753,47754,47757,0.0002888,0.00028590287026123757,0.0002903985648693812,0.00028590287026123757,take_profit,1.0133265665067448,0.9333265665067447,4
1000SATS,short,2024-05-27 14:15:00+00:00,2024-05-27 14:20:00+00:00,2024-05-27 16:20:00+00:00,47991,47992,48016,0.000292,0.0002944029550326646,0.0002944029550326646,0.0002871940899346708,stop,-0.8162129460955847,-0.8962129460955848,25
1000SATS,long,2024-05-27 16:50:00+00:00,2024-05-27 16:55:00+00:00,2024-05-27 18:15:00+00:00,48022,48023,48039,0.0002962,0.00029405598038471307,0.00029405598038471307,0.00030078803923057383,stop,-0.7238418687666837,-0.8038418687666837,17
1000SATS,long,2024-05-27 18:25:00+00:00,2024-05-27 18:30:00+00:00,2024-05-27 18:45:00+00:00,48041,48042,48045,0.0002966,0.00030177856085313753,0.00029386071957343123,0.00030177856085313753,take_profit,1.7459746639034046,1.6659746639034048,4
1000SATS,long,2024-05-29 14:15:00+00:00,2024-05-29 14:20:00+00:00,2024-05-29 17:15:00+00:00,48567,48568,48603,0.0003314,0.0003167337227167117,0.0003167337227167117,0.00036103255456657653,stop,-4.425551383007931,-4.505551383007931,36
1000SATS,long,2024-05-29 17:30:00+00:00,2024-05-29 17:35:00+00:00,2024-05-29 17:35:00+00:00,48606,48607,48607,0.0003209,0.00031719890147161327,0.00031719890147161327,0.00032860219705677346,stop,-1.1533494946670997,-1.2333494946670998,1
1000SATS,short,2024-05-29 17:45:00+00:00,2024-05-29 17:50:00+00:00,2024-05-30 01:05:00+00:00,48609,48610,48697,0.0003171,0.00030724277444106,0.00032187861277947,0.00030724277444106,take_profit,3.2082855575277236,3.1282855575277235,88
1000SATS,short,2024-05-30 15:30:00+00:00,2024-05-30 15:35:00+00:00,2024-05-30 18:40:00+00:00,48870,48871,48908,0.000313,0.00032034857772503337,0.00032034857772503337,0.0002986028445499333,stop,-2.2939317468551046,-2.3739317468551047,38
1000SATS,short,2024-05-31 14:20:00+00:00,2024-05-31 14:25:00+00:00,2024-05-31 14:40:00+00:00,49144,49145,49148,0.0003394,0.0003447273216245409,0.0003447273216245409,0.0003287453567509183,stop,-1.5453726149223246,-1.6253726149223244,4
1000SATS,long,2024-05-31 16:20:00+00:00,2024-05-31 16:25:00+00:00,2024-05-31 19:30:00+00:00,49168,49169,49206,0.000349,0.0003426964444095264,0.0003426964444095264,0.00036160711118094727,stop,-1.806176386955194,-1.8861763869551937,38
1000SATS,short,2024-06-01 14:05:00+00:00,2024-06-01 14:10:00+00:00,2024-06-01 16:40:00+00:00,49429,49430,49460,0.0003211,0.0003234294666056033,0.0003234294666056033,0.0003164410667887934,stop,-0.7202394482021313,-0.8002394482021313,31
1000SATS,short,2024-06-01 16:45:00+00:00,2024-06-01 16:50:00+00:00,2024-06-01 17:10:00+00:00,49461,49462,49466,0.0003212,0.0003230236071990137,0.0003230236071990137,0.0003175527856019726,stop,-0.5645430112140915,-0.6445430112140915,5
1000SATS,short,2024-06-02 14:10:00+00:00,2024-06-02 14:15:00+00:00,2024-06-02 16:30:00+00:00,49718,49719,49746,0.0003253,0.0003213401572041703,0.00032742992139791485,0.0003213401572041703,take_profit,1.232290053718299,1.152290053718299,28
1000SATS,long,2024-06-03 14:25:00+00:00,2024-06-03 14:30:00+00:00,2024-06-03 17:25:00+00:00,50009,50010,50045,0.0003104,0.00031545168941815756,0.00030772415529092123,0.00031545168941815756,take_profit,1.627477261004362,1.547477261004362,36
1000SATS,short,2024-06-04 14:50:00+00:00,2024-06-04 14:55:00+00:00,2024-06-04 15:05:00+00:00,50302,50303,50305,0.0003049,0.00030113489058673044,0.00030678255470663476,0.00030113489058673044,take_profit,1.2503066004519114,1.1703066004519114,3
1000SATS,short,2024-06-04 16:30:00+00:00,2024-06-04 16:35:00+00:00,2024-06-04 18:50:00+00:00,50322,50323,50350,0.0003055,0.0002998471971136318,0.0003081764014431841,0.0002998471971136318,take_profit,1.885227856315752,1.8052278563157522,28
1000SATS,short,2024-06-05 14:10:00+00:00,2024-06-05 14:15:00+00:00,2024-06-05 14:30:00+00:00,50582,50583,50586,0.0003231,0.00032615492189203005,0.00032615492189203005,0.0003169901562159399,stop,-0.9366474908023448,-1.0166474908023448,4
1000SATS,short,2024-06-06 14:15:00+00:00,2024-06-06 14:20:00+00:00,2024-06-06 17:40:00+00:00,50871,50872,50912,0.0003274,0.00032978385942015456,0.00032978385942015456,0.00032263228115969085,stop,-0.7228550919217258,-0.8028550919217259,41
1000SATS,long,2024-06-06 17:50:00+00:00,2024-06-06 17:55:00+00:00,2024-06-06 21:50:00+00:00,50914,50915,50962,0.0003313,0.00032766132668034703,0.00032766132668034703,0.00033857734663930586,stop,-1.098301635874721,-1.1783016358747211,48
1000SATS,short,2024-06-09 14:05:00+00:00,2024-06-09 14:10:00+00:00,2024-06-09 14:20:00+00:00,51733,51734,51736,0.0002871,0.00028923708064503185,0.00028923708064503185,0.00028252583870993624,stop,-0.7388681424476906,-0.8188681424476907,3
1000SATS,short,2024-06-10 14:20:00+00:00,2024-06-10 14:25:00+00:00,2024-06-10 15:45:00+00:00,52024,52025,52041,0.000281,0.0002772650054538092,0.0002830174972730954,0.0002772650054538092,take_profit,1.3470847285893983,1.2670847285893982,17
1000SATS,short,2024-06-12 14:05:00+00:00,2024-06-12 14:10:00+00:00,2024-06-12 14:15:00+00:00,52597,52598,52599,0.0002331,0.0002347121619820798,0.0002347121619820798,0.0002298756760358404,stop,-0.686867680168568,-0.7668676801685681,2
1000SATS,long,2024-06-12 15:20:00+00:00,2024-06-12 15:25:00+00:00,2024-06-12 21:30:00+00:00,52612,52613,52686,0.0002371,0.00024269921802914124,0.00023430039098542937,0.00024269921802914124,take_profit,2.3615428212320655,2.2815428212320654,74
1000SATS,long,2024-06-15 15:05:00+00:00,2024-06-15 15:10:00+00:00,2024-06-15 16:20:00+00:00,53473,53474,53488,0.000213,0.00021527638778248,0.00021186180610876,0.00021527638778248,take_profit,1.0687266584413102,0.9887266584413101,15
1000SATS,long,2024-06-15 19:05:00+00:00,2024-06-15 19:10:00+00:00,2024-06-15 20:05:00+00:00,53521,53522,53533,0.0002132,0.00021146855041269605,0.00021146855041269605,0.0002166628991746079,stop,-0.8121245719061698,-0.8921245719061699,12
1000SATS,short,2024-06-17 14:50:00+00:00,2024-06-17 14:55:00+00:00,2024-06-17 16:10:00+00:00,54046,54047,54062,0.0002084,0.00020377782988833645,0.00021071108505583177,0.00020377782988833645,take_profit,2.2682399327720537,2.1882399327720536,16
1000SATS,long,2024-06-20 14:05:00+00:00,2024-06-20 14:10:00+00:00,2024-06-20 14:55:00+00:00,54901,54902,54911,0.0001703,0.00017414858062666722,0.00016837570968666638,0.00017414858062666722,take_profit,2.2598829281663013,2.1798829281663012,10
1000SATS,short,2024-06-21 14:05:00+00:00,2024-06-21 14:10:00+00:00,2024-06-21 15:15:00+00:00,55189,55190,55203,0.0001693,0.00017143782835968893,0.00017143782835968893,0.00016532434328062214,stop,-1.2469992067349445,-1.3269992067349445,14
1000SATS,short,2024-06-21 16:30:00+00:00,2024-06-21 16:35:00+00:00,2024-06-21 17:05:00+00:00,55218,55219,55225,0.0001701,0.00016612809432422893,0.00017208595283788551,0.00016612809432422893,take_profit,2.390869342074775,2.310869342074775,7
1000SATS,long,2024-06-21 19:00:00+00:00,2024-06-21 19:05:00+00:00,2024-06-21 21:15:00+00:00,55248,55249,55275,0.0001722,0.00017022537523396538,0.00017022537523396538,0.00017614924953206928,stop,-1.1467042776043157,-1.2267042776043158,27
1000SATS,short,2024-06-22 14:05:00+00:00,2024-06-22 14:10:00+00:00,2024-06-22 14:35:00+00:00,55477,55478,55483,0.0001703,0.0001716411260365324,0.0001716411260365324,0.00016761774792693515,stop,-0.7813547181268032,-0.8613547181268033,6
1000SATS,long,2024-06-22 16:20:00+00:00,2024-06-22 16:25:00+00:00,2024-06-22 17:20:00+00:00,55504,55505,55516,0.0001716,0.0001700732292473489,0.0001700732292473489,0.00017465354150530217,stop,-0.8897265458339687,-0.9697265458339688,12
1000SATS,short,2024-06-22 17:50:00+00:00,2024-06-22 17:55:00+00:00,2024-06-22 19:10:00+00:00,55522,55523,55538,0.0001699,0.00017165526603016,0.00017165526603016,0.00016638946793968003,stop,-1.0225529753637663,-1.1025529753637664,16
1000SATS,long,2024-06-23 18:00:00+00:00,2024-06-23 18:05:00+00:00,2024-06-23 18:35:00+00:00,55812,55813,55819,0.0002018,0.00019890611118238624,0.00019890611118238624,0.00020758777763522752,stop,-1.4340380662109853,-1.5140380662109854,7
1000SATS,short,2024-06-24 14:05:00+00:00,2024-06-24 14:10:00+00:00,2024-06-24 18:30:00+00:00,56053,56054,56106,0.0001699,0.00016403778856940537,0.00017283110571529733,0.00016403778856940537,take_profit,3.5736957207968656,3.4936957207968655,53
1000SATS,long,2024-06-25 14:20:00+00:00,2024-06-25 14:25:00+00:00,2024-06-25 14:40:00+00:00,56344,56345,56348,0.0001692,0.00016735377981756357,0.00016735377981756357,0.00017289244036487283,stop,-1.0911466799269576,-1.1711466799269576,4
1000SATS,short,2024-06-26 14:20:00+00:00,2024-06-26 14:25:00+00:00,2024-06-26 15:10:00+00:00,56632,56633,56642,0.000172,0.00017422665046619646,0.00017422665046619646,0.0001678466990676071,stop,-1.278019442053424,-1.3580194420534242,10
1000SATS,long,2024-06-26 16:55:00+00:00,2024-06-26 17:00:00+00:00,2024-06-26 17:10:00+00:00,56663,56664,56666,0.0001763,0.0001742567941610817,0.0001742567941610817,0.0001803864116778366,stop,-1.158936947769884,-1.2389369477698842,3
1000SATS,short,2024-06-26 19:00:00+00:00,2024-06-26 19:05:00+00:00,2024-06-26 21:55:00+00:00,56688,56689,56723,0.0001722,0.0001749290823298391,0.0001749290823298391,0.00016704183534032178,stop,-1.5601078411268565,-1.6401078411268564,35
1000SATS,short,2024-06-27 14:05:00+00:00,2024-06-27 14:10:00+00:00,2024-06-27 16:55:00+00:00,56917,56918,56951,0.0001682,0.00016998508729011323,0.00016998508729011323,0.00016462982541977353,stop,-1.0501434676246757,-1.1301434676246758,34
1000SATS,long,2024-06-27 17:00:00+00:00,2024-06-27 17:05:00+00:00,2024-06-27 18:15:00+00:00,56952,56953,56967,0.0001708,0.00017525231418602584,0.0001685738429069871,0.00017525231418602584,take_profit,2.6067413267130135,2.5267413267130134,15
1000SATS,long,2024-06-28 15:05:00+00:00,2024-06-28 15:10:00+00:00,2024-06-28 16:25:00+00:00,57217,57218,57233,0.0002008,0.00019760148023307704,0.00019760148023307704,0.00020719703953384593,stop,-1.592888330140918,-1.6728883301409179,16
1000SATS,long,2024-06-28 16:55:00+00:00,2024-06-28 17:00:00+00:00,2024-06-28 18:45:00+00:00,57239,57240,57261,0.0002008,0.00020709753103205156,0.00019765123448397422,0.00020709753103205156,take_profit,3.1362206334918152,3.056220633491815,22
1000SATS,short,2024-06-29 14:20:00+00:00,2024-06-29 14:25:00+00:00,2024-06-29 15:00:00+00:00,57496,57497,57504,0.0001905,0.0001922404796863869,0.0001922404796863869,0.00018701904062722619,stop,-0.9053658673897624,-0.9853658673897625,8
1000SATS,long,2024-06-29 15:10:00+00:00,2024-06-29 15:15:00+00:00,2024-06-29 17:20:00+00:00,57506,57507,57532,0.0001934,0.00019078880839219238,0.00019078880839219238,0.0001989223832156152,stop,-1.3501507796316647,-1.4301507796316648,26
1000SATS,short,2024-06-29 18:25:00+00:00,2024-06-29 18:30:00+00:00,2024-06-29 19:50:00+00:00,57545,57546,57562,0.0001905,0.00019206609409692344,0.00019206609409692344,0.0001870678118061531,stop,-0.8153933177467154,-0.8953933177467155,17
1000SATS,short,2024-07-01 14:15:00+00:00,2024-07-01 14:20:00+00:00,2024-07-01 16:35:00+00:00,58071,58072,58099,0.0001912,0.00018827659277930497,0.00019266170361034753,0.00018827659277930497,take_profit,1.5527194206885975,1.4727194206885974,28
1000SATS,short,2024-07-02 14:05:00+00:00,2024-07-02 14:10:00+00:00,2024-07-02 15:20:00+00:00,58357,58358,58372,0.0001834,0.00018508162343548412,0.00018508162343548412,0.0001800367531290318,stop,-0.9085847661533419,-0.988584766153342,15
1000SATS,short,2024-07-02 15:30:00+00:00,2024-07-02 15:35:00+00:00,2024-07-02 23:10:00+00:00,58374,58375,58466,0.0001832,0.0001785595059054813,0.00018552024704725936,0.0001785595059054813,take_profit,2.598850210178738,2.518850210178738,92
1000SATS,long,2024-07-03 14:05:00+00:00,2024-07-03 14:10:00+00:00,2024-07-03 19:30:00+00:00,58645,58646,58710,0.0001787,0.00017578999900578135,0.00017578999900578135,0.00018422000198843732,stop,-1.6284280885387026,-1.7084280885387024,65
1000SATS,long,2024-07-03 19:55:00+00:00,2024-07-03 20:00:00+00:00,2024-07-03 20:05:00+00:00,58715,58716,58717,0.0001777,0.00017595988729795272,0.00017595988729795272,0.0001814802254040946,stop,-0.9792418131948755,-1.0592418131948755,2
1000SATS,short,2024-07-04 15:15:00+00:00,2024-07-04 15:20:00+00:00,2024-07-04 17:35:00+00:00,58947,58948,58975,0.0001648,0.00016202233440926184,0.00016618883279536907,0.00016202233440926184,take_profit,1.7143720344886981,1.6343720344886983,28
1000SATS,short,2024-07-05 15:10:00+00:00,2024-07-05 15:15:00+00:00,2024-07-07 07:10:00+00:00,59234,59235,59714,0.0001201,0.000135181933492541,0.000135181933492541,9.023613301491798e-05,stop,-11.156767108508014,-11.236767108508014,480
1000SATS,long,2024-07-07 14:45:00+00:00,2024-07-07 14:50:00+00:00,2024-07-07 16:20:00+00:00,59805,59806,59824,0.0001312,0.00012909888477224008,0.00012909888477224008,0.0001354022304555198,stop,-1.6014597772560313,-1.6814597772560311,19
1000SATS,long,2024-07-07 18:00:00+00:00,2024-07-07 18:05:00+00:00,2024-07-07 21:00:00+00:00,59844,59845,59880,0.0001313,0.00013445069051592362,0.00012972465474203818,0.00013445069051592362,take_profit,2.3996119694772444,2.3196119694772444,36
1000SATS,long,2024-07-08 14:05:00+00:00,2024-07-08 14:10:00+00:00,2024-07-08 14:20:00+00:00,60085,60086,60088,0.0001639,0.00015959590750618067,0.00015959590750618067,0.00017250818498763866,stop,-2.6260478912869645,-2.7060478912869645,3
1000SATS,short,2024-07-08 16:00:00+00:00,2024-07-08 16:05:00+00:00,2024-07-08 17:10:00+00:00,60108,60109,60122,0.0001535,0.0001597110580771897,0.0001597110580771897,0.00014077788384562058,stop,-3.8889342741614374,-3.9689342741614375,14
1000SATS,long,2024-07-08 18:25:00+00:00,2024-07-08 18:30:00+00:00,2024-07-08 18:45:00+00:00,60137,60138,60141,0.0001638,0.00015885740951746634,0.00015885740951746634,0.0001733851809650673,stop,-3.017454507041306,-3.097454507041306,4
1000SATS,long,2024-07-09 14:25:00+00:00,2024-07-09 14:30:00+00:00,2024-07-09 16:30:00+00:00,60377,60378,60402,0.0001548,0.00016040615685950207,0.00015214692157024896,0.00016040615685950207,take_profit,3.6215483588514674,3.5415483588514673,25
1000SATS,long,2024-07-09 19:30:00+00:00,2024-07-09 19:35:00+00:00,2024-07-09 19:50:00+00:00,60438,60439,60442,0.0001542,0.00015202809380480384,0.00015202809380480384,0.00015884381239039235,stop,-1.4084994780779292,-1.4884994780779293,4
1000SATS,long,2024-07-10 14:05:00+00:00,2024-07-10 14:10:00+00:00,2024-07-10 22:00:00+00:00,60661,60662,60756,0.000179,0.00018919240135268362,0.00017390379932365817,0.00018919240135268362,take_profit,5.694078967979688,5.614078967979688,95
1000SATS,long,2024-07-11 15:45:00+00:00,2024-07-11 15:50:00+00:00,2024-07-11 20:20:00+00:00,60969,60970,61024,0.0001993,0.00019516287003488783,0.00019516287003488783,0.0002072742599302243,stop,-2.075830388917288,-2.155830388917288,55
1000SATS,long,2024-07-12 14:20:00+00:00,2024-07-12 14:25:00+00:00,2024-07-12 15:00:00+00:00,61240,61241,61248,0.0001978,0.00020552753356330657,0.00019378623321834673,0.00020552753356330657,take_profit,3.906740931904218,3.826740931904218,8
1000SATS,short,2024-07-13 16:15:00+00:00,2024-07-13 16:20:00+00:00,2024-07-13 17:15:00+00:00,61551,61552,61563,0.0002046,0.000206608975890231,0.000206608975890231,0.00020058204821953802,stop,-0.9723565404527013,-1.0523565404527013,12
1000SATS,short,2024-07-13 18:30:00+00:00,2024-07-13 18:35:00+00:00,2024-07-13 19:00:00+00:00,61578,61579,61584,0.0002048,0.00020694650764792061,0.00020694650764792061,0.00020050698470415874,stop,-1.037228253966238,-1.1172282539662381,6
1000SATS,short,2024-07-13 19:30:00+00:00,2024-07-13 19:35:00+00:00,2024-07-13 23:00:00+00:00,61590,61591,61632,0.0002047,0.00019786842767647493,0.00020811578616176252,0.00019786842767647493,take_profit,3.452583316978197,3.372583316978197,42
1000SATS,long,2024-07-14 14:45:00+00:00,2024-07-14 14:50:00+00:00,2024-07-14 15:35:00+00:00,61821,61822,61831,0.0002046,0.00020127894447868495,0.00020127894447868495,0.00021094211104263013,stop,-1.6231942919428421,-1.703194291942842,10
1000SATS,short,2024-07-14 16:45:00+00:00,2024-07-14 16:50:00+00:00,2024-07-14 17:50:00+00:00,61845,61846,61858,0.0001967,0.00020025911423382248,0.00020025911423382248,0.00018988177153235507,stop,-1.7772545571468235,-1.8572545571468233,13
1000SATS,long,2024-07-15 14:55:00+00:00,2024-07-15 15:00:00+00:00,2024-07-15 16:00:00+00:00,62111,62112,62124,0.0002137,0.0002072663840719899,0.0002072663840719899,0.00022656723185602017,stop,-3.010583026677627,-3.090583026677627,13
1000SATS,short,2024-07-15 17:50:00+00:00,2024-07-15 17:55:00+00:00,2024-07-15 18:45:00+00:00,62146,62147,62157,0.000204,0.00020702869943080537,0.00020702869943080537,0.00019764260113838925,stop,-1.4629369933407022,-1.5429369933407022,11
1000SATS,long,2024-07-16 14:15:00+00:00,2024-07-16 14:20:00+00:00,2024-07-16 14:25:00+00:00,62391,62392,62393,0.0002581,0.00025466897945313426,0.00025466897945313426,0.00026496204109373143,stop,-1.3293376779797472,-1.4093376779797473,2
1000SATS,short,2024-07-16 14:35:00+00:00,2024-07-16 14:40:00+00:00,2024-07-16 20:20:00+00:00,62395,62396,62464,0.000251,0.00025922455689918346,0.00025922455689918346,0.000234550886201633,stop,-3.1727537689965613,-3.2527537689965613,69
1000SATS,long,2024-07-17 14:05:00+00:00,2024-07-17 14:10:00+00:00,2024-07-17 16:15:00+00:00,62677,62678,62703,0.0002827,0.0002780237815236279,0.0002780237815236279,0.00029205243695274417,stop,-1.65412751198164,-1.73412751198164,26
1000SATS,short,2024-07-17 17:10:00+00:00,2024-07-17 17:15:00+00:00,2024-07-17 17:30:00+00:00,62714,62715,62718,0.0002758,0.0002800794231179787,0.0002800794231179787,0.0002672411537640425,stop,-1.5279319952669623,-1.6079319952669622,4
1000SATS,long,2024-07-20 16:40:00+00:00,2024-07-20 16:45:00+00:00,2024-07-20 18:30:00+00:00,63572,63573,63594,0.0003107,0.00030074394239267807,0.00030074394239267807,0.0003309121152146439,stop,-3.204395753885403,-3.284395753885403,22
1000SATS,long,2024-07-20 18:40:00+00:00,2024-07-20 18:45:00+00:00,2024-07-20 18:50:00+00:00,63596,63597,63598,0.0003048,0.0003012895642705947,0.0003012895642705947,0.00031182087145881053,stop,-1.151717758991233,-1.2317177589912331,2
1000SATS,short,2024-07-21 14:05:00+00:00,2024-07-21 14:10:00+00:00,2024-07-21 14:15:00+00:00,63829,63830,63831,0.0002837,0.0002868499916882924,0.0002868499916882924,0.00027740001662341523,stop,-1.0981320479574341,-1.1781320479574342,2
1000SATS,long,2024-07-21 16:35:00+00:00,2024-07-21 16:40:00+00:00,2024-07-21 19:00:00+00:00,63859,63860,63888,0.0002915,0.0002981421589584423,0.0002880289205207788,0.0002981421589584423,take_profit,2.278613707870436,2.198613707870436,29
1000SATS,short,2024-07-22 14:05:00+00:00,2024-07-22 14:10:00+00:00,2024-07-22 14:45:00+00:00,64117,64118,64125,0.0002921,0.00028674072210046163,0.0002947796389497692,0.00028674072210046163,take_profit,1.8690327136934304,1.7890327136934305,8
1000SATS,short,2024-07-23 14:05:00+00:00,2024-07-23 14:10:00+00:00,2024-07-23 15:35:00+00:00,64405,64406,64423,0.0002616,0.0002527636406582985,0.00026601817967085076,0.0002527636406582985,take_profit,3.495898112041762,3.415898112041762,18
1000SATS,long,2024-07-24 14:05:00+00:00,2024-07-24 14:10:00+00:00,2024-07-24 15:00:00+00:00,64693,64694,64704,0.0002687,0.00026391114554547403,0.00026391114554547403,0.000278277708909052,stop,-1.7822309097603295,-1.8622309097603293,11
1000SATS,long,2024-07-24 16:00:00+00:00,2024-07-24 16:05:00+00:00,2024-07-24 16:30:00+00:00,64716,64717,64722,0.0002681,0.00026482690968013055,0.00026482690968013055,0.0002746461806397389,stop,-1.2208468183026677,-1.3008468183026678,6
1000SATS,long,2024-07-24 16:45:00+00:00,2024-07-24 16:50:00+00:00,2024-07-24 19:20:00+00:00,64725,64726,64756,0.0002686,0.00026461830604662613,0.00026461830604662613,0.0002765633879067478,stop,-1.482387920094519,-1.562387920094519,31
1000SATS,long,2024-07-25 18:10:00+00:00,2024-07-25 18:15:00+00:00,2024-07-25 19:15:00+00:00,65030,65031,65043,0.0002874,0.0002839575091447327,0.0002839575091447327,0.00029458498171053456,stop,-1.1978047513108159,-1.277804751310816,13
1000SATS,long,2024-07-25 19:50:00+00:00,2024-07-25 19:55:00+00:00,2024-07-25 21:30:00+00:00,65050,65051,65070,0.0002878,0.00028260289743134144,0.00028260289743134144,0.0002981942051373171,stop,-1.8058035332378597,-1.8858035332378595,20
1000SATS,long,2024-07-26 14:15:00+00:00,2024-07-26 14:20:00+00:00,2024-07-26 14:55:00+00:00,65271,65272,65279,0.0003321,0.00032630842738503934,0.00032630842738503934,0.0003433831452299213,stop,-1.7439243044145347,-1.8239243044145346,8
1000SATS,long,2024-07-26 15:05:00+00:00,2024-07-26 15:10:00+00:00,2024-07-26 18:00:00+00:00,65281,65282,65316,0.0003309,0.00032618968724204393,0.00032618968724204393,0.0003406206255159122,stop,-1.4234852698567835,-1.5034852698567835,35
1000SATS,long,2024-07-26 18:15:00+00:00,2024-07-26 18:20:00+00:00,2024-07-26 18:55:00+00:00,65319,65320,65327,0.0003306,0.00032700837221212586,0.00032700837221212586,0.0003377832555757483,stop,-1.086396790040578,-1.166396790040578,8
1000SATS,short,2024-07-27 14:15:00+00:00,2024-07-27 14:20:00+00:00,2024-07-27 16:05:00+00:00,65559,65560,65581,0.0003195,0.0003216031458591577,0.0003216031458591577,0.0003149937082816846,stop,-0.6539568677225382,-0.7339568677225383,22
1000SATS,long,2024-07-27 16:25:00+00:00,2024-07-27 16:30:00+00:00,2024-07-27 16:55:00+00:00,65585,65586,65591,0.0003223,0.0003195864383833473,0.0003195864383833473,0.0003277271232333053,stop,-0.8419365859921313,-0.9219365859921314,6
1000SATS,short,2024-07-27 17:10:00+00:00,2024-07-27 17:15:00+00:00,2024-07-27 17:40:00+00:00,65594,65595,65600,0.0003191,0.0003143756803037797,0.00032131215984811015,0.0003143756803037797,take_profit,1.5027624565790765,1.4227624565790764,6
1000SATS,long,2024-07-28 14:50:00+00:00,2024-07-28 14:55:00+00:00,2024-07-28 22:40:00+00:00,65854,65855,65948,0.0003211,0.00031331905882720754,0.00031331905882720754,0.0003363618823455849,stop,-2.4232143172819853,-2.5032143172819854,94
1000SATS,long,2024-07-29 14:55:00+00:00,2024-07-29 15:00:00+00:00,2024-07-29 16:00:00+00:00,66143,66144,66156,0.0003134,0.000309999557431953,0.000309999557431953,0.0003202008851360939,stop,-1.0850167734674399,-1.16501677346744,13
1000SATS,long,2024-07-29 16:35:00+00:00,2024-07-29 16:40:00+00:00,2024-07-29 16:50:00+00:00,66163,66164,66166,0.0003121,0.0003095611297519824,0.0003095611297519824,0.0003174777404960352,stop,-0.8134797334244159,-0.893479733424416,3
1000SATS,short,2024-07-29 18:15:00+00:00,2024-07-29 18:20:00+00:00,2024-07-29 20:00:00+00:00,66183,66184,66204,0.0003078,0.0003019379900445043,0.00031058100497774786,0.0003019379900445043,take_profit,1.9414615413686942,1.8614615413686944,21
1000SATS,short,2024-07-30 16:20:00+00:00,2024-07-30 16:25:00+00:00,2024-07-30 17:15:00+00:00,66448,66449,66459,0.0002935,0.00029539461992859266,0.00029539461992859266,0.0002897107601428146,stop,-0.641386064868299,-0.721386064868299,11
1000SATS,long,2024-07-30 17:35:00+00:00,2024-07-30 17:40:00+00:00,2024-07-30 19:05:00+00:00,66463,66464,66481,0.0002979,0.0002942741669799617,0.0002942741669799617,0.0003054516660400765,stop,-1.2171309231414074,-1.2971309231414074,18
1000SATS,long,2024-07-30 19:25:00+00:00,2024-07-30 19:30:00+00:00,2024-07-30 21:15:00+00:00,66485,66486,66507,0.0002972,0.0002946927602523646,0.0002946927602523646,0.0003025144794952709,stop,-0.8436203726902569,-0.923620372690257,22
1000SATS,long,2024-07-31 14:45:00+00:00,2024-07-31 14:50:00+00:00,2024-07-31 18:40:00+00:00,66717,66718,66764,0.0002959,0.00029196039317948004,0.00029196039317948004,0.00030377921364103987,stop,-1.3313980468130926,-1.4113980468130927,47
1000SATS,short,2024-07-31 19:35:00+00:00,2024-07-31 19:40:00+00:00,2024-07-31 20:10:00+00:00,66775,66776,66782,0.0002887,0.00029088157583260387,0.00029088157583260387,0.0002840368483347923,stop,-0.7499876285940177,-0.8299876285940178,7
1000SATS,short,2024-08-03 16:15:00+00:00,2024-08-03 16:20:00+00:00,2024-08-03 16:30:00+00:00,67599,67600,67602,0.0002479,0.0002497387739229019,0.0002497387739229019,0.00024392245215419623,stop,-0.736278910166166,-0.816278910166166,3
1000SATS,short,2024-08-03 16:40:00+00:00,2024-08-03 16:45:00+00:00,2024-08-03 17:40:00+00:00,67604,67605,67616,0.0002476,0.0002421629935214643,0.00025046850323926786,0.0002421629935214643,take_profit,2.245184699558056,2.165184699558056,12
1000SATS,short,2024-08-03 18:35:00+00:00,2024-08-03 18:40:00+00:00,2024-08-03 20:00:00+00:00,67627,67628,67644,0.0002466,0.00024999092995577906,0.00024999092995577906,0.0002398181400884418,stop,-1.3564211935124582,-1.4364211935124582,17
1000SATS,long,2024-08-04 14:35:00+00:00,2024-08-04 14:40:00+00:00,2024-08-04 14:50:00+00:00,67867,67868,67870,0.0002321,0.0002297382215089229,0.0002297382215089229,0.00023682355698215424,stop,-1.0175693628078908,-1.0975693628078909,3
1000SATS,long,2024-08-04 15:20:00+00:00,2024-08-04 15:25:00+00:00,2024-08-04 16:35:00+00:00,67876,67877,67891,0.0002322,0.0002296011096820576,0.0002296011096820576,0.0002373977806358848,stop,-1.1192464762887155,-1.1992464762887156,15
1000SATS,long,2024-08-04 17:25:00+00:00,2024-08-04 17:30:00+00:00,2024-08-04 22:05:00+00:00,67901,67902,67957,0.0002334,0.00022888688368573378,0.00022888688368573378,0.00024242623262853247,stop,-1.9336402374748207,-2.013640237474821,56
1000SATS,short,2024-08-05 14:05:00+00:00,2024-08-05 14:10:00+00:00,2024-08-05 15:20:00+00:00,68149,68150,68164,0.0001707,0.00016057569418421728,0.00017576215290789136,0.00016057569418421728,take_profit,6.305005167324884,6.225005167324884,15
1000SATS,short,2024-08-05 16:50:00+00:00,2024-08-05 16:55:00+00:00,2024-08-05 20:05:00+00:00,68182,68183,68221,0.0001703,0.0001598938348159998,0.00017565308259200009,0.0001598938348159998,take_profit,6.508171622736558,6.428171622736559,39
1000SATS,long,2024-08-06 14:15:00+00:00,2024-08-06 14:20:00+00:00,2024-08-06 16:10:00+00:00,68439,68440,68462,0.0002257,0.00022137100939833426,0.00022137100939833426,0.0002343579812033315,stop,-1.9180286228027255,-1.9980286228027253,23
1000SATS,long,2024-08-07 14:05:00+00:00,2024-08-07 14:10:00+00:00,2024-08-07 14:20:00+00:00,68725,68726,68728,0.0002371,0.0002334314201017894,0.0002334314201017894,0.0002444371597964211,stop,-1.5472711506581915,-1.6272711506581914,3
1000SATS,short,2024-08-07 14:40:00+00:00,2024-08-07 14:45:00+00:00,2024-08-07 23:35:00+00:00,68732,68733,68839,0.0002296,0.0002171196502867654,0.0002356901748566173,0.0002171196502867654,take_profit,5.748143798477434,5.668143798477434,107
1000SATS,long,2024-08-08 15:20:00+00:00,2024-08-08 15:25:00+00:00,2024-08-08 21:15:00+00:00,69028,69029,69099,0.0002436,0.0002403453929072965,0.0002403453929072965,0.00025010921418540703,stop,-1.3360456045580893,-1.4160456045580894,71
1000SATS,short,2024-08-09 15:25:00+00:00,2024-08-09 15:30:00+00:00,2024-08-09 15:35:00+00:00,69317,69318,69319,0.000244,0.0002460028406776911,0.0002460028406776911,0.00023999431864461782,stop,-0.8141534756971325,-0.8941534756971325,2
1000SATS,short,2024-08-09 18:35:00+00:00,2024-08-09 18:40:00+00:00,2024-08-09 23:05:00+00:00,69355,69356,69409,0.0002439,0.00024702507742067973,0.00024702507742067973,0.00023764984515864052,stop,-1.2650850890566834,-1.3450850890566834,54
1000SATS,long,2024-08-10 15:15:00+00:00,2024-08-10 15:20:00+00:00,2024-08-10 21:10:00+00:00,69603,69604,69674,0.0002548,0.0002522041517839418,0.0002522041517839418,0.0002599916964321164,stop,-1.0187787347167188,-1.0987787347167188,71
1000SATS,long,2024-08-11 18:00:00+00:00,2024-08-11 18:05:00+00:00,2024-08-11 18:25:00+00:00,69924,69925,69929,0.0002766,0.0002737700606841509,0.0002737700606841509,0.0002825598786316982,stop,-1.0231161662505817,-1.1031161662505817,5
1000SATS,long,2024-08-12 14:10:00+00:00,2024-08-12 14:15:00+00:00,2024-08-12 15:20:00+00:00,70166,70167,70180,0.0002637,0.0002606956912481423,0.0002606956912481423,0.00026970861750371544,stop,-1.1392903875076632,-1.2192903875076633,14
1000SATS,long,2024-08-12 16:30:00+00:00,2024-08-12 16:35:00+00:00,2024-08-12 20:50:00+00:00,70194,70195,70246,0.0002667,0.0002809507711089434,0.00025942461444552827,0.0002809507711089434,take_profit,5.343371244448214,5.263371244448214,52
1000SATS,short,2024-08-13 14:15:00+00:00,2024-08-13 14:20:00+00:00,2024-08-13 14:25:00+00:00,70455,70456,70457,0.0003081,0.0003114176334232874,0.0003114176334232874,0.0003017647331534253,stop,-1.065332552565501,-1.1453325525655011,2
1000SATS,long,2024-08-13 15:15:00+00:00,2024-08-13 15:20:00+00:00,2024-08-13 22:30:00+00:00,70467,70468,70554,0.0003126,0.00031940170335891915,0.00030919914832054044,0.00031940170335891915,take_profit,2.1758488032370904,2.0958488032370903,87
1000SATS,short,2024-08-14 19:50:00+00:00,2024-08-14 19:55:00+00:00,2024-08-14 21:55:00+00:00,70810,70811,70835,0.0003165,0.0003088315282287827,0.00032033423588560865,0.0003088315282287827,take_profit,2.483059879021332,2.403059879021332,25
1000SATS,short,2024-08-15 14:15:00+00:00,2024-08-15 14:20:00+00:00,2024-08-15 15:35:00+00:00,71031,71032,71047,0.0003066,0.00029313795311158684,0.0003133310234442066,0.00029313795311158684,take_profit,4.592393016843066,4.512393016843066,16
1000SATS,short,2024-08-16 14:05:00+00:00,2024-08-16 14:10:00+00:00,2024-08-16 15:05:00+00:00,71317,71318,71329,0.0002862,0.00028887300664463936,0.00028887300664463936,0.00028085398671072134,stop,-0.9253224022857776,-1.0053224022857776,12
1000SATS,long,2024-08-16 15:20:00+00:00,2024-08-16 15:25:00+00:00,2024-08-16 16:00:00+00:00,71332,71333,71340,0.0002911,0.0002879479302169346,0.0002879479302169346,0.0002974041395661307,stop,-1.082813391640458,-1.1628133916404582,8
1000SATS,short,2024-08-16 16:20:00+00:00,2024-08-16 16:25:00+00:00,2024-08-16 16:40:00+00:00,71344,71345,71348,0.0002863,0.0002882868037150565,0.0002882868037150565,0.0002823263925698871,stop,-0.6891760876506225,-0.7691760876506226,4
1000SATS,long,2024-08-17 14:15:00+00:00,2024-08-17 14:20:00+00:00,2024-08-17 18:45:00+00:00,71607,71608,71661,0.000292,0.00028703438135566794,0.00028703438135566794,0.0003016312372886641,stop,-1.7005543302507031,-1.780554330250703,54
1000SATS,short,2024-08-18 15:30:00+00:00,2024-08-18 15:35:00+00:00,2024-08-18 16:00:00+00:00,71910,71911,71916,0.0002802,0.0002827505577173935,0.0002827505577173935,0.00027539888456521296,stop,-0.9020522321808389,-0.9820522321808389,6
1000SATS,long,2024-08-18 16:35:00+00:00,2024-08-18 16:40:00+00:00,2024-08-18 17:15:00+00:00,71923,71924,71931,0.0002835,0.00028124222304638677,0.00028124222304638677,0.0002880155539072265,stop,-0.7963939871651671,-0.8763939871651671,8
1000SATS,short,2024-08-18 17:25:00+00:00,2024-08-18 17:30:00+00:00,2024-08-18 17:45:00+00:00,71933,71934,71937,0.0002802,0.0002818859336908601,0.0002818859336908601,0.00027652813261827975,stop,-0.5980907485469089,-0.678090748546909,4
1000SATS,short,2024-08-19 14:15:00+00:00,2024-08-19 14:20:00+00:00,2024-08-19 17:05:00+00:00,72183,72184,72217,0.0002873,0.0002892633668778475,0.0002892633668778475,0.000283373266244305,stop,-0.6787471566272019,-0.7587471566272019,34
1000SATS,short,2024-08-19 17:10:00+00:00,2024-08-19 17:15:00+00:00,2024-08-19 20:25:00+00:00,72218,72219,72257,0.0002869,0.0002791914026243219,0.000290604298687839,0.0002791914026243219,take_profit,2.7610439659743857,2.6810439659743857,39
1000SATS,long,2024-08-20 14:10:00+00:00,2024-08-20 14:15:00+00:00,2024-08-20 16:00:00+00:00,72470,72471,72492,0.0002981,0.0002943357516130236,0.0002943357516130236,0.0003053284967739527,stop,-1.2627468590997504,-1.3427468590997504,22
1000SATS,long,2024-08-20 16:25:00+00:00,2024-08-20 16:30:00+00:00,2024-08-20 17:30:00+00:00,72497,72498,72510,0.0002966,0.00029346251527341874,0.00029346251527341874,0.0003028749694531625,stop,-1.0578168329673843,-1.1378168329673843,13
1000SATS,long,2024-08-20 19:00:00+00:00,2024-08-20 19:05:00+00:00,2024-08-20 19:45:00+00:00,72528,72529,72537,0.0002966,0.00030189731417573103,0.0002939513429121345,0.00030189731417573103,take_profit,1.786012871116327,1.7060128711163272,9
1000SATS,long,2024-08-21 14:55:00+00:00,2024-08-21 15:00:00+00:00,2024-08-21 16:20:00+00:00,72767,72768,72784,0.0003048,0.0003140293830030496,0.0003003353084984752,0.0003140293830030496,take_profit,3.028012796276114,2.948012796276114,17
1000SATS,long,2024-08-21 19:15:00+00:00,2024-08-21 19:20:00+00:00,2024-08-21 21:05:00+00:00,72819,72820,72841,0.0003029,0.0002995582957324444,0.0002995582957324444,0.00030958340853511117,stop,-1.103236800117391,-1.183236800117391,22
1000SATS,long,2024-08-25 14:10:00+00:00,2024-08-25 14:15:00+00:00,2024-08-25 15:05:00+00:00,73910,73911,73921,0.0004021,0.0003979865771970708,0.0003979865771970708,0.0004100268456058584,stop,-1.0229850293283271,-1.1029850293283272,11
1000SATS,long,2024-08-25 15:35:00+00:00,2024-08-25 15:40:00+00:00,2024-08-25 16:00:00+00:00,73927,73928,73932,0.0004016,0.00039683390597346246,0.00039683390597346246,0.0004108321880530751,stop,-1.186776401030265,-1.2667764010302651,5
1000SATS,short,2024-08-25 16:10:00+00:00,2024-08-25 16:15:00+00:00,2024-08-25 17:40:00+00:00,73934,73935,73952,0.0003928,0.0003990720744027994,0.0003990720744027994,0.00038055585119440124,stop,-1.5716645701620124,-1.6516645701620123,18
1000SATS,short,2024-08-26 14:25:00+00:00,2024-08-26 14:30:00+00:00,2024-08-26 14:35:00+00:00,74201,74202,74203,0.0003958,0.00039815822247443717,0.00039815822247443717,0.00039078355505112574,stop,-0.5922827512594098,-0.6722827512594098,2
1000SATS,short,2024-08-26 14:55:00+00:00,2024-08-26 15:00:00+00:00,2024-08-26 15:55:00+00:00,74207,74208,74219,0.0003957,0.00038902933759434434,0.00039903533120282786,0.00038902933759434434,take_profit,1.7146939217760115,1.6346939217760117,12
1000SATS,long,2024-08-27 14:15:00+00:00,2024-08-27 14:20:00+00:00,2024-08-27 15:20:00+00:00,74487,74488,74500,0.0003676,0.00036440400267972306,0.00036440400267972306,0.00037369199464055384,stop,-0.8694225572026482,-0.9494225572026482,13
1000SATS,short,2024-08-28 15:20:00+00:00,2024-08-28 15:25:00+00:00,2024-08-28 17:00:00+00:00,74788,74789,74808,0.000316,0.00030836451816066383,0.00031966774091966805,0.00030836451816066383,take_profit,2.476122053497054,2.396122053497054,20
1000SATS,short,2024-08-28 17:40:00+00:00,2024-08-28 17:45:00+00:00,2024-08-28 18:40:00+00:00,74816,74817,74828,0.0003163,0.0003192177472870543,0.0003192177472870543,0.0003107645054258914,stop,-0.9140304108563702,-0.9940304108563702,12
1000SATS,long,2024-08-29 14:15:00+00:00,2024-08-29 14:20:00+00:00,2024-08-29 18:50:00+00:00,75063,75064,75118,0.0003065,0.00030207989214097944,0.00030207989214097944,0.0003153402157180412,stop,-1.4421232818990437,-1.5221232818990438,55
1000SATS,long,2024-08-29 19:10:00+00:00,2024-08-29 19:15:00+00:00,2024-08-29 23:00:00+00:00,75122,75123,75168,0.0003065,0.0003139842941940309,0.0003027578529029846,0.0003139842941940309,take_profit,2.44185781208186,2.36185781208186,46
1000SATS,short,2024-08-30 14:05:00+00:00,2024-08-30 14:10:00+00:00,2024-08-30 14:50:00+00:00,75349,75350,75358,0.0002923,0.0002948565541909826,0.0002948565541909826,0.00028718689161803476,stop,-0.8670501485026239,-0.9470501485026239,9
1000SATS,short,2024-08-30 14:55:00+00:00,2024-08-30 15:00:00+00:00,2024-08-30 15:10:00+00:00,75359,75360,75362,0.0002928,0.00029621329332003913,0.00029621329332003913,0.00028567341335992177,stop,-1.1523092977300253,-1.2323092977300254,3
1000SATS,short,2024-09-01 14:05:00+00:00,2024-09-01 14:10:00+00:00,2024-09-01 14:50:00+00:00,75925,75926,75934,0.0002876,0.0002838722434033644,0.0002896138782983178,0.0002838722434033644,take_profit,1.3131810817229805,1.2331810817229805,9
1000SATS,short,2024-09-01 17:00:00+00:00,2024-09-01 17:05:00+00:00,2024-09-01 18:15:00+00:00,75960,75961,75975,0.0002881,0.00029110562120148104,0.00029110562120148104,0.00028208875759703795,stop,-1.0324847692998573,-1.1124847692998574,15
1000SATS,long,2024-09-01 19:40:00+00:00,2024-09-01 19:45:00+00:00,2024-09-01 19:55:00+00:00,75992,75993,75995,0.0002919,0.00028808817577659097,0.00028808817577659097,0.00029952364844681805,stop,-1.305866469136363,-1.3858664691363631,3
1000SATS,short,2024-09-02 16:45:00+00:00,2024-09-02 16:50:00+00:00,2024-09-02 17:10:00+00:00,76245,76246,76250,0.0002695,0.0002716225809056116,0.0002716225809056116,0.0002652548381887768,stop,-0.7814449367702592,-0.8614449367702592,5
1000SATS,short,2024-09-03 15:10:00+00:00,2024-09-03 15:15:00+00:00,2024-09-03 16:05:00+00:00,76514,76515,76525,0.0003085,0.0003113240381093319,0.0003113240381093319,0.00030285192378133623,stop,-0.907105704552158,-0.9871057045521581,11
1000SATS,short,2024-09-03 17:35:00+00:00,2024-09-03 17:40:00+00:00,2024-09-03 19:20:00+00:00,76543,76544,76564,0.0003089,0.0003135450296229891,0.0003135450296229891,0.0002996099407540217,stop,-1.4814553522262464,-1.5614553522262464,21
1000SATS,short,2024-09-04 14:10:00+00:00,2024-09-04 14:15:00+00:00,2024-09-04 14:35:00+00:00,76790,76791,76795,0.0002871,0.00028220308797794684,0.00028954845601102656,0.00028220308797794684,take_profit,1.7352439539697118,1.655243953969712,5
1000SATS,short,2024-09-04 16:50:00+00:00,2024-09-04 16:55:00+00:00,2024-09-04 19:45:00+00:00,76822,76823,76857,0.0002864,0.0002803620653056677,0.0002894189673471662,0.0002803620653056677,take_profit,2.1536204221314303,2.0736204221314303,35
1000SATS,short,2024-09-05 15:20:00+00:00,2024-09-05 15:25:00+00:00,2024-09-05 16:10:00+00:00,77092,77093,77102,0.0002971,0.0003022944334357067,0.0003022944334357067,0.00028641113312858664,stop,-1.7183357882808892,-1.798335788280889,10
1000SATS,long,2024-09-06 19:30:00+00:00,2024-09-06 19:35:00+00:00,2024-09-06 20:25:00+00:00,77430,77431,77441,0.0003089,0.0003055553768964422,0.0003055553768964422,0.00031528924620711563,stop,-1.0827527042919227,-1.1627527042919228,11
1000SATS,long,2024-09-07 16:30:00+00:00,2024-09-07 16:35:00+00:00,2024-09-07 16:40:00+00:00,77682,77683,77684,0.0003114,0.00030748401374850853,0.00030748401374850853,0.0003195319725029829,stop,-1.2575421488411842,-1.3375421488411843,2
1000SATS,long,2024-09-07 17:10:00+00:00,2024-09-07 17:15:00+00:00,2024-09-07 19:15:00+00:00,77690,77691,77715,0.0003099,0.00031878564318294444,0.0003054571784085278,0.00031878564318294444,take_profit,2.867261433670354,2.787261433670354,25
1000SATS,short,2024-09-08 14:20:00+00:00,2024-09-08 14:25:00+00:00,2024-09-08 20:20:00+00:00,77944,77945,78016,0.0003327,0.0003251395271596127,0.00033633023642019367,0.0003251395271596127,take_profit,2.3253010504243887,2.2453010504243887,72
1000SATS,short,2024-09-09 14:15:00+00:00,2024-09-09 14:20:00+00:00,2024-09-09 17:05:00+00:00,78231,78232,78265,0.0003069,0.0003112202274131247,0.0003112202274131247,0.00029825954517375054,stop,-1.3881576557650654,-1.4681576557650655,34
1000SATS,short,2024-09-09 18:15:00+00:00,2024-09-09 18:20:00+00:00,2024-09-09 23:20:00+00:00,78279,78280,78340,0.0003072,0.0003000040003116183,0.00031064799984419084,0.0003000040003116183,take_profit,2.3986345785079966,2.3186345785079965,61
1000SATS,long,2024-09-10 14:25:00+00:00,2024-09-10 14:30:00+00:00,2024-09-10 14:40:00+00:00,78521,78522,78524,0.0003125,0.00031602308613262704,0.0003107384569336865,0.00031602308613262704,take_profit,1.1273875624406404,1.0473875624406404,3
1000SATS,long,2024-09-10 17:45:00+00:00,2024-09-10 17:50:00+00:00,2024-09-10 22:05:00+00:00,78561,78562,78613,0.0003129,0.000309528556490923,0.000309528556490923,0.00031964288701815405,stop,-1.077482744991054,-1.157482744991054,52
1000SATS,short,2024-09-11 14:10:00+00:00,2024-09-11 14:15:00+00:00,2024-09-11 15:40:00+00:00,78806,78807,78824,0.0002959,0.00030156895645122757,0.00030156895645122757,0.0002845620870975448,stop,-1.8798209596697757,-1.9598209596697755,18
1000SATS,short,2024-09-11 17:10:00+00:00,2024-09-11 17:15:00+00:00,2024-09-11 18:20:00+00:00,78842,78843,78856,0.0002985,0.00030032648802243687,0.00030032648802243687,0.0002945470239551262,stop,-0.6081674761569622,-0.6881674761569623,14
1000SATS,short,2024-09-11 19:05:00+00:00,2024-09-11 19:10:00+00:00,2024-09-11 20:10:00+00:00,78865,78866,78878,0.0002982,0.0002998941010086297,0.0002998941010086297,0.0002948117979827405,stop,-0.5648997439202663,-0.6448997439202664,13
1000SATS,long,2024-09-12 16:25:00+00:00,2024-09-12 16:30:00+00:00,2024-09-12 17:00:00+00:00,79121,79122,79128,0.0003096,0.00031427710518254183,0.00030726144740872907,0.00031427710518254183,take_profit,1.5106928884179194,1.4306928884179193,7
1000SATS,short,2024-09-13 15:35:00+00:00,2024-09-13 15:40:00+00:00,2024-09-13 16:20:00+00:00,79399,79400,79408,0.0003091,0.00031048067133050195,0.00031048067133050195,0.00030663865733899603,stop,-0.44468833585852297,-0.524688335858523,9
1000SATS,short,2024-09-13 16:35:00+00:00,2024-09-13 16:40:00+00:00,2024-09-13 16:55:00+00:00,79411,79412,79415,0.000309,0.0003107459925654819,0.0003107459925654819,0.0003055080148690361,stop,-0.561871305585393,-0.6418713055853931,4
1000SATS,long,2024-09-13 17:25:00+00:00,2024-09-13 17:30:00+00:00,2024-09-13 17:45:00+00:00,79421,79422,79425,0.0003119,0.00031041695297597644,0.00031041695297597644,0.0003148660940480471,stop,-0.475487984618006,-0.5554879846180061,4
1000SATS,short,2024-09-15 14:55:00+00:00,2024-09-15 15:00:00+00:00,2024-09-15 16:20:00+00:00,79967,79968,79984,0.0003069,0.0003089958557057175,0.0003089958557057175,0.00030270828858856494,stop,-0.6782795519799989,-0.758279551979999,17
1000SATS,short,2024-09-15 17:00:00+00:00,2024-09-15 17:05:00+00:00,2024-09-15 17:30:00+00:00,79992,79993,79998,0.0003072,0.00030202584209612936,0.0003096370789519353,0.00030202584209612936,take_profit,1.7131507251037847,1.633150725103785,6
1000SATS,long,2024-09-17 14:30:00+00:00,2024-09-17 14:35:00+00:00,2024-09-17 15:15:00+00:00,80538,80539,80547,0.0002925,0.0002906674334466714,0.0002906674334466714,0.00029586513310665723,stop,-0.6265184797704659,-0.706518479770466,9
1000SATS,long,2024-09-17 17:00:00+00:00,2024-09-17 17:05:00+00:00,2024-09-17 17:25:00+00:00,80568,80569,80573,0.000292,0.0002893927974895206,0.0002893927974895206,0.00029721440502095874,stop,-0.8928775720819737,-0.9728775720819738,5
1000SATS,short,2024-09-17 18:10:00+00:00,2024-09-17 18:15:00+00:00,2024-09-17 22:45:00+00:00,80582,80583,80637,0.0002882,0.0002819915574216831,0.0002913042212891585,0.0002819915574216831,take_profit,2.2016412956055165,2.1216412956055164,55
1000SATS,short,2024-09-18 14:05:00+00:00,2024-09-18 14:10:00+00:00,2024-09-18 16:30:00+00:00,80821,80822,80850,0.0002885,0.0002903494536219202,0.0002903494536219202,0.00028480109275615963,stop,-0.6369750653391848,-0.7169750653391849,29
1000SATS,short,2024-09-18 17:05:00+00:00,2024-09-18 17:10:00+00:00,2024-09-18 18:10:00+00:00,80857,80858,80870,0.0002882,0.00028430679470392627,0.0002899966026480369,0.00028430679470392627,take_profit,1.3693676579654257,1.2893676579654256,13
1000SATS,long,2024-09-19 14:10:00+00:00,2024-09-19 14:15:00+00:00,2024-09-19 14:45:00+00:00,81110,81111,81117,0.0003018,0.00029730842678657297,0.00029730842678657297,0.0003104831464268541,stop,-1.488261502129573,-1.568261502129573,7
1000SATS,long,2024-09-20 15:50:00+00:00,2024-09-20 15:55:00+00:00,2024-09-20 16:15:00+00:00,81418,81419,81423,0.0003133,0.00030918832422963783,0.00030918832422963783,0.00032182335154072426,stop,-1.31237656251586,-1.3923765625158602,5
1000SATS,short,2024-09-20 18:55:00+00:00,2024-09-20 19:00:00+00:00,2024-09-20 20:25:00+00:00,81455,81456,81473,0.0003034,0.00029801179548142974,0.00030624410225928514,0.00029801179548142974,take_profit,1.808050755127244,1.7280507551272442,18
1000SATS,short,2024-09-22 14:10:00+00:00,2024-09-22 14:15:00+00:00,2024-09-22 18:50:00+00:00,81974,81975,82030,0.0003025,0.00029673623311429097,0.0003053818834428545,0.00029673623311429097,take_profit,1.9423872929899444,1.8623872929899445,56
1000SATS,long,2024-09-24 15:15:00+00:00,2024-09-24 15:20:00+00:00,2024-09-24 18:35:00+00:00,82563,82564,82603,0.0002946,0.00029244994013769975,0.00029244994013769975,0.0002986001197246005,stop,-0.7298234427359995,-0.8098234427359996,40
1000SATS,long,2024-09-24 19:20:00+00:00,2024-09-24 19:25:00+00:00,2024-09-24 20:00:00+00:00,82612,82613,82620,0.000294,0.00029256331123083193,0.00029256331123083193,0.0002968733775383361,stop,-0.48866964937689383,-0.5686696493768939,8
1000SATS,long,2024-09-25 15:40:00+00:00,2024-09-25 15:45:00+00:00,2024-09-25 15:55:00+00:00,82856,82857,82859,0.000315,0.0003106922248533704,0.0003106922248533704,0.00032361555029325923,stop,-1.3675476655967023,-1.4475476655967023,3
1000SATS,long,2024-09-25 16:35:00+00:00,2024-09-25 16:40:00+00:00,2024-09-25 17:20:00+00:00,82867,82868,82876,0.0003138,0.00030924696184723093,0.00030924696184723093,0.0003226060763055381,stop,-1.4509363138206055,-1.5309363138206056,9
1000SATS,long,2024-09-27 15:10:00+00:00,2024-09-27 15:15:00+00:00,2024-09-27 17:10:00+00:00,83426,83427,83450,0.0003439,0.0003514169692818949,0.0003402915153590526,0.0003514169692818949,take_profit,2.185800896160184,2.1058008961601837,24
1000SATS,long,2024-09-27 19:20:00+00:00,2024-09-27 19:25:00+00:00,2024-09-27 20:20:00+00:00,83476,83477,83488,0.0003442,0.0003401989432493291,0.0003401989432493291,0.0003522021135013418,stop,-1.1624220658544182,-1.2424220658544183,12
1000SATS,short,2024-09-29 15:15:00+00:00,2024-09-29 15:20:00+00:00,2024-09-29 16:20:00+00:00,84003,84004,84016,0.0003353,0.0003269632311005761,0.00033946838444971197,0.0003269632311005761,take_profit,2.549757314105894,2.4697573141058937,13
1000SATS,short,2024-09-30 18:50:00+00:00,2024-09-30 18:55:00+00:00,2024-09-30 19:10:00+00:00,84334,84335,84338,0.0003244,0.0003179090260006374,0.0003274954869996813,0.0003179090260006374,take_profit,2.041770905664575,1.9617709056645751,4
1000SATS,long,2024-10-01 16:35:00+00:00,2024-10-01 16:40:00+00:00,2024-10-01 17:35:00+00:00,84595,84596,84607,0.0003187,0.00031595599542563025,0.00031595599542563025,0.0003241880091487395,stop,-0.8609992388985743,-0.9409992388985744,12
1000SATS,long,2024-10-01 19:55:00+00:00,2024-10-01 20:00:00+00:00,2024-10-01 20:20:00+00:00,84635,84636,84640,0.0003184,0.00031698331143434105,0.00031698331143434105,0.00032123337713131785,stop,-0.4449398761491641,-0.5249398761491642,5
1000SATS,short,2024-10-02 18:40:00+00:00,2024-10-02 18:45:00+00:00,2024-10-02 22:50:00+00:00,84908,84909,84958,0.0002651,0.0002690297908029711,0.0002690297908029711,0.00025754041839405774,stop,-1.4607270039655895,-1.5407270039655896,50
1000SATS,short,2024-10-03 14:30:00+00:00,2024-10-03 14:35:00+00:00,2024-10-03 16:50:00+00:00,85146,85147,85174,0.0002543,0.00025068045198657174,0.00025625977400671414,0.00025068045198657174,take_profit,1.4438892162290218,1.3638892162290217,28
1000SATS,long,2024-10-04 14:40:00+00:00,2024-10-04 14:45:00+00:00,2024-10-04 15:00:00+00:00,85436,85437,85440,0.0002571,0.0002554125208998689,0.0002554125208998689,0.0002607749582002622,stop,-0.6563512641505564,-0.7363512641505565,4
1000SATS,long,2024-10-04 15:20:00+00:00,2024-10-04 15:25:00+00:00,2024-10-04 15:55:00+00:00,85444,85445,85451,0.0002578,0.000255597888732194,0.000255597888732194,0.00026250422253561195,stop,-0.854193664781222,-0.9341936647812221,7
1000SATS,long,2024-10-04 16:20:00+00:00,2024-10-04 16:25:00+00:00,2024-10-04 21:15:00+00:00,85456,85457,85515,0.0002572,0.00026229899869463096,0.00025465050065268455,0.00026229899869463096,take_profit,1.9825033804941494,1.9025033804941496,59
1000SATS,long,2024-10-05 14:05:00+00:00,2024-10-05 14:10:00+00:00,2024-10-06 01:15:00+00:00,85717,85718,85851,0.0002698,0.0002669532284035335,0.0002669532284035335,0.000275193543192933,stop,-1.055141436792617,-1.1351414367926171,134
1000SATS,long,2024-10-06 14:20:00+00:00,2024-10-06 14:25:00+00:00,2024-10-06 20:45:00+00:00,86008,86009,86085,0.000271,0.00027571761019906714,0.0002686411949004664,0.00027571761019906714,take_profit,1.7408155716114981,1.6608155716114983,77
1000SATS,short,2024-10-07 18:05:00+00:00,2024-10-07 18:10:00+00:00,2024-10-07 18:20:00+00:00,86341,86342,86344,0.0002935,0.0002898269809547952,0.0002953365095226024,0.0002898269809547952,take_profit,1.2673143932647513,1.1873143932647512,3
1000SATS,short,2024-10-08 14:10:00+00:00,2024-10-08 14:15:00+00:00,2024-10-08 14:25:00+00:00,86582,86583,86585,0.000281,0.0002775063219196903,0.00028274683904015485,0.0002775063219196903,take_profit,1.2589544108911443,1.1789544108911443,3
1000SATS,short,2024-10-08 15:55:00+00:00,2024-10-08 16:00:00+00:00,2024-10-08 16:15:00+00:00,86603,86604,86607,0.0002808,0.0002765466062237932,0.0002829266968881034,0.0002765466062237932,take_profit,1.5380386815395442,1.458038681539544,4
1000SATS,short,2024-10-08 18:35:00+00:00,2024-10-08 18:40:00+00:00,2024-10-08 20:35:00+00:00,86635,86636,86659,0.00028,0.0002825450888655616,0.0002825450888655616,0.00027490982226887673,stop,-0.9007726433258201,-0.9807726433258201,24
1000SATS,long,2024-10-09 14:20:00+00:00,2024-10-09 14:25:00+00:00,2024-10-09 17:30:00+00:00,86872,86873,86910,0.0002822,0.0002788799890074374,0.0002788799890074374,0.0002888400219851251,stop,-1.1764744835444985,-1.2564744835444985,38
1000SATS,long,2024-10-09 17:35:00+00:00,2024-10-09 17:40:00+00:00,2024-10-09 21:35:00+00:00,86911,86912,86959,0.000281,0.0002770766442733834,0.0002770766442733834,0.0002888467114532332,stop,-1.3962120023546576,-1.4762120023546577,48
1000SATS,short,2024-10-10 14:05:00+00:00,2024-10-10 14:10:00+00:00,2024-10-10 14:25:00+00:00,87157,87158,87161,0.0002629,0.00026388939550178676,0.00026388939550178676,0.00026092120899642645,stop,-0.3749281019441608,-0.45492810194416083,4
1000SATS,short,2024-10-10 17:05:00+00:00,2024-10-10 17:10:00+00:00,2024-10-10 17:25:00+00:00,87193,87194,87197,0.0002631,0.00026489436752528397,0.00026489436752528397,0.00025951126494943205,stop,-0.6773898373330645,-0.7573898373330645,4
1000SATS,short,2024-10-10 17:50:00+00:00,2024-10-10 17:55:00+00:00,2024-10-10 18:25:00+00:00,87202,87203,87209,0.0002623,0.0002579191008008701,0.0002644904495995649,0.0002579191008008701,take_profit,1.6985555492116111,1.6185555492116113,7
1000SATS,short,2024-10-10 19:45:00+00:00,2024-10-10 19:50:00+00:00,2024-10-10 20:10:00+00:00,87225,87226,87230,0.0002631,0.000264799282785953,0.000264799282785953,0.000259701434428094,stop,-0.6417248445973245,-0.7217248445973246,5
1000SATS,long,2024-10-11 15:35:00+00:00,2024-10-11 15:40:00+00:00,2024-10-11 18:50:00+00:00,87463,87464,87502,0.0002702,0.00027354934371119063,0.0002685253281444047,0.00027354934371119063,take_profit,1.2395794638011104,1.1595794638011103,39
1000SATS,long,2024-10-12 15:00:00+00:00,2024-10-12 15:05:00+00:00,2024-10-12 17:40:00+00:00,87744,87745,87776,0.0002813,0.00028402978374145047,0.0002799351081292748,0.00028402978374145047,take_profit,0.9704172561146418,0.8904172561146417,32
1000SATS,short,2024-10-13 16:45:00+00:00,2024-10-13 16:50:00+00:00,2024-10-13 16:55:00+00:00,88053,88054,88055,0.0002754,0.0002768093748001106,0.0002768093748001106,0.0002725812503997789,stop,-0.5091499524278342,-0.5891499524278343,2
1000SATS,long,2024-10-14 17:30:00+00:00,2024-10-14 17:35:00+00:00,2024-10-14 18:10:00+00:00,88350,88351,88358,0.0002886,0.0002860283279302164,0.0002860283279302164,0.0002937433441395672,stop,-0.8910852632652788,-0.9710852632652789,8
1000SATS,long,2024-10-14 18:20:00+00:00,2024-10-14 18:25:00+00:00,2024-10-14 21:25:00+00:00,88360,88361,88397,0.0002895,0.0002869583546641697,0.0002869583546641697,0.0002945832906716606,stop,-0.8779431211848987,-0.9579431211848988,37
1000SATS,short,2024-10-15 14:05:00+00:00,2024-10-15 14:10:00+00:00,2024-10-15 14:40:00+00:00,88597,88598,88604,0.0002955,0.00028960416042151527,0.00029859791978924233,0.00028960416042151527,take_profit,2.0358269611539637,1.9558269611539638,7
1000SATS,long,2024-10-15 16:10:00+00:00,2024-10-15 16:15:00+00:00,2024-10-15 16:45:00+00:00,88622,88623,88629,0.0002981,0.0002952384171695891,0.0002952384171695891,0.00030382316566082175,stop,-0.9599405670616901,-1.0399405670616901,7
1000SATS,short,2024-10-15 16:55:00+00:00,2024-10-15 17:00:00+00:00,2024-10-15 17:10:00+00:00,88631,88632,88634,0.0002957,0.0002976975493783907,0.0002976975493783907,0.00029170490124321856,stop,-0.6709996043171018,-0.7509996043171019,3
1000SATS,short,2024-10-15 18:05:00+00:00,2024-10-15 18:10:00+00:00,2024-10-15 20:25:00+00:00,88645,88646,88673,0.0002948,0.00028660739031273133,0.00029904630484363435,0.00028660739031273133,take_profit,2.858478170548673,2.7784781705486727,28
1000SATS,long,2024-10-16 14:20:00+00:00,2024-10-16 14:25:00+00:00,2024-10-16 15:00:00+00:00,88888,88889,88896,0.0002876,0.0002850760028877935,0.0002850760028877935,0.00029234799422441296,stop,-0.8776067844946001,-0.9576067844946001,8
1000SATS,short,2024-10-16 15:25:00+00:00,2024-10-16 15:30:00+00:00,2024-10-16 18:40:00+00:00,88901,88902,88940,0.0002809,0.0002857583779974505,0.0002857583779974505,0.000271483244005099,stop,-1.7001699237996992,-1.780169923799699,39
1000SATS,short,2024-10-16 19:40:00+00:00,2024-10-16 19:45:00+00:00,2024-10-16 20:15:00+00:00,88952,88953,88959,0.0002835,0.00028655804645567,0.00028655804645567,0.00027708390708866,stop,-1.0671647484667868,-1.1471647484667868,7
1000SATS,short,2024-10-17 14:25:00+00:00,2024-10-17 14:30:00+00:00,2024-10-17 19:30:00+00:00,89177,89178,89238,0.0002742,0.00026981519538275584,0.0002765424023086221,0.00026981519538275584,take_profit,1.62511403815635,1.54511403815635,61
1000SATS,long,2024-10-18 19:35:00+00:00,2024-10-18 19:40:00+00:00,2024-10-18 20:55:00+00:00,89527,89528,89543,0.0002832,0.00028088887427317087,0.00028088887427317087,0.00028782225145365827,stop,-0.8160754685131111,-0.8960754685131112,16
1000SATS,short,2024-10-19 16:35:00+00:00,2024-10-19 16:40:00+00:00,2024-10-19 17:15:00+00:00,89779,89780,89787,0.0002854,0.0002831065193743713,0.00028654674031281435,0.0002831065193743713,take_profit,0.8101122611718692,0.7301122611718691,8
1000SATS,short,2024-10-19 18:30:00+00:00,2024-10-19 18:35:00+00:00,2024-10-19 19:25:00+00:00,89802,89803,89813,0.000285,0.0002816904884021378,0.0002868047557989311,0.0002816904884021378,take_profit,1.174875167647671,1.094875167647671,11
1000SATS,long,2024-10-20 14:10:00+00:00,2024-10-20 14:15:00+00:00,2024-10-20 23:15:00+00:00,90038,90039,90147,0.000287,0.00029525051935132523,0.00028302474032433736,0.00029525051935132523,take_profit,2.8747454185802157,2.7947454185802156,109
1000SATS,short,2024-10-21 16:55:00+00:00,2024-10-21 17:00:00+00:00,2024-10-21 18:30:00+00:00,90359,90360,90378,0.0002864,0.0002827742670525819,0.0002880628664737091,0.0002827742670525819,take_profit,1.2822004580579138,1.2022004580579138,19
1000SATS,long,2024-10-22 14:05:00+00:00,2024-10-22 14:10:00+00:00,2024-10-22 16:40:00+00:00,90613,90614,90644,0.0002761,0.0002747712393219922,0.0002747712393219922,0.0002787575213560155,stop,-0.4812606584598922,-0.5612606584598923,31
1000SATS,short,2024-10-22 16:50:00+00:00,2024-10-22 16:55:00+00:00,2024-10-22 17:30:00+00:00,90646,90647,90654,0.0002742,0.0002715981219483477,0.00027550093902582615,0.0002715981219483477,take_profit,0.9579882338608847,0.8779882338608846,8
1000SATS,short,2024-10-23 14:20:00+00:00,2024-10-23 14:25:00+00:00,2024-10-23 15:25:00+00:00,90904,90905,90917,0.0002665,0.0002690019962020078,0.0002690019962020078,0.00026119600759598444,stop,-0.9301032101371121,-1.0101032101371121,13
1000SATS,short,2024-10-23 15:50:00+00:00,2024-10-23 15:55:00+00:00,2024-10-23 16:40:00+00:00,90922,90923,90932,0.0002668,0.0002622550656753441,0.0002689224671623279,0.0002622550656753441,take_profit,1.7330206045599317,1.6530206045599318,10
1000SATS,short,2024-10-25 17:05:00+00:00,2024-10-25 17:10:00+00:00,2024-10-25 17:20:00+00:00,91513,91514,91516,0.0002582,0.00025997905409779317,0.00025997905409779317,0.00025464189180441363,stop,-0.6843067046178208,-0.7643067046178209,3
1000SATS,short,2024-10-26 16:40:00+00:00,2024-10-26 16:45:00+00:00,2024-10-26 17:05:00+00:00,91796,91797,91801,0.0002384,0.00023949149177371207,0.00023949149177371207,0.00023651701645257585,stop,-0.45575388320825416,-0.5357538832082542,5
1000SATS,short,2024-10-26 19:35:00+00:00,2024-10-26 19:40:00+00:00,2024-10-26 22:45:00+00:00,91831,91832,91869,0.000238,0.00023531847910362777,0.00023934076044818613,0.00023531847910362777,take_profit,1.139528398528955,1.059528398528955,38
1000SATS,long,2024-10-27 14:40:00+00:00,2024-10-27 14:45:00+00:00,2024-10-27 15:10:00+00:00,92060,92061,92066,0.0002368,0.0002355159599242933,0.0002355159599242933,0.00023906808015141344,stop,-0.5422466535923598,-0.6222466535923599,6
1000SATS,long,2024-10-27 16:00:00+00:00,2024-10-27 16:05:00+00:00,2024-10-27 18:10:00+00:00,92076,92077,92102,0.000237,0.00023556006441957265,0.00023556006441957265,0.00023957987116085474,stop,-0.6075677554545744,-0.6875677554545745,26
1000SATS,short,2024-10-28 14:25:00+00:00,2024-10-28 14:30:00+00:00,2024-10-28 14:50:00+00:00,92345,92346,92350,0.000237,0.00023912764773066576,0.00023912764773066576,0.00023274470453866843,stop,-0.889753966493323,-0.969753966493323,5
1000SATS,long,2024-10-30 14:05:00+00:00,2024-10-30 14:10:00+00:00,2024-10-30 14:45:00+00:00,92917,92918,92925,0.0002624,0.000261322418315228,0.000261322418315228,0.000264555163369544,stop,-0.41066375181859627,-0.4906637518185963,8
1000SATS,short,2024-10-30 14:50:00+00:00,2024-10-30 14:55:00+00:00,2024-10-30 15:05:00+00:00,92926,92927,92929,0.0002603,0.00026170873309266506,0.00026170873309266506,0.00025718253381466983,stop,-0.5382827985974337,-0.6182827985974337,3
1000SATS,long,2024-10-30 15:10:00+00:00,2024-10-30 15:15:00+00:00,2024-10-30 15:45:00+00:00,92930,92931,92937,0.0002629,0.0002607011368737087,0.0002607011368737087,0.00026729772625258254,stop,-0.8363876478856169,-0.916387647885617,7
1000SATS,short,2024-10-31 17:10:00+00:00,2024-10-31 17:15:00+00:00,2024-10-31 17:30:00+00:00,93242,93243,93246,0.0002518,0.0002484293630117777,0.00025348531849411115,0.0002484293630117777,take_profit,1.3567788233078248,1.2767788233078248,4
1000SATS,short,2024-11-01 14:05:00+00:00,2024-11-01 14:10:00+00:00,2024-11-01 15:10:00+00:00,93493,93494,93506,0.0002357,0.00023191427790228688,0.00023759286104885658,0.00023191427790228688,take_profit,1.6323799172503595,1.5523799172503594,13
1000SATS,long,2024-11-02 14:45:00+00:00,2024-11-02 14:50:00+00:00,2024-11-02 15:30:00+00:00,93789,93790,93798,0.0002305,0.00022909462646566426,0.00022909462646566426,0.00023301074706867146,stop,-0.6097065224883846,-0.6897065224883847,9
1000SATS,long,2024-11-02 15:55:00+00:00,2024-11-02 16:00:00+00:00,2024-11-02 16:15:00+00:00,93803,93804,93807,0.00023,0.00022910302829259153,0.00022910302829259153,0.00023209394341481697,stop,-0.3899876988732509,-0.4699876988732509,4
1000SATS,long,2024-11-02 16:25:00+00:00,2024-11-02 16:30:00+00:00,2024-11-02 17:35:00+00:00,93809,93810,93823,0.00023,0.0002287694107963539,0.0002287694107963539,0.00023246117840729224,stop,-0.5350387841939641,-0.6150387841939642,14
1000SATS,short,2024-11-03 17:15:00+00:00,2024-11-03 17:20:00+00:00,2024-11-03 17:45:00+00:00,94107,94108,94113,0.000212,0.00021341925215585732,0.00021341925215585732,0.00020916149568828537,stop,-0.6650066203122362,-0.7450066203122363,6
1000SATS,short,2024-11-03 18:25:00+00:00,2024-11-03 18:30:00+00:00,2024-11-03 18:35:00+00:00,94121,94122,94123,0.0002119,0.0002105232130054755,0.00021273839349726225,0.0002105232130054755,take_profit,0.6539834609538664,0.5739834609538663,2
1000SATS,short,2024-11-03 19:50:00+00:00,2024-11-03 19:55:00+00:00,2024-11-03 20:50:00+00:00,94138,94139,94150,0.0002114,0.00020851480501187197,0.000212842597494064,0.00020851480501187197,take_profit,1.3836883131457922,1.3036883131457921,12
1000SATS,long,2024-11-04 15:10:00+00:00,2024-11-04 15:15:00+00:00,2024-11-04 16:35:00+00:00,94370,94371,94387,0.0002043,0.00020306812731193908,0.00020306812731193908,0.00020646374537612185,stop,-0.6029724366426459,-0.682972436642646,17
1000SATS,long,2024-11-04 17:00:00+00:00,2024-11-04 17:05:00+00:00,2024-11-04 17:40:00+00:00,94392,94393,94400,0.0002042,0.00020210502110930303,0.00020210502110930303,0.00020838995778139395,stop,-1.025944608568552,-1.105944608568552,8
1000SATS,short,2024-11-04 17:45:00+00:00,2024-11-04 17:50:00+00:00,2024-11-04 18:05:00+00:00,94401,94402,94405,0.0002017,0.0002036481627897825,0.0002036481627897825,0.00019810367442043498,stop,-0.956631654857365,-1.036631654857365,4
1000SATS,long,2024-11-06 15:20:00+00:00,2024-11-06 15:25:00+00:00,2024-11-06 15:30:00+00:00,94948,94949,94950,0.0002331,0.00022955900737421604,0.00022955900737421604,0.00024018198525156792,stop,-1.5190873555486761,-1.599087355548676,2
1000SATS,long,2024-11-06 15:45:00+00:00,2024-11-06 15:50:00+00:00,2024-11-06 16:40:00+00:00,94953,94954,94964,0.0002316,0.00022810541203998854,0.00022810541203998854,0.0002382891759200229,stop,-1.5088894473279102,-1.58888944732791,11
1000SATS,long,2024-11-06 19:40:00+00:00,2024-11-06 19:45:00+00:00,2024-11-06 22:00:00+00:00,95000,95001,95028,0.0002316,0.00022972701783370385,0.00022972701783370385,0.00023534596433259227,stop,-0.8087142341520415,-0.8887142341520415,28
1000SATS,short,2024-11-08 15:05:00+00:00,2024-11-08 15:10:00+00:00,2024-11-08 21:30:00+00:00,95521,95522,95598,0.0002419,0.00024382790687913674,0.00024382790687913674,0.00023774418624172651,stop,-0.7906834389110329,-0.870683438911033,77
1000SATS,long,2024-11-09 15:05:00+00:00,2024-11-09 15:10:00+00:00,2024-11-09 15:30:00+00:00,95809,95810,95814,0.0002481,0.00024625771382935955,0.00024625771382935955,0.00025178457234128094,stop,-0.74255790835972,-0.8225579083597201,5
1000SATS,long,2024-11-09 16:45:00+00:00,2024-11-09 16:50:00+00:00,2024-11-10 02:15:00+00:00,95829,95830,95943,0.000251,0.00024441318069979087,0.00024441318069979087,0.00026357363860041833,stop,-2.6242307968960543,-2.7042307968960544,114
1000SATS,long,2024-11-10 17:10:00+00:00,2024-11-10 17:15:00+00:00,2024-11-10 22:55:00+00:00,96122,96123,96191,0.0002726,0.0002866158154405451,0.00026559209227972747,0.0002866158154405451,take_profit,5.141531709664382,5.061531709664382,69
1000SATS,short,2024-11-11 16:25:00+00:00,2024-11-11 16:30:00+00:00,2024-11-11 16:45:00+00:00,96401,96402,96405,0.0002801,0.00028691757815010063,0.00028691757815010063,0.0002670648436997987,stop,-2.376145161288812,-2.456145161288812,4
1000SATS,long,2024-11-11 20:50:00+00:00,2024-11-11 20:55:00+00:00,2024-11-11 21:15:00+00:00,96454,96455,96459,0.0002958,0.00029170673423717657,0.00029170673423717657,0.0003039865315256468,stop,-1.3837950516644382,-1.4637950516644382,5
1000SATS,long,2024-11-12 15:05:00+00:00,2024-11-12 15:10:00+00:00,2024-11-12 17:55:00+00:00,96673,96674,96707,0.0002939,0.0003029758103621447,0.00028951209481892763,0.0003029758103621447,take_profit,3.088060688038352,3.008060688038352,34
1000SATS,short,2024-11-12 18:45:00+00:00,2024-11-12 18:50:00+00:00,2024-11-12 19:40:00+00:00,96717,96718,96728,0.0002864,0.0002645367646612471,0.0002973316176693765,0.0002645367646612471,take_profit,8.26472470348305,8.18472470348305,11
1000SATS,short,2024-11-13 15:25:00+00:00,2024-11-13 15:30:00+00:00,2024-11-13 22:25:00+00:00,96965,96966,97049,0.0002391,0.00024489478746478024,0.00024489478746478024,0.00022751042507043956,stop,-2.366235527007121,-2.446235527007121,84
1000SATS,long,2024-11-14 15:05:00+00:00,2024-11-14 15:10:00+00:00,2024-11-14 15:55:00+00:00,97249,97250,97259,0.0002778,0.00027199549627024097,0.00027199549627024097,0.000289409007459518,stop,-2.0894541863783367,-2.1694541863783368,10
1000SATS,short,2024-11-14 16:05:00+00:00,2024-11-14 16:10:00+00:00,2024-11-14 18:05:00+00:00,97261,97262,97285,0.0002679,0.00027487880676447965,0.00027487880676447965,0.0002539423864710407,stop,-2.5388667997453873,-2.6188667997453874,24
1000SATS,long,2024-11-14 18:15:00+00:00,2024-11-14 18:20:00+00:00,2024-11-14 18:30:00+00:00,97287,97288,97290,0.0002749,0.00027054379697912624,0.00027054379697912624,0.00028361240604174757,stop,-1.5846500621585213,-1.6646500621585212,3
1000SATS,short,2024-11-15 17:05:00+00:00,2024-11-15 17:10:00+00:00,2024-11-15 17:30:00+00:00,97561,97562,97566,0.0002392,0.00024295913017062743,0.00024295913017062743,0.00023198173965874511,stop,-1.547227374409621,-1.6272273744096208,5
1000SATS,long,2024-11-16 20:20:00+00:00,2024-11-16 20:25:00+00:00,2024-11-17 00:05:00+00:00,97888,97889,97933,0.000253,0.00024903234312248723,0.00024903234312248723,0.0002609353137550256,stop,-1.5682438251038655,-1.6482438251038654,45
1000SATS,long,2024-11-17 15:40:00+00:00,2024-11-17 15:45:00+00:00,2024-11-17 20:05:00+00:00,98120,98121,98173,0.0002472,0.00024294852735563783,0.00024294852735563783,0.0002557029452887243,stop,-1.7198513933503912,-1.799851393350391,53
1000SATS,short,2024-11-17 20:10:00+00:00,2024-11-17 20:15:00+00:00,2024-11-17 21:20:00+00:00,98174,98175,98188,0.0002409,0.00024384067079611247,0.00024384067079611247,0.00023531865840777506,stop,-1.2059804406342467,-1.2859804406342468,14
1000SATS,long,2024-11-18 15:25:00+00:00,2024-11-18 15:30:00+00:00,2024-11-18 16:00:00+00:00,98405,98406,98412,0.00025,0.0002567547509683586,0.0002467726245158207,0.0002567547509683586,take_profit,2.7019003873434366,2.6219003873434366,7
1000SATS,long,2024-11-18 19:00:00+00:00,2024-11-18 19:05:00+00:00,2024-11-18 19:40:00+00:00,98448,98449,98456,0.0002505,0.00025673865027915464,0.0002473806748604227,0.00025673865027915464,take_profit,2.4904791533551407,2.4104791533551406,8
1000SATS,short,2024-11-19 16:15:00+00:00,2024-11-19 16:20:00+00:00,2024-11-19 21:05:00+00:00,98703,98704,98761,0.0002471,0.00024999104333112534,0.00024999104333112534,0.0002416179133377493,stop,-1.1564587645230273,-1.2364587645230274,58
1000SATS,long,2024-11-20 17:15:00+00:00,2024-11-20 17:20:00+00:00,2024-11-20 18:00:00+00:00,99003,99004,99012,0.0002419,0.00024033554944877735,0.00024033554944877735,0.0002453289011024453,stop,-0.6467344155529742,-0.7267344155529742,9
1000SATS,long,2024-11-20 18:15:00+00:00,2024-11-20 18:20:00+00:00,2024-11-20 18:30:00+00:00,99015,99016,99018,0.000242,0.00023981729801516305,0.00023981729801516305,0.00024606540396967386,stop,-0.9019429689408831,-0.9819429689408832,3
1000SATS,short,2024-11-20 19:50:00+00:00,2024-11-20 19:55:00+00:00,2024-11-20 20:05:00+00:00,99034,99035,99037,0.0002385,0.000234502842637008,0.000240648578681496,0.000234502842637008,take_profit,1.7045240552496344,1.6245240552496345,3
1000SATS,long,2024-11-22 15:55:00+00:00,2024-11-22 16:00:00+00:00,2024-11-22 16:20:00+00:00,99563,99564,99568,0.0002437,0.0002415470272115997,0.0002415470272115997,0.00024770594557680064,stop,-0.8834521084941649,-0.963452108494165,5
1000SATS,long,2024-11-22 18:15:00+00:00,2024-11-22 18:20:00+00:00,2024-11-22 18:30:00+00:00,99591,99592,99594,0.0002433,0.0002407238121372568,0.0002407238121372568,0.0002484523757254864,stop,-1.0588523891258528,-1.1388523891258528,3
1000SATS,long,2024-11-23 16:20:00+00:00,2024-11-23 16:25:00+00:00,2024-11-23 16:35:00+00:00,99856,99857,99859,0.0002509,0.00024882990851271926,0.00024882990851271926,0.00025504018297456155,stop,-0.8250663560305904,-0.9050663560305905,3
1000SATS,long,2024-11-23 17:00:00+00:00,2024-11-23 17:05:00+00:00,2024-11-23 20:55:00+00:00,99864,99865,99911,0.0002506,0.0002484090885643107,0.0002484090885643107,0.0002549818228713786,stop,-0.8742663350715496,-0.9542663350715497,47
1000SATS,long,2024-11-25 18:00:00+00:00,2024-11-25 18:05:00+00:00,2024-11-25 19:00:00+00:00,100452,100453,100464,0.0002528,0.00025089428018119654,0.00025089428018119654,0.000256311439637607,stop,-0.7538448650330265,-0.8338448650330266,12
1000SATS,long,2024-11-25 19:35:00+00:00,2024-11-25 19:40:00+00:00,2024-11-25 20:40:00+00:00,100471,100472,100484,0.0002539,0.00025059073698182683,0.00025059073698182683,0.0002605185260363463,stop,-1.3033725947905306,-1.3833725947905307,13
1000SATS,long,2024-11-27 16:50:00+00:00,2024-11-27 16:55:00+00:00,2024-11-27 17:00:00+00:00,101014,101015,101016,0.000243,0.00024150230456516277,0.00024150230456516277,0.00024569539086967445,stop,-0.6163355698918682,-0.6963355698918683,2
1000SATS,long,2024-11-27 17:35:00+00:00,2024-11-27 17:40:00+00:00,2024-11-27 18:00:00+00:00,101023,101024,101028,0.0002435,0.00024054649623063957,0.00024054649623063957,0.0002494070075387209,stop,-1.2129378929611634,-1.2929378929611635,5
1000SATS,short,2024-11-27 18:30:00+00:00,2024-11-27 18:35:00+00:00,2024-11-27 19:35:00+00:00,101034,101035,101047,0.0002389,0.00024132049701587363,0.00024132049701587363,0.00023375900596825274,stop,-1.0030217266270625,-1.0830217266270625,13
1000SATS,short,2024-11-28 15:05:00+00:00,2024-11-28 15:10:00+00:00,2024-11-28 15:30:00+00:00,101281,101282,101286,0.0002463,0.00024863345381562993,0.00024863345381562993,0.0002413330923687402,stop,-0.9385116040580121,-1.0185116040580122,5
1000SATS,short,2024-11-28 16:50:00+00:00,2024-11-28 16:55:00+00:00,2024-11-28 17:30:00+00:00,101302,101303,101310,0.0002468,0.00024896299734634834,0.00024896299734634834,0.00024247400530730327,stop,-0.8688027415332256,-0.9488027415332256,8
1000SATS,short,2024-11-28 18:55:00+00:00,2024-11-28 19:00:00+00:00,2024-11-28 20:50:00+00:00,101327,101328,101350,0.0002468,0.00024883390869959697,0.00024883390869959697,0.000242432182600806,stop,-0.8173760201035996,-0.8973760201035996,23
1000SATS,short,2024-11-29 15:10:00+00:00,2024-11-29 15:15:00+00:00,2024-11-29 18:20:00+00:00,101570,101571,101608,0.0002622,0.0002658868783513733,0.0002658868783513733,0.0002551262432972533,stop,-1.386634186024427,-1.466634186024427,38
1000SATS,long,2024-11-30 15:15:00+00:00,2024-11-30 15:20:00+00:00,2024-11-30 15:50:00+00:00,101859,101860,101866,0.0002737,0.0002716780607508548,0.0002716780607508548,0.0002780438784982904,stop,-0.738742875098719,-0.8187428750987191,7
1000SATS,long,2024-11-30 16:05:00+00:00,2024-11-30 16:10:00+00:00,2024-11-30 17:45:00+00:00,101869,101870,101889,0.0002737,0.0002716672831739823,0.0002716672831739823,0.0002777654336520353,stop,-0.7426806087021065,-0.8226806087021066,20
1000SATS,short,2024-11-30 19:15:00+00:00,2024-11-30 19:20:00+00:00,2024-11-30 23:05:00+00:00,101907,101908,101953,0.0002691,0.00027343454875127063,0.00027343454875127063,0.0002607309024974587,stop,-1.5852235100011325,-1.6652235100011323,46
1000SATS,long,2024-12-01 15:05:00+00:00,2024-12-01 15:10:00+00:00,2024-12-01 18:25:00+00:00,102145,102146,102185,0.0002962,0.0002873608571135392,0.0002873608571135392,0.00031417828577292163,stop,-2.9841805828699552,-3.0641805828699553,40
1000SATS,short,2024-12-01 19:10:00+00:00,2024-12-01 19:15:00+00:00,2024-12-01 22:25:00+00:00,102194,102195,102233,0.0002862,0.0002888338455323175,0.0002888338455323175,0.00028123230893536505,stop,-0.9118895077768085,-0.9918895077768086,39
1000SATS,short,2024-12-02 15:05:00+00:00,2024-12-02 15:10:00+00:00,2024-12-02 15:45:00+00:00,102433,102434,102441,0.0002702,0.0002733279873817196,0.0002733279873817196,0.00026364402523656083,stop,-1.1444080102017362,-1.2244080102017363,8
1000SATS,short,2024-12-02 16:20:00+00:00,2024-12-02 16:25:00+00:00,2024-12-02 17:35:00+00:00,102448,102449,102463,0.0002698,0.0002628992763407801,0.00027325036182960995,0.0002628992763407801,take_profit,2.6248545660791045,2.5448545660791044,15
1000SATS,long,2024-12-03 15:05:00+00:00,2024-12-03 15:10:00+00:00,2024-12-03 15:30:00+00:00,102721,102722,102726,0.0002805,0.00028502950775011003,0.00027823524612494496,0.00028502950775011003,take_profit,1.6147977718752315,1.5347977718752315,5
1000SATS,long,2024-12-03 16:25:00+00:00,2024-12-03 16:30:00+00:00,2024-12-03 19:50:00+00:00,102737,102738,102778,0.0002803,0.00027593370374941114,0.00027593370374941114,0.00028903259250117767,stop,-1.5577225296428243,-1.6377225296428242,41
1000SATS,short,2024-12-04 15:05:00+00:00,2024-12-04 15:10:00+00:00,2024-12-04 19:10:00+00:00,103009,103010,103058,0.0003151,0.0003220785558643992,0.0003220785558643992,0.0003008428882712016,stop,-2.1667247748519136,-2.2467247748519137,49
1000SATS,long,2024-12-04 19:40:00+00:00,2024-12-04 19:45:00+00:00,2024-12-04 21:15:00+00:00,103064,103065,103083,0.0003228,0.0003155128375348646,0.0003155128375348646,0.00033707432493027076,stop,-2.2574852742055174,-2.3374852742055174,19
1000SATS,long,2024-12-05 16:05:00+00:00,2024-12-05 16:10:00+00:00,2024-12-05 21:20:00+00:00,103309,103310,103372,0.0003014,0.00030805954484939847,0.0002980702275753008,0.00030805954484939847,take_profit,2.2095371099530414,2.1295371099530414,63
1000SATS,long,2024-12-06 15:05:00+00:00,2024-12-06 15:10:00+00:00,2024-12-06 16:05:00+00:00,103585,103586,103597,0.0003073,0.00030487369930366645,0.00030487369930366645,0.00031245260139266707,stop,-0.7895544081788275,-0.8695544081788276,12
1000SATS,long,2024-12-06 17:15:00+00:00,2024-12-06 17:20:00+00:00,2024-12-06 17:50:00+00:00,103611,103612,103618,0.000307,0.0003049389702941032,0.0003049389702941032,0.00031082205941179356,stop,-0.6713451810738791,-0.7513451810738792,7
1000SATS,short,2024-12-06 18:05:00+00:00,2024-12-06 18:10:00+00:00,2024-12-06 21:35:00+00:00,103621,103622,103663,0.0003007,0.0002920289222228075,0.00030503553888859623,0.0002920289222228075,take_profit,2.969253083287682,2.8892530832876817,42
1000SATS,long,2024-12-07 15:15:00+00:00,2024-12-07 15:20:00+00:00,2024-12-07 16:10:00+00:00,103875,103876,103886,0.0003102,0.0003152109490067441,0.00030754452549662796,0.0003152109490067441,take_profit,1.6153929744500584,1.5353929744500583,11
1000SATS,long,2024-12-07 16:50:00+00:00,2024-12-07 16:55:00+00:00,2024-12-07 18:55:00+00:00,103894,103895,103919,0.000311,0.0003187629719680657,0.0003069685140159672,0.0003187629719680657,take_profit,2.4961324656159745,2.4161324656159744,25
1000SATS,short,2024-12-08 17:20:00+00:00,2024-12-08 17:25:00+00:00,2024-12-08 17:40:00+00:00,104188,104189,104192,0.000312,0.00030699158836776017,0.0003145042058161199,0.00030699158836776017,take_profit,1.6314491412839693,1.5514491412839693,4
1000SATS,short,2024-12-09 15:25:00+00:00,2024-12-09 15:30:00+00:00,2024-12-09 16:15:00+00:00,104453,104454,104463,0.0003006,0.00029395095075829253,0.0003039245246208537,0.00029395095075829253,take_profit,2.2619587467076263,2.1819587467076262,10
1000SATS,short,2024-12-10 20:40:00+00:00,2024-12-10 20:45:00+00:00,2024-12-10 21:15:00+00:00,104804,104805,104811,0.0002428,0.00023731658034800696,0.0002456917098259965,0.00023731658034800696,take_profit,2.310592729741856,2.230592729741856,7
1000SATS,long,2024-12-11 15:10:00+00:00,2024-12-11 15:15:00+00:00,2024-12-11 16:35:00+00:00,105026,105027,105043,0.0002263,0.00022373105726176612,0.00022373105726176612,0.00023113788547646775,stop,-1.1351934327149316,-1.2151934327149316,17
1000SATS,long,2024-12-11 17:20:00+00:00,2024-12-11 17:25:00+00:00,2024-12-11 18:50:00+00:00,105052,105053,105070,0.0002265,0.0002309409912329986,0.0002242795043835007,0.0002309409912329986,take_profit,1.9607025311252135,1.8807025311252137,18
1000SATS,short,2024-12-13 15:35:00+00:00,2024-12-13 15:40:00+00:00,2024-12-13 20:25:00+00:00,105607,105608,105665,0.0002332,0.00023652682242928194,0.00023652682242928194,0.00022624635514143613,stop,-1.4065307245551883,-1.4865307245551884,58
1000SATS,short,2024-12-13 20:55:00+00:00,2024-12-13 21:00:00+00:00,2024-12-13 21:20:00+00:00,105671,105672,105676,0.0002339,0.0002358282756919237,0.0002358282756919237,0.00023004344861615256,stop,-0.81766093835276,-0.8976609383527601,5
1000SATS,long,2024-12-14 15:05:00+00:00,2024-12-14 15:10:00+00:00,2024-12-14 16:20:00+00:00,105889,105890,105904,0.0002362,0.00023467698666714026,0.00023467698666714026,0.00023954602666571948,stop,-0.6447981934207148,-0.7247981934207148,15
1000SATS,short,2024-12-15 15:35:00+00:00,2024-12-15 15:40:00+00:00,2024-12-15 16:35:00+00:00,106183,106184,106195,0.0002216,0.00021734562550323113,0.00022372718724838442,0.00021734562550323113,take_profit,1.9574235676096619,1.877423567609662,12
1000SATS,long,2024-12-15 18:25:00+00:00,2024-12-15 18:30:00+00:00,2024-12-15 18:40:00+00:00,106217,106218,106220,0.0002253,0.000228535397425285,0.0002236823012873575,0.000228535397425285,take_profit,1.436039691648916,1.356039691648916,3
1000SATS,long,2024-12-16 15:15:00+00:00,2024-12-16 15:20:00+00:00,2024-12-16 15:45:00+00:00,106467,106468,106473,0.0002328,0.00023080823916075328,0.00023080823916075328,0.0002367835216784934,stop,-0.8555673708104394,-0.9355673708104395,6
1000SATS,short,2024-12-16 17:05:00+00:00,2024-12-16 17:10:00+00:00,2024-12-16 18:50:00+00:00,106489,106490,106510,0.0002296,0.00022563077456109538,0.0002314346127194523,0.00022563077456109538,take_profit,1.7591684674334473,1.6791684674334475,21
1000SATS,short,2024-12-17 15:15:00+00:00,2024-12-17 15:20:00+00:00,2024-12-17 18:30:00+00:00,106755,106756,106794,0.0002244,0.00022656852454264594,0.00022656852454264594,0.00022036295091470816,stop,-0.9571164163351242,-1.0371164163351243,39
1000SATS,long,2024-12-17 18:45:00+00:00,2024-12-17 18:50:00+00:00,2024-12-17 23:00:00+00:00,106797,106798,106848,0.0002284,0.0002256662740282231,0.0002256662740282231,0.0002335674519435538,stop,-1.1969027897447027,-1.2769027897447027,51
1000SATS,short,2024-12-18 15:30:00+00:00,2024-12-18 15:35:00+00:00,2024-12-18 18:05:00+00:00,107046,107047,107077,0.0002063,0.00020966842294978935,0.00020966842294978935,0.0001998631541004213,stop,-1.6065475680121954,-1.6865475680121953,31
1000SATS,short,2024-12-19 15:25:00+00:00,2024-12-19 15:30:00+00:00,2024-12-19 15:30:00+00:00,107333,107334,107334,0.0001823,0.00018368540751835942,0.00018368540751835942,0.0001795291849632812,stop,-0.7542284044642633,-0.8342284044642634,1
1000SATS,short,2024-12-19 17:00:00+00:00,2024-12-19 17:05:00+00:00,2024-12-19 19:40:00+00:00,107352,107353,107384,0.0001811,0.00018356688305919328,0.00018356688305919328,0.00017646623388161347,stop,-1.343860623486104,-1.423860623486104,32
1000SATS,long,2024-12-21 15:45:00+00:00,2024-12-21 15:50:00+00:00,2024-12-21 17:05:00+00:00,107913,107914,107929,0.0001893,0.00018750076096581437,0.00018750076096581437,0.00019289847806837124,stop,-0.9504696429929349,-1.030469642992935,16
1000SATS,short,2024-12-23 15:05:00+00:00,2024-12-23 15:10:00+00:00,2024-12-23 18:00:00+00:00,108481,108482,108516,0.0001752,0.00017775660864469294,0.00017775660864469294,0.00017008678271061413,stop,-1.4382636258566284,-1.5182636258566284,35
1000SATS,short,2024-12-23 19:30:00+00:00,2024-12-23 19:35:00+00:00,2024-12-23 22:35:00+00:00,108534,108535,108571,0.0001757,0.00017255829927599527,0.00017727085036200235,0.00017255829927599527,take_profit,1.82066045921081,1.7406604592108101,37
1000SATS,short,2024-12-25 15:25:00+00:00,2024-12-25 15:30:00+00:00,2024-12-25 19:20:00+00:00,109061,109062,109108,0.000186,0.0001873669852483457,0.0001873669852483457,0.00018326602950330859,stop,-0.729576369355478,-0.809576369355478,47
1000SATS,short,2024-12-25 19:40:00+00:00,2024-12-25 19:45:00+00:00,2024-12-25 20:55:00+00:00,109112,109113,109127,0.0001858,0.0001829381793543218,0.0001873809103228391,0.0001829381793543218,take_profit,1.5643648886082495,1.4843648886082494,15
1000SATS,short,2024-12-26 15:30:00+00:00,2024-12-26 15:35:00+00:00,2024-12-26 17:20:00+00:00,109350,109351,109372,0.0001739,0.00017061093774897848,0.00017554453112551076,0.00017061093774897848,take_profit,1.927814414724538,1.8478144147245381,22
1000SATS,long,2024-12-27 15:10:00+00:00,2024-12-27 15:15:00+00:00,2024-12-27 15:40:00+00:00,109634,109635,109640,0.0001725,0.00017390104880243273,0.00017179947559878362,0.00017390104880243273,take_profit,0.8122022043088428,0.7322022043088428,6
1000SATS,long,2024-12-27 16:45:00+00:00,2024-12-27 16:50:00+00:00,2024-12-27 18:00:00+00:00,109653,109654,109668,0.0001729,0.000176831411211122,0.000171084294394439,0.000176831411211122,take_profit,2.2738063684916154,2.1938063684916154,15
1000SATS,short,2024-12-28 15:25:00+00:00,2024-12-28 15:30:00+00:00,2024-12-28 16:45:00+00:00,109925,109926,109941,0.000175,0.00017301946191594932,0.00017599026904202534,0.00017301946191594932,take_profit,1.1446909278985062,1.0646909278985062,16
1000SATS,short,2024-12-28 18:10:00+00:00,2024-12-28 18:15:00+00:00,2024-12-28 18:35:00+00:00,109958,109959,109963,0.0001752,0.0001761224220165251,0.0001761224220165251,0.0001730551559669498,stop,-0.5237391162145943,-0.6037391162145944,5
1000SATS,short,2024-12-28 19:10:00+00:00,2024-12-28 19:15:00+00:00,2024-12-28 20:45:00+00:00,109970,109971,109989,0.0001749,0.00017602352235563125,0.00017602352235563125,0.0001726529552887375,stop,-0.6382796688736425,-0.7182796688736426,19
1000SATS,short,2024-12-29 15:05:00+00:00,2024-12-29 15:10:00+00:00,2024-12-29 15:30:00+00:00,110209,110210,110214,0.0001787,0.00017991426495449995,0.00017991426495449995,0.00017657147009100013,stop,-0.6749131064215708,-0.7549131064215708,5
1000SATS,long,2024-12-29 15:45:00+00:00,2024-12-29 15:50:00+00:00,2024-12-29 17:40:00+00:00,110217,110218,110240,0.0001802,0.0001794317321091997,0.0001794317321091997,0.00018143653578160055,stop,-0.4263417817981563,-0.5063417817981564,23
1000SATS,long,2024-12-29 18:30:00+00:00,2024-12-29 18:35:00+00:00,2024-12-29 20:50:00+00:00,110250,110251,110278,0.0001803,0.00017941311206647658,0.00017941311206647658,0.0001817737758670468,stop,-0.4918956924700013,-0.5718956924700014,28
1000SATS,long,2024-12-30 15:10:00+00:00,2024-12-30 15:15:00+00:00,2024-12-30 20:05:00+00:00,110498,110499,110557,0.0001799,0.00017852601260842513,0.00017852601260842513,0.00018294797478314977,stop,-0.7637506345608003,-0.8437506345608003,59
1000SATS,long,2024-12-30 20:20:00+00:00,2024-12-30 20:25:00+00:00,2024-12-30 21:25:00+00:00,110560,110561,110573,0.0001799,0.00018279353589324528,0.00017845323205337738,0.00018279353589324528,take_profit,1.6084135037494507,1.5284135037494506,13
1000SATS,short,2025-01-01 15:10:00+00:00,2025-01-01 15:15:00+00:00,2025-01-01 16:45:00+00:00,111074,111075,111093,0.0001785,0.00017934664557738518,0.00017934664557738518,0.00017680670884522964,stop,-0.47207215649867074,-0.5520721564986708,19
1000SATS,short,2025-01-01 17:15:00+00:00,2025-01-01 17:20:00+00:00,2025-01-01 17:55:00+00:00,111099,111100,111107,0.0001785,0.00017676857544325728,0.00017936571227837136,0.00017676857544325728,take_profit,0.9794866267384128,0.8994866267384127,8
1000SATS,long,2025-01-02 17:55:00+00:00,2025-01-02 18:00:00+00:00,2025-01-02 23:00:00+00:00,111395,111396,111456,0.0001848,0.00018395000786496993,0.00018395000786496993,0.00018649998427006011,stop,-0.4599524540205957,-0.5399524540205958,61
1000SATS,short,2025-01-03 16:00:00+00:00,2025-01-03 16:05:00+00:00,2025-01-03 18:05:00+00:00,111660,111661,111685,0.0001816,0.0001824336283952218,0.0001824336283952218,0.00017963274320955636,stop,-0.4569488654886822,-0.5369488654886823,25
1000SATS,long,2025-01-03 18:10:00+00:00,2025-01-03 18:15:00+00:00,2025-01-03 21:05:00+00:00,111686,111687,111721,0.0001833,0.00018560528886210273,0.00018199735556894865,0.00018560528886210273,take_profit,1.257658953683971,1.177658953683971,35
1000SATS,long,2025-01-04 15:15:00+00:00,2025-01-04 15:20:00+00:00,2025-01-04 16:25:00+00:00,111939,111940,111953,0.0001925,0.00019519223640723985,0.00019115388179638006,0.00019519223640723985,take_profit,1.398564367397337,1.3185643673973368,14
1000SATS,short,2025-01-05 17:05:00+00:00,2025-01-05 17:10:00+00:00,2025-01-05 20:25:00+00:00,112249,112250,112289,0.0001867,0.00018858417509446746,0.00018858417509446746,0.00018293164981106512,stop,-0.9991162267584786,-1.0791162267584786,40
1000SATS,short,2025-01-07 18:45:00+00:00,2025-01-07 18:50:00+00:00,2025-01-07 20:35:00+00:00,112845,112846,112867,0.0001858,0.00018263858149277626,0.00018738070925361185,0.00018263858149277626,take_profit,1.7309697005880365,1.6509697005880366,22
1000SATS,short,2025-01-08 15:15:00+00:00,2025-01-08 15:20:00+00:00,2025-01-08 21:45:00+00:00,113091,113092,113169,0.000158,0.00015265739262790713,0.00016052130368604642,0.00015265739262790713,take_profit,3.4997370779908055,3.4197370779908054,78
1000SATS,short,2025-01-09 15:25:00+00:00,2025-01-09 15:30:00+00:00,2025-01-10 00:30:00+00:00,113381,113382,113490,0.0001379,0.00014099976796180585,0.00014099976796180585,0.00013170046407638827,stop,-2.1984206120435057,-2.2784206120435058,109
1000SATS,long,2025-01-10 16:30:00+00:00,2025-01-10 16:35:00+00:00,2025-01-10 17:30:00+00:00,113682,113683,113694,0.0001504,0.00014738304632101965,0.00014738304632101965,0.0001564339073579607,stop,-2.0059532440028893,-2.0859532440028894,12
1000SATS,long,2025-01-10 18:05:00+00:00,2025-01-10 18:10:00+00:00,2025-01-10 18:45:00+00:00,113701,113702,113709,0.0001489,0.0001474011058192574,0.0001474011058192574,0.00015189778836148516,stop,-1.0066448493905922,-1.0866448493905922,8
1000SATS,long,2025-01-10 19:55:00+00:00,2025-01-10 20:00:00+00:00,2025-01-10 20:10:00+00:00,113723,113724,113726,0.0001489,0.0001476778315022574,0.0001476778315022574,0.00015104433699548523,stop,-0.8207981851864221,-0.9007981851864222,3
1000SATS,short,2025-01-11 15:50:00+00:00,2025-01-11 15:55:00+00:00,2025-01-11 16:25:00+00:00,113962,113963,113969,0.000147,0.0001454288285585034,0.0001479355857207483,0.0001454288285585034,take_profit,1.0803713796432968,1.0003713796432967,7
1000SATS,long,2025-01-11 20:30:00+00:00,2025-01-11 20:35:00+00:00,2025-01-11 21:05:00+00:00,114018,114019,114025,0.0001488,0.00014786860315332652,0.00014786860315332652,0.00015096279369334692,stop,-0.6259387410440187,-0.7059387410440188,7
1000SATS,short,2025-01-12 16:05:00+00:00,2025-01-12 16:10:00+00:00,2025-01-12 19:30:00+00:00,114253,114254,114294,0.0001457,0.00014345386908890122,0.00014697306545554938,0.00014345386908890122,take_profit,1.565751363392498,1.485751363392498,41
1000SATS,short,2025-01-13 15:35:00+00:00,2025-01-13 15:40:00+00:00,2025-01-13 17:00:00+00:00,114535,114536,114552,0.0001363,0.00013755718661661605,0.00013755718661661605,0.00013378562676676792,stop,-0.9139374303430148,-0.9939374303430148,17
1000SATS,short,2025-01-13 17:05:00+00:00,2025-01-13 17:10:00+00:00,2025-01-13 18:05:00+00:00,114553,114554,114565,0.0001364,0.00013349438583245405,0.00013770280708377299,0.00013349438583245405,take_profit,2.176581546427525,2.096581546427525,12
1000SATS,long,2025-01-14 17:10:00+00:00,2025-01-14 17:15:00+00:00,2025-01-14 18:50:00+00:00,114842,114843,114862,0.0001378,0.00014069332560652417,0.0001363533371967379,0.00014069332560652417,take_profit,2.099655737680828,2.0196557376808277,20
1000SATS,long,2025-01-14 20:30:00+00:00,2025-01-14 20:35:00+00:00,2025-01-14 20:40:00+00:00,114882,114883,114884,0.0001378,0.00013692316212375334,0.00013692316212375334,0.0001395536757524933,stop,-0.6363119566376252,-0.7163119566376253,2
1000SATS,long,2025-01-14 20:55:00+00:00,2025-01-14 21:00:00+00:00,2025-01-14 21:20:00+00:00,114887,114888,114892,0.0001379,0.0001367397409457643,0.0001367397409457643,0.00013992051810847136,stop,-0.8413771241738144,-0.9213771241738145,5
1000SATS,short,2025-01-15 15:15:00+00:00,2025-01-15 15:20:00+00:00,2025-01-15 15:50:00+00:00,115107,115108,115114,0.0001374,0.00013839682158901917,0.00013839682158901917,0.00013570635682196169,stop,-0.7202633540091763,-0.8002633540091764,7
1000SATS,long,2025-01-15 16:15:00+00:00,2025-01-15 16:20:00+00:00,2025-01-15 16:55:00+00:00,115119,115120,115127,0.0001392,0.0001381096761173664,0.0001381096761173664,0.0001413806477652672,stop,-0.783278651317243,-0.863278651317243,8
1000SATS,long,2025-01-15 17:25:00+00:00,2025-01-15 17:30:00+00:00,2025-01-15 17:45:00+00:00,115133,115134,115137,0.0001394,0.00013819196371363273,0.00013819196371363273,0.00014211607257273454,stop,-0.866597049043949,-0.946597049043949,4
1000SATS,short,2025-01-16 17:15:00+00:00,2025-01-16 17:20:00+00:00,2025-01-16 21:20:00+00:00,115419,115420,115468,0.0001416,0.0001440776503566957,0.0001440776503566957,0.00013664469928660857,stop,-1.719663216718037,-1.7996632167180369,49
1000SATS,long,2025-01-17 15:10:00+00:00,2025-01-17 15:15:00+00:00,2025-01-17 15:35:00+00:00,115682,115683,115687,0.0001444,0.0001435523165964893,0.0001435523165964893,0.00014609536680702142,stop,-0.5870383680822044,-0.6670383680822045,5
1000SATS,long,2025-01-17 17:25:00+00:00,2025-01-17 17:30:00+00:00,2025-01-17 17:55:00+00:00,115709,115710,115715,0.0001444,0.00014667861749059533,0.00014326069125470236,0.00014667861749059533,take_profit,1.5779899519358098,1.4979899519358097,6
1000SATS,short,2025-01-18 16:05:00+00:00,2025-01-18 16:10:00+00:00,2025-01-18 17:05:00+00:00,115981,115982,115993,0.0001348,0.00013086732595451168,0.00013691633702274416,0.00013086732595451168,take_profit,3.0050847427380623,2.925084742738062,12
1000SATS,short,2025-01-19 15:45:00+00:00,2025-01-19 15:50:00+00:00,2025-01-19 17:15:00+00:00,116265,116266,116283,0.000128,0.00012422568760997175,0.00013003715619501412,0.00012422568760997175,take_profit,3.0382704758120216,2.9582704758120215,18
1000SATS,short,2025-01-23 15:50:00+00:00,2025-01-23 15:55:00+00:00,2025-01-23 16:05:00+00:00,117418,117419,117421,0.0001308,0.00013253961995165017,0.00013253961995165017,0.0001276207600966997,stop,-1.3125282479946487,-1.3925282479946488,3
1000SATS,long,2025-01-23 17:00:00+00:00,2025-01-23 17:05:00+00:00,2025-01-23 21:45:00+00:00,117432,117433,117489,0.0001343,0.00013149071302408468,0.00013149071302408468,0.00013991857395183067,stop,-2.091799684225859,-2.171799684225859,57
1000SATS,long,2025-01-24 19:50:00+00:00,2025-01-24 19:55:00+00:00,2025-01-25 00:40:00+00:00,117754,117755,117812,0.0001354,0.00013357443371435896,0.00013357443371435896,0.00013935113257128204,stop,-1.3482764295724148,-1.4282764295724149,58
1000SATS,short,2025-01-25 16:25:00+00:00,2025-01-25 16:30:00+00:00,2025-01-25 18:50:00+00:00,118001,118002,118030,0.0001272,0.00012534588809403924,0.00012812705595298038,0.00012534588809403924,take_profit,1.4791964332884433,1.3991964332884432,29
1000SATS,long,2025-01-25 20:05:00+00:00,2025-01-25 20:10:00+00:00,2025-01-25 21:40:00+00:00,118045,118046,118064,0.0001314,0.00013774855602680715,0.0001280757219865964,0.00013774855602680715,take_profit,4.8314733841759105,4.7514733841759105,19
1000SATS,short,2025-01-26 15:10:00+00:00,2025-01-26 15:15:00+00:00,2025-01-26 16:10:00+00:00,118274,118275,118286,0.0001394,0.00014041073484140072,0.00014041073484140072,0.00013737853031719856,stop,-0.7198415723287721,-0.7998415723287722,12
1000SATS,short,2025-01-26 16:25:00+00:00,2025-01-26 16:30:00+00:00,2025-01-26 18:25:00+00:00,118289,118290,118313,0.0001394,0.00013718244521061142,0.0001405087773946943,0.00013718244521061142,take_profit,1.6165004100809233,1.5365004100809232,24
1000SATS,short,2025-01-27 16:25:00+00:00,2025-01-27 16:30:00+00:00,2025-01-27 18:05:00+00:00,118577,118578,118597,0.0001241,0.00012919258635622893,0.00012919258635622893,0.00011421482728754217,stop,-3.9418564949128654,-4.021856494912866,20
1000SATS,long,2025-01-28 15:40:00+00:00,2025-01-28 15:45:00+00:00,2025-01-28 16:00:00+00:00,118856,118857,118860,0.0001326,0.0001317025477315618,0.0001317025477315618,0.0001343949045368764,stop,-0.6768116654888412,-0.7568116654888413,4
1000SATS,short,2025-01-28 17:30:00+00:00,2025-01-28 17:35:00+00:00,2025-01-28 17:55:00+00:00,118878,118879,118883,0.0001301,0.00013124460858027619,0.00013124460858027619,0.0001275107828394476,stop,-0.8721185522650221,-0.9521185522650222,5
1000SATS,short,2025-01-28 18:25:00+00:00,2025-01-28 18:30:00+00:00,2025-01-28 18:55:00+00:00,118889,118890,118895,0.0001299,0.00013090700813835263,0.00013090700813835263,0.00012758598372329476,stop,-0.7692545667901451,-0.8492545667901452,6
1000SATS,short,2025-01-31 15:20:00+00:00,2025-01-31 15:25:00+00:00,2025-01-31 16:10:00+00:00,119716,119717,119726,0.0001404,0.00014180506067453403,0.00014180506067453403,0.00013758987865093193,stop,-0.9908395848853946,-1.0708395848853947,10
1000SATS,short,2025-01-31 18:00:00+00:00,2025-01-31 18:05:00+00:00,2025-01-31 18:30:00+00:00,119748,119749,119754,0.0001408,0.00014192770920546063,0.00014192770920546063,0.00013824458158907875,stop,-0.7945659179407372,-0.8745659179407372,6
1000SATS,long,2025-01-31 20:55:00+00:00,2025-01-31 21:00:00+00:00,2025-01-31 21:35:00+00:00,119783,119784,119791,0.0001432,0.00014176360989607097,0.00014176360989607097,0.000146372780207858,stop,-1.003065715034246,-1.083065715034246,8
1000SATS,short,2025-02-01 15:10:00+00:00,2025-02-01 15:15:00+00:00,2025-02-01 17:25:00+00:00,120002,120003,120029,0.0001386,0.00013668528891594124,0.00013940735554202939,0.00013668528891594124,take_profit,1.4008172344254888,1.3208172344254887,27
1000SATS,short,2025-02-02 15:45:00+00:00,2025-02-02 15:50:00+00:00,2025-02-02 22:05:00+00:00,120297,120298,120373,0.0001243,0.00012547673416062855,0.00012547673416062855,0.00012224653167874287,stop,-0.9378106375657946,-1.0178106375657947,76
1000SATS,long,2025-02-03 15:05:00+00:00,2025-02-03 15:10:00+00:00,2025-02-03 15:25:00+00:00,120577,120578,120581,0.0001253,0.00012842442441967272,0.00012358778779016365,0.00012842442441967272,take_profit,2.4935550037292087,2.4135550037292086,4
1000SATS,long,2025-02-03 15:50:00+00:00,2025-02-03 15:55:00+00:00,2025-02-03 17:35:00+00:00,120586,120587,120607,0.0001265,0.00012235369517521767,0.00012235369517521767,0.00013509260964956462,stop,-3.2777113239386146,-3.3577113239386147,21
1000SATS,long,2025-02-03 18:00:00+00:00,2025-02-03 18:05:00+00:00,2025-02-03 23:05:00+00:00,120612,120613,120673,0.0001249,0.0001218927306963228,0.0001218927306963228,0.0001309145386073544,stop,-2.4077416362507598,-2.48774163625076,61
1000SATS,short,2025-02-04 16:35:00+00:00,2025-02-04 16:40:00+00:00,2025-02-04 18:30:00+00:00,120883,120884,120906,0.0001229,0.0001247454181830909,0.0001247454181830909,0.0001192091636338182,stop,-1.4793474661989992,-1.5593474661989992,23
1000SATS,long,2025-02-06 15:30:00+00:00,2025-02-06 15:35:00+00:00,2025-02-06 22:00:00+00:00,121446,121447,121524,0.0001231,0.0001249901166566216,0.00012215494167168922,0.0001249901166566216,take_profit,1.5354318900256514,1.4554318900256513,78
1000SATS,long,2025-02-07 16:15:00+00:00,2025-02-07 16:20:00+00:00,2025-02-07 21:00:00+00:00,121743,121744,121800,0.0001222,0.0001236522564643589,0.00012147387176782054,0.0001236522564643589,take_profit,1.1884259119139928,1.1084259119139928,57
1000SATS,long,2025-02-08 15:15:00+00:00,2025-02-08 15:20:00+00:00,2025-02-08 15:55:00+00:00,122019,122020,122027,0.0001223,0.0001218776781488398,0.0001218776781488398,0.00012314464370232037,stop,-0.34531631329532964,-0.42531631329532965,8
1000SATS,long,2025-02-08 16:35:00+00:00,2025-02-08 16:40:00+00:00,2025-02-09 02:35:00+00:00,122035,122036,122155,0.0001224,0.0001234064081383553,0.00012174679593082233,0.0001234064081383553,take_profit,0.8222288712053327,0.7422288712053327,120
1000SATS,long,2025-02-09 15:05:00+00:00,2025-02-09 15:10:00+00:00,2025-02-09 15:20:00+00:00,122305,122306,122308,0.0001247,0.00012364140875598622,0.00012364140875598622,0.00012681718248802755,stop,-0.8489103801233244,-0.9289103801233245,3
1000SATS,long,2025-02-09 15:45:00+00:00,2025-02-09 15:50:00+00:00,2025-02-09 17:25:00+00:00,122313,122314,122333,0.0001246,0.0001263499303949624,0.0001237250348025188,0.0001263499303949624,take_profit,1.4044385192314657,1.3244385192314656,20
1000SATS,long,2025-02-10 16:20:00+00:00,2025-02-10 16:25:00+00:00,2025-02-10 19:40:00+00:00,122608,122609,122648,0.0001277,0.00012669388541371914,0.00012669388541371914,0.00012941222917256176,stop,-0.787873599280231,-0.8678735992802311,40
1000SATS,short,2025-02-10 20:50:00+00:00,2025-02-10 20:55:00+00:00,2025-02-11 00:10:00+00:00,122662,122663,122702,0.0001256,0.00012370414048376346,0.00012654792975811825,0.00012370414048376346,take_profit,1.5325756347544184,1.4525756347544183,40
1000SATS,long,2025-02-11 15:40:00+00:00,2025-02-11 15:45:00+00:00,2025-02-11 16:45:00+00:00,122888,122889,122901,0.000127,0.0001258306638984064,0.0001258306638984064,0.0001293386722031872,stop,-0.9207370878689836,-1.0007370878689836,13
1000SATS,short,2025-02-11 19:00:00+00:00,2025-02-11 19:05:00+00:00,2025-02-12 04:30:00+00:00,122928,122929,123042,0.000125,0.00012270639048327445,0.00012629680475836278,0.00012270639048327445,take_profit,1.8691850584898306,1.7891850584898308,114
1000SATS,short,2025-02-12 15:05:00+00:00,2025-02-12 15:10:00+00:00,2025-02-12 17:05:00+00:00,123169,123170,123193,0.0001228,0.00012316400020415423,0.00012316400020415423,0.00012177199959169155,stop,-0.2955410700779981,-0.37554107007799814,24
1000SATS,short,2025-02-12 17:35:00+00:00,2025-02-12 17:40:00+00:00,2025-02-12 19:00:00+00:00,123199,123200,123216,0.0001227,0.00012339274260577792,0.00012339274260577792,0.00012131451478844416,stop,-0.5614127631404786,-0.6414127631404787,17
1000SATS,long,2025-02-12 19:10:00+00:00,2025-02-12 19:15:00+00:00,2025-02-12 22:30:00+00:00,123218,123219,123258,0.0001235,0.00012300685583258324,0.00012300685583258324,0.0001244862883348335,stop,-0.39930701815121816,-0.4793070181512182,40
1000SATS,long,2025-02-13 15:20:00+00:00,2025-02-13 15:25:00+00:00,2025-02-13 16:00:00+00:00,123460,123461,123468,0.0001274,0.00012663012176649955,0.00012663012176649955,0.00012893975646700092,stop,-0.6043000262954901,-0.6843000262954901,8
1000SATS,long,2025-02-13 16:05:00+00:00,2025-02-13 16:10:00+00:00,2025-02-13 17:35:00+00:00,123469,123470,123487,0.0001275,0.00012632807187770405,0.00012632807187770405,0.00012984385624459192,stop,-0.919159311604667,-0.9991593116046671,18
1000SATS,long,2025-02-13 19:20:00+00:00,2025-02-13 19:25:00+00:00,2025-02-13 19:30:00+00:00,123508,123509,123510,0.0001277,0.0001267484218332715,0.0001267484218332715,0.00012960315633345695,stop,-0.7451669277435236,-0.8251669277435236,2
1000SATS,long,2025-02-14 15:10:00+00:00,2025-02-14 15:15:00+00:00,2025-02-14 17:40:00+00:00,123746,123747,123776,0.0001265,0.00012778598765845526,0.0001258570061707724,0.00012778598765845526,take_profit,1.0165910343519657,0.9365910343519657,30
1000SATS,short,2025-02-15 15:30:00+00:00,2025-02-15 15:35:00+00:00,2025-02-15 17:00:00+00:00,124038,124039,124056,0.0001284,0.00012936501051862717,0.00012936501051862717,0.00012646997896274568,stop,-0.745959448198874,-0.8259594481988741,18
1000SATS,short,2025-02-15 17:05:00+00:00,2025-02-15 17:10:00+00:00,2025-02-15 17:15:00+00:00,124057,124058,124059,0.0001287,0.00012958658712817564,0.00012958658712817564,0.00012662682574364874,stop,-0.684165813625992,-0.7641658136259921,2
1000SATS,long,2025-02-15 17:40:00+00:00,2025-02-15 17:45:00+00:00,2025-02-15 20:20:00+00:00,124064,124065,124096,0.0001303,0.00012904610124349618,0.00012904610124349618,0.00013310779751300763,stop,-0.9623167739860383,-1.0423167739860384,32
1000SATS,short,2025-02-16 16:05:00+00:00,2025-02-16 16:10:00+00:00,2025-02-16 20:15:00+00:00,124333,124334,124383,0.0001257,0.0001264809232171972,0.0001264809232171972,0.00012443815356560556,stop,-0.6174237168210639,-0.697423716821064,50
1000SATS,long,2025-02-17 15:10:00+00:00,2025-02-17 15:15:00+00:00,2025-02-17 15:20:00+00:00,124610,124611,124612,0.0001244,0.00012356010507414737,0.00012356010507414737,0.00012607978985170522,stop,-0.6751566928075659,-0.7551566928075659,2
1000SATS,long,2025-02-17 15:35:00+00:00,2025-02-17 15:40:00+00:00,2025-02-17 16:30:00+00:00,124615,124616,124626,0.0001242,0.00012339283742134117,0.00012339283742134117,0.00012581432515731768,stop,-0.6498893547977724,-0.7298893547977725,11
1000SATS,long,2025-02-17 18:40:00+00:00,2025-02-17 18:45:00+00:00,2025-02-17 19:30:00+00:00,124652,124653,124662,0.0001243,0.00012363315308788807,0.00012363315308788807,0.0001253336938242239,stop,-0.5364818279259387,-0.6164818279259388,10
1000SATS,short,2025-02-18 15:05:00+00:00,2025-02-18 15:10:00+00:00,2025-02-18 16:25:00+00:00,124897,124898,124913,0.0001228,0.00012339559329843845,0.00012339559329843845,0.00012160881340312311,stop,-0.4826698284094877,-0.5626698284094878,16
1000SATS,short,2025-02-18 16:50:00+00:00,2025-02-18 16:55:00+00:00,2025-02-18 17:05:00+00:00,124918,124919,124921,0.0001229,0.00012326888151700138,0.00012326888151700138,0.00012186223696599726,stop,-0.2992495043856569,-0.3792495043856569,3
1000SATS,short,2025-02-18 17:45:00+00:00,2025-02-18 17:50:00+00:00,2025-02-18 18:15:00+00:00,124929,124930,124935,0.0001229,0.00012335259614511536,0.00012335259614511536,0.00012169480770976928,stop,-0.36691254117011685,-0.44691254117011686,6
1000SATS,long,2025-02-19 15:10:00+00:00,2025-02-19 15:15:00+00:00,2025-02-19 15:25:00+00:00,125186,125187,125189,0.0001238,0.00012325526228676442,0.00012325526228676442,0.00012458947542647115,stop,-0.44001430794473606,-0.5200143079447361,3
1000SATS,long,2025-02-19 15:45:00+00:00,2025-02-19 15:50:00+00:00,2025-02-20 01:15:00+00:00,125193,125194,125307,0.0001236,0.00012467740922755976,0.00012306129538622012,0.00012467740922755976,take_profit,0.8716903135596699,0.7916903135596698,114
1000SATS,short,2025-02-20 15:10:00+00:00,2025-02-20 15:15:00+00:00,2025-02-20 20:50:00+00:00,125474,125475,125542,0.0001241,0.00012454769645548207,0.00012454769645548207,0.00012320460708903588,stop,-0.3594578368152246,-0.4394578368152246,68
1000SATS,long,2025-02-21 16:25:00+00:00,2025-02-21 16:30:00+00:00,2025-02-21 18:15:00+00:00,125777,125778,125799,0.0001251,0.00012598957601519297,0.00012465521199240352,0.00012598957601519297,take_profit,0.7110919386034809,0.6310919386034808,22
1000SATS,long,2025-02-22 15:15:00+00:00,2025-02-22 15:20:00+00:00,2025-02-22 16:00:00+00:00,126051,126052,126060,0.0001245,0.00012416339334451107,0.00012416339334451107,0.00012517321331097784,stop,-0.27036679155736376,-0.3503667915573638,9
1000SATS,long,2025-02-22 16:20:00+00:00,2025-02-22 16:25:00+00:00,2025-02-22 17:10:00+00:00,126064,126065,126074,0.0001244,0.00012519715574148082,0.00012415142212925958,0.00012519715574148082,take_profit,0.6408004352739693,0.5608004352739693,10
1000SATS,short,2025-02-24 17:05:00+00:00,2025-02-24 17:10:00+00:00,2025-02-25 04:40:00+00:00,126649,126650,126788,0.0001231,0.00012180902699303141,0.0001237454865034843,0.00012180902699303141,take_profit,1.0598336090825722,0.9798336090825721,139
1000SATS,short,2025-02-25 15:05:00+00:00,2025-02-25 15:10:00+00:00,2025-02-25 16:25:00+00:00,126913,126914,126929,0.0001214,0.00012056054204794223,0.00012196972897602888,0.00012056054204794223,take_profit,0.6962957679171211,0.616295767917121,16
1000SATS,long,2025-02-25 16:50:00+00:00,2025-02-25 16:55:00+00:00,2025-02-25 19:20:00+00:00,126934,126935,126964,0.0001223,0.00012130859697565567,0.00012130859697565567,0.00012428280604868862,stop,-0.8106320722357507,-0.8906320722357508,30
1000SATS,long,2025-02-25 19:25:00+00:00,2025-02-25 19:30:00+00:00,2025-02-25 21:05:00+00:00,126965,126966,126985,0.0001227,0.00012553105887564144,0.00012128447056217928,0.00012553105887564144,take_profit,2.3073014471405306,2.2273014471405306,20
1000SATS,long,2025-02-26 15:10:00+00:00,2025-02-26 15:15:00+00:00,2025-02-26 18:35:00+00:00,127202,127203,127243,0.0001273,0.00012941914919128295,0.00012639042540435854,0.00012941914919128295,take_profit,1.6646890740635856,1.5846890740635857,41
1000SATS,long,2025-02-27 15:05:00+00:00,2025-02-27 15:10:00+00:00,2025-02-27 15:30:00+00:00,127489,127490,127494,0.0001381,0.00014111191986690695,0.00013659404006654652,0.00014111191986690695,take_profit,2.180970214994171,2.100970214994171,5
1000SATS,short,2025-02-27 17:15:00+00:00,2025-02-27 17:20:00+00:00,2025-02-27 18:10:00+00:00,127515,127516,127526,0.000135,0.00013713579780564304,0.00013713579780564304,0.00013042840438871393,stop,-1.5574327344272332,-1.637432734427233,11
1000SATS,short,2025-02-27 19:30:00+00:00,2025-02-27 19:35:00+00:00,2025-02-27 20:00:00+00:00,127542,127543,127548,0.0001353,0.00013613071014159062,0.00013613071014159062,0.0001336385797168188,stop,-0.6102297863036066,-0.6902297863036067,6
1000SATS,short,2025-02-27 20:45:00+00:00,2025-02-27 20:50:00+00:00,2025-02-27 21:05:00+00:00,127557,127558,127561,0.0001352,0.00013323664467260017,0.00013618167766369992,0.00013323664467260017,take_profit,1.4735850878144996,1.3935850878144995,4
1000SATS,short,2025-02-28 15:10:00+00:00,2025-02-28 15:15:00+00:00,2025-03-01 00:25:00+00:00,127778,127779,127889,0.0001247,0.00012780266231309805,0.00012780266231309805,0.00011849467537380389,stop,-2.4276977153237844,-2.5076977153237845,111
1000SATS,short,2025-03-01 15:15:00+00:00,2025-03-01 15:20:00+00:00,2025-03-02 18:30:00+00:00,128067,128068,128394,0.0001266,0.00012833077881444456,0.00012833077881444456,0.00012313844237111084,stop,-1.3486856624996713,-1.4286856624996713,327
1000SATS,short,2025-03-03 15:10:00+00:00,2025-03-03 15:15:00+00:00,2025-03-03 15:40:00+00:00,128642,128643,128648,0.000131,0.00012881751030689706,0.0001320912448465515,0.00012881751030689706,take_profit,1.6942492429044442,1.6142492429044444,6
1000SATS,short,2025-03-04 15:15:00+00:00,2025-03-04 15:20:00+00:00,2025-03-04 17:25:00+00:00,128931,128932,128957,0.0001239,0.000124556457061532,0.000124556457061532,0.00012258708587693603,stop,-0.527035753118521,-0.6070357531185211,26
1000SATS,short,2025-03-04 17:35:00+00:00,2025-03-04 17:40:00+00:00,2025-03-04 23:35:00+00:00,128959,128960,129031,0.0001239,0.00012477074001279582,0.00012477074001279582,0.00012185851997440836,stop,-0.6978719631754338,-0.7778719631754338,72
1000SATS,long,2025-03-05 15:40:00+00:00,2025-03-05 15:45:00+00:00,2025-03-05 19:30:00+00:00,129224,129225,129270,0.0001237,0.00012479778024620085,0.00012315110987689957,0.00012479778024620085,take_profit,0.8874537156029483,0.8074537156029482,46
1000SATS,long,2025-03-05 20:55:00+00:00,2025-03-05 21:00:00+00:00,2025-03-06 14:30:00+00:00,129287,129288,129498,0.0001237,0.000125165603499073,0.0001229671982504635,0.000125165603499073,take_profit,1.1848047688544971,1.104804768854497,211
1000SATS,short,2025-03-07 16:35:00+00:00,2025-03-07 16:40:00+00:00,2025-03-07 17:00:00+00:00,129811,129812,129816,0.0001231,0.00012350977398385986,0.00012350977398385986,0.00012198045203228031,stop,-0.3317745394898042,-0.4117745394898042,5
1000SATS,short,2025-03-07 17:20:00+00:00,2025-03-07 17:25:00+00:00,2025-03-07 18:10:00+00:00,129820,129821,129830,0.000123,0.00012343079728589098,0.00012343079728589098,0.00012213840542821806,stop,-0.34901928478445754,-0.42901928478445756,10
1000SATS,short,2025-03-08 17:20:00+00:00,2025-03-08 17:25:00+00:00,2025-03-08 20:45:00+00:00,130108,130109,130149,0.0001226,0.00012168191652217597,0.000122909041738912,0.00012168191652217597,take_profit,0.7544945905390232,0.6744945905390232,41
1000SATS,short,2025-03-09 15:00:00+00:00,2025-03-09 15:05:00+00:00,2025-03-09 16:20:00+00:00,130368,130369,130384,0.0001218,0.0001221559629774542,0.0001221559629774542,0.0001213880740450916,stop,-0.291400410408027,-0.371400410408027,16
1000SATS,short,2025-03-09 18:35:00+00:00,2025-03-09 18:40:00+00:00,2025-03-09 20:00:00+00:00,130411,130412,130428,0.000122,0.00012223405140124373,0.00012223405140124373,0.00012123189719751252,stop,-0.19147806896741004,-0.27147806896741006,17
1000SATS,short,2025-03-10 14:30:00+00:00,2025-03-10 14:35:00+00:00,2025-03-10 15:15:00+00:00,130650,130651,130659,0.0001216,0.00012198002037125157,0.00012198002037125157,0.00012083995925749687,stop,-0.3115431282065373,-0.3915431282065373,9
1000SATS,short,2025-03-10 17:30:00+00:00,2025-03-10 17:35:00+00:00,2025-03-10 18:15:00+00:00,130686,130687,130695,0.0001217,0.0001219501488556476,0.0001219501488556476,0.0001208997022887048,stop,-0.20512386249211811,-0.28512386249211813,9
1000SATS,long,2025-03-11 14:10:00+00:00,2025-03-11 14:15:00+00:00,2025-03-11 22:05:00+00:00,130934,130935,131029,0.0001217,0.00012118905057832379,0.00012118905057832379,0.00012242189884335242,stop,-0.41984340318506064,-0.49984340318506065,95
1000SATS,long,2025-03-12 18:30:00+00:00,2025-03-12 18:35:00+00:00,2025-03-15 00:05:00+00:00,131274,131275,131917,0.0001221,0.0001236306184553557,0.00012133469077232217,0.0001236306184553557,take_profit,1.2535777685140692,1.1735777685140691,643
1000SATS,short,2025-03-16 14:15:00+00:00,2025-03-16 14:20:00+00:00,2025-03-16 21:20:00+00:00,132375,132376,132460,0.0001222,0.00012154064913827341,0.00012252967543086328,0.00012154064913827341,take_profit,0.542494109091396,0.46249410909139593,85
1000SATS,short,2025-03-17 14:35:00+00:00,2025-03-17 14:40:00+00:00,2025-03-17 21:00:00+00:00,132667,132668,132744,0.0001219,0.00012212302451451723,0.00012212302451451723,0.00012145395097096553,stop,-0.18262282268542984,-0.26262282268542986,77
1000SATS,short,2025-03-18 15:15:00+00:00,2025-03-18 15:20:00+00:00,2025-03-18 17:20:00+00:00,132963,132964,132988,0.000121,0.00012134458684975272,0.00012134458684975272,0.00012031082630049456,stop,-0.2839738126756197,-0.36397381267561973,25
1000SATS,short,2025-03-18 19:15:00+00:00,2025-03-18 19:20:00+00:00,2025-03-18 23:45:00+00:00,133011,133012,133065,0.000121,0.00012133954706915992,0.00012133954706915992,0.00012032090586168015,stop,-0.27983215477670464,-0.35983215477670466,54
1000SATS,short,2025-03-19 14:10:00+00:00,2025-03-19 14:15:00+00:00,2025-03-19 14:50:00+00:00,133238,133239,133246,0.0001213,0.00012154020385278843,0.00012154020385278843,0.00012051959229442316,stop,-0.19763324823723893,-0.27763324823723895,8
1000SATS,short,2025-03-19 17:50:00+00:00,2025-03-19 17:55:00+00:00,2025-03-19 19:30:00+00:00,133282,133283,133302,0.0001212,0.00012153069292368888,0.00012153069292368888,0.00012053861415262225,stop,-0.2721065071985773,-0.35210650719857733,20
1000SATS,short,2025-03-19 19:45:00+00:00,2025-03-19 19:50:00+00:00,2025-03-20 09:00:00+00:00,133305,133306,133464,0.0001213,0.00012155615870894929,0.00012155615870894929,0.00012048768258210144,stop,-0.21073280997849775,-0.29073280997849776,159
1000SATS,short,2025-03-20 18:35:00+00:00,2025-03-20 18:40:00+00:00,2025-03-21 03:40:00+00:00,133579,133580,133688,0.0001211,0.00012141405259227887,0.00012141405259227887,0.00012047189481544228,stop,-0.25866247404943143,-0.33866247404943145,109
1000SATS,long,2025-03-21 14:45:00+00:00,2025-03-21 14:50:00+00:00,2025-03-21 17:40:00+00:00,133821,133822,133856,0.0001234,0.00012630825311735598,0.000122095873441322,0.00012630825311735598,take_profit,2.3567691388622247,2.2767691388622247,35
1000SATS,long,2025-03-22 14:10:00+00:00,2025-03-22 14:15:00+00:00,2025-03-22 15:00:00+00:00,134102,134103,134112,0.0001259,0.00012711206969882137,0.00012544396515058932,0.00012711206969882137,take_profit,0.9627241452115687,0.8827241452115686,10
1000SATS,long,2025-03-22 18:35:00+00:00,2025-03-22 18:40:00+00:00,2025-03-22 22:35:00+00:00,134155,134156,134203,0.000126,0.0001252053771822878,0.0001252053771822878,0.0001275892456354244,stop,-0.630653029930317,-0.7106530299303171,48
1000SATS,short,2025-03-23 15:10:00+00:00,2025-03-23 15:15:00+00:00,2025-03-23 15:35:00+00:00,134402,134403,134407,0.0001242,0.00012457296532872262,0.00012457296532872262,0.00012345406934255478,stop,-0.29939507961332934,-0.37939507961332936,5
1000SATS,long,2025-03-23 17:05:00+00:00,2025-03-23 17:10:00+00:00,2025-03-23 18:40:00+00:00,134425,134426,134444,0.0001249,0.00012462028427373542,0.00012462028427373542,0.00012545943145252916,stop,-0.22395174240559257,-0.3039517424055926,19
1000SATS,long,2025-03-23 18:45:00+00:00,2025-03-23 18:50:00+00:00,2025-03-23 19:10:00+00:00,134445,134446,134450,0.0001255,0.00012786251616481552,0.00012431874191759222,0.00012786251616481552,take_profit,1.882482999853008,1.802482999853008,5
1000SATS,long,2025-03-24 16:35:00+00:00,2025-03-24 16:40:00+00:00,2025-03-24 23:30:00+00:00,134707,134708,134790,0.0001419,0.00013908126309775766,0.00013908126309775766,0.0001472374738044847,stop,-1.986424878253945,-2.066424878253945,83
1000SATS,long,2025-03-25 14:05:00+00:00,2025-03-25 14:10:00+00:00,2025-03-25 14:35:00+00:00,134965,134966,134971,0.0001444,0.00014640838608868248,0.00014339580695565878,0.00014640838608868248,take_profit,1.39084909188536,1.31084909188536,6
1000SATS,short,2025-03-27 14:30:00+00:00,2025-03-27 14:35:00+00:00,2025-03-27 17:50:00+00:00,135546,135547,135586,0.0001048,0.00010230638516629275,0.00010604680741685363,0.00010230638516629275,take_profit,2.437399024170417,2.357399024170417,40
1000SATS,long,2025-03-28 17:20:00+00:00,2025-03-28 17:25:00+00:00,2025-03-28 17:40:00+00:00,135868,135869,135872,9.21e-05,9.106209652625048e-05,9.106209652625048e-05,9.447580694749905e-05,stop,-1.1269310247008946,-1.2069310247008946,4
1000SATS,short,2025-03-29 15:00:00+00:00,2025-03-29 15:05:00+00:00,2025-03-30 01:50:00+00:00,136128,136129,136258,9.1e-05,8.843374748668108e-05,9.213312625665946e-05,8.843374748668108e-05,take_profit,2.9018927572931563,2.8218927572931563,130
1000SATS,long,2025-03-30 17:50:00+00:00,2025-03-30 17:55:00+00:00,2025-03-30 19:15:00+00:00,136450,136451,136467,8.57e-05,8.494481305010914e-05,8.494481305010914e-05,8.691037389978171e-05,stop,-0.8811983079239916,-0.9611983079239916,17
1000SATS,long,2025-03-30 19:20:00+00:00,2025-03-30 19:25:00+00:00,2025-03-30 23:00:00+00:00,136468,136469,136512,8.57e-05,8.442705365667835e-05,8.442705365667835e-05,8.824589268664328e-05,stop,-1.4853516258128807,-1.5653516258128806,44
1000SATS,short,2025-03-31 15:25:00+00:00,2025-03-31 15:30:00+00:00,2025-03-31 16:50:00+00:00,136709,136710,136726,8.21e-05,7.989043813656854e-05,8.335478093171574e-05,7.989043813656854e-05,take_profit,2.765740074743772,2.685740074743772,17
1000SATS,long,2025-04-01 14:15:00+00:00,2025-04-01 14:20:00+00:00,2025-04-01 15:00:00+00:00,136983,136984,136992,7.44e-05,7.380235328917149e-05,7.380235328917149e-05,7.589529342165701e-05,stop,-0.8032885898232811,-0.8832885898232812,9
1000SATS,short,2025-04-01 16:05:00+00:00,2025-04-01 16:10:00+00:00,2025-04-01 17:20:00+00:00,137005,137006,137020,7.34e-05,7.439800361576165e-05,7.439800361576165e-05,7.17039927684767e-05,stop,-1.3414387043447773,-1.4214387043447774,15
1000SATS,long,2025-04-01 18:40:00+00:00,2025-04-01 18:45:00+00:00,2025-04-01 19:30:00+00:00,137036,137037,137046,7.44e-05,7.37343124448054e-05,7.37343124448054e-05,7.573137511038921e-05,stop,-0.8947413376271585,-0.9747413376271585,10
1000SATS,short,2025-04-02 14:40:00+00:00,2025-04-02 14:45:00+00:00,2025-04-02 16:30:00+00:00,137276,137277,137298,6.3e-05,6.43078341256899e-05,6.43078341256899e-05,6.03843317486202e-05,stop,-2.033708868399664,-2.113708868399664,22
1000SATS,short,2025-04-02 19:40:00+00:00,2025-04-02 19:45:00+00:00,2025-04-02 20:00:00+00:00,137336,137337,137340,6.33e-05,6.38498214347707e-05,6.38498214347707e-05,6.220035713045858e-05,stop,-0.8611166365318779,-0.9411166365318779,4
1000SATS,short,2025-04-03 14:05:00+00:00,2025-04-03 14:10:00+00:00,2025-04-03 15:55:00+00:00,137557,137558,137579,5.79e-05,5.656910283206105e-05,5.841544858396948e-05,5.656910283206105e-05,take_profit,2.3526927267876863,2.272692726787686,22
1000SATS,long,2025-04-04 14:05:00+00:00,2025-04-04 14:10:00+00:00,2025-04-04 15:30:00+00:00,137845,137846,137862,5.43e-05,5.356244168595476e-05,5.356244168595476e-05,5.577511662809048e-05,stop,-1.3583026041348867,-1.4383026041348868,17
1000SATS,long,2025-04-06 15:30:00+00:00,2025-04-06 15:35:00+00:00,2025-04-06 16:45:00+00:00,138438,138439,138453,4.61e-05,4.5668921585853235e-05,4.5668921585853235e-05,4.7262156828293525e-05,stop,-0.9350941738541563,-1.0150941738541563,15
1000SATS,short,2025-04-06 17:00:00+00:00,2025-04-06 17:05:00+00:00,2025-04-06 17:55:00+00:00,138456,138457,138467,4.51e-05,4.579008993416005e-05,4.579008993416005e-05,4.37198201316799e-05,stop,-1.5070726769750964,-1.5870726769750962,11
1000SATS,long,2025-04-06 18:20:00+00:00,2025-04-06 18:25:00+00:00,2025-04-06 18:30:00+00:00,138472,138473,138474,4.62e-05,4.572260655971201e-05,4.572260655971201e-05,4.715478688057597e-05,stop,-1.0333191348224857,-1.1133191348224858,2
1000SATS,short,2025-04-07 14:55:00+00:00,2025-04-07 15:00:00+00:00,2025-04-07 15:25:00+00:00,138719,138720,138725,4e-05,3.875262553868292e-05,4.0623687230658544e-05,3.875262553868292e-05,take_profit,3.2188127745614192,3.138812774561419,6
1000SATS,short,2025-04-07 18:55:00+00:00,2025-04-07 19:00:00+00:00,2025-04-07 19:15:00+00:00,138767,138768,138771,3.99e-05,4.065249558258553e-05,4.065249558258553e-05,3.839500883482894e-05,stop,-1.8510440055441002,-1.9310440055441,4
1000SATS,short,2025-04-08 14:25:00+00:00,2025-04-08 14:30:00+00:00,2025-04-08 15:10:00+00:00,139001,139002,139010,4.39e-05,4.2915836322786874e-05,4.439208183860657e-05,4.2915836322786874e-05,take_profit,2.2932412869945074,2.2132412869945073,9
1000SATS,short,2025-04-09 15:15:00+00:00,2025-04-09 15:20:00+00:00,2025-04-09 16:00:00+00:00,139299,139300,139308,3.71e-05,3.771153914826219e-05,3.771153914826219e-05,3.587692170347563e-05,stop,-1.6216234130830176,-1.7016234130830175,9
1000SATS,long,2025-04-09 19:25:00+00:00,2025-04-09 19:30:00+00:00,2025-04-09 19:30:00+00:00,139349,139350,139350,3.79e-05,3.7543537360302505e-05,3.7543537360302505e-05,3.861292527939499e-05,stop,-0.940534669386528,-1.020534669386528,1
1000SATS,long,2025-04-09 19:50:00+00:00,2025-04-09 19:55:00+00:00,2025-04-09 20:00:00+00:00,139354,139355,139356,3.8e-05,3.75436964827133e-05,3.75436964827133e-05,3.89126070345734e-05,stop,-1.2007987297018463,-1.2807987297018464,2
1000SATS,short,2025-04-10 16:30:00+00:00,2025-04-10 16:35:00+00:00,2025-04-10 18:15:00+00:00,139602,139603,139623,4.05e-05,4.1049721439983274e-05,4.1049721439983274e-05,3.910055712003345e-05,stop,-1.3391599764860596,-1.4191599764860596,21
1000SATS,long,2025-04-11 16:10:00+00:00,2025-04-11 16:15:00+00:00,2025-04-11 17:25:00+00:00,139886,139887,139901,4.43e-05,4.377074427526923e-05,4.377074427526923e-05,4.535851144946153e-05,stop,-1.1947081822364924,-1.2747081822364925,15
1000SATS,short,2025-04-14 14:35:00+00:00,2025-04-14 14:40:00+00:00,2025-04-14 16:35:00+00:00,140731,140732,140755,3.84e-05,3.887810204934321e-05,3.887810204934321e-05,3.744379590131358e-05,stop,-1.2297463717143797,-1.3097463717143798,24
1000SATS,short,2025-04-14 17:55:00+00:00,2025-04-14 18:00:00+00:00,2025-04-14 19:20:00+00:00,140771,140772,140788,3.84e-05,3.885439627091191e-05,3.885439627091191e-05,3.749120745817618e-05,stop,-1.1694848318929862,-1.2494848318929863,17
1000SATS,long,2025-04-15 16:15:00+00:00,2025-04-15 16:20:00+00:00,2025-04-15 19:15:00+00:00,141039,141040,141075,3.93e-05,3.8763050590311435e-05,3.8763050590311435e-05,4.037389881937713e-05,stop,-1.3662834852126382,-1.4462834852126383,36
1000SATS,short,2025-04-16 14:20:00+00:00,2025-04-16 14:25:00+00:00,2025-04-16 22:15:00+00:00,141304,141305,141399,3.78e-05,3.630701234995598e-05,3.8546493825022005e-05,3.630701234995598e-05,take_profit,4.1121192668055695,4.032119266805569,95
1000SATS,long,2025-04-17 14:10:00+00:00,2025-04-17 14:15:00+00:00,2025-04-17 15:05:00+00:00,141590,141591,141601,3.55e-05,3.6295499925754504e-05,3.510225003712275e-05,3.6295499925754504e-05,take_profit,2.240844861280289,2.160844861280289,11
1000SATS,long,2025-04-17 18:40:00+00:00,2025-04-17 18:45:00+00:00,2025-04-17 21:10:00+00:00,141644,141645,141674,3.56e-05,3.511256415661525e-05,3.511256415661525e-05,3.627487168676951e-05,stop,-1.3692018072605339,-1.449201807260534,30
1000SATS,long,2025-04-18 16:25:00+00:00,2025-04-18 16:30:00+00:00,2025-04-18 19:00:00+00:00,141905,141906,141936,3.64e-05,3.7734963265875235e-05,3.573251836706238e-05,3.7734963265875235e-05,take_profit,3.6674814996572547,3.5874814996572546,31
1000SATS,long,2025-04-19 14:45:00+00:00,2025-04-19 14:50:00+00:00,2025-04-19 15:10:00+00:00,142173,142174,142178,3.73e-05,3.811647572032881e-05,3.689176213983559e-05,3.811647572032881e-05,take_profit,2.1889429499432067,2.1089429499432066,5
1000SATS,long,2025-04-20 14:10:00+00:00,2025-04-20 14:15:00+00:00,2025-04-20 15:20:00+00:00,142454,142455,142468,3.95e-05,4.031645062159768e-05,3.909177468920116e-05,4.031645062159768e-05,take_profit,2.066963598981464,1.986963598981464,14
1000SATS,short,2025-04-20 17:35:00+00:00,2025-04-20 17:40:00+00:00,2025-04-21 01:10:00+00:00,142495,142496,142586,3.87e-05,3.94994953991658e-05,3.94994953991658e-05,3.6801009201668414e-05,stop,-2.024064842060447,-2.104064842060447,91
1000SATS,long,2025-04-21 14:35:00+00:00,2025-04-21 14:40:00+00:00,2025-04-21 16:25:00+00:00,142747,142748,142769,4.26e-05,4.2027897613567156e-05,4.2027897613567156e-05,4.3444204772865696e-05,stop,-1.342963348433901,-1.422963348433901,22
1000SATS,short,2025-04-21 18:15:00+00:00,2025-04-21 18:20:00+00:00,2025-04-21 23:10:00+00:00,142791,142792,142850,4.14e-05,4.225393402249898e-05,4.225393402249898e-05,3.9692131955002025e-05,stop,-2.020957438056037,-2.100957438056037,59
1000SATS,short,2025-04-22 14:05:00+00:00,2025-04-22 14:10:00+00:00,2025-04-22 16:30:00+00:00,143029,143030,143058,3.85e-05,3.893868824530225e-05,3.893868824530225e-05,3.73226235093955e-05,stop,-1.126612798404092,-1.206612798404092,29
1000SATS,short,2025-04-22 19:05:00+00:00,2025-04-22 19:10:00+00:00,2025-04-22 21:00:00+00:00,143089,143090,143112,3.85e-05,3.8938774094442476e-05,3.8938774094442476e-05,3.7322451811115043e-05,stop,-1.1268307866556526,-1.2068307866556527,23
1000SATS,long,2025-04-23 15:05:00+00:00,2025-04-23 15:10:00+00:00,2025-04-23 15:20:00+00:00,143329,143330,143332,4.57e-05,4.480260203315598e-05,4.480260203315598e-05,4.7494795933688034e-05,stop,-1.9636716998775006,-2.0436716998775006,3
1000SATS,long,2025-04-23 19:40:00+00:00,2025-04-23 19:45:00+00:00,2025-04-23 19:45:00+00:00,143384,143385,143385,4.56e-05,4.430084777546675e-05,4.430084777546675e-05,4.819830444906649e-05,stop,-2.8490180362571227,-2.9290180362571228,1
1000SATS,short,2025-04-24 16:55:00+00:00,2025-04-24 17:00:00+00:00,2025-04-24 17:00:00+00:00,143639,143640,143640,4.37e-05,4.4193042366465386e-05,4.4193042366465386e-05,4.271391526706922e-05,stop,-1.1156560853559094,-1.1956560853559095,1
1000SATS,short,2025-04-24 17:10:00+00:00,2025-04-24 17:15:00+00:00,2025-04-24 18:15:00+00:00,143642,143643,143655,4.36e-05,4.423185644282961e-05,4.423185644282961e-05,4.233628711434079e-05,stop,-1.4285098877689917,-1.5085098877689918,13
1000SATS,short,2025-04-24 18:50:00+00:00,2025-04-24 18:55:00+00:00,2025-04-24 19:20:00+00:00,143662,143663,143668,4.37e-05,4.441577813405639e-05,4.441577813405639e-05,4.2268443731887215e-05,stop,-1.6115402321580818,-1.6915402321580817,6
1000SATS,long,2025-04-25 14:05:00+00:00,2025-04-25 14:10:00+00:00,2025-04-25 15:50:00+00:00,143893,143894,143914,4.71e-05,4.850912556138789e-05,4.6395437219306053e-05,4.850912556138789e-05,take_profit,2.9917740156855555,2.9117740156855554,21
1000SATS,long,2025-04-26 16:10:00+00:00,2025-04-26 16:15:00+00:00,2025-04-26 16:40:00+00:00,144206,144207,144212,5.08e-05,5.016067744121557e-05,5.016067744121557e-05,5.207864511756886e-05,stop,-1.2585089739850952,-1.3385089739850953,6
1000SATS,short,2025-04-27 14:20:00+00:00,2025-04-27 14:25:00+00:00,2025-04-27 16:20:00+00:00,144472,144473,144496,4.75e-05,4.8403122025797355e-05,4.8403122025797355e-05,4.56937559484053e-05,stop,-1.865834243741582,-1.9458342437415819,24
1000SATS,long,2025-04-28 15:10:00+00:00,2025-04-28 15:15:00+00:00,2025-04-28 16:25:00+00:00,144770,144771,144785,4.67e-05,4.7405031258386156e-05,4.6197484370806924e-05,4.7405031258386156e-05,take_profit,1.5097029087498104,1.4297029087498103,15
1000SATS,long,2025-04-29 15:15:00+00:00,2025-04-29 15:20:00+00:00,2025-04-29 18:20:00+00:00,145059,145060,145096,4.73e-05,4.694879177038279e-05,4.694879177038279e-05,4.830241645923442e-05,stop,-0.7425121133556201,-0.8225121133556201,37
1000SATS,short,2025-04-29 19:40:00+00:00,2025-04-29 19:45:00+00:00,2025-04-29 22:15:00+00:00,145112,145113,145143,4.64e-05,4.561314294724794e-05,4.6943428526376026e-05,4.561314294724794e-05,take_profit,1.7250665091464334,1.6450665091464336,31
1000SATS,short,2025-04-30 14:10:00+00:00,2025-04-30 14:15:00+00:00,2025-04-30 15:25:00+00:00,145334,145335,145349,4.59e-05,4.6386989474728694e-05,4.6386989474728694e-05,4.4926021050542606e-05,stop,-1.0498406562771345,-1.1298406562771346,15
1000SATS,short,2025-04-30 16:35:00+00:00,2025-04-30 16:40:00+00:00,2025-04-30 18:20:00+00:00,145363,145364,145384,4.58e-05,4.627407575700188e-05,4.627407575700188e-05,4.485184848599625e-05,stop,-1.0244953556530878,-1.1044953556530879,21
1000SATS,long,2025-05-01 18:30:00+00:00,2025-05-01 18:35:00+00:00,2025-05-01 22:35:00+00:00,145674,145675,145723,4.71e-05,4.680769708458718e-05,4.680769708458718e-05,4.7684605830825644e-05,stop,-0.6206006696662936,-0.7006006696662936,49
1000SATS,short,2025-05-02 15:40:00+00:00,2025-05-02 15:45:00+00:00,2025-05-02 18:15:00+00:00,145928,145929,145959,4.58e-05,4.6347564427515104e-05,4.6347564427515104e-05,4.47048711449698e-05,stop,-1.1814308567852816,-1.2614308567852817,31
1000SATS,short,2025-05-02 19:35:00+00:00,2025-05-02 19:40:00+00:00,2025-05-02 20:50:00+00:00,145975,145976,145990,4.58e-05,4.631441938812262e-05,4.631441938812262e-05,4.477116122375476e-05,stop,-1.1107110807364373,-1.1907110807364374,15
1000SATS,short,2025-05-03 15:15:00+00:00,2025-05-03 15:20:00+00:00,2025-05-03 19:10:00+00:00,146211,146212,146258,4.45e-05,4.3716900429842585e-05,4.4891549785078704e-05,4.3716900429842585e-05,take_profit,1.7912971012529644,1.7112971012529645,47
1000SATS,short,2025-05-04 16:35:00+00:00,2025-05-04 16:40:00+00:00,2025-05-04 17:25:00+00:00,146515,146516,146525,3.97e-05,4.014735073160646e-05,4.014735073160646e-05,3.8505298536787086e-05,stop,-1.1142721087552876,-1.1942721087552877,10
1000SATS,short,2025-05-04 17:40:00+00:00,2025-05-04 17:45:00+00:00,2025-05-04 18:00:00+00:00,146528,146529,146532,3.95e-05,4.005729953800962e-05,4.005729953800962e-05,3.838540092398075e-05,stop,-1.3912558870345593,-1.4712558870345593,4
1000SATS,short,2025-05-04 18:15:00+00:00,2025-05-04 18:20:00+00:00,2025-05-04 19:35:00+00:00,146535,146536,146551,3.96e-05,4.02060488790401e-05,4.02060488790401e-05,3.8387902241919804e-05,stop,-1.5073574647023746,-1.5873574647023745,16
1000SATS,long,2025-05-05 15:05:00+00:00,2025-05-05 15:10:00+00:00,2025-05-05 17:55:00+00:00,146785,146786,146819,4.09e-05,4.046974909766391e-05,4.046974909766391e-05,4.176050180467217e-05,stop,-1.0519581964207436,-1.1319581964207437,34
1000SATS,short,2025-05-06 14:15:00+00:00,2025-05-06 14:20:00+00:00,2025-05-06 17:20:00+00:00,147063,147064,147100,3.98e-05,3.876438190915902e-05,4.031780904542049e-05,3.876438190915902e-05,take_profit,2.671571271967821,2.5915712719678208,37
1000SATS,short,2025-05-07 14:35:00+00:00,2025-05-07 14:40:00+00:00,2025-05-07 16:25:00+00:00,147355,147356,147377,3.83e-05,3.872349179682521e-05,3.872349179682521e-05,3.745301640634959e-05,stop,-1.0936301897752077,-1.1736301897752077,22
1000SATS,short,2025-05-07 19:15:00+00:00,2025-05-07 19:20:00+00:00,2025-05-08 00:05:00+00:00,147411,147412,147469,3.84e-05,3.762689789891059e-05,3.8786551050544704e-05,3.762689789891059e-05,take_profit,2.0546527730413766,1.9746527730413768,58
1000SATS,long,2025-05-08 16:10:00+00:00,2025-05-08 16:15:00+00:00,2025-05-08 16:30:00+00:00,147662,147663,147666,4.1e-05,4.071120882509358e-05,4.071120882509358e-05,4.157758234981284e-05,stop,-0.7043687192839543,-0.7843687192839544,4
1000SATS,long,2025-05-08 17:00:00+00:00,2025-05-08 17:05:00+00:00,2025-05-09 00:25:00+00:00,147672,147673,147761,4.11e-05,4.234773789620342e-05,4.047613105189829e-05,4.234773789620342e-05,take_profit,3.0358586282321687,2.9558586282321686,89
1000SATS,long,2025-05-09 14:10:00+00:00,2025-05-09 14:15:00+00:00,2025-05-09 15:30:00+00:00,147926,147927,147942,4.57e-05,4.6789683147357384e-05,4.515515842632131e-05,4.6789683147357384e-05,take_profit,2.384427018287494,2.3044270182874937,16
1000SATS,long,2025-05-10 15:15:00+00:00,2025-05-10 15:20:00+00:00,2025-05-10 16:40:00+00:00,148227,148228,148244,4.97e-05,5.099348515192462e-05,4.905325742403769e-05,5.099348515192462e-05,take_profit,2.6025858187618045,2.5225858187618044,17
1000SATS,long,2025-05-10 18:15:00+00:00,2025-05-10 18:20:00+00:00,2025-05-10 19:55:00+00:00,148263,148264,148283,4.98e-05,4.8874461254033896e-05,4.8874461254033896e-05,5.16510774919322e-05,stop,-1.8585115380845396,-1.9385115380845395,20
1000SATS,short,2025-05-12 14:30:00+00:00,2025-05-12 14:35:00+00:00,2025-05-12 15:40:00+00:00,148794,148795,148808,5.36e-05,5.4942849058462484e-05,5.4942849058462484e-05,5.091430188307504e-05,stop,-2.444083409350706,-2.524083409350706,14
1000SATS,long,2025-05-12 16:20:00+00:00,2025-05-12 16:25:00+00:00,2025-05-12 16:55:00+00:00,148816,148817,148823,5.61e-05,5.490902180131686e-05,5.490902180131686e-05,5.848195639736628e-05,stop,-2.122955790879033,-2.202955790879033,7
1000SATS,long,2025-05-12 17:30:00+00:00,2025-05-12 17:35:00+00:00,2025-05-12 20:50:00+00:00,148830,148831,148870,5.64e-05,5.487579308213363e-05,5.487579308213363e-05,5.944841383573275e-05,stop,-2.702494535224065,-2.782494535224065,40
1000SATS,long,2025-05-13 16:25:00+00:00,2025-05-13 16:30:00+00:00,2025-05-13 18:15:00+00:00,149105,149106,149127,5.05e-05,5.161634836916993e-05,4.9941825815415035e-05,5.161634836916993e-05,take_profit,2.2105908300394717,2.1305908300394716,22
1000SATS,long,2025-05-14 14:05:00+00:00,2025-05-14 14:10:00+00:00,2025-05-14 14:40:00+00:00,149365,149366,149372,7.42e-05,7.167936721221273e-05,7.167936721221273e-05,7.924126557557453e-05,stop,-3.397079228823807,-3.4770792288238073,7
1000SATS,short,2025-05-14 17:45:00+00:00,2025-05-14 17:50:00+00:00,2025-05-15 16:55:00+00:00,149409,149410,149687,6.67e-05,5.73207964732991e-05,7.138960176335044e-05,5.73207964732991e-05,take_profit,16.362653877410583,16.28265387741058,278
1000SATS,short,2025-05-16 15:55:00+00:00,2025-05-16 16:00:00+00:00,2025-05-17 07:10:00+00:00,149963,149964,150146,4.97e-05,4.765585954206673e-05,5.072207022896664e-05,4.765585954206673e-05,take_profit,4.289379055536435,4.209379055536435,183
1000SATS,short,2025-05-17 14:45:00+00:00,2025-05-17 14:50:00+00:00,2025-05-18 01:35:00+00:00,150237,150238,150367,4.62e-05,4.483309180289102e-05,4.6883454098554486e-05,4.483309180289102e-05,take_profit,3.0488822923892878,2.9688822923892877,130
1000SATS,long,2025-05-18 14:05:00+00:00,2025-05-18 14:10:00+00:00,2025-05-18 14:50:00+00:00,150517,150518,150526,4.74e-05,4.860965897551022e-05,4.6645170512244886e-05,4.860965897551022e-05,take_profit,2.5520231550848482,2.472023155084848,9
1000SATS,short,2025-05-20 15:05:00+00:00,2025-05-20 15:10:00+00:00,2025-05-20 19:30:00+00:00,151105,151106,151158,5.05e-05,4.8949141745851346e-05,5.127542912707433e-05,4.8949141745851346e-05,take_profit,3.1683053039026854,3.0883053039026853,53
1000SATS,long,2025-05-21 14:15:00+00:00,2025-05-21 14:20:00+00:00,2025-05-21 16:10:00+00:00,151383,151384,151406,5.13e-05,5.0581420898875997e-05,5.0581420898875997e-05,5.273715820224801e-05,stop,-1.4007389885458132,-1.4807389885458133,23
1000SATS,short,2025-05-21 16:35:00+00:00,2025-05-21 16:40:00+00:00,2025-05-21 18:05:00+00:00,151411,151412,151429,4.97e-05,5.0529497645241425e-05,5.0529497645241425e-05,4.8041004709517156e-05,stop,-1.6416107103719435,-1.7216107103719434,18
1000SATS,long,2025-05-23 14:10:00+00:00,2025-05-23 14:15:00+00:00,2025-05-23 14:30:00+00:00,151958,151959,151962,6.2e-05,6.070715567923355e-05,6.070715567923355e-05,6.42856886415329e-05,stop,-2.0852327754297684,-2.1652327754297684,4
1000SATS,short,2025-05-23 15:20:00+00:00,2025-05-23 15:25:00+00:00,2025-05-23 16:00:00+00:00,151972,151973,151980,6.02e-05,6.173955539560635e-05,6.173955539560635e-05,5.71208892087873e-05,stop,-2.4936288992387423,-2.5736288992387424,8
1000SATS,long,2025-05-23 17:45:00+00:00,2025-05-23 17:50:00+00:00,2025-05-23 20:45:00+00:00,152001,152002,152037,6.17e-05,6.094261313789751e-05,6.094261313789751e-05,6.321477372420497e-05,stop,-1.2275313810413024,-1.3075313810413025,36
1000SATS,short,2025-05-24 14:15:00+00:00,2025-05-24 14:20:00+00:00,2025-05-24 16:10:00+00:00,152247,152248,152270,5.65e-05,5.697734447189012e-05,5.697734447189012e-05,5.584531105621976e-05,stop,-0.8377794302534047,-0.9177794302534048,23
1000SATS,short,2025-05-24 16:40:00+00:00,2025-05-24 16:45:00+00:00,2025-05-24 19:05:00+00:00,152276,152277,152305,5.66e-05,5.573779878119214e-05,5.703110060940393e-05,5.573779878119214e-05,take_profit,1.5468878169957234,1.4668878169957233,29
1000SATS,short,2025-05-25 17:00:00+00:00,2025-05-25 17:05:00+00:00,2025-05-25 23:40:00+00:00,152568,152569,152648,5.3e-05,5.16441280509736e-05,5.36779359745132e-05,5.16441280509736e-05,take_profit,2.6254135759405717,2.5454135759405716,80
1000SATS,long,2025-05-26 14:15:00+00:00,2025-05-26 14:20:00+00:00,2025-05-26 17:45:00+00:00,152823,152824,152865,5.53e-05,5.462038754237928e-05,5.462038754237928e-05,5.665922491524145e-05,stop,-1.2289556195673068,-1.3089556195673069,42
1000SATS,long,2025-05-27 15:00:00+00:00,2025-05-27 15:05:00+00:00,2025-05-27 20:45:00+00:00,153120,153121,153189,5.39e-05,5.517762371567004e-05,5.3261188142164985e-05,5.517762371567004e-05,take_profit,2.3703593982746574,2.2903593982746573,69
1000SATS,short,2025-05-28 16:10:00+00:00,2025-05-28 16:15:00+00:00,2025-05-28 16:35:00+00:00,153422,153423,153427,5.59e-05,5.674733303279463e-05,5.674733303279463e-05,5.420533393441073e-05,stop,-1.493168026601277,-1.5731680266012769,5
1000SATS,long,2025-05-28 18:45:00+00:00,2025-05-28 18:50:00+00:00,2025-05-29 00:05:00+00:00,153453,153454,153517,5.79e-05,5.5856986598491186e-05,5.5856986598491186e-05,6.198602680301762e-05,stop,-3.5285205552829213,-3.6085205552829214,64
1000SATS,long,2025-05-29 16:20:00+00:00,2025-05-29 16:25:00+00:00,2025-05-29 17:00:00+00:00,153712,153713,153720,5.7e-05,5.6278264625619546e-05,5.6278264625619546e-05,5.844347074876092e-05,stop,-1.2662024111937842,-1.3462024111937843,8
1000SATS,long,2025-05-29 18:45:00+00:00,2025-05-29 18:50:00+00:00,2025-05-29 19:30:00+00:00,153741,153742,153750,5.71e-05,5.6439246532489105e-05,5.6439246532489105e-05,5.842150693502179e-05,stop,-1.157186457987558,-1.237186457987558,9
1000SATS,short,2025-05-30 14:45:00+00:00,2025-05-30 14:50:00+00:00,2025-05-30 23:20:00+00:00,153981,153982,154084,4.89e-05,4.752362281029411e-05,4.973818859485294e-05,4.752362281029411e-05,take_profit,2.8961958460114623,2.8161958460114622,103
1000SATS,long,2025-05-31 14:30:00+00:00,2025-05-31 14:35:00+00:00,2025-05-31 20:25:00+00:00,154266,154267,154337,4.5e-05,4.3975759903234716e-05,4.3975759903234716e-05,4.7048480193530576e-05,stop,-2.2760891039228626,-2.3560891039228626,71
1000SATS,long,2025-06-01 14:35:00+00:00,2025-06-01 14:40:00+00:00,2025-06-01 15:10:00+00:00,154555,154556,154562,4.61e-05,4.57622391133445e-05,4.57622391133445e-05,4.707552177331099e-05,stop,-0.7326700361290683,-0.8126700361290684,7
1000SATS,short,2025-06-01 16:00:00+00:00,2025-06-01 16:05:00+00:00,2025-06-01 18:30:00+00:00,154572,154573,154602,4.54e-05,4.453074500359037e-05,4.5834627498204814e-05,4.453074500359037e-05,take_profit,1.9520333565933967,1.8720333565933969,30
1000SATS,short,2025-06-02 14:40:00+00:00,2025-06-02 14:45:00+00:00,2025-06-02 15:35:00+00:00,154844,154845,154855,4.49e-05,4.542371799759188e-05,4.542371799759188e-05,4.3852564004816245e-05,stop,-1.1529615378900515,-1.2329615378900516,11
1000SATS,long,2025-06-02 16:10:00+00:00,2025-06-02 16:15:00+00:00,2025-06-02 17:50:00+00:00,154862,154863,154882,4.59e-05,4.545308351915282e-05,4.545308351915282e-05,4.679383296169435e-05,stop,-0.9736742502117091,-1.0536742502117091,20
1000SATS,short,2025-06-02 18:35:00+00:00,2025-06-02 18:40:00+00:00,2025-06-02 20:50:00+00:00,154891,154892,154918,4.49e-05,4.525270288729528e-05,4.525270288729528e-05,4.4194594225409435e-05,stop,-0.7794073387698219,-0.859407338769822,27
1000SATS,long,2025-06-03 14:35:00+00:00,2025-06-03 14:40:00+00:00,2025-06-03 18:50:00+00:00,155131,155132,155182,4.7e-05,4.818655982443164e-05,4.655672008778418e-05,4.818655982443164e-05,take_profit,2.524595371131144,2.444595371131144,51
1000SATS,short,2025-06-04 15:15:00+00:00,2025-06-04 15:20:00+00:00,2025-06-04 17:25:00+00:00,155427,155428,155453,4.73e-05,4.77304476234404e-05,4.77304476234404e-05,4.6139104753119204e-05,stop,-0.9018302674140721,-0.9818302674140722,26
1000SATS,short,2025-06-04 18:05:00+00:00,2025-06-04 18:10:00+00:00,2025-06-04 20:20:00+00:00,155461,155462,155488,4.71e-05,4.653354126577103e-05,4.753322936711449e-05,4.653354126577103e-05,take_profit,1.2173127572511655,1.1373127572511654,27
1000SATS,short,2025-06-05 14:10:00+00:00,2025-06-05 14:15:00+00:00,2025-06-05 19:20:00+00:00,155702,155703,155764,4.51e-05,4.395907510953998e-05,4.5520462445230016e-05,4.395907510953998e-05,take_profit,2.595425148543251,2.515425148543251,62
1000SATS,long,2025-06-06 15:10:00+00:00,2025-06-06 15:15:00+00:00,2025-06-06 21:30:00+00:00,156002,156003,156078,4.32e-05,4.4201219142410936e-05,4.269939042879453e-05,4.4201219142410936e-05,take_profit,2.3176369037290145,2.2376369037290145,76
1000SATS,long,2025-06-07 14:10:00+00:00,2025-06-07 14:15:00+00:00,2025-06-07 15:25:00+00:00,156278,156279,156293,4.49e-05,4.450160167634818e-05,4.450160167634818e-05,4.569679664730364e-05,stop,-0.8873013889795556,-0.9673013889795556,15
1000SATS,long,2025-06-07 15:45:00+00:00,2025-06-07 15:50:00+00:00,2025-06-08 02:40:00+00:00,156297,156298,156428,4.5e-05,4.439586689397443e-05,4.439586689397443e-05,4.650826621205114e-05,stop,-1.3425180133901593,-1.4225180133901594,131
1000SATS,short,2025-06-08 14:05:00+00:00,2025-06-08 14:10:00+00:00,2025-06-08 16:25:00+00:00,156565,156566,156593,4.41e-05,4.3569096304999486e-05,4.436545184750026e-05,4.3569096304999486e-05,take_profit,1.2185327216428732,1.1385327216428731,28
1000SATS,short,2025-06-09 14:20:00+00:00,2025-06-09 14:25:00+00:00,2025-06-09 17:45:00+00:00,156856,156857,156897,4.38e-05,4.4212361161318926e-05,4.4212361161318926e-05,4.267527767736214e-05,stop,-0.9326829657758662,-1.0126829657758663,41
1000SATS,long,2025-06-09 18:25:00+00:00,2025-06-09 18:30:00+00:00,2025-06-10 02:45:00+00:00,156905,156906,157005,4.47e-05,4.5877561541298474e-05,4.426121922935076e-05,4.5877561541298474e-05,take_profit,2.6343658642024037,2.5543658642024036,100
1000SATS,short,2025-06-10 14:30:00+00:00,2025-06-10 14:35:00+00:00,2025-06-10 16:25:00+00:00,157146,157147,157169,4.59e-05,4.652380846218821e-05,4.652380846218821e-05,4.4652383075623576e-05,stop,-1.340837052700028,-1.420837052700028,23
1000SATS,long,2025-06-10 17:05:00+00:00,2025-06-10 17:10:00+00:00,2025-06-10 17:25:00+00:00,157177,157178,157181,4.68e-05,4.629146850636618e-05,4.629146850636618e-05,4.7517062987267636e-05,stop,-1.086605755627823,-1.166605755627823,4
1000SATS,long,2025-06-10 18:55:00+00:00,2025-06-10 19:00:00+00:00,2025-06-10 19:35:00+00:00,157199,157200,157207,4.67e-05,4.638863489440384e-05,4.638863489440384e-05,4.762273021119232e-05,stop,-0.666734701490701,-0.7467347014907011,8
1000SATS,short,2025-06-11 16:05:00+00:00,2025-06-11 16:10:00+00:00,2025-06-11 16:15:00+00:00,157453,157454,157455,4.71e-05,4.759911771587003e-05,4.759911771587003e-05,4.6101764568259945e-05,stop,-1.0485860659211643,-1.1285860659211644,2
1000SATS,short,2025-06-11 17:40:00+00:00,2025-06-11 17:45:00+00:00,2025-06-11 19:05:00+00:00,157472,157473,157489,4.71e-05,4.620331213458925e-05,4.7548343932705374e-05,4.620331213458925e-05,take_profit,1.9407436912719955,1.8607436912719957,17
1000SATS,short,2025-06-12 14:05:00+00:00,2025-06-12 14:10:00+00:00,2025-06-12 14:15:00+00:00,157717,157718,157719,4.37e-05,4.413954679697681e-05,4.413954679697681e-05,4.282090640604638e-05,stop,-0.9958117581010506,-1.0758117581010507,2
1000SATS,short,2025-06-12 19:45:00+00:00,2025-06-12 19:50:00+00:00,2025-06-12 21:40:00+00:00,157785,157786,157808,4.37e-05,4.42463949750487e-05,4.42463949750487e-05,4.260721004990259e-05,stop,-1.2348915100469204,-1.3148915100469205,23
1000SATS,short,2025-06-13 15:10:00+00:00,2025-06-13 15:15:00+00:00,2025-06-13 16:30:00+00:00,158018,158019,158034,3.9e-05,3.952162896535543e-05,3.952162896535543e-05,3.825674206928915e-05,stop,-1.3198569467181787,-1.3998569467181787,16
1000SATS,short,2025-06-13 16:45:00+00:00,2025-06-13 16:50:00+00:00,2025-06-13 17:05:00+00:00,158037,158038,158041,3.92e-05,3.966677963756201e-05,3.966677963756201e-05,3.796644072487598e-05,stop,-1.1767520374152185,-1.2567520374152186,4
1000SATS,short,2025-06-13 18:40:00+00:00,2025-06-13 18:45:00+00:00,2025-06-13 20:50:00+00:00,158060,158061,158086,3.91e-05,3.9794096152506285e-05,3.9794096152506285e-05,3.801180769498742e-05,stop,-1.7442189159071253,-1.8242189159071251,26
1000SATS,long,2025-06-14 14:35:00+00:00,2025-06-14 14:40:00+00:00,2025-06-14 16:00:00+00:00,158299,158300,158316,4.18e-05,4.145343047432182e-05,4.145343047432182e-05,4.279313905135636e-05,stop,-0.8291136977946811,-0.9091136977946812,17
1000SATS,long,2025-06-15 14:40:00+00:00,2025-06-15 14:45:00+00:00,2025-06-15 15:10:00+00:00,158588,158589,158594,4.15e-05,4.122865043573771e-05,4.122865043573771e-05,4.204269912852457e-05,stop,-0.6538543717163559,-0.7338543717163559,6
1000SATS,short,2025-06-15 16:15:00+00:00,2025-06-15 16:20:00+00:00,2025-06-15 23:20:00+00:00,158607,158608,158692,4.1e-05,4.0127688270334156e-05,4.128615586483292e-05,4.0127688270334156e-05,take_profit,2.173839977496872,2.093839977496872,85
1000SATS,long,2025-06-16 14:25:00+00:00,2025-06-16 14:30:00+00:00,2025-06-16 17:45:00+00:00,158873,158874,158913,4.17e-05,4.251535671959613e-05,4.129232164020193e-05,4.251535671959613e-05,take_profit,1.9552918935159092,1.8752918935159093,40
1000SATS,short,2025-06-17 14:45:00+00:00,2025-06-17 14:50:00+00:00,2025-06-18 00:00:00+00:00,159165,159166,159276,4.09e-05,3.9537645286843895e-05,4.1431177356578056e-05,3.9537645286843895e-05,take_profit,3.4457153512109207,3.3657153512109206,111
1000SATS,long,2025-06-19 14:15:00+00:00,2025-06-19 14:20:00+00:00,2025-06-19 14:45:00+00:00,159735,159736,159741,3.9e-05,3.8610477728573576e-05,3.8610477728573576e-05,3.9779044542852845e-05,stop,-0.9987750549395491,-1.0787750549395492,6
1000SATS,long,2025-06-20 15:25:00+00:00,2025-06-20 15:30:00+00:00,2025-06-20 16:20:00+00:00,160037,160038,160048,3.77e-05,3.8457347712570265e-05,3.732132614371487e-05,3.8457347712570265e-05,take_profit,2.0088798741916714,1.9288798741916715,11
1000SATS,long,2025-06-21 14:30:00+00:00,2025-06-21 14:35:00+00:00,2025-06-21 15:15:00+00:00,160314,160315,160323,3.68e-05,3.667127425394045e-05,3.667127425394045e-05,3.735745149211911e-05,stop,-0.3497982229879071,-0.4297982229879071,9
1000SATS,short,2025-06-21 16:05:00+00:00,2025-06-21 16:10:00+00:00,2025-06-21 22:45:00+00:00,160333,160334,160413,3.65e-05,3.5812526389365834e-05,3.684373680531708e-05,3.5812526389365834e-05,take_profit,1.9196456657643246,1.8396456657643248,80
1000SATS,short,2025-06-22 14:30:00+00:00,2025-06-22 14:35:00+00:00,2025-06-22 16:00:00+00:00,160602,160603,160620,3.43e-05,3.484527468483198e-05,3.484527468483198e-05,3.3209450630336045e-05,stop,-1.564845419540728,-1.6448454195407278,18
1000SATS,short,2025-06-22 16:35:00+00:00,2025-06-22 16:40:00+00:00,2025-06-22 18:50:00+00:00,160627,160628,160654,3.43e-05,3.348702513601402e-05,3.470648743199299e-05,3.348702513601402e-05,take_profit,2.4277309217045406,2.3477309217045406,27
1000SATS,long,2025-06-23 14:45:00+00:00,2025-06-23 14:50:00+00:00,2025-06-23 22:45:00+00:00,160893,160894,160989,3.43e-05,3.523411888835549e-05,3.3832940555822256e-05,3.523411888835549e-05,take_profit,2.7233786832521423,2.643378683252142,96
1000SATS,long,2025-06-24 14:10:00+00:00,2025-06-24 14:15:00+00:00,2025-06-24 17:15:00+00:00,161174,161175,161211,3.79e-05,3.753256492794255e-05,3.753256492794255e-05,3.8634870144114893e-05,stop,-0.9694856782518357,-1.0494856782518358,37
1000SATS,long,2025-06-24 18:20:00+00:00,2025-06-24 18:25:00+00:00,2025-06-25 01:40:00+00:00,161224,161225,161312,3.79e-05,3.8725820529249424e-05,3.748708973537529e-05,3.8725820529249424e-05,take_profit,2.178945987465508,2.098945987465508,88
1000SATS,long,2025-06-25 16:25:00+00:00,2025-06-25 16:30:00+00:00,2025-06-25 17:10:00+00:00,161489,161490,161498,3.89e-05,3.8415784555636946e-05,3.8415784555636946e-05,3.98684308887261e-05,stop,-1.244769779853605,-1.3247697798536051,9
1000SATS,short,2025-06-25 17:30:00+00:00,2025-06-25 17:35:00+00:00,2025-06-25 18:25:00+00:00,161502,161503,161513,3.81e-05,3.849699494388317e-05,3.849699494388317e-05,3.700601011223366e-05,stop,-1.031236189894491,-1.1112361898944911,11
1000SATS,short,2025-06-25 18:35:00+00:00,2025-06-25 18:40:00+00:00,2025-06-25 22:10:00+00:00,161515,161516,161558,3.8e-05,3.859469094677138e-05,3.859469094677138e-05,3.7110618106457235e-05,stop,-1.5408620517043614,-1.6208620517043613,43
1000SATS,long,2025-06-26 15:45:00+00:00,2025-06-26 15:50:00+00:00,2025-06-26 18:05:00+00:00,161769,161770,161797,3.78e-05,3.762193005532947e-05,3.762193005532947e-05,3.845613988934106e-05,stop,-0.4710845097103955,-0.5510845097103956,28
1000SATS,long,2025-06-27 14:10:00+00:00,2025-06-27 14:15:00+00:00,2025-06-27 14:35:00+00:00,162038,162039,162043,3.72e-05,3.669968456402723e-05,3.669968456402723e-05,3.8200630871945545e-05,stop,-1.3449339676687377,-1.4249339676687378,5
1000SATS,short,2025-06-27 14:40:00+00:00,2025-06-27 14:45:00+00:00,2025-06-27 16:15:00+00:00,162044,162045,162063,3.67e-05,3.701707649039626e-05,3.701707649039626e-05,3.5765847019207486e-05,stop,-0.856568158424198,-0.936568158424198,19
1000SATS,short,2025-06-27 16:35:00+00:00,2025-06-27 16:40:00+00:00,2025-06-28 01:30:00+00:00,162067,162068,162174,3.66e-05,3.7044440763879143e-05,3.7044440763879143e-05,3.541111847224171e-05,stop,-1.1997502316528519,-1.279750231652852,107
1000SATS,long,2025-06-28 14:10:00+00:00,2025-06-28 14:15:00+00:00,2025-06-28 15:00:00+00:00,162326,162327,162336,3.66e-05,3.622080052824127e-05,3.622080052824127e-05,3.735839894351746e-05,stop,-1.0360641304883345,-1.1160641304883345,10
1000SATS,long,2025-06-28 16:20:00+00:00,2025-06-28 16:25:00+00:00,2025-06-29 00:55:00+00:00,162352,162353,162455,3.65e-05,3.732715032953648e-05,3.623642483523176e-05,3.732715032953648e-05,take_profit,2.2661652864013115,2.1861652864013115,103
1000SATS,long,2025-06-29 16:10:00+00:00,2025-06-29 16:15:00+00:00,2025-06-29 16:45:00+00:00,162638,162639,162645,3.83e-05,3.7951424343339516e-05,3.7951424343339516e-05,3.8997151313320976e-05,stop,-0.9101192079908227,-0.9901192079908228,7
1000SATS,long,2025-06-29 16:50:00+00:00,2025-06-29 16:55:00+00:00,2025-06-29 23:35:00+00:00,162646,162647,162727,3.82e-05,3.783225873303217e-05,3.783225873303217e-05,3.893548253393566e-05,stop,-0.962673473737774,-1.042673473737774,81
1000SATS,short,2025-06-30 15:45:00+00:00,2025-06-30 15:50:00+00:00,2025-06-30 16:20:00+00:00,162921,162922,162928,3.87e-05,3.918118684260933e-05,3.918118684260933e-05,3.743762631478134e-05,stop,-1.228106857871003,-1.3081068578710031,7
1000SATS,short,2025-06-30 17:15:00+00:00,2025-06-30 17:20:00+00:00,2025-06-30 21:45:00+00:00,162939,162940,162993,3.87e-05,3.780672769743509e-05,3.899663615128246e-05,3.780672769743509e-05,take_profit,2.362733716902743,2.282733716902743,54
1000SATS,short,2025-07-01 14:35:00+00:00,2025-07-01 14:40:00+00:00,2025-07-01 14:55:00+00:00,163195,163196,163199,3.61e-05,3.6509854506605474e-05,3.6509854506605474e-05,3.528029098678906e-05,stop,-1.1225859761542445,-1.2025859761542446,4
1000SATS,long,2025-07-02 15:30:00+00:00,2025-07-02 15:35:00+00:00,2025-07-02 23:25:00+00:00,163494,163495,163589,3.62e-05,3.699791676915786e-05,3.580104161542107e-05,3.699791676915786e-05,take_profit,2.2041899700493417,2.1241899700493416,95
1000SATS,long,2025-07-03 14:30:00+00:00,2025-07-03 14:35:00+00:00,2025-07-03 21:35:00+00:00,163770,163771,163855,4.1e-05,4.023833437349628e-05,4.023833437349628e-05,4.252333125300744e-05,stop,-1.8577210402529687,-1.9377210402529685,85
1000SATS,short,2025-07-04 15:05:00+00:00,2025-07-04 15:10:00+00:00,2025-07-04 17:00:00+00:00,164065,164066,164088,3.94e-05,3.829738950455239e-05,3.9801305247723806e-05,3.829738950455239e-05,take_profit,2.8790748134844835,2.7990748134844834,23
1000SATS,long,2025-07-05 15:20:00+00:00,2025-07-05 15:25:00+00:00,2025-07-05 18:05:00+00:00,164356,164357,164389,3.77e-05,3.722433304191686e-05,3.722433304191686e-05,3.8351333916166276e-05,stop,-1.2617160691860474,-1.3417160691860475,33
1000SATS,long,2025-07-05 18:45:00+00:00,2025-07-05 18:50:00+00:00,2025-07-05 21:20:00+00:00,164397,164398,164428,3.75e-05,3.7098924819750474e-05,3.7098924819750474e-05,3.860215036049905e-05,stop,-1.0695338139987243,-1.1495338139987243,31
1000SATS,long,2025-07-06 15:15:00+00:00,2025-07-06 15:20:00+00:00,2025-07-06 17:25:00+00:00,164643,164644,164669,3.72e-05,3.6849767091619804e-05,3.6849767091619804e-05,3.79004658167604e-05,stop,-0.9414863128499928,-1.021486312849993,26
1000SATS,long,2025-07-06 17:50:00+00:00,2025-07-06 17:55:00+00:00,2025-07-06 18:50:00+00:00,164674,164675,164686,3.72e-05,3.693146390073882e-05,3.693146390073882e-05,3.773707219852236e-05,stop,-0.7218712345730682,-0.8018712345730683,12
1000SATS,short,2025-07-06 19:55:00+00:00,2025-07-06 20:00:00+00:00,2025-07-06 20:05:00+00:00,164699,164700,164701,3.69e-05,3.706056619329688e-05,3.706056619329688e-05,3.627886761340624e-05,stop,-0.4332534815021716,-0.5132534815021716,2
1000SATS,long,2025-07-08 15:15:00+00:00,2025-07-08 15:20:00+00:00,2025-07-08 17:35:00+00:00,165219,165220,165247,3.75e-05,3.721639093914196e-05,3.721639093914196e-05,3.8067218121716076e-05,stop,-0.7562908289547754,-0.8362908289547755,28
1000SATS,short,2025-07-08 17:40:00+00:00,2025-07-08 17:45:00+00:00,2025-07-08 18:40:00+00:00,165248,165249,165260,3.72e-05,3.746033129236495e-05,3.746033129236495e-05,3.63793374152701e-05,stop,-0.6949519221630784,-0.7749519221630785,12
1000SATS,long,2025-07-08 19:10:00+00:00,2025-07-08 19:15:00+00:00,2025-07-09 00:05:00+00:00,165266,165267,165325,3.77e-05,3.724282333366238e-05,3.724282333366238e-05,3.861435333267524e-05,stop,-1.212670202487054,-1.292670202487054,59
1000SATS,long,2025-07-09 14:40:00+00:00,2025-07-09 14:45:00+00:00,2025-07-09 14:45:00+00:00,165500,165501,165501,3.86e-05,3.830246032783419e-05,3.830246032783419e-05,3.9195079344331635e-05,stop,-0.7708281662326844,-0.8508281662326844,1
1000SATS,long,2025-07-09 15:50:00+00:00,2025-07-09 15:55:00+00:00,2025-07-09 20:10:00+00:00,165514,165515,165566,3.87e-05,3.966380938059099e-05,3.8218095309704504e-05,3.966380938059099e-05,take_profit,2.490463515738983,2.410463515738983,52
1000SATS,long,2025-07-11 14:05:00+00:00,2025-07-11 14:10:00+00:00,2025-07-11 14:30:00+00:00,166069,166070,166074,5.02e-05,4.965466975161483e-05,4.965466975161483e-05,5.129066049677035e-05,stop,-1.08631523582704,-1.16631523582704,5
1000SATS,long,2025-07-11 15:05:00+00:00,2025-07-11 15:10:00+00:00,2025-07-11 15:35:00+00:00,166081,166082,166087,5.04e-05,4.9613737821954325e-05,4.9613737821954325e-05,5.167252435609136e-05,stop,-1.5600440040588803,-1.6400440040588802,6
1000SATS,short,2025-07-13 18:10:00+00:00,2025-07-13 18:15:00+00:00,2025-07-13 20:05:00+00:00,166694,166695,166717,4.37e-05,4.4014787531924435e-05,4.4014787531924435e-05,4.277042493615114e-05,stop,-0.7151858490651919,-0.795185849065192,23
1000SATS,short,2025-07-15 17:15:00+00:00,2025-07-15 17:20:00+00:00,2025-07-15 18:15:00+00:00,167259,167260,167271,4.2e-05,4.257119593999866e-05,4.257119593999866e-05,4.1157608120002684e-05,stop,-1.341742761475917,-1.421742761475917,12
1000SATS,long,2025-07-16 14:05:00+00:00,2025-07-16 14:10:00+00:00,2025-07-17 00:00:00+00:00,167509,167510,167628,4.54e-05,4.650585596386119e-05,4.4847072018069405e-05,4.650585596386119e-05,take_profit,2.4358060877999854,2.3558060877999853,119
1000SATS,long,2025-07-18 14:35:00+00:00,2025-07-18 14:40:00+00:00,2025-07-18 14:55:00+00:00,168091,168092,168095,5e-05,5.1201101220882485e-05,4.939944938955876e-05,5.1201101220882485e-05,take_profit,2.402202441764967,2.3222024417649667,4
1000SATS,long,2025-07-18 16:40:00+00:00,2025-07-18 16:45:00+00:00,2025-07-18 17:40:00+00:00,168116,168117,168128,5.02e-05,4.926952091699681e-05,4.926952091699681e-05,5.176095816600637e-05,stop,-1.8535439900461914,-1.9335439900461913,12
1000SATS,long,2025-07-18 17:50:00+00:00,2025-07-18 17:55:00+00:00,2025-07-18 20:20:00+00:00,168130,168131,168160,4.99e-05,4.891084481161798e-05,4.891084481161798e-05,5.217831037676405e-05,stop,-1.9822749266172779,-2.062274926617278,30
1000SATS,long,2025-07-20 14:45:00+00:00,2025-07-20 14:50:00+00:00,2025-07-20 19:40:00+00:00,168669,168670,168728,4.98e-05,5.0769783693596286e-05,4.931510815320185e-05,5.0769783693596286e-05,take_profit,1.947356814450374,1.867356814450374,59
1000SATS,short,2025-07-21 14:05:00+00:00,2025-07-21 14:10:00+00:00,2025-07-21 14:55:00+00:00,168949,168950,168959,5.09e-05,5.1273557764693246e-05,5.1273557764693246e-05,4.985288447061351e-05,stop,-0.7285583075931523,-0.8085583075931524,10
1000SATS,long,2025-07-21 15:20:00+00:00,2025-07-21 15:25:00+00:00,2025-07-21 18:20:00+00:00,168964,168965,169000,5.16e-05,5.10142356313912e-05,5.10142356313912e-05,5.2771528737217603e-05,stop,-1.1352022647457383,-1.2152022647457383,36
1000SATS,short,2025-07-21 19:05:00+00:00,2025-07-21 19:10:00+00:00,2025-07-21 20:20:00+00:00,169009,169010,169024,5.07e-05,5.142076257060216e-05,5.142076257060216e-05,4.925847485879567e-05,stop,-1.4016956080970866,-1.4816956080970867,15
1000SATS,short,2025-07-22 14:45:00+00:00,2025-07-22 14:50:00+00:00,2025-07-22 15:35:00+00:00,169245,169246,169255,4.86e-05,4.957886157777908e-05,4.957886157777908e-05,4.6342276844441846e-05,stop,-1.9743526709330328,-2.054352670933033,10
1000SATS,short,2025-07-22 16:55:00+00:00,2025-07-22 17:00:00+00:00,2025-07-22 17:15:00+00:00,169271,169272,169275,4.84e-05,4.731343100617846e-05,4.909328449691077e-05,4.731343100617846e-05,take_profit,2.2965339243303795,2.2165339243303794,4
1000SATS,short,2025-07-22 19:35:00+00:00,2025-07-22 19:40:00+00:00,2025-07-22 22:40:00+00:00,169303,169304,169340,4.85e-05,4.9056394395885734e-05,4.9056394395885734e-05,4.7087211208228524e-05,stop,-1.1341934170612356,-1.2141934170612356,37
1000SATS,short,2025-07-24 14:05:00+00:00,2025-07-24 14:10:00+00:00,2025-07-24 14:55:00+00:00,169813,169814,169823,4.37e-05,4.193192169959946e-05,4.4434039150200275e-05,4.193192169959946e-05,take_profit,4.216544886893248,4.1365448868932475,10
1000SATS,short,2025-07-25 15:05:00+00:00,2025-07-25 15:10:00+00:00,2025-07-25 15:35:00+00:00,170113,170114,170119,4.14e-05,4.189287103690103e-05,4.189287103690103e-05,4.0414257926197927e-05,stop,-1.1765033637033184,-1.2565033637033185,6
1000SATS,long,2025-07-26 17:15:00+00:00,2025-07-26 17:20:00+00:00,2025-07-26 20:40:00+00:00,170427,170428,170468,4.44e-05,4.402240642171249e-05,4.402240642171249e-05,4.515518715657503e-05,stop,-0.8504359871340461,-0.9304359871340462,41
1000SATS,long,2025-07-27 14:35:00+00:00,2025-07-27 14:40:00+00:00,2025-07-27 14:45:00+00:00,170683,170684,170685,4.45e-05,4.4222181971784264e-05,4.4222181971784264e-05,4.5055636056431464e-05,stop,-0.6243101757656966,-0.7043101757656967,2
1000SATS,short,2025-07-27 15:30:00+00:00,2025-07-27 15:35:00+00:00,2025-07-27 16:00:00+00:00,170694,170695,170700,4.41e-05,4.439398478885536e-05,4.439398478885536e-05,4.321203042228927e-05,stop,-0.6622176185661077,-0.7422176185661078,6
1000SATS,short,2025-07-27 16:50:00+00:00,2025-07-27 16:55:00+00:00,2025-07-27 19:40:00+00:00,170710,170711,170744,4.4e-05,4.450818766992363e-05,4.450818766992363e-05,4.298362466015274e-05,stop,-1.1417846839606005,-1.2217846839606006,34
1000SATS,long,2025-07-28 14:15:00+00:00,2025-07-28 14:20:00+00:00,2025-07-28 16:05:00+00:00,170967,170968,170989,4.73e-05,4.6630437248113665e-05,4.6630437248113665e-05,4.833912550377268e-05,stop,-1.4155660716412943,-1.4955660716412944,22
1000SATS,long,2025-07-28 16:55:00+00:00,2025-07-28 17:00:00+00:00,2025-07-28 21:00:00+00:00,170999,171000,171048,4.73e-05,4.672460739331604e-05,4.672460739331604e-05,4.845078521336792e-05,stop,-1.2164748555686278,-1.2964748555686278,49
1000SATS,long,2025-07-30 14:35:00+00:00,2025-07-30 14:40:00+00:00,2025-07-30 16:15:00+00:00,171547,171548,171567,4.19e-05,4.154804362326777e-05,4.154804362326777e-05,4.260391275346447e-05,stop,-0.8399913525829028,-0.9199913525829029,20
1000SATS,short,2025-07-30 17:10:00+00:00,2025-07-30 17:15:00+00:00,2025-07-30 17:45:00+00:00,171578,171579,171585,4.12e-05,4.1758752606481485e-05,4.1758752606481485e-05,3.978249478703704e-05,stop,-1.3380490833789005,-1.4180490833789006,7
1000SATS,short,2025-07-30 18:10:00+00:00,2025-07-30 18:15:00+00:00,2025-07-30 20:25:00+00:00,171590,171591,171617,4.13e-05,4.0043537426470686e-05,4.1778231286764655e-05,4.0043537426470686e-05,take_profit,3.137741204399025,3.057741204399025,27
1000SATS,long,2025-07-31 15:50:00+00:00,2025-07-31 15:55:00+00:00,2025-07-31 16:00:00+00:00,171850,171851,171852,4.18e-05,4.151799179973185e-05,4.151799179973185e-05,4.23640164005363e-05,stop,-0.6746607661917481,-0.7546607661917482,2
1000SATS,long,2025-07-31 16:15:00+00:00,2025-07-31 16:20:00+00:00,2025-07-31 20:40:00+00:00,171855,171856,171908,4.18e-05,4.140670187514473e-05,4.140670187514473e-05,4.2586596249710536e-05,stop,-0.9409046049169145,-1.0209046049169146,53
1000SATS,short,2025-08-01 14:15:00+00:00,2025-08-01 14:20:00+00:00,2025-08-01 22:50:00+00:00,172119,172120,172222,3.84e-05,3.7062383526328214e-05,3.906880823683589e-05,3.7062383526328214e-05,take_profit,3.6090945762340843,3.529094576234084,103
1000SATS,short,2025-08-02 15:15:00+00:00,2025-08-02 15:20:00+00:00,2025-08-02 23:50:00+00:00,172419,172420,172522,3.71e-05,3.61351244680188e-05,3.75824377659906e-05,3.61351244680188e-05,take_profit,2.670187376371591,2.590187376371591,103
1000SATS,long,2025-08-03 14:05:00+00:00,2025-08-03 14:10:00+00:00,2025-08-03 19:45:00+00:00,172693,172694,172761,3.71e-05,3.784169535043985e-05,3.6729152324780075e-05,3.784169535043985e-05,take_profit,1.9991788421559242,1.9191788421559244,68
1000SATS,long,2025-08-04 16:40:00+00:00,2025-08-04 16:45:00+00:00,2025-08-04 17:30:00+00:00,173012,173013,173022,3.84e-05,3.811642197599859e-05,3.811642197599859e-05,3.926715604800282e-05,stop,-0.7384844375036725,-0.8184844375036726,10
1000SATS,short,2025-08-05 14:35:00+00:00,2025-08-05 14:40:00+00:00,2025-08-05 19:25:00+00:00,173275,173276,173333,3.8e-05,3.84893143438708e-05,3.84893143438708e-05,3.70213713122584e-05,stop,-1.2712991961851383,-1.3512991961851384,58
1000SATS,long,2025-08-05 19:55:00+00:00,2025-08-05 20:00:00+00:00,2025-08-05 21:20:00+00:00,173339,173340,173356,3.86e-05,3.829511202828964e-05,3.829511202828964e-05,3.920977594342073e-05,stop,-0.7898652116848814,-0.8698652116848815,17
1000SATS,short,2025-08-07 14:15:00+00:00,2025-08-07 14:20:00+00:00,2025-08-07 14:30:00+00:00,173847,173848,173850,3.76e-05,3.784903855019369e-05,3.784903855019369e-05,3.680192289961262e-05,stop,-0.6579785371917057,-0.7379785371917058,3
1000SATS,long,2025-08-07 14:45:00+00:00,2025-08-07 14:50:00+00:00,2025-08-07 19:30:00+00:00,173853,173854,173910,3.79e-05,3.895962734368276e-05,3.7520186328158625e-05,3.895962734368276e-05,take_profit,2.795850511036302,2.715850511036302,57
1000SATS,short,2025-08-08 14:45:00+00:00,2025-08-08 14:50:00+00:00,2025-08-08 15:25:00+00:00,174141,174142,174149,3.96e-05,3.989715719147404e-05,3.989715719147404e-05,3.870568561705192e-05,stop,-0.7448079321740186,-0.8248079321740187,8
1000SATS,long,2025-08-08 17:05:00+00:00,2025-08-08 17:10:00+00:00,2025-08-08 17:25:00+00:00,174169,174170,174173,4.05e-05,3.9968571820179675e-05,3.9968571820179675e-05,4.1562856359640656e-05,stop,-1.312168345235376,-1.3921683452353761,4
1000SATS,long,2025-08-09 14:05:00+00:00,2025-08-09 14:10:00+00:00,2025-08-09 14:45:00+00:00,174421,174422,174429,4.18e-05,4.256783386942619e-05,4.12660830652869e-05,4.256783386942619e-05,take_profit,1.8369231325985336,1.7569231325985337,8
1000SATS,short,2025-08-12 14:25:00+00:00,2025-08-12 14:30:00+00:00,2025-08-12 15:25:00+00:00,175289,175290,175301,3.96e-05,4.001585950376755e-05,4.001585950376755e-05,3.87682809924649e-05,stop,-1.0392367149539727,-1.1192367149539728,12
1000SATS,short,2025-08-12 15:50:00+00:00,2025-08-12 15:55:00+00:00,2025-08-12 16:40:00+00:00,175306,175307,175316,3.97e-05,4.0129160717864894e-05,4.0129160717864894e-05,3.884167856427022e-05,stop,-1.0694485261782072,-1.1494485261782073,10
1000SATS,short,2025-08-12 17:10:00+00:00,2025-08-12 17:15:00+00:00,2025-08-12 17:45:00+00:00,175322,175323,175329,3.97e-05,4.002929419599675e-05,4.002929419599675e-05,3.90414116080065e-05,stop,-0.8226330306610352,-0.9026330306610353,7
1000SATS,long,2025-08-13 17:25:00+00:00,2025-08-13 17:30:00+00:00,2025-08-13 17:45:00+00:00,175613,175614,175617,4.31e-05,4.265095707354721e-05,4.265095707354721e-05,4.399808585290557e-05,stop,-1.0418629384055356,-1.1218629384055356,4
1000SATS,long,2025-08-13 18:05:00+00:00,2025-08-13 18:10:00+00:00,2025-08-13 23:15:00+00:00,175621,175622,175683,4.3e-05,4.256831298201788e-05,4.256831298201788e-05,4.386337403596424e-05,stop,-1.003923297632836,-1.0839232976328361,62
1000SATS,short,2025-08-14 14:10:00+00:00,2025-08-14 14:15:00+00:00,2025-08-14 17:00:00+00:00,175862,175863,175896,4.34e-05,4.227551670308674e-05,4.3962241648456626e-05,4.227551670308674e-05,take_profit,2.659892497141625,2.579892497141625,34
1000SATS,long,2025-08-15 15:05:00+00:00,2025-08-15 15:10:00+00:00,2025-08-15 16:15:00+00:00,176161,176162,176175,4.01e-05,3.979040115529972e-05,3.979040115529972e-05,4.071919768940056e-05,stop,-0.7720669443897266,-0.8520669443897266,14
1000SATS,long,2025-08-15 17:25:00+00:00,2025-08-15 17:30:00+00:00,2025-08-15 18:15:00+00:00,176189,176190,176199,4e-05,3.9683512572112006e-05,3.9683512572112006e-05,4.0932974855775986e-05,stop,-0.791218569719998,-0.8712185697199981,10
1000SATS,long,2025-08-17 14:10:00+00:00,2025-08-17 14:15:00+00:00,2025-08-17 14:55:00+00:00,176726,176727,176735,4.04e-05,4.003166217353836e-05,4.003166217353836e-05,4.113667565292327e-05,stop,-0.9117272932218756,-0.9917272932218757,9
1000SATS,long,2025-08-17 15:00:00+00:00,2025-08-17 15:05:00+00:00,2025-08-18 03:25:00+00:00,176736,176737,176885,4.04e-05,4.002428352970376e-05,4.002428352970376e-05,4.115143294059248e-05,stop,-0.9299912631095086,-1.0099912631095087,149
1000SATS,short,2025-08-18 14:35:00+00:00,2025-08-18 14:40:00+00:00,2025-08-19 12:40:00+00:00,177019,177020,177284,3.84e-05,3.739576401779292e-05,3.8902117991103536e-05,3.739576401779292e-05,take_profit,2.6854271027308307,2.6054271027308307,265
1000SATS,short,2025-08-19 16:15:00+00:00,2025-08-19 16:20:00+00:00,2025-08-19 17:00:00+00:00,177327,177328,177336,3.72e-05,3.750968109992713e-05,3.750968109992713e-05,3.628063780014574e-05,stop,-0.8256031265691854,-0.9056031265691855,9
1000SATS,long,2025-08-19 18:25:00+00:00,2025-08-19 18:30:00+00:00,2025-08-19 22:40:00+00:00,177353,177354,177404,3.8e-05,3.7575477789831596e-05,3.7575477789831596e-05,3.8849044420336814e-05,stop,-1.1171637109694932,-1.1971637109694933,51
1000SATS,long,2025-08-20 14:55:00+00:00,2025-08-20 15:00:00+00:00,2025-08-20 16:45:00+00:00,177599,177600,177621,3.68e-05,3.642915835510444e-05,3.642915835510444e-05,3.754168328979112e-05,stop,-1.0077218611292404,-1.0877218611292405,22
1000SATS,long,2025-08-20 17:15:00+00:00,2025-08-20 17:20:00+00:00,2025-08-20 20:25:00+00:00,177627,177628,177665,3.69e-05,3.652637286819529e-05,3.652637286819529e-05,3.7347254263609414e-05,stop,-1.0125396525872854,-1.0925396525872855,38
1000SATS,short,2025-08-21 14:05:00+00:00,2025-08-21 14:10:00+00:00,2025-08-21 14:45:00+00:00,177877,177878,177885,3.82e-05,3.8488048622787594e-05,3.8488048622787594e-05,3.7323902754424805e-05,stop,-0.7484105666428875,-0.8284105666428876,8
1000SATS,short,2025-08-21 15:05:00+00:00,2025-08-21 15:10:00+00:00,2025-08-21 21:50:00+00:00,177889,177890,177970,3.82e-05,3.7329470997352964e-05,3.8485264501323515e-05,3.7329470997352964e-05,take_profit,2.332015373881857,2.252015373881857,81
1000SATS,long,2025-08-22 16:20:00+00:00,2025-08-22 16:25:00+00:00,2025-08-22 18:00:00+00:00,178192,178193,178212,3.77e-05,3.740185423116402e-05,3.740185423116402e-05,3.829629153767197e-05,stop,-0.7908375831193193,-0.8708375831193194,20
1000SATS,long,2025-08-22 18:45:00+00:00,2025-08-22 18:50:00+00:00,2025-08-22 19:05:00+00:00,178221,178222,178225,3.76e-05,3.730207696116438e-05,3.730207696116438e-05,3.8495846077671245e-05,stop,-0.7923485075415404,-0.8723485075415405,4
1000SATS,long,2025-08-23 14:15:00+00:00,2025-08-23 14:20:00+00:00,2025-08-23 15:20:00+00:00,178455,178456,178468,4.15e-05,4.2406147708317264e-05,4.1046926145841367e-05,4.2406147708317264e-05,take_profit,2.1834884537765387,2.1034884537765386,13
1000SATS,short,2025-08-24 14:05:00+00:00,2025-08-24 14:10:00+00:00,2025-08-24 17:00:00+00:00,178741,178742,178776,4.26e-05,4.147799247300651e-05,4.301100376349675e-05,4.147799247300651e-05,take_profit,2.7050670972653235,2.6250670972653234,35
1000SATS,short,2025-08-25 14:10:00+00:00,2025-08-25 14:15:00+00:00,2025-08-25 15:50:00+00:00,179030,179031,179050,3.99e-05,3.901098381904037e-05,4.034450809047982e-05,3.901098381904037e-05,take_profit,2.278886851671058,2.198886851671058,20
1000SATS,short,2025-08-26 14:05:00+00:00,2025-08-26 14:10:00+00:00,2025-08-26 15:05:00+00:00,179317,179318,179329,3.63e-05,3.668647889428995e-05,3.668647889428995e-05,3.552704221142011e-05,stop,-1.0534641261254918,-1.1334641261254919,12
1000SATS,long,2025-08-26 16:30:00+00:00,2025-08-26 16:35:00+00:00,2025-08-26 22:50:00+00:00,179346,179347,179422,3.69e-05,3.6275869934049826e-05,3.6275869934049826e-05,3.844826013190034e-05,stop,-1.69140939281891,-1.7714093928189099,76
1000SATS,short,2025-08-27 15:10:00+00:00,2025-08-27 15:15:00+00:00,2025-08-27 18:00:00+00:00,179618,179619,179652,3.73e-05,3.7581039594935476e-05,3.7581039594935476e-05,3.643792081012906e-05,stop,-0.7478228329089398,-0.8278228329089399,34
1000SATS,short,2025-08-29 15:15:00+00:00,2025-08-29 15:20:00+00:00,2025-08-29 16:10:00+00:00,180195,180196,180206,3.73e-05,3.6538006455976956e-05,3.768099677201152e-05,3.6538006455976956e-05,take_profit,2.085481989667759,2.005481989667759,11
1000SATS,long,2025-08-30 14:30:00+00:00,2025-08-30 14:35:00+00:00,2025-08-30 22:05:00+00:00,180474,180475,180565,3.67e-05,3.644365979236585e-05,3.644365979236585e-05,3.751268041526831e-05,stop,-0.6984746802020436,-0.7784746802020437,91
1000SATS,short,2025-08-31 15:20:00+00:00,2025-08-31 15:25:00+00:00,2025-08-31 17:20:00+00:00,180772,180773,180796,3.66e-05,3.683880245444105e-05,3.683880245444105e-05,3.61223950911179e-05,stop,-0.6482362034878286,-0.7282362034878287,24
1000SATS,short,2025-08-31 18:55:00+00:00,2025-08-31 19:00:00+00:00,2025-08-31 21:00:00+00:00,180815,180816,180840,3.66e-05,3.683076479551494e-05,3.683076479551494e-05,3.6138470408970124e-05,stop,-0.6265544492387032,-0.7065544492387033,25
1000SATS,long,2025-09-02 15:05:00+00:00,2025-09-02 15:10:00+00:00,2025-09-02 16:50:00+00:00,181345,181346,181366,3.49e-05,3.451787311140646e-05,3.451787311140646e-05,3.5664253777187086e-05,stop,-1.09491945155743,-1.1749194515574302,21
1000SATS,long,2025-09-02 17:45:00+00:00,2025-09-02 17:50:00+00:00,2025-09-02 20:50:00+00:00,181377,181378,181414,3.48e-05,3.4655672967758335e-05,3.4655672967758335e-05,3.5388654064483334e-05,stop,-0.4147328512691506,-0.4947328512691506,37
1000SATS,short,2025-09-04 14:10:00+00:00,2025-09-04 14:15:00+00:00,2025-09-05 03:30:00+00:00,181910,181911,182070,3.52e-05,3.419649148642709e-05,3.570175425678646e-05,3.419649148642709e-05,take_profit,2.934536468371962,2.854536468371962,160
1000SATS,long,2025-09-05 14:45:00+00:00,2025-09-05 14:50:00+00:00,2025-09-05 21:30:00+00:00,182205,182206,182286,3.52e-05,3.575128364969769e-05,3.492435817515116e-05,3.575128364969769e-05,take_profit,1.5661467320956968,1.4861467320956967,81
1000SATS,short,2025-09-06 17:10:00+00:00,2025-09-06 17:15:00+00:00,2025-09-06 23:05:00+00:00,182522,182523,182593,3.51e-05,3.543606730186527e-05,3.543606730186527e-05,3.442786539626946e-05,stop,-0.9483764070161937,-1.0283764070161938,71
1000SATS,long,2025-09-07 17:25:00+00:00,2025-09-07 17:30:00+00:00,2025-09-07 18:35:00+00:00,182813,182814,182827,3.62e-05,3.595717716948163e-05,3.595717716948163e-05,3.668564566103674e-05,stop,-0.6707812997745033,-0.7507812997745034,14
1000SATS,long,2025-09-07 19:35:00+00:00,2025-09-07 19:40:00+00:00,2025-09-08 01:40:00+00:00,182839,182840,182912,3.63e-05,3.595580963769911e-05,3.595580963769911e-05,3.668838072460177e-05,stop,-0.9481828162558936,-1.0281828162558937,73
1000SATS,short,2025-09-08 15:05:00+00:00,2025-09-08 15:10:00+00:00,2025-09-08 15:25:00+00:00,183073,183074,183077,3.59e-05,3.615938090901944e-05,3.615938090901944e-05,3.538123818196112e-05,stop,-0.7173267420481189,-0.7973267420481189,4
1000SATS,long,2025-09-08 17:30:00+00:00,2025-09-08 17:35:00+00:00,2025-09-09 00:00:00+00:00,183102,183103,183180,3.64e-05,3.714470221364406e-05,3.6027648893177966e-05,3.714470221364406e-05,take_profit,2.0458852023188534,1.9658852023188536,78
1000SATS,long,2025-09-09 14:55:00+00:00,2025-09-09 15:00:00+00:00,2025-09-09 15:35:00+00:00,183359,183360,183367,3.73e-05,3.79339957784316e-05,3.71330021107842e-05,3.79339957784316e-05,take_profit,1.6997205856075004,1.6197205856075005,8
1000SATS,short,2025-09-11 14:40:00+00:00,2025-09-11 14:45:00+00:00,2025-09-11 21:30:00+00:00,183932,183933,184014,4.13e-05,4.0263433349371555e-05,4.1818283325314224e-05,4.0263433349371555e-05,take_profit,2.574461650187687,2.494461650187687,82
1000SATS,long,2025-09-12 14:05:00+00:00,2025-09-12 14:10:00+00:00,2025-09-12 16:50:00+00:00,184213,184214,184246,4.09e-05,4.051916399523937e-05,4.051916399523937e-05,4.166167200952126e-05,stop,-0.9311393759428577,-1.0111393759428577,33
1000SATS,short,2025-09-12 17:15:00+00:00,2025-09-12 17:20:00+00:00,2025-09-12 22:15:00+00:00,184251,184252,184311,4.04e-05,4.077938894085755e-05,4.077938894085755e-05,3.9641222118284894e-05,stop,-0.930344840153885,-1.010344840153885,60
1000SATS,long,2025-09-13 18:20:00+00:00,2025-09-13 18:25:00+00:00,2025-09-13 22:50:00+00:00,184552,184553,184606,4.3e-05,4.262569005468499e-05,4.262569005468499e-05,4.3748619890630026e-05,stop,-0.8704882449186324,-0.9504882449186325,54
1000SATS,long,2025-09-14 14:15:00+00:00,2025-09-14 14:20:00+00:00,2025-09-14 16:10:00+00:00,184791,184792,184814,4.27e-05,4.356463975765843e-05,4.226768012117079e-05,4.356463975765843e-05,take_profit,2.0249174652422264,1.9449174652422265,23
1000SATS,long,2025-09-14 18:30:00+00:00,2025-09-14 18:35:00+00:00,2025-09-14 20:15:00+00:00,184842,184843,184863,4.27e-05,4.215932936602203e-05,4.215932936602203e-05,4.378134126795594e-05,stop,-1.2662075737188916,-1.3462075737188917,21
1000SATS,long,2025-09-15 14:15:00+00:00,2025-09-15 14:20:00+00:00,2025-09-15 15:00:00+00:00,185079,185080,185088,4.23e-05,4.17411350294287e-05,4.17411350294287e-05,4.34177299411426e-05,stop,-1.3211937838565002,-1.4011937838565003,9
1000SATS,long,2025-09-15 15:05:00+00:00,2025-09-15 15:10:00+00:00,2025-09-15 15:30:00+00:00,185089,185090,185094,4.22e-05,4.1426275321483886e-05,4.1426275321483886e-05,4.404744935703222e-05,stop,-1.833470802170889,-1.9134708021708888,5
1000SATS,long,2025-09-16 14:05:00+00:00,2025-09-16 14:10:00+00:00,2025-09-16 17:00:00+00:00,185365,185366,185400,3.9e-05,3.992397462821791e-05,3.868801268589105e-05,3.992397462821791e-05,take_profit,2.369165713379262,2.289165713379262,35
1000SATS,long,2025-09-17 14:55:00+00:00,2025-09-17 15:00:00+00:00,2025-09-17 17:05:00+00:00,185663,185664,185689,4.09e-05,4.035246997487817e-05,4.035246997487817e-05,4.169506005024367e-05,stop,-1.338704217901776,-1.4187042179017761,26
1000SATS,short,2025-09-17 18:05:00+00:00,2025-09-17 18:10:00+00:00,2025-09-17 21:30:00+00:00,185701,185702,185742,4e-05,4.0406783018399576e-05,4.0406783018399576e-05,3.918643396320086e-05,stop,-1.006719634706732,-1.086719634706732,41
1000SATS,short,2025-09-19 18:35:00+00:00,2025-09-19 18:40:00+00:00,2025-09-20 00:05:00+00:00,186283,186284,186349,4.12e-05,4.038368460768999e-05,4.1608157696155e-05,4.038368460768999e-05,take_profit,2.0213989888247186,1.9413989888247187,66
1000SATS,long,2025-09-20 14:05:00+00:00,2025-09-20 14:10:00+00:00,2025-09-20 18:30:00+00:00,186517,186518,186570,4.05e-05,3.99922918698244e-05,3.99922918698244e-05,4.151541626035121e-05,stop,-1.2536003214212443,-1.3336003214212444,53
1000SATS,long,2025-09-21 14:45:00+00:00,2025-09-21 14:50:00+00:00,2025-09-21 17:25:00+00:00,186813,186814,186845,4.12e-05,4.0834152771548805e-05,4.0834152771548805e-05,4.2231694456902394e-05,stop,-0.8879787098329928,-0.9679787098329928,32
1000SATS,short,2025-09-21 18:15:00+00:00,2025-09-21 18:20:00+00:00,2025-09-21 18:30:00+00:00,186855,186856,186858,4.05e-05,3.993275638709733e-05,4.078362180645134e-05,3.993275638709733e-05,take_profit,1.420497016043587,1.340497016043587,3
1000SATS,short,2025-09-22 14:30:00+00:00,2025-09-22 14:35:00+00:00,2025-09-22 14:55:00+00:00,187098,187099,187103,3.78e-05,3.7068679873348617e-05,3.8015660063325694e-05,3.7068679873348617e-05,take_profit,1.9728787999736097,1.8928787999736099,5
1000SATS,long,2025-09-23 15:30:00+00:00,2025-09-23 15:35:00+00:00,2025-09-24 00:00:00+00:00,187398,187399,187500,3.47e-05,3.438953738699716e-05,3.438953738699716e-05,3.5320925226005694e-05,stop,-0.8947049366076265,-0.9747049366076266,102
1000SATS,long,2025-09-24 17:05:00+00:00,2025-09-24 17:10:00+00:00,2025-09-24 20:10:00+00:00,187705,187706,187742,3.45e-05,3.5045745062228616e-05,3.422712746888569e-05,3.5045745062228616e-05,take_profit,1.581869745590203,1.501869745590203,37
1000SATS,long,2025-09-25 14:20:00+00:00,2025-09-25 14:25:00+00:00,2025-09-25 15:50:00+00:00,187960,187961,187978,3.7e-05,3.610439163607433e-05,3.610439163607433e-05,3.8491216727851345e-05,stop,-2.420563145745047,-2.5005631457450472,18
1000SATS,long,2025-09-25 16:15:00+00:00,2025-09-25 16:20:00+00:00,2025-09-25 16:40:00+00:00,187983,187984,187988,3.69e-05,3.854905260152921e-05,3.5925473699235394e-05,3.854905260152921e-05,take_profit,4.4689772399165495,4.388977239916549,5
1000SATS,long,2025-09-26 14:05:00+00:00,2025-09-26 14:10:00+00:00,2025-09-26 14:45:00+00:00,188245,188246,188253,4.09e-05,4.027679594657295e-05,4.027679594657295e-05,4.24464081068541e-05,stop,-1.5237262919976624,-1.6037262919976623,8
1000SATS,long,2025-09-26 15:15:00+00:00,2025-09-26 15:20:00+00:00,2025-09-26 16:35:00+00:00,188259,188260,188275,4.1e-05,4.026502839195758e-05,4.026502839195758e-05,4.2469943216084836e-05,stop,-1.792613678152244,-1.8726136781522438,16
1000SATS,long,2025-09-26 16:55:00+00:00,2025-09-26 17:00:00+00:00,2025-09-26 17:40:00+00:00,188279,188280,188288,4.08e-05,4.249625468639254e-05,4.0101872656803726e-05,4.249625468639254e-05,take_profit,4.157486976452307,4.077486976452307,9
1000SATS,long,2025-09-27 14:25:00+00:00,2025-09-27 14:30:00+00:00,2025-09-27 15:10:00+00:00,188537,188538,188546,5.07e-05,5.4037027550975334e-05,4.9181486224512335e-05,5.4037027550975334e-05,take_profit,6.581908384566737,6.501908384566738,9
1000SATS,long,2025-09-27 18:20:00+00:00,2025-09-27 18:25:00+00:00,2025-09-27 18:45:00+00:00,188584,188585,188589,5.05e-05,5.325805902765446e-05,4.912097048617277e-05,5.325805902765446e-05,take_profit,5.461503025058323,5.381503025058323,5
1000SATS,short,2025-09-28 15:45:00+00:00,2025-09-28 15:50:00+00:00,2025-09-30 01:55:00+00:00,188841,188842,189251,3.98e-05,3.599210670234009e-05,4.170394664882995e-05,3.599210670234009e-05,take_profit,10.579801091255181,10.499801091255181,410
1000SATS,long,2025-10-02 14:25:00+00:00,2025-10-02 14:30:00+00:00,2025-10-02 15:05:00+00:00,189977,189978,189985,3.91e-05,3.879163376118468e-05,3.879163376118468e-05,3.9716732477630644e-05,stop,-0.788660457328183,-0.8686604573281831,8
1000SATS,short,2025-10-02 16:30:00+00:00,2025-10-02 16:35:00+00:00,2025-10-02 16:50:00+00:00,190002,190003,190006,3.84e-05,3.86856059973309e-05,3.86856059973309e-05,3.782878800533819e-05,stop,-0.7382745855153638,-0.8182745855153639,4
1000SATS,short,2025-10-02 19:00:00+00:00,2025-10-02 19:05:00+00:00,2025-10-02 19:15:00+00:00,190032,190033,190035,3.85e-05,3.8777944001753806e-05,3.8777944001753806e-05,3.764411199649238e-05,stop,-0.716757963602288,-0.7967579636022881,3
1000SATS,long,2025-10-03 14:15:00+00:00,2025-10-03 14:20:00+00:00,2025-10-03 16:00:00+00:00,190263,190264,190284,3.86e-05,3.8193633993737316e-05,3.8193633993737316e-05,3.941273201252538e-05,stop,-1.0527616742556645,-1.1327616742556645,21
1000SATS,short,2025-10-03 16:20:00+00:00,2025-10-03 16:25:00+00:00,2025-10-03 16:55:00+00:00,190288,190289,190295,3.8e-05,3.831735532433963e-05,3.831735532433963e-05,3.7065289351320734e-05,stop,-0.8282286751091106,-0.9082286751091107,7
1000SATS,short,2025-10-03 19:05:00+00:00,2025-10-03 19:10:00+00:00,2025-10-03 21:15:00+00:00,190321,190322,190347,3.79e-05,3.829471365849419e-05,3.829471365849419e-05,3.7110572683011624e-05,stop,-1.0307262302942877,-1.1107262302942877,26
1000SATS,short,2025-10-04 18:15:00+00:00,2025-10-04 18:20:00+00:00,2025-10-05 01:05:00+00:00,190599,190600,190681,4.03e-05,4.074248580498222e-05,4.074248580498222e-05,3.911502839003557e-05,stop,-1.0860550018970905,-1.1660550018970905,82
1000SATS,long,2025-10-05 17:05:00+00:00,2025-10-05 17:10:00+00:00,2025-10-05 17:30:00+00:00,190873,190874,190878,4.1e-05,4.070580738473897e-05,4.070580738473897e-05,4.158838523052206e-05,stop,-0.7175429640512876,-0.7975429640512877,5
1000SATS,short,2025-10-07 15:10:00+00:00,2025-10-07 15:15:00+00:00,2025-10-07 17:30:00+00:00,191426,191427,191454,3.94e-05,3.859995088466114e-05,3.9800024557669434e-05,3.859995088466114e-05,take_profit,2.0726687392153886,1.9926687392153888,28
1000SATS,short,2025-10-08 14:25:00+00:00,2025-10-08 14:30:00+00:00,2025-10-08 16:20:00+00:00,191705,191706,191728,3.71e-05,3.752358680171278e-05,3.752358680171278e-05,3.625282639657445e-05,stop,-1.1288547759337408,-1.208854775933741,23
1000SATS,long,2025-10-08 16:25:00+00:00,2025-10-08 16:30:00+00:00,2025-10-08 18:25:00+00:00,191729,191730,191753,3.76e-05,3.7211420116198516e-05,3.7211420116198516e-05,3.8377159767602965e-05,stop,-1.0334571377698998,-1.1134571377698999,24
1000SATS,long,2025-10-08 19:45:00+00:00,2025-10-08 19:50:00+00:00,2025-10-08 20:30:00+00:00,191769,191770,191778,3.76e-05,3.721565267855516e-05,3.721565267855516e-05,3.836869464288968e-05,stop,-1.0222003229915955,-1.1022003229915955,9
1000SATS,short,2025-10-09 15:05:00+00:00,2025-10-09 15:10:00+00:00,2025-10-09 17:50:00+00:00,192001,192002,192034,3.75e-05,3.647163890954355e-05,3.801418054522822e-05,3.647163890954355e-05,take_profit,2.8196185342999724,2.7396185342999724,33
1000SATS,short,2025-10-10 14:30:00+00:00,2025-10-10 14:35:00+00:00,2025-10-10 22:05:00+00:00,192282,192283,192373,3.67e-05,3.7202788622618e-05,3.7202788622618e-05,3.569442275476399e-05,stop,-1.3514810078304906,-1.4314810078304907,91
1000SATS,long,2025-10-11 17:15:00+00:00,2025-10-11 17:20:00+00:00,2025-10-11 21:50:00+00:00,192603,192604,192658,2.66e-05,2.5892660527260213e-05,2.5892660527260213e-05,2.8014678945479573e-05,stop,-2.6591709501495697,-2.73917095014957,55
1000SATS,long,2025-10-12 15:15:00+00:00,2025-10-12 15:20:00+00:00,2025-10-12 16:20:00+00:00,192867,192868,192880,2.53e-05,2.5857010860292503e-05,2.5021494569853746e-05,2.5857010860292503e-05,take_profit,2.201623953725318,2.121623953725318,13
1000SATS,long,2025-10-12 18:30:00+00:00,2025-10-12 18:35:00+00:00,2025-10-12 22:00:00+00:00,192906,192907,192948,2.53e-05,2.5901938098323883e-05,2.4999030950838056e-05,2.5901938098323883e-05,take_profit,2.3792019696596167,2.2992019696596167,42
1000SATS,long,2025-10-13 15:25:00+00:00,2025-10-13 15:30:00+00:00,2025-10-13 20:25:00+00:00,193157,193158,193217,2.84e-05,2.7768590527719507e-05,2.7768590527719507e-05,2.9362818944560987e-05,stop,-2.2232727897200433,-2.3032727897200433,60
1000SATS,short,2025-10-14 14:35:00+00:00,2025-10-14 14:40:00+00:00,2025-10-14 15:30:00+00:00,193435,193436,193446,2.74e-05,2.6462776168584308e-05,2.7868611915707844e-05,2.6462776168584308e-05,take_profit,3.5416685892855515,3.4616685892855514,11
1000SATS,short,2025-10-15 15:15:00+00:00,2025-10-15 15:20:00+00:00,2025-10-15 15:40:00+00:00,193731,193732,193736,2.66e-05,2.7093649774604053e-05,2.7093649774604053e-05,2.5612700450791893e-05,stop,-1.8220128285070358,-1.9020128285070357,5
1000SATS,long,2025-10-15 17:30:00+00:00,2025-10-15 17:35:00+00:00,2025-10-15 17:50:00+00:00,193758,193759,193762,2.75e-05,2.7000017931670118e-05,2.7000017931670118e-05,2.8499964136659767e-05,stop,-1.8181166121086667,-1.8981166121086666,4
1000SATS,long,2025-10-16 15:30:00+00:00,2025-10-16 15:35:00+00:00,2025-10-16 16:30:00+00:00,194022,194023,194034,2.6e-05,2.5700560968585007e-05,2.5700560968585007e-05,2.6898878062829988e-05,stop,-1.151688582365351,-1.2316885823653512,12
1000SATS,short,2025-10-16 18:30:00+00:00,2025-10-16 18:35:00+00:00,2025-10-16 19:15:00+00:00,194058,194059,194067,2.43e-05,2.602282581606468e-05,2.602282581606468e-05,2.025434836787064e-05,stop,-6.620440947658834,-6.700440947658834,9
1000SATS,short,2025-10-17 15:15:00+00:00,2025-10-17 15:20:00+00:00,2025-10-17 15:45:00+00:00,194307,194308,194313,2.43e-05,2.331537421540594e-05,2.4792312892297032e-05,2.331537421540594e-05,take_profit,4.223075192777559,4.143075192777559,6
1000SATS,short,2025-10-18 14:30:00+00:00,2025-10-18 14:35:00+00:00,2025-10-18 14:45:00+00:00,194586,194587,194589,2.38e-05,2.4076215399105014e-05,2.4076215399105014e-05,2.2947569201789972e-05,stop,-1.1472542279850284,-1.2272542279850285,3
1000SATS,long,2025-10-18 15:05:00+00:00,2025-10-18 15:10:00+00:00,2025-10-18 15:35:00+00:00,194593,194594,194599,2.41e-05,2.3820316930491158e-05,2.3820316930491158e-05,2.4659366139017683e-05,stop,-1.1605106618624128,-1.2405106618624129,6
1000SATS,long,2025-10-18 16:00:00+00:00,2025-10-18 16:05:00+00:00,2025-10-18 22:00:00+00:00,194604,194605,194676,2.44e-05,2.382283202410881e-05,2.382283202410881e-05,2.5254335951782383e-05,stop,-2.3654425241442234,-2.4454425241442235,72
1000SATS,short,2025-10-19 14:40:00+00:00,2025-10-19 14:45:00+00:00,2025-10-19 17:15:00+00:00,194876,194877,194907,2.36e-05,2.3961830828522333e-05,2.3961830828522333e-05,2.2876338342955336e-05,stop,-1.5100299768898928,-1.5900299768898927,31
1000SATS,short,2025-10-19 17:20:00+00:00,2025-10-19 17:25:00+00:00,2025-10-19 18:45:00+00:00,194908,194909,194925,2.36e-05,2.4083726314256548e-05,2.4083726314256548e-05,2.2632547371486908e-05,stop,-2.008519395813768,-2.088519395813768,17
1000SATS,long,2025-10-19 19:25:00+00:00,2025-10-19 19:30:00+00:00,2025-10-20 09:30:00+00:00,194933,194934,195102,2.42e-05,2.366485954269076e-05,2.366485954269076e-05,2.497028091461848e-05,stop,-2.2113242037571923,-2.2913242037571924,169
1000SATS,long,2025-10-20 15:10:00+00:00,2025-10-20 15:15:00+00:00,2025-10-20 17:10:00+00:00,195170,195171,195194,2.48e-05,2.461628220345411e-05,2.461628220345411e-05,2.5467435593091777e-05,stop,-0.7407975667172995,-0.8207975667172995,24
1000SATS,long,2025-10-20 17:30:00+00:00,2025-10-20 17:35:00+00:00,2025-10-21 00:55:00+00:00,195198,195199,195287,2.5e-05,2.45089390304112e-05,2.45089390304112e-05,2.56821219391776e-05,stop,-1.9642438783552096,-2.0442438783552097,89
1000SATS,short,2025-10-22 14:10:00+00:00,2025-10-22 14:15:00+00:00,2025-10-22 20:00:00+00:00,195734,195735,195804,2.37e-05,2.2893595558820416e-05,2.3953202220589794e-05,2.2893595558820416e-05,take_profit,3.522401883564741,3.4424018835647407,70
1000SATS,long,2025-10-23 15:25:00+00:00,2025-10-23 15:30:00+00:00,2025-10-23 22:35:00+00:00,196037,196038,196123,2.28e-05,2.336492866091826e-05,2.2517535669540867e-05,2.336492866091826e-05,take_profit,2.4777572847292095,2.3977572847292095,86
1000SATS,long,2025-10-24 14:10:00+00:00,2025-10-24 14:15:00+00:00,2025-10-24 16:45:00+00:00,196310,196311,196341,2.44e-05,2.4123667005961876e-05,2.4123667005961876e-05,2.495266598807625e-05,stop,-1.1325122706480562,-1.2125122706480562,31
1000SATS,short,2025-10-24 19:25:00+00:00,2025-10-24 19:30:00+00:00,2025-10-24 21:30:00+00:00,196373,196374,196398,2.39e-05,2.4130681967126953e-05,2.4130681967126953e-05,2.34386360657461e-05,stop,-0.9559695305802252,-1.0359695305802252,25
1000SATS,short,2025-10-25 15:35:00+00:00,2025-10-25 15:40:00+00:00,2025-10-25 21:20:00+00:00,196615,196616,196684,2.37e-05,2.4019118275914384e-05,2.4019118275914384e-05,2.3061763448171233e-05,stop,-1.3286011261886554,-1.4086011261886555,69
1000SATS,long,2025-10-26 14:35:00+00:00,2025-10-26 14:40:00+00:00,2025-10-26 22:10:00+00:00,196891,196892,196982,2.42e-05,2.486268069669826e-05,2.3868659651650868e-05,2.486268069669826e-05,take_profit,2.7383499863564476,2.6583499863564475,91
1000SATS,long,2025-10-27 14:15:00+00:00,2025-10-27 14:20:00+00:00,2025-10-27 15:00:00+00:00,197175,197176,197184,2.6e-05,2.5657049454701685e-05,2.5657049454701685e-05,2.638590109059663e-05,stop,-1.319040558839668,-1.3990405588396682,9
1000SATS,long,2025-10-27 15:45:00+00:00,2025-10-27 15:50:00+00:00,2025-10-27 17:10:00+00:00,197193,197194,197210,2.58e-05,2.5546699447497292e-05,2.5546699447497292e-05,2.6606601105005414e-05,stop,-0.9817850872197997,-1.0617850872197998,17
1000SATS,short,2025-10-27 17:25:00+00:00,2025-10-27 17:30:00+00:00,2025-10-28 11:50:00+00:00,197213,197214,197434,2.53e-05,2.4390293384913215e-05,2.575485330754339e-05,2.4390293384913215e-05,take_profit,3.729789554927976,3.6497895549279757,221
1000SATS,short,2025-10-28 14:40:00+00:00,2025-10-28 14:45:00+00:00,2025-10-28 15:50:00+00:00,197468,197469,197482,2.44e-05,2.4649329229180055e-05,2.4649329229180055e-05,2.3601341541639893e-05,stop,-1.0115051280377152,-1.0915051280377153,14
1000SATS,long,2025-10-28 17:35:00+00:00,2025-10-28 17:40:00+00:00,2025-10-28 18:25:00+00:00,197503,197504,197513,2.47e-05,2.4442391481876326e-05,2.4442391481876326e-05,2.521521703624735e-05,stop,-1.0429494660877503,-1.1229494660877504,10
1000SATS,long,2025-10-28 18:50:00+00:00,2025-10-28 18:55:00+00:00,2025-10-28 23:45:00+00:00,197518,197519,197577,2.47e-05,2.4353373077172056e-05,2.4353373077172056e-05,2.539325384565589e-05,stop,-1.4033478657001774,-1.4833478657001775,59
1000SATS,long,2025-10-29 14:35:00+00:00,2025-10-29 14:40:00+00:00,2025-10-29 18:10:00+00:00,197755,197756,197798,2.35e-05,2.3152573253692712e-05,2.3152573253692712e-05,2.419485349261457e-05,stop,-1.478411686413983,-1.558411686413983,43
1000SATS,long,2025-10-29 19:20:00+00:00,2025-10-29 19:25:00+00:00,2025-10-30 00:45:00+00:00,197812,197813,197877,2.34e-05,2.3162640452330637e-05,2.3162640452330637e-05,2.417471909533872e-05,stop,-1.014357041322056,-1.094357041322056,65
1000SATS,long,2025-10-30 16:10:00+00:00,2025-10-30 16:15:00+00:00,2025-10-30 17:15:00+00:00,198062,198063,198075,2.31e-05,2.281951187802651e-05,2.281951187802651e-05,2.3960976243946984e-05,stop,-1.2142342942575324,-1.2942342942575324,13
1000SATS,long,2025-11-01 15:55:00+00:00,2025-11-01 16:00:00+00:00,2025-11-01 23:50:00+00:00,198635,198636,198730,2.25e-05,2.21637549211793e-05,2.21637549211793e-05,2.31724901576414e-05,stop,-1.4944225725364468,-1.5744225725364467,95
1000SATS,long,2025-11-02 17:25:00+00:00,2025-11-02 17:30:00+00:00,2025-11-02 17:45:00+00:00,198941,198942,198945,2.3e-05,2.2750382710116142e-05,2.2750382710116142e-05,2.3499234579767716e-05,stop,-1.0852925647124256,-1.1652925647124257,4
1000SATS,short,2025-11-03 15:10:00+00:00,2025-11-03 15:15:00+00:00,2025-11-03 16:35:00+00:00,199202,199203,199219,2.08e-05,2.1090094836938053e-05,2.1090094836938053e-05,1.991981032612389e-05,stop,-1.3755027617513016,-1.4555027617513017,17
1000SATS,short,2025-11-03 17:35:00+00:00,2025-11-03 17:40:00+00:00,2025-11-03 17:50:00+00:00,199231,199232,199234,2.08e-05,2.1078934246850428e-05,2.1078934246850428e-05,1.994213150629914e-05,stop,-1.3232843918193127,-1.4032843918193127,3
1000SATS,short,2025-11-03 19:40:00+00:00,2025-11-03 19:45:00+00:00,2025-11-03 20:00:00+00:00,199256,199257,199260,2.08e-05,2.0992094620564257e-05,2.0992094620564257e-05,2.011581075887148e-05,stop,-0.91508076748128,-0.99508076748128,4
1000SATS,long,2025-11-04 15:15:00+00:00,2025-11-04 15:20:00+00:00,2025-11-04 16:00:00+00:00,199491,199492,199500,1.96e-05,1.9111128783959385e-05,1.9111128783959385e-05,2.0577742432081226e-05,stop,-2.4942408981664,-2.5742408981664,9
1000SATS,long,2025-11-04 18:40:00+00:00,2025-11-04 18:45:00+00:00,2025-11-05 02:10:00+00:00,199532,199533,199622,1.96e-05,1.927681827656907e-05,1.927681827656907e-05,2.0546363446861866e-05,stop,-1.6488863440353607,-1.7288863440353606,90
1000SATS,long,2025-11-05 15:30:00+00:00,2025-11-05 15:35:00+00:00,2025-11-05 17:15:00+00:00,199782,199783,199803,1.97e-05,1.943424376136845e-05,1.943424376136845e-05,2.0531512477263104e-05,stop,-1.3490164397540694,-1.4290164397540694,21
1000SATS,short,2025-11-05 17:40:00+00:00,2025-11-05 17:45:00+00:00,2025-11-05 18:25:00+00:00,199808,199809,199817,1.94e-05,1.9690218861868156e-05,1.9690218861868156e-05,1.881956227626369e-05,stop,-1.4739240020850697,-1.5539240020850698,9
1000SATS,long,2025-11-05 20:15:00+00:00,2025-11-05 20:20:00+00:00,2025-11-05 23:50:00+00:00,199839,199840,199882,1.97e-05,2.032112415752606e-05,1.953943792123697e-05,2.032112415752606e-05,take_profit,3.152914505208426,3.072914505208426,43
1000SATS,short,2025-11-06 20:00:00+00:00,2025-11-06 20:05:00+00:00,2025-11-06 22:20:00+00:00,200124,200125,200152,2.02e-05,2.0474976182666715e-05,2.0474976182666715e-05,1.9350047634666573e-05,stop,-1.3429865813445963,-1.4229865813445963,28
1000SATS,long,2025-11-07 15:20:00+00:00,2025-11-07 15:25:00+00:00,2025-11-07 18:40:00+00:00,200356,200357,200396,2.13e-05,2.093714688866209e-05,2.093714688866209e-05,2.2025706222675815e-05,stop,-1.7035357339807877,-1.7835357339807876,40
1000SATS,long,2025-11-07 18:55:00+00:00,2025-11-07 19:00:00+00:00,2025-11-07 20:10:00+00:00,200399,200400,200414,2.14e-05,2.1090223487433735e-05,2.1090223487433735e-05,2.2019553025132524e-05,stop,-1.4475537970386143,-1.5275537970386144,15
1000SATS,short,2025-11-08 15:25:00+00:00,2025-11-08 15:30:00+00:00,2025-11-09 00:20:00+00:00,200645,200646,200752,2.45e-05,2.2706469597603054e-05,2.539676520119847e-05,2.2706469597603054e-05,take_profit,7.898763806885567,7.818763806885568,107
1000SATS,short,2025-11-09 15:50:00+00:00,2025-11-09 15:55:00+00:00,2025-11-09 16:10:00+00:00,200938,200939,200942,2.21e-05,2.2387174223590007e-05,2.2387174223590007e-05,2.1225651552819985e-05,stop,-1.2827622670100292,-1.3627622670100292,4
1000SATS,short,2025-11-09 18:50:00+00:00,2025-11-09 18:55:00+00:00,2025-11-09 19:45:00+00:00,200974,200975,200985,2.2e-05,2.2367161087573877e-05,2.2367161087573877e-05,2.1265677824852243e-05,stop,-1.6415185017729206,-1.7215185017729204,11
1000SATS,long,2025-11-10 15:45:00+00:00,2025-11-10 15:50:00+00:00,2025-11-10 16:30:00+00:00,201225,201226,201234,2.35e-05,2.322189210691905e-05,2.322189210691905e-05,2.4056215786161893e-05,stop,-1.18343784289765,-1.26343784289765,9
1000SATS,short,2025-11-10 17:35:00+00:00,2025-11-10 17:40:00+00:00,2025-11-10 18:05:00+00:00,201247,201248,201253,2.31e-05,2.3364654689932226e-05,2.3364654689932226e-05,2.2270690620135548e-05,stop,-1.1327138938897585,-1.2127138938897586,6
1000SATS,long,2025-11-10 18:25:00+00:00,2025-11-10 18:30:00+00:00,2025-11-10 19:35:00+00:00,201257,201258,201271,2.35e-05,2.310786892116349e-05,2.310786892116349e-05,2.4284262157673015e-05,stop,-1.6686428886659943,-1.7486428886659942,14
1000SATS,short,2025-11-11 16:10:00+00:00,2025-11-11 16:15:00+00:00,2025-11-12 01:15:00+00:00,201518,201519,201627,2.25e-05,2.28968656596748e-05,2.28968656596748e-05,2.1706268680650403e-05,stop,-1.7332750498411875,-1.8132750498411874,109
1000SATS,long,2025-11-12 15:15:00+00:00,2025-11-12 15:20:00+00:00,2025-11-12 16:30:00+00:00,201795,201796,201810,2.24e-05,2.214013035071675e-05,2.214013035071675e-05,2.3219739298566504e-05,stop,-1.1601323628716464,-1.2401323628716465,15
1000SATS,short,2025-11-12 16:50:00+00:00,2025-11-12 16:55:00+00:00,2025-11-12 17:25:00+00:00,201814,201815,201821,2.21e-05,2.2361697510035978e-05,2.2361697510035978e-05,2.1276604979928042e-05,stop,-1.170293578645043,-1.250293578645043,7
1000SATS,long,2025-11-12 17:35:00+00:00,2025-11-12 17:40:00+00:00,2025-11-12 21:40:00+00:00,201823,201824,201872,2.25e-05,2.2238836366796728e-05,2.2238836366796728e-05,2.3022327266406548e-05,stop,-1.1607272586812156,-1.2407272586812157,49
1000SATS,long,2025-11-20 15:10:00+00:00,2025-11-20 15:15:00+00:00,2025-11-20 19:05:00+00:00,202369,202370,202416,1.9e-05,1.8877418212651666e-05,1.8877418212651666e-05,1.954516357469667e-05,stop,-0.6451673018333381,-0.7251673018333382,47
1000SATS,long,2025-11-20 20:40:00+00:00,2025-11-20 20:45:00+00:00,2025-11-20 21:45:00+00:00,202435,202436,202448,1.9e-05,1.9773895297337045e-05,1.8763052351331477e-05,1.9773895297337045e-05,take_profit,4.073133143879182,3.9931331438791817,13
1000SATS,short,2025-11-21 16:30:00+00:00,2025-11-21 16:35:00+00:00,2025-11-24 01:20:00+00:00,202673,202674,203355,1.59e-05,1.8255808197458912e-05,1.8255808197458912e-05,1.1188383605082177e-05,stop,-12.904431137630079,-12.984431137630079,682
1000SATS,short,2025-11-24 15:05:00+00:00,2025-11-24 15:10:00+00:00,2025-11-25 01:10:00+00:00,203520,203521,203641,1.79e-05,1.8169403015127864e-05,1.8169403015127864e-05,1.706119396974427e-05,stop,-1.4827290412544492,-1.562729041254449,121
1000SATS,short,2025-11-25 15:35:00+00:00,2025-11-25 15:40:00+00:00,2025-11-25 16:00:00+00:00,203814,203815,203819,1.76e-05,1.7821742551894668e-05,1.7821742551894668e-05,1.7156514896210666e-05,stop,-1.2442248632476893,-1.3242248632476894,5
1000SATS,short,2025-11-25 18:25:00+00:00,2025-11-25 18:30:00+00:00,2025-11-25 18:40:00+00:00,203848,203849,203851,1.77e-05,1.782563097816423e-05,1.782563097816423e-05,1.714873804367154e-05,stop,-0.7047771734875807,-0.7847771734875808,3
1000SATS,long,2025-11-25 19:25:00+00:00,2025-11-25 19:30:00+00:00,2025-11-25 21:05:00+00:00,203860,203861,203880,1.8e-05,1.7768654722992245e-05,1.7768654722992245e-05,1.846269055401551e-05,stop,-1.2852515389319752,-1.3652515389319753,20
1000SATS,long,2025-11-26 15:45:00+00:00,2025-11-26 15:50:00+00:00,2025-11-26 17:25:00+00:00,204104,204105,204124,1.81e-05,1.7977582351256167e-05,1.7977582351256167e-05,1.864483529748766e-05,stop,-0.676340600794656,-0.756340600794656,20
1000SATS,short,2025-11-26 17:35:00+00:00,2025-11-26 17:40:00+00:00,2025-11-26 21:00:00+00:00,204126,204127,204167,1.8e-05,1.7433020623707224e-05,1.813348968814639e-05,1.7433020623707224e-05,take_profit,3.252330095461131,3.172330095461131,41
1000SATS,long,2025-11-27 16:25:00+00:00,2025-11-27 16:30:00+00:00,2025-11-27 17:10:00+00:00,204400,204401,204409,1.82e-05,1.799105840518631e-05,1.799105840518631e-05,1.8617883189627374e-05,stop,-1.1480307407345514,-1.2280307407345514,9
1000SATS,short,2025-11-28 15:25:00+00:00,2025-11-28 15:30:00+00:00,2025-11-28 17:10:00+00:00,204676,204677,204697,1.77e-05,1.8019683265397923e-05,1.8019683265397923e-05,1.7060633469204154e-05,stop,-1.7740781604735023,-1.8540781604735022,21
1000SATS,long,2025-11-28 17:30:00+00:00,2025-11-28 17:35:00+00:00,2025-11-28 20:15:00+00:00,204701,204702,204734,1.8e-05,1.7863496281231623e-05,1.7863496281231623e-05,1.8573007437536752e-05,stop,-0.7583539931576455,-0.8383539931576456,33
1000SATS,long,2025-11-28 20:55:00+00:00,2025-11-28 21:00:00+00:00,2025-11-29 03:00:00+00:00,204742,204743,204815,1.8e-05,1.7775675418313846e-05,1.7775675418313846e-05,1.8748649163372306e-05,stop,-1.2462476760341845,-1.3262476760341846,73
1000SATS,short,2025-11-29 15:20:00+00:00,2025-11-29 15:25:00+00:00,2025-11-30 03:00:00+00:00,204963,204964,205103,1.79e-05,1.717811139351221e-05,1.8110944303243894e-05,1.717811139351221e-05,take_profit,4.202374696210387,4.122374696210387,140
1000SATS,long,2025-12-02 16:10:00+00:00,2025-12-02 16:15:00+00:00,2025-12-02 17:55:00+00:00,205837,205838,205858,1.59e-05,1.5576890743973214e-05,1.5576890743973214e-05,1.6546218512053572e-05,stop,-2.0321336857030525,-2.1121336857030526,21
1000SATS,long,2025-12-02 19:45:00+00:00,2025-12-02 19:50:00+00:00,2025-12-03 00:00:00+00:00,205880,205881,205931,1.58e-05,1.6541023777196334e-05,1.5579488111401834e-05,1.6541023777196334e-05,take_profit,4.690023906305907,4.610023906305907,51
1000SATS,short,2025-12-03 15:50:00+00:00,2025-12-03 15:55:00+00:00,2025-12-03 17:30:00+00:00,206121,206122,206141,1.73e-05,1.7542805566355764e-05,1.7542805566355764e-05,1.6814388867288473e-05,stop,-1.3840748872086084,-1.4640748872086085,20
1000SATS,long,2025-12-03 17:55:00+00:00,2025-12-03 18:00:00+00:00,2025-12-03 21:30:00+00:00,206146,206147,206189,1.77e-05,1.747421426422687e-05,1.747421426422687e-05,1.815157147154626e-05,stop,-1.2756256258368848,-1.3556256258368848,43
1000SATS,long,2025-12-05 15:35:00+00:00,2025-12-05 15:40:00+00:00,2025-12-05 18:40:00+00:00,206694,206695,206731,1.73e-05,1.7063379179475866e-05,1.7063379179475866e-05,1.8073241641048267e-05,stop,-1.367750407653956,-1.447750407653956,37
1000SATS,short,2025-12-05 19:45:00+00:00,2025-12-05 19:50:00+00:00,2025-12-05 23:50:00+00:00,206744,206745,206793,1.71e-05,1.6651074075942392e-05,1.7324462962028803e-05,1.6651074075942392e-05,take_profit,2.696077874677272,2.6160778746772717,49
1000SATS,short,2025-12-06 17:30:00+00:00,2025-12-06 17:35:00+00:00,2025-12-06 23:15:00+00:00,207005,207006,207074,1.63e-05,1.6528816571238143e-05,1.6528816571238143e-05,1.5542366857523717e-05,stop,-1.384349389152928,-1.464349389152928,69
1000SATS,short,2025-12-07 16:35:00+00:00,2025-12-07 16:40:00+00:00,2025-12-07 23:25:00+00:00,207282,207283,207364,1.78e-05,1.7068315427938224e-05,1.8165842286030886e-05,1.7068315427938224e-05,take_profit,4.286800154068615,4.206800154068615,82
1000SATS,short,2025-12-09 15:10:00+00:00,2025-12-09 15:15:00+00:00,2025-12-09 21:20:00+00:00,207841,207842,207915,1.7e-05,1.7337195179792386e-05,1.7337195179792386e-05,1.6325609640415228e-05,stop,-1.9449234798106674,-2.0249234798106674,74
1000SATS,short,2025-12-10 16:20:00+00:00,2025-12-10 16:25:00+00:00,2025-12-11 02:20:00+00:00,208143,208144,208263,1.73e-05,1.742037324924946e-05,1.742037324924946e-05,1.6759253501501085e-05,stop,-0.6909912177378019,-0.770991217737802,120
1000SATS,long,2025-12-13 16:00:00+00:00,2025-12-13 16:05:00+00:00,2025-12-13 20:20:00+00:00,209003,209004,209055,1.71e-05,1.66500666573512e-05,1.66500666573512e-05,1.7999866685297597e-05,stop,-2.6311891382970742,-2.7111891382970743,52
1000SATS,short,2025-12-14 20:40:00+00:00,2025-12-14 20:45:00+00:00,2025-12-14 21:15:00+00:00,209347,209348,209354,1.62e-05,1.644431383001782e-05,1.644431383001782e-05,1.571137233996436e-05,stop,-1.485704010171851,-1.565704010171851,7
1000SATS,long,2025-12-16 19:00:00+00:00,2025-12-16 19:05:00+00:00,2025-12-16 20:25:00+00:00,209903,209904,209920,1.52e-05,1.5970481244703367e-05,1.4964759377648315e-05,1.5970481244703367e-05,take_profit,5.068955557258992,4.988955557258992,17
1000SATS,long,2025-12-19 16:10:00+00:00,2025-12-19 16:15:00+00:00,2025-12-20 05:00:00+00:00,210733,210734,210887,1.52e-05,1.5667849055045974e-05,1.4966075472477013e-05,1.5667849055045974e-05,take_profit,3.077954309512987,2.997954309512987,154
1000SATS,long,2025-12-20 15:30:00+00:00,2025-12-20 15:35:00+00:00,2025-12-21 11:20:00+00:00,211013,211014,211251,1.54e-05,1.5181437238009714e-05,1.5181437238009714e-05,1.6137125523980575e-05,stop,-1.4192387142226481,-1.4992387142226482,238
1000SATS,short,2025-12-21 16:35:00+00:00,2025-12-21 16:40:00+00:00,2025-12-23 22:35:00+00:00,211314,211315,211962,1.53e-05,1.4580034101676225e-05,1.5509982949161888e-05,1.4580034101676225e-05,take_profit,4.938026161687792,4.858026161687792,648
1000SATS,long,2025-12-24 15:25:00+00:00,2025-12-24 15:30:00+00:00,2025-12-25 15:35:00+00:00,212164,212165,212454,1.48e-05,1.55718455888294e-05,1.45640772055853e-05,1.55718455888294e-05,take_profit,5.215172897495934,5.135172897495934,290
1000SATS,long,2025-12-25 19:40:00+00:00,2025-12-25 19:45:00+00:00,2025-12-26 07:40:00+00:00,212503,212504,212647,1.56e-05,1.5355046867076143e-05,1.5355046867076143e-05,1.638990626584771e-05,stop,-1.570212390537551,-1.6502123905375508,144
1000SATS,short,2025-12-26 16:35:00+00:00,2025-12-26 16:40:00+00:00,2025-12-27 16:20:00+00:00,212754,212755,213039,1.54e-05,1.5623449317861562e-05,1.5623449317861562e-05,1.4653101364276873e-05,stop,-1.4302175743361678,-1.5102175743361679,285
1000SATS,long,2025-12-27 19:15:00+00:00,2025-12-27 19:20:00+00:00,2025-12-28 23:20:00+00:00,213074,213075,213411,1.55e-05,1.62147320237655e-05,1.529263398811725e-05,1.62147320237655e-05,take_profit,4.611174346874192,4.531174346874192,337
1000SATS,short,2025-12-29 18:30:00+00:00,2025-12-29 18:35:00+00:00,2025-12-30 08:00:00+00:00,213641,213642,213803,1.57e-05,1.5061266347215964e-05,1.6019366826392016e-05,1.5061266347215964e-05,take_profit,4.240902710694727,4.160902710694727,162
1000SATS,long,2025-12-30 16:40:00+00:00,2025-12-30 16:45:00+00:00,2026-01-01 01:40:00+00:00,213907,213908,214303,1.5e-05,1.4779457201762815e-05,1.4779457201762815e-05,1.574108559647437e-05,stop,-1.4702853215812328,-1.550285321581233,396
1000SATS,long,2026-01-01 16:00:00+00:00,2026-01-01 16:05:00+00:00,2026-01-02 00:45:00+00:00,214475,214476,214580,1.54e-05,1.6035239811564878e-05,1.5082380094217564e-05,1.6035239811564878e-05,take_profit,4.124933841330369,4.044933841330369,105
1000SATS,short,2026-01-02 15:50:00+00:00,2026-01-02 15:55:00+00:00,2026-01-02 18:45:00+00:00,214761,214762,214796,1.61e-05,1.6314549535028604e-05,1.6314549535028604e-05,1.537090092994279e-05,stop,-1.3150809623517334,-1.3950809623517335,35
1000SATS,long,2026-01-02 20:00:00+00:00,2026-01-02 20:05:00+00:00,2026-01-02 23:30:00+00:00,214811,214812,214853,1.63e-05,1.606371636890088e-05,1.606371636890088e-05,1.7072567262198235e-05,stop,-1.4495928288289495,-1.5295928288289495,42
1000SATS,short,2026-01-03 15:40:00+00:00,2026-01-03 15:45:00+00:00,2026-01-04 01:25:00+00:00,215047,215048,215164,1.68e-05,1.7027687045321498e-05,1.7027687045321498e-05,1.6044625909357002e-05,stop,-1.3371577990333061,-1.4171577990333062,117
1000SATS,long,2026-01-04 15:10:00+00:00,2026-01-04 15:15:00+00:00,2026-01-04 15:40:00+00:00,215329,215330,215335,1.73e-05,1.7077219821350073e-05,1.7077219821350073e-05,1.8045560357299852e-05,stop,-1.2877466973984286,-1.3677466973984287,6
1000SATS,long,2026-01-04 18:10:00+00:00,2026-01-04 18:15:00+00:00,2026-01-04 21:30:00+00:00,215365,215366,215405,1.74e-05,1.810581581806361e-05,1.7047092090968194e-05,1.810581581806361e-05,take_profit,4.056412747492022,3.976412747492022,40
1000SATS,short,2026-01-06 15:15:00+00:00,2026-01-06 15:20:00+00:00,2026-01-06 20:50:00+00:00,215906,215907,215973,1.78e-05,1.8022380262037442e-05,1.8022380262037442e-05,1.7055239475925115e-05,stop,-1.2339117186749626,-1.3139117186749627,67
1000SATS,long,2026-01-07 15:20:00+00:00,2026-01-07 15:25:00+00:00,2026-01-07 18:30:00+00:00,216195,216196,216233,1.82e-05,1.7940707708016092e-05,1.7940707708016092e-05,1.9018584583967818e-05,stop,-1.424682922988496,-1.5046829229884962,38
1000SATS,short,2026-01-07 18:50:00+00:00,2026-01-07 18:55:00+00:00,2026-01-07 20:35:00+00:00,216237,216238,216258,1.78e-05,1.806999032900655e-05,1.806999032900655e-05,1.69600193419869e-05,stop,-1.4941365440199195,-1.5741365440199193,21
1000SATS,short,2026-01-08 15:05:00+00:00,2026-01-08 15:10:00+00:00,2026-01-08 19:00:00+00:00,216480,216481,216527,1.72e-05,1.6528621297779187e-05,1.753568935111041e-05,1.6528621297779187e-05,take_profit,4.061915934337623,3.981915934337623,47
1000SATS,short,2026-01-09 17:35:00+00:00,2026-01-09 17:40:00+00:00,2026-01-10 00:25:00+00:00,216798,216799,216880,1.7e-05,1.7237499823689112e-05,1.7237499823689112e-05,1.622500035262178e-05,stop,-1.377808998511032,-1.457808998511032,82
1000SATS,short,2026-01-10 15:15:00+00:00,2026-01-10 15:20:00+00:00,2026-01-10 16:50:00+00:00,217058,217059,217077,1.69e-05,1.711657338140669e-05,1.711657338140669e-05,1.6166853237186617e-05,stop,-1.2652846839189547,-1.3452846839189547,19
1000SATS,long,2026-01-10 17:10:00+00:00,2026-01-10 17:15:00+00:00,2026-01-11 02:50:00+00:00,217081,217082,217197,1.71e-05,1.698531465951968e-05,1.698531465951968e-05,1.7629370680960644e-05,stop,-0.67067450573286,-0.7506745057328601,116
1000SATS,short,2026-01-11 15:20:00+00:00,2026-01-11 15:25:00+00:00,2026-01-11 17:50:00+00:00,217347,217348,217377,1.68e-05,1.7027257197725108e-05,1.7027257197725108e-05,1.634548560454978e-05,stop,-1.3346670875181932,-1.4146670875181933,30
