symbol,side,signal_time,entry_time,exit_time,signal_i,entry_i,exit_i,entry_price,exit_price,stop_loss,take_profit,exit_reason,gross_return_pct,net_return_pct,bars_held
1000X,long,2024-11-14 15:30:00+00:00,2024-11-14 15:35:00+00:00,2024-11-14 15:40:00+00:00,216,217,218,0.30654,0.2961219192687845,0.2961219192687845,0.32704616146243093,stop,-3.3986040096612102,-3.4786040096612103,2
1000X,short,2024-11-14 15:50:00+00:00,2024-11-14 15:55:00+00:00,2024-11-14 17:00:00+00:00,220,221,234,0.29183,0.3011299873428844,0.3011299873428844,0.2747000253142313,stop,-3.088363077003975,-3.168363077003975,14
1000X,long,2024-11-14 17:30:00+00:00,2024-11-14 17:35:00+00:00,2024-11-14 19:40:00+00:00,240,241,266,0.3181,0.29048956953971067,0.29048956953971067,0.3732908609205786,stop,-8.67979580644116,-8.75979580644116,26
1000X,short,2024-11-17 16:10:00+00:00,2024-11-17 16:15:00+00:00,2024-11-17 16:45:00+00:00,1088,1089,1095,0.23872,0.2421688722313978,0.2421688722313978,0.23170225553720442,stop,-1.424160008517661,-1.504160008517661,7
1000X,short,2024-11-17 17:00:00+00:00,2024-11-17 17:05:00+00:00,2024-11-17 17:05:00+00:00,1098,1099,1099,0.23895,0.24299179239631027,0.24299179239631027,0.23095641520737945,stop,-1.6633452333724374,-1.7433452333724373,1
1000X,short,2024-11-17 20:10:00+00:00,2024-11-17 20:15:00+00:00,2024-11-17 21:50:00+00:00,1136,1137,1156,0.23873,0.24187960067582936,0.24187960067582936,0.23273079864834123,stop,-1.302135718361186,-1.382135718361186,20
1000X,long,2024-11-19 17:00:00+00:00,2024-11-19 17:05:00+00:00,2024-11-19 17:15:00+00:00,1674,1675,1677,0.24645,0.24209468494728387,0.24209468494728387,0.2550106301054323,stop,-1.7672205529381757,-1.8472205529381756,3
1000X,long,2024-11-19 17:45:00+00:00,2024-11-19 17:50:00+00:00,2024-11-19 18:25:00+00:00,1683,1684,1691,0.24592,0.24193773729505214,0.24193773729505214,0.25382452540989575,stop,-1.6193325898454236,-1.6993325898454235,8
1000X,short,2024-11-20 15:35:00+00:00,2024-11-20 15:40:00+00:00,2024-11-20 17:00:00+00:00,1945,1946,1962,0.22782,0.23035442947059545,0.23035442947059545,0.2226911410588091,stop,-1.1002304042601385,-1.1802304042601386,17
1000X,short,2024-11-20 18:00:00+00:00,2024-11-20 18:05:00+00:00,2024-11-20 19:55:00+00:00,1974,1975,1997,0.22853,0.22419555357693832,0.23068222321153084,0.22419555357693832,take_profit,1.9333329113390363,1.8533329113390364,23
1000X,short,2024-11-21 15:30:00+00:00,2024-11-21 15:35:00+00:00,2024-11-21 18:05:00+00:00,2232,2233,2263,0.19864,0.20451650989209014,0.20451650989209014,0.1869169802158197,stop,-2.873366993789783,-2.9533669937897833,31
1000X,short,2024-11-21 18:50:00+00:00,2024-11-21 18:55:00+00:00,2024-11-21 21:05:00+00:00,2272,2273,2299,0.19979,0.2031000494268253,0.2031000494268253,0.19322990114634936,stop,-1.6297629843846417,-1.7097629843846416,27
1000X,long,2024-11-22 16:05:00+00:00,2024-11-22 16:10:00+00:00,2024-11-22 16:20:00+00:00,2527,2528,2530,0.22214,0.21647032102270852,0.21647032102270852,0.23335935795458293,stop,-2.552299890740739,-2.632299890740739,3
1000X,long,2024-11-23 17:30:00+00:00,2024-11-23 17:35:00+00:00,2024-11-23 18:20:00+00:00,2832,2833,2842,0.20727,0.2042249918236427,0.2042249918236427,0.21339001635271457,stop,-1.4691022223946137,-1.5491022223946138,10
1000X,long,2024-11-23 18:35:00+00:00,2024-11-23 18:40:00+00:00,2024-11-23 19:00:00+00:00,2845,2846,2850,0.20718,0.20523445402984888,0.20523445402984888,0.21107109194030224,stop,-0.939060705739514,-1.019060705739514,5
1000X,long,2024-11-23 19:05:00+00:00,2024-11-23 19:10:00+00:00,2024-11-23 19:30:00+00:00,2851,2852,2856,0.20713,0.2045777771075616,0.2045777771075616,0.21220444578487682,stop,-1.232184083637533,-1.3121840836375331,5
1000X,short,2024-11-24 17:40:00+00:00,2024-11-24 17:45:00+00:00,2024-11-24 19:45:00+00:00,3122,3123,3147,0.21154,0.20495483997138234,0.21477258001430882,0.20495483997138234,take_profit,3.2129809813406407,3.1329809813406406,25
1000X,long,2024-11-25 15:05:00+00:00,2024-11-25 15:10:00+00:00,2024-11-25 15:45:00+00:00,3379,3380,3387,0.2112,0.20886381315781227,0.20886381315781227,0.21587237368437545,stop,-1.1061490730055468,-1.1861490730055468,8
1000X,short,2024-11-25 16:05:00+00:00,2024-11-25 16:10:00+00:00,2024-11-25 16:40:00+00:00,3391,3392,3398,0.20838,0.21088559402815227,0.21088559402815227,0.20354881194369542,stop,-1.1881295352103471,-1.2681295352103472,7
1000X,long,2024-11-25 17:05:00+00:00,2024-11-25 17:10:00+00:00,2024-11-25 19:00:00+00:00,3403,3404,3426,0.21131,0.2084015434941381,0.2084015434941381,0.2168569130117238,stop,-1.376393216535854,-1.456393216535854,23
1000X,short,2024-11-26 15:50:00+00:00,2024-11-26 15:55:00+00:00,2024-11-26 17:20:00+00:00,3676,3677,3694,0.20356,0.1973633200561247,0.20656833997193763,0.1973633200561247,take_profit,3.1397323180989867,3.0597323180989866,18
1000X,long,2024-11-27 15:10:00+00:00,2024-11-27 15:15:00+00:00,2024-11-27 18:20:00+00:00,3956,3957,3994,0.19424,0.19269747116836683,0.19269747116836683,0.19732505766326633,stop,-0.7941355187567778,-0.8741355187567779,38
1000X,long,2024-11-27 19:20:00+00:00,2024-11-27 19:25:00+00:00,2024-11-27 20:05:00+00:00,4006,4007,4015,0.19426,0.19248985600940463,0.19248985600940463,0.19792028798119074,stop,-0.9112241277645206,-0.9912241277645206,9
1000X,short,2024-11-27 20:20:00+00:00,2024-11-27 20:25:00+00:00,2024-11-27 22:55:00+00:00,4018,4019,4049,0.19155,0.19308335492524312,0.19308335492524312,0.18848329014951376,stop,-0.7941414348413334,-0.8741414348413334,31
1000X,short,2024-11-28 15:05:00+00:00,2024-11-28 15:10:00+00:00,2024-11-28 15:50:00+00:00,4243,4244,4252,0.19361,0.1962133193354354,0.1962133193354354,0.18840336132912922,stop,-1.3267801310597571,-1.4067801310597572,9
1000X,short,2024-11-28 16:50:00+00:00,2024-11-28 16:55:00+00:00,2024-11-28 17:30:00+00:00,4264,4265,4272,0.19384,0.19609561180004087,0.19609561180004087,0.18950877639991823,stop,-1.1502612319244099,-1.23026123192441,8
1000X,short,2024-11-28 18:10:00+00:00,2024-11-28 18:15:00+00:00,2024-11-28 18:40:00+00:00,4280,4281,4286,0.19428,0.19566343147277723,0.19566343147277723,0.19160313705444557,stop,-0.7070465147033356,-0.7870465147033356,6
1000X,short,2024-11-30 15:50:00+00:00,2024-11-30 15:55:00+00:00,2024-11-30 16:40:00+00:00,4828,4829,4838,0.20441,0.20782923755029298,0.20782923755029298,0.19766152489941408,stop,-1.6452148843906222,-1.725214884390622,10
1000X,short,2024-11-30 18:30:00+00:00,2024-11-30 18:35:00+00:00,2024-11-30 19:35:00+00:00,4860,4861,4873,0.20599,0.2024133554859163,0.20789832225704186,0.2024133554859163,take_profit,1.7670002582080402,1.6870002582080403,13
1000X,short,2024-12-02 15:05:00+00:00,2024-12-02 15:10:00+00:00,2024-12-02 17:20:00+00:00,5395,5396,5422,0.19971,0.19527642923061836,0.20198678538469084,0.19527642923061836,take_profit,2.270407538098551,2.190407538098551,27
1000X,long,2024-12-03 15:05:00+00:00,2024-12-03 15:10:00+00:00,2024-12-03 15:50:00+00:00,5683,5684,5692,0.1986,0.20208317421594468,0.19685841289202766,0.20208317421594468,take_profit,1.7538641570718383,1.6738641570718384,9
1000X,short,2024-12-03 15:55:00+00:00,2024-12-03 16:00:00+00:00,2024-12-03 22:50:00+00:00,5693,5694,5776,0.19551,0.18658847078993798,0.200135764605031,0.18658847078993798,take_profit,4.78139360502392,4.70139360502392,83
1000X,long,2024-12-04 18:40:00+00:00,2024-12-04 18:45:00+00:00,2024-12-04 18:50:00+00:00,6014,6015,6016,0.19906,0.19774275558655116,0.19774275558655116,0.20169448882689764,stop,-0.6617323487635995,-0.7417323487635996,2
1000X,long,2024-12-04 19:20:00+00:00,2024-12-04 19:25:00+00:00,2024-12-04 19:50:00+00:00,6022,6023,6028,0.1993,0.19785046852469962,0.19785046852469962,0.2023790629506008,stop,-0.7273113272957321,-0.8073113272957322,6
1000X,long,2024-12-04 20:05:00+00:00,2024-12-04 20:10:00+00:00,2024-12-04 21:10:00+00:00,6031,6032,6044,0.19899,0.19794583255380152,0.19794583255380152,0.201528334892397,stop,-0.5247336279202375,-0.6047336279202375,13
1000X,short,2024-12-05 15:15:00+00:00,2024-12-05 15:20:00+00:00,2024-12-05 16:00:00+00:00,6261,6262,6270,0.19147,0.1949648475722881,0.1949648475722881,0.18427030485542376,stop,-1.7925526656759505,-1.8725526656759504,9
1000X,long,2024-12-06 15:10:00+00:00,2024-12-06 15:15:00+00:00,2024-12-06 16:10:00+00:00,6548,6549,6560,0.19939,0.19819552186026299,0.19819552186026299,0.201808956279474,stop,-0.5990662218451459,-0.679066221845146,12
1000X,long,2024-12-06 16:30:00+00:00,2024-12-06 16:35:00+00:00,2024-12-06 17:50:00+00:00,6564,6565,6580,0.19946,0.1981934203491107,0.1981934203491107,0.20175315930177862,stop,-0.6350043371549652,-0.7150043371549653,16
1000X,short,2024-12-06 18:00:00+00:00,2024-12-06 18:05:00+00:00,2024-12-06 18:30:00+00:00,6582,6583,6588,0.19661,0.19288400292189573,0.19845799853905213,0.19288400292189573,take_profit,1.931729444464625,1.851729444464625,6
1000X,long,2024-12-07 15:35:00+00:00,2024-12-07 15:40:00+00:00,2024-12-07 16:40:00+00:00,6841,6842,6854,0.20085,0.20512760920990009,0.19874119539504995,0.20512760920990009,take_profit,2.129753154045355,2.049753154045355,13
1000X,short,2024-12-08 16:40:00+00:00,2024-12-08 16:45:00+00:00,2024-12-08 17:10:00+00:00,7142,7143,7148,0.2582,0.244003369499797,0.26528331525010146,0.244003369499797,take_profit,5.818210842459193,5.738210842459193,6
1000X,short,2024-12-08 19:20:00+00:00,2024-12-08 19:25:00+00:00,2024-12-08 20:55:00+00:00,7174,7175,7193,0.25585,0.26225777654750415,0.26225777654750415,0.24267444690499174,stop,-2.44331231350291,-2.52331231350291,19
1000X,short,2024-12-09 15:20:00+00:00,2024-12-09 15:25:00+00:00,2024-12-09 15:40:00+00:00,7414,7415,7418,0.28132,0.2864761044735303,0.2864761044735303,0.27064779105293946,stop,-1.7998375407281775,-1.8798375407281773,4
1000X,short,2024-12-09 16:00:00+00:00,2024-12-09 16:05:00+00:00,2024-12-09 16:35:00+00:00,7422,7423,7429,0.28182,0.2874047233645119,0.2874047233645119,0.2709505532709762,stop,-1.9431564308109328,-2.023156430810933,7
1000X,short,2024-12-09 17:45:00+00:00,2024-12-09 17:50:00+00:00,2024-12-09 21:50:00+00:00,7443,7444,7492,0.28134,0.26297906063359217,0.29058046968320395,0.26297906063359217,take_profit,6.981901647291244,6.901901647291245,49
1000X,short,2024-12-10 20:35:00+00:00,2024-12-10 20:40:00+00:00,2024-12-10 21:35:00+00:00,7765,7766,7777,0.212,0.20492449874631724,0.2155227506268414,0.20492449874631724,take_profit,3.4527356645833507,3.3727356645833506,12
1000X,long,2024-12-11 15:10:00+00:00,2024-12-11 15:15:00+00:00,2024-12-11 16:15:00+00:00,7988,7989,8001,0.20459,0.2023232055898943,0.2023232055898943,0.20909358882021142,stop,-1.1079693094020682,-1.1879693094020682,13
1000X,long,2024-12-11 16:25:00+00:00,2024-12-11 16:30:00+00:00,2024-12-11 16:50:00+00:00,8003,8004,8008,0.20528,0.20270387189093697,0.20270387189093697,0.21031225621812608,stop,-1.254933802154623,-1.334933802154623,5
1000X,long,2024-12-11 17:25:00+00:00,2024-12-11 17:30:00+00:00,2024-12-11 18:15:00+00:00,8015,8016,8025,0.20494,0.20236946716283818,0.20236946716283818,0.21023106567432365,stop,-1.2542855651223928,-1.3342855651223928,10
1000X,short,2024-12-12 15:10:00+00:00,2024-12-12 15:15:00+00:00,2024-12-12 15:35:00+00:00,8276,8277,8281,0.22558,0.22881225247979253,0.22881225247979253,0.21902549504041494,stop,-1.4126221147523488,-1.4926221147523488,5
1000X,short,2024-12-12 16:25:00+00:00,2024-12-12 16:30:00+00:00,2024-12-12 18:45:00+00:00,8291,8292,8319,0.22614,0.21995636932876092,0.22918681533561955,0.21995636932876092,take_profit,2.8112987544346213,2.7312987544346212,28
1000X,short,2024-12-13 15:35:00+00:00,2024-12-13 15:40:00+00:00,2024-12-13 19:50:00+00:00,8569,8570,8620,0.21264,0.2156400792153021,0.2156400792153021,0.2070598415693958,stop,-1.3912437920720278,-1.4712437920720278,51
1000X,long,2024-12-13 20:05:00+00:00,2024-12-13 20:10:00+00:00,2024-12-13 20:45:00+00:00,8623,8624,8631,0.21632,0.21416410843798175,0.21416410843798175,0.22063178312403653,stop,-0.9966214691282671,-1.0766214691282672,8
1000X,long,2024-12-14 15:05:00+00:00,2024-12-14 15:10:00+00:00,2024-12-14 16:10:00+00:00,8851,8852,8864,0.22036,0.21828715390922226,0.21828715390922226,0.22456569218155545,stop,-0.9406635009882591,-1.0206635009882592,13
1000X,long,2024-12-16 15:05:00+00:00,2024-12-16 15:10:00+00:00,2024-12-16 15:45:00+00:00,9427,9428,9435,0.21231,0.21023708387458206,0.21023708387458206,0.21645583225083587,stop,-0.976362924694052,-1.056362924694052,8
1000X,short,2024-12-16 17:05:00+00:00,2024-12-16 17:10:00+00:00,2024-12-16 19:05:00+00:00,9451,9452,9475,0.20939,0.20589752942797573,0.21118123528601213,0.20589752942797573,take_profit,1.6962178136508133,1.6162178136508134,24
1000X,short,2024-12-17 15:25:00+00:00,2024-12-17 15:30:00+00:00,2024-12-17 16:00:00+00:00,9719,9720,9726,0.20482,0.20629640096913163,0.20629640096913163,0.20192719806173673,stop,-0.7156697655392175,-0.7956697655392175,7
1000X,short,2024-12-18 15:30:00+00:00,2024-12-18 15:35:00+00:00,2024-12-18 16:55:00+00:00,10008,10009,10025,0.19061,0.1929180148059595,0.1929180148059595,0.18611397038808097,stop,-1.1963708046036747,-1.2763708046036748,17
1000X,short,2024-12-19 15:05:00+00:00,2024-12-19 15:10:00+00:00,2024-12-19 19:40:00+00:00,10291,10292,10346,0.17424,0.1758409728109012,0.1758409728109012,0.17103805437819763,stop,-0.9104663067480145,-0.9904663067480146,55
1000X,short,2024-12-19 20:10:00+00:00,2024-12-19 20:15:00+00:00,2024-12-19 20:20:00+00:00,10352,10353,10354,0.17436,0.17589303703587522,0.17589303703587522,0.17135392592824958,stop,-0.8715734640266426,-0.9515734640266427,2
1000X,short,2024-12-19 20:35:00+00:00,2024-12-19 20:40:00+00:00,2024-12-19 21:50:00+00:00,10357,10358,10372,0.17419,0.17088403496251114,0.17584298251874445,0.17088403496251114,take_profit,1.9346248689727785,1.8546248689727787,15
1000X,short,2024-12-20 15:25:00+00:00,2024-12-20 15:30:00+00:00,2024-12-20 16:10:00+00:00,10583,10584,10592,0.15485,0.1579648447600622,0.1579648447600622,0.14862031047987556,stop,-1.9718594759444374,-2.0518594759444375,9
1000X,short,2024-12-20 17:00:00+00:00,2024-12-20 17:05:00+00:00,2024-12-20 17:30:00+00:00,10602,10603,10608,0.1542,0.14823650856631332,0.15710674571684335,0.14823650856631332,take_profit,4.022957293964424,3.942957293964424,6
1000X,long,2024-12-21 15:05:00+00:00,2024-12-21 15:10:00+00:00,2024-12-21 18:15:00+00:00,10867,10868,10905,0.16763,0.1645157109401848,0.1645157109401848,0.1737685781196304,stop,-1.8578351487294587,-1.9378351487294585,38
1000X,long,2024-12-21 19:20:00+00:00,2024-12-21 19:25:00+00:00,2024-12-21 19:35:00+00:00,10918,10919,10921,0.16703,0.16456046847771807,0.16456046847771807,0.1720590630445638,stop,-1.4784957925414233,-1.5584957925414233,3
1000X,long,2024-12-22 15:10:00+00:00,2024-12-22 15:15:00+00:00,2024-12-22 17:00:00+00:00,11156,11157,11178,0.14936,0.15269503585851646,0.1477224820707418,0.15269503585851646,take_profit,2.2328842116473346,2.1528842116473346,22
1000X,short,2024-12-23 15:05:00+00:00,2024-12-23 15:10:00+00:00,2024-12-23 18:00:00+00:00,11443,11444,11478,0.15452,0.15748695882499725,0.15748695882499725,0.1485260823500055,stop,-1.8839393732240417,-1.9639393732240416,35
1000X,long,2024-12-23 18:05:00+00:00,2024-12-23 18:10:00+00:00,2024-12-23 20:35:00+00:00,11479,11480,11509,0.15791,0.15627325622568952,0.15627325622568952,0.16124348754862092,stop,-1.036504194991117,-1.116504194991117,30
1000X,short,2024-12-26 16:00:00+00:00,2024-12-26 16:05:00+00:00,2024-12-26 16:10:00+00:00,12318,12319,12320,0.1718,0.17367081798653755,0.17367081798653755,0.1681183640269249,stop,-1.0772206915513949,-1.157220691551395,2
1000X,short,2024-12-26 17:20:00+00:00,2024-12-26 17:25:00+00:00,2024-12-27 02:30:00+00:00,12334,12335,12444,0.16955,0.16050872078760092,0.17393563960619954,0.16050872078760092,take_profit,5.632889707197464,5.552889707197464,110
1000X,short,2024-12-27 16:35:00+00:00,2024-12-27 16:40:00+00:00,2024-12-27 17:00:00+00:00,12613,12614,12618,0.15871,0.16114880672578727,0.16114880672578727,0.15380238654842548,stop,-1.5133880140590694,-1.5933880140590693,5
1000X,long,2024-12-27 17:05:00+00:00,2024-12-27 17:10:00+00:00,2024-12-27 18:00:00+00:00,12619,12620,12630,0.16239,0.166171690006739,0.1604241549966305,0.166171690006739,take_profit,2.32877024862308,2.24877024862308,11
1000X,short,2024-12-28 15:25:00+00:00,2024-12-28 15:30:00+00:00,2024-12-28 15:50:00+00:00,12887,12888,12892,0.16065,0.15858022118417028,0.16163988940791488,0.15858022118417028,take_profit,1.3051935483340715,1.2251935483340715,5
1000X,short,2024-12-29 15:05:00+00:00,2024-12-29 15:10:00+00:00,2024-12-29 15:25:00+00:00,13171,13172,13175,0.15984,0.16085160106496757,0.16085160106496757,0.1578167978700649,stop,-0.6289033234794905,-0.7089033234794906,4
1000X,long,2024-12-30 15:10:00+00:00,2024-12-30 15:15:00+00:00,2024-12-30 20:00:00+00:00,13460,13461,13518,0.15708,0.15575943455523708,0.15575943455523708,0.1597811308895258,stop,-0.8406961069282626,-0.9206961069282626,58
1000X,long,2024-12-30 20:20:00+00:00,2024-12-30 20:25:00+00:00,2024-12-30 22:35:00+00:00,13522,13523,13549,0.15692,0.15518025439453959,0.15518025439453959,0.16039949121092084,stop,-1.1086831541297637,-1.1886831541297638,27
1000X,short,2025-01-01 15:05:00+00:00,2025-01-01 15:10:00+00:00,2025-01-01 17:00:00+00:00,14035,14036,14058,0.15224,0.15286365708147934,0.15286365708147934,0.1510826858370413,stop,-0.40798257308924946,-0.48798257308924947,23
1000X,short,2025-01-01 17:25:00+00:00,2025-01-01 17:30:00+00:00,2025-01-01 18:15:00+00:00,14063,14064,14073,0.15149,0.14930212147032473,0.15280893926483763,0.14930212147032473,take_profit,1.465403510766694,1.385403510766694,10
1000X,long,2025-01-02 17:50:00+00:00,2025-01-02 17:55:00+00:00,2025-01-02 23:00:00+00:00,14356,14357,14418,0.15865,0.15775867370181626,0.15775867370181626,0.16037265259636746,stop,-0.5618192865954996,-0.6418192865954997,62
1000X,short,2025-01-03 16:00:00+00:00,2025-01-03 16:05:00+00:00,2025-01-03 18:05:00+00:00,14622,14623,14647,0.15372,0.15471301259675546,0.15471301259675546,0.15182397480648907,stop,-0.6418416784008008,-0.7218416784008008,25
1000X,long,2025-01-04 15:25:00+00:00,2025-01-04 15:30:00+00:00,2025-01-04 16:35:00+00:00,14903,14904,14917,0.16663,0.16844264057783837,0.16573867971108083,0.16844264057783837,take_profit,1.0878236679099595,1.0078236679099595,14
1000X,long,2025-01-04 17:30:00+00:00,2025-01-04 17:35:00+00:00,2025-01-04 17:40:00+00:00,14928,14929,14930,0.16671,0.1656446457631968,0.1656446457631968,0.16872070847360646,stop,-0.6390463900205146,-0.7190463900205146,2
1000X,short,2025-01-04 17:45:00+00:00,2025-01-04 17:50:00+00:00,2025-01-04 18:00:00+00:00,14931,14932,14934,0.16511,0.1662377234906183,0.1662377234906183,0.1625845530187634,stop,-0.6783800132356466,-0.7583800132356466,3
1000X,short,2025-01-04 18:45:00+00:00,2025-01-04 18:50:00+00:00,2025-01-04 19:15:00+00:00,14943,14944,14949,0.16508,0.16240511252475945,0.16635744373762026,0.16240511252475945,take_profit,1.6470463482685993,1.5670463482685995,6
1000X,long,2025-01-05 15:15:00+00:00,2025-01-05 15:20:00+00:00,2025-01-05 17:05:00+00:00,15189,15190,15211,0.16609,0.164753243681136,0.164753243681136,0.16858351263772803,stop,-0.8048385326413277,-0.8848385326413277,22
1000X,long,2025-01-05 20:00:00+00:00,2025-01-05 20:05:00+00:00,2025-01-05 22:45:00+00:00,15246,15247,15279,0.16798,0.16427691792329424,0.16427691792329424,0.1753861641534115,stop,-2.204477959701001,-2.284477959701001,33
1000X,short,2025-01-06 15:05:00+00:00,2025-01-06 15:10:00+00:00,2025-01-06 18:40:00+00:00,15475,15476,15518,0.16687,0.16788617137310696,0.16788617137310696,0.1647176572537861,stop,-0.6052740167912019,-0.6852740167912019,43
1000X,long,2025-01-06 18:50:00+00:00,2025-01-06 18:55:00+00:00,2025-01-06 19:15:00+00:00,15520,15521,15525,0.16849,0.16708859711284654,0.16708859711284654,0.17150280577430688,stop,-0.8317424696738462,-0.9117424696738463,5
1000X,long,2025-01-06 20:00:00+00:00,2025-01-06 20:05:00+00:00,2025-01-06 21:35:00+00:00,15534,15535,15553,0.1685,0.171177891166702,0.167191054416649,0.171177891166702,take_profit,1.5892529179240444,1.5092529179240444,19
1000X,short,2025-01-07 20:05:00+00:00,2025-01-07 20:10:00+00:00,2025-01-07 20:20:00+00:00,15823,15824,15826,0.16624,0.16749807855116705,0.16749807855116705,0.16375384289766592,stop,-0.7511002884625584,-0.8311002884625585,3
1000X,short,2025-01-07 20:30:00+00:00,2025-01-07 20:35:00+00:00,2025-01-07 20:45:00+00:00,15828,15829,15831,0.1663,0.16402438943037695,0.16743780528481153,0.16402438943037695,take_profit,1.3873610976549156,1.3073610976549155,3
1000X,short,2025-01-08 15:25:00+00:00,2025-01-08 15:30:00+00:00,2025-01-08 15:50:00+00:00,16055,16056,16060,0.14271,0.14032686259917024,0.1439465687004149,0.14032686259917024,take_profit,1.6982759798720437,1.6182759798720439,5
1000X,short,2025-01-08 18:30:00+00:00,2025-01-08 18:35:00+00:00,2025-01-08 21:45:00+00:00,16092,16093,16131,0.14269,0.1398929363191855,0.14407353184040725,0.1398929363191855,take_profit,1.9994316756870578,1.919431675687058,39
1000X,short,2025-01-09 15:55:00+00:00,2025-01-09 16:00:00+00:00,2025-01-09 16:25:00+00:00,16349,16350,16355,0.13626,0.1346664157046682,0.1370567921476659,0.1346664157046682,take_profit,1.183356880030595,1.1033568800305948,6
1000X,short,2025-01-09 17:40:00+00:00,2025-01-09 17:45:00+00:00,2025-01-09 22:35:00+00:00,16370,16371,16429,0.13572,0.1323580491248055,0.13734097543759724,0.1323580491248055,take_profit,2.540042632408701,2.460042632408701,59
1000X,long,2025-01-10 15:55:00+00:00,2025-01-10 16:00:00+00:00,2025-01-10 22:30:00+00:00,16637,16638,16716,0.13843,0.13709606675418864,0.13709606675418864,0.1410078664916227,stop,-0.9636157233340659,-1.043615723334066,79
1000X,short,2025-01-11 16:15:00+00:00,2025-01-11 16:20:00+00:00,2025-01-11 19:00:00+00:00,16929,16930,16962,0.13535,0.13619059808617606,0.13619059808617606,0.1339388038276479,stop,-0.6172218185312328,-0.6972218185312329,33
1000X,long,2025-01-11 19:45:00+00:00,2025-01-11 19:50:00+00:00,2025-01-12 01:00:00+00:00,16971,16972,17034,0.13708,0.13931783624068023,0.13590108187965988,0.13931783624068023,take_profit,1.632503823081577,1.5525038230815769,63
1000X,short,2025-01-12 15:25:00+00:00,2025-01-12 15:30:00+00:00,2025-01-12 16:10:00+00:00,17207,17208,17216,0.13661,0.13530931453729134,0.13724534273135433,0.13530931453729134,take_profit,0.9612682372655224,0.8812682372655223,9
1000X,short,2025-01-12 20:45:00+00:00,2025-01-12 20:50:00+00:00,2025-01-12 21:20:00+00:00,17271,17272,17278,0.13653,0.13731174359946619,0.13731174359946619,0.13493651280106764,stop,-0.5693202773292994,-0.6493202773292994,7
1000X,short,2025-01-13 15:30:00+00:00,2025-01-13 15:35:00+00:00,2025-01-13 18:20:00+00:00,17496,17497,17530,0.131,0.1278054347295168,0.1326422826352416,0.1278054347295168,take_profit,2.4995535418693926,2.4195535418693925,34
1000X,long,2025-01-14 18:20:00+00:00,2025-01-14 18:25:00+00:00,2025-01-14 21:20:00+00:00,17818,17819,17854,0.13179,0.13011780766045103,0.13011780766045103,0.13516438467909794,stop,-1.2688309731762382,-1.3488309731762382,36
1000X,short,2025-01-15 15:05:00+00:00,2025-01-15 15:10:00+00:00,2025-01-15 16:15:00+00:00,18067,18068,18081,0.13214,0.13281612154740857,0.13281612154740857,0.1306377569051829,stop,-0.5090658720727892,-0.5890658720727893,14
1000X,short,2025-01-15 16:50:00+00:00,2025-01-15 16:55:00+00:00,2025-01-15 17:30:00+00:00,18088,18089,18096,0.13217,0.13288350745189229,0.13288350745189229,0.13065298509621545,stop,-0.5369420672092007,-0.6169420672092008,8
1000X,short,2025-01-15 17:45:00+00:00,2025-01-15 17:50:00+00:00,2025-01-15 18:35:00+00:00,18099,18100,18109,0.13189,0.13004975654282117,0.13285512172858943,0.13004975654282117,take_profit,1.4150302977098628,1.3350302977098627,10
1000X,long,2025-01-16 15:15:00+00:00,2025-01-16 15:20:00+00:00,2025-01-16 15:40:00+00:00,18357,18358,18362,0.1561,0.15384537905088577,0.15384537905088577,0.16060924189822842,stop,-1.444343977651641,-1.524343977651641,5
1000X,short,2025-01-16 17:40:00+00:00,2025-01-16 17:45:00+00:00,2025-01-16 20:10:00+00:00,18386,18387,18416,0.14884,0.15145070453594667,0.15145070453594667,0.14361859092810667,stop,-1.7237982114021944,-1.8037982114021942,30
1000X,short,2025-01-17 15:45:00+00:00,2025-01-17 15:50:00+00:00,2025-01-17 17:30:00+00:00,18651,18652,18672,0.15124,0.15237661877347164,0.15237661877347164,0.1489067624530567,stop,-0.7459272837398778,-0.8259272837398779,21
1000X,long,2025-01-17 17:40:00+00:00,2025-01-17 17:45:00+00:00,2025-01-17 19:00:00+00:00,18674,18675,18690,0.15309,0.1511307826901604,0.1511307826901604,0.15700843461967923,stop,-1.2797813768630317,-1.3597813768630318,16
1000X,long,2025-01-17 19:15:00+00:00,2025-01-17 19:20:00+00:00,2025-01-17 19:20:00+00:00,18693,18694,18694,0.15291,0.1514057548797289,0.1514057548797289,0.15591849024054216,stop,-0.9837454190511297,-1.0637454190511297,1
1000X,short,2025-01-18 17:00:00+00:00,2025-01-18 17:05:00+00:00,2025-01-18 17:45:00+00:00,18954,18955,18963,0.1361,0.13828244416571867,0.13828244416571867,0.13170511166856264,stop,-1.5782510779916548,-1.6582510779916546,9
1000X,short,2025-01-19 15:55:00+00:00,2025-01-19 16:00:00+00:00,2025-01-19 16:25:00+00:00,19229,19230,19235,0.13418,0.13206173862856863,0.1352091306857157,0.13206173862856863,take_profit,1.6039932484829045,1.5239932484829044,6
1000X,short,2025-01-21 17:00:00+00:00,2025-01-21 17:05:00+00:00,2025-01-21 17:20:00+00:00,19818,19819,19822,0.10366,0.10526260147887906,0.10526260147887906,0.10036479704224188,stop,-1.5224794526863539,-1.6024794526863537,4
1000X,short,2025-01-21 17:40:00+00:00,2025-01-21 17:45:00+00:00,2025-01-21 18:00:00+00:00,19826,19827,19830,0.1037,0.10549217356508278,0.10549217356508278,0.10008565286983445,stop,-1.6988687449662865,-1.7788687449662863,4
1000X,long,2025-01-22 15:05:00+00:00,2025-01-22 15:10:00+00:00,2025-01-22 15:35:00+00:00,20083,20084,20089,0.11492,0.11389348525015917,0.11389348525015917,0.11694302949968165,stop,-0.893242907971481,-0.973242907971481,6
1000X,long,2025-01-22 15:55:00+00:00,2025-01-22 16:00:00+00:00,2025-01-22 16:40:00+00:00,20093,20094,20102,0.11521,0.11393091723361652,0.11393091723361652,0.11773816553276695,stop,-1.1102185282384158,-1.190218528238416,9
1000X,short,2025-01-22 17:00:00+00:00,2025-01-22 17:05:00+00:00,2025-01-22 20:50:00+00:00,20106,20107,20152,0.11324,0.1150180387932383,0.1150180387932383,0.1096539224135234,stop,-1.5458782047523711,-1.625878204752371,46
1000X,long,2025-01-24 20:00:00+00:00,2025-01-24 20:05:00+00:00,2025-01-25 00:15:00+00:00,20718,20719,20769,0.11198,0.1109610365884395,0.1109610365884395,0.11398792682312099,stop,-0.9099512516168029,-0.989951251616803,51
1000X,short,2025-01-25 15:15:00+00:00,2025-01-25 15:20:00+00:00,2025-01-25 17:35:00+00:00,20949,20950,20977,0.10567,0.10372528466816064,0.10662735766591969,0.10372528466816064,take_profit,1.8748710481353958,1.794871048135396,28
1000X,short,2025-01-25 20:20:00+00:00,2025-01-25 20:25:00+00:00,2025-01-25 20:45:00+00:00,21010,21011,21015,0.10517,0.1062400013307559,0.1062400013307559,0.10308999733848823,stop,-1.0071548544362985,-1.0871548544362986,5
1000X,short,2025-01-26 15:20:00+00:00,2025-01-26 15:25:00+00:00,2025-01-26 16:00:00+00:00,21238,21239,21246,0.10456,0.10512236904334703,0.10512236904334703,0.10340526191330596,stop,-0.5349661051827437,-0.6149661051827437,8
1000X,long,2025-01-26 16:05:00+00:00,2025-01-26 16:10:00+00:00,2025-01-26 16:30:00+00:00,21247,21248,21252,0.10546,0.10470549152063242,0.10470549152063242,0.10696901695873515,stop,-0.7154451729258215,-0.7954451729258216,5
1000X,short,2025-01-26 16:45:00+00:00,2025-01-26 16:50:00+00:00,2025-01-26 16:55:00+00:00,21255,21256,21257,0.1046,0.10505724059371607,0.10505724059371607,0.10374551881256787,stop,-0.4352299671417592,-0.5152299671417593,2
1000X,short,2025-01-27 15:35:00+00:00,2025-01-27 15:40:00+00:00,2025-01-27 16:25:00+00:00,21529,21530,21539,0.09009,0.08680097127421299,0.0916895143628935,0.08680097127421299,take_profit,3.789161201199742,3.709161201199742,10
1000X,short,2025-01-27 18:10:00+00:00,2025-01-27 18:15:00+00:00,2025-01-27 21:50:00+00:00,21560,21561,21604,0.08965,0.0911447119516819,0.0911447119516819,0.08672057609663619,stop,-1.6399327176263356,-1.7199327176263355,44
1000X,long,2025-01-29 15:15:00+00:00,2025-01-29 15:20:00+00:00,2025-01-29 19:00:00+00:00,22101,22102,22146,0.09041,0.08935537441667549,0.08935537441667549,0.09248925116664901,stop,-1.1664921837457376,-1.2464921837457377,45
1000X,long,2025-01-29 19:20:00+00:00,2025-01-29 19:25:00+00:00,2025-01-29 21:35:00+00:00,22150,22151,22177,0.09002,0.08930909750629652,0.08930909750629652,0.09144180498740696,stop,-0.7897161671889363,-0.8697161671889364,27
1000X,long,2025-01-30 17:50:00+00:00,2025-01-30 17:55:00+00:00,2025-01-30 19:05:00+00:00,22420,22421,22435,0.0913,0.09065566556459927,0.09065566556459927,0.09276866887080146,stop,-0.7057332260687166,-0.7857332260687167,15
1000X,long,2025-01-31 15:25:00+00:00,2025-01-31 15:30:00+00:00,2025-01-31 18:10:00+00:00,22679,22680,22712,0.09188,0.09034119821719877,0.09034119821719877,0.09483760356560247,stop,-1.674795148891195,-1.7547951488911948,33
1000X,long,2025-01-31 18:30:00+00:00,2025-01-31 18:35:00+00:00,2025-01-31 21:45:00+00:00,22716,22717,22755,0.0918,0.09437141484324124,0.09057429257837939,0.09437141484324124,take_profit,2.80110549372683,2.7211054937268297,39
1000X,short,2025-02-01 15:10:00+00:00,2025-02-01 15:15:00+00:00,2025-02-01 17:30:00+00:00,22964,22965,22992,0.09109,0.0896194582964838,0.0918102708517581,0.0896194582964838,take_profit,1.6408732338587528,1.5608732338587528,28
1000X,short,2025-02-02 19:20:00+00:00,2025-02-02 19:25:00+00:00,2025-02-02 19:40:00+00:00,23302,23303,23306,0.08028,0.08105600289720857,0.08105600289720857,0.07872799420558287,stop,-0.9573663510063057,-1.0373663510063058,4
1000X,short,2025-02-02 20:15:00+00:00,2025-02-02 20:20:00+00:00,2025-02-02 21:45:00+00:00,23313,23314,23331,0.08005,0.07802455858434518,0.08104772070782741,0.07802455858434518,take_profit,2.595902434315356,2.5159024343153558,18
1000X,short,2025-02-04 16:45:00+00:00,2025-02-04 16:50:00+00:00,2025-02-04 17:10:00+00:00,23847,23848,23852,0.05575,0.056821868218034144,0.056821868218034144,0.05354626356393172,stop,-1.8863656751327174,-1.9663656751327172,5
1000X,short,2025-02-04 17:35:00+00:00,2025-02-04 17:40:00+00:00,2025-02-04 19:05:00+00:00,23857,23858,23875,0.05577,0.05663455458518046,0.05663455458518046,0.05413089082963908,stop,-1.5265496330162498,-1.6065496330162496,18
1000X,short,2025-02-05 15:35:00+00:00,2025-02-05 15:40:00+00:00,2025-02-05 18:00:00+00:00,24121,24122,24150,0.06063,0.061403021376333536,0.061403021376333536,0.05899395724733293,stop,-1.2589305200403023,-1.3389305200403023,29
1000X,short,2025-02-05 19:05:00+00:00,2025-02-05 19:10:00+00:00,2025-02-05 19:20:00+00:00,24163,24164,24166,0.06056,0.06136351309563039,0.06136351309563039,0.058892973808739216,stop,-1.3094313788361012,-1.3894313788361012,3
1000X,long,2025-02-05 20:00:00+00:00,2025-02-05 20:05:00+00:00,2025-02-05 20:30:00+00:00,24174,24175,24180,0.06252,0.06178007198065175,0.06178007198065175,0.0640298560386965,stop,-1.1835061090023191,-1.2635061090023192,6
1000X,long,2025-02-06 15:30:00+00:00,2025-02-06 15:35:00+00:00,2025-02-06 16:30:00+00:00,24408,24409,24420,0.05977,0.0591089809866105,0.0591089809866105,0.061122038026779,stop,-1.1059377838204765,-1.1859377838204765,12
1000X,short,2025-02-06 20:15:00+00:00,2025-02-06 20:20:00+00:00,2025-02-07 00:05:00+00:00,24465,24466,24511,0.05828,0.05635315698724654,0.05925842150637673,0.05635315698724654,take_profit,3.4192281599938035,3.3392281599938034,46
1000X,short,2025-02-07 15:25:00+00:00,2025-02-07 15:30:00+00:00,2025-02-07 16:05:00+00:00,24695,24696,24703,0.05558,0.056306339381797466,0.056306339381797466,0.054067321236405064,stop,-1.289977984312507,-1.369977984312507,8
1000X,long,2025-02-07 16:15:00+00:00,2025-02-07 16:20:00+00:00,2025-02-08 02:15:00+00:00,24705,24706,24825,0.05712,0.055871890340509274,0.055871890340509274,0.059586219318981455,stop,-2.185065930480956,-2.265065930480956,120
1000X,long,2025-02-08 15:05:00+00:00,2025-02-08 15:10:00+00:00,2025-02-08 16:15:00+00:00,24979,24980,24993,0.05562,0.05512941510399554,0.05512941510399554,0.056601169792008924,stop,-0.8820296584042819,-0.962029658404282,14
1000X,long,2025-02-09 16:10:00+00:00,2025-02-09 16:15:00+00:00,2025-02-09 21:35:00+00:00,25280,25281,25345,0.06021,0.059404180915370135,0.059404180915370135,0.06179163816925972,stop,-1.3383475911474263,-1.4183475911474264,65
1000X,short,2025-02-11 19:25:00+00:00,2025-02-11 19:30:00+00:00,2025-02-11 20:20:00+00:00,25895,25896,25906,0.05852,0.0591135859598497,0.0591135859598497,0.0573328280803006,stop,-1.0041447329093955,-1.0841447329093956,11
1000X,short,2025-02-12 15:20:00+00:00,2025-02-12 15:25:00+00:00,2025-02-12 16:25:00+00:00,26134,26135,26147,0.05698,0.05748983974955251,0.05748983974955251,0.056020320500894984,stop,-0.8868345289768875,-0.9668345289768876,13
1000X,long,2025-02-12 16:30:00+00:00,2025-02-12 16:35:00+00:00,2025-02-12 16:50:00+00:00,26148,26149,26152,0.05797,0.057178686635255584,0.057178686635255584,0.05949262672948884,stop,-1.3650394423743606,-1.4450394423743607,4
1000X,short,2025-02-12 18:00:00+00:00,2025-02-12 18:05:00+00:00,2025-02-12 19:05:00+00:00,26166,26167,26179,0.05705,0.057582734267287994,0.057582734267287994,0.055924531465424004,stop,-0.9251632005092825,-1.0051632005092825,13
1000X,long,2025-02-13 15:10:00+00:00,2025-02-13 15:15:00+00:00,2025-02-13 15:45:00+00:00,26420,26421,26427,0.06042,0.059721666316616906,0.059721666316616906,0.06178666736676618,stop,-1.1557988801441543,-1.2357988801441544,7
1000X,long,2025-02-14 15:05:00+00:00,2025-02-14 15:10:00+00:00,2025-02-14 15:25:00+00:00,26707,26708,26711,0.05857,0.05819923933286066,0.05819923933286066,0.05940152133427867,stop,-0.6330214566148795,-0.7130214566148796,4
1000X,long,2025-02-14 16:10:00+00:00,2025-02-14 16:15:00+00:00,2025-02-14 17:25:00+00:00,26720,26721,26735,0.05864,0.059398401205212156,0.05826079939739392,0.059398401205212156,take_profit,1.2933171985200609,1.2133171985200608,15
1000X,short,2025-02-15 15:05:00+00:00,2025-02-15 15:10:00+00:00,2025-02-15 15:20:00+00:00,26995,26996,26998,0.05953,0.05997818721982575,0.05997818721982575,0.0586336255603485,stop,-0.747250359840157,-0.827250359840157,3
1000X,short,2025-02-15 15:30:00+00:00,2025-02-15 15:35:00+00:00,2025-02-15 17:35:00+00:00,27000,27001,27025,0.0596,0.0601064400201753,0.0601064400201753,0.058617119959649404,stop,-0.8425719773210827,-0.9225719773210828,25
1000X,short,2025-02-15 18:25:00+00:00,2025-02-15 18:30:00+00:00,2025-02-15 18:40:00+00:00,27035,27036,27038,0.05955,0.059943081139562024,0.059943081139562024,0.05879383772087596,stop,-0.6557573152551788,-0.7357573152551788,3
1000X,short,2025-02-16 16:20:00+00:00,2025-02-16 16:25:00+00:00,2025-02-17 00:40:00+00:00,27298,27299,27398,0.06137,0.06228438297128164,0.06228438297128164,0.05951123405743672,stop,-1.4680774339584368,-1.5480774339584369,100
1000X,short,2025-02-17 15:50:00+00:00,2025-02-17 15:55:00+00:00,2025-02-17 17:50:00+00:00,27580,27581,27604,0.06062,0.06131748360053636,0.06131748360053636,0.059255032798927285,stop,-1.1374954736894316,-1.2174954736894317,24
1000X,long,2025-02-17 18:35:00+00:00,2025-02-17 18:40:00+00:00,2025-02-17 19:05:00+00:00,27613,27614,27619,0.06194,0.06317441575368037,0.06129279212315982,0.06317441575368037,take_profit,1.992921785082924,1.912921785082924,6
1000X,short,2025-02-18 15:05:00+00:00,2025-02-18 15:10:00+00:00,2025-02-18 17:45:00+00:00,27859,27860,27891,0.05926,0.058253296031200656,0.059808351984399676,0.058253296031200656,take_profit,1.7281493707414386,1.6481493707414387,32
1000X,long,2025-02-18 18:50:00+00:00,2025-02-18 18:55:00+00:00,2025-02-18 19:50:00+00:00,27904,27905,27916,0.06068,0.059741665203704594,0.059741665203704594,0.06258666959259082,stop,-1.5463658475533992,-1.626365847553399,12
1000X,long,2025-02-19 15:45:00+00:00,2025-02-19 15:50:00+00:00,2025-02-19 17:20:00+00:00,28155,28156,28174,0.0569,0.05795103862038057,0.056374480689809714,0.05795103862038057,take_profit,1.8471680498779897,1.7671680498779898,19
1000X,short,2025-02-20 15:05:00+00:00,2025-02-20 15:10:00+00:00,2025-02-20 23:50:00+00:00,28435,28436,28540,0.0582,0.05689283902144023,0.05882358048927989,0.05689283902144023,take_profit,2.297584372731265,2.217584372731265,105
1000X,long,2025-02-21 18:15:00+00:00,2025-02-21 18:20:00+00:00,2025-02-21 19:25:00+00:00,28761,28762,28775,0.06025,0.0595082447652698,0.0595082447652698,0.06173351046946039,stop,-1.231129020299082,-1.3111290202990822,14
1000X,long,2025-02-21 19:35:00+00:00,2025-02-21 19:40:00+00:00,2025-02-21 21:30:00+00:00,28777,28778,28800,0.05986,0.06066646075100022,0.05942676962449989,0.06066646075100022,take_profit,1.3472448229205236,1.2672448229205235,23
1000X,long,2025-02-22 16:25:00+00:00,2025-02-22 16:30:00+00:00,2025-02-22 17:10:00+00:00,29027,29028,29036,0.05898,0.05955516394686161,0.058707418026569196,0.05955516394686161,take_profit,0.9751847183140372,0.8951847183140371,9
1000X,short,2025-02-23 18:35:00+00:00,2025-02-23 18:40:00+00:00,2025-02-23 20:40:00+00:00,29341,29342,29366,0.06112,0.061799488315199255,0.061799488315199255,0.05973102336960148,stop,-1.099504759220049,-1.1795047592200492,25
1000X,short,2025-02-24 15:15:00+00:00,2025-02-24 15:20:00+00:00,2025-02-24 23:45:00+00:00,29589,29590,29691,0.05929,0.05783523950171786,0.059987380249141076,0.05783523950171786,take_profit,2.515353114840879,2.435353114840879,102
1000X,short,2025-02-25 15:30:00+00:00,2025-02-25 15:35:00+00:00,2025-02-25 16:05:00+00:00,29880,29881,29887,0.05292,0.05173046845665064,0.05351476577167468,0.05173046845665064,take_profit,2.299479550134298,2.219479550134298,7
1000X,long,2025-02-25 20:50:00+00:00,2025-02-25 20:55:00+00:00,2025-02-26 00:50:00+00:00,29944,29945,29992,0.05357,0.05518478930236255,0.05277760534881873,0.05518478930236255,take_profit,3.01435374717669,2.93435374717669,48
1000X,short,2025-02-26 16:15:00+00:00,2025-02-26 16:20:00+00:00,2025-02-26 18:35:00+00:00,30177,30178,30205,0.05576,0.056225872945236975,0.056225872945236975,0.05491825410952605,stop,-0.8285739657447944,-0.9085739657447944,28
1000X,short,2025-02-26 19:15:00+00:00,2025-02-26 19:20:00+00:00,2025-02-26 21:50:00+00:00,30213,30214,30244,0.05559,0.05458043050978874,0.05609478474510563,0.05458043050978874,take_profit,1.8496913285251493,1.7696913285251494,31
1000X,long,2025-02-27 15:20:00+00:00,2025-02-27 15:25:00+00:00,2025-02-27 17:50:00+00:00,30454,30455,30484,0.0566,0.056044947300272756,0.056044947300272756,0.057620105399454495,stop,-0.9806584800834628,-1.0606584800834629,30
1000X,long,2025-02-27 20:10:00+00:00,2025-02-27 20:15:00+00:00,2025-02-27 20:30:00+00:00,30512,30513,30516,0.05648,0.056005729443891185,0.056005729443891185,0.057458541112217626,stop,-0.8397141574164602,-0.9197141574164602,4
1000X,long,2025-03-01 15:05:00+00:00,2025-03-01 15:10:00+00:00,2025-03-01 15:15:00+00:00,31027,31028,31029,0.0555,0.05512960794850953,0.05512960794850953,0.05621078410298093,stop,-0.6673730657485888,-0.7473730657485889,2
1000X,short,2025-03-01 16:55:00+00:00,2025-03-01 17:00:00+00:00,2025-03-01 18:30:00+00:00,31049,31050,31068,0.05519,0.054565370655615106,0.05547231467219244,0.054565370655615106,take_profit,1.1447358221521098,1.0647358221521097,19
1000X,long,2025-03-02 15:45:00+00:00,2025-03-02 15:50:00+00:00,2025-03-02 23:45:00+00:00,31323,31324,31419,0.05494,0.05427373549768326,0.05427373549768326,0.056392529004633485,stop,-1.2127129638091483,-1.2927129638091484,96
1000X,short,2025-03-03 15:10:00+00:00,2025-03-03 15:15:00+00:00,2025-03-03 15:30:00+00:00,31604,31605,31608,0.05717,0.056440391467582215,0.05759480426620889,0.056440391467582215,take_profit,1.2927063640882919,1.2127063640882918,4
1000X,long,2025-03-04 17:25:00+00:00,2025-03-04 17:30:00+00:00,2025-03-04 18:25:00+00:00,31919,31920,31931,0.04972,0.04884449864512446,0.04884449864512446,0.05153100270975108,stop,-1.7608635456064725,-1.8408635456064724,12
1000X,long,2025-03-05 15:45:00+00:00,2025-03-05 15:50:00+00:00,2025-03-05 18:10:00+00:00,32187,32188,32216,0.05127,0.05200994040217795,0.05084002979891102,0.05200994040217795,take_profit,1.443222941638278,1.363222941638278,29
1000X,long,2025-03-07 15:50:00+00:00,2025-03-07 15:55:00+00:00,2025-03-07 16:00:00+00:00,32764,32765,32766,0.04951,0.04935810235815738,0.04935810235815738,0.049813795283685236,stop,-0.30680194272393324,-0.38680194272393326,2
1000X,long,2025-03-07 16:05:00+00:00,2025-03-07 16:10:00+00:00,2025-03-07 17:20:00+00:00,32767,32768,32782,0.04955,0.04917067451926813,0.04917067451926813,0.05039865096146373,stop,-0.7655408289240495,-0.8455408289240496,15
1000X,short,2025-03-07 17:50:00+00:00,2025-03-07 17:55:00+00:00,2025-03-07 18:10:00+00:00,32788,32789,32792,0.04915,0.04939055986242684,0.04939055986242684,0.04866888027514632,stop,-0.48705635873920183,-0.5670563587392019,4
1000X,short,2025-03-08 17:15:00+00:00,2025-03-08 17:20:00+00:00,2025-03-08 17:40:00+00:00,33069,33070,33074,0.0473,0.047554568463170806,0.047554568463170806,0.046730863073658396,stop,-0.5353186274163257,-0.6153186274163258,5
1000X,short,2025-03-08 20:05:00+00:00,2025-03-08 20:10:00+00:00,2025-03-08 20:35:00+00:00,33103,33104,33109,0.0472,0.04655218813251461,0.0475089059337427,0.04655218813251461,take_profit,1.3915819931843654,1.3115819931843653,6
1000X,short,2025-03-09 14:10:00+00:00,2025-03-09 14:15:00+00:00,2025-03-09 14:25:00+00:00,33320,33321,33323,0.04616,0.04644952634965643,0.04644952634965643,0.045580947300687145,stop,-0.6233138901718172,-0.7033138901718172,3
1000X,short,2025-03-09 14:35:00+00:00,2025-03-09 14:40:00+00:00,2025-03-09 15:15:00+00:00,33325,33326,33333,0.04616,0.04564753381424784,0.04644623309287608,0.04564753381424784,take_profit,1.1226590856748597,1.0426590856748597,8
1000X,short,2025-03-09 16:25:00+00:00,2025-03-09 16:30:00+00:00,2025-03-09 18:55:00+00:00,33347,33348,33377,0.0462,0.045694040183131876,0.046467979908434064,0.045694040183131876,take_profit,1.1072774804774088,1.0272774804774087,30
1000X,long,2025-03-10 15:05:00+00:00,2025-03-10 15:10:00+00:00,2025-03-10 15:30:00+00:00,33619,33620,33624,0.0432,0.0428468439857847,0.0428468439857847,0.04378631202843059,stop,-0.8174907736465342,-0.8974907736465343,5
1000X,long,2025-03-10 15:50:00+00:00,2025-03-10 15:55:00+00:00,2025-03-10 16:00:00+00:00,33628,33629,33630,0.04309,0.04343754395882863,0.042901228020585686,0.04343754395882863,take_profit,0.8065536292147346,0.7265536292147345,2
1000X,long,2025-03-10 17:10:00+00:00,2025-03-10 17:15:00+00:00,2025-03-10 17:35:00+00:00,33644,33645,33649,0.04335,0.0428491233703548,0.0428491233703548,0.04438175325929041,stop,-1.155424751200007,-1.2354247512000072,5
1000X,long,2025-03-10 17:45:00+00:00,2025-03-10 17:50:00+00:00,2025-03-10 18:15:00+00:00,33651,33652,33657,0.04328,0.04423408233048006,0.04277295883475997,0.04423408233048006,take_profit,2.2044416138633505,2.1244416138633504,6
1000X,long,2025-03-11 14:10:00+00:00,2025-03-11 14:15:00+00:00,2025-03-11 16:30:00+00:00,33896,33897,33924,0.04175,0.04102861629726716,0.04102861629726716,0.04322276740546568,stop,-1.7278651562463332,-1.807865156246333,28
1000X,long,2025-03-11 17:45:00+00:00,2025-03-11 17:50:00+00:00,2025-03-11 22:25:00+00:00,33939,33940,33995,0.04146,0.042384164957034294,0.04101291752148285,0.042384164957034294,take_profit,2.22905199477641,2.1490519947764097,56
1000X,short,2025-03-13 14:05:00+00:00,2025-03-13 14:10:00+00:00,2025-03-13 16:20:00+00:00,34471,34472,34498,0.04146,0.041860620593741835,0.041860620593741835,0.04068875881251633,stop,-0.9570345304477645,-1.0370345304477646,27
1000X,long,2025-03-13 16:35:00+00:00,2025-03-13 16:40:00+00:00,2025-03-13 17:25:00+00:00,34501,34502,34511,0.04201,0.041708045414155855,0.041708045414155855,0.04261390917168829,stop,-0.7187683547825396,-0.7987683547825397,10
1000X,short,2025-03-13 17:40:00+00:00,2025-03-13 17:45:00+00:00,2025-03-13 17:50:00+00:00,34514,34515,34516,0.04154,0.041711669235654385,0.041711669235654385,0.04101666152869124,stop,-0.4115616536095046,-0.4915616536095046,2
1000X,long,2025-03-14 14:15:00+00:00,2025-03-14 14:20:00+00:00,2025-03-14 15:05:00+00:00,34761,34762,34771,0.0417,0.04152843575796905,0.04152843575796905,0.04201312848406189,stop,-0.41142504084160647,-0.4914250408416065,10
1000X,short,2025-03-14 17:30:00+00:00,2025-03-14 17:35:00+00:00,2025-03-14 19:45:00+00:00,34800,34801,34827,0.04124,0.0417033983273316,0.0417033983273316,0.04031320334533679,stop,-1.111176417073667,-1.1911764170736672,27
1000X,short,2025-03-15 14:30:00+00:00,2025-03-15 14:35:00+00:00,2025-03-15 14:40:00+00:00,35052,35053,35054,0.04229,0.042512474656486554,0.042512474656486554,0.04190505068702689,stop,-0.5233161755089921,-0.6033161755089922,2
1000X,long,2025-03-15 14:50:00+00:00,2025-03-15 14:55:00+00:00,2025-03-15 16:25:00+00:00,35056,35057,35075,0.04281,0.04240390648001061,0.04240390648001061,0.043652187039978765,stop,-0.9485950011431599,-1.02859500114316,19
1000X,short,2025-03-15 16:30:00+00:00,2025-03-15 16:35:00+00:00,2025-03-15 16:45:00+00:00,35076,35077,35079,0.04226,0.042522519124454074,0.042522519124454074,0.04164496175109184,stop,-0.6173649394706326,-0.6973649394706327,3
1000X,short,2025-03-16 19:25:00+00:00,2025-03-16 19:30:00+00:00,2025-03-16 20:05:00+00:00,35399,35400,35407,0.04316,0.0427304420423969,0.04338977897880155,0.0427304420423969,take_profit,1.0052738447613008,0.9252738447613007,8
1000X,short,2025-03-17 14:55:00+00:00,2025-03-17 15:00:00+00:00,2025-03-17 16:00:00+00:00,35633,35634,35646,0.04222,0.04244156702416776,0.04244156702416776,0.041806865951664475,stop,-0.5220519403574042,-0.6020519403574043,13
1000X,long,2025-03-18 14:40:00+00:00,2025-03-18 14:45:00+00:00,2025-03-18 15:00:00+00:00,35918,35919,35922,0.07664,0.08274329788767533,0.07358835105616233,0.08274329788767533,take_profit,7.963593277238168,7.883593277238169,4
1000X,short,2025-03-19 14:10:00+00:00,2025-03-19 14:15:00+00:00,2025-03-19 16:45:00+00:00,36200,36201,36231,0.08891,0.08511163949663872,0.09079418025168065,0.08511163949663872,take_profit,4.462797950815278,4.382797950815278,31
1000X,long,2025-03-20 16:45:00+00:00,2025-03-20 16:50:00+00:00,2025-03-20 18:20:00+00:00,36519,36520,36538,0.12319,0.12844783537989068,0.12054608231005465,0.12844783537989068,take_profit,4.268069956888287,4.188069956888287,19
1000X,long,2025-03-21 14:40:00+00:00,2025-03-21 14:45:00+00:00,2025-03-21 15:10:00+00:00,36782,36783,36788,0.14498,0.1390057955601479,0.1390057955601479,0.1569884088797042,stop,-4.120709366707209,-4.200709366707209,6
1000X,short,2025-03-21 15:30:00+00:00,2025-03-21 15:35:00+00:00,2025-03-21 23:00:00+00:00,36792,36793,36882,0.1331,0.11561964079179304,0.14184017960410347,0.11561964079179304,take_profit,15.118849261679902,15.038849261679902,90
1000X,short,2025-03-22 14:35:00+00:00,2025-03-22 14:40:00+00:00,2025-03-22 20:10:00+00:00,37069,37070,37136,0.0973,0.09112037401472896,0.10037481299263552,0.09112037401472896,take_profit,6.781826843985672,6.701826843985673,67
1000X,long,2025-03-26 17:30:00+00:00,2025-03-26 17:35:00+00:00,2025-03-26 18:15:00+00:00,38256,38257,38265,0.08046,0.07880299769912982,0.07880299769912982,0.08371400460174035,stop,-2.0594112613350535,-2.1394112613350535,9
1000X,long,2025-03-27 14:20:00+00:00,2025-03-27 14:25:00+00:00,2025-03-27 15:45:00+00:00,38506,38507,38523,0.0769,0.07593534868452077,0.07593534868452077,0.07879930263095845,stop,-1.2544230370341025,-1.3344230370341026,17
1000X,long,2025-03-27 17:35:00+00:00,2025-03-27 17:40:00+00:00,2025-03-27 20:55:00+00:00,38545,38546,38585,0.07669,0.07781164171568868,0.07614417914215567,0.07781164171568868,take_profit,1.4625658047837886,1.3825658047837885,40
1000X,short,2025-03-28 18:25:00+00:00,2025-03-28 18:30:00+00:00,2025-03-30 20:55:00+00:00,38843,38844,39449,0.07208,0.07802442089283627,0.07802442089283627,0.059981158214327465,stop,-7.618667110648236,-7.698667110648236,606
1000X,long,2025-03-31 14:15:00+00:00,2025-03-31 14:20:00+00:00,2025-03-31 16:30:00+00:00,39657,39658,39684,0.08448,0.08257845510247669,0.08257845510247669,0.08834308979504664,stop,-2.2508817442274065,-2.3308817442274066,27
1000X,short,2025-03-31 16:50:00+00:00,2025-03-31 16:55:00+00:00,2025-03-31 17:05:00+00:00,39688,39689,39691,0.08067,0.08218691942470979,0.08218691942470979,0.0776061611505804,stop,-1.845694467353065,-1.925694467353065,3
1000X,short,2025-04-01 14:25:00+00:00,2025-04-01 14:30:00+00:00,2025-04-01 16:50:00+00:00,39947,39948,39976,0.08241,0.08047042772492612,0.08337978613753694,0.08047042772492612,take_profit,2.4102919916170418,2.3302919916170417,29
1000X,short,2025-04-01 18:10:00+00:00,2025-04-01 18:15:00+00:00,2025-04-01 19:35:00+00:00,39992,39993,40009,0.08221,0.07965790826263934,0.08350104586868033,0.07965790826263934,take_profit,3.203814653212067,3.123814653212067,17
1000X,short,2025-04-02 14:40:00+00:00,2025-04-02 14:45:00+00:00,2025-04-02 15:45:00+00:00,40238,40239,40251,0.0713,0.06976277432577226,0.07205361283711388,0.06976277432577226,take_profit,2.203504217090546,2.123504217090546,13
1000X,short,2025-04-02 17:15:00+00:00,2025-04-02 17:20:00+00:00,2025-04-02 18:30:00+00:00,40269,40270,40284,0.07125,0.0721553519673946,0.0721553519673946,0.06946929606521081,stop,-1.2547260081327227,-1.3347260081327228,15
1000X,short,2025-04-03 14:05:00+00:00,2025-04-03 14:10:00+00:00,2025-04-03 21:45:00+00:00,40519,40520,40611,0.0707,0.06884644283396622,0.07162677858301689,0.06884644283396622,take_profit,2.6923063701401517,2.6123063701401517,92
1000X,short,2025-04-04 19:15:00+00:00,2025-04-04 19:20:00+00:00,2025-04-04 20:10:00+00:00,40869,40870,40880,0.06628,0.06462819774397145,0.06712090112801428,0.06462819774397145,take_profit,2.5558538125606933,2.4758538125606933,11
1000X,long,2025-04-05 14:05:00+00:00,2025-04-05 14:10:00+00:00,2025-04-05 14:20:00+00:00,41095,41096,41098,0.06761,0.06863815941002172,0.06709592029498915,0.06863815941002172,take_profit,1.5207209140980726,1.4407209140980726,3
1000X,long,2025-04-05 16:45:00+00:00,2025-04-05 16:50:00+00:00,2025-04-05 22:55:00+00:00,41127,41128,41201,0.0676,0.06645913848597904,0.06645913848597904,0.06988172302804191,stop,-1.6876649615694683,-1.7676649615694682,74
1000X,short,2025-04-06 18:20:00+00:00,2025-04-06 18:25:00+00:00,2025-04-06 22:20:00+00:00,41434,41435,41482,0.06681,0.0655838623834594,0.0674530688082703,0.0655838623834594,take_profit,1.8695721355530326,1.7895721355530327,48
1000X,short,2025-04-07 14:30:00+00:00,2025-04-07 14:35:00+00:00,2025-04-07 15:25:00+00:00,41676,41677,41687,0.05769,0.05568119448649594,0.05869440275675203,0.05568119448649594,take_profit,3.6076911280903845,3.5276911280903844,11
1000X,short,2025-04-08 14:10:00+00:00,2025-04-08 14:15:00+00:00,2025-04-08 14:30:00+00:00,41960,41961,41964,0.06458,0.0637268792307102,0.06502156038464489,0.0637268792307102,take_profit,1.3387141808737457,1.2587141808737456,4
1000X,long,2025-04-08 16:35:00+00:00,2025-04-08 16:40:00+00:00,2025-04-08 17:20:00+00:00,41989,41990,41998,0.06516,0.06466729804404911,0.06466729804404911,0.06620540391190179,stop,-0.7561417371867551,-0.8361417371867552,9
1000X,long,2025-04-08 18:45:00+00:00,2025-04-08 18:50:00+00:00,2025-04-08 20:05:00+00:00,42015,42016,42031,0.06527,0.06455110785971484,0.06455110785971484,0.06667778428057032,stop,-1.1014128087714958,-1.181412808771496,16
1000X,long,2025-04-09 14:05:00+00:00,2025-04-09 14:10:00+00:00,2025-04-09 15:00:00+00:00,42247,42248,42258,0.06109,0.06240028463493663,0.06044985768253169,0.06240028463493663,take_profit,2.144843075686098,2.064843075686098,11
1000X,short,2025-04-10 14:45:00+00:00,2025-04-10 14:50:00+00:00,2025-04-10 15:05:00+00:00,42543,42544,42547,0.06641,0.06696958647770933,0.06696958647770933,0.06526082704458135,stop,-0.8355829969109774,-0.9155829969109774,4
1000X,short,2025-04-10 15:20:00+00:00,2025-04-10 15:25:00+00:00,2025-04-10 16:35:00+00:00,42550,42551,42565,0.06651,0.0656663357522104,0.0669468321238948,0.0656663357522104,take_profit,1.28477436440666,1.20477436440666,15
1000X,long,2025-04-11 15:35:00+00:00,2025-04-11 15:40:00+00:00,2025-04-11 16:10:00+00:00,42841,42842,42848,0.06732,0.06671590128737945,0.06671590128737945,0.06861819742524108,stop,-0.8973539997334523,-0.9773539997334524,7
1000X,long,2025-04-11 17:00:00+00:00,2025-04-11 17:05:00+00:00,2025-04-11 19:15:00+00:00,42858,42859,42885,0.06737,0.0697862518131348,0.0661468740934326,0.0697862518131348,take_profit,3.5865397255971487,3.5065397255971487,27
1000X,long,2025-04-12 14:20:00+00:00,2025-04-12 14:25:00+00:00,2025-04-12 19:45:00+00:00,43114,43115,43179,0.0689,0.06799260535313961,0.06799260535313961,0.07062478929372078,stop,-1.316973362642071,-1.396973362642071,65
1000X,short,2025-04-13 14:05:00+00:00,2025-04-13 14:10:00+00:00,2025-04-13 14:25:00+00:00,43399,43400,43403,0.07334,0.0743397555073647,0.0743397555073647,0.07134048898527061,stop,-1.3448463753228945,-1.4248463753228946,4
1000X,short,2025-04-14 14:40:00+00:00,2025-04-14 14:45:00+00:00,2025-04-14 16:15:00+00:00,43694,43695,43713,0.06936,0.06819723797704602,0.069941381011477,0.06819723797704602,take_profit,1.7049987029465141,1.6249987029465143,19
1000X,short,2025-04-14 18:25:00+00:00,2025-04-14 18:30:00+00:00,2025-04-14 19:40:00+00:00,43739,43740,43754,0.06937,0.0702086829622558,0.0702086829622558,0.0677226340754884,stop,-1.1945573209323324,-1.2745573209323324,15
1000X,long,2025-04-15 16:00:00+00:00,2025-04-15 16:05:00+00:00,2025-04-15 19:35:00+00:00,43998,43999,44041,0.06855,0.06780605912990587,0.06780605912990587,0.06997788174018825,stop,-1.0852529104217856,-1.1652529104217857,43
1000X,long,2025-04-16 14:05:00+00:00,2025-04-16 14:10:00+00:00,2025-04-16 14:20:00+00:00,44263,44264,44266,0.06745,0.06695835585460705,0.06695835585460705,0.06843328829078589,stop,-0.7289016240073387,-0.8089016240073388,3
1000X,short,2025-04-16 14:55:00+00:00,2025-04-16 15:00:00+00:00,2025-04-16 15:15:00+00:00,44273,44274,44277,0.06647,0.06692251026670594,0.06692251026670594,0.06559497946658811,stop,-0.6761704916664835,-0.7561704916664835,4
1000X,short,2025-04-16 16:15:00+00:00,2025-04-16 16:20:00+00:00,2025-04-16 22:10:00+00:00,44289,44290,44360,0.0664,0.06516121887403134,0.06700439056298434,0.06516121887403134,take_profit,1.9011018323083384,1.8211018323083386,71
1000X,long,2025-04-17 14:15:00+00:00,2025-04-17 14:20:00+00:00,2025-04-17 14:20:00+00:00,44553,44554,44554,0.06653,0.06619658139788341,0.06619658139788341,0.06716683720423317,stop,-0.5011552714814238,-0.5811552714814239,1
1000X,short,2025-04-17 16:55:00+00:00,2025-04-17 17:00:00+00:00,2025-04-17 17:40:00+00:00,44585,44586,44594,0.06575,0.06513976789132264,0.06605511605433868,0.06513976789132264,take_profit,0.9368042417582156,0.8568042417582156,9
1000X,long,2025-04-18 14:35:00+00:00,2025-04-18 14:40:00+00:00,2025-04-18 20:20:00+00:00,44845,44846,44914,0.06615,0.06699751762272813,0.06574124118863593,0.06699751762272813,take_profit,1.2812057788784914,1.2012057788784913,69
1000X,long,2025-04-20 15:15:00+00:00,2025-04-20 15:20:00+00:00,2025-04-20 16:10:00+00:00,45429,45430,45440,0.06874,0.06812690516904231,0.06812690516904231,0.0699961896619154,stop,-0.8919040310702453,-0.9719040310702454,11
1000X,long,2025-04-21 14:15:00+00:00,2025-04-21 14:20:00+00:00,2025-04-21 14:40:00+00:00,45705,45706,45710,0.06962,0.06923003537238655,0.06923003537238655,0.07036992925522692,stop,-0.5601330474194977,-0.6401330474194977,5
1000X,short,2025-04-22 14:55:00+00:00,2025-04-22 15:00:00+00:00,2025-04-22 15:25:00+00:00,46001,46002,46007,0.06762,0.0669656213376915,0.06799218933115425,0.0669656213376915,take_profit,0.977185978770545,0.897185978770545,6
1000X,long,2025-04-22 16:30:00+00:00,2025-04-22 16:35:00+00:00,2025-04-22 22:40:00+00:00,46020,46021,46094,0.06857,0.07029037513740809,0.06761981243129596,0.07029037513740809,take_profit,2.5089326781509103,2.42893267815091,74
1000X,long,2025-04-23 14:15:00+00:00,2025-04-23 14:20:00+00:00,2025-04-23 15:05:00+00:00,46281,46282,46291,0.07872,0.08180648000755614,0.07725175999622194,0.08180648000755614,take_profit,3.920833342932095,3.840833342932095,10
1000X,long,2025-04-23 15:45:00+00:00,2025-04-23 15:50:00+00:00,2025-04-23 23:05:00+00:00,46299,46300,46387,0.07863,0.08168968715783011,0.07714515642108494,0.08168968715783011,take_profit,3.8912465443597943,3.8112465443597943,88
1000X,short,2025-04-24 17:25:00+00:00,2025-04-24 17:30:00+00:00,2025-04-24 23:00:00+00:00,46607,46608,46674,0.07458,0.07603888188727306,0.07603888188727306,0.07163223622545387,stop,-1.918599867678028,-1.9985998676780279,67
1000X,long,2025-04-25 14:10:00+00:00,2025-04-25 14:15:00+00:00,2025-04-25 20:05:00+00:00,46856,46857,46927,0.07913,0.08092603902622086,0.07821698048688956,0.08092603902622086,take_profit,2.269732119576462,2.189732119576462,71
1000X,long,2025-04-26 16:10:00+00:00,2025-04-26 16:15:00+00:00,2025-04-26 17:20:00+00:00,47168,47169,47182,0.08254,0.08188636801495992,0.08188636801495992,0.08387726397008015,stop,-0.7918972438091587,-0.8718972438091588,14
1000X,long,2025-04-26 17:25:00+00:00,2025-04-26 17:30:00+00:00,2025-04-26 17:40:00+00:00,47183,47184,47186,0.08252,0.08163199672724464,0.08163199672724464,0.08432600654551074,stop,-1.0761067289812853,-1.1561067289812854,3
1000X,short,2025-04-26 17:50:00+00:00,2025-04-26 17:55:00+00:00,2025-04-26 18:20:00+00:00,47188,47189,47194,0.08103,0.08198459077533014,0.08198459077533014,0.07924081844933972,stop,-1.1643538941922493,-1.2443538941922494,6
1000X,short,2025-04-27 14:20:00+00:00,2025-04-27 14:25:00+00:00,2025-04-27 16:30:00+00:00,47434,47435,47460,0.07619,0.07704551749067501,0.07704551749067501,0.07453896501864998,stop,-1.110405275399129,-1.190405275399129,26
1000X,long,2025-04-28 14:05:00+00:00,2025-04-28 14:10:00+00:00,2025-04-28 15:35:00+00:00,47719,47720,47737,0.07624,0.07713180609223909,0.07573409695388046,0.07713180609223909,take_profit,1.1697351682044665,1.0897351682044665,18
1000X,long,2025-04-29 15:50:00+00:00,2025-04-29 15:55:00+00:00,2025-04-29 16:40:00+00:00,48028,48029,48038,0.08021,0.07966582266779482,0.07966582266779482,0.08123835466441036,stop,-0.6784407582660301,-0.7584407582660302,10
1000X,short,2025-04-29 17:40:00+00:00,2025-04-29 17:45:00+00:00,2025-04-30 07:35:00+00:00,48050,48051,48217,0.07851,0.0759767218919993,0.07974663905400035,0.0759767218919993,take_profit,3.334281928617222,3.254281928617222,167
1000X,short,2025-04-30 14:25:00+00:00,2025-04-30 14:30:00+00:00,2025-04-30 18:20:00+00:00,48299,48300,48346,0.07718,0.07774042893350536,0.07774042893350536,0.0759091421329893,stop,-0.7208976605785344,-0.8008976605785345,47
1000X,long,2025-04-30 18:30:00+00:00,2025-04-30 18:35:00+00:00,2025-04-30 21:20:00+00:00,48348,48349,48382,0.07838,0.0774939924659167,0.0774939924659167,0.0801520150681666,stop,-1.1304000179679807,-1.2104000179679808,34
1000X,long,2025-05-01 14:40:00+00:00,2025-05-01 14:45:00+00:00,2025-05-01 16:00:00+00:00,48590,48591,48606,0.07807,0.07735570270969305,0.07735570270969305,0.07952859458061388,stop,-0.9149446526283467,-0.9949446526283467,16
1000X,long,2025-05-01 17:50:00+00:00,2025-05-01 17:55:00+00:00,2025-05-01 18:10:00+00:00,48628,48629,48632,0.07792,0.0774442148379306,0.0774442148379306,0.07896157032413882,stop,-0.6106072408488261,-0.6906072408488262,4
1000X,long,2025-05-01 18:20:00+00:00,2025-05-01 18:25:00+00:00,2025-05-01 19:00:00+00:00,48634,48635,48642,0.0779,0.07860647088807145,0.07748676455596427,0.07860647088807145,take_profit,0.9068945931597572,0.8268945931597571,8
1000X,short,2025-05-02 14:15:00+00:00,2025-05-02 14:20:00+00:00,2025-05-02 15:35:00+00:00,48873,48874,48889,0.07706,0.07584065297863597,0.07766967351068202,0.07584065297863597,take_profit,1.6077749511301143,1.5277749511301142,16
1000X,short,2025-05-03 14:55:00+00:00,2025-05-03 15:00:00+00:00,2025-05-03 15:15:00+00:00,49169,49170,49173,0.0763,0.07583314735392735,0.07653342632303634,0.07583314735392735,take_profit,0.6156313727739171,0.535631372773917,4
1000X,short,2025-05-04 15:20:00+00:00,2025-05-04 15:25:00+00:00,2025-05-04 15:45:00+00:00,49462,49463,49467,0.07175,0.07224842222484092,0.07224842222484092,0.07066315555031819,stop,-0.6898728158931999,-0.7698728158932,5
1000X,short,2025-05-04 16:00:00+00:00,2025-05-04 16:05:00+00:00,2025-05-04 16:35:00+00:00,49470,49471,49477,0.07194,0.07103340140277893,0.07240829929861053,0.07103340140277893,take_profit,1.276299007674453,1.1962990076744529,7
1000X,long,2025-05-05 14:50:00+00:00,2025-05-05 14:55:00+00:00,2025-05-05 15:10:00+00:00,49744,49745,49748,0.07246,0.0721181890588727,0.0721181890588727,0.0731136218822546,stop,-0.4717236283843462,-0.5517236283843463,4
1000X,long,2025-05-05 15:15:00+00:00,2025-05-05 15:20:00+00:00,2025-05-05 15:30:00+00:00,49749,49750,49752,0.07236,0.0720637959820239,0.0720637959820239,0.0731024080359522,stop,-0.4093477307574478,-0.4893477307574478,3
1000X,short,2025-05-06 16:35:00+00:00,2025-05-06 16:40:00+00:00,2025-05-06 17:20:00+00:00,50053,50054,50062,0.07119,0.07015813320293605,0.07172093339853197,0.07015813320293605,take_profit,1.4707728811415466,1.3907728811415465,9
1000X,short,2025-05-07 15:20:00+00:00,2025-05-07 15:25:00+00:00,2025-05-07 16:05:00+00:00,50326,50327,50335,0.06956,0.06990302061767582,0.06990302061767582,0.06884395876464836,stop,-0.49070929216624704,-0.5707092921662471,9
1000X,long,2025-05-07 16:15:00+00:00,2025-05-07 16:20:00+00:00,2025-05-07 17:40:00+00:00,50337,50338,50354,0.07012,0.07058684435736817,0.06987157782131592,0.07058684435736817,take_profit,0.6657791747977315,0.5857791747977315,17
1000X,long,2025-05-07 19:30:00+00:00,2025-05-07 19:35:00+00:00,2025-05-07 22:25:00+00:00,50376,50377,50411,0.07013,0.0697648121037966,0.0697648121037966,0.07077037579240678,stop,-0.5207299247160901,-0.6007299247160902,35
1000X,long,2025-05-08 15:55:00+00:00,2025-05-08 16:00:00+00:00,2025-05-08 21:30:00+00:00,50621,50622,50688,0.07355,0.07442853173793579,0.07311073413103211,0.07442853173793579,take_profit,1.1944687123532027,1.1144687123532027,67
1000X,long,2025-05-09 15:30:00+00:00,2025-05-09 15:35:00+00:00,2025-05-09 16:05:00+00:00,50904,50905,50911,0.08401,0.08578729581433933,0.08312135209283034,0.08578729581433933,take_profit,2.1155764960592016,2.0355764960592015,7
1000X,long,2025-05-10 14:55:00+00:00,2025-05-10 15:00:00+00:00,2025-05-10 16:15:00+00:00,51185,51186,51201,0.08676,0.08800863107168097,0.08616568446415951,0.08800863107168097,take_profit,1.4391782753353732,1.3591782753353732,16
1000X,short,2025-05-12 14:30:00+00:00,2025-05-12 14:35:00+00:00,2025-05-12 15:35:00+00:00,51756,51757,51769,0.1082,0.11066414710267973,0.11066414710267973,0.10345170579464052,stop,-2.2266896435693573,-2.3066896435693574,13
1000X,long,2025-05-12 15:40:00+00:00,2025-05-12 15:45:00+00:00,2025-05-12 16:55:00+00:00,51770,51771,51785,0.1115,0.11521117405717916,0.10964441297141042,0.11521117405717916,take_profit,3.3284072261696496,3.2484072261696495,15
1000X,long,2025-05-12 19:25:00+00:00,2025-05-12 19:30:00+00:00,2025-05-12 20:50:00+00:00,51815,51816,51832,0.11152,0.10920064150584624,0.10920064150584624,0.11627871698830754,stop,-2.079769094470729,-2.1597690944707293,17
1000X,long,2025-05-14 14:20:00+00:00,2025-05-14 14:25:00+00:00,2025-05-14 16:00:00+00:00,52330,52331,52350,0.10415,0.10292548734598056,0.10292548734598056,0.10686902530803888,stop,-1.1757202631007657,-1.2557202631007658,20
1000X,short,2025-05-14 16:55:00+00:00,2025-05-14 17:00:00+00:00,2025-05-14 17:50:00+00:00,52361,52362,52372,0.10209,0.09980819970941157,0.10324590014529421,0.09980819970941157,take_profit,2.286185200446278,2.206185200446278,11
1000X,short,2025-05-15 14:10:00+00:00,2025-05-15 14:15:00+00:00,2025-05-15 14:50:00+00:00,52616,52617,52624,0.09363,0.09100511443766598,0.094822442781167,0.09100511443766598,take_profit,2.884327522198693,2.804327522198693,8
1000X,long,2025-05-16 14:15:00+00:00,2025-05-16 14:20:00+00:00,2025-05-16 16:05:00+00:00,52905,52906,52927,0.0899,0.0891771663311349,0.0891771663311349,0.0913156673377302,stop,-0.8040419008510491,-0.8840419008510492,22
1000X,long,2025-05-16 16:20:00+00:00,2025-05-16 16:25:00+00:00,2025-05-16 17:15:00+00:00,52930,52931,52941,0.09011,0.08916790021294846,0.08916790021294846,0.0920241995741031,stop,-1.0454997081916995,-1.1254997081916995,11
1000X,short,2025-05-16 17:35:00+00:00,2025-05-16 17:40:00+00:00,2025-05-16 17:50:00+00:00,52945,52946,52948,0.08781,0.08920665812246104,0.08920665812246104,0.08501668375507793,stop,-1.565643363238356,-1.6456433632383558,3
1000X,short,2025-05-17 14:35:00+00:00,2025-05-17 14:40:00+00:00,2025-05-17 16:40:00+00:00,53197,53198,53222,0.08316,0.08184837410000398,0.08380081294999801,0.08184837410000398,take_profit,1.6025069702587436,1.5225069702587435,25
1000X,long,2025-05-18 14:05:00+00:00,2025-05-18 14:10:00+00:00,2025-05-18 14:55:00+00:00,53479,53480,53489,0.08588,0.08808584460670284,0.08477707769664858,0.08808584460670284,take_profit,2.568519569984673,2.488519569984673,10
1000X,short,2025-05-19 15:55:00+00:00,2025-05-19 16:00:00+00:00,2025-05-19 16:05:00+00:00,53789,53790,53791,0.08319,0.08428933148073413,0.08428933148073413,0.08096133703853176,stop,-1.3042356149015166,-1.3842356149015167,2
1000X,long,2025-05-20 14:05:00+00:00,2025-05-20 14:10:00+00:00,2025-05-20 15:05:00+00:00,54055,54056,54067,0.08834,0.08765935372335058,0.08765935372335058,0.08967129255329885,stop,-0.7704848049008617,-0.8504848049008618,12
1000X,long,2025-05-21 14:15:00+00:00,2025-05-21 14:20:00+00:00,2025-05-21 15:10:00+00:00,54345,54346,54356,0.08889,0.08792060673378467,0.08792060673378467,0.09091878653243066,stop,-1.0905537925698372,-1.1705537925698373,11
1000X,long,2025-05-22 17:10:00+00:00,2025-05-22 17:15:00+00:00,2025-05-22 20:05:00+00:00,54668,54669,54703,0.0917,0.09100546189351201,0.09100546189351201,0.09308907621297599,stop,-0.7574025152540798,-0.8374025152540798,35
1000X,short,2025-05-23 14:30:00+00:00,2025-05-23 14:35:00+00:00,2025-05-23 20:45:00+00:00,54924,54925,54999,0.09214,0.0900176718990228,0.0932461640504886,0.0900176718990228,take_profit,2.357679393617196,2.2776793936171957,75
1000X,short,2025-05-24 14:10:00+00:00,2025-05-24 14:15:00+00:00,2025-05-24 15:05:00+00:00,55208,55209,55219,0.08502,0.08554879623095958,0.08554879623095958,0.08396240753808083,stop,-0.6181223515196788,-0.6981223515196788,11
1000X,short,2025-05-24 15:15:00+00:00,2025-05-24 15:20:00+00:00,2025-05-24 16:05:00+00:00,55221,55222,55231,0.08487,0.08561697602352178,0.08561697602352178,0.08334604795295646,stop,-0.8724625164483246,-0.9524625164483247,10
1000X,long,2025-05-24 16:15:00+00:00,2025-05-24 16:20:00+00:00,2025-05-24 16:30:00+00:00,55233,55234,55236,0.08599,0.08550210511609346,0.08550210511609346,0.08693578976781308,stop,-0.5673856075200989,-0.647385607520099,3
1000X,short,2025-05-25 17:00:00+00:00,2025-05-25 17:05:00+00:00,2025-05-25 23:20:00+00:00,55530,55531,55606,0.0838,0.08160485827403685,0.08492757086298158,0.08160485827403685,take_profit,2.689964509945786,2.6099645099457858,76
1000X,long,2025-05-26 15:50:00+00:00,2025-05-26 15:55:00+00:00,2025-05-26 16:05:00+00:00,55804,55805,55807,0.08731,0.08675886085837,0.08675886085837,0.08847227828326003,stop,-0.6312440059901614,-0.7112440059901615,3
1000X,long,2025-05-27 15:10:00+00:00,2025-05-27 15:15:00+00:00,2025-05-27 15:45:00+00:00,56084,56085,56091,0.0857,0.08521909413742858,0.08521909413742858,0.08669181172514283,stop,-0.5611503647274474,-0.6411503647274475,7
1000X,long,2025-05-27 17:00:00+00:00,2025-05-27 17:05:00+00:00,2025-05-27 22:10:00+00:00,56106,56107,56168,0.08598,0.08729864500847151,0.08532067749576425,0.08729864500847151,take_profit,1.5336648156216715,1.4536648156216714,62
1000X,short,2025-05-28 18:25:00+00:00,2025-05-28 18:30:00+00:00,2025-05-28 19:35:00+00:00,56411,56412,56425,0.08479,0.0855330129742802,0.0855330129742802,0.0833339740514396,stop,-0.8686856085656891,-0.9486856085656892,14
1000X,long,2025-05-29 15:30:00+00:00,2025-05-29 15:35:00+00:00,2025-05-29 15:55:00+00:00,56664,56665,56669,0.08773,0.08725867028182514,0.08725867028182514,0.08879265943634972,stop,-0.5372503341785739,-0.617250334178574,5
1000X,short,2025-05-30 14:10:00+00:00,2025-05-30 14:15:00+00:00,2025-05-30 15:15:00+00:00,56936,56937,56949,0.08071,0.0794213974492586,0.0813693012753707,0.0794213974492586,take_profit,1.6224878837780343,1.5424878837780343,13
1000X,long,2025-05-31 15:10:00+00:00,2025-05-31 15:15:00+00:00,2025-05-31 17:15:00+00:00,57236,57237,57261,0.07457,0.07381642533029306,0.07381642533029306,0.07607714933941387,stop,-1.0105601042067036,-1.0905601042067037,25
1000X,long,2025-05-31 18:00:00+00:00,2025-05-31 18:05:00+00:00,2025-05-31 18:20:00+00:00,57270,57271,57274,0.07462,0.07397356994602353,0.07397356994602353,0.07591286010795296,stop,-0.8662959715578622,-0.9462959715578623,4
1000X,long,2025-06-01 14:50:00+00:00,2025-06-01 14:55:00+00:00,2025-06-01 16:00:00+00:00,57520,57521,57534,0.07736,0.07659368595183509,0.07659368595183509,0.0789226280963298,stop,-0.9905817582276488,-1.070581758227649,14
1000X,short,2025-06-02 19:30:00+00:00,2025-06-02 19:35:00+00:00,2025-06-02 20:55:00+00:00,57864,57865,57881,0.07453,0.0751483029838688,0.0751483029838688,0.07332339403226237,stop,-0.8227770412879809,-0.902777041287981,17
1000X,long,2025-06-03 14:45:00+00:00,2025-06-03 14:50:00+00:00,2025-06-03 15:30:00+00:00,58095,58096,58104,0.07771,0.07716444532034794,0.07716444532034794,0.07877110935930413,stop,-0.7020392223035188,-0.7820392223035189,9
1000X,long,2025-06-03 15:45:00+00:00,2025-06-03 15:50:00+00:00,2025-06-03 17:10:00+00:00,58107,58108,58124,0.07765,0.07724026126646856,0.07724026126646856,0.07843947746706288,stop,-0.5276738358421573,-0.6076738358421574,17
1000X,short,2025-06-03 19:50:00+00:00,2025-06-03 19:55:00+00:00,2025-06-03 22:15:00+00:00,58156,58157,58185,0.07696,0.07746003547757313,0.07746003547757313,0.07592992904485375,stop,-0.6455399542360185,-0.7255399542360186,29
1000X,short,2025-06-04 14:30:00+00:00,2025-06-04 14:35:00+00:00,2025-06-04 14:45:00+00:00,58380,58381,58383,0.07576,0.07601808519168297,0.07601808519168297,0.07518382961663406,stop,-0.3395049888881174,-0.41950498888811744,3
1000X,short,2025-06-04 15:15:00+00:00,2025-06-04 15:20:00+00:00,2025-06-04 15:40:00+00:00,58389,58390,58394,0.07569,0.07599899925526217,0.07599899925526217,0.07504200148947565,stop,-0.40658332121495944,-0.48658332121495945,5
1000X,short,2025-06-04 16:15:00+00:00,2025-06-04 16:20:00+00:00,2025-06-04 17:15:00+00:00,58401,58402,58413,0.07567,0.07601458007082015,0.07601458007082015,0.07501083985835968,stop,-0.45330786606874174,-0.5333078660687418,12
1000X,short,2025-06-05 14:10:00+00:00,2025-06-05 14:15:00+00:00,2025-06-05 16:10:00+00:00,58664,58665,58688,0.07347,0.07385431069582657,0.07385431069582657,0.07261137860834688,stop,-0.5203632559910853,-0.6003632559910854,24
1000X,short,2025-06-05 16:35:00+00:00,2025-06-05 16:40:00+00:00,2025-06-05 18:05:00+00:00,58693,58694,58711,0.07361,0.07422189844958411,0.07422189844958411,0.07241620310083179,stop,-0.8244176750608956,-0.9044176750608957,18
1000X,long,2025-06-05 19:30:00+00:00,2025-06-05 19:35:00+00:00,2025-06-05 19:45:00+00:00,58728,58729,58731,0.07404,0.07358069539188115,0.07358069539188115,0.07492860921623769,stop,-0.6203465803874098,-0.7003465803874098,3
1000X,short,2025-06-06 14:15:00+00:00,2025-06-06 14:20:00+00:00,2025-06-06 14:40:00+00:00,58953,58954,58958,0.07093,0.07146793056398014,0.07146793056398014,0.06985413887203974,stop,-0.7526880374667644,-0.8326880374667645,5
1000X,short,2025-06-06 15:20:00+00:00,2025-06-06 15:25:00+00:00,2025-06-06 18:20:00+00:00,58966,58967,59002,0.07096,0.07168451182601235,0.07168451182601235,0.0693909763479753,stop,-1.0106950686514238,-1.0906950686514238,36
1000X,long,2025-06-07 14:25:00+00:00,2025-06-07 14:30:00+00:00,2025-06-07 15:10:00+00:00,59243,59244,59252,0.07367,0.07336600374912172,0.07336600374912172,0.07424799250175657,stop,-0.41264592219122376,-0.4926459221912238,9
1000X,long,2025-06-07 15:40:00+00:00,2025-06-07 15:45:00+00:00,2025-06-08 01:30:00+00:00,59258,59259,59376,0.07388,0.07340764323777522,0.07340764323777522,0.07476471352444954,stop,-0.6393567436718706,-0.7193567436718706,118
1000X,short,2025-06-08 14:10:00+00:00,2025-06-08 14:15:00+00:00,2025-06-08 14:40:00+00:00,59528,59529,59534,0.07328,0.0727732316083808,0.0735333841958096,0.0727732316083808,take_profit,0.6963664803925518,0.6163664803925517,6
1000X,short,2025-06-09 14:10:00+00:00,2025-06-09 14:15:00+00:00,2025-06-09 17:55:00+00:00,59816,59817,59861,0.07342,0.07386220325257578,0.07386220325257578,0.07247559349484846,stop,-0.5986867885102831,-0.6786867885102832,45
1000X,long,2025-06-09 18:35:00+00:00,2025-06-09 18:40:00+00:00,2025-06-09 22:35:00+00:00,59869,59870,59917,0.07433,0.07387062404282418,0.07387062404282418,0.07509875191435163,stop,-0.6180222752264375,-0.6980222752264376,48
1000X,long,2025-06-10 14:15:00+00:00,2025-06-10 14:20:00+00:00,2025-06-10 14:20:00+00:00,60105,60106,60106,0.07601,0.0756945751378405,0.0756945751378405,0.07664084972431898,stop,-0.4149781109847317,-0.4949781109847317,1
1000X,short,2025-06-10 14:25:00+00:00,2025-06-10 14:30:00+00:00,2025-06-10 15:40:00+00:00,60107,60108,60122,0.07541,0.07587916735563753,0.07587916735563753,0.07444166528872492,stop,-0.6183085186459492,-0.6983085186459492,15
1000X,short,2025-06-10 16:00:00+00:00,2025-06-10 16:05:00+00:00,2025-06-10 16:30:00+00:00,60126,60127,60132,0.07539,0.07606869851904112,0.07606869851904112,0.07409260296191778,stop,-0.892217866552869,-0.9722178665528691,6
1000X,short,2025-06-11 15:15:00+00:00,2025-06-11 15:20:00+00:00,2025-06-11 18:55:00+00:00,60405,60406,60449,0.07448,0.07332805519917607,0.07495097240041197,0.07332805519917607,take_profit,1.570946887511182,1.490946887511182,44
1000X,short,2025-06-12 18:15:00+00:00,2025-06-12 18:20:00+00:00,2025-06-12 19:15:00+00:00,60729,60730,60741,0.06793,0.0670705087884688,0.0683147456057656,0.0670705087884688,take_profit,1.2814741188887036,1.2014741188887035,12
1000X,short,2025-06-13 14:10:00+00:00,2025-06-13 14:15:00+00:00,2025-06-13 17:10:00+00:00,60968,60969,61004,0.05684,0.057959962428476,0.057959962428476,0.05463007514304799,stop,-1.932303579144068,-2.012303579144068,36
1000X,long,2025-06-15 14:35:00+00:00,2025-06-15 14:40:00+00:00,2025-06-15 15:25:00+00:00,61549,61550,61559,0.05959,0.059185938303900495,0.059185938303900495,0.06048812339219901,stop,-0.6780696360119132,-0.7580696360119132,10
1000X,long,2025-06-16 14:15:00+00:00,2025-06-16 14:20:00+00:00,2025-06-16 21:15:00+00:00,61833,61834,61917,0.05969,0.058828296769677366,0.058828296769677366,0.06159340646064526,stop,-1.4436308097212858,-1.5236308097212858,84
1000X,short,2025-06-17 15:00:00+00:00,2025-06-17 15:05:00+00:00,2025-06-17 17:25:00+00:00,62130,62131,62159,0.05789,0.05718488638324783,0.05816755680837609,0.05718488638324783,take_profit,1.2330419125546,1.1530419125545999,29
1000X,long,2025-06-18 15:05:00+00:00,2025-06-18 15:10:00+00:00,2025-06-18 15:45:00+00:00,62419,62420,62427,0.05598,0.05538698676780585,0.05538698676780585,0.0571060264643883,stop,-1.059330532679792,-1.139330532679792,8
1000X,long,2025-06-19 19:25:00+00:00,2025-06-19 19:30:00+00:00,2025-06-19 20:30:00+00:00,62759,62760,62772,0.06102,0.05950498701254738,0.05950498701254738,0.06405002597490522,stop,-2.48281381096791,-2.56281381096791,13
1000X,short,2025-06-20 14:05:00+00:00,2025-06-20 14:10:00+00:00,2025-06-20 15:40:00+00:00,62983,62984,63002,0.06004,0.060542996802091666,0.060542996802091666,0.05891400639581666,stop,-0.8308092242871656,-0.9108092242871657,19
1000X,short,2025-06-20 15:55:00+00:00,2025-06-20 16:00:00+00:00,2025-06-20 17:00:00+00:00,63005,63006,63018,0.06001,0.06065744739818328,0.06065744739818328,0.058565105203633436,stop,-1.0673831919321253,-1.1473831919321253,13
1000X,short,2025-06-20 18:15:00+00:00,2025-06-20 18:20:00+00:00,2025-06-20 19:55:00+00:00,63033,63034,63053,0.06005,0.06058675516021451,0.06058675516021451,0.05897648967957098,stop,-0.8859282178012684,-0.9659282178012685,20
1000X,short,2025-06-22 18:20:00+00:00,2025-06-22 18:25:00+00:00,2025-06-22 20:15:00+00:00,63610,63611,63633,0.05293,0.05377607607372593,0.05377607607372593,0.05120784785254815,stop,-1.5733317406163572,-1.653331740616357,23
1000X,long,2025-06-23 14:05:00+00:00,2025-06-23 14:10:00+00:00,2025-06-23 16:10:00+00:00,63847,63848,63872,0.05255,0.053109922994421244,0.05231503850278938,0.053109922994421244,take_profit,1.0655052224952222,0.9855052224952221,25
1000X,long,2025-06-23 19:45:00+00:00,2025-06-23 19:50:00+00:00,2025-06-23 20:15:00+00:00,63915,63916,63921,0.05262,0.05231656967817555,0.05231656967817555,0.05319686064364889,stop,-0.5766444732505649,-0.656644473250565,6
1000X,long,2025-06-24 14:05:00+00:00,2025-06-24 14:10:00+00:00,2025-06-24 14:35:00+00:00,64135,64136,64141,0.05638,0.05716720984289103,0.05597139507855449,0.05716720984289103,take_profit,1.396257259473277,1.3162572594732769,6
1000X,short,2025-06-25 14:20:00+00:00,2025-06-25 14:25:00+00:00,2025-06-25 16:25:00+00:00,64426,64427,64451,0.05542,0.0559208550947056,0.0559208550947056,0.054448289810588794,stop,-0.8956499214065605,-0.9756499214065606,25
1000X,short,2025-06-25 17:15:00+00:00,2025-06-25 17:20:00+00:00,2025-06-25 20:50:00+00:00,64461,64462,64504,0.0555,0.055989803810018224,0.055989803810018224,0.05458039237996355,stop,-0.87480894142834,-0.95480894142834,43
1000X,long,2025-06-26 14:15:00+00:00,2025-06-26 14:20:00+00:00,2025-06-26 15:00:00+00:00,64713,64714,64722,0.0567,0.0579081008183782,0.0560959495908109,0.0579081008183782,take_profit,2.1306892740356353,2.0506892740356353,9
1000X,short,2025-06-27 14:15:00+00:00,2025-06-27 14:20:00+00:00,2025-06-27 21:20:00+00:00,65001,65002,65086,0.05319,0.053713023945497984,0.053713023945497984,0.052113952109004026,stop,-0.973737665614749,-1.053737665614749,85
1000X,long,2025-06-28 14:10:00+00:00,2025-06-28 14:15:00+00:00,2025-06-28 14:25:00+00:00,65288,65289,65291,0.05385,0.053637031765729565,0.053637031765729565,0.05427593646854088,stop,-0.395484186203221,-0.475484186203221,3
1000X,short,2025-06-28 14:35:00+00:00,2025-06-28 14:40:00+00:00,2025-06-28 16:30:00+00:00,65293,65294,65316,0.05349,0.053730724316146124,0.053730724316146124,0.05300855136770776,stop,-0.4480198605358865,-0.5280198605358866,23
1000X,short,2025-06-28 17:15:00+00:00,2025-06-28 17:20:00+00:00,2025-06-29 04:10:00+00:00,65325,65326,65456,0.0534,0.05378651588297643,0.05378651588297643,0.052566968234047134,stop,-0.7186111177332477,-0.7986111177332478,131
1000X,long,2025-06-29 14:10:00+00:00,2025-06-29 14:15:00+00:00,2025-06-29 14:40:00+00:00,65576,65577,65582,0.054,0.053808130383874817,0.053808130383874817,0.05435373923225038,stop,-0.3553141039355223,-0.43531410393552233,6
1000X,long,2025-06-29 15:15:00+00:00,2025-06-29 15:20:00+00:00,2025-06-29 16:05:00+00:00,65589,65590,65599,0.05394,0.05432476078674367,0.05376261960662816,0.05432476078674367,take_profit,0.7133125449456212,0.6333125449456212,10
1000X,long,2025-06-29 16:50:00+00:00,2025-06-29 16:55:00+00:00,2025-06-29 17:45:00+00:00,65608,65609,65619,0.05406,0.05468580016671206,0.05376209991664397,0.05468580016671206,take_profit,1.1576029720903769,1.0776029720903768,11
1000X,long,2025-06-30 15:00:00+00:00,2025-06-30 15:05:00+00:00,2025-06-30 15:15:00+00:00,65874,65875,65877,0.05537,0.05518853660948927,0.05518853660948927,0.05576292678102146,stop,-0.3277287168335419,-0.4077287168335419,3
1000X,short,2025-06-30 15:40:00+00:00,2025-06-30 15:45:00+00:00,2025-06-30 17:00:00+00:00,65882,65883,65898,0.05457,0.0533517678154317,0.055164116092284145,0.0533517678154317,take_profit,2.283396098106305,2.203396098106305,16
1000X,short,2025-07-01 17:55:00+00:00,2025-07-01 18:00:00+00:00,2025-07-01 19:45:00+00:00,66197,66198,66219,0.04187,0.04300239791470398,0.04300239791470398,0.03954520417059204,stop,-2.6333366733411245,-2.7133366733411246,22
1000X,long,2025-07-02 14:35:00+00:00,2025-07-02 14:40:00+00:00,2025-07-02 19:00:00+00:00,66445,66446,66498,0.04424,0.04563989559071663,0.04355505220464168,0.04563989559071663,take_profit,3.164320955507738,3.0843209555077378,53
1000X,short,2025-07-04 15:15:00+00:00,2025-07-04 15:20:00+00:00,2025-07-04 16:00:00+00:00,67029,67030,67038,0.04283,0.04341661855888277,0.04341661855888277,0.04159676288223446,stop,-1.351138293018339,-1.4311382930183392,9
1000X,short,2025-07-04 16:15:00+00:00,2025-07-04 16:20:00+00:00,2025-07-04 16:40:00+00:00,67041,67042,67046,0.04295,0.04354585798208191,0.04354585798208191,0.04172828403583618,stop,-1.3683459453872504,-1.4483459453872505,5
1000X,short,2025-07-04 17:05:00+00:00,2025-07-04 17:10:00+00:00,2025-07-04 17:30:00+00:00,67051,67052,67056,0.0429,0.043655803554971756,0.043655803554971756,0.04132839289005649,stop,-1.7312785321201174,-1.8112785321201172,5
1000X,short,2025-07-05 16:55:00+00:00,2025-07-05 17:00:00+00:00,2025-07-05 17:05:00+00:00,67337,67338,67339,0.04463,0.043967190740672984,0.04496140462966351,0.043967190740672984,take_profit,1.5075087767976614,1.4275087767976613,2
1000X,short,2025-07-07 16:40:00+00:00,2025-07-07 16:45:00+00:00,2025-07-07 17:50:00+00:00,67910,67911,67924,0.04471,0.04503525558735389,0.04503525558735389,0.04405948882529222,stop,-0.7222243620289892,-0.8022243620289893,14
1000X,long,2025-07-09 14:30:00+00:00,2025-07-09 14:35:00+00:00,2025-07-09 21:35:00+00:00,68460,68461,68545,0.04674,0.04748120300693411,0.04636939849653294,0.04748120300693411,take_profit,1.5858001859951232,1.505800185995123,85
1000X,long,2025-07-11 15:00:00+00:00,2025-07-11 15:05:00+00:00,2025-07-11 15:40:00+00:00,69042,69043,69050,0.06514,0.06354854961213491,0.06354854961213491,0.06838290077573017,stop,-2.4431231008060994,-2.5231231008060995,8
1000X,short,2025-07-11 15:45:00+00:00,2025-07-11 15:50:00+00:00,2025-07-11 18:25:00+00:00,69051,69052,69083,0.06125,0.06344972406332584,0.06344972406332584,0.05679055187334831,stop,-3.466877272989266,-3.546877272989266,32
1000X,long,2025-07-13 14:15:00+00:00,2025-07-13 14:20:00+00:00,2025-07-13 14:55:00+00:00,69609,69610,69617,0.05923,0.058245251241586464,0.058245251241586464,0.06107949751682707,stop,-1.662584430885583,-1.742584430885583,8
1000X,long,2025-07-13 16:30:00+00:00,2025-07-13 16:35:00+00:00,2025-07-13 18:30:00+00:00,69636,69637,69660,0.05922,0.057337136980236784,0.057337136980236784,0.06298572603952643,stop,-3.179437723342138,-3.259437723342138,24
1000X,long,2025-07-14 14:20:00+00:00,2025-07-14 14:25:00+00:00,2025-07-14 14:35:00+00:00,69898,69899,69901,0.06018,0.059540009981244674,0.059540009981244674,0.061699980037510656,stop,-1.063459652301968,-1.143459652301968,3
1000X,long,2025-07-15 15:05:00+00:00,2025-07-15 15:10:00+00:00,2025-07-15 15:35:00+00:00,70195,70196,70201,0.05605,0.0554301322016123,0.0554301322016123,0.057199735596775395,stop,-1.1059193548397794,-1.1859193548397795,6
1000X,long,2025-07-15 16:00:00+00:00,2025-07-15 16:05:00+00:00,2025-07-15 16:45:00+00:00,70206,70207,70215,0.05599,0.055413785864840984,0.055413785864840984,0.057232428270318034,stop,-1.0291375873531239,-1.109137587353124,9
1000X,short,2025-07-15 16:55:00+00:00,2025-07-15 17:00:00+00:00,2025-07-15 17:35:00+00:00,70217,70218,70225,0.05537,0.05591157669527881,0.05591157669527881,0.05446684660944238,stop,-0.9686306974142966,-1.0486306974142967,8
1000X,long,2025-07-16 14:10:00+00:00,2025-07-16 14:15:00+00:00,2025-07-16 14:25:00+00:00,70472,70473,70475,0.05771,0.05738341737780031,0.05738341737780031,0.05845316524439938,stop,-0.5659030015589761,-0.6459030015589762,3
1000X,short,2025-07-16 15:05:00+00:00,2025-07-16 15:10:00+00:00,2025-07-16 15:35:00+00:00,70483,70484,70489,0.05712,0.05762122852127075,0.05762122852127075,0.0559675429574585,stop,-0.8698678145776184,-0.9498678145776185,6
1000X,long,2025-07-16 15:50:00+00:00,2025-07-16 15:55:00+00:00,2025-07-16 18:40:00+00:00,70492,70493,70526,0.05774,0.05737791533666248,0.05737791533666248,0.058464169326675045,stop,-0.6270950179035673,-0.7070950179035673,34
1000X,long,2025-07-18 14:05:00+00:00,2025-07-18 14:10:00+00:00,2025-07-18 15:05:00+00:00,71047,71048,71059,0.06288,0.06235422930154905,0.06235422930154905,0.06375154139690191,stop,-0.8361493295975797,-0.9161493295975798,12
1000X,long,2025-07-18 15:20:00+00:00,2025-07-18 15:25:00+00:00,2025-07-18 16:30:00+00:00,71062,71063,71076,0.06288,0.06216386898272515,0.06216386898272515,0.0642522620345497,stop,-1.1388852055897902,-1.2188852055897903,14
1000X,short,2025-07-18 17:35:00+00:00,2025-07-18 17:40:00+00:00,2025-07-18 22:50:00+00:00,71089,71090,71152,0.06115,0.06213785243383351,0.06213785243383351,0.05932429513233297,stop,-1.589775628125234,-1.6697756281252338,63
1000X,short,2025-07-19 14:05:00+00:00,2025-07-19 14:10:00+00:00,2025-07-19 18:15:00+00:00,71335,71336,71385,0.06081,0.06166338931975511,0.06166338931975511,0.05910322136048979,stop,-1.3839481241127771,-1.4639481241127772,50
1000X,long,2025-07-20 16:40:00+00:00,2025-07-20 16:45:00+00:00,2025-07-20 18:05:00+00:00,71654,71655,71671,0.06256,0.06220750629351505,0.06220750629351505,0.06335498741296992,stop,-0.5634490193173858,-0.6434490193173859,17
1000X,long,2025-07-20 18:30:00+00:00,2025-07-20 18:35:00+00:00,2025-07-20 19:10:00+00:00,71676,71677,71684,0.06261,0.06203278494813013,0.06203278494813013,0.06391443010373972,stop,-0.9219215011497695,-1.0019215011497695,8
1000X,long,2025-07-21 14:10:00+00:00,2025-07-21 14:15:00+00:00,2025-07-21 15:50:00+00:00,71912,71913,71932,0.06866,0.06775617285957072,0.06775617285957072,0.07043765428085856,stop,-1.3163809211029331,-1.3963809211029332,20
1000X,long,2025-07-21 16:50:00+00:00,2025-07-21 16:55:00+00:00,2025-07-21 22:10:00+00:00,71944,71945,72008,0.06923,0.06639650798421173,0.06639650798421173,0.07492698403157652,stop,-4.092867276886125,-4.172867276886126,64
1000X,long,2025-07-22 16:25:00+00:00,2025-07-22 16:30:00+00:00,2025-07-22 16:55:00+00:00,72227,72228,72233,0.06741,0.06520643314153841,0.06520643314153841,0.07199713371692318,stop,-3.2689020300572413,-3.3489020300572414,6
1000X,long,2025-07-23 14:45:00+00:00,2025-07-23 14:50:00+00:00,2025-07-23 15:00:00+00:00,72495,72496,72498,0.06836,0.0674786369393218,0.0674786369393218,0.07009272612135639,stop,-1.2892964609101942,-1.3692964609101943,3
1000X,short,2025-07-23 16:35:00+00:00,2025-07-23 16:40:00+00:00,2025-07-23 18:35:00+00:00,72517,72518,72541,0.06574,0.06711493653826463,0.06711493653826463,0.06311012692347076,stop,-2.0486297226560257,-2.128629722656026,24
1000X,short,2025-07-23 19:00:00+00:00,2025-07-23 19:05:00+00:00,2025-07-23 20:20:00+00:00,72546,72547,72562,0.06581,0.0668521842070599,0.0668521842070599,0.06372563158588017,stop,-1.5589381550077386,-1.6389381550077384,16
1000X,short,2025-07-24 14:05:00+00:00,2025-07-24 14:10:00+00:00,2025-07-24 14:55:00+00:00,72775,72776,72785,0.05914,0.05705778145289129,0.06003110927355436,0.05705778145289129,take_profit,3.649315648257123,3.569315648257123,10
1000X,short,2025-07-24 18:35:00+00:00,2025-07-24 18:40:00+00:00,2025-07-24 20:40:00+00:00,72829,72830,72854,0.05911,0.059784813656091645,0.059784813656091645,0.05797037268781672,stop,-1.1287375753539441,-1.2087375753539442,25
1000X,long,2025-07-25 15:40:00+00:00,2025-07-25 15:45:00+00:00,2025-07-25 23:30:00+00:00,73082,73083,73176,0.05887,0.058211961529360715,0.058211961529360715,0.06018607694127857,stop,-1.1177823520286845,-1.1977823520286845,94
1000X,short,2025-07-27 17:35:00+00:00,2025-07-27 17:40:00+00:00,2025-07-27 17:55:00+00:00,73681,73682,73685,0.05963,0.05995044813372202,0.05995044813372202,0.05904910373255596,stop,-0.5345216653047324,-0.6145216653047325,4
1000X,short,2025-07-27 18:40:00+00:00,2025-07-27 18:45:00+00:00,2025-07-27 19:00:00+00:00,73694,73695,73698,0.05978,0.06029343238393668,0.06029343238393668,0.05869313523212664,stop,-0.8515560710945169,-0.931556071094517,4
1000X,long,2025-07-28 14:05:00+00:00,2025-07-28 14:10:00+00:00,2025-07-28 16:05:00+00:00,73927,73928,73951,0.06246,0.06210947190683921,0.06210947190683921,0.06352105618632158,stop,-0.56120411969387,-0.64120411969387,24
1000X,short,2025-07-28 19:05:00+00:00,2025-07-28 19:10:00+00:00,2025-07-28 19:40:00+00:00,73987,73988,73994,0.06156,0.0620157109511409,0.0620157109511409,0.06055857809771821,stop,-0.7348314550484347,-0.8148314550484348,7
1000X,long,2025-07-28 19:45:00+00:00,2025-07-28 19:50:00+00:00,2025-07-28 22:30:00+00:00,73995,73996,74028,0.06255,0.061873711474072786,0.061873711474072786,0.06369257705185444,stop,-1.0811966841362208,-1.161196684136221,33
1000X,long,2025-07-29 14:30:00+00:00,2025-07-29 14:35:00+00:00,2025-07-29 15:55:00+00:00,74220,74221,74237,0.05787,0.05878353419969933,0.05730823290015033,0.05878353419969933,take_profit,1.5785972001025383,1.4985972001025383,17
1000X,short,2025-07-29 19:35:00+00:00,2025-07-29 19:40:00+00:00,2025-07-29 21:00:00+00:00,74281,74282,74298,0.05713,0.057821182455350686,0.057821182455350686,0.05595763508929863,stop,-1.1953793160221382,-1.2753793160221383,17
1000X,short,2025-07-30 14:05:00+00:00,2025-07-30 14:10:00+00:00,2025-07-30 14:25:00+00:00,74503,74504,74507,0.0564,0.05689873716844872,0.05689873716844872,0.05540252566310256,stop,-0.8765346882343095,-0.9565346882343095,4
1000X,long,2025-07-30 15:45:00+00:00,2025-07-30 15:50:00+00:00,2025-07-30 16:10:00+00:00,74523,74524,74528,0.05718,0.056808126535294115,0.056808126535294115,0.05774374692941176,stop,-0.6503558319445379,-0.730355831944538,5
1000X,short,2025-07-30 17:10:00+00:00,2025-07-30 17:15:00+00:00,2025-07-30 17:35:00+00:00,74540,74541,74545,0.05629,0.05691228613650086,0.05691228613650086,0.05510542772699828,stop,-1.0934126508436837,-1.1734126508436837,5
1000X,short,2025-08-01 14:15:00+00:00,2025-08-01 14:20:00+00:00,2025-08-01 23:10:00+00:00,75081,75082,75188,0.05197,0.05287509739218759,0.05287509739218759,0.05027980521562482,stop,-1.7117649646567257,-1.7917649646567255,107
1000X,short,2025-08-02 15:15:00+00:00,2025-08-02 15:20:00+00:00,2025-08-02 16:05:00+00:00,75381,75382,75391,0.05136,0.05045343291054804,0.051843283544725983,0.05045343291054804,take_profit,1.7968392578147752,1.7168392578147753,10
1000X,long,2025-08-03 14:05:00+00:00,2025-08-03 14:10:00+00:00,2025-08-03 15:55:00+00:00,75655,75656,75677,0.05153,0.05183069514118762,0.05131965242940619,0.05183069514118762,take_profit,0.5835341377598002,0.5035341377598002,22
1000X,short,2025-08-04 15:10:00+00:00,2025-08-04 15:15:00+00:00,2025-08-04 16:35:00+00:00,75956,75957,75973,0.05366,0.054081983660708176,0.054081983660708176,0.05275603267858365,stop,-0.7802666103291611,-0.8602666103291612,17
1000X,short,2025-08-04 18:50:00+00:00,2025-08-04 18:55:00+00:00,2025-08-04 22:05:00+00:00,76000,76001,76039,0.05362,0.05302668180893082,0.05397665909553459,0.05302668180893082,take_profit,1.1189049942952556,1.0389049942952555,39
1000X,short,2025-08-05 15:50:00+00:00,2025-08-05 15:55:00+00:00,2025-08-05 16:40:00+00:00,76252,76253,76262,0.052,0.05134132124675506,0.05237433937662247,0.05134132124675506,take_profit,1.2829407916465918,1.2029407916465917,10
1000X,short,2025-08-07 14:05:00+00:00,2025-08-07 14:10:00+00:00,2025-08-07 14:45:00+00:00,76807,76808,76815,0.05106,0.051489912722656295,0.051489912722656295,0.050170174554687405,stop,-0.8349455260721839,-0.9149455260721839,8
1000X,long,2025-08-08 14:40:00+00:00,2025-08-08 14:45:00+00:00,2025-08-08 14:45:00+00:00,77102,77103,77103,0.05438,0.054087969471503856,0.054087969471503856,0.05499406105699229,stop,-0.5370182576243887,-0.6170182576243888,1
1000X,long,2025-08-08 16:45:00+00:00,2025-08-08 16:50:00+00:00,2025-08-08 20:45:00+00:00,77127,77128,77175,0.05446,0.05537798644898795,0.05397100677550603,0.05537798644898795,take_profit,1.685615954807096,1.605615954807096,48
1000X,short,2025-08-09 15:45:00+00:00,2025-08-09 15:50:00+00:00,2025-08-09 16:10:00+00:00,77403,77404,77408,0.05709,0.05747443733533531,0.05747443733533531,0.05620112532932937,stop,-0.6688840346401381,-0.7488840346401382,5
1000X,short,2025-08-09 17:15:00+00:00,2025-08-09 17:20:00+00:00,2025-08-09 17:25:00+00:00,77421,77422,77423,0.05711,0.05733266733416979,0.05733266733416979,0.05660466533166042,stop,-0.3883777687717749,-0.4683777687717749,2
1000X,short,2025-08-09 18:15:00+00:00,2025-08-09 18:20:00+00:00,2025-08-09 18:55:00+00:00,77433,77434,77441,0.0569,0.05741817984274981,0.05741817984274981,0.05592364031450038,stop,-0.9024665082887351,-0.9824665082887352,8
1000X,short,2025-08-10 14:50:00+00:00,2025-08-10 14:55:00+00:00,2025-08-10 16:15:00+00:00,77680,77681,77697,0.05679,0.057433907422189595,0.057433907422189595,0.055652185155620815,stop,-1.1211276597573483,-1.2011276597573484,17
1000X,short,2025-08-10 16:25:00+00:00,2025-08-10 16:30:00+00:00,2025-08-10 17:05:00+00:00,77699,77700,77707,0.05688,0.055486835240297155,0.05757658237985142,0.055486835240297155,take_profit,2.510802343780205,2.430802343780205,8
1000X,long,2025-08-11 14:20:00+00:00,2025-08-11 14:25:00+00:00,2025-08-11 16:15:00+00:00,77962,77963,77985,0.05672,0.056164774377095224,0.056164774377095224,0.057950451245809546,stop,-0.9788886158405785,-1.0588886158405786,23
1000X,short,2025-08-11 17:10:00+00:00,2025-08-11 17:15:00+00:00,2025-08-11 17:35:00+00:00,77996,77997,78001,0.0559,0.056212600000444216,0.056212600000444216,0.05506479999911156,stop,-0.5561030808782119,-0.636103080878212,5
1000X,short,2025-08-11 18:20:00+00:00,2025-08-11 18:25:00+00:00,2025-08-11 18:25:00+00:00,78010,78011,78011,0.05585,0.056119701707151075,0.056119701707151075,0.05525059658569784,stop,-0.4805829306763987,-0.5605829306763987,1
1000X,short,2025-08-12 14:15:00+00:00,2025-08-12 14:20:00+00:00,2025-08-12 15:45:00+00:00,78249,78250,78267,0.05408,0.05450417717350496,0.05450417717350496,0.05317164565299007,stop,-0.7782470913278106,-0.8582470913278106,18
1000X,short,2025-08-12 17:55:00+00:00,2025-08-12 18:00:00+00:00,2025-08-12 18:55:00+00:00,78293,78294,78305,0.05404,0.053365461832959205,0.0544372690835204,0.053365461832959205,take_profit,1.263997619194579,1.183997619194579,12
1000X,short,2025-08-13 14:40:00+00:00,2025-08-13 14:45:00+00:00,2025-08-13 15:05:00+00:00,78542,78543,78547,0.05547,0.055693425252961816,0.055693425252961816,0.054963149494076366,stop,-0.40116989024648886,-0.4811698902464889,5
1000X,short,2025-08-13 15:20:00+00:00,2025-08-13 15:25:00+00:00,2025-08-13 16:25:00+00:00,78550,78551,78563,0.05543,0.05583653523892113,0.05583653523892113,0.05449692952215774,stop,-0.7280810623037315,-0.8080810623037316,13
1000X,long,2025-08-13 17:15:00+00:00,2025-08-13 17:20:00+00:00,2025-08-13 17:45:00+00:00,78573,78574,78579,0.05616,0.05571277667665272,0.05571277667665272,0.057084446646694556,stop,-0.7963378264730814,-0.8763378264730814,6
1000X,short,2025-08-14 14:10:00+00:00,2025-08-14 14:15:00+00:00,2025-08-14 16:15:00+00:00,78824,78825,78849,0.05576,0.054494595944700845,0.05642270202764958,0.054494595944700845,take_profit,2.3220725529981667,2.2420725529981667,25
1000X,short,2025-08-15 14:10:00+00:00,2025-08-15 14:15:00+00:00,2025-08-15 15:00:00+00:00,79112,79113,79122,0.05176,0.05214224470019622,0.05214224470019622,0.05096551059960756,stop,-0.733080638154382,-0.813080638154382,10
1000X,long,2025-08-15 15:30:00+00:00,2025-08-15 15:35:00+00:00,2025-08-15 17:25:00+00:00,79128,79129,79151,0.05238,0.05309758471174712,0.05205120764412644,0.05309758471174712,take_profit,1.3699593580510205,1.2899593580510205,23
1000X,short,2025-08-17 14:30:00+00:00,2025-08-17 14:35:00+00:00,2025-08-18 00:00:00+00:00,79692,79693,79806,0.05337,0.05385887981862059,0.05385887981862059,0.05227224036275882,stop,-0.9077051365846911,-0.9877051365846912,114
1000X,short,2025-08-18 15:15:00+00:00,2025-08-18 15:20:00+00:00,2025-08-18 16:40:00+00:00,79989,79990,80006,0.05093,0.051273907813628665,0.051273907813628665,0.05027218437274267,stop,-0.6707267463964439,-0.750726746396444,17
1000X,short,2025-08-18 18:00:00+00:00,2025-08-18 18:05:00+00:00,2025-08-18 18:35:00+00:00,80022,80023,80029,0.05105,0.05137541723515259,0.05137541723515259,0.05018916552969481,stop,-0.6334103987187367,-0.7134103987187368,7
1000X,long,2025-08-19 14:25:00+00:00,2025-08-19 14:30:00+00:00,2025-08-19 16:10:00+00:00,80267,80268,80288,0.05191,0.051481351621754795,0.051481351621754795,0.0528272967564904,stop,-0.8257529921887885,-0.9057529921887886,21
1000X,long,2025-08-19 18:05:00+00:00,2025-08-19 18:10:00+00:00,2025-08-19 19:25:00+00:00,80311,80312,80327,0.05189,0.052535375733057346,0.051597312133471324,0.052535375733057346,take_profit,1.2437381635331368,1.1637381635331367,16
1000X,short,2025-08-20 15:00:00+00:00,2025-08-20 15:05:00+00:00,2025-08-21 00:05:00+00:00,80562,80563,80671,0.05471,0.0555781339541723,0.0555781339541723,0.05297373209165541,stop,-1.5620063006939522,-1.642006300693952,109
1000X,long,2025-08-22 15:15:00+00:00,2025-08-22 15:20:00+00:00,2025-08-22 15:30:00+00:00,81141,81142,81144,0.05375,0.05351685138492259,0.05351685138492259,0.05409629723015482,stop,-0.4337648652602888,-0.5137648652602889,3
1000X,long,2025-08-22 16:05:00+00:00,2025-08-22 16:10:00+00:00,2025-08-22 18:35:00+00:00,81151,81152,81181,0.05377,0.05347582703748337,0.05347582703748337,0.054538345925033274,stop,-0.5470949646952383,-0.6270949646952384,30
1000X,long,2025-08-23 14:35:00+00:00,2025-08-23 14:40:00+00:00,2025-08-23 17:25:00+00:00,81421,81422,81455,0.05707,0.0566955483374745,0.0566955483374745,0.057728903325051005,stop,-0.6561269713080464,-0.7361269713080465,34
1000X,long,2025-08-23 17:40:00+00:00,2025-08-23 17:45:00+00:00,2025-08-23 18:00:00+00:00,81458,81459,81462,0.05696,0.05666749007999701,0.05666749007999701,0.057665019840005986,stop,-0.5135356741625463,-0.5935356741625464,4
1000X,long,2025-08-23 18:50:00+00:00,2025-08-23 18:55:00+00:00,2025-08-23 19:05:00+00:00,81472,81473,81475,0.05704,0.056761701953982675,0.056761701953982675,0.05759659609203465,stop,-0.4878998001706214,-0.5678998001706215,3
1000X,short,2025-08-24 14:30:00+00:00,2025-08-24 14:35:00+00:00,2025-08-24 14:40:00+00:00,81708,81709,81710,0.05473,0.05497511100476731,0.05497511100476731,0.05429977799046538,stop,-0.44585813523151385,-0.5258581352315139,2
1000X,short,2025-08-24 14:50:00+00:00,2025-08-24 14:55:00+00:00,2025-08-24 15:30:00+00:00,81712,81713,81720,0.05476,0.054255835307832186,0.054952082346083904,0.054255835307832186,take_profit,0.9292358864393613,0.8492358864393612,8
1000X,short,2025-08-24 16:45:00+00:00,2025-08-24 16:50:00+00:00,2025-08-24 17:00:00+00:00,81735,81736,81738,0.05467,0.054260857140320896,0.05487457142983956,0.054260857140320896,take_profit,0.7540294813645154,0.6740294813645153,3
1000X,short,2025-08-24 17:20:00+00:00,2025-08-24 17:25:00+00:00,2025-08-24 17:35:00+00:00,81742,81743,81745,0.05473,0.05443625180559405,0.054906874097202976,0.05443625180559405,take_profit,0.5396187001540875,0.4596187001540875,3
1000X,short,2025-08-24 18:50:00+00:00,2025-08-24 18:55:00+00:00,2025-08-24 20:00:00+00:00,81760,81761,81774,0.0546,0.05391470568531874,0.054882647157340626,0.05391470568531874,take_profit,1.2710712336650554,1.1910712336650553,14
1000X,short,2025-08-25 14:05:00+00:00,2025-08-25 14:10:00+00:00,2025-08-25 17:00:00+00:00,81991,81992,82026,0.05358,0.05288123038152413,0.05400438480923793,0.05288123038152413,take_profit,1.3213944029562663,1.2413944029562662,35
1000X,long,2025-08-26 14:35:00+00:00,2025-08-26 14:40:00+00:00,2025-08-26 15:00:00+00:00,82285,82286,82290,0.05204,0.051800827687631536,0.051800827687631536,0.05245834462473692,stop,-0.45959322130758595,-0.539593221307586,5
1000X,long,2025-08-26 16:30:00+00:00,2025-08-26 16:35:00+00:00,2025-08-26 22:50:00+00:00,82308,82309,82384,0.05213,0.051541002818284644,0.051541002818284644,0.05330799436343072,stop,-1.129862232333323,-1.209862232333323,76
1000X,short,2025-08-27 14:35:00+00:00,2025-08-27 14:40:00+00:00,2025-08-27 17:45:00+00:00,82573,82574,82611,0.05263,0.0521234032844109,0.052853298357794544,0.0521234032844109,take_profit,0.9719179555963686,0.8919179555963686,38
1000X,long,2025-08-28 14:25:00+00:00,2025-08-28 14:30:00+00:00,2025-08-28 14:45:00+00:00,82859,82860,82863,0.05203,0.051809236415838136,0.051809236415838136,0.05259152716832372,stop,-0.4243005653697174,-0.5043005653697175,4
1000X,long,2025-08-28 17:30:00+00:00,2025-08-28 17:35:00+00:00,2025-08-28 18:20:00+00:00,82896,82897,82906,0.05207,0.05148187972191393,0.05148187972191393,0.05324624055617213,stop,-1.1294800808259398,-1.2094800808259398,10
1000X,short,2025-08-28 19:35:00+00:00,2025-08-28 19:40:00+00:00,2025-08-28 21:10:00+00:00,82921,82922,82940,0.05158,0.05176278735482661,0.05176278735482661,0.05109442529034679,stop,-0.35312502314380767,-0.4331250231438077,19
1000X,short,2025-08-29 14:30:00+00:00,2025-08-29 14:35:00+00:00,2025-08-29 15:40:00+00:00,83148,83149,83162,0.05046,0.05010930249777977,0.050650348751110116,0.05010930249777977,take_profit,0.6998650644473914,0.6198650644473913,14
1000X,long,2025-08-30 14:10:00+00:00,2025-08-30 14:15:00+00:00,2025-08-30 14:30:00+00:00,83432,83433,83436,0.049,0.048870996832880986,0.048870996832880986,0.04925800633423803,stop,-0.26327176963064636,-0.3432717696306464,4
1000X,long,2025-08-30 15:35:00+00:00,2025-08-30 15:40:00+00:00,2025-08-30 15:50:00+00:00,83449,83450,83452,0.04899,0.048878848231105804,0.048878848231105804,0.04927230353778839,stop,-0.2268866480795939,-0.3068866480795939,3
1000X,long,2025-08-30 16:10:00+00:00,2025-08-30 16:15:00+00:00,2025-08-30 19:00:00+00:00,83456,83457,83490,0.04908,0.04883112000697712,0.04883112000697712,0.04960775998604577,stop,-0.5070904503318707,-0.5870904503318708,34
1000X,short,2025-09-01 14:15:00+00:00,2025-09-01 14:20:00+00:00,2025-09-01 14:40:00+00:00,84009,84010,84014,0.04707,0.04739496831445261,0.04739496831445261,0.04627006337109477,stop,-0.685659946635131,-0.765659946635131,5
1000X,short,2025-09-01 15:05:00+00:00,2025-09-01 15:10:00+00:00,2025-09-01 15:35:00+00:00,84019,84020,84025,0.04704,0.04731275642001745,0.04731275642001745,0.0464944871599651,stop,-0.576496574403873,-0.6564965744038731,6
1000X,long,2025-09-02 14:15:00+00:00,2025-09-02 14:20:00+00:00,2025-09-02 14:30:00+00:00,84297,84298,84300,0.04808,0.047928863888876704,0.047928863888876704,0.048412272222246595,stop,-0.3143429931848907,-0.3943429931848907,3
1000X,short,2025-09-03 14:20:00+00:00,2025-09-03 14:25:00+00:00,2025-09-03 15:30:00+00:00,84586,84587,84600,0.04786,0.04803146921698407,0.04803146921698407,0.04745706156603186,stop,-0.3569934873519087,-0.43699348735190874,14
1000X,short,2025-09-03 16:05:00+00:00,2025-09-03 16:10:00+00:00,2025-09-03 16:30:00+00:00,84607,84608,84612,0.04783,0.048070086853401216,0.048070086853401216,0.04737982629319757,stop,-0.49945167383077527,-0.5794516738307753,5
1000X,long,2025-09-03 16:35:00+00:00,2025-09-03 16:40:00+00:00,2025-09-03 17:20:00+00:00,84613,84614,84622,0.04833,0.04796902570559744,0.04796902570559744,0.048991948588805116,stop,-0.7468948777209938,-0.8268948777209939,9
1000X,short,2025-09-04 14:15:00+00:00,2025-09-04 14:20:00+00:00,2025-09-05 01:10:00+00:00,84873,84874,85004,0.04772,0.046946366438937015,0.04810681678053149,0.046946366438937015,take_profit,1.6479093479348395,1.5679093479348396,131
1000X,long,2025-09-05 16:15:00+00:00,2025-09-05 16:20:00+00:00,2025-09-05 17:05:00+00:00,85185,85186,85195,0.04846,0.04877249953412058,0.048273750232939706,0.04877249953412058,take_profit,0.6448607802735706,0.5648607802735706,10
1000X,long,2025-09-05 18:45:00+00:00,2025-09-05 18:50:00+00:00,2025-09-05 21:10:00+00:00,85215,85216,85244,0.04848,0.04901476960579844,0.04824261519710078,0.04901476960579844,take_profit,1.1030726192212015,1.0230726192212014,29
1000X,short,2025-09-06 14:35:00+00:00,2025-09-06 14:40:00+00:00,2025-09-06 15:00:00+00:00,85453,85454,85458,0.04806,0.04765367869335823,0.04826316065332088,0.04765367869335823,take_profit,0.8526546486712361,0.772654648671236,5
1000X,short,2025-09-06 16:30:00+00:00,2025-09-06 16:35:00+00:00,2025-09-06 18:05:00+00:00,85476,85477,85495,0.04806,0.04754998432231506,0.048300007838842474,0.04754998432231506,take_profit,1.0725885296361426,0.9925885296361425,19
1000X,long,2025-09-07 14:40:00+00:00,2025-09-07 14:45:00+00:00,2025-09-07 16:10:00+00:00,85742,85743,85760,0.04867,0.048464320096932544,0.048464320096932544,0.04920135980613492,stop,-0.4226009925363816,-0.5026009925363817,18
1000X,long,2025-09-08 14:10:00+00:00,2025-09-08 14:15:00+00:00,2025-09-08 15:15:00+00:00,86024,86025,86037,0.0487,0.0483341619964044,0.0483341619964044,0.04937167600719121,stop,-0.7512073995802893,-0.8312073995802893,13
1000X,long,2025-09-08 15:30:00+00:00,2025-09-08 15:35:00+00:00,2025-09-09 03:00:00+00:00,86040,86041,86178,0.04885,0.05004016328656315,0.04831491835671843,0.05004016328656315,take_profit,2.4363629202930337,2.3563629202930336,138
1000X,long,2025-09-09 14:55:00+00:00,2025-09-09 15:00:00+00:00,2025-09-09 16:00:00+00:00,86321,86322,86334,0.05018,0.05075459727166921,0.04990770136416539,0.05075459727166921,take_profit,1.1450722831191973,1.0650722831191972,13
1000X,short,2025-09-10 14:05:00+00:00,2025-09-10 14:10:00+00:00,2025-09-10 16:10:00+00:00,86599,86600,86624,0.05195,0.05249838816550625,0.05249838816550625,0.050853223668987514,stop,-1.0445809569950892,-1.1245809569950893,25
1000X,short,2025-09-10 19:10:00+00:00,2025-09-10 19:15:00+00:00,2025-09-10 21:00:00+00:00,86660,86661,86682,0.05202,0.05307133335114547,0.05307133335114547,0.05006733329770905,stop,-1.9809816048700912,-2.0609816048700913,22
1000X,short,2025-09-11 16:05:00+00:00,2025-09-11 16:10:00+00:00,2025-09-11 16:20:00+00:00,86911,86912,86914,0.05049,0.050958286370046436,0.050958286370046436,0.04952342725990712,stop,-0.918960199418517,-0.9989601994185171,3
1000X,short,2025-09-11 16:55:00+00:00,2025-09-11 17:00:00+00:00,2025-09-11 17:05:00+00:00,86921,86922,86923,0.05006,0.05088245227792429,0.05088245227792429,0.04841509544415142,stop,-1.616377043763506,-1.696377043763506,2
1000X,long,2025-09-11 17:40:00+00:00,2025-09-11 17:45:00+00:00,2025-09-11 18:05:00+00:00,86930,86931,86935,0.05179,0.05119379602182984,0.05119379602182984,0.05271240795634032,stop,-1.1511951692800948,-1.2311951692800949,5
1000X,long,2025-09-13 18:20:00+00:00,2025-09-13 18:25:00+00:00,2025-09-13 22:45:00+00:00,87514,87515,87567,0.05315,0.052635550748144376,0.052635550748144376,0.054178898503711256,stop,-0.9679195707537613,-1.0479195707537614,53
1000X,long,2025-09-14 16:10:00+00:00,2025-09-14 16:15:00+00:00,2025-09-14 17:00:00+00:00,87776,87777,87786,0.05259,0.052079916825079994,0.052079916825079994,0.053640166349840014,stop,-0.9699242725233037,-1.0499242725233038,10
1000X,short,2025-09-14 17:05:00+00:00,2025-09-14 17:10:00+00:00,2025-09-14 17:40:00+00:00,87787,87788,87794,0.05191,0.052280681775892804,0.052280681775892804,0.051198636448214395,stop,-0.7090224597333661,-0.7890224597333662,7
1000X,short,2025-09-14 18:05:00+00:00,2025-09-14 18:10:00+00:00,2025-09-14 18:25:00+00:00,87799,87800,87803,0.052,0.0522829774575086,0.0522829774575086,0.0514040450849828,stop,-0.5412420471626489,-0.621242047162649,4
1000X,long,2025-09-15 14:15:00+00:00,2025-09-15 14:20:00+00:00,2025-09-15 15:25:00+00:00,88041,88042,88055,0.05191,0.051442666628743125,0.051442666628743125,0.05260466674251375,stop,-0.9002761919801094,-0.9802761919801095,14
1000X,short,2025-09-15 15:30:00+00:00,2025-09-15 15:35:00+00:00,2025-09-15 17:00:00+00:00,88056,88057,88074,0.05114,0.050018487697598826,0.051565756151200584,0.050018487697598826,take_profit,2.242195544138803,2.162195544138803,18
1000X,long,2025-09-16 14:05:00+00:00,2025-09-16 14:10:00+00:00,2025-09-16 16:45:00+00:00,88327,88328,88359,0.04933,0.04966148943545122,0.049119255282274385,0.04966148943545122,take_profit,0.67198344912065,0.5919834491206499,32
1000X,long,2025-09-17 14:35:00+00:00,2025-09-17 14:40:00+00:00,2025-09-17 17:15:00+00:00,88621,88622,88653,0.05063,0.05020714673266508,0.05020714673266508,0.05147570653466984,stop,-0.8351832260219627,-0.9151832260219628,32
1000X,short,2025-09-17 17:30:00+00:00,2025-09-17 17:35:00+00:00,2025-09-17 22:15:00+00:00,88656,88657,88713,0.05018,0.05038340089037074,0.05038340089037074,0.04962319821925853,stop,-0.40370615475782134,-0.48370615475782136,57
1000X,long,2025-09-18 18:50:00+00:00,2025-09-18 18:55:00+00:00,2025-09-18 19:20:00+00:00,88960,88961,88966,0.05132,0.0510563051429409,0.0510563051429409,0.05196738971411821,stop,-0.5138247409569363,-0.5938247409569364,6
1000X,short,2025-09-19 15:25:00+00:00,2025-09-19 15:30:00+00:00,2025-09-19 15:40:00+00:00,89207,89208,89210,0.05034,0.05059915018251481,0.05059915018251481,0.04988169963497038,stop,-0.5121631125819981,-0.5921631125819982,3
1000X,short,2025-09-19 15:45:00+00:00,2025-09-19 15:50:00+00:00,2025-09-19 18:40:00+00:00,89211,89212,89246,0.05038,0.049662529239753984,0.05067873538012301,0.049662529239753984,take_profit,1.4446923489987995,1.3646923489987994,35
1000X,long,2025-09-20 14:10:00+00:00,2025-09-20 14:15:00+00:00,2025-09-20 17:50:00+00:00,89480,89481,89524,0.0487,0.04849975638044424,0.04849975638044424,0.049160487239111525,stop,-0.41117786356419384,-0.49117786356419385,44
1000X,short,2025-09-21 14:05:00+00:00,2025-09-21 14:10:00+00:00,2025-09-21 14:15:00+00:00,89767,89768,89769,0.04904,0.049216249450661664,0.049216249450661664,0.04856750109867668,stop,-0.3581123158081123,-0.43811231580811233,2
1000X,long,2025-09-21 15:15:00+00:00,2025-09-21 15:20:00+00:00,2025-09-21 16:00:00+00:00,89781,89782,89790,0.04934,0.04900092457244378,0.04900092457244378,0.05010815085511243,stop,-0.6872221879939633,-0.7672221879939634,9
1000X,long,2025-09-21 16:20:00+00:00,2025-09-21 16:25:00+00:00,2025-09-21 17:00:00+00:00,89794,89795,89802,0.0493,0.049055728746358156,0.049055728746358156,0.0498485425072837,stop,-0.4954792163120558,-0.5754792163120559,8
1000X,short,2025-09-22 14:30:00+00:00,2025-09-22 14:35:00+00:00,2025-09-22 14:55:00+00:00,90060,90061,90065,0.04632,0.04580238727935887,0.04653380636032056,0.04580238727935887,take_profit,1.1300998733627,1.0500998733626998,5
1000X,long,2025-09-24 14:40:00+00:00,2025-09-24 14:45:00+00:00,2025-09-25 06:55:00+00:00,90638,90639,90833,0.04405,0.04366294365705387,0.04366294365705387,0.044764112685892254,stop,-0.8786750123635056,-0.9586750123635057,195
1000X,long,2025-09-26 14:05:00+00:00,2025-09-26 14:10:00+00:00,2025-09-26 15:10:00+00:00,91207,91208,91220,0.04208,0.0419162020466683,0.0419162020466683,0.042467595906663394,stop,-0.38925369137761123,-0.46925369137761125,13
1000X,long,2025-09-26 15:15:00+00:00,2025-09-26 15:20:00+00:00,2025-09-26 15:50:00+00:00,91221,91222,91228,0.04228,0.04190866426787819,0.04190866426787819,0.042992671464243626,stop,-0.8782775121140229,-0.958277512114023,7
1000X,long,2025-09-26 16:05:00+00:00,2025-09-26 16:10:00+00:00,2025-09-26 16:30:00+00:00,91231,91232,91236,0.04207,0.041923962789852554,0.041923962789852554,0.0423620744202949,stop,-0.3471290947170136,-0.4271290947170136,5
1000X,short,2025-09-27 14:05:00+00:00,2025-09-27 14:10:00+00:00,2025-09-27 14:15:00+00:00,91495,91496,91497,0.04177,0.04184434503056501,0.04184434503056501,0.04159130993886998,stop,-0.1776704367357218,-0.2576704367357218,2
1000X,short,2025-09-27 16:35:00+00:00,2025-09-27 16:40:00+00:00,2025-09-28 00:45:00+00:00,91525,91526,91623,0.04182,0.04191763240924296,0.04191763240924296,0.04150473518151407,stop,-0.23291489435703916,-0.3129148943570392,98
1000X,short,2025-09-28 14:05:00+00:00,2025-09-28 14:10:00+00:00,2025-09-28 14:20:00+00:00,91783,91784,91786,0.04085,0.04101395589193995,0.04101395589193995,0.04058208821612009,stop,-0.39975634725879505,-0.47975634725879507,3
1000X,short,2025-09-29 15:00:00+00:00,2025-09-29 15:05:00+00:00,2025-09-29 17:00:00+00:00,92082,92083,92106,0.04246,0.04291486848636253,0.04291486848636253,0.04176026302727494,stop,-1.0599321456783217,-1.1399321456783218,24
1000X,short,2025-09-29 18:35:00+00:00,2025-09-29 18:40:00+00:00,2025-09-29 19:15:00+00:00,92125,92126,92133,0.04256,0.04273074360959002,0.04273074360959002,0.042158512780819966,stop,-0.3995802440276197,-0.47958024402761973,8
1000X,short,2025-09-30 14:15:00+00:00,2025-09-30 14:20:00+00:00,2025-09-30 18:00:00+00:00,92361,92362,92406,0.0421,0.04155856108804974,0.04235571945597513,0.04155856108804974,take_profit,1.3028336346947,1.2228336346947,45
1000X,long,2025-10-01 14:35:00+00:00,2025-10-01 14:40:00+00:00,2025-10-01 15:50:00+00:00,92653,92654,92668,0.04194,0.04136223207162563,0.04136223207162563,0.043215535856748755,stop,-1.3776059331768509,-1.457605933176851,15
1000X,short,2025-10-01 17:05:00+00:00,2025-10-01 17:10:00+00:00,2025-10-01 17:30:00+00:00,92683,92684,92688,0.04112,0.041567529055791905,0.041567529055791905,0.0402849418884162,stop,-1.0766313657740723,-1.1566313657740723,5
1000X,long,2025-10-01 17:50:00+00:00,2025-10-01 17:55:00+00:00,2025-10-01 21:40:00+00:00,92692,92693,92738,0.04196,0.04167823825313523,0.04167823825313523,0.04249352349372955,stop,-0.6715008266557909,-0.751500826655791,46
1000X,long,2025-10-02 19:15:00+00:00,2025-10-02 19:20:00+00:00,2025-10-02 19:35:00+00:00,92997,92998,93001,0.04338,0.044283507723361204,0.0429882461383194,0.044283507723361204,take_profit,2.082774834857548,2.002774834857548,4
1000X,long,2025-10-03 14:10:00+00:00,2025-10-03 14:15:00+00:00,2025-10-03 14:45:00+00:00,93224,93225,93231,0.04299,0.04275652043295409,0.04275652043295409,0.043426959134091815,stop,-0.5431020401161057,-0.6231020401161058,7
1000X,long,2025-10-03 15:10:00+00:00,2025-10-03 15:15:00+00:00,2025-10-03 15:50:00+00:00,93236,93237,93244,0.04299,0.04271668892059233,0.04271668892059233,0.04353662215881535,stop,-0.6357550114158506,-0.7157550114158506,8
1000X,short,2025-10-03 16:00:00+00:00,2025-10-03 16:05:00+00:00,2025-10-03 16:10:00+00:00,93246,93247,93248,0.04265,0.042243245694886224,0.04285337715255689,0.042243245694886224,take_profit,0.962886015084341,0.882886015084341,2
1000X,short,2025-10-03 18:00:00+00:00,2025-10-03 18:05:00+00:00,2025-10-03 18:20:00+00:00,93270,93271,93274,0.04269,0.0428071725358865,0.0428071725358865,0.042335654928227,stop,-0.2737217362073441,-0.3537217362073441,4
1000X,short,2025-10-04 19:55:00+00:00,2025-10-04 20:00:00+00:00,2025-10-04 22:05:00+00:00,93581,93582,93607,0.04261,0.042866238960009115,0.042866238960009115,0.042097522079981776,stop,-0.5977640358142078,-0.6777640358142079,26
1000X,long,2025-10-05 14:05:00+00:00,2025-10-05 14:10:00+00:00,2025-10-05 20:20:00+00:00,93799,93800,93874,0.04251,0.04222865653028864,0.04222865653028864,0.043042686939422724,stop,-0.6618289101655073,-0.7418289101655073,75
1000X,short,2025-10-06 14:10:00+00:00,2025-10-06 14:15:00+00:00,2025-10-06 14:40:00+00:00,94088,94089,94094,0.04193,0.0421750497524738,0.0421750497524738,0.0414699004950524,stop,-0.5810301443910482,-0.6610301443910482,6
1000X,long,2025-10-06 15:10:00+00:00,2025-10-06 15:15:00+00:00,2025-10-06 15:40:00+00:00,94100,94101,94106,0.04235,0.04268956036609793,0.042120219816951035,0.04268956036609793,take_profit,0.801795433525232,0.7217954335252319,6
1000X,long,2025-10-06 16:55:00+00:00,2025-10-06 17:00:00+00:00,2025-10-06 18:05:00+00:00,94121,94122,94135,0.04235,0.04282769381753347,0.04209615309123327,0.04282769381753347,take_profit,1.1279665112950976,1.0479665112950975,14
1000X,short,2025-10-07 14:05:00+00:00,2025-10-07 14:10:00+00:00,2025-10-07 15:05:00+00:00,94375,94376,94387,0.04323,0.043504583984834484,0.043504583984834484,0.04259083203033104,stop,-0.6311610402485512,-0.7111610402485513,12
1000X,short,2025-10-07 15:20:00+00:00,2025-10-07 15:25:00+00:00,2025-10-07 20:05:00+00:00,94390,94391,94447,0.04321,0.04254134413226421,0.04360432793386789,0.04254134413226421,take_profit,1.5717788926858711,1.491778892685871,57
1000X,short,2025-10-08 14:05:00+00:00,2025-10-08 14:10:00+00:00,2025-10-08 16:05:00+00:00,94663,94664,94687,0.04158,0.041773512549488634,0.041773512549488634,0.04119297490102273,stop,-0.4632422261819258,-0.5432422261819259,24
1000X,long,2025-10-08 16:45:00+00:00,2025-10-08 16:50:00+00:00,2025-10-08 17:55:00+00:00,94695,94696,94709,0.0418,0.04162954976049803,0.04162954976049803,0.042140900479003936,stop,-0.40777569258844126,-0.4877756925884413,14
1000X,long,2025-10-08 18:00:00+00:00,2025-10-08 18:05:00+00:00,2025-10-08 18:25:00+00:00,94710,94711,94715,0.04181,0.04151226215309714,0.04151226215309714,0.04240547569380572,stop,-0.7121211358595114,-0.7921211358595115,5
1000X,short,2025-10-09 17:05:00+00:00,2025-10-09 17:10:00+00:00,2025-10-09 23:30:00+00:00,94987,94988,95064,0.04086,0.04002819845383535,0.041275900773082325,0.04002819845383535,take_profit,2.0780389282919254,1.9980389282919255,77
1000X,long,2025-10-11 15:15:00+00:00,2025-10-11 15:20:00+00:00,2025-10-11 15:50:00+00:00,95541,95542,95548,0.03105,0.030138102430989307,0.030138102430989307,0.03287379513802139,stop,-2.936868177168095,-3.016868177168095,7
1000X,long,2025-10-11 16:20:00+00:00,2025-10-11 16:25:00+00:00,2025-10-11 22:15:00+00:00,95554,95555,95625,0.03081,0.03232241566617561,0.030068792166912196,0.03232241566617561,take_profit,4.90884669320224,4.82884669320224,71
1000X,long,2025-10-12 17:00:00+00:00,2025-10-12 17:05:00+00:00,2025-10-12 18:00:00+00:00,95850,95851,95862,0.03207,0.031843227103130436,0.031843227103130436,0.03252354579373913,stop,-0.7071184810401143,-0.7871184810401144,12
1000X,long,2025-10-12 19:00:00+00:00,2025-10-12 19:05:00+00:00,2025-10-12 21:20:00+00:00,95874,95875,95902,0.03208,0.032437833796295945,0.031901083101852024,0.032437833796295945,take_profit,1.115442008403833,1.035442008403833,28
1000X,long,2025-10-13 15:30:00+00:00,2025-10-13 15:35:00+00:00,2025-10-13 20:00:00+00:00,96120,96121,96174,0.03586,0.035450450768824096,0.035450450768824096,0.0366190984623518,stop,-1.1420781683656123,-1.2220781683656123,54
1000X,short,2025-10-14 14:50:00+00:00,2025-10-14 14:55:00+00:00,2025-10-14 15:30:00+00:00,96400,96401,96408,0.03489,0.033813355829435905,0.035368322085282046,0.033813355829435905,take_profit,3.1840796163356,3.1040796163356,8
1000X,long,2025-10-15 17:20:00+00:00,2025-10-15 17:25:00+00:00,2025-10-15 17:30:00+00:00,96718,96719,96720,0.03511,0.03574446073182225,0.034807769634088874,0.03574446073182225,take_profit,1.8070655990380047,1.7270655990380048,2
1000X,short,2025-10-15 19:00:00+00:00,2025-10-15 19:05:00+00:00,2025-10-15 21:00:00+00:00,96738,96739,96762,0.03448,0.034975907500303216,0.034975907500303216,0.03336818499939356,stop,-1.4178545625983308,-1.4978545625983308,24
1000X,long,2025-10-16 14:05:00+00:00,2025-10-16 14:10:00+00:00,2025-10-16 18:30:00+00:00,96967,96968,97020,0.03374,0.03324412369515141,0.03324412369515141,0.03464175260969717,stop,-1.4696985917267091,-1.5496985917267092,53
1000X,long,2025-10-16 18:45:00+00:00,2025-10-16 18:50:00+00:00,2025-10-16 23:15:00+00:00,97023,97024,97077,0.03414,0.03328162140022596,0.03328162140022596,0.03564675719954809,stop,-2.514289981763429,-2.594289981763429,54
1000X,long,2025-10-18 14:10:00+00:00,2025-10-18 14:15:00+00:00,2025-10-18 14:20:00+00:00,97544,97545,97546,0.03254,0.03289253356773795,0.032333733216131026,0.03289253356773795,take_profit,1.0833852727042181,1.003385272704218,2
1000X,short,2025-10-19 14:25:00+00:00,2025-10-19 14:30:00+00:00,2025-10-19 15:35:00+00:00,97835,97836,97849,0.03284,0.03248535471193234,0.03300232264403383,0.03248535471193234,take_profit,1.0917082211738816,1.0117082211738815,14
1000X,short,2025-10-19 17:20:00+00:00,2025-10-19 17:25:00+00:00,2025-10-19 19:25:00+00:00,97870,97871,97895,0.03273,0.03314377727095069,0.03314377727095069,0.03190244545809862,stop,-1.248431244176118,-1.3284312441761181,25
1000X,long,2025-10-19 19:55:00+00:00,2025-10-19 20:00:00+00:00,2025-10-19 22:55:00+00:00,97901,97902,97937,0.03303,0.03372935685626226,0.032740321571868874,0.03372935685626226,take_profit,2.1173383477513186,2.0373383477513185,36
1000X,long,2025-10-20 14:50:00+00:00,2025-10-20 14:55:00+00:00,2025-10-20 18:15:00+00:00,98128,98129,98169,0.03414,0.033904984694223955,0.033904984694223955,0.0346700306115521,stop,-0.6883869530639797,-0.7683869530639797,41
1000X,long,2025-10-20 19:00:00+00:00,2025-10-20 19:05:00+00:00,2025-10-20 21:20:00+00:00,98178,98179,98206,0.03407,0.03437406197161172,0.033917969014194145,0.03437406197161172,take_profit,0.8924624937238557,0.8124624937238556,28
1000X,short,2025-10-21 15:10:00+00:00,2025-10-21 15:15:00+00:00,2025-10-21 15:20:00+00:00,98420,98421,98422,0.03226,0.032429909181473766,0.032429909181473766,0.03189018163705247,stop,-0.5239274045541698,-0.6039274045541698,2
1000X,short,2025-10-22 14:15:00+00:00,2025-10-22 14:20:00+00:00,2025-10-22 14:25:00+00:00,98697,98698,98699,0.03332,0.032723004260322444,0.033633497869838776,0.032723004260322444,take_profit,1.8243915959801793,1.7443915959801795,2
1000X,short,2025-10-22 15:40:00+00:00,2025-10-22 15:45:00+00:00,2025-10-22 16:05:00+00:00,98714,98715,98719,0.03338,0.032922901975280416,0.03359354901235979,0.032922901975280416,take_profit,1.388389228454967,1.308389228454967,5
1000X,short,2025-10-22 17:00:00+00:00,2025-10-22 17:05:00+00:00,2025-10-22 20:00:00+00:00,98730,98731,98766,0.03324,0.032618326270295414,0.03358083686485229,0.032618326270295414,take_profit,1.9059032169615797,1.8259032169615799,36
1000X,long,2025-10-23 14:30:00+00:00,2025-10-23 14:35:00+00:00,2025-10-23 15:15:00+00:00,98988,98989,98997,0.03301,0.03339758284487932,0.03278620857756034,0.03339758284487932,take_profit,1.174137670037334,1.094137670037334,9
1000X,short,2025-10-25 14:15:00+00:00,2025-10-25 14:20:00+00:00,2025-10-25 16:15:00+00:00,99561,99562,99585,0.03327,0.033347670739842114,0.033347670739842114,0.033114658520315775,stop,-0.23291203888886614,-0.31291203888886615,24
1000X,long,2025-10-25 16:20:00+00:00,2025-10-25 16:25:00+00:00,2025-10-25 17:25:00+00:00,99586,99587,99599,0.03351,0.0338668123201735,0.03330159383991325,0.0338668123201735,take_profit,1.0647935546806986,0.9847935546806985,13
1000X,long,2025-10-25 19:20:00+00:00,2025-10-25 19:25:00+00:00,2025-10-25 20:05:00+00:00,99622,99623,99631,0.03351,0.033303189570180795,0.033303189570180795,0.033923620859638404,stop,-0.6171603396574188,-0.6971603396574189,9
1000X,long,2025-10-26 14:45:00+00:00,2025-10-26 14:50:00+00:00,2025-10-26 15:00:00+00:00,99855,99856,99858,0.0337,0.03359101798021259,0.03359101798021259,0.03406796403957482,stop,-0.3233887827519544,-0.4033887827519544,3
1000X,long,2025-10-26 15:45:00+00:00,2025-10-26 15:50:00+00:00,2025-10-26 18:25:00+00:00,99867,99868,99899,0.03372,0.034068233303003854,0.03357588334849807,0.034068233303003854,take_profit,1.0327203529177265,0.9527203529177264,32
1000X,short,2025-10-27 16:25:00+00:00,2025-10-27 16:30:00+00:00,2025-10-27 17:15:00+00:00,100163,100164,100173,0.03469,0.03425767340494007,0.03489116329752997,0.03425767340494007,take_profit,1.2619846944935453,1.1819846944935453,10
1000X,short,2025-10-28 14:30:00+00:00,2025-10-28 14:35:00+00:00,2025-10-28 16:00:00+00:00,100428,100429,100446,0.0335,0.03382332284868366,0.03382332284868366,0.03288335430263267,stop,-0.9559168687539032,-1.0359168687539033,18
1000X,short,2025-10-28 16:50:00+00:00,2025-10-28 16:55:00+00:00,2025-10-28 20:20:00+00:00,100456,100457,100498,0.03354,0.03380078170179785,0.03380078170179785,0.03298843659640429,stop,-0.7715256531596104,-0.8515256531596105,42
1000X,long,2025-10-30 16:10:00+00:00,2025-10-30 16:15:00+00:00,2025-10-30 18:15:00+00:00,101024,101025,101049,0.03251,0.032116918316271975,0.032116918316271975,0.03332616336745605,stop,-1.2091100699108681,-1.2891100699108682,25
1000X,long,2025-10-31 14:05:00+00:00,2025-10-31 14:10:00+00:00,2025-11-03 13:00:00+00:00,101287,101288,102138,0.0336,0.030832142813943086,0.030832142813943086,0.03943571437211383,stop,-8.237670196597946,-8.317670196597945,851
1000X,short,2025-11-03 17:35:00+00:00,2025-11-03 17:40:00+00:00,2025-11-03 17:50:00+00:00,102193,102194,102196,0.03101,0.03130176318685422,0.03130176318685422,0.030336473626291556,stop,-0.9320982499054775,-1.0120982499054776,3
1000X,short,2025-11-03 19:40:00+00:00,2025-11-03 19:45:00+00:00,2025-11-03 20:15:00+00:00,102218,102219,102225,0.03099,0.03122605701663889,0.03122605701663889,0.03054788596672222,stop,-0.7559616525170232,-0.8359616525170233,7
1000X,long,2025-11-04 15:10:00+00:00,2025-11-04 15:15:00+00:00,2025-11-04 16:05:00+00:00,102452,102453,102463,0.02984,0.02914072860689762,0.02914072860689762,0.03129854278620477,stop,-2.3434027918980527,-2.4234027918980527,11
1000X,long,2025-11-04 17:30:00+00:00,2025-11-04 17:35:00+00:00,2025-11-05 02:05:00+00:00,102480,102481,102583,0.02968,0.029292852005856924,0.029292852005856924,0.030724295988286156,stop,-1.304406988352691,-1.384406988352691,103
1000X,long,2025-11-05 15:15:00+00:00,2025-11-05 15:20:00+00:00,2025-11-05 17:15:00+00:00,102741,102742,102765,0.03013,0.029839558633527205,0.029839558633527205,0.030650882732945594,stop,-0.9639607251005544,-1.0439607251005545,24
1000X,long,2025-11-05 18:35:00+00:00,2025-11-05 18:40:00+00:00,2025-11-05 22:45:00+00:00,102781,102782,102831,0.0302,0.03068711073747342,0.02989644463126329,0.03068711073747342,take_profit,1.6129494618325024,1.5329494618325024,50
1000X,short,2025-11-06 16:15:00+00:00,2025-11-06 16:20:00+00:00,2025-11-06 16:20:00+00:00,103041,103042,103042,0.02985,0.030182145172344625,0.030182145172344625,0.029245709655310752,stop,-1.1004690702003606,-1.1804690702003606,1
1000X,long,2025-11-07 15:15:00+00:00,2025-11-07 15:20:00+00:00,2025-11-07 15:55:00+00:00,103317,103318,103325,0.03069,0.03052622281838719,0.03052622281838719,0.031047554363225625,stop,-0.5336499889632029,-0.613649988963203,8
1000X,long,2025-11-07 16:05:00+00:00,2025-11-07 16:10:00+00:00,2025-11-07 18:05:00+00:00,103327,103328,103351,0.03069,0.03049513200900767,0.03049513200900767,0.031139735981984662,stop,-0.6349559823796924,-0.7149559823796925,24
1000X,short,2025-11-08 15:10:00+00:00,2025-11-08 15:15:00+00:00,2025-11-08 15:35:00+00:00,103604,103605,103609,0.0309,0.031398504932046455,0.031398504932046455,0.029902990135907092,stop,-1.5876709197630068,-1.6676709197630066,5
1000X,long,2025-11-08 16:45:00+00:00,2025-11-08 16:50:00+00:00,2025-11-08 17:15:00+00:00,103623,103624,103629,0.0317,0.03146097630695175,0.03146097630695175,0.032208047386096506,stop,-0.7540179591427387,-0.8340179591427388,6
1000X,long,2025-11-08 17:30:00+00:00,2025-11-08 17:35:00+00:00,2025-11-08 18:15:00+00:00,103632,103633,103641,0.03177,0.03141311956253531,0.03141311956253531,0.03245376087492936,stop,-1.1233252674368477,-1.2033252674368478,9
1000X,long,2025-11-09 15:15:00+00:00,2025-11-09 15:20:00+00:00,2025-11-09 18:15:00+00:00,103893,103894,103929,0.03111,0.030738637178808023,0.030738637178808023,0.03188272564238395,stop,-1.1937088434329057,-1.2737088434329058,36
1000X,short,2025-11-09 18:25:00+00:00,2025-11-09 18:30:00+00:00,2025-11-09 18:55:00+00:00,103931,103932,103937,0.03075,0.031044321704275103,0.031044321704275103,0.030161356591449792,stop,-0.9480693670126938,-1.028069367012694,6
1000X,long,2025-11-09 20:00:00+00:00,2025-11-09 20:05:00+00:00,2025-11-09 23:25:00+00:00,103950,103951,103991,0.03112,0.03178275687673117,0.030758621561634412,0.03178275687673117,take_profit,2.129681480498613,2.049681480498613,41
1000X,short,2025-11-10 15:30:00+00:00,2025-11-10 15:35:00+00:00,2025-11-10 16:00:00+00:00,104184,104185,104190,0.03172,0.031825300855900726,0.031825300855900726,0.031419398288198556,stop,-0.3308715175310062,-0.4108715175310062,6
1000X,long,2025-11-10 16:05:00+00:00,2025-11-10 16:10:00+00:00,2025-11-10 16:30:00+00:00,104191,104192,104196,0.03203,0.031744653036990395,0.031744653036990395,0.03260069392601922,stop,-0.890874064969116,-0.9708740649691161,5
1000X,short,2025-11-10 16:55:00+00:00,2025-11-10 17:00:00+00:00,2025-11-10 17:40:00+00:00,104201,104202,104210,0.03174,0.03140793499559637,0.03187603250220181,0.03140793499559637,take_profit,1.0572646831133126,0.9772646831133125,9
1000X,short,2025-11-10 19:05:00+00:00,2025-11-10 19:10:00+00:00,2025-11-10 19:35:00+00:00,104227,104228,104233,0.03166,0.031871926308634176,0.031871926308634176,0.03120614738273164,stop,-0.6649309695999306,-0.7449309695999307,6
1000X,short,2025-11-11 15:40:00+00:00,2025-11-11 15:45:00+00:00,2025-11-19 00:00:00+00:00,104474,104475,104848,0.03157,0.029190360833594095,0.032759819583202954,0.029190360833594095,take_profit,8.152140290322363,8.072140290322363,374
