symbol,side,signal_time,entry_time,exit_time,signal_i,entry_i,exit_i,entry_price,exit_price,stop_loss,take_profit,exit_reason,gross_return_pct,net_return_pct,bars_held
1000XEC,short,2021-09-17 14:25:00+00:00,2021-09-17 14:30:00+00:00,2021-09-17 19:20:00+00:00,23,24,82,0.24114,0.23037524779428084,0.2460423761028596,0.23037524779428084,take_profit,4.672703473478967,4.592703473478967,59
1000XEC,long,2021-09-18 14:05:00+00:00,2021-09-18 14:10:00+00:00,2021-09-18 18:25:00+00:00,307,308,359,0.2393,0.23531612100753554,0.23531612100753554,0.2472077579849289,stop,-1.664805262208302,-1.744805262208302,52
1000XEC,short,2021-09-19 19:15:00+00:00,2021-09-19 19:20:00+00:00,2021-09-19 20:35:00+00:00,657,658,673,0.22977,0.2269286144464038,0.2311906927767981,0.2269286144464038,take_profit,1.2521054519844421,1.172105451984442,16
1000XEC,short,2021-09-20 16:25:00+00:00,2021-09-20 16:30:00+00:00,2021-09-20 20:25:00+00:00,911,912,959,0.2215,0.21290528307896378,0.22576735846051812,0.21290528307896378,take_profit,4.036873485120873,3.956873485120873,48
1000XEC,short,2021-09-21 14:20:00+00:00,2021-09-21 14:25:00+00:00,2021-09-21 14:35:00+00:00,1174,1175,1177,0.20411,0.2066097761221302,0.2066097761221302,0.1985404477557396,stop,-1.2099021493796713,-1.2899021493796714,3
1000XEC,long,2021-09-21 14:50:00+00:00,2021-09-21 14:55:00+00:00,2021-09-22 02:20:00+00:00,1180,1181,1318,0.20907,0.20352247653184963,0.20352247653184963,0.22016504693630076,stop,-2.6534287406851154,-2.7334287406851154,138
1000XEC,long,2021-09-22 14:20:00+00:00,2021-09-22 14:25:00+00:00,2021-09-22 16:30:00+00:00,1462,1463,1488,0.21099,0.21704697818184704,0.2075415109090765,0.21704697818184704,take_profit,2.8707418275022656,2.7907418275022655,26
1000XEC,short,2021-09-23 14:05:00+00:00,2021-09-23 14:10:00+00:00,2021-09-23 18:35:00+00:00,1747,1748,1801,0.22821,0.2242804395001265,0.23020478024993674,0.2242804395001265,take_profit,1.7520745494487455,1.6720745494487457,54
1000XEC,short,2021-09-24 14:15:00+00:00,2021-09-24 14:20:00+00:00,2021-09-24 15:05:00+00:00,2037,2038,2047,0.22301,0.22425920845662403,0.22425920845662403,0.22051158308675198,stop,-0.5570377534198978,-0.6370377534198979,10
1000XEC,short,2021-09-24 18:00:00+00:00,2021-09-24 18:05:00+00:00,2021-09-24 18:15:00+00:00,2082,2083,2085,0.22111,0.21460571294508857,0.2242271435274557,0.21460571294508857,take_profit,3.030807971349625,2.950807971349625,3
1000XEC,short,2021-09-25 14:10:00+00:00,2021-09-25 14:15:00+00:00,2021-09-25 17:30:00+00:00,2324,2325,2364,0.21489,0.20816189190235138,0.2176690540488243,0.20816189190235138,take_profit,3.232151685479856,3.152151685479856,40
1000XEC,short,2021-09-26 14:20:00+00:00,2021-09-26 14:25:00+00:00,2021-09-26 16:30:00+00:00,2614,2615,2640,0.20931,0.2065978962250156,0.21081605188749222,0.2065978962250156,take_profit,1.3127451075448215,1.2327451075448215,26
1000XEC,long,2021-09-26 18:45:00+00:00,2021-09-26 18:50:00+00:00,2021-09-27 00:50:00+00:00,2667,2668,2740,0.21109,0.22253889615236444,0.2053805519238178,0.22253889615236444,take_profit,5.423703705701088,5.343703705701088,73
1000XEC,long,2021-09-27 16:05:00+00:00,2021-09-27 16:10:00+00:00,2021-09-27 16:55:00+00:00,2923,2924,2933,0.24037,0.23816432470943041,0.23816432470943041,0.2453213505811392,stop,-0.917616711973035,-0.997616711973035,10
1000XEC,short,2021-09-28 14:10:00+00:00,2021-09-28 14:15:00+00:00,2021-09-28 15:20:00+00:00,3188,3189,3202,0.23202,0.22846533029517213,0.23387233485241393,0.22846533029517213,take_profit,1.5558902089149784,1.4758902089149784,14
1000XEC,long,2021-09-28 16:00:00+00:00,2021-09-28 16:05:00+00:00,2021-09-30 09:35:00+00:00,3210,3211,3709,0.24711,0.22423025363267962,0.22423025363267962,0.29238949273464077,stop,-9.258931798519033,-9.338931798519031,499
1000XEC,long,2021-09-30 14:05:00+00:00,2021-09-30 14:10:00+00:00,2021-09-30 14:50:00+00:00,3763,3764,3772,0.25353,0.24855041022883825,0.24855041022883825,0.26429917954232357,stop,-1.9641027772499209,-2.044102777249921,9
1000XEC,long,2021-10-01 14:30:00+00:00,2021-10-01 14:35:00+00:00,2021-10-01 15:20:00+00:00,4056,4057,4066,0.24352,0.24226390030059872,0.24226390030059872,0.24597219939880255,stop,-0.5158096663112954,-0.5958096663112955,10
1000XEC,short,2021-10-01 15:35:00+00:00,2021-10-01 15:40:00+00:00,2021-10-01 16:25:00+00:00,4069,4070,4079,0.2407,0.24286907938963853,0.24286907938963853,0.23639184122072296,stop,-0.8931064403462585,-0.9731064403462586,10
1000XEC,long,2021-10-01 17:00:00+00:00,2021-10-01 17:05:00+00:00,2021-10-01 17:05:00+00:00,4086,4087,4087,0.2435,0.246328671111665,0.2420856644441675,0.246328671111665,take_profit,1.1616719144414756,1.0816719144414755,1
1000XEC,long,2021-10-01 18:15:00+00:00,2021-10-01 18:20:00+00:00,2021-10-01 19:05:00+00:00,4101,4102,4111,0.24385,0.24698685086148245,0.24204157456925876,0.24698685086148245,take_profit,1.286385426074399,1.206385426074399,10
1000XEC,short,2021-10-03 18:00:00+00:00,2021-10-03 18:05:00+00:00,2021-10-03 19:15:00+00:00,4674,4675,4689,0.24263,0.24427445190407007,0.24427445190407007,0.23895109619185984,stop,-0.6731984827933912,-0.7531984827933913,15
1000XEC,short,2021-10-06 16:10:00+00:00,2021-10-06 16:15:00+00:00,2021-10-06 17:05:00+00:00,5516,5517,5527,0.2221,0.21752420153369859,0.2245528992331507,0.21752420153369859,take_profit,2.1035813183263308,2.0235813183263307,11
1000XEC,short,2021-10-07 14:10:00+00:00,2021-10-07 14:15:00+00:00,2021-10-07 15:00:00+00:00,5780,5781,5790,0.21982,0.22216348169174574,0.22216348169174574,0.21513303661650848,stop,-1.0548455911387644,-1.1348455911387645,10
1000XEC,short,2021-10-07 15:35:00+00:00,2021-10-07 15:40:00+00:00,2021-10-07 16:25:00+00:00,5797,5798,5807,0.22081,0.22201019380006795,0.22201019380006795,0.2181396123998641,stop,-0.5406030144493146,-0.6206030144493146,10
1000XEC,short,2021-10-08 15:10:00+00:00,2021-10-08 15:15:00+00:00,2021-10-08 19:15:00+00:00,6080,6081,6129,0.22297,0.22436114402315818,0.22436114402315818,0.22018771195368364,stop,-0.6200467684433719,-0.700046768443372,49
1000XEC,long,2021-10-09 14:05:00+00:00,2021-10-09 14:10:00+00:00,2021-10-09 17:20:00+00:00,6355,6356,6394,0.2227,0.22011383419973063,0.22011383419973063,0.22871233160053878,stop,-1.1612778627163811,-1.2412778627163812,39
1000XEC,short,2021-10-09 17:35:00+00:00,2021-10-09 17:40:00+00:00,2021-10-09 18:10:00+00:00,6397,6398,6404,0.21964,0.22077348030627877,0.22077348030627877,0.21746303938744246,stop,-0.5134132526725121,-0.5934132526725122,7
1000XEC,short,2021-10-10 16:45:00+00:00,2021-10-10 16:50:00+00:00,2021-10-10 17:00:00+00:00,6675,6676,6678,0.22095,0.22158295856265528,0.22158295856265528,0.2197140828746894,stop,-0.2856530875664287,-0.3656530875664287,3
1000XEC,long,2021-10-10 17:15:00+00:00,2021-10-10 17:20:00+00:00,2021-10-10 18:05:00+00:00,6681,6682,6691,0.22202,0.22136686960964772,0.22136686960964772,0.22341626078070456,stop,-0.29417637616083736,-0.3741763761608374,10
1000XEC,short,2021-10-10 18:15:00+00:00,2021-10-10 18:20:00+00:00,2021-10-10 18:55:00+00:00,6693,6694,6701,0.22081,0.22167975639910878,0.22167975639910878,0.21907048720178246,stop,-0.39234813915208777,-0.4723481391520878,8
1000XEC,short,2021-10-11 19:55:00+00:00,2021-10-11 20:00:00+00:00,2021-10-12 04:50:00+00:00,7001,7002,7108,0.21574,0.2118757226315321,0.21759713868423394,0.2118757226315321,take_profit,1.8238415050449985,1.7438415050449987,107
1000XEC,long,2021-10-12 15:00:00+00:00,2021-10-12 15:05:00+00:00,2021-10-12 15:50:00+00:00,7230,7231,7240,0.21598,0.21399842204368483,0.21399842204368483,0.22027315591263036,stop,-0.9174821540490652,-0.9974821540490653,10
1000XEC,long,2021-10-12 16:15:00+00:00,2021-10-12 16:20:00+00:00,2021-10-12 17:30:00+00:00,7245,7246,7260,0.21577,0.22053044693292762,0.21334477653353617,0.22053044693292762,take_profit,2.206259875296679,2.126259875296679,15
1000XEC,short,2021-10-13 14:30:00+00:00,2021-10-13 14:35:00+00:00,2021-10-14 17:05:00+00:00,7512,7513,7831,0.21805,0.22122985808204126,0.22122985808204126,0.21169028383591745,stop,-1.437354844237182,-1.517354844237182,319
1000XEC,short,2021-10-15 15:25:00+00:00,2021-10-15 15:30:00+00:00,2021-10-15 16:00:00+00:00,8099,8100,8106,0.2166,0.21450287491243844,0.21775356254378078,0.21450287491243844,take_profit,0.9776675899647591,0.897667589964759,7
1000XEC,short,2021-10-17 14:15:00+00:00,2021-10-17 14:20:00+00:00,2021-10-17 16:00:00+00:00,8661,8662,8682,0.205,0.2061026454600406,0.2061026454600406,0.20279470907991878,stop,-0.5349982080915971,-0.6149982080915972,21
1000XEC,long,2021-10-17 16:10:00+00:00,2021-10-17 16:15:00+00:00,2021-10-17 16:50:00+00:00,8684,8685,8692,0.20649,0.2053900975809668,0.2053900975809668,0.20850980483806641,stop,-0.532666191599207,-0.6126661915992071,8
1000XEC,long,2021-10-17 18:15:00+00:00,2021-10-17 18:20:00+00:00,2021-10-17 19:05:00+00:00,8709,8710,8719,0.20642,0.2053428871499591,0.2053428871499591,0.20878422570008182,stop,-0.5218064383494259,-0.6018064383494259,10
1000XEC,short,2021-10-18 14:15:00+00:00,2021-10-18 14:20:00+00:00,2021-10-18 15:40:00+00:00,8949,8950,8966,0.1967,0.19757313368638713,0.19757313368638713,0.1949537326272258,stop,-0.44192936058454757,-0.5219293605845476,17
1000XEC,short,2021-10-18 18:00:00+00:00,2021-10-18 18:05:00+00:00,2021-10-18 19:15:00+00:00,8994,8995,9009,0.19664,0.19410861710606098,0.1979206914469695,0.19410861710606098,take_profit,1.304106397582494,1.224106397582494,15
1000XEC,short,2021-10-19 14:25:00+00:00,2021-10-19 14:30:00+00:00,2021-10-19 14:35:00+00:00,9239,9240,9241,0.19302,0.19152190329172103,0.1937390483541395,0.19152190329172103,take_profit,0.7822064643943749,0.7022064643943748,2
1000XEC,long,2021-10-20 14:05:00+00:00,2021-10-20 14:10:00+00:00,2021-10-20 17:55:00+00:00,9523,9524,9569,0.19416,0.18427554524990328,0.18427554524990328,0.21359890950019345,stop,-5.090881103263656,-5.170881103263656,46
1000XEC,long,2021-10-20 19:15:00+00:00,2021-10-20 19:20:00+00:00,2021-10-20 21:30:00+00:00,9585,9586,9612,0.1878,0.19142807943900456,0.18598596028049771,0.19142807943900456,take_profit,1.9318846853059402,1.8518846853059403,27
1000XEC,long,2021-10-21 14:10:00+00:00,2021-10-21 14:15:00+00:00,2021-10-21 18:15:00+00:00,9812,9813,9861,0.19617,0.19922567147629514,0.19465716426185242,0.19922567147629514,take_profit,1.557665023344601,1.477665023344601,49
1000XEC,short,2021-10-22 14:25:00+00:00,2021-10-22 14:30:00+00:00,2021-10-22 14:40:00+00:00,10103,10104,10106,0.18944,0.1870753022329167,0.19059234888354165,0.1870753022329167,take_profit,1.264035251504847,1.184035251504847,3
1000XEC,short,2021-10-22 17:30:00+00:00,2021-10-22 17:35:00+00:00,2021-10-22 23:00:00+00:00,10140,10141,10206,0.18917,0.18641320668620484,0.19057839665689758,0.18641320668620484,take_profit,1.4788615907647351,1.398861590764735,66
1000XEC,long,2021-10-23 15:40:00+00:00,2021-10-23 15:45:00+00:00,2021-10-23 20:00:00+00:00,10406,10407,10458,0.18887,0.1880040284748945,0.1880040284748945,0.190991943050211,stop,-0.45850136342749925,-0.5385013634274993,52
1000XEC,long,2021-10-24 14:10:00+00:00,2021-10-24 14:15:00+00:00,2021-10-24 15:25:00+00:00,10676,10677,10691,0.19122,0.19038112500550658,0.19038112500550658,0.19286774998898681,stop,-0.43869626320124366,-0.5186962632012437,15
1000XEC,short,2021-10-24 15:35:00+00:00,2021-10-24 15:40:00+00:00,2021-10-24 20:40:00+00:00,10693,10694,10754,0.18995,0.18720616058603598,0.191261919706982,0.18720616058603598,take_profit,1.4656779485112237,1.3856779485112236,61
1000XEC,long,2021-10-25 16:10:00+00:00,2021-10-25 16:15:00+00:00,2021-10-25 16:25:00+00:00,10988,10989,10991,0.19167,0.1932412704328915,0.19089936478355424,0.1932412704328915,take_profit,0.8197790123083859,0.7397790123083858,3
1000XEC,long,2021-10-26 15:05:00+00:00,2021-10-26 15:10:00+00:00,2021-10-26 16:25:00+00:00,11263,11264,11279,0.19363,0.1926570998593535,0.1926570998593535,0.19554580028129295,stop,-0.5024532048992891,-0.5824532048992892,16
1000XEC,long,2021-10-26 17:00:00+00:00,2021-10-26 17:05:00+00:00,2021-10-26 18:15:00+00:00,11286,11287,11301,0.19346,0.19295879919442405,0.19295879919442405,0.19446240161115189,stop,-0.25907205912123477,-0.3390720591212348,15
1000XEC,short,2021-10-27 14:05:00+00:00,2021-10-27 14:10:00+00:00,2021-10-27 15:05:00+00:00,11539,11540,11551,0.19177,0.19014347023206507,0.19249326488396745,0.19014347023206507,take_profit,0.8554223639390734,0.7754223639390734,12
1000XEC,short,2021-10-28 15:05:00+00:00,2021-10-28 15:10:00+00:00,2021-10-28 15:55:00+00:00,11839,11840,11849,0.17016,0.17213838486964678,0.17213838486964678,0.16620323026070646,stop,-1.149299077683874,-1.2292990776838741,10
1000XEC,long,2021-10-30 14:25:00+00:00,2021-10-30 14:30:00+00:00,2021-10-30 17:55:00+00:00,12407,12408,12449,0.19138,0.18843635228782613,0.18843635228782613,0.19750729542434772,stop,-1.5381166852199146,-1.6181166852199145,42
1000XEC,short,2021-10-30 19:15:00+00:00,2021-10-30 19:20:00+00:00,2021-10-30 20:05:00+00:00,12465,12466,12475,0.18765,0.18922201108092587,0.18922201108092587,0.1845059778381483,stop,-0.8307760138187903,-0.9107760138187904,10
1000XEC,short,2021-10-31 14:10:00+00:00,2021-10-31 14:15:00+00:00,2021-10-31 14:35:00+00:00,12692,12693,12697,0.18032,0.18165289052761904,0.18165289052761904,0.17765421894476194,stop,-0.7337568500823677,-0.8137568500823678,5
1000XEC,short,2021-10-31 15:10:00+00:00,2021-10-31 15:15:00+00:00,2021-10-31 17:00:00+00:00,12704,12705,12726,0.18016,0.18197154273754548,0.18197154273754548,0.176206914524909,stop,-0.9955088088461461,-1.0755088088461462,22
1000XEC,short,2021-11-01 15:15:00+00:00,2021-11-01 15:20:00+00:00,2021-11-01 15:30:00+00:00,12993,12994,12996,0.17647,0.17785070651685647,0.17785070651685647,0.17373858696628705,stop,-0.7763289468437518,-0.8563289468437518,3
1000XEC,long,2021-11-01 16:00:00+00:00,2021-11-01 16:05:00+00:00,2021-11-01 23:55:00+00:00,13002,13003,13097,0.17921,0.17805522825279463,0.17805522825279463,0.18151954349441077,stop,-0.644367918757538,-0.724367918757538,95
1000XEC,long,2021-11-02 14:40:00+00:00,2021-11-02 14:45:00+00:00,2021-11-02 19:35:00+00:00,13274,13275,13333,0.17839,0.18027690623332637,0.1774465468833368,0.18027690623332637,take_profit,1.0577421566939638,0.9777421566939637,59
1000XEC,long,2021-11-03 16:50:00+00:00,2021-11-03 16:55:00+00:00,2021-11-03 21:10:00+00:00,13588,13589,13640,0.18153,0.17976776716201148,0.17976776716201148,0.185024465675977,stop,-0.9707667261546371,-1.0507667261546372,52
1000XEC,short,2021-11-04 14:20:00+00:00,2021-11-04 14:25:00+00:00,2021-11-04 15:50:00+00:00,13846,13847,13864,0.18377,0.18633370525487075,0.18633370525487075,0.1788525894902585,stop,-1.3758676946632242,-1.4558676946632243,18
1000XEC,short,2021-11-04 16:45:00+00:00,2021-11-04 16:50:00+00:00,2021-11-04 17:45:00+00:00,13875,13876,13887,0.183,0.18554960109114893,0.18554960109114893,0.17793079781770216,stop,-1.374080610335815,-1.454080610335815,12
1000XEC,long,2021-11-04 18:35:00+00:00,2021-11-04 18:40:00+00:00,2021-11-04 23:30:00+00:00,13897,13898,13956,0.19109,0.20329133458527662,0.18504933270736168,0.20329133458527662,take_profit,6.38512459326841,6.305124593268411,59
1000XEC,short,2021-11-05 14:10:00+00:00,2021-11-05 14:15:00+00:00,2021-11-05 16:15:00+00:00,14132,14133,14157,0.20673,0.2104901405312531,0.2104901405312531,0.19908971893749386,stop,-1.7863737093637422,-1.866373709363742,25
1000XEC,short,2021-11-05 16:35:00+00:00,2021-11-05 16:40:00+00:00,2021-11-05 17:00:00+00:00,14161,14162,14166,0.20718,0.21087669796679626,0.21087669796679626,0.1997866040664075,stop,-1.7530139661890543,-1.833013966189054,5
1000XEC,long,2021-11-05 17:50:00+00:00,2021-11-05 17:55:00+00:00,2021-11-05 18:20:00+00:00,14176,14177,14182,0.21298,0.20922567971975514,0.20922567971975514,0.22018864056048976,stop,-1.7627571979739187,-1.8427571979739186,6
1000XEC,long,2021-11-07 16:15:00+00:00,2021-11-07 16:20:00+00:00,2021-11-07 18:05:00+00:00,14733,14734,14755,0.19384,0.19290046144344025,0.19290046144344025,0.19571907711311953,stop,-0.48469797593879704,-0.5646979759387971,22
1000XEC,long,2021-11-07 19:00:00+00:00,2021-11-07 19:05:00+00:00,2021-11-07 19:35:00+00:00,14766,14767,14773,0.19408,0.19297962265676702,0.19297962265676702,0.19592075468646594,stop,-0.5669710136196326,-0.6469710136196327,7
1000XEC,long,2021-11-07 20:30:00+00:00,2021-11-07 20:35:00+00:00,2021-11-07 21:15:00+00:00,14784,14785,14793,0.19384,0.19310521270576617,0.19310521270576617,0.1953095745884677,stop,-0.37906897143719087,-0.4590689714371909,9
1000XEC,long,2021-11-08 15:25:00+00:00,2021-11-08 15:30:00+00:00,2021-11-08 16:10:00+00:00,15011,15012,15020,0.19519,0.1994818275663865,0.19290908621680675,0.1994818275663865,take_profit,2.1987947980872447,2.1187947980872446,9
1000XEC,long,2021-11-08 18:05:00+00:00,2021-11-08 18:10:00+00:00,2021-11-08 22:45:00+00:00,15043,15044,15099,0.19518,0.1932679147229629,0.1932679147229629,0.19906417055407424,stop,-0.9796522579347711,-1.0596522579347711,56
1000XEC,long,2021-11-09 15:05:00+00:00,2021-11-09 15:10:00+00:00,2021-11-09 16:20:00+00:00,15295,15296,15310,0.20031,0.2035784867571003,0.19872075662144983,0.2035784867571003,take_profit,1.6317142215068303,1.5517142215068302,15
1000XEC,long,2021-11-09 16:55:00+00:00,2021-11-09 17:00:00+00:00,2021-11-09 18:00:00+00:00,15317,15318,15330,0.20084,0.2046433318543881,0.19883333407280596,0.2046433318543881,take_profit,1.8937123353854446,1.8137123353854447,13
1000XEC,long,2021-11-09 20:15:00+00:00,2021-11-09 20:20:00+00:00,2021-11-09 20:30:00+00:00,15357,15358,15360,0.20029,0.1991780401779897,0.1991780401779897,0.2023039196440206,stop,-0.555174907389433,-0.635174907389433,3
1000XEC,short,2021-11-09 20:35:00+00:00,2021-11-09 20:40:00+00:00,2021-11-10 07:30:00+00:00,15361,15362,15492,0.19636,0.20054950501031954,0.20054950501031954,0.18771098997936092,stop,-2.0890128899116234,-2.1690128899116234,131
1000XEC,long,2021-11-10 19:50:00+00:00,2021-11-10 19:55:00+00:00,2021-11-10 21:35:00+00:00,15640,15641,15661,0.19763,0.1952733331745879,0.1952733331745879,0.20234333365082421,stop,-1.1924641124384516,-1.2724641124384517,21
1000XEC,long,2021-11-11 15:35:00+00:00,2021-11-11 15:40:00+00:00,2021-11-11 17:25:00+00:00,15877,15878,15899,0.19087,0.1895376931833062,0.1895376931833062,0.1935946136333876,stop,-0.6980179267007891,-0.7780179267007892,22
1000XEC,long,2021-11-11 17:50:00+00:00,2021-11-11 17:55:00+00:00,2021-11-11 18:35:00+00:00,15904,15905,15913,0.19111,0.19451947272168152,0.18942026363915926,0.19451947272168152,take_profit,1.784036796442634,1.7040367964426342,9
1000XEC,long,2021-11-12 15:05:00+00:00,2021-11-12 15:10:00+00:00,2021-11-12 15:50:00+00:00,16159,16160,16168,0.20778,0.214332380712547,0.20462380964372648,0.214332380712547,take_profit,3.1535184871243738,3.0735184871243737,9
1000XEC,short,2021-11-12 17:20:00+00:00,2021-11-12 17:25:00+00:00,2021-11-12 17:50:00+00:00,16186,16187,16192,0.20219,0.20749179997795142,0.20749179997795142,0.19128640004409714,stop,-2.555185302992602,-2.635185302992602,6
1000XEC,long,2021-11-12 17:55:00+00:00,2021-11-12 18:00:00+00:00,2021-11-12 18:20:00+00:00,16193,16194,16198,0.20639,0.2034069236998603,0.2034069236998603,0.21235615260027937,stop,-1.4453589321864913,-1.5253589321864913,5
1000XEC,long,2021-11-12 20:30:00+00:00,2021-11-12 20:35:00+00:00,2021-11-12 21:00:00+00:00,16224,16225,16230,0.20836,0.20278042989133727,0.20278042989133727,0.2194891402173255,stop,-2.6778508872445372,-2.7578508872445373,6
1000XEC,short,2021-11-13 20:50:00+00:00,2021-11-13 20:55:00+00:00,2021-11-13 22:05:00+00:00,16516,16517,16531,0.1985,0.199579532990742,0.199579532990742,0.19640093401851602,stop,-0.5409036560838465,-0.6209036560838466,15
1000XEC,short,2021-11-14 15:15:00+00:00,2021-11-14 15:20:00+00:00,2021-11-14 17:25:00+00:00,16737,16738,16763,0.20689,0.20252471522245954,0.2090726423887702,0.20252471522245954,take_profit,2.1554331147906947,2.0754331147906946,26
1000XEC,short,2021-11-15 15:45:00+00:00,2021-11-15 15:50:00+00:00,2021-11-15 18:30:00+00:00,17031,17032,17064,0.20228,0.20375448784705885,0.20375448784705885,0.19900102430588226,stop,-0.7236590774705509,-0.803659077470551,33
1000XEC,short,2021-11-15 19:45:00+00:00,2021-11-15 19:50:00+00:00,2021-11-15 23:20:00+00:00,17079,17080,17122,0.20233,0.19965916593533112,0.20365041703233444,0.19965916593533112,take_profit,1.3376966953442926,1.2576966953442925,43
1000XEC,short,2021-11-16 15:10:00+00:00,2021-11-16 15:15:00+00:00,2021-11-16 18:35:00+00:00,17312,17313,17353,0.18233,0.17793007747811915,0.18434996126094044,0.17793007747811915,take_profit,2.4728379733448547,2.3928379733448546,41
1000XEC,short,2021-11-17 15:05:00+00:00,2021-11-17 15:10:00+00:00,2021-11-17 16:45:00+00:00,17599,17600,17619,0.17241,0.1741253566462506,0.1741253566462506,0.1688592867074988,stop,-0.9851274273255162,-1.0651274273255162,20
1000XEC,short,2021-11-17 18:25:00+00:00,2021-11-17 18:30:00+00:00,2021-11-17 19:20:00+00:00,17639,17640,17650,0.17233,0.17387632549997595,0.17387632549997595,0.1689373490000481,stop,-0.8893249242123868,-0.9693249242123869,11
1000XEC,short,2021-11-17 19:30:00+00:00,2021-11-17 19:35:00+00:00,2021-11-17 19:40:00+00:00,17652,17653,17654,0.1721,0.17445979287353347,0.17445979287353347,0.1673204142529331,stop,-1.352628496609587,-1.432628496609587,2
1000XEC,short,2021-11-18 16:25:00+00:00,2021-11-18 16:30:00+00:00,2021-11-18 16:50:00+00:00,17903,17904,17908,0.17014,0.1713162441566052,0.1713162441566052,0.16763751168678956,stop,-0.6865923090923931,-0.7665923090923932,5
1000XEC,short,2021-11-18 18:05:00+00:00,2021-11-18 18:10:00+00:00,2021-11-18 22:15:00+00:00,17923,17924,17973,0.16958,0.16683738750463345,0.17102630624768328,0.16683738750463345,take_profit,1.6438836260789458,1.563883626078946,50
1000XEC,short,2021-11-19 15:50:00+00:00,2021-11-19 15:55:00+00:00,2021-11-19 17:00:00+00:00,18184,18185,18198,0.16301,0.16424935646262417,0.16424935646262417,0.16029128707475163,stop,-0.7545578803568764,-0.8345578803568765,14
1000XEC,long,2021-11-19 17:15:00+00:00,2021-11-19 17:20:00+00:00,2021-11-19 18:15:00+00:00,18201,18202,18213,0.16569,0.16928934218392117,0.1638753289080394,0.16928934218392117,take_profit,2.1723351945930114,2.0923351945930113,12
1000XEC,long,2021-11-21 16:00:00+00:00,2021-11-21 16:05:00+00:00,2021-11-21 19:40:00+00:00,18762,18763,18806,0.17049,0.16962128551778594,0.16962128551778594,0.17207742896442815,stop,-0.5095398452777733,-0.5895398452777734,44
1000XEC,long,2021-11-21 20:00:00+00:00,2021-11-21 20:05:00+00:00,2021-11-21 23:05:00+00:00,18810,18811,18847,0.17031,0.16911270647054819,0.16911270647054819,0.1727045870589036,stop,-0.7030083550301214,-0.7830083550301215,37
1000XEC,short,2021-11-23 15:25:00+00:00,2021-11-23 15:30:00+00:00,2021-11-23 18:35:00+00:00,19331,19332,19369,0.16089,0.15870020398111975,0.16198489800944013,0.15870020398111975,take_profit,1.3798318867572323,1.2998318867572323,38
1000XEC,short,2021-11-23 19:25:00+00:00,2021-11-23 19:30:00+00:00,2021-11-23 23:55:00+00:00,19379,19380,19433,0.16133,0.1624587130060692,0.1624587130060692,0.15895257398786156,stop,-0.6947691417615975,-0.7747691417615976,54
1000XEC,short,2021-11-24 15:05:00+00:00,2021-11-24 15:10:00+00:00,2021-11-24 15:55:00+00:00,19615,19616,19625,0.1591,0.16057379406386355,0.16057379406386355,0.15615241187227288,stop,-0.917829757000943,-0.9978297570009431,10
1000XEC,short,2021-11-24 18:50:00+00:00,2021-11-24 18:55:00+00:00,2021-11-24 21:00:00+00:00,19660,19661,19686,0.15936,0.16012820807477252,0.16012820807477252,0.15797358385045496,stop,-0.4797456263382349,-0.559745626338235,26
1000XEC,short,2021-11-25 15:40:00+00:00,2021-11-25 15:45:00+00:00,2021-11-25 17:00:00+00:00,19910,19911,19926,0.15655,0.1572382525514237,0.1572382525514237,0.15514349489715262,stop,-0.43771317745892047,-0.5177131774589205,16
1000XEC,short,2021-11-25 17:30:00+00:00,2021-11-25 17:35:00+00:00,2021-11-25 19:20:00+00:00,19932,19933,19954,0.15655,0.15727961214957625,0.15727961214957625,0.15509077570084748,stop,-0.4638949318379382,-0.5438949318379382,22
1000XEC,long,2021-11-25 19:40:00+00:00,2021-11-25 19:45:00+00:00,2021-11-25 20:00:00+00:00,19958,19959,19962,0.15872,0.15730993750252265,0.15730993750252265,0.16172012499495472,stop,-0.8883962307695059,-0.968396230769506,4
1000XEC,short,2021-11-26 16:40:00+00:00,2021-11-26 16:45:00+00:00,2021-11-26 17:15:00+00:00,20210,20211,20217,0.15399,0.14894247965143023,0.1565437601742849,0.14894247965143023,take_profit,3.388905811412868,3.3089058114128678,7
1000XEC,short,2021-11-27 15:25:00+00:00,2021-11-27 15:30:00+00:00,2021-11-27 17:35:00+00:00,20483,20484,20509,0.1491,0.15289441678535484,0.15289441678535484,0.1416311664292903,stop,-2.4817235744335475,-2.5617235744335476,26
1000XEC,short,2021-11-28 15:10:00+00:00,2021-11-28 15:15:00+00:00,2021-11-28 15:30:00+00:00,20768,20769,20772,0.14406,0.1450799997459608,0.1450799997459608,0.14202000050807836,stop,-0.7030602066079861,-0.7830602066079861,4
1000XEC,long,2021-11-29 15:10:00+00:00,2021-11-29 15:15:00+00:00,2021-11-29 16:10:00+00:00,21056,21057,21068,0.14939,0.15052920966663105,0.14883539516668448,0.15052920966663105,take_profit,0.7625742463558849,0.6825742463558848,12
1000XEC,long,2021-11-29 18:25:00+00:00,2021-11-29 18:30:00+00:00,2021-11-29 18:35:00+00:00,21095,21096,21097,0.14933,0.14878257925236013,0.14878257925236013,0.15051484149527972,stop,-0.3665845762002684,-0.4465845762002684,2
1000XEC,short,2021-11-30 15:10:00+00:00,2021-11-30 15:15:00+00:00,2021-11-30 15:55:00+00:00,21344,21345,21353,0.1473,0.14864696868465832,0.14864696868465832,0.14454606263068334,stop,-0.9061528106340422,-0.9861528106340423,9
1000XEC,long,2021-11-30 17:40:00+00:00,2021-11-30 17:45:00+00:00,2021-11-30 23:05:00+00:00,21374,21375,21439,0.15003,0.1541571449300519,0.14789142753497406,0.1541571449300519,take_profit,2.7508797774124405,2.6708797774124404,65
1000XEC,short,2021-12-01 15:30:00+00:00,2021-12-01 15:35:00+00:00,2021-12-01 16:15:00+00:00,21636,21637,21645,0.14997,0.15078134393722492,0.15078134393722492,0.14849731212555012,stop,-0.5380930531848294,-0.6180930531848294,9
1000XEC,short,2021-12-01 17:45:00+00:00,2021-12-01 17:50:00+00:00,2021-12-01 22:35:00+00:00,21663,21664,21721,0.14959,0.15088277676992362,0.15088277676992362,0.14706444646015274,stop,-0.856808707792367,-0.936808707792367,58
1000XEC,short,2021-12-02 15:10:00+00:00,2021-12-02 15:15:00+00:00,2021-12-02 19:05:00+00:00,21920,21921,21967,0.14632,0.14761748769895786,0.14761748769895786,0.1436350246020843,stop,-0.8789525680072963,-0.9589525680072963,47
1000XEC,long,2021-12-03 15:10:00+00:00,2021-12-03 15:15:00+00:00,2021-12-03 16:40:00+00:00,22208,22209,22226,0.14727,0.14651231880965804,0.14651231880965804,0.14875536238068393,stop,-0.5144844098200374,-0.5944844098200375,18
1000XEC,long,2021-12-03 16:55:00+00:00,2021-12-03 17:00:00+00:00,2021-12-03 18:25:00+00:00,22229,22230,22247,0.14728,0.1461718103822552,0.1461718103822552,0.1494663792354896,stop,-0.7524372744057484,-0.8324372744057484,18
1000XEC,long,2021-12-03 19:00:00+00:00,2021-12-03 19:05:00+00:00,2021-12-03 19:25:00+00:00,22254,22255,22259,0.14737,0.14673133496550572,0.14673133496550572,0.14864733006898856,stop,-0.43337520152967324,-0.5133752015296733,5
1000XEC,short,2021-12-06 15:50:00+00:00,2021-12-06 15:55:00+00:00,2021-12-06 17:00:00+00:00,23080,23081,23094,0.11717,0.1192108804813101,0.1192108804813101,0.11323823903737983,stop,-1.7119917855401345,-1.7919917855401344,14
1000XEC,short,2021-12-06 17:20:00+00:00,2021-12-06 17:25:00+00:00,2021-12-06 21:20:00+00:00,23098,23099,23146,0.11552,0.11999915348368473,0.11999915348368473,0.10650169303263056,stop,-3.73265423434318,-3.81265423434318,48
1000XEC,long,2021-12-07 15:05:00+00:00,2021-12-07 15:10:00+00:00,2021-12-07 16:05:00+00:00,23359,23360,23371,0.12898,0.13099985598426392,0.12788007200786805,0.13099985598426392,take_profit,1.5660226269684552,1.486022626968455,12
1000XEC,long,2021-12-08 15:15:00+00:00,2021-12-08 15:20:00+00:00,2021-12-08 19:05:00+00:00,23649,23650,23695,0.12646,0.12856069665911776,0.1254096516704411,0.12856069665911776,take_profit,1.6611550364682648,1.581155036468265,46
1000XEC,short,2021-12-08 19:35:00+00:00,2021-12-08 19:40:00+00:00,2021-12-09 06:15:00+00:00,23701,23702,23829,0.12356,0.12830232617678655,0.12830232617678655,0.11404534764642688,stop,-3.6962121561632033,-3.7762121561632034,128
1000XEC,long,2021-12-09 15:05:00+00:00,2021-12-09 15:10:00+00:00,2021-12-09 15:40:00+00:00,23935,23936,23942,0.12683,0.1256682693790757,0.1256682693790757,0.1291234612418486,stop,-0.9159746281828474,-0.9959746281828474,7
1000XEC,long,2021-12-09 15:45:00+00:00,2021-12-09 15:50:00+00:00,2021-12-09 16:10:00+00:00,23943,23944,23948,0.12713,0.12541579469723052,0.12541579469723052,0.13073841060553895,stop,-1.3483877155427315,-1.4283877155427316,5
1000XEC,long,2021-12-09 16:20:00+00:00,2021-12-09 16:25:00+00:00,2021-12-09 18:15:00+00:00,23950,23951,23973,0.12627,0.12491396954926837,0.12491396954926837,0.12946206090146323,stop,-1.0739134004368656,-1.1539134004368656,23
1000XEC,short,2021-12-10 15:25:00+00:00,2021-12-10 15:30:00+00:00,2021-12-10 16:55:00+00:00,24227,24228,24245,0.1176,0.11433261978865668,0.11923369010567166,0.11433261978865668,take_profit,2.8577847838902493,2.777784783890249,18
1000XEC,long,2021-12-11 15:10:00+00:00,2021-12-11 15:15:00+00:00,2021-12-11 15:25:00+00:00,24512,24513,24515,0.1163,0.1148985705155951,0.1148985705155951,0.1188928589688098,stop,-1.2050124543464324,-1.2850124543464325,3
1000XEC,short,2021-12-11 15:30:00+00:00,2021-12-11 15:35:00+00:00,2021-12-11 17:25:00+00:00,24516,24517,24539,0.11475,0.11561837404998147,0.11561837404998147,0.11298325190003704,stop,-0.7510692457983081,-0.8310692457983082,23
1000XEC,long,2021-12-11 18:30:00+00:00,2021-12-11 18:35:00+00:00,2021-12-11 20:55:00+00:00,24552,24553,24581,0.11573,0.11748598123011927,0.11480700938494036,0.11748598123011927,take_profit,1.517308589060118,1.4373085890601178,29
1000XEC,short,2021-12-12 18:55:00+00:00,2021-12-12 19:00:00+00:00,2021-12-12 20:40:00+00:00,24845,24846,24866,0.11344,0.11404614354831216,0.11404614354831216,0.11228771290337569,stop,-0.5314897369198546,-0.6114897369198546,21
1000XEC,short,2021-12-13 16:05:00+00:00,2021-12-13 16:10:00+00:00,2021-12-13 17:05:00+00:00,25099,25100,25111,0.11096,0.10908543360265699,0.11189728319867151,0.10908543360265699,take_profit,1.7184387827352987,1.6384387827352989,12
1000XEC,short,2021-12-13 18:00:00+00:00,2021-12-13 18:05:00+00:00,2021-12-13 22:20:00+00:00,25122,25123,25174,0.11106,0.10910188321961366,0.11202405839019317,0.10910188321961366,take_profit,1.7947598360376738,1.714759836037674,52
1000XEC,long,2021-12-14 15:55:00+00:00,2021-12-14 16:00:00+00:00,2021-12-14 18:00:00+00:00,25385,25386,25410,0.11119,0.11546609534066261,0.10905195232966869,0.11546609534066261,take_profit,3.845755320318922,3.765755320318922,25
1000XEC,long,2021-12-14 20:40:00+00:00,2021-12-14 20:45:00+00:00,2021-12-14 21:40:00+00:00,25442,25443,25454,0.11144,0.10952430251834235,0.10952430251834235,0.11524139496331531,stop,-1.71903937693616,-1.79903937693616,12
1000XEC,long,2021-12-15 16:00:00+00:00,2021-12-15 16:05:00+00:00,2021-12-15 19:20:00+00:00,25674,25675,25714,0.11602,0.11304540308772223,0.11304540308772223,0.12196919382455552,stop,-2.563865637198559,-2.643865637198559,40
1000XEC,short,2021-12-15 20:05:00+00:00,2021-12-15 20:10:00+00:00,2021-12-15 21:35:00+00:00,25723,25724,25741,0.11304,0.11190672194218954,0.11365163902890524,0.11190672194218954,take_profit,1.0126988246478286,0.9326988246478285,18
1000XEC,short,2021-12-16 15:05:00+00:00,2021-12-16 15:10:00+00:00,2021-12-16 15:35:00+00:00,25951,25952,25957,0.11181,0.1124506046789515,0.1124506046789515,0.11052879064209702,stop,-0.5696765088817779,-0.649676508881778,6
1000XEC,long,2021-12-16 15:45:00+00:00,2021-12-16 15:50:00+00:00,2021-12-16 17:15:00+00:00,25959,25960,25977,0.113,0.11230505540388891,0.11230505540388891,0.11423988919222217,stop,-0.6149952177974316,-0.6949952177974317,18
1000XEC,long,2021-12-16 17:30:00+00:00,2021-12-16 17:35:00+00:00,2021-12-16 19:05:00+00:00,25980,25981,25999,0.11282,0.11385753326843645,0.11230123336578178,0.11385753326843645,take_profit,0.9196359408229382,0.8396359408229381,19
1000XEC,short,2021-12-17 15:10:00+00:00,2021-12-17 15:15:00+00:00,2021-12-17 16:00:00+00:00,26240,26241,26250,0.1089,0.10759717935733025,0.10958141032133488,0.10759717935733025,take_profit,1.2108315947048087,1.1308315947048087,10
1000XEC,short,2021-12-17 17:00:00+00:00,2021-12-17 17:05:00+00:00,2021-12-17 17:50:00+00:00,26262,26263,26272,0.10786,0.10989916292383628,0.10989916292383628,0.10372167415232746,stop,-1.8554854009666055,-1.9354854009666054,10
1000XEC,short,2021-12-17 19:05:00+00:00,2021-12-17 19:10:00+00:00,2021-12-17 19:30:00+00:00,26287,26288,26292,0.10887,0.10735831872006008,0.10962584063996995,0.10735831872006008,take_profit,1.408070932893124,1.328070932893124,5
1000XEC,short,2021-12-17 20:10:00+00:00,2021-12-17 20:15:00+00:00,2021-12-17 23:00:00+00:00,26300,26301,26334,0.10881,0.10693918430668896,0.10973040784665551,0.10693918430668896,take_profit,1.7494202012479976,1.6694202012479977,34
1000XEC,short,2021-12-18 15:10:00+00:00,2021-12-18 15:15:00+00:00,2021-12-18 15:50:00+00:00,26528,26529,26536,0.10798,0.10912261861056675,0.10912261861056675,0.10566476277886648,stop,-1.0470960329906354,-1.1270960329906354,8
1000XEC,long,2021-12-18 15:55:00+00:00,2021-12-18 16:00:00+00:00,2021-12-18 16:05:00+00:00,26537,26538,26539,0.10911,0.10849068465038557,0.10849068465038557,0.11034863069922886,stop,-0.5676064060255115,-0.6476064060255116,2
1000XEC,long,2021-12-18 16:20:00+00:00,2021-12-18 16:25:00+00:00,2021-12-18 17:00:00+00:00,26542,26543,26550,0.10925,0.10836054888940547,0.10836054888940547,0.11102890222118907,stop,-0.8141428929927086,-0.8941428929927087,8
1000XEC,short,2021-12-19 15:05:00+00:00,2021-12-19 15:10:00+00:00,2021-12-19 15:55:00+00:00,26815,26816,26825,0.10952,0.10999642103409417,0.10999642103409417,0.10838715793181167,stop,-0.43312412314441273,-0.5131241231444128,10
1000XEC,long,2021-12-19 16:30:00+00:00,2021-12-19 16:35:00+00:00,2021-12-19 16:50:00+00:00,26832,26833,26836,0.1105,0.11010576775880651,0.11010576775880651,0.111468464482387,stop,-0.3567712589986338,-0.43677125899863384,4
1000XEC,long,2021-12-19 16:55:00+00:00,2021-12-19 17:00:00+00:00,2021-12-19 17:00:00+00:00,26837,26838,26838,0.11068,0.11014438191391708,0.11014438191391708,0.11196123617216584,stop,-0.483933941166359,-0.5639339411663591,1
1000XEC,short,2021-12-20 18:05:00+00:00,2021-12-20 18:10:00+00:00,2021-12-20 20:50:00+00:00,27139,27140,27172,0.10465,0.10575138521550974,0.10575138521550974,0.10247722956898053,stop,-1.0414853793784595,-1.1214853793784596,33
1000XEC,long,2021-12-21 17:20:00+00:00,2021-12-21 17:25:00+00:00,2021-12-22 00:25:00+00:00,27418,27419,27503,0.1076,0.1067720465122928,0.1067720465122928,0.1092559069754144,stop,-0.769473501586615,-0.849473501586615,85
1000XEC,long,2021-12-22 15:30:00+00:00,2021-12-22 15:35:00+00:00,2021-12-22 18:00:00+00:00,27684,27685,27714,0.10872,0.10973025138041395,0.10819987430979303,0.10973025138041395,take_profit,0.9292231240010551,0.849223124001055,30
1000XEC,short,2021-12-23 17:00:00+00:00,2021-12-23 17:05:00+00:00,2021-12-23 19:45:00+00:00,27990,27991,28023,0.10836,0.10909747355168782,0.10909747355168782,0.10697505289662436,stop,-0.675976746004503,-0.755976746004503,33
1000XEC,short,2021-12-23 20:30:00+00:00,2021-12-23 20:35:00+00:00,2021-12-23 21:35:00+00:00,28032,28033,28045,0.10831,0.10907284002633688,0.10907284002633688,0.10675431994732622,stop,-0.699385865585489,-0.7793858655854891,13
1000XEC,long,2021-12-24 15:05:00+00:00,2021-12-24 15:10:00+00:00,2021-12-24 16:50:00+00:00,28255,28256,28276,0.11481,0.11631217425106327,0.11414891287446836,0.11631217425106327,take_profit,1.3084001838370218,1.2284001838370218,21
1000XEC,short,2021-12-27 15:10:00+00:00,2021-12-27 15:15:00+00:00,2021-12-27 16:20:00+00:00,29120,29121,29134,0.11958,0.12045747179048012,0.12045747179048012,0.11791505641903974,stop,-0.7284494497828753,-0.8084494497828754,14
1000XEC,short,2021-12-27 16:25:00+00:00,2021-12-27 16:30:00+00:00,2021-12-27 22:00:00+00:00,29135,29136,29202,0.11983,0.1207482768821294,0.1207482768821294,0.11799344623574122,stop,-0.760488601444631,-0.8404886014446311,67
1000XEC,short,2021-12-29 16:10:00+00:00,2021-12-29 16:15:00+00:00,2021-12-29 19:30:00+00:00,29708,29709,29748,0.10991,0.11110443507788781,0.11110443507788781,0.10746112984422439,stop,-1.0750561640950451,-1.1550561640950452,40
1000XEC,short,2021-12-29 19:50:00+00:00,2021-12-29 19:55:00+00:00,2021-12-29 20:20:00+00:00,29752,29753,29758,0.11055,0.10948576027813638,0.11100711986093181,0.10948576027813638,take_profit,0.9720348282370672,0.8920348282370671,6
1000XEC,long,2021-12-30 15:35:00+00:00,2021-12-30 15:40:00+00:00,2021-12-30 16:10:00+00:00,29989,29990,29996,0.10849,0.10948951788732128,0.10797524105633935,0.10948951788732128,take_profit,0.921299555093813,0.8412995550938129,7
1000XEC,long,2021-12-30 18:00:00+00:00,2021-12-30 18:05:00+00:00,2021-12-30 20:40:00+00:00,30018,30019,30050,0.10862,0.10996507040600872,0.10794746479699563,0.10996507040600872,take_profit,1.2383266488756428,1.1583266488756427,32
1000XEC,long,2021-12-31 15:20:00+00:00,2021-12-31 15:25:00+00:00,2021-12-31 16:25:00+00:00,30274,30275,30287,0.10942,0.10886174225467987,0.10886174225467987,0.11059651549064024,stop,-0.5101971717420328,-0.5901971717420329,13
1000XEC,short,2021-12-31 17:10:00+00:00,2021-12-31 17:15:00+00:00,2021-12-31 17:20:00+00:00,30296,30297,30298,0.10874,0.10915328473895825,0.10915328473895825,0.10791343052208352,stop,-0.378627853432556,-0.458627853432556,2
1000XEC,short,2022-01-02 17:00:00+00:00,2022-01-02 17:05:00+00:00,2022-01-02 17:40:00+00:00,30870,30871,30878,0.10936,0.10974986460453001,0.10974986460453001,0.10858027079093997,stop,-0.35523014623739524,-0.43523014623739525,8
1000XEC,long,2022-01-02 17:50:00+00:00,2022-01-02 17:55:00+00:00,2022-01-02 18:05:00+00:00,30880,30881,30883,0.10998,0.11062982929210077,0.1096550853539496,0.11062982929210077,take_profit,0.5908613312427535,0.5108613312427535,3
1000XEC,long,2022-01-03 15:15:00+00:00,2022-01-03 15:20:00+00:00,2022-01-03 15:45:00+00:00,31137,31138,31143,0.11519,0.11392042032378652,0.11392042032378652,0.11748915935242697,stop,-1.102161364887122,-1.182161364887122,6
1000XEC,long,2022-01-03 15:50:00+00:00,2022-01-03 15:55:00+00:00,2022-01-03 19:50:00+00:00,31144,31145,31192,0.1151,0.11866303791771758,0.11328848104114121,0.11866303791771758,take_profit,3.095602013655596,3.015602013655596,48
1000XEC,long,2022-01-05 15:10:00+00:00,2022-01-05 15:15:00+00:00,2022-01-05 17:00:00+00:00,31712,31713,31734,0.11434,0.11374267170738597,0.11374267170738597,0.11538465658522806,stop,-0.522414109335334,-0.6024141093353341,22
1000XEC,long,2022-01-05 18:35:00+00:00,2022-01-05 18:40:00+00:00,2022-01-05 19:30:00+00:00,31753,31754,31764,0.11432,0.11388416228544995,0.11388416228544995,0.11525167542910009,stop,-0.3812436271431574,-0.4612436271431574,11
1000XEC,short,2022-01-05 20:20:00+00:00,2022-01-05 20:25:00+00:00,2022-01-05 21:20:00+00:00,31774,31775,31786,0.11334,0.11211161233338303,0.11393919383330849,0.11211161233338303,take_profit,1.0956828120214146,1.0156828120214145,12
1000XEC,short,2022-01-06 18:25:00+00:00,2022-01-06 18:30:00+00:00,2022-01-07 12:40:00+00:00,32039,32040,32258,0.10126,0.09663402917250576,0.10360298541374711,0.09663402917250576,take_profit,4.78710332903145,4.70710332903145,219
1000XEC,short,2022-01-07 15:30:00+00:00,2022-01-07 15:35:00+00:00,2022-01-07 16:45:00+00:00,32292,32293,32307,0.0979,0.0988934055700898,0.0988934055700898,0.0959131888598204,stop,-1.0045215496049753,-1.0845215496049754,15
1000XEC,long,2022-01-07 17:25:00+00:00,2022-01-07 17:30:00+00:00,2022-01-08 00:40:00+00:00,32315,32316,32402,0.09968,0.09788928397308107,0.09788928397308107,0.10317143205383787,stop,-1.7964647140037537,-1.8764647140037536,87
1000XEC,long,2022-01-08 15:50:00+00:00,2022-01-08 15:55:00+00:00,2022-01-08 20:05:00+00:00,32584,32585,32635,0.09954,0.09895182619455639,0.09895182619455639,0.10065634761088721,stop,-0.5908919082214359,-0.670891908221436,51
1000XEC,long,2022-01-08 20:15:00+00:00,2022-01-08 20:20:00+00:00,2022-01-08 20:30:00+00:00,32637,32638,32640,0.0995,0.09903832563532258,0.09903832563532258,0.10054334872935485,stop,-0.46399433635921916,-0.5439943363592192,3
1000XEC,long,2022-01-09 15:35:00+00:00,2022-01-09 15:40:00+00:00,2022-01-09 16:30:00+00:00,32869,32870,32880,0.09672,0.0960699151298935,0.0960699151298935,0.097990169740213,stop,-0.6721307590017545,-0.7521307590017545,11
1000XEC,short,2022-01-09 17:25:00+00:00,2022-01-09 17:30:00+00:00,2022-01-09 17:40:00+00:00,32891,32892,32894,0.09559,0.09617420994915472,0.09617420994915472,0.09445158010169057,stop,-0.6074496993150102,-0.6874496993150103,3
1000XEC,short,2022-01-09 19:40:00+00:00,2022-01-09 19:45:00+00:00,2022-01-10 03:20:00+00:00,32918,32919,33010,0.09434,0.0963679148265127,0.0963679148265127,0.0903141703469746,stop,-2.104346483125097,-2.184346483125097,92
1000XEC,long,2022-01-11 15:10:00+00:00,2022-01-11 15:15:00+00:00,2022-01-11 15:25:00+00:00,33440,33441,33443,0.09078,0.09020433592707182,0.09020433592707182,0.09184132814585635,stop,-0.6341309461645572,-0.7141309461645573,3
1000XEC,long,2022-01-11 16:55:00+00:00,2022-01-11 17:00:00+00:00,2022-01-11 19:15:00+00:00,33461,33462,33489,0.091,0.09026370745515591,0.09026370745515591,0.09235258508968817,stop,-0.8091126866418552,-0.8891126866418553,28
1000XEC,long,2022-01-12 15:30:00+00:00,2022-01-12 15:35:00+00:00,2022-01-12 16:05:00+00:00,33732,33733,33739,0.09446,0.09369079360567921,0.09369079360567921,0.09599841278864159,stop,-0.8143197060351381,-0.8943197060351382,7
1000XEC,long,2022-01-12 17:10:00+00:00,2022-01-12 17:15:00+00:00,2022-01-12 17:35:00+00:00,33752,33753,33757,0.09411,0.093708089477687,0.093708089477687,0.094913821044626,stop,-0.42706462895867325,-0.5070646289586733,5
1000XEC,long,2022-01-12 18:00:00+00:00,2022-01-12 18:05:00+00:00,2022-01-12 21:20:00+00:00,33762,33763,33802,0.09423,0.09579678282225143,0.09338660858887428,0.09579678282225143,take_profit,1.6627218744045713,1.5827218744045715,40
1000XEC,long,2022-01-13 15:10:00+00:00,2022-01-13 15:15:00+00:00,2022-01-13 16:40:00+00:00,34016,34017,34034,0.10035,0.0997630856515922,0.0997630856515922,0.10152382869681559,stop,-0.5848673128129533,-0.6648673128129534,18
1000XEC,long,2022-01-13 17:10:00+00:00,2022-01-13 17:15:00+00:00,2022-01-13 18:25:00+00:00,34040,34041,34055,0.1002,0.10103553112574892,0.09976723443712554,0.10103553112574892,take_profit,0.833863398951018,0.753863398951018,15
1000XEC,short,2022-01-13 20:10:00+00:00,2022-01-13 20:15:00+00:00,2022-01-13 23:30:00+00:00,34076,34077,34116,0.09922,0.10040907372097668,0.10040907372097668,0.09684185255804664,stop,-1.1842293499101042,-1.2642293499101043,40
1000XEC,long,2022-01-14 15:15:00+00:00,2022-01-14 15:20:00+00:00,2022-01-14 15:35:00+00:00,34305,34306,34309,0.09703,0.09645362246071121,0.09645362246071121,0.09824275507857758,stop,-0.5940199312468253,-0.6740199312468254,4
1000XEC,long,2022-01-14 16:05:00+00:00,2022-01-14 16:10:00+00:00,2022-01-14 16:35:00+00:00,34315,34316,34321,0.097,0.096176453969623,0.096176453969623,0.09858709206075399,stop,-0.849016526161861,-0.929016526161861,6
1000XEC,short,2022-01-14 17:05:00+00:00,2022-01-14 17:10:00+00:00,2022-01-14 18:45:00+00:00,34327,34328,34347,0.09519,0.09651238115945175,0.09651238115945175,0.0926052376810965,stop,-1.3701673749681897,-1.4501673749681898,20
1000XEC,short,2022-01-15 15:05:00+00:00,2022-01-15 15:10:00+00:00,2022-01-15 17:00:00+00:00,34591,34592,34614,0.09878,0.09990768443060234,0.09990768443060234,0.09679463113879531,stop,-1.1287264208246661,-1.2087264208246662,23
1000XEC,long,2022-01-15 17:10:00+00:00,2022-01-15 17:15:00+00:00,2022-01-15 17:30:00+00:00,34616,34617,34620,0.09993,0.09939789790475416,0.09939789790475416,0.10093420419049168,stop,-0.5324748276251845,-0.6124748276251846,4
1000XEC,short,2022-01-15 18:10:00+00:00,2022-01-15 18:15:00+00:00,2022-01-15 19:25:00+00:00,34628,34629,34643,0.09905,0.09966502655391948,0.09966502655391948,0.09769994689216104,stop,-0.6170936537971516,-0.6970936537971517,15
1000XEC,long,2022-01-16 15:10:00+00:00,2022-01-16 15:15:00+00:00,2022-01-16 15:30:00+00:00,34880,34881,34884,0.10082,0.10179597944761418,0.10034701027619292,0.10179597944761418,take_profit,0.9680415072546911,0.888041507254691,4
1000XEC,short,2022-01-17 20:30:00+00:00,2022-01-17 20:35:00+00:00,2022-01-18 02:10:00+00:00,35232,35233,35300,0.10013,0.09734546158671242,0.10156726920664379,0.09734546158671242,take_profit,2.86047070700588,2.78047070700588,68
1000XEC,short,2022-01-18 17:10:00+00:00,2022-01-18 17:15:00+00:00,2022-01-18 17:20:00+00:00,35480,35481,35482,0.09696,0.0956485233004226,0.0976907383497887,0.0956485233004226,take_profit,1.3711416071298776,1.2911416071298776,2
1000XEC,short,2022-01-19 16:00:00+00:00,2022-01-19 16:05:00+00:00,2022-01-19 17:30:00+00:00,35754,35755,35772,0.09217,0.09022732265895286,0.09314133867052357,0.09022732265895286,take_profit,2.153092083193253,2.073092083193253,18
1000XEC,short,2022-01-19 20:20:00+00:00,2022-01-19 20:25:00+00:00,2022-01-19 22:15:00+00:00,35806,35807,35829,0.09235,0.09346375333998355,0.09346375333998355,0.0901224933200329,stop,-1.1916420004364325,-1.2716420004364326,23
1000XEC,long,2022-01-20 15:05:00+00:00,2022-01-20 15:10:00+00:00,2022-01-20 18:35:00+00:00,36031,36032,36073,0.09271,0.09358709845192695,0.09233145077403652,0.09358709845192695,take_profit,0.9460667154858715,0.8660667154858714,42
1000XEC,short,2022-01-21 16:00:00+00:00,2022-01-21 16:05:00+00:00,2022-01-21 16:15:00+00:00,36330,36331,36333,0.08551,0.08652322405984045,0.08652322405984045,0.08321355188031909,stop,-1.1710428857108823,-1.2510428857108824,3
1000XEC,short,2022-01-21 20:30:00+00:00,2022-01-21 20:35:00+00:00,2022-01-21 21:00:00+00:00,36384,36385,36390,0.08537,0.08607134421221742,0.08607134421221742,0.08396731157556517,stop,-0.8148405472652831,-0.8948405472652832,6
1000XEC,short,2022-01-22 15:25:00+00:00,2022-01-22 15:30:00+00:00,2022-01-22 18:45:00+00:00,36611,36612,36651,0.07242,0.06778126461532004,0.07478436769233998,0.06778126461532004,take_profit,6.8436837391663286,6.763683739166329,40
1000XEC,long,2022-01-23 16:10:00+00:00,2022-01-23 16:15:00+00:00,2022-01-23 18:05:00+00:00,36908,36909,36931,0.07272,0.07449234074198244,0.07181882962900878,0.07449234074198244,take_profit,2.437212241449993,2.357212241449993,23
1000XEC,long,2022-01-24 15:25:00+00:00,2022-01-24 15:30:00+00:00,2022-01-24 16:00:00+00:00,37187,37188,37194,0.07257,0.07097400150316162,0.07097400150316162,0.07564199699367676,stop,-2.1992538195375166,-2.2792538195375167,7
1000XEC,short,2022-01-24 16:40:00+00:00,2022-01-24 16:45:00+00:00,2022-01-24 17:45:00+00:00,37202,37203,37215,0.07024,0.07157732993061543,0.07157732993061543,0.06756534013876914,stop,-1.8683707982845799,-1.9483707982845797,13
1000XEC,short,2022-01-25 15:40:00+00:00,2022-01-25 15:45:00+00:00,2022-01-25 17:00:00+00:00,37478,37479,37494,0.06944,0.07003519577426232,0.07003519577426232,0.06830960845147535,stop,-0.8498523744843278,-0.9298523744843279,16
1000XEC,long,2022-01-25 17:10:00+00:00,2022-01-25 17:15:00+00:00,2022-01-25 17:30:00+00:00,37496,37497,37500,0.07042,0.06969873333593675,0.06969873333593675,0.0718325333281265,stop,-1.0242355354490917,-1.1042355354490918,4
1000XEC,long,2022-01-25 18:30:00+00:00,2022-01-25 18:35:00+00:00,2022-01-25 21:05:00+00:00,37512,37513,37543,0.07045,0.0697946798033003,0.0697946798033003,0.0717606403933994,stop,-0.930191904470834,-1.010191904470834,31
1000XEC,long,2022-01-28 15:05:00+00:00,2022-01-28 15:10:00+00:00,2022-01-28 15:40:00+00:00,38335,38336,38342,0.07089,0.07032308331627192,0.07032308331627192,0.07202383336745614,stop,-0.7997131947073965,-0.8797131947073966,7
1000XEC,short,2022-01-28 15:55:00+00:00,2022-01-28 16:00:00+00:00,2022-01-28 17:15:00+00:00,38345,38346,38361,0.06989,0.0684406018690005,0.07059969906549975,0.0684406018690005,take_profit,2.117746032937773,2.037746032937773,16
1000XEC,short,2022-01-28 19:35:00+00:00,2022-01-28 19:40:00+00:00,2022-01-28 22:30:00+00:00,38389,38390,38424,0.07008,0.07068299825255728,0.07068299825255728,0.06869400349488544,stop,-0.8531022557966561,-0.9331022557966562,35
1000XEC,long,2022-01-29 15:10:00+00:00,2022-01-29 15:15:00+00:00,2022-01-29 16:35:00+00:00,38624,38625,38641,0.07527,0.07658891689092012,0.07461054155453994,0.07658891689092012,take_profit,1.752247762614756,1.672247762614756,17
1000XEC,long,2022-01-29 18:20:00+00:00,2022-01-29 18:25:00+00:00,2022-01-29 19:20:00+00:00,38662,38663,38674,0.0753,0.07459752646562746,0.07459752646562746,0.07676494706874507,stop,-0.932899780043217,-1.0128997800432171,12
1000XEC,long,2022-01-29 20:50:00+00:00,2022-01-29 20:55:00+00:00,2022-01-29 22:45:00+00:00,38692,38693,38715,0.07525,0.07646488773614284,0.07464255613192858,0.07646488773614284,take_profit,1.6144687523492962,1.5344687523492961,23
1000XEC,short,2022-01-30 15:05:00+00:00,2022-01-30 15:10:00+00:00,2022-01-30 17:00:00+00:00,38911,38912,38934,0.07625,0.07654203207809171,0.07654203207809171,0.07566593584381658,stop,-0.38153165020986535,-0.46153165020986536,23
1000XEC,short,2022-01-30 20:00:00+00:00,2022-01-30 20:05:00+00:00,2022-01-30 22:10:00+00:00,38970,38971,38996,0.07615,0.07528926918992218,0.07659536540503892,0.07528926918992218,take_profit,1.143231723908178,1.0632317239081779,26
1000XEC,long,2022-02-01 16:45:00+00:00,2022-02-01 16:50:00+00:00,2022-02-01 18:05:00+00:00,39507,39508,39523,0.07644,0.07730705412781554,0.07602147293609224,0.07730705412781554,take_profit,1.1342937307895706,1.0542937307895706,16
1000XEC,short,2022-02-01 18:40:00+00:00,2022-02-01 18:45:00+00:00,2022-02-01 20:20:00+00:00,39530,39531,39550,0.07567,0.07635660131340402,0.07635660131340402,0.07423679737319194,stop,-0.8992036072766996,-0.9792036072766996,20
1000XEC,short,2022-02-01 20:40:00+00:00,2022-02-01 20:45:00+00:00,2022-02-01 21:20:00+00:00,39554,39555,39562,0.07585,0.07635548116416599,0.07635548116416599,0.07471903767166803,stop,-0.6620103186557036,-0.7420103186557037,8
1000XEC,long,2022-02-02 18:30:00+00:00,2022-02-02 18:35:00+00:00,2022-02-02 22:15:00+00:00,39816,39817,39861,0.08082,0.07989001889227634,0.07989001889227634,0.08267996221544732,stop,-1.150681895228478,-1.2306818952284782,45
1000XEC,short,2022-02-03 18:55:00+00:00,2022-02-03 19:00:00+00:00,2022-02-04 14:15:00+00:00,40109,40110,40341,0.07535,0.07678187594032104,0.07678187594032104,0.07266624811935793,stop,-1.8648618867217692,-1.944861886721769,232
1000XEC,long,2022-02-04 15:10:00+00:00,2022-02-04 15:15:00+00:00,2022-02-04 16:40:00+00:00,40352,40353,40370,0.07772,0.07905845385844178,0.0770057730707791,0.07905845385844178,take_profit,1.7221485569245853,1.6421485569245855,18
1000XEC,long,2022-02-05 15:05:00+00:00,2022-02-05 15:10:00+00:00,2022-02-05 15:40:00+00:00,40639,40640,40646,0.08685,0.08529441534077312,0.08529441534077312,0.08996116931845376,stop,-1.7911164757937637,-1.8711164757937635,7
1000XEC,long,2022-02-06 18:30:00+00:00,2022-02-06 18:35:00+00:00,2022-02-06 20:10:00+00:00,40968,40969,40988,0.08581,0.08511384169877519,0.08511384169877519,0.08711231660244961,stop,-0.8112787568171687,-0.8912787568171687,20
1000XEC,long,2022-02-07 15:25:00+00:00,2022-02-07 15:30:00+00:00,2022-02-07 17:35:00+00:00,41219,41220,41245,0.08878,0.08781177530961093,0.08781177530961093,0.09062644938077813,stop,-1.0905887479038867,-1.1705887479038868,26
1000XEC,long,2022-02-09 15:55:00+00:00,2022-02-09 16:00:00+00:00,2022-02-09 16:05:00+00:00,41801,41802,41803,0.09639,0.09570041253171256,0.09570041253171256,0.09776917493657489,stop,-0.7154139104548651,-0.7954139104548652,2
1000XEC,short,2022-02-12 15:10:00+00:00,2022-02-12 15:15:00+00:00,2022-02-12 15:40:00+00:00,42656,42657,42662,0.08311,0.0817091752777523,0.08381041236112385,0.0817091752777523,take_profit,1.714403208068016,1.6344032080680162,6
1000XEC,long,2022-02-13 15:20:00+00:00,2022-02-13 15:25:00+00:00,2022-02-13 15:50:00+00:00,42946,42947,42952,0.08294,0.08359405564184992,0.08256797217907504,0.08359405564184992,take_profit,0.7885889098745213,0.7085889098745213,6
1000XEC,long,2022-02-13 19:30:00+00:00,2022-02-13 19:35:00+00:00,2022-02-13 23:05:00+00:00,42996,42997,43039,0.08315,0.08407613018565839,0.0826119349071708,0.08407613018565839,take_profit,1.1138065973041344,1.0338065973041344,43
1000XEC,long,2022-02-14 17:05:00+00:00,2022-02-14 17:10:00+00:00,2022-02-14 17:30:00+00:00,43255,43256,43260,0.08116,0.08051855482229053,0.08051855482229053,0.08244289035541892,stop,-0.7903464486316736,-0.8703464486316737,5
1000XEC,long,2022-02-15 16:15:00+00:00,2022-02-15 16:20:00+00:00,2022-02-15 16:30:00+00:00,43533,43534,43536,0.08349,0.08314352778644,0.08314352778644,0.08448294442711998,stop,-0.41498648168641905,-0.49498648168641907,3
1000XEC,long,2022-02-15 17:05:00+00:00,2022-02-15 17:10:00+00:00,2022-02-15 19:20:00+00:00,43543,43544,43570,0.08363,0.08503241701016255,0.08292879149491872,0.08503241701016255,take_profit,1.6769305394745304,1.5969305394745306,27
1000XEC,long,2022-02-16 15:15:00+00:00,2022-02-16 15:20:00+00:00,2022-02-16 19:00:00+00:00,43809,43810,43854,0.08589,0.08540239079731358,0.08540239079731358,0.08698521840537285,stop,-0.5677135902740771,-0.6477135902740772,45
1000XEC,short,2022-02-16 19:20:00+00:00,2022-02-16 19:25:00+00:00,2022-02-16 22:50:00+00:00,43858,43859,43900,0.08503,0.0836218456366859,0.08579407718165706,0.0836218456366859,take_profit,1.6839551346811144,1.6039551346811145,42
1000XEC,short,2022-02-17 17:25:00+00:00,2022-02-17 17:30:00+00:00,2022-02-18 03:10:00+00:00,44123,44124,44240,0.08275,0.08025772986649089,0.08399613506675456,0.08025772986649089,take_profit,3.1053334521858655,3.0253334521858655,117
1000XEC,long,2022-02-18 15:40:00+00:00,2022-02-18 15:45:00+00:00,2022-02-18 17:55:00+00:00,44390,44391,44417,0.07948,0.0802451247397556,0.0791274376301222,0.0802451247397556,take_profit,0.9626632357267351,0.882663235726735,27
1000XEC,short,2022-02-18 20:15:00+00:00,2022-02-18 20:20:00+00:00,2022-02-18 21:55:00+00:00,44445,44446,44465,0.07905,0.07967975298589765,0.07967975298589765,0.07779049402820469,stop,-0.7903550931051551,-0.8703550931051551,20
1000XEC,long,2022-02-19 15:20:00+00:00,2022-02-19 15:25:00+00:00,2022-02-19 17:05:00+00:00,44674,44675,44695,0.0795,0.0791638500519326,0.0791638500519326,0.08029229989613479,stop,-0.4228301233552112,-0.5028301233552113,21
1000XEC,short,2022-02-20 15:10:00+00:00,2022-02-20 15:15:00+00:00,2022-02-20 19:15:00+00:00,44960,44961,45009,0.07402,0.07462678251028647,0.07462678251028647,0.07277643497942708,stop,-0.8130894698600066,-0.8930894698600067,49
1000XEC,short,2022-02-20 19:50:00+00:00,2022-02-20 19:55:00+00:00,2022-02-20 20:45:00+00:00,45016,45017,45027,0.07405,0.07453532316489613,0.07453532316489613,0.07292935367020774,stop,-0.6511317644956494,-0.7311317644956494,11
1000XEC,long,2022-02-21 16:25:00+00:00,2022-02-21 16:30:00+00:00,2022-02-21 17:25:00+00:00,45263,45264,45275,0.07705,0.07665538304358316,0.07665538304358316,0.0777492339128337,stop,-0.5121569843177576,-0.5921569843177577,12
1000XEC,long,2022-02-23 15:25:00+00:00,2022-02-23 15:30:00+00:00,2022-02-23 17:20:00+00:00,45827,45828,45850,0.07244,0.07330825681377957,0.07206587159311022,0.07330825681377957,take_profit,1.1985875397288348,1.1185875397288347,23
1000XEC,short,2022-02-24 16:30:00+00:00,2022-02-24 16:35:00+00:00,2022-02-24 16:45:00+00:00,46128,46129,46131,0.06215,0.0634058328751094,0.0634058328751094,0.059668334249781206,stop,-1.9806267312709513,-2.0606267312709514,3
1000XEC,long,2022-02-25 15:15:00+00:00,2022-02-25 15:20:00+00:00,2022-02-25 17:15:00+00:00,46401,46402,46425,0.07095,0.07009146790875839,0.07009146790875839,0.07272706418248323,stop,-1.2100522780008505,-1.2900522780008505,24
1000XEC,short,2022-02-25 17:20:00+00:00,2022-02-25 17:25:00+00:00,2022-02-25 18:00:00+00:00,46426,46427,46434,0.06995,0.07080603668417049,0.07080603668417049,0.06811792663165903,stop,-1.2089882787661654,-1.2889882787661655,8
1000XEC,short,2022-02-25 18:25:00+00:00,2022-02-25 18:30:00+00:00,2022-02-25 18:35:00+00:00,46439,46440,46441,0.06979,0.07051896004358799,0.07051896004358799,0.06839207991282402,stop,-1.033707875353529,-1.113707875353529,2
1000XEC,short,2022-02-26 18:10:00+00:00,2022-02-26 18:15:00+00:00,2022-02-26 19:50:00+00:00,46724,46725,46744,0.07384,0.07469741827989959,0.07469741827989959,0.07212516344020083,stop,-1.1478553069755981,-1.2278553069755982,20
1000XEC,short,2022-02-27 15:25:00+00:00,2022-02-27 15:30:00+00:00,2022-02-27 19:50:00+00:00,46979,46980,47032,0.075,0.07571531933329455,0.07571531933329455,0.07353936133341091,stop,-0.9447484862947664,-1.0247484862947664,53
1000XEC,short,2022-02-28 15:05:00+00:00,2022-02-28 15:10:00+00:00,2022-02-28 16:05:00+00:00,47263,47264,47275,0.07239,0.0731726380274899,0.0731726380274899,0.07073472394502019,stop,-1.0695774384898882,-1.1495774384898882,12
1000XEC,long,2022-02-28 19:00:00+00:00,2022-02-28 19:05:00+00:00,2022-02-28 23:30:00+00:00,47310,47311,47364,0.07315,0.07430070556116518,0.0725596472194174,0.07430070556116518,take_profit,1.5730766386400141,1.493076638640014,54
1000XEC,short,2022-03-01 15:05:00+00:00,2022-03-01 15:10:00+00:00,2022-03-01 15:20:00+00:00,47551,47552,47554,0.07719,0.077753724099813,0.077753724099813,0.07606255180037398,stop,-0.7250123467904213,-0.8050123467904213,3
1000XEC,long,2022-03-01 15:50:00+00:00,2022-03-01 15:55:00+00:00,2022-03-01 17:45:00+00:00,47560,47561,47583,0.07822,0.07960665042840763,0.07752667478579618,0.07960665042840763,take_profit,1.7727568760005585,1.6927568760005587,23
1000XEC,long,2022-03-01 18:40:00+00:00,2022-03-01 18:45:00+00:00,2022-03-01 18:55:00+00:00,47594,47595,47597,0.07804,0.07912723566524257,0.07749638216737871,0.07912723566524257,take_profit,1.393177428552761,1.3131774285527609,3
1000XEC,long,2022-03-01 19:40:00+00:00,2022-03-01 19:45:00+00:00,2022-03-01 21:20:00+00:00,47606,47607,47626,0.07801,0.07927125304573229,0.07737937347713385,0.07927125304573229,take_profit,1.6167838042972615,1.5367838042972615,20
1000XEC,short,2022-03-02 15:20:00+00:00,2022-03-02 15:25:00+00:00,2022-03-02 16:00:00+00:00,47842,47843,47850,0.07755,0.07638483178703462,0.0780875841064827,0.07638483178703462,take_profit,1.5253921304872797,1.4453921304872797,8
1000XEC,short,2022-03-02 19:15:00+00:00,2022-03-02 19:20:00+00:00,2022-03-02 19:35:00+00:00,47889,47890,47893,0.07749,0.07794705540121234,0.07794705540121234,0.0765158891975753,stop,-0.5863664751154074,-0.6663664751154075,4
1000XEC,short,2022-03-03 15:05:00+00:00,2022-03-03 15:10:00+00:00,2022-03-03 15:50:00+00:00,48127,48128,48136,0.07463,0.07515238732189465,0.07515238732189465,0.07352522535621069,stop,-0.6951040951728493,-0.7751040951728494,9
1000XEC,short,2022-03-03 19:00:00+00:00,2022-03-03 19:05:00+00:00,2022-03-03 19:45:00+00:00,48174,48175,48183,0.07461,0.0752561670111314,0.0752561670111314,0.07331766597773719,stop,-0.858623335195674,-0.9386233351956741,9
1000XEC,long,2022-03-04 15:50:00+00:00,2022-03-04 15:55:00+00:00,2022-03-04 17:30:00+00:00,48424,48425,48444,0.07336,0.07300705160243572,0.07300705160243572,0.07409589679512858,stop,-0.48111831729045207,-0.5611183172904521,20
1000XEC,long,2022-03-04 17:35:00+00:00,2022-03-04 17:40:00+00:00,2022-03-05 04:05:00+00:00,48445,48446,48571,0.07329,0.07230243278365897,0.07230243278365897,0.07526513443268204,stop,-1.3474788052135644,-1.4274788052135645,126
1000XEC,long,2022-03-05 15:15:00+00:00,2022-03-05 15:20:00+00:00,2022-03-06 01:05:00+00:00,48705,48706,48823,0.07139,0.07215920534064373,0.07102039732967814,0.07215920534064373,take_profit,1.0774693103287936,0.9974693103287935,118
1000XEC,short,2022-03-06 16:10:00+00:00,2022-03-06 16:15:00+00:00,2022-03-06 16:35:00+00:00,49004,49005,49009,0.07109,0.07147694350942806,0.07147694350942806,0.0702861129811439,stop,-0.5413543031215662,-0.6213543031215663,5
1000XEC,short,2022-03-06 17:05:00+00:00,2022-03-06 17:10:00+00:00,2022-03-06 18:50:00+00:00,49015,49016,49036,0.07106,0.07024282516785886,0.07151358741607057,0.07024282516785886,take_profit,1.1633570121764691,1.083357012176469,21
1000XEC,short,2022-03-07 16:50:00+00:00,2022-03-07 16:55:00+00:00,2022-03-07 17:30:00+00:00,49300,49301,49308,0.06862,0.06772714448839019,0.0690664277558049,0.06772714448839019,take_profit,1.3183126475424745,1.2383126475424744,8
1000XEC,short,2022-03-07 18:30:00+00:00,2022-03-07 18:35:00+00:00,2022-03-07 20:20:00+00:00,49320,49321,49342,0.06877,0.06920169491243335,0.06920169491243335,0.06784661017513333,stop,-0.6238212994343684,-0.7038212994343684,22
1000XEC,long,2022-03-08 15:05:00+00:00,2022-03-08 15:10:00+00:00,2022-03-08 15:20:00+00:00,49567,49568,49570,0.06911,0.06867542611212425,0.06867542611212425,0.06994914777575148,stop,-0.6288147704756941,-0.7088147704756942,3
1000XEC,short,2022-03-08 15:25:00+00:00,2022-03-08 15:30:00+00:00,2022-03-08 16:40:00+00:00,49571,49572,49586,0.06815,0.06904490172874893,0.06904490172874893,0.06639019654250214,stop,-1.2961155803576263,-1.3761155803576264,15
1000XEC,long,2022-03-08 17:10:00+00:00,2022-03-08 17:15:00+00:00,2022-03-09 00:30:00+00:00,49592,49593,49680,0.06916,0.06858235699376185,0.06858235699376185,0.0703152860124763,stop,-0.8352270188521582,-0.9152270188521583,88
1000XEC,long,2022-03-09 16:35:00+00:00,2022-03-09 16:40:00+00:00,2022-03-09 17:35:00+00:00,49873,49874,49885,0.07258,0.07219700859210927,0.07219700859210927,0.07334598281578147,stop,-0.5276817413760515,-0.6076817413760516,12
1000XEC,long,2022-03-09 17:45:00+00:00,2022-03-09 17:50:00+00:00,2022-03-09 19:00:00+00:00,49887,49888,49902,0.07269,0.07218242881536512,0.07218242881536512,0.07370514236926978,stop,-0.6982682413466668,-0.7782682413466668,15
1000XEC,long,2022-03-09 20:00:00+00:00,2022-03-09 20:05:00+00:00,2022-03-09 22:05:00+00:00,49914,49915,49939,0.07276,0.07228063407444454,0.07228063407444454,0.0736887318511109,stop,-0.6588316733857402,-0.7388316733857403,25
1000XEC,short,2022-03-12 15:25:00+00:00,2022-03-12 15:30:00+00:00,2022-03-12 22:35:00+00:00,50723,50724,50809,0.07415,0.07493315493488,0.07493315493488,0.07258369013023999,stop,-1.0451380774779806,-1.1251380774779807,86
1000XEC,short,2022-03-13 17:20:00+00:00,2022-03-13 17:25:00+00:00,2022-03-13 18:55:00+00:00,51034,51035,51053,0.07317,0.07346449319433711,0.07346449319433711,0.07258101361132578,stop,-0.4008646647273295,-0.4808646647273295,19
1000XEC,short,2022-03-13 19:40:00+00:00,2022-03-13 19:45:00+00:00,2022-03-13 21:00:00+00:00,51062,51063,51078,0.07312,0.07369470707305498,0.07369470707305498,0.07191058585389004,stop,-0.7798485072818773,-0.8598485072818773,16
1000XEC,short,2022-03-15 16:10:00+00:00,2022-03-15 16:15:00+00:00,2022-03-16 09:30:00+00:00,51596,51597,51804,0.07874,0.08111812833566068,0.08111812833566068,0.07404374332867864,stop,-2.931685412932805,-3.0116854129328052,208
1000XEC,short,2022-03-16 14:20:00+00:00,2022-03-16 14:25:00+00:00,2022-03-16 14:45:00+00:00,51862,51863,51867,0.07694,0.0776573594601201,0.0776573594601201,0.07550528107975978,stop,-0.9237494876303431,-1.0037494876303432,5
1000XEC,short,2022-03-17 14:15:00+00:00,2022-03-17 14:20:00+00:00,2022-03-17 15:45:00+00:00,52149,52150,52167,0.07848,0.07783830451828119,0.0788008477408594,0.07783830451828119,take_profit,0.8243955025614591,0.744395502561459,18
1000XEC,short,2022-03-17 17:20:00+00:00,2022-03-17 17:25:00+00:00,2022-03-17 19:00:00+00:00,52186,52187,52206,0.0785,0.07796790886930431,0.07876604556534784,0.07796790886930431,take_profit,0.6824488926432837,0.6024488926432836,20
1000XEC,short,2022-03-18 14:30:00+00:00,2022-03-18 14:35:00+00:00,2022-03-19 00:15:00+00:00,52440,52441,52557,0.07957,0.0806491784105005,0.0806491784105005,0.07741164317899901,stop,-1.3381145744690959,-1.418114574469096,117
1000XEC,long,2022-03-19 14:25:00+00:00,2022-03-19 14:30:00+00:00,2022-03-19 21:50:00+00:00,52727,52728,52816,0.08221,0.08360827060149854,0.08155586469925072,0.08360827060149854,take_profit,1.7008522095834255,1.6208522095834257,89
1000XEC,short,2022-03-20 18:20:00+00:00,2022-03-20 18:25:00+00:00,2022-03-20 20:55:00+00:00,53062,53063,53093,0.08091,0.08011893990800842,0.08124553004599579,0.08011893990800842,take_profit,0.9873571628629341,0.907357162862934,31
1000XEC,long,2022-03-21 14:55:00+00:00,2022-03-21 15:00:00+00:00,2022-03-21 15:30:00+00:00,53309,53310,53316,0.08044,0.0801136849608162,0.0801136849608162,0.0810926300783676,stop,-0.4056626543806563,-0.4856626543806563,7
1000XEC,long,2022-03-21 16:15:00+00:00,2022-03-21 16:20:00+00:00,2022-03-21 17:00:00+00:00,53325,53326,53334,0.08042,0.08109419261146819,0.0800979036942659,0.08109419261146819,take_profit,0.838339482054451,0.7583394820544509,9
1000XEC,long,2022-03-21 18:20:00+00:00,2022-03-21 18:25:00+00:00,2022-03-21 19:00:00+00:00,53350,53351,53358,0.08045,0.08106678149807155,0.08012660925096422,0.08106678149807155,take_profit,0.7666643854214561,0.686664385421456,8
1000XEC,long,2022-03-22 17:35:00+00:00,2022-03-22 17:40:00+00:00,2022-03-22 17:45:00+00:00,53629,53630,53631,0.08294,0.0825958630190262,0.0825958630190262,0.0835982739619476,stop,-0.4149228128451865,-0.4949228128451865,2
1000XEC,long,2022-03-22 19:20:00+00:00,2022-03-22 19:25:00+00:00,2022-03-22 19:45:00+00:00,53650,53651,53655,0.08294,0.08376775047494738,0.08252612476252631,0.08376775047494738,take_profit,0.9980111827192939,0.9180111827192938,5
1000XEC,long,2022-03-24 14:45:00+00:00,2022-03-24 14:50:00+00:00,2022-03-24 15:25:00+00:00,54171,54172,54179,0.08313,0.08373685955206663,0.08279657022396669,0.08373685955206663,take_profit,0.7300126934519868,0.6500126934519868,8
1000XEC,long,2022-03-24 15:55:00+00:00,2022-03-24 16:00:00+00:00,2022-03-24 16:10:00+00:00,54185,54186,54188,0.08297,0.08273688082831662,0.08273688082831662,0.08358623834336674,stop,-0.2809680266161019,-0.3609680266161019,3
1000XEC,short,2022-03-24 16:15:00+00:00,2022-03-24 16:20:00+00:00,2022-03-24 16:30:00+00:00,54189,54190,54192,0.08255,0.08288611975901834,0.08288611975901834,0.08205776048196332,stop,-0.4055199591868619,-0.4855199591868619,3
1000XEC,short,2022-03-24 17:00:00+00:00,2022-03-24 17:05:00+00:00,2022-03-24 17:55:00+00:00,54198,54199,54209,0.08263,0.08298476060416596,0.08298476060416596,0.08189047879166808,stop,-0.42750090689320785,-0.5075009068932079,11
1000XEC,long,2022-03-25 14:45:00+00:00,2022-03-25 14:50:00+00:00,2022-03-25 15:40:00+00:00,54459,54460,54470,0.08409,0.08382549167767152,0.08382549167767152,0.08455901664465698,stop,-0.3145538379456303,-0.3945538379456303,11
1000XEC,long,2022-03-25 18:10:00+00:00,2022-03-25 18:15:00+00:00,2022-03-25 18:20:00+00:00,54500,54501,54502,0.08407,0.08480527724305525,0.08370236137847238,0.08480527724305525,take_profit,0.8746012169088324,0.7946012169088323,2
1000XEC,long,2022-03-26 15:30:00+00:00,2022-03-26 15:35:00+00:00,2022-03-26 15:40:00+00:00,54756,54757,54758,0.08512,0.08565063998390017,0.08483968000804992,0.08565063998390017,take_profit,0.6234022367248127,0.5434022367248126,2
1000XEC,long,2022-03-27 14:25:00+00:00,2022-03-27 14:30:00+00:00,2022-03-27 14:35:00+00:00,55031,55032,55033,0.08915,0.08841852212686306,0.08841852212686306,0.09070295574627386,stop,-0.8205023815332946,-0.9005023815332946,2
1000XEC,long,2022-03-27 18:15:00+00:00,2022-03-27 18:20:00+00:00,2022-03-27 19:45:00+00:00,55077,55078,55095,0.08913,0.09053867000937295,0.08833566499531352,0.09053867000937295,take_profit,1.5804667445001197,1.5004667445001196,18
1000XEC,long,2022-03-28 14:30:00+00:00,2022-03-28 14:35:00+00:00,2022-03-28 14:50:00+00:00,55320,55321,55324,0.09807,0.09907086594946125,0.09756956702526938,0.09907086594946125,take_profit,1.0205628117275989,0.9405628117275988,4
1000XEC,long,2022-03-29 14:20:00+00:00,2022-03-29 14:25:00+00:00,2022-03-29 16:55:00+00:00,55606,55607,55637,0.09679,0.09593127764731554,0.09593127764731554,0.0984474447053689,stop,-0.887201521525427,-0.967201521525427,31
1000XEC,long,2022-03-29 17:05:00+00:00,2022-03-29 17:10:00+00:00,2022-03-29 22:05:00+00:00,55639,55640,55699,0.09666,0.09872754218495985,0.09562622890752007,0.09872754218495985,take_profit,2.1389842592177244,2.0589842592177243,60
1000XEC,long,2022-03-30 13:00:00+00:00,2022-03-30 13:05:00+00:00,2022-03-30 13:35:00+00:00,55878,55879,55885,0.09482,0.09323115447869448,0.09323115447869448,0.09796769104261105,stop,-1.6756438739775503,-1.7556438739775502,7
1000XEC,long,2022-03-30 14:20:00+00:00,2022-03-30 14:25:00+00:00,2022-03-30 22:35:00+00:00,55894,55895,55993,0.09448,0.09352801915787202,0.09352801915787202,0.09644396168425595,stop,-1.007600383285323,-1.0876003832853232,99
1000XEC,long,2022-04-01 14:05:00+00:00,2022-04-01 14:10:00+00:00,2022-04-01 15:50:00+00:00,56467,56468,56488,0.09324,0.09476089489756855,0.09252455255121574,0.09476089489756855,take_profit,1.6311614088036608,1.5511614088036607,21
1000XEC,long,2022-04-02 14:20:00+00:00,2022-04-02 14:25:00+00:00,2022-04-02 15:40:00+00:00,56758,56759,56774,0.09951,0.10160838158654896,0.09846080920672552,0.10160838158654896,take_profit,2.1087142865530595,2.0287142865530594,16
1000XEC,short,2022-04-04 18:35:00+00:00,2022-04-04 18:40:00+00:00,2022-04-05 00:05:00+00:00,57385,57386,57451,0.11004,0.10639017667531658,0.1119399116623417,0.10639017667531658,take_profit,3.4306018081180722,3.350601808118072,66
1000XEC,long,2022-04-05 16:25:00+00:00,2022-04-05 16:30:00+00:00,2022-04-05 18:30:00+00:00,57647,57648,57672,0.11112,0.11294523952803022,0.11019238023598489,0.11294523952803022,take_profit,1.6425841684937215,1.5625841684937216,25
1000XEC,short,2022-04-06 15:20:00+00:00,2022-04-06 15:25:00+00:00,2022-04-06 15:25:00+00:00,57922,57923,57923,0.10621,0.10708533090786546,0.10708533090786546,0.10439933818426911,stop,-0.8174143932174749,-0.897414393217475,1
1000XEC,short,2022-04-06 17:05:00+00:00,2022-04-06 17:10:00+00:00,2022-04-06 18:40:00+00:00,57943,57944,57962,0.10617,0.10695279544869808,0.10695279544869808,0.10466440910260386,stop,-0.7319074227223554,-0.8119074227223555,19
1000XEC,short,2022-04-07 19:55:00+00:00,2022-04-07 20:00:00+00:00,2022-04-07 20:30:00+00:00,58265,58266,58272,0.09973,0.10086942048457384,0.10086942048457384,0.09745115903085232,stop,-1.1295995149968152,-1.2095995149968153,7
1000XEC,long,2022-04-08 14:35:00+00:00,2022-04-08 14:40:00+00:00,2022-04-08 16:45:00+00:00,58489,58490,58515,0.10522,0.10422430876858324,0.10422430876858324,0.10730138246283351,stop,-0.9462946506526793,-1.0262946506526793,26
1000XEC,long,2022-04-08 17:00:00+00:00,2022-04-08 17:05:00+00:00,2022-04-08 20:15:00+00:00,58518,58519,58557,0.10601,0.10421451115463412,0.10421451115463412,0.10951097769073177,stop,-1.6936976184943608,-1.7736976184943607,39
1000XEC,short,2022-04-09 17:05:00+00:00,2022-04-09 17:10:00+00:00,2022-04-09 20:35:00+00:00,58807,58808,58849,0.10128,0.10198915038247816,0.10198915038247816,0.09980169923504369,stop,-0.6953194333110146,-0.7753194333110147,42
1000XEC,short,2022-04-10 14:20:00+00:00,2022-04-10 14:25:00+00:00,2022-04-10 16:00:00+00:00,59062,59063,59082,0.10079,0.10151426862836255,0.10151426862836255,0.09931146274327489,stop,-0.7134648539054544,-0.7934648539054545,20
1000XEC,short,2022-04-10 16:25:00+00:00,2022-04-10 16:30:00+00:00,2022-04-10 17:10:00+00:00,59087,59088,59096,0.10103,0.10139539810261025,0.10139539810261025,0.10032920379477951,stop,-0.36036951325983946,-0.4403695132598395,9
1000XEC,short,2022-04-10 17:20:00+00:00,2022-04-10 17:25:00+00:00,2022-04-10 19:55:00+00:00,59098,59099,59129,0.10093,0.10143314640889615,0.10143314640889615,0.09992370718220771,stop,-0.4960374657687061,-0.5760374657687062,31
1000XEC,short,2022-04-11 17:35:00+00:00,2022-04-11 17:40:00+00:00,2022-04-11 18:15:00+00:00,59389,59390,59397,0.09501,0.09365700802897703,0.09570149598551148,0.09365700802897703,take_profit,1.4446243794210778,1.3646243794210777,8
1000XEC,long,2022-04-12 14:15:00+00:00,2022-04-12 14:20:00+00:00,2022-04-12 15:15:00+00:00,59637,59638,59649,0.08867,0.09009661518256704,0.08795669240871648,0.09009661518256704,take_profit,1.6089040065039306,1.5289040065039305,12
1000XEC,long,2022-04-13 14:50:00+00:00,2022-04-13 14:55:00+00:00,2022-04-13 15:50:00+00:00,59932,59933,59944,0.09316,0.09250678786081983,0.09250678786081983,0.09446642427836037,stop,-0.7011723262990377,-0.7811723262990378,12
1000XEC,long,2022-04-13 18:00:00+00:00,2022-04-13 18:05:00+00:00,2022-04-13 19:10:00+00:00,59970,59971,59984,0.09306,0.09263547184522411,0.09263547184522411,0.09396905630955177,stop,-0.456187572293032,-0.536187572293032,14
1000XEC,short,2022-04-14 16:05:00+00:00,2022-04-14 16:10:00+00:00,2022-04-14 16:25:00+00:00,60235,60236,60239,0.09361,0.0941288804186565,0.0941288804186565,0.092572239162687,stop,-0.5512446513213365,-0.6312446513213366,4
1000XEC,short,2022-04-14 16:35:00+00:00,2022-04-14 16:40:00+00:00,2022-04-14 18:25:00+00:00,60241,60242,60263,0.09384,0.09290176993251775,0.09429411503374112,0.09290176993251775,take_profit,1.00991624612079,0.9299162461207899,22
1000XEC,long,2022-04-15 14:30:00+00:00,2022-04-15 14:35:00+00:00,2022-04-15 15:25:00+00:00,60504,60505,60515,0.09355,0.09309637033506105,0.09309637033506105,0.09451725932987791,stop,-0.4849061089673423,-0.5649061089673424,11
1000XEC,short,2022-04-16 14:35:00+00:00,2022-04-16 14:40:00+00:00,2022-04-16 17:35:00+00:00,60793,60794,60829,0.09225,0.09269069376551255,0.09269069376551255,0.09139861246897489,stop,-0.47544553569467407,-0.5554455356946741,36
1000XEC,long,2022-04-17 14:50:00+00:00,2022-04-17 14:55:00+00:00,2022-04-17 15:10:00+00:00,61084,61085,61088,0.09281,0.09253623718628255,0.09253623718628255,0.0933875256274349,stop,-0.29497124632846816,-0.3749712463284682,4
1000XEC,long,2022-04-17 15:30:00+00:00,2022-04-17 15:35:00+00:00,2022-04-17 15:45:00+00:00,61092,61093,61095,0.09268,0.0924890158406035,0.0924890158406035,0.09315196831879301,stop,-0.20606836361296565,-0.28606836361296567,3
1000XEC,long,2022-04-17 16:05:00+00:00,2022-04-17 16:10:00+00:00,2022-04-17 16:30:00+00:00,61099,61100,61104,0.09277,0.09249342524860361,0.09249342524860361,0.09332314950279279,stop,-0.2981295153566821,-0.3781295153566821,5
1000XEC,long,2022-04-19 16:35:00+00:00,2022-04-19 16:40:00+00:00,2022-04-19 18:55:00+00:00,61681,61682,61709,0.09065,0.08997625382300183,0.08997625382300183,0.09205749235399635,stop,-0.7432390259218602,-0.8232390259218603,28
1000XEC,short,2022-04-20 14:10:00+00:00,2022-04-20 14:15:00+00:00,2022-04-20 14:40:00+00:00,61940,61941,61946,0.09105,0.09133977141102162,0.09133977141102162,0.09047045717795678,stop,-0.3172456056602879,-0.39724560566028794,6
1000XEC,short,2022-04-20 16:25:00+00:00,2022-04-20 16:30:00+00:00,2022-04-20 18:05:00+00:00,61967,61968,61987,0.09112,0.09142735221215333,0.09142735221215333,0.09041529557569336,stop,-0.33617096494288345,-0.41617096494288347,20
1000XEC,long,2022-04-21 17:05:00+00:00,2022-04-21 17:10:00+00:00,2022-04-21 17:30:00+00:00,62263,62264,62268,0.09225,0.09391426454603936,0.09144786772698033,0.09391426454603936,take_profit,1.8040808087147697,1.7240808087147699,5
1000XEC,long,2022-04-22 14:15:00+00:00,2022-04-22 14:20:00+00:00,2022-04-22 14:40:00+00:00,62517,62518,62522,0.09212,0.09167003032376676,0.09167003032376676,0.09301993935246645,stop,-0.48846035196833393,-0.568460351968334,5
1000XEC,long,2022-04-22 14:45:00+00:00,2022-04-22 14:50:00+00:00,2022-04-22 15:30:00+00:00,62523,62524,62532,0.09232,0.09403068708695189,0.09144965645652406,0.09403068708695189,take_profit,1.852997277894164,1.772997277894164,9
1000XEC,short,2022-04-22 16:20:00+00:00,2022-04-22 16:25:00+00:00,2022-04-23 20:10:00+00:00,62542,62543,62876,0.09089,0.09216175013186867,0.09216175013186867,0.08819649973626267,stop,-1.3799110043472451,-1.4599110043472452,334
1000XEC,long,2022-04-24 17:45:00+00:00,2022-04-24 17:50:00+00:00,2022-04-24 20:25:00+00:00,63135,63136,63167,0.0909,0.08960909082807746,0.08960909082807746,0.09348181834384507,stop,-1.4201421033251282,-1.5001421033251283,32
1000XEC,short,2022-04-25 14:05:00+00:00,2022-04-25 14:10:00+00:00,2022-04-25 14:15:00+00:00,63379,63380,63381,0.08676,0.08734161570595955,0.08734161570595955,0.0856267685880809,stop,-0.665909030029388,-0.745909030029388,2
1000XEC,long,2022-04-25 14:20:00+00:00,2022-04-25 14:25:00+00:00,2022-04-25 14:35:00+00:00,63382,63383,63385,0.08753,0.08708783173979842,0.08708783173979842,0.08841433652040315,stop,-0.5051619561311282,-0.5851619561311283,3
1000XEC,long,2022-04-26 14:20:00+00:00,2022-04-26 14:25:00+00:00,2022-04-26 15:25:00+00:00,63670,63671,63683,0.08737,0.08699130574893653,0.08699130574893653,0.08809738850212692,stop,-0.4334373939149261,-0.5134373939149262,13
1000XEC,long,2022-04-26 15:45:00+00:00,2022-04-26 15:50:00+00:00,2022-04-26 16:00:00+00:00,63687,63688,63690,0.08731,0.08698890970559613,0.08698890970559613,0.08795218058880774,stop,-0.36775889864147926,-0.4477588986414793,3
1000XEC,long,2022-04-26 16:10:00+00:00,2022-04-26 16:15:00+00:00,2022-04-26 17:30:00+00:00,63692,63693,63708,0.0874,0.08690517401848914,0.08690517401848914,0.08832965196302171,stop,-0.5661624502412588,-0.6461624502412588,16
1000XEC,long,2022-04-27 15:30:00+00:00,2022-04-27 15:35:00+00:00,2022-04-27 16:00:00+00:00,63972,63973,63978,0.0809,0.08180783607913665,0.08046108196043167,0.08180783607913665,take_profit,1.1221706787844843,1.0421706787844842,6
1000XEC,short,2022-04-28 14:30:00+00:00,2022-04-28 14:35:00+00:00,2022-04-28 15:15:00+00:00,64248,64249,64257,0.08041,0.08069590522415215,0.08069590522415215,0.07980818955169569,stop,-0.35429954389629703,-0.43429954389629705,9
1000XEC,long,2022-04-28 15:40:00+00:00,2022-04-28 15:45:00+00:00,2022-04-28 15:45:00+00:00,64262,64263,64263,0.08086,0.08067462699559738,0.08067462699559738,0.08126074600880523,stop,-0.2292517986675957,-0.3092517986675957,1
1000XEC,long,2022-04-28 16:15:00+00:00,2022-04-28 16:20:00+00:00,2022-04-28 17:25:00+00:00,64269,64270,64283,0.08101,0.0818218186375457,0.08060409068122715,0.0818218186375457,take_profit,1.00212151283261,0.9221215128326099,14
1000XEC,short,2022-04-29 18:00:00+00:00,2022-04-29 18:05:00+00:00,2022-04-29 19:40:00+00:00,64578,64579,64598,0.07936,0.07836020642037762,0.07985989678981119,0.07836020642037762,take_profit,1.2758945200562755,1.1958945200562754,20
1000XEC,long,2022-04-30 14:50:00+00:00,2022-04-30 14:55:00+00:00,2022-04-30 15:30:00+00:00,64828,64829,64836,0.07619,0.07591299819699994,0.07591299819699994,0.0767440036060001,stop,-0.3635671387321904,-0.4435671387321904,8
1000XEC,long,2022-04-30 15:40:00+00:00,2022-04-30 15:45:00+00:00,2022-04-30 16:55:00+00:00,64838,64839,64853,0.07618,0.07585382470563985,0.07585382470563985,0.07683235058872029,stop,-0.4281639463903142,-0.5081639463903143,15
1000XEC,short,2022-04-30 17:00:00+00:00,2022-04-30 17:05:00+00:00,2022-04-30 17:10:00+00:00,64854,64855,64856,0.07553,0.07603955778674108,0.07603955778674108,0.07451088442651783,stop,-0.6701219754199239,-0.750121975419924,2
1000XEC,long,2022-05-01 14:10:00+00:00,2022-05-01 14:15:00+00:00,2022-05-01 14:40:00+00:00,65108,65109,65114,0.07391,0.07274156779092233,0.07274156779092233,0.07621686441815531,stop,-1.5808851428462556,-1.6608851428462554,6
1000XEC,long,2022-05-02 14:10:00+00:00,2022-05-02 14:15:00+00:00,2022-05-02 14:15:00+00:00,65396,65397,65397,0.07422,0.07388217567094489,0.07388217567094489,0.07486564865811021,stop,-0.4551661668756424,-0.5351661668756424,1
1000XEC,long,2022-05-02 14:35:00+00:00,2022-05-02 14:40:00+00:00,2022-05-02 15:50:00+00:00,65401,65402,65416,0.07411,0.07381055170723534,0.07381055170723534,0.07473889658552933,stop,-0.404059226507425,-0.484059226507425,15
1000XEC,long,2022-05-02 16:45:00+00:00,2022-05-02 16:50:00+00:00,2022-05-02 16:55:00+00:00,65427,65428,65429,0.07418,0.07390386218748979,0.07390386218748979,0.07473227562502041,stop,-0.372253724063365,-0.452253724063365,2
1000XEC,long,2022-05-03 14:40:00+00:00,2022-05-03 14:45:00+00:00,2022-05-03 15:15:00+00:00,65690,65691,65697,0.07332,0.07296714604509805,0.07296714604509805,0.07396570790980392,stop,-0.48125198431798744,-0.5612519843179875,7
1000XEC,long,2022-05-03 15:35:00+00:00,2022-05-03 15:40:00+00:00,2022-05-03 16:15:00+00:00,65701,65702,65709,0.07334,0.07415693598742558,0.07293153200628721,0.07415693598742558,take_profit,1.1139023553662142,1.033902355366214,8
1000XEC,short,2022-05-03 19:20:00+00:00,2022-05-03 19:25:00+00:00,2022-05-03 19:50:00+00:00,65746,65747,65752,0.07259,0.07311131953569767,0.07311131953569767,0.07166736092860465,stop,-0.7130490039140014,-0.7930490039140015,6
1000XEC,short,2022-05-04 14:15:00+00:00,2022-05-04 14:20:00+00:00,2022-05-04 15:05:00+00:00,65973,65974,65983,0.07169,0.07217625700819455,0.07217625700819455,0.07071748598361091,stop,-0.6737077099181477,-0.7537077099181477,10
1000XEC,long,2022-05-04 15:45:00+00:00,2022-05-04 15:50:00+00:00,2022-05-04 17:00:00+00:00,65991,65992,66006,0.07248,0.07316160474567043,0.07210919762716478,0.07316160474567043,take_profit,0.9404038985519225,0.8604038985519225,15
1000XEC,long,2022-05-05 14:15:00+00:00,2022-05-05 14:20:00+00:00,2022-05-05 14:25:00+00:00,66261,66262,66263,0.07917,0.0789121217035204,0.0789121217035204,0.07968575659295922,stop,-0.3257272912461917,-0.4057272912461917,2
1000XEC,long,2022-05-06 14:35:00+00:00,2022-05-06 14:40:00+00:00,2022-05-06 15:55:00+00:00,66553,66554,66569,0.07129,0.07087702595942248,0.07087702595942248,0.07208594808115502,stop,-0.5792874745090826,-0.6592874745090826,16
1000XEC,short,2022-05-06 16:35:00+00:00,2022-05-06 16:40:00+00:00,2022-05-07 00:15:00+00:00,66577,66578,66669,0.06968,0.07099569160022078,0.07099569160022078,0.06695861679955846,stop,-1.8531992161291644,-1.9331992161291642,92
1000XEC,long,2022-05-08 15:50:00+00:00,2022-05-08 15:55:00+00:00,2022-05-08 17:25:00+00:00,67144,67145,67163,0.06915,0.06877233948574607,0.06877233948574607,0.07011532102850787,stop,-0.5461468029702599,-0.6261468029702599,19
1000XEC,long,2022-05-08 17:45:00+00:00,2022-05-08 17:50:00+00:00,2022-05-08 18:10:00+00:00,67167,67168,67172,0.06919,0.06876112926604762,0.06876112926604762,0.06998774146790475,stop,-0.6198449688573193,-0.6998449688573194,5
1000XEC,long,2022-05-08 19:15:00+00:00,2022-05-08 19:20:00+00:00,2022-05-08 20:05:00+00:00,67185,67186,67195,0.0692,0.069974202610484,0.06878289869475801,0.069974202610484,take_profit,1.1187898995433487,1.0387898995433487,10
1000XEC,short,2022-05-09 14:20:00+00:00,2022-05-09 14:25:00+00:00,2022-05-09 19:25:00+00:00,67414,67415,67475,0.06632,0.06488210531012416,0.06703894734493793,0.06488210531012416,take_profit,2.2161652785509744,2.1361652785509744,61
1000XEC,long,2022-05-10 14:05:00+00:00,2022-05-10 14:10:00+00:00,2022-05-10 14:45:00+00:00,67699,67700,67707,0.05697,0.05899986619090702,0.056000066904546494,0.05899986619090702,take_profit,3.5630440423152887,3.4830440423152886,8
1000XEC,short,2022-05-11 15:15:00+00:00,2022-05-11 15:20:00+00:00,2022-05-11 15:55:00+00:00,68001,68002,68009,0.05655,0.054337018480939976,0.05764149075953001,0.054337018480939976,take_profit,4.072695891174605,3.9926958911746047,8
1000XEC,short,2022-05-11 19:00:00+00:00,2022-05-11 19:05:00+00:00,2022-05-11 20:50:00+00:00,68046,68047,68068,0.05656,0.05361360070456232,0.057988199647718834,0.05361360070456232,take_profit,5.495619127828788,5.415619127828788,22
1000XEC,short,2022-05-12 14:05:00+00:00,2022-05-12 14:10:00+00:00,2022-05-12 14:30:00+00:00,68275,68276,68280,0.02746,0.029122349787899963,0.029122349787899963,0.02413530042420007,stop,-5.708158167204813,-5.788158167204814,5
1000XEC,short,2022-05-12 14:45:00+00:00,2022-05-12 14:50:00+00:00,2022-05-12 15:25:00+00:00,68283,68284,68291,0.02762,0.029798708859518627,0.029798708859518627,0.023262582280962743,stop,-7.311420336330043,-7.391420336330043,8
1000XEC,short,2022-05-12 16:00:00+00:00,2022-05-12 16:05:00+00:00,2022-05-12 16:25:00+00:00,68298,68299,68303,0.02806,0.029669803282936388,0.029669803282936388,0.02481039343412722,stop,-5.425729545912461,-5.5057295459124616,5
1000XEC,long,2022-05-13 15:30:00+00:00,2022-05-13 15:35:00+00:00,2022-05-13 21:20:00+00:00,68580,68581,68650,0.04405,0.04804785139540345,0.042126074302298276,0.04804785139540345,take_profit,9.07571258888411,8.99571258888411,70
1000XEC,short,2022-05-14 18:30:00+00:00,2022-05-14 18:35:00+00:00,2022-05-14 19:15:00+00:00,68904,68905,68913,0.04225,0.04096195801059375,0.042909020994703125,0.04096195801059375,take_profit,3.1444834474785965,3.0644834474785965,9
1000XEC,long,2022-05-15 14:40:00+00:00,2022-05-15 14:45:00+00:00,2022-05-15 15:15:00+00:00,69146,69147,69153,0.04146,0.042978095805642165,0.04071595209717892,0.042978095805642165,take_profit,3.6615914270192285,3.5815914270192284,7
1000XEC,long,2022-05-16 14:05:00+00:00,2022-05-16 14:10:00+00:00,2022-05-16 14:30:00+00:00,69427,69428,69432,0.04489,0.043922302653414756,0.043922302653414756,0.046825394693170486,stop,-2.1557080565498876,-2.2357080565498877,5
1000XEC,long,2022-05-16 14:40:00+00:00,2022-05-16 14:45:00+00:00,2022-05-16 15:25:00+00:00,69434,69435,69443,0.04473,0.04368610543623463,0.04368610543623463,0.046757789127530744,stop,-2.333768307098971,-2.4137683070989713,9
1000XEC,long,2022-05-16 16:35:00+00:00,2022-05-16 16:40:00+00:00,2022-05-16 17:00:00+00:00,69457,69458,69462,0.04468,0.04359359682968438,0.04359359682968438,0.04682280634063124,stop,-2.431520076803073,-2.511520076803073,5
1000XEC,short,2022-05-18 15:50:00+00:00,2022-05-18 15:55:00+00:00,2022-05-18 16:55:00+00:00,70024,70025,70037,0.04771,0.048179641342904436,0.048179641342904436,0.04683071731419113,stop,-0.9747713553156179,-1.054771355315618,13
1000XEC,short,2022-05-18 18:20:00+00:00,2022-05-18 18:25:00+00:00,2022-05-18 18:45:00+00:00,70054,70055,70059,0.04765,0.047961325200154066,0.047961325200154066,0.04702734959969186,stop,-0.6491171769229309,-0.729117176922931,5
1000XEC,long,2022-05-19 15:05:00+00:00,2022-05-19 15:10:00+00:00,2022-05-19 17:05:00+00:00,70303,70304,70327,0.0454,0.04479310665873837,0.04479310665873837,0.046493786682523255,stop,-1.3367694741445724,-1.4167694741445724,24
1000XEC,short,2022-05-19 17:50:00+00:00,2022-05-19 17:55:00+00:00,2022-05-19 19:40:00+00:00,70336,70337,70358,0.04463,0.045150789459815946,0.045150789459815946,0.04358842108036812,stop,-1.15344485898623,-1.2334448589862301,22
1000XEC,short,2022-05-20 15:25:00+00:00,2022-05-20 15:30:00+00:00,2022-05-20 16:45:00+00:00,70595,70596,70611,0.04561,0.04620373513190779,0.04620373513190779,0.04442252973618441,stop,-1.28503708674792,-1.36503708674792,16
1000XEC,long,2022-05-21 16:35:00+00:00,2022-05-21 16:40:00+00:00,2022-05-21 17:05:00+00:00,70897,70898,70903,0.04598,0.0454962930402889,0.0454962930402889,0.04688741391942221,stop,-1.0519942577448926,-1.1319942577448927,6
1000XEC,short,2022-05-23 18:30:00+00:00,2022-05-23 18:35:00+00:00,2022-05-23 20:20:00+00:00,71496,71497,71518,0.05238,0.05334211154982174,0.05334211154982174,0.05039577690035651,stop,-1.8036622883275344,-1.8836622883275342,22
1000XEC,long,2022-05-24 14:50:00+00:00,2022-05-24 14:55:00+00:00,2022-05-24 15:35:00+00:00,71740,71741,71749,0.05122,0.05022081619539153,0.05022081619539153,0.053188367609216934,stop,-1.95076884929416,-2.03076884929416,9
1000XEC,short,2022-05-24 17:30:00+00:00,2022-05-24 17:35:00+00:00,2022-05-24 17:55:00+00:00,71772,71773,71777,0.04968,0.04833531433927018,0.05027734283036491,0.04833531433927018,take_profit,2.781994239845731,2.701994239845731,5
1000XEC,short,2022-05-26 14:20:00+00:00,2022-05-26 14:25:00+00:00,2022-05-26 17:20:00+00:00,72310,72311,72346,0.04853,0.04722872719041361,0.0491656364047932,0.04722872719041361,take_profit,2.755256995048816,2.675256995048816,36
1000XEC,short,2022-05-27 14:35:00+00:00,2022-05-27 14:40:00+00:00,2022-05-27 15:35:00+00:00,72601,72602,72613,0.04468,0.04573768828302688,0.04573768828302688,0.042564623433946236,stop,-2.3125092734942343,-2.3925092734942344,12
1000XEC,long,2022-05-27 17:05:00+00:00,2022-05-27 17:10:00+00:00,2022-05-27 20:45:00+00:00,72631,72632,72675,0.04608,0.048065641973788764,0.045132179013105615,0.048065641973788764,take_profit,4.309118866729089,4.229118866729089,44
1000XEC,long,2022-05-28 14:25:00+00:00,2022-05-28 14:30:00+00:00,2022-05-28 16:25:00+00:00,72887,72888,72911,0.04759,0.04707554535815139,0.04707554535815139,0.048648909283697236,stop,-1.0810141665236639,-1.161014166523664,24
1000XEC,long,2022-05-30 14:15:00+00:00,2022-05-30 14:20:00+00:00,2022-05-30 15:15:00+00:00,73461,73462,73473,0.04896,0.04971828106234612,0.04855085946882694,0.04971828106234612,take_profit,1.5487766796285163,1.4687766796285162,12
1000XEC,long,2022-05-31 14:15:00+00:00,2022-05-31 14:20:00+00:00,2022-05-31 14:25:00+00:00,73749,73750,73751,0.05247,0.05567717546621526,0.05089641226689237,0.05567717546621526,take_profit,6.1123984490475625,6.032398449047562,2
1000XEC,long,2022-05-31 15:05:00+00:00,2022-05-31 15:10:00+00:00,2022-05-31 15:35:00+00:00,73759,73760,73765,0.05193,0.05078741975435529,0.05078741975435529,0.054275160491289436,stop,-2.2002315533308447,-2.280231553330845,6
1000XEC,short,2022-05-31 18:05:00+00:00,2022-05-31 18:10:00+00:00,2022-05-31 22:35:00+00:00,73795,73796,73849,0.05083,0.049553590106334415,0.05145320494683279,0.049553590106334415,take_profit,2.5758171929149976,2.4958171929149975,54
1000XEC,short,2022-06-03 16:05:00+00:00,2022-06-03 16:10:00+00:00,2022-06-03 16:15:00+00:00,74635,74636,74637,0.04876,0.048947986646937294,0.048947986646937294,0.048354026706125416,stop,-0.38405389029225745,-0.46405389029225746,2
1000XEC,short,2022-06-03 17:00:00+00:00,2022-06-03 17:05:00+00:00,2022-06-03 17:05:00+00:00,74646,74647,74647,0.04871,0.04895031049687141,0.04895031049687141,0.04822937900625719,stop,-0.4909274209542902,-0.5709274209542903,1
1000XEC,short,2022-06-03 17:40:00+00:00,2022-06-03 17:45:00+00:00,2022-06-03 19:20:00+00:00,74654,74655,74674,0.0487,0.04794523613952483,0.04903238193023758,0.04794523613952483,take_profit,1.574220759448841,1.494220759448841,20
1000XEC,long,2022-06-05 14:10:00+00:00,2022-06-05 14:15:00+00:00,2022-06-05 16:00:00+00:00,75188,75189,75210,0.04786,0.047680850142510875,0.047680850142510875,0.04821829971497825,stop,-0.3743206382973763,-0.4543206382973763,22
1000XEC,long,2022-06-05 16:25:00+00:00,2022-06-05 16:30:00+00:00,2022-06-05 16:55:00+00:00,75215,75216,75221,0.0479,0.04767055382175783,0.04767055382175783,0.04832889235648434,stop,-0.4790108105264368,-0.5590108105264369,6
1000XEC,long,2022-06-05 17:15:00+00:00,2022-06-05 17:20:00+00:00,2022-06-05 18:10:00+00:00,75225,75226,75236,0.04792,0.0476484002653354,0.0476484002653354,0.04846319946932919,stop,-0.5667774095671874,-0.6467774095671874,11
1000XEC,long,2022-06-06 14:05:00+00:00,2022-06-06 14:10:00+00:00,2022-06-06 15:45:00+00:00,75475,75476,75495,0.05044,0.05133581471874049,0.04999209264062975,0.05133581471874049,take_profit,1.7760006319200938,1.696000631920094,20
1000XEC,long,2022-06-07 14:50:00+00:00,2022-06-07 14:55:00+00:00,2022-06-07 15:55:00+00:00,75772,75773,75785,0.05441,0.05646294428526853,0.05342852785736574,0.05646294428526853,take_profit,3.773101057284567,3.693101057284567,13
1000XEC,short,2022-06-08 14:25:00+00:00,2022-06-08 14:30:00+00:00,2022-06-08 21:25:00+00:00,76055,76056,76139,0.05551,0.05332840765313284,0.05658579617343358,0.05332840765313284,take_profit,4.090863468223205,4.010863468223205,84
1000XEC,short,2022-06-09 15:30:00+00:00,2022-06-09 15:35:00+00:00,2022-06-09 16:45:00+00:00,76356,76357,76371,0.05138,0.051766600611835474,0.051766600611835474,0.05057679877632905,stop,-0.7468147555879545,-0.8268147555879546,15
1000XEC,short,2022-06-10 18:15:00+00:00,2022-06-10 18:20:00+00:00,2022-06-10 18:35:00+00:00,76677,76678,76681,0.04968,0.05054952158368091,0.05054952158368091,0.047970956832638176,stop,-1.720138107027347,-1.8001381070273468,4
1000XEC,long,2022-06-11 14:05:00+00:00,2022-06-11 14:10:00+00:00,2022-06-11 14:15:00+00:00,76915,76916,76917,0.04881,0.048592488824890714,0.048592488824890714,0.04924502235021857,stop,-0.4456283038502096,-0.5256283038502096,2
1000XEC,long,2022-06-11 16:20:00+00:00,2022-06-11 16:25:00+00:00,2022-06-11 17:35:00+00:00,76942,76943,76957,0.04886,0.04852547539942711,0.04852547539942711,0.049559049201145774,stop,-0.6846594362932668,-0.7646594362932668,15
1000XEC,short,2022-06-12 14:25:00+00:00,2022-06-12 14:30:00+00:00,2022-06-12 14:35:00+00:00,77207,77208,77209,0.04138,0.04196516310664087,0.04196516310664087,0.04026967378671826,stop,-1.394402078585677,-1.474402078585677,2
1000XEC,short,2022-06-13 14:40:00+00:00,2022-06-13 14:45:00+00:00,2022-06-13 16:35:00+00:00,77498,77499,77521,0.04139,0.03994800340150236,0.04212599829924882,0.03994800340150236,take_profit,3.609683778197059,3.529683778197059,23
1000XEC,long,2022-06-14 14:05:00+00:00,2022-06-14 14:10:00+00:00,2022-06-14 20:25:00+00:00,77779,77780,77855,0.0376,0.036583490540877804,0.036583490540877804,0.03960301891824439,stop,-2.7034826040484017,-2.7834826040484018,76
1000XEC,short,2022-06-15 14:20:00+00:00,2022-06-15 14:25:00+00:00,2022-06-15 15:05:00+00:00,78070,78071,78079,0.03541,0.036342348253766706,0.036342348253766706,0.033455303492466594,stop,-2.565459576955309,-2.645459576955309,9
1000XEC,short,2022-06-15 16:50:00+00:00,2022-06-15 16:55:00+00:00,2022-06-15 17:00:00+00:00,78100,78101,78102,0.03534,0.03418591241919374,0.03593204379040313,0.03418591241919374,take_profit,3.3759156890552866,3.2959156890552865,2
1000XEC,long,2022-06-17 14:10:00+00:00,2022-06-17 14:15:00+00:00,2022-06-17 15:10:00+00:00,78644,78645,78656,0.03831,0.037883381697662255,0.037883381697662255,0.039283236604675496,stop,-1.113595150972957,-1.193595150972957,12
1000XEC,long,2022-06-17 15:30:00+00:00,2022-06-17 15:35:00+00:00,2022-06-17 19:00:00+00:00,78660,78661,78702,0.03829,0.037802367636580535,0.037802367636580535,0.039205264726838926,stop,-1.2735240622080535,-1.3535240622080535,42
1000XEC,long,2022-06-17 19:25:00+00:00,2022-06-17 19:30:00+00:00,2022-06-17 21:40:00+00:00,78707,78708,78734,0.03825,0.037898158795177966,0.037898158795177966,0.03889368240964407,stop,-0.9198462871164215,-0.9998462871164215,27
1000XEC,short,2022-06-18 15:30:00+00:00,2022-06-18 15:35:00+00:00,2022-06-18 15:50:00+00:00,78948,78949,78952,0.03762,0.0371340794902924,0.0378479602548538,0.0371340794902924,take_profit,1.3085567661226927,1.2285567661226926,4
1000XEC,short,2022-06-19 14:10:00+00:00,2022-06-19 14:15:00+00:00,2022-06-19 18:15:00+00:00,79220,79221,79269,0.03436,0.03520268089445574,0.03520268089445574,0.03267463821108853,stop,-2.393797497929928,-2.473797497929928,49
1000XEC,long,2022-06-20 15:10:00+00:00,2022-06-20 15:15:00+00:00,2022-06-20 16:20:00+00:00,79520,79521,79534,0.0367,0.036349422808667,0.036349422808667,0.03740115438266601,stop,-0.9552512025422399,-1.03525120254224,14
1000XEC,long,2022-06-20 17:05:00+00:00,2022-06-20 17:10:00+00:00,2022-06-20 18:30:00+00:00,79543,79544,79560,0.03683,0.03761421958080906,0.036377890209595476,0.03761421958080906,take_profit,2.1292956307604083,2.049295630760408,17
1000XEC,long,2022-06-21 14:10:00+00:00,2022-06-21 14:15:00+00:00,2022-06-21 15:05:00+00:00,79796,79797,79807,0.03771,0.038291333684563854,0.03743433315771807,0.038291333684563854,take_profit,1.5415902534178016,1.4615902534178016,11
1000XEC,short,2022-06-22 15:15:00+00:00,2022-06-22 15:20:00+00:00,2022-06-22 18:35:00+00:00,80097,80098,80137,0.0369,0.0374063829039178,0.0374063829039178,0.03594723419216441,stop,-1.3537339475417687,-1.4337339475417687,40
1000XEC,short,2022-06-23 14:05:00+00:00,2022-06-23 14:10:00+00:00,2022-06-23 14:35:00+00:00,80371,80372,80377,0.0378,0.03828449228761911,0.03828449228761911,0.03680101542476177,stop,-1.2655053225710255,-1.3455053225710256,6
1000XEC,long,2022-06-23 14:45:00+00:00,2022-06-23 14:50:00+00:00,2022-06-23 21:30:00+00:00,80379,80380,80460,0.03822,0.038872628521631314,0.03790868573918434,0.038872628521631314,take_profit,1.7075576180829888,1.627557618082989,81
1000XEC,long,2022-06-24 14:45:00+00:00,2022-06-24 14:50:00+00:00,2022-06-24 14:55:00+00:00,80667,80668,80669,0.04224,0.041615945889326676,0.041615945889326676,0.04342810822134665,stop,-1.4774008301925323,-1.5574008301925324,2
1000XEC,short,2022-06-25 14:55:00+00:00,2022-06-25 15:00:00+00:00,2022-06-25 16:15:00+00:00,80957,80958,80973,0.04292,0.043350521123602735,0.043350521123602735,0.04208895775279454,stop,-0.9931163742535332,-1.0731163742535332,16
1000XEC,long,2022-06-25 16:20:00+00:00,2022-06-25 16:25:00+00:00,2022-06-25 16:40:00+00:00,80974,80975,80978,0.04335,0.043849712684885536,0.043145143657557235,0.043849712684885536,take_profit,1.1527397575214149,1.0727397575214148,4
1000XEC,long,2022-06-25 17:40:00+00:00,2022-06-25 17:45:00+00:00,2022-06-25 20:45:00+00:00,80990,80991,81027,0.04341,0.043103074996433226,0.043103074996433226,0.04399385000713355,stop,-0.7070375571683329,-0.787037557168333,37
1000XEC,short,2022-06-26 14:40:00+00:00,2022-06-26 14:45:00+00:00,2022-06-26 15:55:00+00:00,81242,81243,81257,0.04206,0.04241048994146405,0.04241048994146405,0.04144902011707191,stop,-0.8264227599063423,-0.9064227599063424,15
1000XEC,long,2022-06-26 17:00:00+00:00,2022-06-26 17:05:00+00:00,2022-06-26 19:45:00+00:00,81270,81271,81303,0.04248,0.04205999967194858,0.04205999967194858,0.04332000065610283,stop,-0.9887013372208431,-1.0687013372208432,33
1000XEC,long,2022-06-27 17:20:00+00:00,2022-06-27 17:25:00+00:00,2022-06-27 20:20:00+00:00,81562,81563,81598,0.04156,0.04135622844071536,0.04135622844071536,0.041967543118569275,stop,-0.49030692801885767,-0.5703069280188577,36
1000XEC,short,2022-06-29 14:30:00+00:00,2022-06-29 14:35:00+00:00,2022-06-29 15:50:00+00:00,82104,82105,82120,0.03908,0.03832784233250209,0.039501078833748954,0.03832784233250209,take_profit,1.9624315425136096,1.8824315425136098,16
1000XEC,short,2022-06-30 15:05:00+00:00,2022-06-30 15:10:00+00:00,2022-06-30 15:30:00+00:00,82399,82400,82404,0.03754,0.03713402731259839,0.037757986343700804,0.03713402731259839,take_profit,1.0932632864840697,1.0132632864840696,5
1000XEC,long,2022-07-01 16:30:00+00:00,2022-07-01 16:35:00+00:00,2022-07-01 19:05:00+00:00,82704,82705,82735,0.03763,0.03722669513227454,0.03722669513227454,0.038436609735450905,stop,-1.0717641980479753,-1.1517641980479754,31
1000XEC,long,2022-07-01 19:15:00+00:00,2022-07-01 19:20:00+00:00,2022-07-01 19:30:00+00:00,82737,82738,82740,0.03748,0.03724804117078119,0.03724804117078119,0.038033917658437624,stop,-0.6188869509573314,-0.6988869509573314,3
1000XEC,short,2022-07-01 19:35:00+00:00,2022-07-01 19:40:00+00:00,2022-07-01 22:40:00+00:00,82741,82742,82778,0.03679,0.037448757708280885,0.037448757708280885,0.03550248458343823,stop,-1.7590909514608843,-1.8390909514608842,37
1000XEC,long,2022-07-04 14:10:00+00:00,2022-07-04 14:15:00+00:00,2022-07-04 14:35:00+00:00,83540,83541,83545,0.03801,0.03785561525399722,0.03785561525399722,0.03834876949200555,stop,-0.4061687608597264,-0.48616876085972643,5
1000XEC,long,2022-07-04 14:50:00+00:00,2022-07-04 14:55:00+00:00,2022-07-04 17:10:00+00:00,83548,83549,83576,0.038,0.038416646533118416,0.03779167673344079,0.038416646533118416,take_profit,1.0964382450484589,1.0164382450484588,28
1000XEC,long,2022-07-05 14:15:00+00:00,2022-07-05 14:20:00+00:00,2022-07-05 16:05:00+00:00,83829,83830,83851,0.03976,0.040622073005380725,0.03931396349730964,0.040622073005380725,take_profit,2.168191663432406,2.088191663432406,22
1000XEC,short,2022-07-05 17:20:00+00:00,2022-07-05 17:25:00+00:00,2022-07-05 23:00:00+00:00,83866,83867,83934,0.03915,0.039795294185227065,0.039795294185227065,0.03788941162954587,stop,-1.6215338985146044,-1.7015338985146042,68
1000XEC,long,2022-07-06 16:55:00+00:00,2022-07-06 17:00:00+00:00,2022-07-06 17:30:00+00:00,84149,84150,84156,0.04293,0.04417778540969765,0.04233610729515118,0.04417778540969765,take_profit,2.9065581404557284,2.8265581404557283,7
1000XEC,short,2022-07-07 14:50:00+00:00,2022-07-07 14:55:00+00:00,2022-07-07 16:30:00+00:00,84412,84413,84432,0.04178,0.04201819230396571,0.04201819230396571,0.041303615392068574,stop,-0.5668789895638349,-0.6468789895638349,20
1000XEC,short,2022-07-07 16:40:00+00:00,2022-07-07 16:45:00+00:00,2022-07-07 17:50:00+00:00,84434,84435,84448,0.04184,0.042142467113483364,0.042142467113483364,0.04120506577303327,stop,-0.7177252168670267,-0.7977252168670268,14
1000XEC,short,2022-07-08 14:45:00+00:00,2022-07-08 14:50:00+00:00,2022-07-08 17:50:00+00:00,84699,84700,84736,0.04231,0.04165488078641278,0.04266755960679361,0.04165488078641278,take_profit,1.5727309770645403,1.4927309770645403,37
1000XEC,long,2022-07-09 15:40:00+00:00,2022-07-09 15:45:00+00:00,2022-07-09 17:40:00+00:00,84998,84999,85022,0.04142,0.04167172695804764,0.041324136520976176,0.04167172695804764,take_profit,0.6077425351222576,0.5277425351222576,24
1000XEC,long,2022-07-11 14:05:00+00:00,2022-07-11 14:10:00+00:00,2022-07-11 14:50:00+00:00,85555,85556,85564,0.04031,0.03999728443805576,0.03999728443805576,0.04087543112388848,stop,-0.7757766359321239,-0.8557766359321239,9
1000XEC,short,2022-07-11 15:05:00+00:00,2022-07-11 15:10:00+00:00,2022-07-11 17:40:00+00:00,85567,85568,85598,0.0399,0.0403698746420896,0.0403698746420896,0.0389602507158208,stop,-1.1639239563050463,-1.2439239563050464,31
1000XEC,short,2022-07-12 14:55:00+00:00,2022-07-12 15:00:00+00:00,2022-07-12 15:45:00+00:00,85853,85854,85863,0.0382,0.03788282201118432,0.038388588994407835,0.03788282201118432,take_profit,0.8372607212895566,0.7572607212895566,10
1000XEC,long,2022-07-13 14:25:00+00:00,2022-07-13 14:30:00+00:00,2022-07-13 14:35:00+00:00,86135,86136,86137,0.03811,0.03834044621878889,0.03796477689060555,0.03834044621878889,take_profit,0.6046870081052091,0.5246870081052091,2
1000XEC,long,2022-07-13 15:25:00+00:00,2022-07-13 15:30:00+00:00,2022-07-13 21:25:00+00:00,86147,86148,86219,0.03818,0.038634365468137095,0.03795281726593145,0.038634365468137095,take_profit,1.1900614670955934,1.1100614670955933,72
1000XEC,long,2022-07-14 14:25:00+00:00,2022-07-14 14:30:00+00:00,2022-07-14 15:30:00+00:00,86423,86424,86436,0.03809,0.03781643286120283,0.03781643286120283,0.03869713427759434,stop,-0.7182124935604328,-0.7982124935604329,13
1000XEC,short,2022-07-14 16:05:00+00:00,2022-07-14 16:10:00+00:00,2022-07-14 17:05:00+00:00,86443,86444,86455,0.03767,0.03791235084232669,0.03791235084232669,0.03724529831534662,stop,-0.6392398174795311,-0.7192398174795311,12
1000XEC,short,2022-07-14 17:35:00+00:00,2022-07-14 17:40:00+00:00,2022-07-14 18:05:00+00:00,86461,86462,86467,0.03773,0.03722075857226396,0.037999620713868025,0.03722075857226396,take_profit,1.368165097300067,1.288165097300067,6
1000XEC,long,2022-07-15 18:20:00+00:00,2022-07-15 18:25:00+00:00,2022-07-15 18:45:00+00:00,86758,86759,86763,0.03954,0.0392883411465818,0.0392883411465818,0.0400433177068364,stop,-0.6364664982756674,-0.7164664982756674,5
1000XEC,short,2022-07-16 14:30:00+00:00,2022-07-16 14:35:00+00:00,2022-07-16 15:15:00+00:00,87000,87001,87009,0.03883,0.038529283307905574,0.03898035834604722,0.038529283307905574,take_profit,0.7804886732287741,0.7004886732287741,9
1000XEC,long,2022-07-16 17:10:00+00:00,2022-07-16 17:15:00+00:00,2022-07-16 17:20:00+00:00,87032,87033,87034,0.03934,0.040019777550475644,0.03900011122476218,0.040019777550475644,take_profit,1.72795513593198,1.6479551359319802,2
1000XEC,long,2022-07-17 14:10:00+00:00,2022-07-17 14:15:00+00:00,2022-07-17 15:50:00+00:00,87284,87285,87304,0.04099,0.041626381758633896,0.040656809120683056,0.041626381758633896,take_profit,1.552529296496452,1.472529296496452,20
1000XEC,long,2022-07-17 19:20:00+00:00,2022-07-17 19:25:00+00:00,2022-07-17 22:00:00+00:00,87346,87347,87378,0.04095,0.04045562381069155,0.04045562381069155,0.04190875237861689,stop,-1.2072678615590915,-1.2872678615590916,32
1000XEC,long,2022-07-18 14:15:00+00:00,2022-07-18 14:20:00+00:00,2022-07-18 17:20:00+00:00,87573,87574,87610,0.04158,0.04242780010735804,0.04118609994632098,0.04242780010735804,take_profit,2.0389612971573934,1.9589612971573935,37
1000XEC,short,2022-07-19 15:45:00+00:00,2022-07-19 15:50:00+00:00,2022-07-19 17:30:00+00:00,87879,87880,87900,0.04078,0.04140950173760223,0.04140950173760223,0.03955099652479554,stop,-1.5201866991570445,-1.6001866991570444,21
1000XEC,long,2022-07-20 14:35:00+00:00,2022-07-20 14:40:00+00:00,2022-07-20 16:35:00+00:00,88153,88154,88177,0.04413,0.04388886744181882,0.04388886744181882,0.04458226511636235,stop,-0.546414135919282,-0.6264141359192821,24
1000XEC,short,2022-07-20 16:40:00+00:00,2022-07-20 16:45:00+00:00,2022-07-20 17:50:00+00:00,88178,88179,88192,0.04368,0.04279007266553601,0.04409496366723199,0.04279007266553601,take_profit,2.079751865391799,1.9997518653917992,14
1000XEC,long,2022-07-22 14:25:00+00:00,2022-07-22 14:30:00+00:00,2022-07-22 14:35:00+00:00,88727,88728,88729,0.04288,0.04256331225089227,0.04256331225089227,0.043453375498215464,stop,-0.7385441910161661,-0.8185441910161662,2
1000XEC,long,2022-07-22 14:50:00+00:00,2022-07-22 14:55:00+00:00,2022-07-22 16:05:00+00:00,88732,88733,88747,0.04315,0.042442805035793396,0.042442805035793396,0.044414389928413206,stop,-1.6389222808959603,-1.71892228089596,15
1000XEC,long,2022-07-22 18:00:00+00:00,2022-07-22 18:05:00+00:00,2022-07-22 21:55:00+00:00,88770,88771,88817,0.04295,0.043593264088954184,0.04262836795552291,0.043593264088954184,take_profit,1.4977045144451306,1.4177045144451306,47
1000XEC,long,2022-07-23 14:05:00+00:00,2022-07-23 14:10:00+00:00,2022-07-23 16:05:00+00:00,89011,89012,89035,0.04227,0.042001609617126824,0.042001609617126824,0.042896780765746344,stop,-0.6349429450512867,-0.7149429450512867,24
1000XEC,short,2022-07-23 17:50:00+00:00,2022-07-23 17:55:00+00:00,2022-07-23 20:10:00+00:00,89056,89057,89084,0.04145,0.0405809082881086,0.0418695458559457,0.0405809082881086,take_profit,2.141627057041684,2.061627057041684,28
1000XEC,long,2022-07-24 14:10:00+00:00,2022-07-24 14:15:00+00:00,2022-07-24 19:35:00+00:00,89300,89301,89365,0.042,0.04160151519796726,0.04160151519796726,0.04285696960406549,stop,-0.9487733381732033,-1.0287733381732034,65
1000XEC,short,2022-07-25 14:25:00+00:00,2022-07-25 14:30:00+00:00,2022-07-25 17:45:00+00:00,89591,89592,89631,0.03977,0.040075520185877685,0.040075520185877685,0.03915895962824463,stop,-0.7623611233506744,-0.8423611233506745,40
1000XEC,short,2022-07-26 14:15:00+00:00,2022-07-26 14:20:00+00:00,2022-07-26 14:45:00+00:00,89877,89878,89883,0.03866,0.03892497097552451,0.03892497097552451,0.03813005804895098,stop,-0.6807223457947376,-0.7607223457947376,6
1000XEC,short,2022-07-26 15:10:00+00:00,2022-07-26 15:15:00+00:00,2022-07-26 16:50:00+00:00,89888,89889,89908,0.03863,0.03819006756978026,0.03884996621510987,0.03819006756978026,take_profit,1.151955097790558,1.0719550977905579,20
1000XEC,short,2022-07-26 18:50:00+00:00,2022-07-26 18:55:00+00:00,2022-07-26 20:55:00+00:00,89932,89933,89957,0.0387,0.03828339161344553,0.03890830419327723,0.03828339161344553,take_profit,1.088222252513682,1.008222252513682,25
1000XEC,long,2022-07-27 14:10:00+00:00,2022-07-27 14:15:00+00:00,2022-07-28 03:00:00+00:00,90164,90165,90318,0.0389,0.039501751421105874,0.03856912428944706,0.039501751421105874,take_profit,1.546918820323584,1.466918820323584,154
1000XEC,long,2022-07-28 17:35:00+00:00,2022-07-28 17:40:00+00:00,2022-07-28 21:20:00+00:00,90493,90494,90538,0.04367,0.04285862878817752,0.04285862878817752,0.04541274242364496,stop,-1.857960182785623,-1.9379601827856228,45
1000XEC,short,2022-07-29 14:10:00+00:00,2022-07-29 14:15:00+00:00,2022-07-29 14:30:00+00:00,90740,90741,90744,0.04428,0.04483477413684694,0.04483477413684694,0.04323045172630612,stop,-1.2373746662660334,-1.3173746662660335,4
1000XEC,long,2022-07-29 14:45:00+00:00,2022-07-29 14:50:00+00:00,2022-07-29 20:25:00+00:00,90747,90748,90815,0.04603,0.044705846881466914,0.044705846881466914,0.04867830623706618,stop,-2.876717615757307,-2.956717615757307,68
1000XEC,short,2022-07-31 14:20:00+00:00,2022-07-31 14:25:00+00:00,2022-07-31 17:45:00+00:00,91318,91319,91359,0.04444,0.043763998778106605,0.04476300061094669,0.043763998778106605,take_profit,1.5446514047330773,1.4646514047330772,41
1000XEC,short,2022-07-31 19:30:00+00:00,2022-07-31 19:35:00+00:00,2022-07-31 21:35:00+00:00,91380,91381,91405,0.04451,0.044840669344567756,0.044840669344567756,0.04381866131086448,stop,-0.7374317765571292,-0.8174317765571293,25
1000XEC,short,2022-08-01 14:10:00+00:00,2022-08-01 14:15:00+00:00,2022-08-01 15:40:00+00:00,91604,91605,91622,0.04469,0.04405839337686005,0.04502080331156997,0.04405839337686005,take_profit,1.4335670793471866,1.3535670793471866,18
1000XEC,short,2022-08-01 17:05:00+00:00,2022-08-01 17:10:00+00:00,2022-08-01 19:45:00+00:00,91639,91640,91671,0.04471,0.0442115275419804,0.044944236229009796,0.0442115275419804,take_profit,1.1274716928662665,1.0474716928662664,32
1000XEC,short,2022-08-02 17:25:00+00:00,2022-08-02 17:30:00+00:00,2022-08-02 18:50:00+00:00,91931,91932,91948,0.04175,0.04207879572479363,0.04207879572479363,0.04109240855041275,stop,-0.7813810236966812,-0.8613810236966812,17
1000XEC,short,2022-08-04 15:15:00+00:00,2022-08-04 15:20:00+00:00,2022-08-05 00:55:00+00:00,92481,92482,92597,0.04259,0.043051829879514794,0.043051829879514794,0.04163634024097041,stop,-1.0727299648058408,-1.152729964805841,116
1000XEC,long,2022-08-05 15:00:00+00:00,2022-08-05 15:05:00+00:00,2022-08-05 16:55:00+00:00,92766,92767,92789,0.04441,0.044056688539970065,0.044056688539970065,0.04514662292005987,stop,-0.7955673497634153,-0.8755673497634153,23
1000XEC,long,2022-08-05 19:50:00+00:00,2022-08-05 19:55:00+00:00,2022-08-05 19:55:00+00:00,92824,92825,92825,0.04434,0.044188601445949216,0.044188601445949216,0.04467279710810157,stop,-0.3414491521217422,-0.4214491521217422,1
1000XEC,long,2022-08-06 15:25:00+00:00,2022-08-06 15:30:00+00:00,2022-08-06 16:20:00+00:00,93059,93060,93070,0.04615,0.04589756088808282,0.04589756088808282,0.04665487822383435,stop,-0.5469969922365703,-0.6269969922365703,11
1000XEC,long,2022-08-06 17:00:00+00:00,2022-08-06 17:05:00+00:00,2022-08-06 17:35:00+00:00,93078,93079,93085,0.04614,0.045908046397063286,0.045908046397063286,0.04657390720587342,stop,-0.5027169547826449,-0.582716954782645,7
1000XEC,long,2022-08-07 15:15:00+00:00,2022-08-07 15:20:00+00:00,2022-08-07 17:05:00+00:00,93345,93346,93367,0.04518,0.04492691344501912,0.04492691344501912,0.04571617310996177,stop,-0.5601738711396242,-0.6401738711396243,22
1000XEC,short,2022-08-07 17:10:00+00:00,2022-08-07 17:15:00+00:00,2022-08-07 17:25:00+00:00,93368,93369,93371,0.04471,0.0449761995698008,0.0449761995698008,0.04420760086039841,stop,-0.5918676374327081,-0.6718676374327082,3
1000XEC,short,2022-08-07 17:55:00+00:00,2022-08-07 18:00:00+00:00,2022-08-07 18:55:00+00:00,93377,93378,93389,0.04462,0.04491945130303062,0.04491945130303062,0.04402109739393876,stop,-0.6666406074519848,-0.7466406074519849,12
1000XEC,long,2022-08-08 14:25:00+00:00,2022-08-08 14:30:00+00:00,2022-08-08 15:30:00+00:00,93623,93624,93636,0.04594,0.04629646483054251,0.045761767584728746,0.04629646483054251,take_profit,0.7759356346158208,0.6959356346158208,13
1000XEC,long,2022-08-09 14:30:00+00:00,2022-08-09 14:35:00+00:00,2022-08-09 15:00:00+00:00,93912,93913,93918,0.0464,0.046124778051127364,0.046124778051127364,0.04698044389774527,stop,-0.5931507518806778,-0.6731507518806779,6
1000XEC,short,2022-08-09 15:45:00+00:00,2022-08-09 15:50:00+00:00,2022-08-09 16:00:00+00:00,93927,93928,93930,0.04586,0.046101381985764335,0.046101381985764335,0.045377236028471324,stop,-0.5235894790287965,-0.6035894790287966,3
1000XEC,long,2022-08-09 16:40:00+00:00,2022-08-09 16:45:00+00:00,2022-08-09 17:10:00+00:00,93938,93939,93944,0.04639,0.0467997716769685,0.046200114161515746,0.0467997716769685,take_profit,0.8833189846270795,0.8033189846270794,6
1000XEC,long,2022-08-09 18:05:00+00:00,2022-08-09 18:10:00+00:00,2022-08-09 18:25:00+00:00,93955,93956,93959,0.04666,0.045951577068349826,0.045951577068349826,0.04810684586330036,stop,-1.5182660343981413,-1.5982660343981412,4
1000XEC,short,2022-08-10 15:05:00+00:00,2022-08-10 15:10:00+00:00,2022-08-10 15:25:00+00:00,94207,94208,94211,0.04281,0.04309874486869277,0.04309874486869277,0.04220251026261445,stop,-0.6699612008945421,-0.7499612008945422,4
1000XEC,long,2022-08-10 16:05:00+00:00,2022-08-10 16:10:00+00:00,2022-08-10 17:00:00+00:00,94219,94220,94230,0.04331,0.04376740687516337,0.04309629656241831,0.04376740687516337,take_profit,1.0561230089202622,0.9761230089202622,11
1000XEC,long,2022-08-10 17:20:00+00:00,2022-08-10 17:25:00+00:00,2022-08-10 20:20:00+00:00,94234,94235,94270,0.04343,0.04407745537286526,0.04312127231356737,0.04407745537286526,take_profit,1.490802147974346,1.410802147974346,36
1000XEC,long,2022-08-11 14:35:00+00:00,2022-08-11 14:40:00+00:00,2022-08-11 14:50:00+00:00,94489,94490,94492,0.0474,0.047039386069624385,0.047039386069624385,0.04818122786075122,stop,-0.7607888826489662,-0.8407888826489662,3
1000XEC,short,2022-08-11 15:00:00+00:00,2022-08-11 15:05:00+00:00,2022-08-11 17:05:00+00:00,94494,94495,94519,0.04696,0.04735889063718048,0.04735889063718048,0.04610221872563904,stop,-0.8422719194087769,-0.922271919408777,25
1000XEC,short,2022-08-12 14:40:00+00:00,2022-08-12 14:45:00+00:00,2022-08-12 15:20:00+00:00,94778,94779,94786,0.04733,0.04686822528204688,0.04753088735897656,0.04686822528204688,take_profit,0.9852617955431908,0.9052617955431908,8
1000XEC,short,2022-08-12 18:55:00+00:00,2022-08-12 19:00:00+00:00,2022-08-12 20:30:00+00:00,94829,94830,94848,0.04725,0.04657372527406133,0.04757313736296933,0.04657372527406133,take_profit,1.452052035689988,1.372052035689988,19
1000XEC,long,2022-08-13 15:15:00+00:00,2022-08-13 15:20:00+00:00,2022-08-13 15:20:00+00:00,95073,95074,95074,0.04826,0.04801180172460428,0.04801180172460428,0.048726396550791445,stop,-0.5142939813421399,-0.59429398134214,1
1000XEC,short,2022-08-13 15:50:00+00:00,2022-08-13 15:55:00+00:00,2022-08-13 17:50:00+00:00,95080,95081,95104,0.04768,0.047097795076178485,0.048001102461910757,0.047097795076178485,take_profit,1.2361617414994086,1.1561617414994085,24
1000XEC,long,2022-08-14 14:20:00+00:00,2022-08-14 14:25:00+00:00,2022-08-14 15:15:00+00:00,95350,95351,95361,0.04771,0.04808567975319429,0.04752216012340286,0.04808567975319429,take_profit,0.7874235028176191,0.707423502817619,11
1000XEC,short,2022-08-15 15:05:00+00:00,2022-08-15 15:10:00+00:00,2022-08-15 15:35:00+00:00,95647,95648,95653,0.04672,0.04602654212393419,0.047081728938032905,0.04602654212393419,take_profit,1.5066477820526947,1.4266477820526946,6
1000XEC,short,2022-08-16 14:10:00+00:00,2022-08-16 14:15:00+00:00,2022-08-16 16:40:00+00:00,95924,95925,95954,0.045,0.045173383108892566,0.045173383108892566,0.044593233782214865,stop,-0.38381696689534506,-0.4638169668953451,30
1000XEC,long,2022-08-17 14:05:00+00:00,2022-08-17 14:10:00+00:00,2022-08-17 16:20:00+00:00,96211,96212,96238,0.04624,0.04605591947604592,0.04605591947604592,0.04660816104790817,stop,-0.39809801893184726,-0.4780980189318473,27
1000XEC,long,2022-08-18 14:30:00+00:00,2022-08-18 14:35:00+00:00,2022-08-18 15:40:00+00:00,96504,96505,96518,0.04358,0.04331067484001037,0.04331067484001037,0.044148650319979256,stop,-0.6180017438954466,-0.6980017438954467,14
1000XEC,long,2022-08-18 16:25:00+00:00,2022-08-18 16:30:00+00:00,2022-08-18 19:05:00+00:00,96527,96528,96559,0.04347,0.04390403381596716,0.04326798309201642,0.04390403381596716,take_profit,0.9984674855467057,0.9184674855467057,32
1000XEC,short,2022-08-19 15:30:00+00:00,2022-08-19 15:35:00+00:00,2022-08-19 15:35:00+00:00,96804,96805,96805,0.04011,0.03901134540974847,0.040659327295125766,0.03901134540974847,take_profit,2.816243784242811,2.736243784242811,1
1000XEC,long,2022-08-20 14:25:00+00:00,2022-08-20 14:30:00+00:00,2022-08-21 00:05:00+00:00,97079,97080,97195,0.03954,0.03929010331256962,0.03929010331256962,0.04006979337486076,stop,-0.6320098316398015,-0.7120098316398016,116
1000XEC,long,2022-08-21 17:00:00+00:00,2022-08-21 17:05:00+00:00,2022-08-22 05:50:00+00:00,97398,97399,97552,0.03905,0.0397605193204894,0.0386797403397553,0.0397605193204894,take_profit,1.8195117041982067,1.7395117041982069,154
1000XEC,short,2022-08-22 15:05:00+00:00,2022-08-22 15:10:00+00:00,2022-08-22 15:55:00+00:00,97663,97664,97673,0.03881,0.03831124232195668,0.03904437883902166,0.03831124232195668,take_profit,1.3018572299271947,1.2218572299271946,10
1000XEC,short,2022-08-23 14:05:00+00:00,2022-08-23 14:10:00+00:00,2022-08-23 14:30:00+00:00,97939,97940,97944,0.0384,0.037990559833372996,0.0386047200833135,0.037990559833372996,take_profit,1.0777418611960687,0.9977418611960687,5
1000XEC,short,2022-08-23 17:15:00+00:00,2022-08-23 17:20:00+00:00,2022-08-23 18:00:00+00:00,97977,97978,97986,0.03842,0.03857716882359676,0.03857716882359676,0.038075662352806475,stop,-0.40741409592666145,-0.48741409592666146,9
1000XEC,long,2022-08-23 18:25:00+00:00,2022-08-23 18:30:00+00:00,2022-08-24 10:45:00+00:00,97991,97992,98187,0.03883,0.03833169754514699,0.03833169754514699,0.039826604909706034,stop,-1.2832924410327462,-1.3632924410327463,196
1000XEC,short,2022-08-24 16:30:00+00:00,2022-08-24 16:35:00+00:00,2022-08-24 20:45:00+00:00,98256,98257,98307,0.03842,0.038914492949911894,0.038914492949911894,0.03746101410017621,stop,-1.270716672444816,-1.350716672444816,51
1000XEC,long,2022-08-25 14:05:00+00:00,2022-08-25 14:10:00+00:00,2022-08-25 16:55:00+00:00,98515,98516,98549,0.03928,0.039722781592223026,0.039073609203888485,0.039722781592223026,take_profit,1.1272443793865161,1.047244379386516,34
1000XEC,short,2022-08-26 14:05:00+00:00,2022-08-26 14:10:00+00:00,2022-08-26 14:25:00+00:00,98803,98804,98807,0.03921,0.03857799334295558,0.03954100332852221,0.03857799334295558,take_profit,1.6382569498261113,1.5582569498261112,4
1000XEC,short,2022-08-26 17:10:00+00:00,2022-08-26 17:15:00+00:00,2022-08-26 20:05:00+00:00,98840,98841,98875,0.03924,0.038799488168263466,0.03944525591586827,0.038799488168263466,take_profit,1.1353547495939642,1.0553547495939641,35
1000XEC,short,2022-08-27 14:10:00+00:00,2022-08-27 14:15:00+00:00,2022-08-27 15:35:00+00:00,99092,99093,99109,0.03596,0.03650395755755664,0.03650395755755664,0.03490208488488672,stop,-1.4901331087156078,-1.5701331087156076,17
1000XEC,long,2022-08-28 14:05:00+00:00,2022-08-28 14:10:00+00:00,2022-08-28 14:20:00+00:00,99379,99380,99382,0.0367,0.03655667946463675,0.03655667946463675,0.0369266410707265,stop,-0.3905191699271282,-0.4705191699271282,3
1000XEC,short,2022-08-28 14:35:00+00:00,2022-08-28 14:40:00+00:00,2022-08-28 14:50:00+00:00,99385,99386,99388,0.03651,0.03669132788394613,0.03669132788394613,0.03614734423210775,stop,-0.4941982054169958,-0.5741982054169958,3
1000XEC,long,2022-08-30 14:05:00+00:00,2022-08-30 14:10:00+00:00,2022-08-30 16:00:00+00:00,99955,99956,99978,0.04841,0.047695193707345374,0.047695193707345374,0.04980961258530925,stop,-1.476567429569564,-1.5565674295695642,23
1000XEC,long,2022-08-30 16:30:00+00:00,2022-08-30 16:35:00+00:00,2022-08-30 16:35:00+00:00,99984,99985,99985,0.04828,0.04780340383592328,0.04780340383592328,0.049203192328153435,stop,-0.9871502984190594,-1.0671502984190595,1
1000XEC,short,2022-08-30 17:40:00+00:00,2022-08-30 17:45:00+00:00,2022-08-30 18:55:00+00:00,99998,99999,100013,0.04741,0.04649903491028439,0.0478804825448578,0.04649903491028439,take_profit,1.9591053695484861,1.8791053695484863,15
1000XEC,short,2022-08-31 15:15:00+00:00,2022-08-31 15:20:00+00:00,2022-08-31 18:45:00+00:00,100257,100258,100299,0.04422,0.04460879143538554,0.04460879143538554,0.04344241712922892,stop,-0.8715578765425502,-0.9515578765425503,42
1000XEC,short,2022-08-31 19:55:00+00:00,2022-08-31 20:00:00+00:00,2022-08-31 22:45:00+00:00,100313,100314,100347,0.04416,0.04471516169158899,0.04471516169158899,0.043019676616822024,stop,-1.241551345420766,-1.3215513454207661,34
1000XEC,long,2022-09-01 14:15:00+00:00,2022-09-01 14:20:00+00:00,2022-09-01 15:35:00+00:00,100533,100534,100549,0.04741,0.04689230109886307,0.04689230109886307,0.04841539780227386,stop,-1.0919614029464952,-1.1719614029464953,16
1000XEC,long,2022-09-01 15:45:00+00:00,2022-09-01 15:50:00+00:00,2022-09-01 16:30:00+00:00,100551,100552,100560,0.04749,0.046980045062206544,0.046980045062206544,0.048509909875586905,stop,-1.0738154091249785,-1.1538154091249786,9
1000XEC,long,2022-09-01 16:45:00+00:00,2022-09-01 16:50:00+00:00,2022-09-01 18:30:00+00:00,100563,100564,100584,0.04742,0.046885511569596756,0.046885511569596756,0.04851897686080649,stop,-1.1271371370798033,-1.2071371370798034,21
1000XEC,short,2022-09-02 14:15:00+00:00,2022-09-02 14:20:00+00:00,2022-09-02 16:30:00+00:00,100821,100822,100848,0.04643,0.04565712818608853,0.046786435906955734,0.04565712818608853,take_profit,1.6927736031959961,1.6127736031959963,27
1000XEC,short,2022-09-03 14:15:00+00:00,2022-09-03 14:20:00+00:00,2022-09-03 18:00:00+00:00,101109,101110,101154,0.04469,0.04501453371048802,0.04501453371048802,0.044010932579023956,stop,-0.7209531760903332,-0.8009531760903332,45
1000XEC,short,2022-09-04 15:45:00+00:00,2022-09-04 15:50:00+00:00,2022-09-04 19:40:00+00:00,101415,101416,101462,0.0434,0.0437231286151999,0.0437231286151999,0.04275374276960021,stop,-0.7390336086049554,-0.8190336086049554,47
1000XEC,short,2022-09-05 14:05:00+00:00,2022-09-05 14:10:00+00:00,2022-09-05 16:25:00+00:00,101683,101684,101711,0.04364,0.04293545578400972,0.04400727210799514,0.04293545578400972,take_profit,1.640938015272364,1.560938015272364,28
1000XEC,long,2022-09-06 17:40:00+00:00,2022-09-06 17:45:00+00:00,2022-09-06 18:20:00+00:00,102014,102015,102022,0.04332,0.043130708278104064,0.043130708278104064,0.04372858344379187,stop,-0.4369615002214555,-0.5169615002214556,8
1000XEC,long,2022-09-06 18:40:00+00:00,2022-09-06 18:45:00+00:00,2022-09-06 20:05:00+00:00,102026,102027,102043,0.04329,0.043806379300972,0.043046810349514,0.043806379300972,take_profit,1.1928373780826895,1.1128373780826895,17
1000XEC,long,2022-09-09 14:25:00+00:00,2022-09-09 14:30:00+00:00,2022-09-09 16:25:00+00:00,102839,102840,102863,0.04471,0.04407500892284092,0.04407500892284092,0.04600998215431817,stop,-1.420243965911605,-1.5002439659116051,24
1000XEC,long,2022-09-09 19:45:00+00:00,2022-09-09 19:50:00+00:00,2022-09-09 20:00:00+00:00,102903,102904,102906,0.04473,0.044353487732538416,0.044353487732538416,0.04545302453492318,stop,-0.8417443940567426,-0.9217443940567427,3
1000XEC,long,2022-09-10 15:30:00+00:00,2022-09-10 15:35:00+00:00,2022-09-10 16:35:00+00:00,103140,103141,103153,0.04469,0.04438322397285392,0.04438322397285392,0.04527355205429215,stop,-0.6864534060104677,-0.7664534060104677,13
1000XEC,short,2022-09-10 16:45:00+00:00,2022-09-10 16:50:00+00:00,2022-09-10 17:30:00+00:00,103155,103156,103164,0.04359,0.04434962511058838,0.04434962511058838,0.042100749778823235,stop,-1.7128106690737832,-1.792810669073783,9
1000XEC,short,2022-09-10 17:40:00+00:00,2022-09-10 17:45:00+00:00,2022-09-11 01:40:00+00:00,103166,103167,103262,0.04402,0.04448961111393977,0.04448961111393977,0.04302077777212045,stop,-1.0555523012711454,-1.1355523012711455,96
1000XEC,long,2022-09-11 15:05:00+00:00,2022-09-11 15:10:00+00:00,2022-09-11 15:25:00+00:00,103423,103424,103427,0.04435,0.04413260385785729,0.04413260385785729,0.04478479228428542,stop,-0.490182958608143,-0.570182958608143,4
1000XEC,short,2022-09-11 15:30:00+00:00,2022-09-11 15:35:00+00:00,2022-09-11 16:40:00+00:00,103428,103429,103442,0.04345,0.044205891640768345,0.044205891640768345,0.041968216718463305,stop,-1.7099341574443705,-1.7899341574443703,14
1000XEC,long,2022-09-11 17:40:00+00:00,2022-09-11 17:45:00+00:00,2022-09-11 18:20:00+00:00,103454,103455,103462,0.04434,0.0441193485133102,0.0441193485133102,0.04478130297337959,stop,-0.49763528797879264,-0.5776352879787927,8
1000XEC,long,2022-09-13 17:15:00+00:00,2022-09-13 17:20:00+00:00,2022-09-13 17:35:00+00:00,104025,104026,104029,0.04825,0.04723898990566964,0.04723898990566964,0.050272020188660727,stop,-2.095357708456713,-2.1753577084567133,4
1000XEC,long,2022-09-13 18:10:00+00:00,2022-09-13 18:15:00+00:00,2022-09-13 20:40:00+00:00,104036,104037,104066,0.04834,0.047161770933754885,0.047161770933754885,0.050696458132490234,stop,-2.4373791192493055,-2.5173791192493056,30
1000XEC,long,2022-09-14 15:10:00+00:00,2022-09-14 15:15:00+00:00,2022-09-14 15:40:00+00:00,104288,104289,104294,0.04662,0.0458977442979913,0.0458977442979913,0.04809451140401739,stop,-1.549240030048693,-1.6292400300486929,6
1000XEC,long,2022-09-14 15:45:00+00:00,2022-09-14 15:50:00+00:00,2022-09-14 16:05:00+00:00,104295,104296,104299,0.04647,0.04815631112795264,0.04561184443602368,0.04815631112795264,take_profit,3.628816716059058,3.548816716059058,4
1000XEC,short,2022-09-15 15:10:00+00:00,2022-09-15 15:15:00+00:00,2022-09-15 15:45:00+00:00,104576,104577,104583,0.04386,0.044412871293029385,0.044412871293029385,0.04281425741394124,stop,-1.2448447419254216,-1.3248447419254217,7
1000XEC,short,2022-09-15 18:15:00+00:00,2022-09-15 18:20:00+00:00,2022-09-15 20:00:00+00:00,104613,104614,104634,0.04401,0.04327467620541866,0.04437766189729067,0.04327467620541866,take_profit,1.699201147319651,1.6192011473196513,21
1000XEC,short,2022-09-16 14:50:00+00:00,2022-09-16 14:55:00+00:00,2022-09-16 16:50:00+00:00,104860,104861,104884,0.04238,0.04197772643343509,0.04256613678328245,0.04197772643343509,take_profit,0.9583024159319331,0.878302415931933,24
1000XEC,short,2022-09-17 14:20:00+00:00,2022-09-17 14:25:00+00:00,2022-09-17 15:10:00+00:00,105142,105143,105152,0.04212,0.04226117291673095,0.04226117291673095,0.0418376541665381,stop,-0.33404874258722295,-0.41404874258722296,10
1000XEC,short,2022-09-17 16:20:00+00:00,2022-09-17 16:25:00+00:00,2022-09-17 17:10:00+00:00,105166,105167,105176,0.0421,0.04223589718959689,0.04223589718959689,0.04179820562080623,stop,-0.32175755373882176,-0.40175755373882177,10
1000XEC,short,2022-09-17 19:15:00+00:00,2022-09-17 19:20:00+00:00,2022-09-17 23:15:00+00:00,105201,105202,105249,0.04209,0.04228138485678748,0.04228138485678748,0.04170723028642505,stop,-0.45264566767555525,-0.5326456676755553,48
1000XEC,short,2022-09-18 16:50:00+00:00,2022-09-18 16:55:00+00:00,2022-09-18 17:15:00+00:00,105460,105461,105465,0.04223,0.04238638143263491,0.04238638143263491,0.041947237134730184,stop,-0.36894263522695425,-0.44894263522695427,5
1000XEC,short,2022-09-18 18:30:00+00:00,2022-09-18 18:35:00+00:00,2022-09-18 18:45:00+00:00,105480,105481,105483,0.04225,0.04205933961145512,0.042345330194272446,0.04205933961145512,take_profit,0.45331284396332716,0.37331284396332715,3
1000XEC,short,2022-09-19 14:30:00+00:00,2022-09-19 14:35:00+00:00,2022-09-19 14:55:00+00:00,105720,105721,105725,0.03846,0.037913854002616265,0.038718072998691865,0.037913854002616265,take_profit,1.4404919039516573,1.3604919039516572,5
1000XEC,short,2022-09-19 19:50:00+00:00,2022-09-19 19:55:00+00:00,2022-09-19 21:15:00+00:00,105784,105785,105801,0.03846,0.03865946105215233,0.03865946105215233,0.038031077895695334,stop,-0.5159436958607655,-0.5959436958607656,17
1000XEC,long,2022-09-20 14:05:00+00:00,2022-09-20 14:10:00+00:00,2022-09-20 14:50:00+00:00,106003,106004,106012,0.03888,0.038715928596293574,0.038715928596293574,0.039208142807412846,stop,-0.4219943510967661,-0.5019943510967662,9
1000XEC,short,2022-09-20 15:00:00+00:00,2022-09-20 15:05:00+00:00,2022-09-20 16:00:00+00:00,106014,106015,106026,0.0386,0.038809145193254124,0.038809145193254124,0.03818170961349176,stop,-0.5389069823946491,-0.6189069823946491,12
1000XEC,short,2022-09-20 16:40:00+00:00,2022-09-20 16:45:00+00:00,2022-09-20 21:30:00+00:00,106034,106035,106092,0.03852,0.03785728884232508,0.03886635557883746,0.03785728884232508,take_profit,1.7505510244938405,1.6705510244938406,58
1000XEC,short,2022-09-21 15:25:00+00:00,2022-09-21 15:30:00+00:00,2022-09-21 22:15:00+00:00,106307,106308,106389,0.03815,0.03873102890612385,0.03873102890612385,0.0369579421877523,stop,-1.50016388031452,-1.58016388031452,82
1000XEC,short,2022-09-22 14:15:00+00:00,2022-09-22 14:20:00+00:00,2022-09-22 15:05:00+00:00,106581,106582,106591,0.0381,0.03833346099631921,0.03833346099631921,0.03766307800736158,stop,-0.6090266577850167,-0.6890266577850168,10
1000XEC,long,2022-09-22 15:15:00+00:00,2022-09-22 15:20:00+00:00,2022-09-22 15:35:00+00:00,106593,106594,106597,0.03836,0.03819014967856992,0.03819014967856992,0.03869970064286015,stop,-0.44277977432241045,-0.5227797743224105,4
1000XEC,long,2022-09-22 16:15:00+00:00,2022-09-22 16:20:00+00:00,2022-09-22 16:50:00+00:00,106605,106606,106612,0.03835,0.03865838689174892,0.03819580655412554,0.03865838689174892,take_profit,0.804137918510861,0.724137918510861,7
1000XEC,long,2022-09-23 14:20:00+00:00,2022-09-23 14:25:00+00:00,2022-09-23 15:30:00+00:00,106870,106871,106884,0.0395,0.039331725090390644,0.039331725090390644,0.03986654981921872,stop,-0.4260124293907763,-0.5060124293907764,14
1000XEC,short,2022-09-23 16:00:00+00:00,2022-09-23 16:05:00+00:00,2022-09-23 17:25:00+00:00,106890,106891,106907,0.03906,0.03848830053848291,0.03936084973075855,0.03848830053848291,take_profit,1.4853850482316577,1.4053850482316577,17
1000XEC,long,2022-09-24 14:40:00+00:00,2022-09-24 14:45:00+00:00,2022-09-24 16:10:00+00:00,107162,107163,107180,0.0395,0.0392928164661672,0.0392928164661672,0.039914367067665595,stop,-0.5245152755260718,-0.6045152755260719,18
1000XEC,long,2022-09-24 18:00:00+00:00,2022-09-24 18:05:00+00:00,2022-09-24 23:50:00+00:00,107202,107203,107272,0.03982,0.041085971380969324,0.03921701430951534,0.041085971380969324,take_profit,3.179235009968173,3.099235009968173,70
1000XEC,long,2022-09-25 14:15:00+00:00,2022-09-25 14:20:00+00:00,2022-09-25 14:30:00+00:00,107445,107446,107448,0.04012,0.03995509716632647,0.03995509716632647,0.04044980566734707,stop,-0.4110240121473985,-0.4910240121473985,3
1000XEC,long,2022-09-25 15:05:00+00:00,2022-09-25 15:10:00+00:00,2022-09-25 15:30:00+00:00,107455,107456,107460,0.04031,0.04092919546279032,0.04000040226860484,0.04092919546279032,take_profit,1.5360840059298608,1.4560840059298608,5
1000XEC,short,2022-09-26 14:05:00+00:00,2022-09-26 14:10:00+00:00,2022-09-26 14:50:00+00:00,107731,107732,107740,0.03949,0.03964828892743119,0.03964828892743119,0.03920342214513762,stop,-0.3992326824517223,-0.4792326824517223,9
1000XEC,short,2022-09-26 15:10:00+00:00,2022-09-26 15:15:00+00:00,2022-09-26 16:20:00+00:00,107744,107745,107758,0.03941,0.039695360222673316,0.039695360222673316,0.03880927955465336,stop,-0.7188755085545839,-0.798875508554584,14
1000XEC,long,2022-09-26 17:00:00+00:00,2022-09-26 17:05:00+00:00,2022-09-26 20:30:00+00:00,107766,107767,107808,0.03985,0.039574922422279904,0.039574922422279904,0.04043015515544019,stop,-0.6902825036890659,-0.7702825036890659,42
1000XEC,long,2022-09-27 14:45:00+00:00,2022-09-27 14:50:00+00:00,2022-09-27 17:10:00+00:00,108027,108028,108056,0.04203,0.04184388371164554,0.04184388371164554,0.042372232576708926,stop,-0.44281772151905097,-0.522817721519051,29
1000XEC,short,2022-09-28 14:05:00+00:00,2022-09-28 14:10:00+00:00,2022-09-28 15:00:00+00:00,108307,108308,108318,0.04,0.04026266953689472,0.04026266953689472,0.03947466092621057,stop,-0.6523897692725544,-0.7323897692725545,11
1000XEC,short,2022-09-28 15:20:00+00:00,2022-09-28 15:25:00+00:00,2022-09-28 16:10:00+00:00,108322,108323,108332,0.04009,0.039716956534022727,0.04027652173298864,0.039716956534022727,take_profit,0.9392549141012729,0.8592549141012729,10
1000XEC,short,2022-09-28 17:05:00+00:00,2022-09-28 17:10:00+00:00,2022-09-28 19:40:00+00:00,108343,108344,108374,0.04001,0.040340409548349374,0.040340409548349374,0.039349180903301244,stop,-0.8190535298194468,-0.8990535298194469,31
1000XEC,short,2022-09-29 14:10:00+00:00,2022-09-29 14:15:00+00:00,2022-09-29 16:05:00+00:00,108596,108597,108619,0.0411,0.04070536871307738,0.041297315643461306,0.04070536871307738,take_profit,0.9694821577573176,0.8894821577573175,23
1000XEC,short,2022-09-29 17:35:00+00:00,2022-09-29 17:40:00+00:00,2022-09-29 20:20:00+00:00,108637,108638,108670,0.04106,0.0412869886816385,0.0412869886816385,0.04063602263672301,stop,-0.5497826043667109,-0.629782604366711,33
1000XEC,short,2022-09-30 15:00:00+00:00,2022-09-30 15:05:00+00:00,2022-09-30 15:10:00+00:00,108894,108895,108896,0.0411,0.04124362529080165,0.04124362529080165,0.0408427494183967,stop,-0.3482363390438614,-0.42823633904386144,2
1000XEC,short,2022-09-30 15:35:00+00:00,2022-09-30 15:40:00+00:00,2022-09-30 16:10:00+00:00,108901,108902,108908,0.0411,0.04119439464019238,0.04119439464019238,0.04094121071961524,stop,-0.22914437999844717,-0.3091443799984472,7
1000XEC,long,2022-09-30 16:30:00+00:00,2022-09-30 16:35:00+00:00,2022-09-30 16:50:00+00:00,108912,108913,108916,0.04127,0.04114680751479916,0.04114680751479916,0.04148638497040167,stop,-0.29850371989541546,-0.3785037198954155,4
1000XEC,short,2022-10-01 14:25:00+00:00,2022-10-01 14:30:00+00:00,2022-10-01 16:45:00+00:00,109175,109176,109203,0.04095,0.041022384641964414,0.041022384641964414,0.04077523071607116,stop,-0.17645157051734417,-0.2564515705173442,28
1000XEC,long,2022-10-02 14:15:00+00:00,2022-10-02 14:20:00+00:00,2022-10-02 16:10:00+00:00,109461,109462,109484,0.04093,0.040841596509684434,0.040841596509684434,0.04116680698063113,stop,-0.21598702740182052,-0.29598702740182053,23
1000XEC,long,2022-10-02 17:00:00+00:00,2022-10-02 17:05:00+00:00,2022-10-02 19:10:00+00:00,109494,109495,109520,0.04095,0.040747011278339365,0.040747011278339365,0.04138597744332128,stop,-0.49569895399422803,-0.5756989539942281,26
1000XEC,short,2022-10-03 14:05:00+00:00,2022-10-03 14:10:00+00:00,2022-10-03 14:30:00+00:00,109747,109748,109752,0.03987,0.03999201649751503,0.03999201649751503,0.03962596700496995,stop,-0.3051021383795649,-0.3851021383795649,5
1000XEC,short,2022-10-03 18:05:00+00:00,2022-10-03 18:10:00+00:00,2022-10-03 19:30:00+00:00,109795,109796,109812,0.03989,0.04001842328722982,0.04001842328722982,0.039603153425540355,stop,-0.32091041245695395,-0.40091041245695397,17
1000XEC,short,2022-10-04 14:55:00+00:00,2022-10-04 15:00:00+00:00,2022-10-04 15:25:00+00:00,110045,110046,110051,0.04054,0.04061177966211396,0.04061177966211396,0.04036644067577207,stop,-0.1767459163601326,-0.2567459163601326,6
1000XEC,long,2022-10-04 15:40:00+00:00,2022-10-04 15:45:00+00:00,2022-10-04 17:05:00+00:00,110054,110055,110071,0.04075,0.04093865717709626,0.04064067141145187,0.04093865717709626,take_profit,0.4629623977822295,0.38296239778222946,17
1000XEC,long,2022-10-04 18:15:00+00:00,2022-10-04 18:20:00+00:00,2022-10-04 18:25:00+00:00,110085,110086,110087,0.04074,0.041026908016112286,0.04061154599194386,0.041026908016112286,take_profit,0.704241571213271,0.624241571213271,2
1000XEC,long,2022-10-05 14:15:00+00:00,2022-10-05 14:20:00+00:00,2022-10-05 15:30:00+00:00,110325,110326,110340,0.04199,0.04221891951791293,0.041875540241043535,0.04221891951791293,take_profit,0.545176275096293,0.46517627509629295,15
1000XEC,long,2022-10-05 17:35:00+00:00,2022-10-05 17:40:00+00:00,2022-10-05 22:10:00+00:00,110365,110366,110420,0.04198,0.04167731569029727,0.04167731569029727,0.04255536861940546,stop,-0.7210202708497704,-0.8010202708497705,55
1000XEC,long,2022-10-06 18:10:00+00:00,2022-10-06 18:15:00+00:00,2022-10-06 19:00:00+00:00,110660,110661,110670,0.04311,0.04274790935474171,0.04274790935474171,0.04383418129051659,stop,-0.8399226287596706,-0.9199226287596707,10
1000XEC,long,2022-10-07 14:30:00+00:00,2022-10-07 14:35:00+00:00,2022-10-07 14:45:00+00:00,110904,110905,110907,0.0431,0.04297774751713091,0.04297774751713091,0.043374504965738185,stop,-0.2836484521324567,-0.3636484521324567,3
1000XEC,short,2022-10-07 15:20:00+00:00,2022-10-07 15:25:00+00:00,2022-10-07 16:35:00+00:00,110914,110915,110929,0.04287,0.04300514694075472,0.04300514694075472,0.04256970611849057,stop,-0.31425759558710853,-0.39425759558710854,15
1000XEC,long,2022-10-07 18:25:00+00:00,2022-10-07 18:30:00+00:00,2022-10-07 19:35:00+00:00,110951,110952,110965,0.04322,0.043833084805763,0.0429284575971185,0.043833084805763,take_profit,1.4185210684011906,1.3385210684011906,14
1000XEC,short,2022-10-08 15:15:00+00:00,2022-10-08 15:20:00+00:00,2022-10-08 16:50:00+00:00,111201,111202,111220,0.04196,0.041581701609333735,0.042134149195333134,0.041581701609333735,take_profit,0.9097713081115177,0.8297713081115177,19
1000XEC,short,2022-10-10 14:05:00+00:00,2022-10-10 14:10:00+00:00,2022-10-10 17:05:00+00:00,111763,111764,111799,0.04044,0.04010593718110685,0.04060703140944657,0.04010593718110685,take_profit,0.8329510351163583,0.7529510351163582,36
1000XEC,short,2022-10-11 18:35:00+00:00,2022-10-11 18:40:00+00:00,2022-10-11 21:00:00+00:00,112105,112106,112134,0.03796,0.03822523707935068,0.03822523707935068,0.03742952584129864,stop,-0.6938794880462895,-0.7738794880462896,29
1000XEC,long,2022-10-12 15:35:00+00:00,2022-10-12 15:40:00+00:00,2022-10-12 18:25:00+00:00,112357,112358,112391,0.03827,0.038483056674271265,0.038163471662864365,0.038483056674271265,take_profit,0.5567198177979238,0.4767198177979238,34
1000XEC,long,2022-10-12 19:35:00+00:00,2022-10-12 19:40:00+00:00,2022-10-12 20:25:00+00:00,112405,112406,112415,0.03829,0.03817045951686149,0.03817045951686149,0.03852908096627702,stop,-0.31219765771353103,-0.39219765771353104,10
1000XEC,short,2022-10-13 15:30:00+00:00,2022-10-13 15:35:00+00:00,2022-10-13 16:05:00+00:00,112644,112645,112651,0.03707,0.03662049791737799,0.03727975104131101,0.03662049791737799,take_profit,1.2274603246415827,1.1474603246415827,7
1000XEC,long,2022-10-14 14:40:00+00:00,2022-10-14 14:45:00+00:00,2022-10-14 15:15:00+00:00,112922,112923,112929,0.03807,0.03791663137660485,0.03791663137660485,0.0383767372467903,stop,-0.40285953085145154,-0.48285953085145156,7
1000XEC,long,2022-10-14 15:25:00+00:00,2022-10-14 15:30:00+00:00,2022-10-14 16:15:00+00:00,112931,112932,112941,0.0381,0.037823433292370895,0.037823433292370895,0.038653133415258216,stop,-0.7258968704176083,-0.8058968704176084,10
1000XEC,long,2022-10-16 14:10:00+00:00,2022-10-16 14:15:00+00:00,2022-10-16 14:20:00+00:00,113492,113493,113494,0.03726,0.037166389719321465,0.037166389719321465,0.037447220561357075,stop,-0.2512353211984397,-0.33123532119843974,2
1000XEC,long,2022-10-16 14:35:00+00:00,2022-10-16 14:40:00+00:00,2022-10-16 15:20:00+00:00,113497,113498,113506,0.03725,0.03712233921888206,0.03712233921888206,0.03753532156223588,stop,-0.34271350635687314,-0.42271350635687316,9
1000XEC,long,2022-10-16 17:00:00+00:00,2022-10-16 17:05:00+00:00,2022-10-16 19:20:00+00:00,113526,113527,113554,0.03728,0.03710692848784805,0.03710692848784805,0.0376261430243039,stop,-0.4642476184333444,-0.5442476184333445,28
1000XEC,long,2022-10-17 14:15:00+00:00,2022-10-17 14:20:00+00:00,2022-10-17 17:50:00+00:00,113781,113782,113824,0.03736,0.03726307334426175,0.03726307334426175,0.03755385331147649,stop,-0.259439656686955,-0.339439656686955,43
1000XEC,long,2022-10-17 18:15:00+00:00,2022-10-17 18:20:00+00:00,2022-10-17 18:30:00+00:00,113829,113830,113832,0.03735,0.03752601245927901,0.0372619937703605,0.03752601245927901,take_profit,0.47125156433469595,0.39125156433469593,3
1000XEC,short,2022-10-18 14:15:00+00:00,2022-10-18 14:20:00+00:00,2022-10-18 14:50:00+00:00,114069,114070,114076,0.03789,0.038009816330605885,0.038009816330605885,0.03765036733878823,stop,-0.3152247029128863,-0.3952247029128863,7
1000XEC,long,2022-10-18 15:10:00+00:00,2022-10-18 15:15:00+00:00,2022-10-18 16:15:00+00:00,114080,114081,114093,0.03801,0.03793415058636154,0.03793415058636154,0.03819169882727691,stop,-0.19955120662578096,-0.279551206625781,13
1000XEC,long,2022-10-18 16:45:00+00:00,2022-10-18 16:50:00+00:00,2022-10-18 17:35:00+00:00,114099,114100,114109,0.03802,0.037863784632652366,0.037863784632652366,0.038332430734695264,stop,-0.4108768210090319,-0.4908768210090319,10
1000XEC,short,2022-10-19 14:30:00+00:00,2022-10-19 14:35:00+00:00,2022-10-19 15:25:00+00:00,114360,114361,114371,0.03702,0.03674015313703559,0.0371599234314822,0.03674015313703559,take_profit,0.7616921516919728,0.6816921516919727,11
1000XEC,long,2022-10-20 14:10:00+00:00,2022-10-20 14:15:00+00:00,2022-10-20 15:20:00+00:00,114644,114645,114658,0.03652,0.03638794947737035,0.03638794947737035,0.036814101045259305,stop,-0.36158412549192054,-0.44158412549192055,14
1000XEC,short,2022-10-20 15:25:00+00:00,2022-10-20 15:30:00+00:00,2022-10-20 16:20:00+00:00,114659,114660,114670,0.03637,0.036481044825793146,0.036481044825793146,0.03611791034841372,stop,-0.30439047544668085,-0.38439047544668087,11
1000XEC,short,2022-10-20 17:10:00+00:00,2022-10-20 17:15:00+00:00,2022-10-20 18:55:00+00:00,114680,114681,114701,0.03635,0.036513333952521605,0.036513333952521605,0.03602333209495679,stop,-0.4473268662182117,-0.5273268662182118,21
1000XEC,short,2022-10-21 14:30:00+00:00,2022-10-21 14:35:00+00:00,2022-10-21 14:35:00+00:00,114936,114937,114937,0.03571,0.035809449846417596,0.035809449846417596,0.035511100307164804,stop,-0.2777195596249782,-0.3577195596249782,1
1000XEC,short,2022-10-21 15:55:00+00:00,2022-10-21 16:00:00+00:00,2022-10-21 16:05:00+00:00,114953,114954,114955,0.03571,0.03555147358065462,0.03580426320967269,0.03555147358065462,take_profit,0.4459067469755773,0.3659067469755773,2
1000XEC,short,2022-10-21 16:45:00+00:00,2022-10-21 16:50:00+00:00,2022-10-21 17:15:00+00:00,114963,114964,114969,0.03571,0.035457762030836164,0.035836118984581916,0.035457762030836164,take_profit,0.7113758870186837,0.6313758870186836,6
1000XEC,short,2022-10-22 14:20:00+00:00,2022-10-22 14:25:00+00:00,2022-10-22 14:35:00+00:00,115222,115223,115225,0.03568,0.03580694153198179,0.03580694153198179,0.035426116936036436,stop,-0.35451654497886675,-0.43451654497886677,3
1000XEC,short,2022-10-23 15:35:00+00:00,2022-10-23 15:40:00+00:00,2022-10-23 18:00:00+00:00,115525,115526,115554,0.03639,0.03654123846302703,0.03654123846302703,0.036087523073945936,stop,-0.41388433832109106,-0.4938843383210911,29
1000XEC,short,2022-10-23 18:30:00+00:00,2022-10-23 18:35:00+00:00,2022-10-23 20:05:00+00:00,115560,115561,115579,0.03639,0.0361282999391966,0.0364908500304017,0.0361282999391966,take_profit,0.7243630650870303,0.6443630650870302,19
1000XEC,short,2022-10-24 15:55:00+00:00,2022-10-24 16:00:00+00:00,2022-10-24 16:50:00+00:00,115817,115818,115828,0.03635,0.03650339423854304,0.03650339423854304,0.03604321152291392,stop,-0.4202191104219932,-0.5002191104219933,11
1000XEC,short,2022-10-25 14:05:00+00:00,2022-10-25 14:10:00+00:00,2022-10-25 15:00:00+00:00,116083,116084,116094,0.03678,0.03689641553254621,0.03689641553254621,0.03651716893490757,stop,-0.31551989770800537,-0.3955198977080054,11
1000XEC,short,2022-10-25 15:35:00+00:00,2022-10-25 15:40:00+00:00,2022-10-25 17:00:00+00:00,116101,116102,116118,0.03678,0.03691162451402354,0.03691162451402354,0.036546750971952924,stop,-0.35659366326057373,-0.43659366326057375,17
1000XEC,long,2022-10-25 17:05:00+00:00,2022-10-25 17:10:00+00:00,2022-10-25 17:15:00+00:00,116119,116120,116121,0.03701,0.0368325641229039,0.0368325641229039,0.03739487175419219,stop,-0.4794268497598009,-0.559426849759801,2
1000XEC,long,2022-10-26 15:10:00+00:00,2022-10-26 15:15:00+00:00,2022-10-26 16:50:00+00:00,116384,116385,116404,0.03817,0.03797515409607738,0.03797515409607738,0.03855969180784525,stop,-0.510468702967315,-0.590468702967315,20
1000XEC,long,2022-10-26 17:00:00+00:00,2022-10-26 17:05:00+00:00,2022-10-26 22:05:00+00:00,116406,116407,116467,0.03812,0.03786386529648697,0.03786386529648697,0.03863226940702606,stop,-0.6719168507687057,-0.7519168507687057,61
1000XEC,long,2022-10-27 14:20:00+00:00,2022-10-27 14:25:00+00:00,2022-10-27 15:30:00+00:00,116662,116663,116676,0.03884,0.03919225482482229,0.038663872587588854,0.03919225482482229,take_profit,0.9069382719420371,0.8269382719420371,14
1000XEC,short,2022-10-27 16:30:00+00:00,2022-10-27 16:35:00+00:00,2022-10-27 19:05:00+00:00,116688,116689,116719,0.03855,0.038034827560285256,0.03880758621985737,0.038034827560285256,take_profit,1.3544755498055006,1.2744755498055005,31
1000XEC,short,2022-10-28 14:05:00+00:00,2022-10-28 14:10:00+00:00,2022-10-28 22:15:00+00:00,116947,116948,117045,0.03735,0.03762922450628911,0.03762922450628911,0.03676155098742177,stop,-0.7420416177921552,-0.8220416177921552,98
1000XEC,long,2022-10-29 14:25:00+00:00,2022-10-29 14:30:00+00:00,2022-10-29 17:25:00+00:00,117239,117240,117275,0.03836,0.03869312685858915,0.03816343657070542,0.03869312685858915,take_profit,0.8684224676463792,0.7884224676463791,36
1000XEC,long,2022-10-29 19:35:00+00:00,2022-10-29 19:40:00+00:00,2022-10-29 19:55:00+00:00,117301,117302,117305,0.03835,0.03814048817847307,0.03814048817847307,0.03873902364305386,stop,-0.5463150496138991,-0.6263150496138992,4
1000XEC,long,2022-10-30 15:00:00+00:00,2022-10-30 15:05:00+00:00,2022-10-30 15:15:00+00:00,117534,117535,117537,0.03866,0.038522636060290515,0.038522636060290515,0.03896472787941898,stop,-0.3553128290467833,-0.4353128290467833,3
1000XEC,short,2022-10-30 15:20:00+00:00,2022-10-30 15:25:00+00:00,2022-10-30 15:30:00+00:00,117538,117539,117540,0.03846,0.03857657047797904,0.03857657047797904,0.03819685904404191,stop,-0.30217947457403804,-0.38217947457403806,2
1000XEC,short,2022-10-30 18:45:00+00:00,2022-10-30 18:50:00+00:00,2022-10-31 11:15:00+00:00,117579,117580,117777,0.03833,0.037474725314026035,0.038787637342986986,0.037474725314026035,take_profit,2.282270727288971,2.2022707272889708,198
1000XEC,short,2022-10-31 15:10:00+00:00,2022-10-31 15:15:00+00:00,2022-10-31 16:10:00+00:00,117824,117825,117836,0.0379,0.038055866136559056,0.038055866136559056,0.03755826772688189,stop,-0.40957190673245325,-0.48957190673245327,12
1000XEC,long,2022-10-31 16:20:00+00:00,2022-10-31 16:25:00+00:00,2022-10-31 17:35:00+00:00,117838,117839,117853,0.03835,0.03795952119895259,0.03795952119895259,0.03916095760209482,stop,-1.018197655925468,-1.098197655925468,15
1000XEC,long,2022-10-31 18:15:00+00:00,2022-10-31 18:20:00+00:00,2022-10-31 19:00:00+00:00,117861,117862,117870,0.03821,0.038705529226825554,0.037962235386587224,0.038705529226825554,take_profit,1.2968574373869446,1.2168574373869445,9
1000XEC,long,2022-11-01 14:30:00+00:00,2022-11-01 14:35:00+00:00,2022-11-01 16:30:00+00:00,118104,118105,118128,0.03842,0.03828379573953365,0.03828379573953365,0.038662408520932695,stop,-0.35451395228097704,-0.43451395228097706,24
1000XEC,long,2022-11-01 17:00:00+00:00,2022-11-01 17:05:00+00:00,2022-11-01 18:25:00+00:00,118134,118135,118151,0.03842,0.03830072996161065,0.03830072996161065,0.03865854007677871,stop,-0.3104373721742659,-0.39043737217426594,17
1000XEC,long,2022-11-01 18:40:00+00:00,2022-11-01 18:45:00+00:00,2022-11-01 19:00:00+00:00,118154,118155,118158,0.03843,0.03828596090516312,0.03828596090516312,0.03868807818967377,stop,-0.37480898994765033,-0.45480898994765034,4
1000XEC,short,2022-11-02 14:20:00+00:00,2022-11-02 14:25:00+00:00,2022-11-02 16:10:00+00:00,118390,118391,118412,0.03756,0.03721301273801467,0.03771849363099267,0.03721301273801467,take_profit,0.9324352866245444,0.8524352866245444,22
1000XEC,long,2022-11-03 14:15:00+00:00,2022-11-03 14:20:00+00:00,2022-11-03 15:00:00+00:00,118677,118678,118686,0.03743,0.037705418925601995,0.037292290537199,0.037705418925601995,take_profit,0.7358240064172961,0.655824006417296,9
1000XEC,long,2022-11-03 17:15:00+00:00,2022-11-03 17:20:00+00:00,2022-11-03 17:25:00+00:00,118713,118714,118715,0.03742,0.03725413662273836,0.03725413662273836,0.03775172675452328,stop,-0.44324793495895687,-0.5232479349589569,2
1000XEC,long,2022-11-03 18:00:00+00:00,2022-11-03 18:05:00+00:00,2022-11-03 20:10:00+00:00,118722,118723,118748,0.03743,0.03720222593980963,0.03720222593980963,0.03788554812038073,stop,-0.6085334228970507,-0.6885334228970508,26
1000XEC,long,2022-11-04 14:20:00+00:00,2022-11-04 14:25:00+00:00,2022-11-04 15:10:00+00:00,118966,118967,118976,0.0377,0.03801004451895025,0.03752997774052488,0.03801004451895025,take_profit,0.8223992545099534,0.7423992545099534,10
1000XEC,long,2022-11-05 15:45:00+00:00,2022-11-05 15:50:00+00:00,2022-11-05 17:05:00+00:00,119271,119272,119287,0.03973,0.03931813960811228,0.03931813960811228,0.040613720783775446,stop,-1.0366483561231377,-1.1166483561231377,16
1000XEC,short,2022-11-06 15:20:00+00:00,2022-11-06 15:25:00+00:00,2022-11-06 17:40:00+00:00,119554,119555,119582,0.0387,0.038886445864734685,0.038886445864734685,0.038327108270530624,stop,-0.4794623437257117,-0.5594623437257118,28
1000XEC,short,2022-11-07 15:10:00+00:00,2022-11-07 15:15:00+00:00,2022-11-07 16:20:00+00:00,119840,119841,119854,0.0377,0.03727164046968927,0.03789917976515537,0.03727164046968927,take_profit,1.1492907876139435,1.0692907876139435,14
1000XEC,short,2022-11-09 15:55:00+00:00,2022-11-09 16:00:00+00:00,2022-11-09 16:20:00+00:00,120425,120426,120430,0.03318,0.03373296337127091,0.03373296337127091,0.03201407325745819,stop,-1.6392374579869973,-1.7192374579869971,5
1000XEC,short,2022-11-09 17:00:00+00:00,2022-11-09 17:05:00+00:00,2022-11-09 18:10:00+00:00,120438,120439,120452,0.03304,0.03201832991966346,0.033565835040168274,0.03201832991966346,take_profit,3.1908912266816802,3.11089122668168,14
1000XEC,long,2022-11-10 15:25:00+00:00,2022-11-10 15:30:00+00:00,2022-11-10 17:00:00+00:00,120707,120708,120726,0.03033,0.029832374839042407,0.029832374839042407,0.03132525032191519,stop,-1.640702805663019,-1.720702805663019,19
1000XEC,long,2022-11-15 16:15:00+00:00,2022-11-15 16:20:00+00:00,2022-11-15 20:55:00+00:00,122157,122158,122213,0.02913,0.02950442884750083,0.028912785576249586,0.02950442884750083,take_profit,1.2853719447333711,1.205371944733371,56
1000XEC,short,2022-11-16 15:10:00+00:00,2022-11-16 15:15:00+00:00,2022-11-16 16:00:00+00:00,122432,122433,122442,0.02947,0.029632856962815136,0.029632856962815136,0.029174286074369726,stop,-0.5495823876162098,-0.6295823876162099,10
1000XEC,short,2022-11-16 16:10:00+00:00,2022-11-16 16:15:00+00:00,2022-11-16 17:30:00+00:00,122444,122445,122460,0.02946,0.029090679411341056,0.029629660294329473,0.029090679411341056,take_profit,1.2695495469073226,1.1895495469073225,16
1000XEC,long,2022-11-17 15:20:00+00:00,2022-11-17 15:25:00+00:00,2022-11-17 15:35:00+00:00,122722,122723,122725,0.02866,0.028542035221098695,0.028542035221098695,0.028895929557802614,stop,-0.41160076378683463,-0.49160076378683465,3
1000XEC,short,2022-11-17 16:00:00+00:00,2022-11-17 16:05:00+00:00,2022-11-17 16:05:00+00:00,122730,122731,122731,0.02847,0.028569070189747883,0.028569070189747883,0.028241859620504232,stop,-0.3467742880320812,-0.42677428803208123,1
1000XEC,long,2022-11-17 16:35:00+00:00,2022-11-17 16:40:00+00:00,2022-11-17 18:20:00+00:00,122737,122738,122758,0.02865,0.02850196047277218,0.02850196047277218,0.028946079054455637,stop,-0.5167173725229346,-0.5967173725229347,21
1000XEC,long,2022-11-18 16:25:00+00:00,2022-11-18 16:30:00+00:00,2022-11-18 16:30:00+00:00,123023,123024,123024,0.02869,0.028618827658629484,0.028618827658629484,0.028832344682741033,stop,-0.2480736889875046,-0.3280736889875046,1
1000XEC,short,2022-11-18 17:00:00+00:00,2022-11-18 17:05:00+00:00,2022-11-18 19:05:00+00:00,123030,123031,123055,0.02851,0.02868273420066197,0.02868273420066197,0.02816453159867606,stop,-0.6022236215471488,-0.6822236215471489,25
1000XEC,long,2022-11-19 15:20:00+00:00,2022-11-19 15:25:00+00:00,2022-11-19 16:35:00+00:00,123298,123299,123313,0.02874,0.02899339484214738,0.028613302578926313,0.02899339484214738,take_profit,0.8816800353075083,0.8016800353075082,15
1000XEC,long,2022-11-20 16:15:00+00:00,2022-11-20 16:20:00+00:00,2022-11-20 20:15:00+00:00,123597,123598,123645,0.03204,0.03129721251615586,0.03129721251615586,0.03352557496768828,stop,-2.3183129957682236,-2.3983129957682237,48
1000XEC,short,2022-11-20 20:30:00+00:00,2022-11-20 20:35:00+00:00,2022-11-21 01:15:00+00:00,123648,123649,123705,0.03098,0.02974870856044306,0.03159564571977847,0.02974870856044306,take_profit,4.138974426588038,4.058974426588038,57
1000XEC,long,2022-11-21 15:35:00+00:00,2022-11-21 15:40:00+00:00,2022-11-21 16:20:00+00:00,123877,123878,123886,0.02895,0.028614602812263506,0.028614602812263506,0.029680794375472986,stop,-1.1585395085889294,-1.2385395085889295,9
1000XEC,long,2022-11-22 15:15:00+00:00,2022-11-22 15:20:00+00:00,2022-11-22 15:30:00+00:00,124161,124162,124164,0.02804,0.02787547109788257,0.02787547109788257,0.02836905780423486,stop,-0.5867649861534541,-0.6667649861534541,3
1000XEC,short,2022-11-22 15:45:00+00:00,2022-11-22 15:50:00+00:00,2022-11-22 16:45:00+00:00,124167,124168,124179,0.02778,0.027432180016006145,0.027968909991996926,0.027432180016006145,take_profit,1.267926879274306,1.1879268792743058,12
1000XEC,long,2022-11-23 15:15:00+00:00,2022-11-23 15:20:00+00:00,2022-11-23 16:15:00+00:00,124449,124450,124461,0.02945,0.029263010427955014,0.029263010427955014,0.029793979144089974,stop,-0.634939124091638,-0.7149391240916381,12
1000XEC,long,2022-11-23 16:30:00+00:00,2022-11-23 16:35:00+00:00,2022-11-23 21:40:00+00:00,124464,124465,124526,0.02949,0.029222641082515946,0.029222641082515946,0.030024717834968104,stop,-0.906608740196857,-0.9866087401968571,62
1000XEC,long,2022-11-24 15:55:00+00:00,2022-11-24 16:00:00+00:00,2022-11-24 17:05:00+00:00,124745,124746,124759,0.02967,0.02951784546615655,0.02951784546615655,0.030034309067686907,stop,-0.512822830614934,-0.5928228306149341,14
1000XEC,short,2022-11-24 17:20:00+00:00,2022-11-24 17:25:00+00:00,2022-11-24 19:30:00+00:00,124762,124763,124788,0.02943,0.029137085224228,0.029576457387886,0.029137085224228,take_profit,1.005298826282175,0.9252988262821749,26
1000XEC,short,2022-11-26 15:05:00+00:00,2022-11-26 15:10:00+00:00,2022-11-26 17:25:00+00:00,125311,125312,125339,0.02927,0.029339207946906413,0.029339207946906413,0.029161584106187174,stop,-0.2358889409409204,-0.3158889409409204,28
1000XEC,long,2022-11-26 18:00:00+00:00,2022-11-26 18:05:00+00:00,2022-11-26 18:50:00+00:00,125346,125347,125356,0.02944,0.029330809527545524,0.029330809527545524,0.029688380944908953,stop,-0.3708915504567867,-0.4508915504567867,10
1000XEC,long,2022-11-26 19:35:00+00:00,2022-11-26 19:40:00+00:00,2022-11-26 23:40:00+00:00,125365,125366,125414,0.02941,0.02957903323087535,0.029325483384562322,0.02957903323087535,take_profit,0.5747474698243771,0.49474746982437706,49
1000XEC,long,2022-11-27 20:50:00+00:00,2022-11-27 20:55:00+00:00,2022-11-28 01:25:00+00:00,125668,125669,125723,0.02931,0.029616338896983795,0.0291568305515081,0.029616338896983795,take_profit,1.0451685328686233,0.9651685328686233,55
1000XEC,short,2022-11-28 15:10:00+00:00,2022-11-28 15:15:00+00:00,2022-11-28 15:30:00+00:00,125888,125889,125892,0.02801,0.02811692383967621,0.02811692383967621,0.027796152320647582,stop,-0.3802828513029821,-0.46028285130298213,4
1000XEC,long,2022-11-29 17:30:00+00:00,2022-11-29 17:35:00+00:00,2022-11-29 19:15:00+00:00,126204,126205,126225,0.02892,0.028829760933015283,0.028829760933015283,0.029130478133969438,stop,-0.3120299688268324,-0.39202996882683244,21
1000XEC,long,2022-11-29 20:10:00+00:00,2022-11-29 20:15:00+00:00,2022-11-29 22:05:00+00:00,126236,126237,126259,0.02899,0.028843861397020436,0.028843861397020436,0.029282277205959124,stop,-0.5041000447725486,-0.5841000447725486,23
1000XEC,short,2022-12-01 20:25:00+00:00,2022-12-01 20:30:00+00:00,2022-12-01 20:45:00+00:00,126815,126816,126819,0.02931,0.029369778261560536,0.029369778261560536,0.029160443476878926,stop,-0.20353664582744013,-0.28353664582744015,4
1000XEC,long,2022-12-02 15:20:00+00:00,2022-12-02 15:25:00+00:00,2022-12-02 15:55:00+00:00,127042,127043,127049,0.02917,0.029088690113804785,0.029088690113804785,0.029332619772390434,stop,-0.2787448961097616,-0.3587448961097616,7
1000XEC,short,2022-12-02 16:00:00+00:00,2022-12-02 16:05:00+00:00,2022-12-02 16:15:00+00:00,127050,127051,127053,0.02903,0.029112555492585554,0.029112555492585554,0.028864889014828893,stop,-0.2835735001229245,-0.3635735001229245,3
1000XEC,long,2022-12-02 17:00:00+00:00,2022-12-02 17:05:00+00:00,2022-12-02 20:35:00+00:00,127062,127063,127105,0.02919,0.02944890765524819,0.029075546172375906,0.02944890765524819,take_profit,0.8869738103740588,0.8069738103740587,43
1000XEC,short,2022-12-03 15:05:00+00:00,2022-12-03 15:10:00+00:00,2022-12-03 21:55:00+00:00,127327,127328,127409,0.02934,0.029545366002776866,0.029545366002776866,0.028899267994446264,stop,-0.695087015532525,-0.7750870155325251,82
1000XEC,short,2022-12-04 15:20:00+00:00,2022-12-04 15:25:00+00:00,2022-12-04 17:15:00+00:00,127618,127619,127641,0.02926,0.029040446554736556,0.02933977672263172,0.029040446554736556,take_profit,0.7560264090623381,0.676026409062338,23
1000XEC,long,2022-12-05 17:25:00+00:00,2022-12-05 17:30:00+00:00,2022-12-05 17:40:00+00:00,127931,127932,127934,0.02974,0.02997139030596631,0.029639304847016844,0.02997139030596631,take_profit,0.7780440684812095,0.6980440684812095,3
1000XEC,long,2022-12-05 18:30:00+00:00,2022-12-05 18:35:00+00:00,2022-12-06 00:00:00+00:00,127944,127945,128010,0.02974,0.029605811127520164,0.029605811127520164,0.03003837774495967,stop,-0.45120669966319804,-0.5312066996631981,66
1000XEC,short,2022-12-06 15:10:00+00:00,2022-12-06 15:15:00+00:00,2022-12-06 15:35:00+00:00,128192,128193,128197,0.02934,0.029431866041748203,0.029431866041748203,0.029186267916503597,stop,-0.3121312172931656,-0.39213121729316563,5
1000XEC,long,2022-12-06 16:10:00+00:00,2022-12-06 16:15:00+00:00,2022-12-06 17:30:00+00:00,128204,128205,128220,0.02951,0.029401988866623686,0.029401988866623686,0.02975602226675263,stop,-0.3660153621698248,-0.4460153621698248,16
1000XEC,short,2022-12-06 17:50:00+00:00,2022-12-06 17:55:00+00:00,2022-12-06 18:00:00+00:00,128224,128225,128226,0.02934,0.02943594850576806,0.02943594850576806,0.029148102988463886,stop,-0.32595690181091985,-0.40595690181091987,2
1000XEC,short,2022-12-07 15:25:00+00:00,2022-12-07 15:30:00+00:00,2022-12-07 15:50:00+00:00,128483,128484,128488,0.02923,0.029086180658029207,0.029286909670985396,0.029086180658029207,take_profit,0.494459357389343,0.414459357389343,5
1000XEC,short,2022-12-08 15:05:00+00:00,2022-12-08 15:10:00+00:00,2022-12-08 15:35:00+00:00,128767,128768,128773,0.02864,0.028747357430031772,0.028747357430031772,0.028425285139936453,stop,-0.37345147390701605,-0.45345147390701607,6
1000XEC,long,2022-12-08 15:45:00+00:00,2022-12-08 15:50:00+00:00,2022-12-08 17:05:00+00:00,128775,128776,128791,0.02878,0.02895514798996385,0.028707426005018074,0.02895514798996385,take_profit,0.6085753647110836,0.5285753647110836,16
1000XEC,short,2022-12-08 18:35:00+00:00,2022-12-08 18:40:00+00:00,2022-12-08 19:05:00+00:00,128809,128810,128815,0.02864,0.028757754832908926,0.028757754832908926,0.028374490334182146,stop,-0.4094715793813486,-0.4894715793813486,6
1000XEC,long,2022-12-08 19:10:00+00:00,2022-12-08 19:15:00+00:00,2022-12-08 20:05:00+00:00,128816,128817,128827,0.02879,0.028721027550942448,0.028721027550942448,0.028927944898115104,stop,-0.23957085466326244,-0.31957085466326246,11
1000XEC,long,2022-12-09 15:15:00+00:00,2022-12-09 15:20:00+00:00,2022-12-09 15:30:00+00:00,129057,129058,129060,0.02922,0.029160824774827752,0.029160824774827752,0.029338350450344493,stop,-0.20251617102069464,-0.28251617102069465,3
1000XEC,long,2022-12-09 15:35:00+00:00,2022-12-09 15:40:00+00:00,2022-12-09 18:45:00+00:00,129061,129062,129099,0.02924,0.029382847959503564,0.029153576020248217,0.029382847959503564,take_profit,0.48853611321328927,0.40853611321328925,38
1000XEC,short,2022-12-10 16:30:00+00:00,2022-12-10 16:35:00+00:00,2022-12-10 17:10:00+00:00,129360,129361,129368,0.02912,0.02916588642526489,0.02916588642526489,0.02899822714947022,stop,-0.15732909535416395,-0.23732909535416394,8
1000XEC,short,2022-12-10 17:30:00+00:00,2022-12-10 17:35:00+00:00,2022-12-10 18:45:00+00:00,129372,129373,129387,0.02911,0.029176469086555263,0.029176469086555263,0.028977061826889475,stop,-0.22781744548345806,-0.3078174454834581,15
1000XEC,short,2022-12-10 19:15:00+00:00,2022-12-10 19:20:00+00:00,2022-12-10 19:25:00+00:00,129393,129394,129395,0.02911,0.02916671690142744,0.02916671690142744,0.028996566197145125,stop,-0.19445761283013452,-0.27445761283013453,2
1000XEC,long,2022-12-11 16:45:00+00:00,2022-12-11 16:50:00+00:00,2022-12-11 18:40:00+00:00,129651,129652,129674,0.02958,0.029522557028704023,0.029522557028704023,0.02972488594259196,stop,-0.19419530526022521,-0.27419530526022523,23
1000XEC,short,2022-12-12 16:20:00+00:00,2022-12-12 16:25:00+00:00,2022-12-12 17:05:00+00:00,129934,129935,129943,0.02814,0.028258117812029068,0.028258117812029068,0.02787376437594186,stop,-0.41799603503241967,-0.4979960350324197,9
1000XEC,short,2022-12-13 15:40:00+00:00,2022-12-13 15:45:00+00:00,2022-12-13 16:15:00+00:00,130214,130215,130221,0.02831,0.027922549371550875,0.02850372531422456,0.027922549371550875,take_profit,1.387590449903131,1.307590449903131,7
1000XEC,long,2022-12-13 19:05:00+00:00,2022-12-13 19:10:00+00:00,2022-12-13 22:30:00+00:00,130255,130256,130296,0.02856,0.028978738969560162,0.02836563051521992,0.028978738969560162,take_profit,1.4661728626056192,1.3861728626056191,41
1000XEC,short,2022-12-14 15:40:00+00:00,2022-12-14 15:45:00+00:00,2022-12-14 16:25:00+00:00,130502,130503,130511,0.02903,0.029154824020289814,0.029154824020289814,0.028780351959420372,stop,-0.4281419095616745,-0.5081419095616746,9
1000XEC,short,2022-12-14 17:00:00+00:00,2022-12-14 17:05:00+00:00,2022-12-14 23:50:00+00:00,130518,130519,130600,0.02902,0.029132788244852385,0.029132788244852385,0.028794423510295233,stop,-0.3871522488833934,-0.4671522488833934,82
1000XEC,short,2022-12-15 15:55:00+00:00,2022-12-15 16:00:00+00:00,2022-12-15 20:30:00+00:00,130793,130794,130848,0.02842,0.028470207679036318,0.028470207679036318,0.02828958464192737,stop,-0.17635164310124685,-0.25635164310124686,55
1000XEC,short,2022-12-16 15:25:00+00:00,2022-12-16 15:30:00+00:00,2022-12-16 16:00:00+00:00,131075,131076,131082,0.0282,0.028256447475993603,0.028256447475993603,0.028027105048012795,stop,-0.19976848130522917,-0.2797684813052292,7
1000XEC,long,2022-12-16 17:05:00+00:00,2022-12-16 17:10:00+00:00,2022-12-16 17:45:00+00:00,131095,131096,131103,0.02832,0.02823227292041358,0.02823227292041358,0.028465454159172832,stop,-0.3097707612514822,-0.3897707612514822,8
1000XEC,short,2022-12-16 17:50:00+00:00,2022-12-16 17:55:00+00:00,2022-12-16 18:05:00+00:00,131104,131105,131107,0.02792,0.027156071413674862,0.02830196429316257,0.027156071413674862,take_profit,2.813104203063954,2.733104203063954,3
1000XEC,long,2022-12-18 20:30:00+00:00,2022-12-18 20:35:00+00:00,2022-12-18 22:35:00+00:00,131712,131713,131737,0.02509,0.024988708957472575,0.024988708957472575,0.025292582085054853,stop,-0.4037108111894172,-0.4837108111894172,25
1000XEC,short,2022-12-19 16:50:00+00:00,2022-12-19 16:55:00+00:00,2022-12-19 17:00:00+00:00,131956,131957,131958,0.02422,0.024314791836597623,0.024314791836597623,0.024060416326804758,stop,-0.3898525524489549,-0.4698525524489549,2
1000XEC,long,2022-12-20 15:25:00+00:00,2022-12-20 15:30:00+00:00,2022-12-20 23:55:00+00:00,132227,132228,132329,0.02374,0.024048659450321308,0.023600670274839346,0.024048659450321308,take_profit,1.300166176585127,1.2201661765851268,102
1000XEC,long,2022-12-21 17:40:00+00:00,2022-12-21 17:45:00+00:00,2022-12-22 02:00:00+00:00,132542,132543,132642,0.02403,0.02372040509936747,0.02372040509936747,0.02464918980126506,stop,-1.2883682922702033,-1.3683682922702034,100
1000XEC,long,2022-12-22 15:15:00+00:00,2022-12-22 15:20:00+00:00,2022-12-22 15:25:00+00:00,132801,132802,132803,0.02385,0.02380269789259538,0.02380269789259538,0.023974604214809236,stop,-0.1983316872311014,-0.2783316872311014,2
1000XEC,short,2022-12-22 15:55:00+00:00,2022-12-22 16:00:00+00:00,2022-12-22 17:00:00+00:00,132809,132810,132822,0.02375,0.023817627533055774,0.023817627533055774,0.023614744933888453,stop,-0.28393899838224934,-0.36393899838224936,13
1000XEC,long,2022-12-22 17:30:00+00:00,2022-12-22 17:35:00+00:00,2022-12-22 19:40:00+00:00,132828,132829,132854,0.02388,0.02379611789676076,0.02379611789676076,0.024017764206478474,stop,-0.3512650889415325,-0.43126508894153254,26
1000XEC,long,2022-12-23 19:30:00+00:00,2022-12-23 19:35:00+00:00,2022-12-23 20:10:00+00:00,133140,133141,133148,0.02411,0.024040207239113615,0.024040207239113615,0.024249585521772768,stop,-0.2894764035105135,-0.36947640351051353,8
1000XEC,short,2022-12-24 17:10:00+00:00,2022-12-24 17:15:00+00:00,2022-12-24 23:50:00+00:00,133400,133401,133480,0.02396,0.024045536140893307,0.024045536140893307,0.02381892771821339,stop,-0.3557256548247234,-0.4357256548247234,80
1000XEC,short,2022-12-25 17:55:00+00:00,2022-12-25 18:00:00+00:00,2022-12-25 18:10:00+00:00,133697,133698,133700,0.02395,0.02398264180429586,0.02398264180429586,0.023854716391408275,stop,-0.13610595764315114,-0.21610595764315113,3
1000XEC,short,2022-12-25 19:05:00+00:00,2022-12-25 19:10:00+00:00,2022-12-25 20:10:00+00:00,133711,133712,133724,0.02395,0.023873083794074514,0.023973458102962742,0.023873083794074514,take_profit,0.32218797784546727,0.24218797784546728,13
1000XEC,short,2022-12-26 15:55:00+00:00,2022-12-26 16:00:00+00:00,2022-12-27 05:20:00+00:00,133961,133962,134122,0.02386,0.023963567667250996,0.023963567667250996,0.023652864665498007,stop,-0.432188014276913,-0.5121880142769131,161
1000XEC,short,2022-12-27 15:10:00+00:00,2022-12-27 15:15:00+00:00,2022-12-27 15:50:00+00:00,134240,134241,134248,0.02356,0.023646357718510116,0.023646357718510116,0.02341728456297977,stop,-0.3652051598733719,-0.4452051598733719,8
1000XEC,short,2022-12-27 16:05:00+00:00,2022-12-27 16:10:00+00:00,2022-12-27 22:30:00+00:00,134251,134252,134328,0.02358,0.02337929996213825,0.023665350018930876,0.02337929996213825,take_profit,0.858451870615351,0.7784518706153509,77
1000XEC,short,2022-12-29 16:05:00+00:00,2022-12-29 16:10:00+00:00,2022-12-29 19:40:00+00:00,134827,134828,134870,0.02184,0.021963629522389172,0.021963629522389172,0.02159274095522165,stop,-0.562882934549358,-0.6428829345493581,43
1000XEC,short,2022-12-29 20:55:00+00:00,2022-12-29 21:00:00+00:00,2022-12-29 23:10:00+00:00,134885,134886,134912,0.02189,0.021982401636348427,0.021982401636348427,0.021705196727303144,stop,-0.42034368162775504,-0.5003436816277551,27
1000XEC,short,2022-12-30 15:50:00+00:00,2022-12-30 15:55:00+00:00,2022-12-30 16:20:00+00:00,135112,135113,135118,0.02146,0.02119440162177383,0.021562799189113087,0.02119440162177383,take_profit,1.2531534646079034,1.1731534646079034,6
1000XEC,long,2022-12-31 16:35:00+00:00,2022-12-31 16:40:00+00:00,2022-12-31 20:25:00+00:00,135409,135410,135455,0.02173,0.02196736344376378,0.02161131827811811,0.02196736344376378,take_profit,1.0923306201738647,1.0123306201738647,46
1000XEC,short,2023-01-01 16:15:00+00:00,2023-01-01 16:20:00+00:00,2023-01-01 18:20:00+00:00,135693,135694,135718,0.02186,0.021933242860301922,0.021933242860301922,0.02168351427939616,stop,-0.333935390988116,-0.413935390988116,25
1000XEC,short,2023-01-01 18:45:00+00:00,2023-01-01 18:50:00+00:00,2023-01-01 21:25:00+00:00,135723,135724,135755,0.02185,0.021955314518995184,0.021955314518995184,0.021639370962009637,stop,-0.4796766582599754,-0.5596766582599755,32
1000XEC,short,2023-01-02 15:35:00+00:00,2023-01-02 15:40:00+00:00,2023-01-02 16:10:00+00:00,135973,135974,135980,0.02189,0.021948960792526194,0.021948960792526194,0.021742078414947612,stop,-0.2686268069068243,-0.3486268069068243,7
1000XEC,short,2023-01-03 16:10:00+00:00,2023-01-03 16:15:00+00:00,2023-01-03 17:05:00+00:00,136268,136269,136279,0.02223,0.022123314669374606,0.022268342665312697,0.022123314669374606,take_profit,0.4822303177429266,0.40223031774292656,11
1000XEC,long,2023-01-04 15:45:00+00:00,2023-01-04 15:50:00+00:00,2023-01-04 16:05:00+00:00,136551,136552,136555,0.02281,0.022738466079022135,0.022738466079022135,0.02295306784195573,stop,-0.3136077202010812,-0.3936077202010812,4
1000XEC,long,2023-01-04 16:55:00+00:00,2023-01-04 17:00:00+00:00,2023-01-04 17:25:00+00:00,136565,136566,136571,0.02279,0.022717127483677716,0.022717127483677716,0.02293574503264457,stop,-0.319756543757288,-0.39975654375728803,6
1000XEC,long,2023-01-05 15:10:00+00:00,2023-01-05 15:15:00+00:00,2023-01-05 16:20:00+00:00,136832,136833,136846,0.02522,0.024817718336954543,0.024817718336954543,0.025994563326090913,stop,-1.5950898614014886,-1.6750898614014884,14
1000XEC,short,2023-01-05 17:00:00+00:00,2023-01-05 17:05:00+00:00,2023-01-06 15:50:00+00:00,136854,136855,137128,0.02449,0.023481431446775735,0.024994284276612135,0.023481431446775735,take_profit,4.295174915167932,4.215174915167932,274
1000XEC,short,2023-01-06 18:25:00+00:00,2023-01-06 18:30:00+00:00,2023-01-06 19:00:00+00:00,137159,137160,137166,0.02361,0.023705695715801507,0.023705695715801507,0.023418608568396983,stop,-0.4036823763738817,-0.48368237637388173,7
1000XEC,short,2023-01-06 19:05:00+00:00,2023-01-06 19:10:00+00:00,2023-01-06 20:05:00+00:00,137167,137168,137179,0.02361,0.02342901507340168,0.023715492463299157,0.02342901507340168,take_profit,0.7724820101540963,0.6924820101540963,12
1000XEC,short,2023-01-07 16:30:00+00:00,2023-01-07 16:35:00+00:00,2023-01-07 17:50:00+00:00,137424,137425,137440,0.02437,0.024212877252908396,0.0244335613735458,0.024212877252908396,take_profit,0.648922246829331,0.5689222468293309,16
1000XEC,long,2023-01-09 17:40:00+00:00,2023-01-09 17:45:00+00:00,2023-01-09 18:50:00+00:00,138014,138015,138028,0.02494,0.025271242323937616,0.024774378838031193,0.025271242323937616,take_profit,1.3281568722438353,1.2481568722438352,14
1000XEC,short,2023-01-10 15:30:00+00:00,2023-01-10 15:35:00+00:00,2023-01-10 16:30:00+00:00,138276,138277,138288,0.02525,0.025384219495592362,0.025384219495592362,0.02501156100881528,stop,-0.5287517137001818,-0.6087517137001819,12
1000XEC,short,2023-01-10 17:10:00+00:00,2023-01-10 17:15:00+00:00,2023-01-10 17:20:00+00:00,138296,138297,138298,0.02526,0.025419626924331657,0.025419626924331657,0.02494074615133669,stop,-0.6279672192154084,-0.7079672192154085,2
1000XEC,long,2023-01-10 17:25:00+00:00,2023-01-10 17:30:00+00:00,2023-01-10 18:10:00+00:00,138299,138300,138308,0.02549,0.025360539230044953,0.025360539230044953,0.02574892153991009,stop,-0.5078884658887617,-0.5878884658887618,9
1000XEC,long,2023-01-11 16:05:00+00:00,2023-01-11 16:10:00+00:00,2023-01-11 18:15:00+00:00,138571,138572,138597,0.02538,0.025645943772894853,0.025232028113552574,0.025645943772894853,take_profit,1.0478478049442685,0.9678478049442685,26
1000XEC,long,2023-01-13 15:40:00+00:00,2023-01-13 15:45:00+00:00,2023-01-13 16:20:00+00:00,139142,139143,139150,0.02734,0.027202069909686724,0.027202069909686724,0.02761586018062655,stop,-0.5044992330405118,-0.5844992330405119,8
1000XEC,long,2023-01-13 17:20:00+00:00,2023-01-13 17:25:00+00:00,2023-01-13 19:30:00+00:00,139162,139163,139188,0.02735,0.02720022399626319,0.02720022399626319,0.02761955200747362,stop,-0.5476270703356878,-0.6276270703356879,26
1000XEC,long,2023-01-13 19:45:00+00:00,2023-01-13 19:50:00+00:00,2023-01-13 20:35:00+00:00,139191,139192,139201,0.02738,0.02720244356495493,0.02720244356495493,0.027765112870090144,stop,-0.6484895363223941,-0.7284895363223942,10
1000XEC,long,2023-01-14 15:05:00+00:00,2023-01-14 15:10:00+00:00,2023-01-14 15:45:00+00:00,139423,139424,139431,0.02972,0.030235146689279974,0.029462426655360013,0.030235146689279974,take_profit,1.7333334094211894,1.6533334094211896,8
1000XEC,short,2023-01-14 18:15:00+00:00,2023-01-14 18:20:00+00:00,2023-01-15 09:00:00+00:00,139461,139462,139638,0.02843,0.03010051174844494,0.03010051174844494,0.025118976503110117,stop,-5.549778563253971,-5.629778563253971,177
1000XEC,short,2023-01-16 16:00:00+00:00,2023-01-16 16:05:00+00:00,2023-01-16 17:05:00+00:00,140010,140011,140023,0.03028,0.02982925320442153,0.030505373397789238,0.02982925320442153,take_profit,1.5110897765005404,1.4310897765005404,13
1000XEC,long,2023-01-17 16:15:00+00:00,2023-01-17 16:20:00+00:00,2023-01-17 16:25:00+00:00,140301,140302,140303,0.02994,0.0297814230629325,0.0297814230629325,0.030227153874134993,stop,-0.5296490884018068,-0.6096490884018069,2
1000XEC,long,2023-01-17 16:55:00+00:00,2023-01-17 17:00:00+00:00,2023-01-17 20:55:00+00:00,140309,140310,140357,0.02988,0.030213831798720215,0.029743084100639892,0.030213831798720215,take_profit,1.1172416289163767,1.0372416289163766,48
1000XEC,short,2023-01-18 15:05:00+00:00,2023-01-18 15:10:00+00:00,2023-01-18 16:15:00+00:00,140575,140576,140589,0.03032,0.03052100320907261,0.03052100320907261,0.029917993581854777,stop,-0.6585734017185318,-0.7385734017185319,14
1000XEC,short,2023-01-18 17:15:00+00:00,2023-01-18 17:20:00+00:00,2023-01-18 20:45:00+00:00,140601,140602,140643,0.03029,0.03089819512762168,0.03089819512762168,0.029073609744756642,stop,-1.9683839949537374,-2.0483839949537375,42
1000XEC,short,2023-01-19 20:25:00+00:00,2023-01-19 20:30:00+00:00,2023-01-19 22:10:00+00:00,140927,140928,140948,0.02844,0.028052168324378804,0.028633915837810598,0.028052168324378804,take_profit,1.3825372468057928,1.3025372468057927,21
1000XEC,short,2023-01-20 15:15:00+00:00,2023-01-20 15:20:00+00:00,2023-01-20 21:30:00+00:00,141153,141154,141228,0.02846,0.02859749749607615,0.02859749749607615,0.0281850050078477,stop,-0.4808025460794729,-0.560802546079473,75
1000XEC,long,2023-01-21 15:35:00+00:00,2023-01-21 15:40:00+00:00,2023-01-21 16:25:00+00:00,141445,141446,141455,0.03074,0.03100439779505123,0.030622801102474385,0.03100439779505123,take_profit,0.8601099383579447,0.7801099383579446,10
1000XEC,long,2023-01-21 17:30:00+00:00,2023-01-21 17:35:00+00:00,2023-01-21 17:45:00+00:00,141468,141469,141471,0.03078,0.030603505019527254,0.030603505019527254,0.031132989960945486,stop,-0.5734079937386061,-0.6534079937386061,3
1000XEC,long,2023-01-21 19:00:00+00:00,2023-01-21 19:05:00+00:00,2023-01-21 19:25:00+00:00,141486,141487,141491,0.03075,0.030534353842951775,0.030534353842951775,0.03118129231409645,stop,-0.7012883156039873,-0.7812883156039874,5
1000XEC,long,2023-01-23 15:20:00+00:00,2023-01-23 15:25:00+00:00,2023-01-23 19:00:00+00:00,142018,142019,142062,0.03242,0.03332388797267918,0.03196805601366041,0.03332388797267918,take_profit,2.78805667081794,2.70805667081794,44
1000XEC,long,2023-01-25 15:10:00+00:00,2023-01-25 15:15:00+00:00,2023-01-25 17:35:00+00:00,142592,142593,142621,0.03354,0.03441779688601505,0.03311610155699248,0.03441779688601505,take_profit,2.6171642397586403,2.5371642397586402,29
1000XEC,long,2023-01-25 18:25:00+00:00,2023-01-25 18:30:00+00:00,2023-01-25 23:35:00+00:00,142631,142632,142693,0.03348,0.03295927068701624,0.03295927068701624,0.034521458625967526,stop,-1.5553444234879366,-1.6353444234879364,62
1000XEC,short,2023-01-27 15:30:00+00:00,2023-01-27 15:35:00+00:00,2023-01-27 18:00:00+00:00,143172,143173,143202,0.04072,0.03926885331664918,0.04144557334167541,0.03926885331664918,take_profit,3.6954139497003435,3.6154139497003435,30
1000XEC,short,2023-01-28 15:10:00+00:00,2023-01-28 15:15:00+00:00,2023-01-28 21:25:00+00:00,143456,143457,143531,0.03826,0.037621987198223926,0.038564006400888036,0.037621987198223926,take_profit,1.695850882130423,1.6158508821304232,75
1000XEC,short,2023-01-29 15:10:00+00:00,2023-01-29 15:15:00+00:00,2023-01-29 18:35:00+00:00,143744,143745,143785,0.03701,0.0371259134973048,0.0371259134973048,0.036808173005390396,stop,-0.3122172261517897,-0.3922172261517897,41
1000XEC,long,2023-01-29 19:00:00+00:00,2023-01-29 19:05:00+00:00,2023-01-30 04:25:00+00:00,143790,143791,143903,0.03719,0.03756782176308404,0.03700108911845798,0.03756782176308404,take_profit,1.0159229983437434,0.9359229983437434,113
1000XEC,short,2023-01-30 15:30:00+00:00,2023-01-30 15:35:00+00:00,2023-01-30 16:20:00+00:00,144036,144037,144046,0.03697,0.03651693606241578,0.037196531968792114,0.03651693606241578,take_profit,1.240695377097989,1.1606953770979889,10
1000XEC,long,2023-01-31 16:45:00+00:00,2023-01-31 16:50:00+00:00,2023-01-31 17:45:00+00:00,144339,144340,144351,0.03475,0.03531080799689183,0.03448459600155408,0.03531080799689183,take_profit,1.6138359622786425,1.5338359622786424,12
1000XEC,short,2023-02-01 15:10:00+00:00,2023-02-01 15:15:00+00:00,2023-02-01 15:45:00+00:00,144608,144609,144615,0.03501,0.03460437723169221,0.03521281138415389,0.03460437723169221,take_profit,1.172171848642023,1.0921718486420229,7
1000XEC,long,2023-02-02 15:05:00+00:00,2023-02-02 15:10:00+00:00,2023-02-02 15:35:00+00:00,144895,144896,144901,0.03753,0.03805446441670878,0.03726776779164561,0.03805446441670878,take_profit,1.397453814838201,1.317453814838201,6
1000XEC,long,2023-02-02 16:50:00+00:00,2023-02-02 16:55:00+00:00,2023-02-02 23:50:00+00:00,144916,144917,145000,0.0377,0.0371362775575501,0.0371362775575501,0.038857444884899804,stop,-1.4952849932358014,-1.5752849932358013,84
1000XEC,long,2023-02-03 15:05:00+00:00,2023-02-03 15:10:00+00:00,2023-02-03 15:15:00+00:00,145183,145184,145185,0.03726,0.037092727578451265,0.037092727578451265,0.03762454484309746,stop,-0.4489329617518467,-0.5289329617518468,2
1000XEC,long,2023-02-03 20:30:00+00:00,2023-02-03 20:35:00+00:00,2023-02-03 22:05:00+00:00,145248,145249,145267,0.03727,0.03709581368406988,0.03709581368406988,0.03758837263186024,stop,-0.4673633376176989,-0.547363337617699,19
1000XEC,long,2023-02-04 17:05:00+00:00,2023-02-04 17:10:00+00:00,2023-02-05 08:40:00+00:00,145495,145496,145682,0.03874,0.038166328597372165,0.038166328597372165,0.03991734280525567,stop,-1.4808244776144286,-1.5608244776144287,187
1000XEC,short,2023-02-05 15:05:00+00:00,2023-02-05 15:10:00+00:00,2023-02-05 21:50:00+00:00,145759,145760,145840,0.03874,0.037567388394075016,0.03931130580296249,0.037567388394075016,take_profit,3.1213551328734823,3.0413551328734822,81
1000XEC,long,2023-02-06 16:10:00+00:00,2023-02-06 16:15:00+00:00,2023-02-06 19:00:00+00:00,146060,146061,146094,0.03739,0.03690856773161295,0.03690856773161295,0.038382864536774114,stop,-1.2875963316048455,-1.3675963316048456,34
1000XEC,long,2023-02-08 16:50:00+00:00,2023-02-08 16:55:00+00:00,2023-02-08 17:30:00+00:00,146644,146645,146652,0.03825,0.03787271018435472,0.03787271018435472,0.03906457963129055,stop,-0.9863786029941868,-1.0663786029941869,8
1000XEC,long,2023-02-11 16:45:00+00:00,2023-02-11 16:50:00+00:00,2023-02-11 19:25:00+00:00,147507,147508,147539,0.03423,0.03412064469946125,0.03412064469946125,0.03444871060107749,stop,-0.31947210207053933,-0.39947210207053935,32
1000XEC,long,2023-02-11 20:30:00+00:00,2023-02-11 20:35:00+00:00,2023-02-12 00:00:00+00:00,147552,147553,147594,0.03429,0.034618116738615506,0.03414094163069224,0.034618116738615506,take_profit,0.9568875433523027,0.8768875433523027,42
1000XEC,short,2023-02-13 16:05:00+00:00,2023-02-13 16:10:00+00:00,2023-02-13 16:10:00+00:00,148075,148076,148076,0.0331,0.03327283556779121,0.03327283556779121,0.03275432886441757,stop,-0.5194494693398499,-0.59944946933985,1
1000XEC,short,2023-02-13 16:55:00+00:00,2023-02-13 17:00:00+00:00,2023-02-13 17:05:00+00:00,148085,148086,148087,0.03321,0.03293941336512382,0.033315293317438086,0.03293941336512382,take_profit,0.8214676803038667,0.7414676803038667,2
1000XEC,long,2023-02-14 15:10:00+00:00,2023-02-14 15:15:00+00:00,2023-02-14 17:15:00+00:00,148352,148353,148377,0.03207,0.03190398991386881,0.03190398991386881,0.03240202017226239,stop,-0.5176491616189383,-0.5976491616189383,25
1000XEC,long,2023-02-14 18:25:00+00:00,2023-02-14 18:30:00+00:00,2023-02-14 18:50:00+00:00,148391,148392,148396,0.03206,0.032303592672953026,0.031938203663523484,0.032303592672953026,take_profit,0.7598024733406872,0.6798024733406871,5
1000XEC,long,2023-02-15 15:10:00+00:00,2023-02-15 15:15:00+00:00,2023-02-15 16:30:00+00:00,148640,148641,148656,0.03379,0.03358736550458471,0.03358736550458471,0.034165268990830576,stop,-0.5996877638807074,-0.6796877638807075,16
1000XEC,long,2023-02-15 19:45:00+00:00,2023-02-15 19:50:00+00:00,2023-02-15 20:35:00+00:00,148695,148696,148705,0.03378,0.03399291216041383,0.03365854391979309,0.03399291216041383,take_profit,0.6302905873707187,0.5502905873707187,10
1000XEC,long,2023-02-16 15:15:00+00:00,2023-02-16 15:20:00+00:00,2023-02-16 15:55:00+00:00,148929,148930,148937,0.03654,0.03636124022749328,0.03636124022749328,0.036897519545013455,stop,-0.48921667352689324,-0.5692166735268933,8
1000XEC,long,2023-02-16 19:25:00+00:00,2023-02-16 19:30:00+00:00,2023-02-16 19:45:00+00:00,148979,148980,148983,0.03654,0.036367639148301274,0.036367639148301274,0.03685472170339745,stop,-0.47170457498283413,-0.5517045749828342,4
1000XEC,short,2023-02-18 16:00:00+00:00,2023-02-18 16:05:00+00:00,2023-02-18 19:35:00+00:00,149514,149515,149557,0.03622,0.03586929170196777,0.03639535414901612,0.03586929170196777,take_profit,0.9777396803544613,0.8977396803544613,43
1000XEC,short,2023-02-19 16:10:00+00:00,2023-02-19 16:15:00+00:00,2023-02-19 19:40:00+00:00,149804,149805,149846,0.03602,0.03612164214673731,0.03612164214673731,0.03578671570652538,stop,-0.2813884992393434,-0.3613884992393434,42
1000XEC,long,2023-02-19 20:20:00+00:00,2023-02-19 20:25:00+00:00,2023-02-19 21:30:00+00:00,149854,149855,149868,0.03628,0.03663280363693758,0.036088598181531206,0.03663280363693758,take_profit,0.9724466288246303,0.8924466288246302,14
1000XEC,long,2023-02-20 16:25:00+00:00,2023-02-20 16:30:00+00:00,2023-02-20 16:50:00+00:00,150095,150096,150100,0.03685,0.03720423385760511,0.03668788307119744,0.03720423385760511,take_profit,0.9612859093761417,0.8812859093761416,5
1000XEC,short,2023-02-21 17:40:00+00:00,2023-02-21 17:45:00+00:00,2023-02-22 06:25:00+00:00,150398,150399,150551,0.03945,0.03801403591407963,0.04015298204296019,0.03801403591407963,take_profit,3.777457592679645,3.697457592679645,153
1000XEC,short,2023-02-22 15:30:00+00:00,2023-02-22 15:35:00+00:00,2023-02-22 15:55:00+00:00,150660,150661,150665,0.03703,0.036544884961632905,0.03727255751918355,0.036544884961632905,take_profit,1.3274498986011407,1.2474498986011406,5
1000XEC,long,2023-02-24 15:05:00+00:00,2023-02-24 15:10:00+00:00,2023-02-24 15:30:00+00:00,151231,151232,151236,0.03669,0.03644449888423381,0.03644449888423381,0.03718100223153238,stop,-0.6691226921945792,-0.7491226921945793,5
1000XEC,short,2023-02-24 16:20:00+00:00,2023-02-24 16:25:00+00:00,2023-02-24 16:40:00+00:00,151246,151247,151250,0.03638,0.03653097954692306,0.03653097954692306,0.036108040906153875,stop,-0.41329181093852085,-0.49329181093852087,4
1000XEC,short,2023-02-24 17:15:00+00:00,2023-02-24 17:20:00+00:00,2023-02-24 17:30:00+00:00,151257,151258,151260,0.03638,0.03654801856398035,0.03654801856398035,0.03604396287203931,stop,-0.4597200356736608,-0.5397200356736609,3
1000XEC,long,2023-02-26 16:00:00+00:00,2023-02-26 16:05:00+00:00,2023-02-26 16:45:00+00:00,151818,151819,151827,0.03483,0.03497104718987597,0.034759476405062016,0.03497104718987597,take_profit,0.40495891437257736,0.32495891437257735,9
1000XEC,long,2023-02-26 17:20:00+00:00,2023-02-26 17:25:00+00:00,2023-02-26 21:55:00+00:00,151834,151835,151889,0.03483,0.03472565399650823,0.03472565399650823,0.035038692006983535,stop,-0.29958657333266636,-0.3795865733326664,55
1000XEC,short,2023-02-27 17:10:00+00:00,2023-02-27 17:15:00+00:00,2023-02-27 22:10:00+00:00,152120,152121,152180,0.03465,0.034810373101456425,0.034810373101456425,0.03432925379708715,stop,-0.4607049197347335,-0.5407049197347336,60
1000XEC,short,2023-02-28 16:05:00+00:00,2023-02-28 16:10:00+00:00,2023-02-28 16:55:00+00:00,152395,152396,152405,0.03468,0.0343398087246289,0.034850095637685555,0.0343398087246289,take_profit,0.9906615325061985,0.9106615325061984,10
1000XEC,long,2023-03-01 15:30:00+00:00,2023-03-01 15:35:00+00:00,2023-03-01 16:05:00+00:00,152676,152677,152683,0.03484,0.03471122741047939,0.03471122741047939,0.03509754517904123,stop,-0.3696113361670861,-0.4496113361670861,7
1000XEC,long,2023-03-01 17:20:00+00:00,2023-03-01 17:25:00+00:00,2023-03-01 21:10:00+00:00,152698,152699,152744,0.03483,0.03472706760192817,0.03472706760192817,0.035065864796143674,stop,-0.2955279875734518,-0.3755279875734518,46
1000XEC,short,2023-03-02 15:10:00+00:00,2023-03-02 15:15:00+00:00,2023-03-02 17:55:00+00:00,152960,152961,152993,0.03375,0.03390451359477873,0.03390451359477873,0.03341097281044254,stop,-0.4557316368712705,-0.5357316368712706,33
1000XEC,short,2023-03-02 19:45:00+00:00,2023-03-02 19:50:00+00:00,2023-03-02 21:00:00+00:00,153015,153016,153030,0.03379,0.03395518091217971,0.03395518091217971,0.033429638175640576,stop,-0.48646747784064637,-0.5664674778406464,15
1000XEC,short,2023-03-03 20:15:00+00:00,2023-03-03 20:20:00+00:00,2023-03-03 20:40:00+00:00,153309,153310,153314,0.03166,0.03172860815563568,0.03172860815563568,0.031492783688728626,stop,-0.2162343689932622,-0.2962343689932622,5
1000XEC,long,2023-03-04 15:25:00+00:00,2023-03-04 15:30:00+00:00,2023-03-04 17:30:00+00:00,153539,153540,153564,0.03186,0.03178496604782304,0.03178496604782304,0.032040067904353924,stop,-0.23551146320450744,-0.31551146320450746,25
1000XEC,short,2023-03-04 19:40:00+00:00,2023-03-04 19:45:00+00:00,2023-03-04 20:20:00+00:00,153590,153591,153598,0.03167,0.031772466070933744,0.031772466070933744,0.031435067858132514,stop,-0.3224995840895306,-0.4024995840895306,8
1000XEC,long,2023-03-04 20:55:00+00:00,2023-03-04 21:00:00+00:00,2023-03-04 21:00:00+00:00,153605,153606,153606,0.03185,0.03178577001949703,0.03178577001949703,0.032008459961005944,stop,-0.20166398902032867,-0.2816639890203287,1
1000XEC,short,2023-03-07 15:05:00+00:00,2023-03-07 15:10:00+00:00,2023-03-07 17:35:00+00:00,154399,154400,154429,0.03085,0.030657922398961333,0.03096103880051933,0.030657922398961333,take_profit,0.6265186483907836,0.5465186483907836,30
1000XEC,short,2023-03-10 15:40:00+00:00,2023-03-10 15:45:00+00:00,2023-03-10 17:10:00+00:00,155270,155271,155288,0.0269,0.02705420202247997,0.02705420202247997,0.026561595955040065,stop,-0.5699743882737307,-0.6499743882737308,18
1000XEC,short,2023-03-10 17:40:00+00:00,2023-03-10 17:45:00+00:00,2023-03-10 18:40:00+00:00,155294,155295,155306,0.02676,0.026362073966120964,0.026973963016939516,0.026362073966120964,take_profit,1.5094640671687198,1.4294640671687198,12
1000XEC,short,2023-03-11 15:05:00+00:00,2023-03-11 15:10:00+00:00,2023-03-11 16:15:00+00:00,155551,155552,155565,0.02723,0.026891298510608504,0.02739935074469575,0.026891298510608504,take_profit,1.2595207674998665,1.1795207674998665,14
1000XEC,short,2023-03-12 15:40:00+00:00,2023-03-12 15:45:00+00:00,2023-03-12 17:20:00+00:00,155846,155847,155866,0.02652,0.026618150202243715,0.026618150202243715,0.026353699595512575,stop,-0.3687341212592732,-0.4487341212592732,20
1000XEC,long,2023-03-13 14:05:00+00:00,2023-03-13 14:10:00+00:00,2023-03-13 14:50:00+00:00,156115,156116,156124,0.02898,0.028840988126715303,0.028840988126715303,0.02925802374656939,stop,-0.47968210243166665,-0.5596821024316667,9
1000XEC,long,2023-03-13 16:20:00+00:00,2023-03-13 16:25:00+00:00,2023-03-13 17:30:00+00:00,156142,156143,156156,0.02897,0.02881139576096675,0.02881139576096675,0.029317208478066493,stop,-0.5474775251406605,-0.6274775251406606,14
1000XEC,long,2023-03-14 14:10:00+00:00,2023-03-14 14:15:00+00:00,2023-03-14 14:15:00+00:00,156404,156405,156405,0.03132,0.03102710375323096,0.03102710375323096,0.03190579249353808,stop,-0.9351732016891434,-1.0151732016891435,1
1000XEC,short,2023-03-15 14:45:00+00:00,2023-03-15 14:50:00+00:00,2023-03-15 17:00:00+00:00,156699,156700,156726,0.03161,0.031846420149556985,0.031846420149556985,0.031137159700886027,stop,-0.7423759042514355,-0.8223759042514356,27
1000XEC,long,2023-03-15 17:10:00+00:00,2023-03-15 17:15:00+00:00,2023-03-15 18:45:00+00:00,156728,156729,156747,0.03213,0.03153853834311973,0.03153853834311973,0.03334292331376054,stop,-1.8408392682236707,-1.9208392682236706,19
1000XEC,short,2023-03-15 18:55:00+00:00,2023-03-15 19:00:00+00:00,2023-03-15 20:15:00+00:00,156749,156750,156765,0.03156,0.030937638339268117,0.03188618083036594,0.030937638339268117,take_profit,2.011665059585166,1.931665059585166,16
1000XEC,long,2023-03-16 14:20:00+00:00,2023-03-16 14:25:00+00:00,2023-03-16 22:15:00+00:00,156982,156983,157077,0.02988,0.029575090120655165,0.029575090120655165,0.03048981975868967,stop,-1.020448056709622,-1.100448056709622,95
1000XEC,long,2023-03-17 15:30:00+00:00,2023-03-17 15:35:00+00:00,2023-03-17 19:05:00+00:00,157284,157285,157327,0.03081,0.031228406370433125,0.030600796814783438,0.031228406370433125,take_profit,1.3580213256511708,1.2780213256511708,43
1000XEC,short,2023-03-19 14:45:00+00:00,2023-03-19 14:50:00+00:00,2023-03-19 15:40:00+00:00,157851,157852,157862,0.03151,0.03126412242335812,0.03161793878832094,0.03126412242335812,take_profit,0.7864528334183607,0.7064528334183606,11
1000XEC,short,2023-03-20 14:35:00+00:00,2023-03-20 14:40:00+00:00,2023-03-20 15:00:00+00:00,158137,158138,158142,0.03163,0.031811545324299285,0.031811545324299285,0.031236909351401436,stop,-0.5706900512016722,-0.6506900512016722,5
1000XEC,short,2023-03-21 14:30:00+00:00,2023-03-21 14:35:00+00:00,2023-03-21 16:05:00+00:00,158424,158425,158443,0.03119,0.030707393868494328,0.031431303065752834,0.030707393868494328,take_profit,1.5716284279038817,1.4916284279038816,19
1000XEC,long,2023-03-22 14:15:00+00:00,2023-03-22 14:20:00+00:00,2023-03-22 15:30:00+00:00,158709,158710,158724,0.03142,0.03128954109956804,0.03128954109956804,0.03168091780086391,stop,-0.41520974039451763,-0.49520974039451765,15
1000XEC,short,2023-03-22 16:20:00+00:00,2023-03-22 16:25:00+00:00,2023-03-22 16:30:00+00:00,158734,158735,158736,0.03124,0.031069411002299045,0.03132529449885048,0.031069411002299045,take_profit,0.5490577136732178,0.46905771367321775,2
1000XEC,long,2023-03-23 14:25:00+00:00,2023-03-23 14:30:00+00:00,2023-03-23 14:50:00+00:00,158999,159000,159004,0.03046,0.030610344404391924,0.03036982779780404,0.030610344404391924,take_profit,0.49357979117505835,0.41357979117505833,5
1000XEC,short,2023-03-24 17:35:00+00:00,2023-03-24 17:40:00+00:00,2023-03-24 18:50:00+00:00,159325,159326,159340,0.03116,0.030888375226478852,0.031295812386760574,0.030888375226478852,take_profit,0.8793754010353316,0.7993754010353316,15
1000XEC,long,2023-03-26 14:40:00+00:00,2023-03-26 14:45:00+00:00,2023-03-26 17:40:00+00:00,159866,159867,159902,0.03054,0.03072134931896889,0.030449325340515556,0.03072134931896889,take_profit,0.5938091649275945,0.5138091649275944,36
1000XEC,short,2023-03-27 14:10:00+00:00,2023-03-27 14:15:00+00:00,2023-03-27 14:55:00+00:00,160148,160149,160157,0.03012,0.02988092019297247,0.030239539903513767,0.02988092019297247,take_profit,0.800108582612391,0.720108582612391,9
1000XEC,long,2023-03-28 15:00:00+00:00,2023-03-28 15:05:00+00:00,2023-03-28 19:20:00+00:00,160446,160447,160498,0.02917,0.02896898944578589,0.02896898944578589,0.029542021108428212,stop,-0.6891002887010944,-0.7691002887010945,52
1000XEC,short,2023-03-28 19:50:00+00:00,2023-03-28 19:55:00+00:00,2023-03-28 20:00:00+00:00,160504,160505,160506,0.02892,0.02908088620713323,0.02908088620713323,0.02862822758573354,stop,-0.5532369474138155,-0.6332369474138155,2
1000XEC,long,2023-03-29 14:15:00+00:00,2023-03-29 14:20:00+00:00,2023-03-29 14:35:00+00:00,160725,160726,160729,0.03043,0.0302962857039602,0.0302962857039602,0.0306674285920796,stop,-0.43941602379165,-0.5194160237916501,4
1000XEC,long,2023-03-29 15:10:00+00:00,2023-03-29 15:15:00+00:00,2023-03-29 15:30:00+00:00,160736,160737,160740,0.03039,0.030632435938989004,0.0302687820305055,0.030632435938989004,take_profit,0.7977490588647607,0.7177490588647606,4
1000XEC,long,2023-03-29 17:05:00+00:00,2023-03-29 17:10:00+00:00,2023-03-29 18:10:00+00:00,160759,160760,160772,0.03042,0.030706288532924824,0.030276855733537587,0.030706288532924824,take_profit,0.941119437622695,0.8611194376226949,13
1000XEC,short,2023-03-30 14:20:00+00:00,2023-03-30 14:25:00+00:00,2023-03-30 18:00:00+00:00,161014,161015,161058,0.03078,0.030517183511777735,0.030941408244111134,0.030517183511777735,take_profit,0.8612082046196567,0.7812082046196567,44
1000XEC,short,2023-03-31 14:50:00+00:00,2023-03-31 14:55:00+00:00,2023-03-31 21:30:00+00:00,161308,161309,161388,0.03052,0.03070280985861324,0.03070280985861324,0.030154380282773514,stop,-0.5954173557895293,-0.6754173557895293,80
1000XEC,long,2023-04-04 14:15:00+00:00,2023-04-04 14:20:00+00:00,2023-04-04 14:55:00+00:00,162453,162454,162461,0.03076,0.030607629402569465,0.030607629402569465,0.031094741194861067,stop,-0.49535304756350707,-0.5753530475635071,8
1000XEC,long,2023-04-04 15:05:00+00:00,2023-04-04 15:10:00+00:00,2023-04-04 15:25:00+00:00,162463,162464,162467,0.03076,0.03062276112906837,0.03062276112906837,0.03103447774186326,stop,-0.44616017858136736,-0.5261601785813674,4
1000XEC,long,2023-04-04 15:35:00+00:00,2023-04-04 15:40:00+00:00,2023-04-04 20:05:00+00:00,162469,162470,162523,0.0308,0.03109657750420813,0.030636711247895937,0.03109657750420813,take_profit,0.9629139747017179,0.8829139747017178,54
1000XEC,long,2023-04-05 15:00:00+00:00,2023-04-05 15:05:00+00:00,2023-04-05 15:35:00+00:00,162750,162751,162757,0.03158,0.03146547619412178,0.03146547619412178,0.03180904761175643,stop,-0.36264663039333733,-0.44264663039333735,7
1000XEC,long,2023-04-05 17:30:00+00:00,2023-04-05 17:35:00+00:00,2023-04-05 18:40:00+00:00,162780,162781,162794,0.03156,0.03145623289718687,0.03145623289718687,0.03176753420562626,stop,-0.3287931014357759,-0.4087931014357759,14
1000XEC,long,2023-04-05 18:50:00+00:00,2023-04-05 18:55:00+00:00,2023-04-05 21:30:00+00:00,162796,162797,162828,0.03155,0.031417716987945855,0.031417716987945855,0.03184456602410828,stop,-0.41928054533801884,-0.49928054533801886,32
1000XEC,long,2023-04-06 16:15:00+00:00,2023-04-06 16:20:00+00:00,2023-04-06 16:50:00+00:00,163053,163054,163060,0.03163,0.031532909580995944,0.031532909580995944,0.03179418083800812,stop,-0.3069567467722245,-0.3869567467722245,7
1000XEC,long,2023-04-06 17:40:00+00:00,2023-04-06 17:45:00+00:00,2023-04-06 18:10:00+00:00,163070,163071,163076,0.03163,0.03192434360924303,0.03148282819537848,0.03192434360924303,take_profit,0.930583652364958,0.8505836523649579,6
1000XEC,short,2023-04-07 14:30:00+00:00,2023-04-07 14:35:00+00:00,2023-04-07 16:55:00+00:00,163320,163321,163349,0.03177,0.031249594575444503,0.03204520271227775,0.031249594575444503,take_profit,1.6653189637360066,1.5853189637360068,29
1000XEC,long,2023-04-08 14:05:00+00:00,2023-04-08 14:10:00+00:00,2023-04-08 15:00:00+00:00,163603,163604,163614,0.03185,0.03197486603599197,0.031772566982004015,0.03197486603599197,take_profit,0.39204406904855826,0.31204406904855825,11
1000XEC,long,2023-04-08 16:40:00+00:00,2023-04-08 16:45:00+00:00,2023-04-08 16:50:00+00:00,163634,163635,163636,0.03183,0.03176189228900893,0.03176189228900893,0.031996215421982145,stop,-0.213973330163586,-0.293973330163586,2
1000XEC,long,2023-04-08 17:00:00+00:00,2023-04-08 17:05:00+00:00,2023-04-08 23:50:00+00:00,163638,163639,163720,0.03193,0.03171561968102832,0.03171561968102832,0.032388760637943374,stop,-0.6714072000365889,-0.751407200036589,82
1000XEC,short,2023-04-10 14:15:00+00:00,2023-04-10 14:20:00+00:00,2023-04-10 14:40:00+00:00,164181,164182,164186,0.03114,0.03128580312407827,0.03128580312407827,0.030878393751843463,stop,-0.4660360595507784,-0.5460360595507785,5
1000XEC,short,2023-04-10 16:30:00+00:00,2023-04-10 16:35:00+00:00,2023-04-10 16:45:00+00:00,164208,164209,164211,0.03121,0.031080281906110646,0.03127485904694468,0.031080281906110646,take_profit,0.4173645988193364,0.3373645988193364,3
1000XEC,short,2023-04-10 17:20:00+00:00,2023-04-10 17:25:00+00:00,2023-04-10 20:05:00+00:00,164218,164219,164251,0.03119,0.03127650800641598,0.03127650800641598,0.030986983987168037,stop,-0.2765910004986383,-0.3565910004986383,33
1000XEC,long,2023-04-11 14:10:00+00:00,2023-04-11 14:15:00+00:00,2023-04-11 14:40:00+00:00,164468,164469,164474,0.03215,0.03205598334202942,0.03205598334202942,0.03233803331594115,stop,-0.29243128451189593,-0.37243128451189594,6
1000XEC,short,2023-04-12 15:10:00+00:00,2023-04-12 15:15:00+00:00,2023-04-12 15:30:00+00:00,164768,164769,164772,0.03082,0.030970945243090204,0.030970945243090204,0.030518109513819593,stop,-0.4873769331398825,-0.5673769331398826,4
1000XEC,short,2023-04-12 17:30:00+00:00,2023-04-12 17:35:00+00:00,2023-04-12 18:30:00+00:00,164796,164797,164808,0.03085,0.03096594291425,0.03096594291425,0.0306181141715,stop,-0.37442074530417147,-0.4544207453041715,12
1000XEC,short,2023-04-12 19:00:00+00:00,2023-04-12 19:05:00+00:00,2023-04-12 19:50:00+00:00,164814,164815,164824,0.03085,0.0309290238304485,0.0309290238304485,0.030691952339102994,stop,-0.2555005643944952,-0.3355005643944952,10
1000XEC,long,2023-04-13 17:35:00+00:00,2023-04-13 17:40:00+00:00,2023-04-13 18:10:00+00:00,165085,165086,165092,0.03137,0.03165188787398439,0.031214056063007804,0.03165188787398439,take_profit,0.8985906088121887,0.8185906088121886,7
1000XEC,long,2023-04-14 15:15:00+00:00,2023-04-14 15:20:00+00:00,2023-04-14 16:10:00+00:00,165345,165346,165356,0.03257,0.03282782979232372,0.03244108510383814,0.03282782979232372,take_profit,0.7916174157928113,0.7116174157928112,11
1000XEC,long,2023-04-14 17:00:00+00:00,2023-04-14 17:05:00+00:00,2023-04-14 17:25:00+00:00,165366,165367,165371,0.03254,0.03235678145255633,0.03235678145255633,0.032936437094887354,stop,-0.5630563842768055,-0.6430563842768056,5
1000XEC,long,2023-04-14 19:05:00+00:00,2023-04-14 19:10:00+00:00,2023-04-14 19:30:00+00:00,165391,165392,165396,0.03252,0.03243188225617921,0.03243188225617921,0.03269623548764158,stop,-0.27096477189664236,-0.3509647718966424,5
1000XEC,short,2023-04-15 15:30:00+00:00,2023-04-15 15:35:00+00:00,2023-04-15 16:15:00+00:00,165636,165637,165645,0.03188,0.032042431559866615,0.032042431559866615,0.03155513688026677,stop,-0.5069264470866863,-0.5869264470866864,9
1000XEC,long,2023-04-16 14:25:00+00:00,2023-04-16 14:30:00+00:00,2023-04-16 16:50:00+00:00,165911,165912,165940,0.0322,0.03237604116134911,0.03212697941932545,0.03237604116134911,take_profit,0.5467116812084116,0.4667116812084116,29
1000XEC,short,2023-04-17 15:50:00+00:00,2023-04-17 15:55:00+00:00,2023-04-17 16:15:00+00:00,166216,166217,166221,0.03187,0.03199575327457912,0.03199575327457912,0.03158849345084176,stop,-0.393031142289213,-0.473031142289213,5
1000XEC,short,2023-04-17 19:05:00+00:00,2023-04-17 19:10:00+00:00,2023-04-17 19:45:00+00:00,166255,166256,166263,0.03186,0.0319919378751141,0.0319919378751141,0.031596124249771804,stop,-0.41240976282568287,-0.4924097628256829,8
1000XEC,long,2023-04-18 14:15:00+00:00,2023-04-18 14:20:00+00:00,2023-04-18 15:25:00+00:00,166485,166486,166499,0.03181,0.03199597609404764,0.03173201195297618,0.03199597609404764,take_profit,0.5846466332840139,0.5046466332840138,14
1000XEC,long,2023-04-19 14:40:00+00:00,2023-04-19 14:45:00+00:00,2023-04-19 15:15:00+00:00,166778,166779,166785,0.03206,0.03196991963031165,0.03196991963031165,0.032270160739376705,stop,-0.28097432841032166,-0.3609743284103217,7
1000XEC,long,2023-04-20 14:05:00+00:00,2023-04-20 14:10:00+00:00,2023-04-20 14:20:00+00:00,167059,167060,167062,0.03038,0.03026193861689903,0.03026193861689903,0.030586122766201942,stop,-0.3886154809116915,-0.46861548091169153,3
1000XEC,short,2023-04-20 14:35:00+00:00,2023-04-20 14:40:00+00:00,2023-04-20 15:05:00+00:00,167065,167066,167071,0.03022,0.030297819692542038,0.030297819692542038,0.030034360614915927,stop,-0.25684915063770575,-0.33684915063770576,6
1000XEC,long,2023-04-20 15:15:00+00:00,2023-04-20 15:20:00+00:00,2023-04-20 16:05:00+00:00,167073,167074,167083,0.0304,0.03024846736867568,0.03024846736867568,0.030703065262648637,stop,-0.49846260304051704,-0.5784626030405171,10
1000XEC,long,2023-04-21 15:15:00+00:00,2023-04-21 15:20:00+00:00,2023-04-21 15:45:00+00:00,167361,167362,167367,0.03016,0.030007910719932834,0.030007910719932834,0.03046417856013433,stop,-0.5042748012836995,-0.5842748012836996,6
1000XEC,short,2023-04-21 15:50:00+00:00,2023-04-21 15:55:00+00:00,2023-04-21 16:05:00+00:00,167368,167369,167371,0.02985,0.030071783148350826,0.030071783148350826,0.029376433703298344,stop,-0.7375124622863827,-0.8175124622863827,3
1000XEC,long,2023-04-21 16:35:00+00:00,2023-04-21 16:40:00+00:00,2023-04-22 04:05:00+00:00,167377,167378,167515,0.03035,0.029968342250251096,0.029968342250251096,0.031113315499497803,stop,-1.2575214159766146,-1.3375214159766147,138
1000XEC,short,2023-04-22 14:05:00+00:00,2023-04-22 14:10:00+00:00,2023-04-22 14:35:00+00:00,167635,167636,167641,0.02932,0.029429883928732782,0.029429883928732782,0.029100232142534432,stop,-0.37337533847866533,-0.45337533847866535,6
1000XEC,short,2023-04-22 15:25:00+00:00,2023-04-22 15:30:00+00:00,2023-04-22 15:40:00+00:00,167651,167652,167654,0.0293,0.02937778037684214,0.02937778037684214,0.02914443924631572,stop,-0.26475920183355317,-0.3447592018335532,3
1000XEC,short,2023-04-23 14:05:00+00:00,2023-04-23 14:10:00+00:00,2023-04-23 14:25:00+00:00,167923,167924,167927,0.02991,0.02997917119979306,0.02997917119979306,0.02977165760041388,stop,-0.23073086087695982,-0.31073086087695984,4
1000XEC,short,2023-04-23 14:35:00+00:00,2023-04-23 14:40:00+00:00,2023-04-23 15:05:00+00:00,167929,167930,167935,0.02991,0.03004545896848118,0.03004545896848118,0.029639082063037635,stop,-0.450846727364973,-0.5308467273649731,6
1000XEC,short,2023-04-24 15:40:00+00:00,2023-04-24 15:45:00+00:00,2023-04-24 18:05:00+00:00,168230,168231,168259,0.02939,0.029542240457195057,0.029542240457195057,0.029085519085609884,stop,-0.5153314536710418,-0.5953314536710419,29
1000XEC,short,2023-04-25 14:10:00+00:00,2023-04-25 14:15:00+00:00,2023-04-25 14:50:00+00:00,168500,168501,168508,0.02902,0.02915712989843063,0.02915712989843063,0.028745740203138744,stop,-0.4703134324548497,-0.5503134324548498,8
1000XEC,short,2023-04-25 16:00:00+00:00,2023-04-25 16:05:00+00:00,2023-04-25 17:55:00+00:00,168522,168523,168545,0.02904,0.029137169719276906,0.029137169719276906,0.028815660561446188,stop,-0.33349059024294636,-0.4134905902429464,23
1000XEC,short,2023-04-25 18:25:00+00:00,2023-04-25 18:30:00+00:00,2023-04-25 20:05:00+00:00,168551,168552,168571,0.02906,0.02915518093060336,0.02915518093060336,0.028839638138793276,stop,-0.3264631793228001,-0.4064631793228001,20
1000XEC,long,2023-04-26 15:05:00+00:00,2023-04-26 15:10:00+00:00,2023-04-26 15:15:00+00:00,168799,168800,168801,0.03008,0.029923853466895422,0.029923853466895422,0.030392293066209154,stop,-0.5191041659061701,-0.5991041659061702,2
1000XEC,long,2023-04-26 17:25:00+00:00,2023-04-26 17:30:00+00:00,2023-04-26 17:50:00+00:00,168827,168828,168832,0.03011,0.030521609130905944,0.02991919543454703,0.030521609130905944,take_profit,1.3670180368845708,1.2870180368845707,5
1000XEC,long,2023-04-27 14:20:00+00:00,2023-04-27 14:25:00+00:00,2023-04-27 15:05:00+00:00,169078,169079,169087,0.02952,0.029357803881083278,0.029357803881083278,0.02981439223783345,stop,-0.5494448472788793,-0.6294448472788794,9
1000XEC,short,2023-04-27 15:10:00+00:00,2023-04-27 15:15:00+00:00,2023-04-27 15:50:00+00:00,169088,169089,169096,0.0293,0.029040602815320893,0.029429698592339553,0.029040602815320893,take_profit,0.8932224524700993,0.8132224524700993,8
1000XEC,short,2023-04-28 14:05:00+00:00,2023-04-28 14:10:00+00:00,2023-04-28 14:30:00+00:00,169363,169364,169368,0.0296,0.029679561358015586,0.029679561358015586,0.029440877283968832,stop,-0.2680678365015621,-0.3480678365015621,5
1000XEC,short,2023-04-28 14:55:00+00:00,2023-04-28 15:00:00+00:00,2023-04-28 15:55:00+00:00,169373,169374,169385,0.02961,0.02967817813646938,0.02967817813646938,0.029443643727061243,stop,-0.22972480371226123,-0.30972480371226124,12
1000XEC,long,2023-04-28 16:40:00+00:00,2023-04-28 16:45:00+00:00,2023-04-28 17:05:00+00:00,169394,169395,169399,0.02972,0.029644884237325076,0.029644884237325076,0.029870231525349848,stop,-0.25274482730458514,-0.33274482730458516,5
1000XEC,long,2023-04-29 14:05:00+00:00,2023-04-29 14:10:00+00:00,2023-04-29 14:35:00+00:00,169651,169652,169657,0.03004,0.0299338394126115,0.0299338394126115,0.030282321174777,stop,-0.3533974280575891,-0.43339742805758913,6
1000XEC,long,2023-04-29 15:05:00+00:00,2023-04-29 15:10:00+00:00,2023-04-29 18:20:00+00:00,169663,169664,169702,0.03004,0.0302576082112306,0.0299461958943847,0.0302576082112306,take_profit,0.7243948443095949,0.6443948443095948,39
1000XEC,short,2023-04-30 19:45:00+00:00,2023-04-30 19:50:00+00:00,2023-04-30 23:55:00+00:00,170007,170008,170057,0.03002,0.030149431251561613,0.030149431251561613,0.02973113749687677,stop,-0.4292991482381825,-0.5092991482381826,50
1000XEC,short,2023-05-01 14:35:00+00:00,2023-05-01 14:40:00+00:00,2023-05-01 14:40:00+00:00,170233,170234,170234,0.02913,0.029025963460467794,0.029182018269766102,0.029025963460467794,take_profit,0.35842579239067085,0.27842579239067083,1
1000XEC,short,2023-05-02 14:35:00+00:00,2023-05-02 14:40:00+00:00,2023-05-02 15:05:00+00:00,170521,170522,170527,0.02871,0.028779900187186565,0.028779900187186565,0.028570199625626867,stop,-0.24287849065469658,-0.3228784906546966,6
1000XEC,short,2023-05-02 15:30:00+00:00,2023-05-02 15:35:00+00:00,2023-05-02 16:05:00+00:00,170532,170533,170539,0.0287,0.028767045002815357,0.028767045002815357,0.028565909994369285,stop,-0.23306183450123585,-0.31306183450123587,7
1000XEC,long,2023-05-02 17:00:00+00:00,2023-05-02 17:05:00+00:00,2023-05-02 17:35:00+00:00,170550,170551,170557,0.02886,0.0287832037794251,0.0287832037794251,0.029043592441149797,stop,-0.26609917039119857,-0.3460991703911986,7
1000XEC,short,2023-05-03 14:45:00+00:00,2023-05-03 14:50:00+00:00,2023-05-03 15:15:00+00:00,170811,170812,170817,0.02861,0.028686056372860202,0.028686056372860202,0.028457887254279595,stop,-0.26513359616819887,-0.3451335961681989,6
1000XEC,short,2023-05-03 19:00:00+00:00,2023-05-03 19:05:00+00:00,2023-05-03 20:45:00+00:00,170862,170863,170883,0.02863,0.02844046598856996,0.02870976700571502,0.02844046598856996,take_profit,0.6664237200129319,0.5864237200129319,21
1000XEC,long,2023-05-04 19:35:00+00:00,2023-05-04 19:40:00+00:00,2023-05-04 20:15:00+00:00,171157,171158,171165,0.02897,0.02887954554468116,0.02887954554468116,0.029180908910637675,stop,-0.31223491653034063,-0.39223491653034065,8
1000XEC,short,2023-05-05 14:05:00+00:00,2023-05-05 14:10:00+00:00,2023-05-05 17:50:00+00:00,171379,171380,171424,0.02827,0.028078407781537366,0.028365796109231317,0.028078407781537366,take_profit,0.6823471613964349,0.6023471613964348,45
1000XEC,short,2023-05-06 15:50:00+00:00,2023-05-06 15:55:00+00:00,2023-05-06 17:00:00+00:00,171688,171689,171702,0.02805,0.027795089279971548,0.028177455360014224,0.027795089279971548,take_profit,0.9171070380843638,0.8371070380843637,14
1000XEC,long,2023-05-07 14:25:00+00:00,2023-05-07 14:30:00+00:00,2023-05-07 17:05:00+00:00,171959,171960,171991,0.02728,0.027460224659010067,0.027189887670494964,0.027460224659010067,take_profit,0.6606475770163822,0.5806475770163821,32
1000XEC,short,2023-05-08 16:05:00+00:00,2023-05-08 16:10:00+00:00,2023-05-08 18:55:00+00:00,172267,172268,172301,0.02594,0.026098185457053353,0.026098185457053353,0.0255936290858933,stop,-0.6061166869767987,-0.6861166869767987,34
1000XEC,long,2023-05-09 14:10:00+00:00,2023-05-09 14:15:00+00:00,2023-05-09 17:15:00+00:00,172532,172533,172569,0.02615,0.02699083830078006,0.02574458084960997,0.02699083830078006,take_profit,3.215442832810944,3.135442832810944,37
1000XEC,short,2023-05-10 14:20:00+00:00,2023-05-10 14:25:00+00:00,2023-05-10 14:40:00+00:00,172822,172823,172826,0.02678,0.026906424809067662,0.026906424809067662,0.026497150381864672,stop,-0.46986847923792263,-0.5498684792379227,4
1000XEC,short,2023-05-10 14:55:00+00:00,2023-05-10 15:00:00+00:00,2023-05-10 15:40:00+00:00,172829,172830,172838,0.02676,0.02686570079257591,0.02686570079257591,0.026548598414848176,stop,-0.3934414121262053,-0.47344141212620533,9
1000XEC,short,2023-05-10 16:10:00+00:00,2023-05-10 16:15:00+00:00,2023-05-10 17:05:00+00:00,172844,172845,172855,0.02676,0.026361805814358392,0.026944097092820803,0.026361805814358392,take_profit,1.510496619411117,1.4304966194111168,11
1000XEC,long,2023-05-11 14:05:00+00:00,2023-05-11 14:10:00+00:00,2023-05-11 14:15:00+00:00,173107,173108,173109,0.0268,0.026736775564549606,0.026736775564549606,0.02695644887090079,stop,-0.23591207257610547,-0.3159120725761055,2
1000XEC,short,2023-05-11 14:25:00+00:00,2023-05-11 14:30:00+00:00,2023-05-11 17:00:00+00:00,173111,173112,173142,0.02667,0.026382851254638757,0.02679857437268062,0.026382851254638757,take_profit,1.0883916320862275,1.0083916320862274,31
1000XEC,long,2023-05-12 14:05:00+00:00,2023-05-12 14:10:00+00:00,2023-05-12 15:10:00+00:00,173395,173396,173408,0.02607,0.02587414564750084,0.02587414564750084,0.02649170870499832,stop,-0.7512633390838519,-0.831263339083852,13
1000XEC,long,2023-05-12 15:30:00+00:00,2023-05-12 15:35:00+00:00,2023-05-12 23:10:00+00:00,173412,173413,173504,0.02602,0.02648232785741498,0.025788836071292513,0.02648232785741498,take_profit,1.7768172844541796,1.6968172844541798,92
1000XEC,long,2023-05-13 14:20:00+00:00,2023-05-13 14:25:00+00:00,2023-05-13 14:30:00+00:00,173686,173687,173688,0.02686,0.026771711948379646,0.026771711948379646,0.027066576103240713,stop,-0.32869713931628075,-0.40869713931628077,2
1000XEC,long,2023-05-13 15:05:00+00:00,2023-05-13 15:10:00+00:00,2023-05-13 17:05:00+00:00,173695,173696,173719,0.02683,0.027019581062605987,0.026750209468697005,0.027019581062605987,take_profit,0.7066010533208544,0.6266010533208544,24
1000XEC,long,2023-05-14 14:20:00+00:00,2023-05-14 14:25:00+00:00,2023-05-14 14:50:00+00:00,173974,173975,173980,0.02726,0.027162740587159014,0.027162740587159014,0.02745451882568197,stop,-0.35678434644529355,-0.43678434644529357,6
1000XEC,long,2023-05-14 15:00:00+00:00,2023-05-14 15:05:00+00:00,2023-05-14 16:30:00+00:00,173982,173983,174000,0.02726,0.02749503887307702,0.02714248056346149,0.02749503887307702,take_profit,0.8622115666801822,0.7822115666801821,18
1000XEC,short,2023-05-15 14:50:00+00:00,2023-05-15 14:55:00+00:00,2023-05-15 15:20:00+00:00,174268,174269,174274,0.02681,0.026866251278919357,0.026866251278919357,0.026697497442161287,stop,-0.20937524307119704,-0.28937524307119705,6
1000XEC,short,2023-05-16 14:30:00+00:00,2023-05-16 14:35:00+00:00,2023-05-16 16:15:00+00:00,174552,174553,174573,0.02632,0.026406913338747114,0.026406913338747114,0.02614617332250577,stop,-0.3291310030528516,-0.4091310030528516,21
1000XEC,short,2023-05-16 17:35:00+00:00,2023-05-16 17:40:00+00:00,2023-05-16 19:15:00+00:00,174589,174590,174609,0.02634,0.02620015083722415,0.026394924581387924,0.02620015083722415,take_profit,0.5337723574368125,0.4537723574368125,20
1000XEC,short,2023-05-18 14:45:00+00:00,2023-05-18 14:50:00+00:00,2023-05-18 22:10:00+00:00,175131,175132,175220,0.02632,0.026100705080397805,0.026429647459801097,0.026100705080397805,take_profit,0.8401877226178467,0.7601877226178466,89
1000XEC,long,2023-05-19 14:05:00+00:00,2023-05-19 14:10:00+00:00,2023-05-19 14:25:00+00:00,175411,175412,175415,0.02609,0.026023513929487065,0.026023513929487065,0.026252972141025874,stop,-0.25483353971994527,-0.3348335397199453,4
1000XEC,long,2023-05-19 15:00:00+00:00,2023-05-19 15:05:00+00:00,2023-05-19 20:35:00+00:00,175422,175423,175489,0.02609,0.025989896799999086,0.025989896799999086,0.026320206400001833,stop,-0.3836841701836402,-0.4636841701836402,67
1000XEC,short,2023-05-21 15:00:00+00:00,2023-05-21 15:05:00+00:00,2023-05-21 19:45:00+00:00,175998,175999,176055,0.0262,0.026057154938030135,0.026256422530984935,0.026057154938030135,take_profit,0.5481989968190382,0.46819899681903815,57
1000XEC,short,2023-05-24 15:10:00+00:00,2023-05-24 15:15:00+00:00,2023-05-24 18:10:00+00:00,176864,176865,176900,0.02513,0.025252424282602708,0.025252424282602708,0.024885151434794583,stop,-0.48480209754375725,-0.5648020975437573,36
1000XEC,short,2023-05-24 18:55:00+00:00,2023-05-24 19:00:00+00:00,2023-05-24 19:05:00+00:00,176909,176910,176911,0.02516,0.025205870092086077,0.025205870092086077,0.02509825981582785,stop,-0.18198178407846655,-0.26198178407846656,2
1000XEC,short,2023-05-24 19:20:00+00:00,2023-05-24 19:25:00+00:00,2023-05-24 20:15:00+00:00,176914,176915,176925,0.02517,0.025213926794083037,0.025213926794083037,0.02508214641183393,stop,-0.17421639414509915,-0.25421639414509917,11
1000XEC,long,2023-05-25 14:45:00+00:00,2023-05-25 14:50:00+00:00,2023-05-25 16:35:00+00:00,177147,177148,177169,0.02462,0.02452827507067545,0.02452827507067545,0.024833449858649097,stop,-0.372562669880383,-0.452562669880383,22
1000XEC,short,2023-05-25 16:45:00+00:00,2023-05-25 16:50:00+00:00,2023-05-25 17:05:00+00:00,177171,177172,177175,0.0245,0.024556832995936088,0.024556832995936088,0.024386334008127827,stop,-0.23143454999059454,-0.31143454999059456,4
1000XEC,short,2023-05-25 17:10:00+00:00,2023-05-25 17:15:00+00:00,2023-05-25 21:00:00+00:00,177176,177177,177222,0.0245,0.024579408233102458,0.024579408233102458,0.024311183533795088,stop,-0.32306812413617214,-0.40306812413617216,46
1000XEC,short,2023-05-26 14:15:00+00:00,2023-05-26 14:20:00+00:00,2023-05-26 15:00:00+00:00,177429,177430,177438,0.02446,0.024337536297072273,0.024521231851463862,0.024337536297072273,take_profit,0.503188578469449,0.42318857846944896,9
1000XEC,short,2023-05-26 16:55:00+00:00,2023-05-26 17:00:00+00:00,2023-05-26 17:55:00+00:00,177461,177462,177473,0.02448,0.024512226335353958,0.024512226335353958,0.02438554732929208,stop,-0.1314704544298384,-0.2114704544298384,12
1000XEC,short,2023-05-26 18:00:00+00:00,2023-05-26 18:05:00+00:00,2023-05-26 19:30:00+00:00,177474,177475,177492,0.02445,0.02451105481669981,0.02451105481669981,0.02432789036660038,stop,-0.24909093940017613,-0.32909093940017614,18
1000XEC,short,2023-05-26 19:50:00+00:00,2023-05-26 19:55:00+00:00,2023-05-26 21:30:00+00:00,177496,177497,177516,0.02446,0.02434867615126911,0.024515661924365443,0.02434867615126911,take_profit,0.4572069875145246,0.3772069875145246,20
1000XEC,long,2023-05-28 19:15:00+00:00,2023-05-28 19:20:00+00:00,2023-05-29 03:20:00+00:00,178065,178066,178162,0.02523,0.025394103352544523,0.025132948323727738,0.025394103352544523,take_profit,0.6504294591538784,0.5704294591538783,97
1000XEC,short,2023-05-31 14:45:00+00:00,2023-05-31 14:50:00+00:00,2023-05-31 23:15:00+00:00,178875,178876,178977,0.02439,0.024126144325699785,0.024521927837150105,0.024126144325699785,take_profit,1.0936504015651938,1.0136504015651937,102
1000XEC,long,2023-06-01 14:15:00+00:00,2023-06-01 14:20:00+00:00,2023-06-01 16:00:00+00:00,179157,179158,179178,0.02434,0.024284274889299722,0.024284274889299722,0.024481450221400556,stop,-0.22894457970533688,-0.3089445797053369,21
1000XEC,short,2023-06-01 16:05:00+00:00,2023-06-01 16:10:00+00:00,2023-06-01 18:30:00+00:00,179179,179180,179208,0.02424,0.02435586384466265,0.02435586384466265,0.023978272310674703,stop,-0.47571231881410325,-0.5557123188141033,29
1000XEC,long,2023-06-01 19:20:00+00:00,2023-06-01 19:25:00+00:00,2023-06-01 19:55:00+00:00,179218,179219,179225,0.02434,0.024267940424374815,0.024267940424374815,0.02451411915125037,stop,-0.29605413157430815,-0.37605413157430817,7
1000XEC,long,2023-06-02 17:20:00+00:00,2023-06-02 17:25:00+00:00,2023-06-02 21:30:00+00:00,179482,179483,179532,0.0245,0.024439956343909528,0.024439956343909528,0.024620087312180947,stop,-0.24507614730805427,-0.3250761473080543,50
1000XEC,long,2023-06-03 14:20:00+00:00,2023-06-03 14:25:00+00:00,2023-06-03 17:00:00+00:00,179734,179735,179766,0.02458,0.024665337076135985,0.02453733146193201,0.024665337076135985,take_profit,0.34718094441001934,0.2671809444100193,32
1000XEC,long,2023-06-04 16:10:00+00:00,2023-06-04 16:15:00+00:00,2023-06-04 18:30:00+00:00,180044,180045,180072,0.02471,0.024797512113756446,0.024666243943121776,0.024797512113756446,take_profit,0.3541566724259315,0.2741566724259315,28
1000XEC,short,2023-06-05 14:10:00+00:00,2023-06-05 14:15:00+00:00,2023-06-05 14:55:00+00:00,180308,180309,180317,0.02423,0.024310029215535683,0.024310029215535683,0.024069941568928638,stop,-0.32920246547682996,-0.40920246547683,9
1000XEC,long,2023-06-06 18:40:00+00:00,2023-06-06 18:45:00+00:00,2023-06-06 20:25:00+00:00,180650,180651,180671,0.02303,0.02293353346993272,0.02293353346993272,0.023252933060134564,stop,-0.4188733394150157,-0.4988733394150157,21
1000XEC,short,2023-06-07 14:15:00+00:00,2023-06-07 14:20:00+00:00,2023-06-07 16:10:00+00:00,180885,180886,180908,0.02332,0.023183796308230684,0.02338810184588466,0.023183796308230684,take_profit,0.5874952055240579,0.5074952055240578,23
1000XEC,short,2023-06-07 18:20:00+00:00,2023-06-07 18:25:00+00:00,2023-06-07 18:55:00+00:00,180934,180935,180941,0.02328,0.023088058309872334,0.02337597084506383,0.023088058309872334,take_profit,0.8313461771083164,0.7513461771083163,7
1000XEC,long,2023-06-08 14:10:00+00:00,2023-06-08 14:15:00+00:00,2023-06-08 14:30:00+00:00,181172,181173,181176,0.02253,0.022472629364799858,0.022472629364799858,0.02264474127040029,stop,-0.2546410794502574,-0.3346410794502574,4
1000XEC,short,2023-06-08 14:35:00+00:00,2023-06-08 14:40:00+00:00,2023-06-08 17:50:00+00:00,181177,181178,181216,0.02241,0.022517502724414242,0.022517502724414242,0.022224994551171513,stop,-0.4774185029749578,-0.5574185029749579,39
1000XEC,long,2023-06-08 18:15:00+00:00,2023-06-08 18:20:00+00:00,2023-06-08 19:00:00+00:00,181221,181222,181230,0.02252,0.022456421134610858,0.022456421134610858,0.02261715773077828,stop,-0.2823217823674118,-0.3623217823674118,9
1000XEC,long,2023-06-09 14:40:00+00:00,2023-06-09 14:45:00+00:00,2023-06-09 16:30:00+00:00,181466,181467,181488,0.02269,0.022627093764287783,0.022627093764287783,0.02281581247142443,stop,-0.2772421142010373,-0.3572421142010373,22
1000XEC,long,2023-06-09 16:55:00+00:00,2023-06-09 17:00:00+00:00,2023-06-09 17:55:00+00:00,181493,181494,181505,0.02268,0.022806769038572264,0.022631615480713865,0.022806769038572264,take_profit,0.5589463781845883,0.47894637818458824,12
1000XEC,long,2023-06-11 14:10:00+00:00,2023-06-11 14:15:00+00:00,2023-06-11 19:45:00+00:00,182036,182037,182103,0.02003,0.020220007310070627,0.019934996344964685,0.020220007310070627,take_profit,0.9486136299082792,0.8686136299082792,67
1000XEC,short,2023-06-12 14:45:00+00:00,2023-06-12 14:50:00+00:00,2023-06-12 18:05:00+00:00,182331,182332,182371,0.01988,0.020000832207803212,0.020000832207803212,0.01963833558439357,stop,-0.6041359006855318,-0.6841359006855319,40
1000XEC,long,2023-06-13 14:10:00+00:00,2023-06-13 14:15:00+00:00,2023-06-13 21:30:00+00:00,182612,182613,182700,0.02027,0.020508081455126354,0.020150959272436823,0.020508081455126354,take_profit,1.1745508393012027,1.0945508393012027,88
1000XEC,short,2023-06-14 14:35:00+00:00,2023-06-14 14:40:00+00:00,2023-06-14 15:00:00+00:00,182905,182906,182910,0.02015,0.0200927929433915,0.020193603528304252,0.0200927929433915,take_profit,0.2847143091041504,0.20471430910415042,5
1000XEC,short,2023-06-14 16:20:00+00:00,2023-06-14 16:25:00+00:00,2023-06-14 19:45:00+00:00,182926,182927,182967,0.02013,0.020190134835300532,0.020190134835300532,0.02003973032939894,stop,-0.2978426632168518,-0.37784266321685184,41
1000XEC,short,2023-06-15 14:35:00+00:00,2023-06-15 14:40:00+00:00,2023-06-15 14:40:00+00:00,183193,183194,183194,0.01941,0.019474687594804536,0.019474687594804536,0.01925062481039093,stop,-0.3321624261731104,-0.41216242617311044,1
1000XEC,short,2023-06-15 15:30:00+00:00,2023-06-15 15:35:00+00:00,2023-06-15 18:25:00+00:00,183204,183205,183239,0.01938,0.019177603794760967,0.019466198102619514,0.019177603794760967,take_profit,1.0553779679937092,0.9753779679937091,35
1000XEC,long,2023-06-16 14:20:00+00:00,2023-06-16 14:25:00+00:00,2023-06-16 14:35:00+00:00,183478,183479,183481,0.0198,0.0197533113493568,0.0197533113493568,0.019893377301286406,stop,-0.2358012658747577,-0.3158012658747577,3
1000XEC,long,2023-06-16 14:50:00+00:00,2023-06-16 14:55:00+00:00,2023-06-16 16:15:00+00:00,183484,183485,183501,0.0198,0.01975300306564409,0.01975300306564409,0.019893993868711827,stop,-0.23735825432279478,-0.3173582543227948,17
1000XEC,long,2023-06-16 17:20:00+00:00,2023-06-16 17:25:00+00:00,2023-06-16 17:35:00+00:00,183514,183515,183517,0.01981,0.019764196537988325,0.019764196537988325,0.019901606924023353,stop,-0.23121384155313507,-0.3112138415531351,3
1000XEC,long,2023-06-17 14:40:00+00:00,2023-06-17 14:45:00+00:00,2023-06-19 05:20:00+00:00,183770,183771,184234,0.02028,0.019988962988671616,0.019988962988671616,0.020862074022656767,stop,-1.435093744222804,-1.515093744222804,464
1000XEC,long,2023-06-20 14:05:00+00:00,2023-06-20 14:10:00+00:00,2023-06-20 14:20:00+00:00,184627,184628,184630,0.02015,0.020123566610579683,0.020123566610579683,0.020232866778840636,stop,-0.1311830740462483,-0.21118307404624828,3
1000XEC,long,2023-06-21 14:10:00+00:00,2023-06-21 14:15:00+00:00,2023-06-21 14:45:00+00:00,184916,184917,184923,0.02099,0.021115052151883733,0.020942473924058135,0.021115052151883733,take_profit,0.595770137607099,0.5157701376070989,7
1000XEC,long,2023-06-24 14:05:00+00:00,2023-06-24 14:10:00+00:00,2023-06-24 14:40:00+00:00,185779,185780,185786,0.0257,0.02530561973400279,0.02530561973400279,0.02648876053199442,stop,-1.5345535641914765,-1.6145535641914763,7
1000XEC,long,2023-06-24 14:50:00+00:00,2023-06-24 14:55:00+00:00,2023-06-24 16:40:00+00:00,185788,185789,185810,0.02558,0.02530200102617071,0.02530200102617071,0.026135997947658578,stop,-1.0867825403803377,-1.1667825403803378,22
1000XEC,short,2023-06-26 14:25:00+00:00,2023-06-26 14:30:00+00:00,2023-06-26 15:25:00+00:00,186359,186360,186371,0.02345,0.023545223991041354,0.023545223991041354,0.02322955201791729,stop,-0.4044301769122516,-0.4844301769122516,12
1000XEC,short,2023-06-26 17:40:00+00:00,2023-06-26 17:45:00+00:00,2023-06-26 17:55:00+00:00,186398,186399,186401,0.02344,0.023567214407537302,0.023567214407537302,0.023185571184925393,stop,-0.5397939923549755,-0.6197939923549756,3
1000XEC,short,2023-06-26 18:35:00+00:00,2023-06-26 18:40:00+00:00,2023-06-26 19:05:00+00:00,186409,186410,186415,0.02343,0.02325140692334847,0.023519296538325764,0.02325140692334847,take_profit,0.7680957855164872,0.6880957855164871,6
1000XEC,short,2023-06-27 14:05:00+00:00,2023-06-27 14:10:00+00:00,2023-06-27 15:00:00+00:00,186643,186644,186654,0.02369,0.023474030357560752,0.023782984821219624,0.023474030357560752,take_profit,0.9200364792477433,0.8400364792477433,11
1000XEC,short,2023-06-28 14:05:00+00:00,2023-06-28 14:10:00+00:00,2023-06-28 15:05:00+00:00,186931,186932,186943,0.02326,0.023096724790608945,0.023356637604695526,0.023096724790608945,take_profit,0.7069193180906819,0.6269193180906818,12
1000XEC,long,2023-06-29 16:10:00+00:00,2023-06-29 16:15:00+00:00,2023-06-29 19:25:00+00:00,187244,187245,187283,0.02259,0.022879549115208554,0.022430225442395722,0.022879549115208554,take_profit,1.2817579247833333,1.2017579247833332,39
1000XEC,long,2023-06-30 09:15:00+00:00,2023-06-30 09:20:00+00:00,2023-06-30 10:35:00+00:00,187449,187450,187465,0.02361,0.024248370376873832,0.02330581481156308,0.024248370376873832,take_profit,2.703813540338129,2.623813540338129,16
1000XEC,long,2023-06-30 14:20:00+00:00,2023-06-30 14:25:00+00:00,2023-06-30 17:00:00+00:00,187510,187511,187542,0.02929,0.032493217614463304,0.02768839119276835,0.032493217614463304,take_profit,10.936215822681138,10.85621582268114,32
1000XEC,long,2023-07-03 14:35:00+00:00,2023-07-03 14:40:00+00:00,2023-07-03 15:15:00+00:00,188377,188378,188385,0.0365,0.036013465009514814,0.036013465009514814,0.037473069980970365,stop,-1.3329725766717315,-1.4129725766717316,8
1000XEC,short,2023-07-03 16:45:00+00:00,2023-07-03 16:50:00+00:00,2023-07-03 17:30:00+00:00,188403,188404,188412,0.03589,0.03515026567595347,0.03624486716202327,0.03515026567595347,take_profit,2.104491416554466,2.024491416554466,9
1000XEC,long,2023-07-04 14:10:00+00:00,2023-07-04 14:15:00+00:00,2023-07-04 14:45:00+00:00,188660,188661,188667,0.03491,0.03447824550772768,0.03447824550772768,0.035803508984544645,stop,-1.2367645152458362,-1.3167645152458363,7
1000XEC,short,2023-07-04 15:00:00+00:00,2023-07-04 15:05:00+00:00,2023-07-04 15:05:00+00:00,188670,188671,188671,0.0344,0.03470123537854204,0.03470123537854204,0.033797529242915916,stop,-0.868082577625795,-0.9480825776257951,1
1000XEC,short,2023-07-04 15:30:00+00:00,2023-07-04 15:35:00+00:00,2023-07-04 17:50:00+00:00,188676,188677,188704,0.03441,0.0337741300828457,0.03471293495857715,0.0337741300828457,take_profit,1.8827129391476793,1.8027129391476795,28
1000XEC,short,2023-07-05 14:30:00+00:00,2023-07-05 14:35:00+00:00,2023-07-05 15:25:00+00:00,188952,188953,188963,0.03158,0.03114886699182578,0.03181056650408711,0.03114886699182578,take_profit,1.3841049444506481,1.304104944450648,11
1000XEC,long,2023-07-06 14:10:00+00:00,2023-07-06 14:15:00+00:00,2023-07-06 14:30:00+00:00,189236,189237,189240,0.03142,0.03277725994637004,0.03075637002681498,0.03277725994637004,take_profit,4.319732483672967,4.239732483672967,4
1000XEC,short,2023-07-07 15:20:00+00:00,2023-07-07 15:25:00+00:00,2023-07-07 17:05:00+00:00,189538,189539,189559,0.03642,0.03729500333656778,0.03729500333656778,0.03463999332686443,stop,-2.3461677390703928,-2.426167739070393,21
1000XEC,long,2023-07-07 18:35:00+00:00,2023-07-07 18:40:00+00:00,2023-07-08 09:35:00+00:00,189577,189578,189757,0.03804,0.0370331335817334,0.0370331335817334,0.0400237328365332,stop,-2.6468622982823264,-2.7268622982823265,180
1000XEC,short,2023-07-08 14:15:00+00:00,2023-07-08 14:20:00+00:00,2023-07-08 15:15:00+00:00,189813,189814,189825,0.03681,0.03709375442552105,0.03709375442552105,0.03624249114895791,stop,-0.7649655040737002,-0.8449655040737003,12
1000XEC,short,2023-07-08 15:30:00+00:00,2023-07-08 15:35:00+00:00,2023-07-08 16:25:00+00:00,189828,189829,189839,0.03677,0.037138011266847806,0.037138011266847806,0.03606397746630439,stop,-0.9909288470067446,-1.0709288470067446,11
1000XEC,short,2023-07-08 17:00:00+00:00,2023-07-08 17:05:00+00:00,2023-07-08 20:10:00+00:00,189846,189847,189884,0.03672,0.03716320711575104,0.03716320711575104,0.035803585768497924,stop,-1.1925965226052493,-1.2725965226052494,38
1000XEC,short,2023-07-09 15:15:00+00:00,2023-07-09 15:20:00+00:00,2023-07-09 16:30:00+00:00,190113,190114,190128,0.03375,0.03325548680555104,0.03399725659722448,0.03325548680555104,take_profit,1.487012345783545,1.4070123457835448,15
1000XEC,short,2023-07-10 14:40:00+00:00,2023-07-10 14:45:00+00:00,2023-07-10 16:00:00+00:00,190394,190395,190410,0.03377,0.03428279265589683,0.03428279265589683,0.032714414688206336,stop,-1.4957727074448979,-1.5757727074448977,16
1000XEC,short,2023-07-10 17:00:00+00:00,2023-07-10 17:05:00+00:00,2023-07-10 17:35:00+00:00,190422,190423,190429,0.03395,0.034543259041452,0.034543259041452,0.03273348191709599,stop,-1.7174379543635099,-1.7974379543635097,7
1000XEC,long,2023-07-10 18:05:00+00:00,2023-07-10 18:10:00+00:00,2023-07-11 05:05:00+00:00,190435,190436,190567,0.0347,0.036042395356278824,0.034043802321860585,0.036042395356278824,take_profit,3.8685745137718275,3.7885745137718274,132
1000XEC,short,2023-07-11 14:05:00+00:00,2023-07-11 14:10:00+00:00,2023-07-11 15:10:00+00:00,190675,190676,190688,0.03329,0.03348418779198265,0.03348418779198265,0.03287162441603469,stop,-0.5799387854023008,-0.6599387854023009,13
1000XEC,short,2023-07-11 16:55:00+00:00,2023-07-11 17:00:00+00:00,2023-07-11 17:10:00+00:00,190709,190710,190712,0.03327,0.03348202138839387,0.03348202138839387,0.032845957223212256,stop,-0.6332395106448563,-0.7132395106448564,3
1000XEC,short,2023-07-11 17:15:00+00:00,2023-07-11 17:20:00+00:00,2023-07-12 03:50:00+00:00,190713,190714,190840,0.03325,0.032672434773327916,0.033538782613336045,0.032672434773327916,take_profit,1.7677446773681549,1.687744677368155,127
1000XEC,short,2023-07-13 14:05:00+00:00,2023-07-13 14:10:00+00:00,2023-07-13 14:35:00+00:00,191251,191252,191257,0.03243,0.03258768161950407,0.03258768161950407,0.032084636760991846,stop,-0.48386878620324536,-0.5638687862032454,6
1000XEC,long,2023-07-16 16:10:00+00:00,2023-07-16 16:15:00+00:00,2023-07-16 18:30:00+00:00,192140,192141,192168,0.03063,0.03038384294539729,0.03038384294539729,0.031122314109205424,stop,-0.8036469298162263,-0.8836469298162264,28
1000XEC,short,2023-07-16 19:05:00+00:00,2023-07-16 19:10:00+00:00,2023-07-17 09:20:00+00:00,192175,192176,192346,0.03006,0.03048351940045867,0.03048351940045867,0.02918296119908266,stop,-1.3893389240754672,-1.4693389240754673,171
1000XEC,long,2023-07-17 17:25:00+00:00,2023-07-17 17:30:00+00:00,2023-07-17 18:50:00+00:00,192443,192444,192460,0.03129,0.030864173422295676,0.030864173422295676,0.032141653155408643,stop,-1.360903092695187,-1.4409030926951871,17
1000XEC,short,2023-07-17 19:15:00+00:00,2023-07-17 19:20:00+00:00,2023-07-17 20:15:00+00:00,192465,192466,192477,0.03073,0.03113962521672077,0.03113962521672077,0.02991074956655846,stop,-1.3154468426319288,-1.3954468426319289,12
1000XEC,long,2023-07-18 15:10:00+00:00,2023-07-18 15:15:00+00:00,2023-07-18 15:40:00+00:00,192704,192705,192710,0.03118,0.03103991691192677,0.03103991691192677,0.031460166176146456,stop,-0.44927225167809004,-0.5292722516780901,6
1000XEC,long,2023-07-18 16:00:00+00:00,2023-07-18 16:05:00+00:00,2023-07-18 17:10:00+00:00,192714,192715,192728,0.03127,0.030849220109904697,0.030849220109904697,0.032111559780190604,stop,-1.3456344422619226,-1.4256344422619227,14
1000XEC,short,2023-07-18 18:55:00+00:00,2023-07-18 19:00:00+00:00,2023-07-18 20:40:00+00:00,192749,192750,192770,0.03077,0.03042180801655747,0.030959095991721263,0.03042180801655747,take_profit,1.1445473038716791,1.064547303871679,21
1000XEC,short,2023-07-21 14:20:00+00:00,2023-07-21 14:25:00+00:00,2023-07-21 18:40:00+00:00,193558,193559,193610,0.03185,0.03137417715089577,0.03208791142455212,0.03137417715089577,take_profit,1.5166066246637744,1.4366066246637743,52
1000XEC,short,2023-07-22 14:10:00+00:00,2023-07-22 14:15:00+00:00,2023-07-22 16:30:00+00:00,193844,193845,193872,0.03133,0.03145258966108007,0.03145258966108007,0.031084820677839853,stop,-0.3897601513930815,-0.4697601513930815,28
1000XEC,short,2023-07-22 18:00:00+00:00,2023-07-22 18:05:00+00:00,2023-07-22 19:00:00+00:00,193890,193891,193902,0.03132,0.031106497011303025,0.03144175149434848,0.031106497011303025,take_profit,0.6863614010262697,0.6063614010262697,12
1000XEC,long,2023-07-23 14:25:00+00:00,2023-07-23 14:30:00+00:00,2023-07-23 14:55:00+00:00,194135,194136,194141,0.03086,0.030742161664890914,0.030742161664890914,0.03109567667021817,stop,-0.3818481371000826,-0.4618481371000826,6
1000XEC,short,2023-07-23 15:15:00+00:00,2023-07-23 15:20:00+00:00,2023-07-23 18:25:00+00:00,194145,194146,194183,0.0306,0.030759934258854933,0.030759934258854933,0.03025013148229013,stop,-0.519943435213599,-0.599943435213599,38
1000XEC,short,2023-07-23 18:35:00+00:00,2023-07-23 18:40:00+00:00,2023-07-23 20:30:00+00:00,194185,194186,194208,0.03063,0.030753911222133553,0.030753911222133553,0.030382177555732897,stop,-0.40291207592604295,-0.48291207592604296,23
1000XEC,short,2023-07-24 17:50:00+00:00,2023-07-24 17:55:00+00:00,2023-07-24 18:50:00+00:00,194464,194465,194476,0.0305,0.030104976442953384,0.030712511778523306,0.030104976442953384,take_profit,1.3121536826150804,1.2321536826150803,12
1000XEC,short,2023-07-25 14:05:00+00:00,2023-07-25 14:10:00+00:00,2023-07-25 14:35:00+00:00,194707,194708,194713,0.02926,0.02937338612749469,0.02937338612749469,0.029033227745010624,stop,-0.38601653552143844,-0.46601653552143846,6
1000XEC,short,2023-07-25 15:35:00+00:00,2023-07-25 15:40:00+00:00,2023-07-25 16:40:00+00:00,194725,194726,194738,0.02925,0.029070174299279283,0.02933991285036036,0.029070174299279283,take_profit,0.6185917527339324,0.5385917527339323,13
1000XEC,short,2023-07-25 17:55:00+00:00,2023-07-25 18:00:00+00:00,2023-07-25 18:35:00+00:00,194753,194754,194761,0.02927,0.02937903565264943,0.02937903565264943,0.029021928694701146,stop,-0.37113421263571533,-0.45113421263571535,8
1000XEC,short,2023-07-25 19:00:00+00:00,2023-07-25 19:05:00+00:00,2023-07-25 19:45:00+00:00,194766,194767,194775,0.02922,0.029340838514596238,0.029340838514596238,0.028948322970807523,stop,-0.4118441077821444,-0.49184410778214444,9
1000XEC,short,2023-07-26 14:20:00+00:00,2023-07-26 14:25:00+00:00,2023-07-26 14:40:00+00:00,194998,194999,195002,0.0292,0.029301865268081078,0.029301865268081078,0.028996269463837845,stop,-0.34764089981684787,-0.4276408998168479,4
1000XEC,long,2023-07-26 14:50:00+00:00,2023-07-26 14:55:00+00:00,2023-07-26 15:25:00+00:00,195004,195005,195011,0.02937,0.029297742003921472,0.029297742003921472,0.029484515992157057,stop,-0.2460265443599896,-0.3260265443599896,7
1000XEC,long,2023-07-26 15:30:00+00:00,2023-07-26 15:35:00+00:00,2023-07-26 15:40:00+00:00,195012,195013,195014,0.02936,0.029261251782463988,0.029261251782463988,0.029587496435072025,stop,-0.3363358907902292,-0.4163358907902292,2
1000XEC,long,2023-07-27 14:45:00+00:00,2023-07-27 14:50:00+00:00,2023-07-27 15:15:00+00:00,195291,195292,195297,0.0301,0.029926517302151644,0.029926517302151644,0.030446965395696707,stop,-0.5763544779015084,-0.6563544779015085,6
1000XEC,short,2023-07-28 14:30:00+00:00,2023-07-28 14:35:00+00:00,2023-07-28 16:50:00+00:00,195576,195577,195604,0.02939,0.029145424901967847,0.029497287549016076,0.029145424901967847,take_profit,0.8391543401916168,0.7591543401916168,28
1000XEC,short,2023-07-29 18:35:00+00:00,2023-07-29 18:40:00+00:00,2023-07-29 20:05:00+00:00,195913,195914,195931,0.02978,0.029941215429968367,0.029941215429968367,0.02942756914006327,stop,-0.5384398316943595,-0.6184398316943596,18
1000XEC,short,2023-07-30 14:40:00+00:00,2023-07-30 14:45:00+00:00,2023-07-30 16:20:00+00:00,196154,196155,196174,0.03021,0.029966206001514773,0.030316896999242615,0.029966206001514773,take_profit,0.8135631133047161,0.733563113304716,20
1000XEC,short,2023-07-31 14:10:00+00:00,2023-07-31 14:15:00+00:00,2023-07-31 16:40:00+00:00,196436,196437,196466,0.0307,0.03087091200516233,0.03087091200516233,0.030358175989675346,stop,-0.5536344541222094,-0.6336344541222094,30
1000XEC,short,2023-08-02 14:25:00+00:00,2023-08-02 14:30:00+00:00,2023-08-02 15:50:00+00:00,197015,197016,197032,0.03094,0.030673395453189527,0.031058302273405235,0.030673395453189527,take_profit,0.8691719415848009,0.7891719415848009,17
1000XEC,short,2023-08-03 15:50:00+00:00,2023-08-03 15:55:00+00:00,2023-08-03 16:25:00+00:00,197320,197321,197327,0.02966,0.029326520084910823,0.029826739957544587,0.029326520084910823,take_profit,1.1371274673013687,1.0571274673013686,7
1000XEC,short,2023-08-04 15:40:00+00:00,2023-08-04 15:45:00+00:00,2023-08-04 17:00:00+00:00,197606,197607,197622,0.02912,0.029251489496092502,0.029251489496092502,0.028857021007814995,stop,-0.44951384820957063,-0.5295138482095707,16
1000XEC,short,2023-08-05 14:10:00+00:00,2023-08-05 14:15:00+00:00,2023-08-05 14:35:00+00:00,197876,197877,197881,0.02862,0.02867017405802667,0.02867017405802667,0.02848965188394666,stop,-0.17500437187831785,-0.25500437187831787,5
1000XEC,short,2023-08-05 17:05:00+00:00,2023-08-05 17:10:00+00:00,2023-08-05 17:40:00+00:00,197911,197912,197918,0.02862,0.02871069783249563,0.02871069783249563,0.028408604335008743,stop,-0.3159025706194196,-0.39590257061941964,7
1000XEC,short,2023-08-05 18:40:00+00:00,2023-08-05 18:45:00+00:00,2023-08-05 19:10:00+00:00,197930,197931,197936,0.0286,0.028709720536378623,0.028709720536378623,0.028380558927242755,stop,-0.382172080844867,-0.462172080844867,6
1000XEC,short,2023-08-07 14:05:00+00:00,2023-08-07 14:10:00+00:00,2023-08-07 17:45:00+00:00,198451,198452,198495,0.02924,0.028972483748324566,0.02938875812583772,0.028972483748324566,take_profit,0.923345937473874,0.8433459374738739,44
1000XEC,long,2023-08-08 15:05:00+00:00,2023-08-08 15:10:00+00:00,2023-08-08 15:55:00+00:00,198751,198752,198761,0.02931,0.029217172938647236,0.029217172938647236,0.029495654122705526,stop,-0.3167078176484539,-0.3967078176484539,10
1000XEC,long,2023-08-08 16:40:00+00:00,2023-08-08 16:45:00+00:00,2023-08-08 17:40:00+00:00,198770,198771,198782,0.02936,0.029807306099301857,0.029151346950349072,0.029807306099301857,take_profit,1.523522136586708,1.443522136586708,12
1000XEC,short,2023-08-09 15:15:00+00:00,2023-08-09 15:20:00+00:00,2023-08-09 16:05:00+00:00,199041,199042,199051,0.0297,0.029751870559415035,0.029751870559415035,0.029566258881169934,stop,-0.17434385952791454,-0.25434385952791455,10
1000XEC,short,2023-08-09 18:10:00+00:00,2023-08-09 18:15:00+00:00,2023-08-09 19:35:00+00:00,199076,199077,199093,0.02967,0.029742676668740007,0.029742676668740007,0.02952464666251998,stop,-0.24435147363986998,-0.32435147363987,17
1000XEC,short,2023-08-10 14:05:00+00:00,2023-08-10 14:10:00+00:00,2023-08-10 14:55:00+00:00,199315,199316,199325,0.0293,0.029389521667535203,0.029389521667535203,0.029120956664929594,stop,-0.30460403047012363,-0.38460403047012365,10
1000XEC,long,2023-08-10 15:00:00+00:00,2023-08-10 15:05:00+00:00,2023-08-10 15:10:00+00:00,199326,199327,199328,0.02939,0.02931883168864483,0.02931883168864483,0.02956233662271034,stop,-0.2421514506810829,-0.3221514506810829,2
1000XEC,short,2023-08-10 15:15:00+00:00,2023-08-10 15:20:00+00:00,2023-08-10 21:20:00+00:00,199329,199330,199402,0.02928,0.029125665612210413,0.029372167193894794,0.029125665612210413,take_profit,0.5298913674435912,0.4498913674435912,73
1000XEC,short,2023-08-12 14:55:00+00:00,2023-08-12 15:00:00+00:00,2023-08-12 15:25:00+00:00,199901,199902,199907,0.02889,0.02896412241720618,0.02896412241720618,0.028741755165587635,stop,-0.25591114461713804,-0.33591114461713806,6
1000XEC,long,2023-08-12 16:10:00+00:00,2023-08-12 16:15:00+00:00,2023-08-12 16:20:00+00:00,199916,199917,199918,0.02898,0.028948606119770137,0.028948606119770137,0.029042787760459723,stop,-0.10832946939220989,-0.18832946939220988,2
1000XEC,long,2023-08-12 17:05:00+00:00,2023-08-12 17:10:00+00:00,2023-08-12 23:30:00+00:00,199927,199928,200004,0.029,0.029123387084724454,0.028938306457637775,0.029123387084724454,take_profit,0.42547270594639475,0.34547270594639473,77
1000XEC,short,2023-08-13 14:05:00+00:00,2023-08-13 14:10:00+00:00,2023-08-13 17:50:00+00:00,200179,200180,200224,0.02918,0.02924540982102165,0.02924540982102165,0.029019180357956705,stop,-0.22365841826785804,-0.30365841826785805,45
1000XEC,short,2023-08-13 18:55:00+00:00,2023-08-13 19:00:00+00:00,2023-08-13 19:10:00+00:00,200237,200238,200240,0.02918,0.02922588908504709,0.02922588908504709,0.029058221829905827,stop,-0.1570151892164917,-0.2370151892164917,3
1000XEC,short,2023-08-14 16:05:00+00:00,2023-08-14 16:10:00+00:00,2023-08-14 16:30:00+00:00,200491,200492,200496,0.02901,0.029050096438371188,0.029050096438371188,0.02889980712325763,stop,-0.13802514720131498,-0.21802514720131497,5
1000XEC,short,2023-08-14 18:25:00+00:00,2023-08-14 18:30:00+00:00,2023-08-14 19:40:00+00:00,200519,200520,200534,0.02901,0.029060091390772973,0.029060091390772973,0.02887981721845406,stop,-0.172371759260459,-0.252371759260459,15
1000XEC,short,2023-08-15 14:10:00+00:00,2023-08-15 14:15:00+00:00,2023-08-15 14:25:00+00:00,200756,200757,200759,0.02874,0.028840755640882742,0.028840755640882742,0.02856848871823452,stop,-0.34935159861039233,-0.42935159861039235,3
1000XEC,short,2023-08-15 14:40:00+00:00,2023-08-15 14:45:00+00:00,2023-08-15 16:05:00+00:00,200762,200763,200779,0.02878,0.02884067200876835,0.02884067200876835,0.028658655982463303,stop,-0.21036960841239738,-0.2903696084123974,17
1000XEC,short,2023-08-15 16:25:00+00:00,2023-08-15 16:30:00+00:00,2023-08-16 04:05:00+00:00,200783,200784,200923,0.02874,0.028234993648774118,0.028992503175612944,0.028234993648774118,take_profit,1.7885831939891794,1.7085831939891796,140
1000XEC,short,2023-08-16 15:05:00+00:00,2023-08-16 15:10:00+00:00,2023-08-16 15:30:00+00:00,201055,201056,201060,0.02719,0.026966083733811538,0.02728695813309423,0.026966083733811538,take_profit,0.8303625709939588,0.7503625709939588,5
1000XEC,long,2023-08-17 14:20:00+00:00,2023-08-17 14:25:00+00:00,2023-08-17 14:55:00+00:00,201334,201335,201341,0.02576,0.025934305446927316,0.02565784727653634,0.025934305446927316,take_profit,0.6766515796867711,0.5966515796867711,7
1000XEC,long,2023-08-17 18:15:00+00:00,2023-08-17 18:20:00+00:00,2023-08-17 22:55:00+00:00,201381,201382,201437,0.02577,0.025646996186047086,0.025646996186047086,0.025986007627905833,stop,-0.47731398507145917,-0.5573139850714592,56
1000XEC,long,2023-08-19 18:25:00+00:00,2023-08-19 18:30:00+00:00,2023-08-19 21:40:00+00:00,201959,201960,201998,0.02415,0.023964016618817603,0.023964016618817603,0.0245219667623648,stop,-0.7701175204240074,-0.8501175204240075,39
1000XEC,long,2023-08-20 14:20:00+00:00,2023-08-20 14:25:00+00:00,2023-08-20 14:45:00+00:00,202198,202199,202203,0.02437,0.024293208218055095,0.024293208218055095,0.024523583563889808,stop,-0.31510784548586246,-0.3951078454858625,5
1000XEC,short,2023-08-20 15:25:00+00:00,2023-08-20 15:30:00+00:00,2023-08-20 19:05:00+00:00,202211,202212,202255,0.0242,0.024299442720398978,0.024299442720398978,0.024001114559202043,stop,-0.4092386872539211,-0.4892386872539211,44
1000XEC,short,2023-08-20 19:25:00+00:00,2023-08-20 19:30:00+00:00,2023-08-20 19:50:00+00:00,202259,202260,202264,0.02424,0.024300847195390874,0.024300847195390874,0.024088305609218257,stop,-0.25039125138984764,-0.33039125138984765,5
1000XEC,short,2023-08-21 17:15:00+00:00,2023-08-21 17:20:00+00:00,2023-08-21 17:20:00+00:00,202521,202522,202522,0.02374,0.023838699090897048,0.023838699090897048,0.023572601818205904,stop,-0.41402884662752326,-0.4940288466275233,1
1000XEC,short,2023-08-21 17:50:00+00:00,2023-08-21 17:55:00+00:00,2023-08-21 18:15:00+00:00,202528,202529,202533,0.02377,0.023871022103325947,0.023871022103325947,0.023567955793348104,stop,-0.42319973936881805,-0.5031997393688181,5
1000XEC,short,2023-08-21 19:00:00+00:00,2023-08-21 19:05:00+00:00,2023-08-21 21:05:00+00:00,202542,202543,202567,0.02369,0.023882656531168195,0.023882656531168195,0.02327468693766361,stop,-0.8066796544043076,-0.8866796544043076,25
1000XEC,long,2023-08-22 15:25:00+00:00,2023-08-22 15:30:00+00:00,2023-08-22 19:50:00+00:00,202787,202788,202840,0.02383,0.023715803840571772,0.023715803840571772,0.024058392318856456,stop,-0.4792117474957114,-0.5592117474957115,53
1000XEC,short,2023-08-24 15:05:00+00:00,2023-08-24 15:10:00+00:00,2023-08-24 15:30:00+00:00,203359,203360,203364,0.02413,0.02417991381295367,0.02417991381295367,0.024000172374092656,stop,-0.206426761235734,-0.286426761235734,5
1000XEC,short,2023-08-24 18:30:00+00:00,2023-08-24 18:35:00+00:00,2023-08-24 22:20:00+00:00,203400,203401,203446,0.02412,0.023997976355320843,0.024181011822339577,0.023997976355320843,take_profit,0.5084747266704381,0.4284747266704381,46
1000XEC,long,2023-08-26 16:05:00+00:00,2023-08-26 16:10:00+00:00,2023-08-26 16:30:00+00:00,203947,203948,203952,0.02399,0.023961647688487978,0.023961647688487978,0.024076704623024046,stop,-0.11818387458116808,-0.19818387458116807,5
1000XEC,long,2023-08-27 14:20:00+00:00,2023-08-27 14:25:00+00:00,2023-08-27 14:45:00+00:00,204214,204215,204219,0.0238,0.02375333334125187,0.02375333334125187,0.023893333317496268,stop,-0.19607839810139582,-0.27607839810139584,5
1000XEC,long,2023-08-27 16:10:00+00:00,2023-08-27 16:15:00+00:00,2023-08-27 20:30:00+00:00,204236,204237,204288,0.02381,0.023740167227361608,0.023740167227361608,0.023949665545276787,stop,-0.2932917792456635,-0.37329177924566354,52
1000XEC,short,2023-08-28 14:20:00+00:00,2023-08-28 14:25:00+00:00,2023-08-28 14:30:00+00:00,204502,204503,204504,0.02351,0.023309572180775086,0.023610213909612456,0.023309572180775086,take_profit,0.8598519855727682,0.7798519855727681,2
1000XEC,short,2023-08-29 15:15:00+00:00,2023-08-29 15:20:00+00:00,2023-08-29 15:50:00+00:00,204801,204802,204808,0.02349,0.02352217201423397,0.02352217201423397,0.023395655971532064,stop,-0.13677314414034525,-0.21677314414034524,7
1000XEC,short,2023-08-29 16:05:00+00:00,2023-08-29 16:10:00+00:00,2023-08-29 18:50:00+00:00,204811,204812,204844,0.02348,0.023320248094257593,0.023544875952871205,0.023320248094257593,take_profit,0.6850351895773654,0.6050351895773654,33
1000XEC,short,2023-08-30 15:35:00+00:00,2023-08-30 15:40:00+00:00,2023-08-30 16:10:00+00:00,205093,205094,205100,0.02498,0.02504954675192857,0.02504954675192857,0.024840906496142855,stop,-0.2776367677120417,-0.3576367677120417,7
1000XEC,long,2023-08-31 15:50:00+00:00,2023-08-31 15:55:00+00:00,2023-08-31 17:25:00+00:00,205384,205385,205403,0.02482,0.025101224779947192,0.0246793876100264,0.025101224779947192,take_profit,1.1330571311329418,1.0530571311329417,19
1000XEC,short,2023-09-01 14:10:00+00:00,2023-09-01 14:15:00+00:00,2023-09-01 14:45:00+00:00,205652,205653,205659,0.02352,0.02358633679350013,0.02358633679350013,0.02335732641299974,stop,-0.2812509381211359,-0.3612509381211359,7
1000XEC,short,2023-09-01 15:15:00+00:00,2023-09-01 15:20:00+00:00,2023-09-01 21:30:00+00:00,205665,205666,205740,0.02347,0.023593311310526548,0.023593311310526548,0.02319337737894691,stop,-0.5226536830865713,-0.6026536830865714,75
1000XEC,short,2023-09-02 15:30:00+00:00,2023-09-02 15:35:00+00:00,2023-09-02 17:30:00+00:00,205956,205957,205980,0.02296,0.022807127920925575,0.023036436039537214,0.022807127920925575,take_profit,0.6702820258843945,0.5902820258843944,24
1000XEC,long,2023-09-03 14:25:00+00:00,2023-09-03 14:30:00+00:00,2023-09-03 21:35:00+00:00,206231,206232,206317,0.02315,0.023341987794895883,0.02305400610255206,0.023341987794895883,take_profit,0.8293209282759451,0.749320928275945,86
1000XEC,short,2023-09-05 17:30:00+00:00,2023-09-05 17:35:00+00:00,2023-09-05 17:50:00+00:00,206844,206845,206848,0.02299,0.023082452233910325,0.023082452233910325,0.02280509553217935,stop,-0.4005303811460026,-0.4805303811460026,4
1000XEC,long,2023-09-05 19:20:00+00:00,2023-09-05 19:25:00+00:00,2023-09-05 20:50:00+00:00,206866,206867,206884,0.02315,0.02327737276896043,0.023086313615519785,0.02327737276896043,take_profit,0.5502063454014383,0.4702063454014383,18
1000XEC,short,2023-09-06 14:05:00+00:00,2023-09-06 14:10:00+00:00,2023-09-06 16:40:00+00:00,207091,207092,207122,0.02304,0.023124529237841314,0.023124529237841314,0.022900941524317375,stop,-0.36553928070020003,-0.44553928070020005,31
1000XEC,short,2023-09-06 17:05:00+00:00,2023-09-06 17:10:00+00:00,2023-09-06 17:45:00+00:00,207127,207128,207135,0.02305,0.023122591067531468,0.023122591067531468,0.022904817864937067,stop,-0.31394002220365147,-0.3939400222036515,8
1000XEC,long,2023-09-08 14:40:00+00:00,2023-09-08 14:45:00+00:00,2023-09-08 14:55:00+00:00,207674,207675,207677,0.02348,0.023427707199508718,0.023427707199508718,0.023584585600982567,stop,-0.22271209749268328,-0.3027120974926833,3
1000XEC,long,2023-09-08 15:55:00+00:00,2023-09-08 16:00:00+00:00,2023-09-08 16:45:00+00:00,207689,207690,207699,0.02349,0.02341458704224838,0.02341458704224838,0.023640825915503243,stop,-0.32104281716314187,-0.4010428171631419,10
1000XEC,long,2023-09-08 16:55:00+00:00,2023-09-08 17:00:00+00:00,2023-09-08 17:00:00+00:00,207701,207702,207702,0.02347,0.023420998014543726,0.023420998014543726,0.02359800397091255,stop,-0.20878562188443306,-0.2887856218844331,1
1000XEC,short,2023-09-11 14:10:00+00:00,2023-09-11 14:15:00+00:00,2023-09-11 14:55:00+00:00,208532,208533,208541,0.02237,0.022449045086932823,0.022449045086932823,0.022211909826134357,stop,-0.35210890541991224,-0.43210890541991226,9
1000XEC,short,2023-09-11 17:10:00+00:00,2023-09-11 17:15:00+00:00,2023-09-11 18:20:00+00:00,208568,208569,208582,0.02232,0.02206999100266376,0.02246000449866812,0.02206999100266376,take_profit,1.132800630983799,1.052800630983799,14
1000XEC,long,2023-09-12 19:20:00+00:00,2023-09-12 19:25:00+00:00,2023-09-13 01:30:00+00:00,208882,208883,208956,0.02276,0.02354961731772374,0.022365191341138128,0.02354961731772374,take_profit,3.4693203766420933,3.389320376642093,74
1000XEC,short,2023-09-13 14:20:00+00:00,2023-09-13 14:25:00+00:00,2023-09-13 15:50:00+00:00,209110,209111,209128,0.02247,0.022553899679755754,0.022553899679755754,0.022302200640488493,stop,-0.37199633299362933,-0.45199633299362935,18
1000XEC,long,2023-09-13 16:35:00+00:00,2023-09-13 16:40:00+00:00,2023-09-14 22:30:00+00:00,209137,209138,209496,0.02285,0.023587905599994106,0.022481047200002945,0.023587905599994106,take_profit,3.229346170652536,3.149346170652536,359
1000XEC,long,2023-09-15 14:05:00+00:00,2023-09-15 14:10:00+00:00,2023-09-15 15:20:00+00:00,209683,209684,209698,0.02385,0.02371935619894212,0.02371935619894212,0.024141287602115757,stop,-0.5477727507667951,-0.6277727507667952,15
1000XEC,short,2023-09-15 15:45:00+00:00,2023-09-15 15:50:00+00:00,2023-09-15 16:55:00+00:00,209703,209704,209717,0.02363,0.023454945965117723,0.02371752701744114,0.023454945965117723,take_profit,0.7463416677344625,0.6663416677344625,14
1000XEC,short,2023-09-15 19:00:00+00:00,2023-09-15 19:05:00+00:00,2023-09-15 20:45:00+00:00,209742,209743,209763,0.02362,0.02347614417585821,0.023691927912070893,0.02347614417585821,take_profit,0.6127744959486314,0.5327744959486314,21
1000XEC,short,2023-09-16 15:20:00+00:00,2023-09-16 15:25:00+00:00,2023-09-16 23:55:00+00:00,209986,209987,210089,0.02384,0.023576259438660763,0.02397187028066962,0.023576259438660763,take_profit,1.1186700843084152,1.0386700843084151,103
1000XEC,short,2023-09-17 14:20:00+00:00,2023-09-17 14:25:00+00:00,2023-09-17 17:00:00+00:00,210262,210263,210294,0.02325,0.023149776769376438,0.02331511161531178,0.023149776769376438,take_profit,0.43293389660734594,0.3529338966073459,32
1000XEC,long,2023-09-18 14:05:00+00:00,2023-09-18 14:10:00+00:00,2023-09-18 15:50:00+00:00,210547,210548,210568,0.02335,0.02324304854865064,0.02324304854865064,0.023563902902698716,stop,-0.4580361942156719,-0.538036194215672,21
1000XEC,long,2023-09-18 16:15:00+00:00,2023-09-18 16:20:00+00:00,2023-09-18 16:55:00+00:00,210573,210574,210581,0.02337,0.023275753239563723,0.023275753239563723,0.02355849352087255,stop,-0.4032809603606191,-0.4832809603606191,8
1000XEC,long,2023-09-18 17:10:00+00:00,2023-09-18 17:15:00+00:00,2023-09-18 19:30:00+00:00,210584,210585,210612,0.02334,0.023539692623181875,0.023240153688409062,0.023539692623181875,take_profit,0.8555810761862626,0.7755810761862625,28
1000XEC,short,2023-09-19 15:45:00+00:00,2023-09-19 15:50:00+00:00,2023-09-19 16:00:00+00:00,210855,210856,210858,0.02611,0.026423542592785364,0.026423542592785364,0.025482914814429276,stop,-1.1866031652809972,-1.2666031652809973,3
1000XEC,long,2023-09-19 16:30:00+00:00,2023-09-19 16:35:00+00:00,2023-09-19 20:20:00+00:00,210864,210865,210910,0.02665,0.026172397484272053,0.026172397484272053,0.027605205031455894,stop,-1.7921295149266325,-1.8721295149266324,46
1000XEC,short,2023-09-20 15:20:00+00:00,2023-09-20 15:25:00+00:00,2023-09-20 18:45:00+00:00,211138,211139,211179,0.02562,0.025299930082778487,0.025780034958610757,0.025299930082778487,take_profit,1.2651019831844579,1.1851019831844578,41
1000XEC,short,2023-09-21 14:10:00+00:00,2023-09-21 14:15:00+00:00,2023-09-21 15:05:00+00:00,211412,211413,211423,0.0244,0.024175733280546865,0.02451213335972657,0.024175733280546865,take_profit,0.9276521909413749,0.8476521909413748,11
1000XEC,long,2023-09-23 14:05:00+00:00,2023-09-23 14:10:00+00:00,2023-09-23 22:45:00+00:00,211987,211988,212091,0.02445,0.024336464457644064,0.024336464457644064,0.02467707108471187,stop,-0.46435804644554546,-0.5443580464455455,104
1000XEC,short,2023-09-24 15:50:00+00:00,2023-09-24 15:55:00+00:00,2023-09-24 17:15:00+00:00,212296,212297,212313,0.02395,0.024077301653917162,0.024077301653917162,0.023695396692165673,stop,-0.5287206006178491,-0.6087206006178492,17
1000XEC,short,2023-09-25 14:30:00+00:00,2023-09-25 14:35:00+00:00,2023-09-25 14:40:00+00:00,212568,212569,212570,0.02396,0.024025959324371984,0.024025959324371984,0.02382808135125603,stop,-0.2745335721311859,-0.3545335721311859,2
1000XEC,short,2023-09-25 14:50:00+00:00,2023-09-25 14:55:00+00:00,2023-09-25 16:45:00+00:00,212572,212573,212595,0.02396,0.024027414729888282,0.024027414729888282,0.02382517054022343,stop,-0.28057421343972155,-0.36057421343972157,23
1000XEC,short,2023-09-25 17:30:00+00:00,2023-09-25 17:35:00+00:00,2023-09-25 18:05:00+00:00,212604,212605,212611,0.02392,0.024009924846131483,0.024009924846131483,0.023740150307737035,stop,-0.37453197670450633,-0.45453197670450635,7
1000XEC,short,2023-09-26 14:25:00+00:00,2023-09-26 14:30:00+00:00,2023-09-26 14:40:00+00:00,212855,212856,212858,0.02398,0.024054651671368762,0.024054651671368762,0.02383069665726248,stop,-0.31034193464383186,-0.3903419346438319,3
1000XEC,short,2023-09-26 16:05:00+00:00,2023-09-26 16:10:00+00:00,2023-09-26 17:00:00+00:00,212875,212876,212886,0.024,0.024056930539550315,0.024056930539550315,0.023886138920899372,stop,-0.23664922445828518,-0.3166492244582852,11
1000XEC,short,2023-09-26 17:25:00+00:00,2023-09-26 17:30:00+00:00,2023-09-26 20:10:00+00:00,212891,212892,212924,0.02398,0.023887730385458796,0.024041134807270603,0.023887730385458796,take_profit,0.3862636301244171,0.3062636301244171,33
1000XEC,long,2023-09-27 14:55:00+00:00,2023-09-27 15:00:00+00:00,2023-09-27 15:15:00+00:00,213149,213150,213153,0.02383,0.02378868526180271,0.02378868526180271,0.023942629476394583,stop,-0.17337279982078124,-0.25337279982078126,4
1000XEC,long,2023-09-27 18:45:00+00:00,2023-09-27 18:50:00+00:00,2023-09-27 19:05:00+00:00,213195,213196,213199,0.02388,0.024068881770106482,0.023770559114946757,0.024068881770106482,take_profit,0.7909621863755545,0.7109621863755544,4
1000XEC,long,2023-09-28 14:05:00+00:00,2023-09-28 14:10:00+00:00,2023-09-28 16:40:00+00:00,213427,213428,213458,0.02466,0.024905272410679163,0.02453736379466042,0.024905272410679163,take_profit,0.9946164261117607,0.9146164261117606,31
1000XEC,long,2023-09-29 16:30:00+00:00,2023-09-29 16:35:00+00:00,2023-09-29 17:35:00+00:00,213744,213745,213757,0.0251,0.02495259618093947,0.02495259618093947,0.025394807638121065,stop,-0.5872662113965421,-0.6672662113965422,13
1000XEC,short,2023-09-29 17:55:00+00:00,2023-09-29 18:00:00+00:00,2023-09-29 21:15:00+00:00,213761,213762,213801,0.02488,0.024636004993627555,0.024986997503186222,0.024636004993627555,take_profit,0.9904000524255441,0.910400052425544,40
1000XEC,short,2023-09-30 17:05:00+00:00,2023-09-30 17:10:00+00:00,2023-09-30 18:20:00+00:00,214039,214040,214054,0.02448,0.024538458172002536,0.024538458172002536,0.024363083655994922,stop,-0.2382308276778211,-0.3182308276778211,15
1000XEC,long,2023-10-01 14:05:00+00:00,2023-10-01 14:10:00+00:00,2023-10-01 18:25:00+00:00,214291,214292,214343,0.02488,0.025041219051283703,0.024799390474358148,0.025041219051283703,take_profit,0.647986540529355,0.5679865405293549,52
1000XEC,long,2023-10-02 18:10:00+00:00,2023-10-02 18:15:00+00:00,2023-10-03 03:35:00+00:00,214628,214629,214741,0.02721,0.026586965205615553,0.026586965205615553,0.028486069588768897,stop,-2.289727285499632,-2.369727285499632,113
1000XEC,short,2023-10-03 18:30:00+00:00,2023-10-03 18:35:00+00:00,2023-10-03 20:25:00+00:00,214920,214921,214943,0.02658,0.02621788389654497,0.026746058051727514,0.02621788389654497,take_profit,1.3811797507530699,1.3011797507530698,23
1000XEC,long,2023-10-05 14:10:00+00:00,2023-10-05 14:15:00+00:00,2023-10-05 14:15:00+00:00,215444,215445,215445,0.02499,0.02490450668889127,0.02490450668889127,0.025190986622217464,stop,-0.34211008847030433,-0.42211008847030435,1
1000XEC,short,2023-10-05 16:00:00+00:00,2023-10-05 16:05:00+00:00,2023-10-05 20:50:00+00:00,215466,215467,215524,0.02481,0.024615328767512185,0.024907335616243906,0.024615328767512185,take_profit,0.7908536762862406,0.7108536762862405,58
1000XEC,short,2023-10-06 14:15:00+00:00,2023-10-06 14:20:00+00:00,2023-10-06 15:00:00+00:00,215733,215734,215742,0.02468,0.024744829132332776,0.024744829132332776,0.024580341735334448,stop,-0.2619906243283232,-0.3419906243283232,9
1000XEC,short,2023-10-06 15:35:00+00:00,2023-10-06 15:40:00+00:00,2023-10-06 16:20:00+00:00,215749,215750,215758,0.02467,0.02475716314717709,0.02475716314717709,0.024525673705645824,stop,-0.3520724351934734,-0.43207243519347344,9
1000XEC,long,2023-10-06 16:35:00+00:00,2023-10-06 16:40:00+00:00,2023-10-06 18:05:00+00:00,215761,215762,215779,0.02479,0.024693472717558982,0.024693472717558982,0.025013054564882033,stop,-0.38937992110131825,-0.46937992110131826,18
1000XEC,short,2023-10-07 15:10:00+00:00,2023-10-07 15:15:00+00:00,2023-10-07 15:35:00+00:00,216032,216033,216037,0.02485,0.02491219970633984,0.02491219970633984,0.02472560058732032,stop,-0.24967568931302253,-0.32967568931302255,5
1000XEC,short,2023-10-07 15:55:00+00:00,2023-10-07 16:00:00+00:00,2023-10-07 20:20:00+00:00,216041,216042,216094,0.02486,0.02495383073348505,0.02495383073348505,0.0247023385330299,stop,-0.3760173517532994,-0.45601735175329944,53
1000XEC,short,2023-10-08 14:05:00+00:00,2023-10-08 14:10:00+00:00,2023-10-08 15:20:00+00:00,216307,216308,216322,0.02461,0.024648857505154952,0.024648857505154952,0.024502284989690096,stop,-0.15764424435017466,-0.23764424435017464,15
1000XEC,short,2023-10-08 15:30:00+00:00,2023-10-08 15:35:00+00:00,2023-10-08 18:10:00+00:00,216324,216325,216356,0.02459,0.024646659717847796,0.024646659717847796,0.02447668056430441,stop,-0.2298880192952324,-0.3098880192952324,32
1000XEC,short,2023-10-08 18:15:00+00:00,2023-10-08 18:20:00+00:00,2023-10-08 19:40:00+00:00,216357,216358,216374,0.02461,0.024461644120112938,0.02468417793994353,0.024461644120112938,take_profit,0.6064836817942343,0.5264836817942342,17
1000XEC,long,2023-10-10 14:30:00+00:00,2023-10-10 14:35:00+00:00,2023-10-10 20:05:00+00:00,216888,216889,216955,0.02365,0.023589809996971193,0.023589809996971193,0.023770380006057617,stop,-0.2545031840541556,-0.33450318405415563,67
1000XEC,long,2023-10-11 14:45:00+00:00,2023-10-11 14:50:00+00:00,2023-10-11 14:55:00+00:00,217179,217180,217181,0.02387,0.02413348847428622,0.02373825576285689,0.02413348847428622,take_profit,1.1038478185430245,1.0238478185430244,2
1000XEC,short,2023-10-12 14:05:00+00:00,2023-10-12 14:10:00+00:00,2023-10-12 14:55:00+00:00,217459,217460,217469,0.02376,0.02385216221355097,0.02385216221355097,0.023605675572898055,stop,-0.38638934586237017,-0.4663893458623702,10
1000XEC,long,2023-10-12 15:10:00+00:00,2023-10-12 15:15:00+00:00,2023-10-12 18:30:00+00:00,217472,217473,217512,0.02391,0.023818968422378076,0.023818968422378076,0.024122063155243848,stop,-0.38072596245054546,-0.4607259624505455,40
1000XEC,short,2023-10-12 18:55:00+00:00,2023-10-12 19:00:00+00:00,2023-10-12 20:45:00+00:00,217517,217518,217539,0.02373,0.02389772337149695,0.02389772337149695,0.0234245532570061,stop,-0.701838283461742,-0.7818382834617421,22
1000XEC,short,2023-10-13 14:35:00+00:00,2023-10-13 14:40:00+00:00,2023-10-13 15:15:00+00:00,217753,217754,217761,0.02382,0.023896356021896607,0.023896356021896607,0.02369728795620679,stop,-0.3195299811680097,-0.3995299811680097,8
1000XEC,long,2023-10-13 16:00:00+00:00,2023-10-13 16:05:00+00:00,2023-10-13 18:55:00+00:00,217770,217771,217805,0.02392,0.023841780153854627,0.023841780153854627,0.024076439692290747,stop,-0.3270060457582491,-0.4070060457582491,35
1000XEC,short,2023-10-14 14:50:00+00:00,2023-10-14 14:55:00+00:00,2023-10-14 17:40:00+00:00,218044,218045,218078,0.02403,0.02392599100269012,0.02409700449865494,0.02392599100269012,take_profit,0.4347113450731799,0.35471134507317986,34
1000XEC,short,2023-10-14 18:20:00+00:00,2023-10-14 18:25:00+00:00,2023-10-14 21:35:00+00:00,218086,218087,218125,0.02403,0.0238746033534708,0.0241076983232646,0.0238746033534708,take_profit,0.6508868198918494,0.5708868198918493,39
1000XEC,long,2023-10-15 18:05:00+00:00,2023-10-15 18:10:00+00:00,2023-10-15 18:35:00+00:00,218371,218372,218377,0.02407,0.02400768281070016,0.02400768281070016,0.024164634378599687,stop,-0.2588998309091872,-0.33889983090918724,6
1000XEC,long,2023-10-16 14:05:00+00:00,2023-10-16 14:10:00+00:00,2023-10-16 14:15:00+00:00,218611,218612,218613,0.02435,0.024473474271560512,0.024303262864219743,0.024473474271560512,take_profit,0.507081197373771,0.427081197373771,2
1000XEC,short,2023-10-17 14:10:00+00:00,2023-10-17 14:15:00+00:00,2023-10-17 16:45:00+00:00,218900,218901,218931,0.02465,0.024799020618310987,0.024799020618310987,0.02435195876337802,stop,-0.6009133207500739,-0.6809133207500739,31
1000XEC,short,2023-10-18 18:55:00+00:00,2023-10-18 19:00:00+00:00,2023-10-18 22:55:00+00:00,219245,219246,219293,0.02481,0.025063985328624746,0.025063985328624746,0.024272029342750506,stop,-1.013347738975412,-1.093347738975412,48
1000XEC,long,2023-10-19 14:05:00+00:00,2023-10-19 14:10:00+00:00,2023-10-19 14:55:00+00:00,219475,219476,219485,0.02473,0.024648607458053973,0.024648607458053973,0.02489278508389205,stop,-0.3291247147028997,-0.40912471470289974,10
1000XEC,long,2023-10-19 15:30:00+00:00,2023-10-19 15:35:00+00:00,2023-10-19 17:15:00+00:00,219492,219493,219513,0.02475,0.024981476800039364,0.02463426159998032,0.024981476800039364,take_profit,0.9352597981388433,0.8552597981388432,21
1000XEC,long,2023-10-20 17:35:00+00:00,2023-10-20 17:40:00+00:00,2023-10-20 17:45:00+00:00,219805,219806,219807,0.02757,0.02814981327807659,0.027280093360961707,0.02814981327807659,take_profit,2.1030586800021345,2.0230586800021344,2
1000XEC,short,2023-10-22 16:25:00+00:00,2023-10-22 16:30:00+00:00,2023-10-22 16:40:00+00:00,220367,220368,220370,0.0272,0.026862679997683058,0.02736866000115847,0.026862679997683058,take_profit,1.2557198401128788,1.1757198401128788,3
1000XEC,long,2023-10-23 15:05:00+00:00,2023-10-23 15:10:00+00:00,2023-10-23 15:20:00+00:00,220639,220640,220642,0.0275,0.027295516634075135,0.027295516634075135,0.02790896673184973,stop,-0.7435758760904188,-0.8235758760904188,3
1000XEC,short,2023-10-24 14:45:00+00:00,2023-10-24 14:50:00+00:00,2023-10-25 00:30:00+00:00,220923,220924,221040,0.02867,0.027771702602578382,0.02913414869871081,0.027771702602578382,take_profit,3.2345780533391544,3.1545780533391543,117
1000XEC,long,2023-10-25 14:10:00+00:00,2023-10-25 14:15:00+00:00,2023-10-25 14:20:00+00:00,221204,221205,221206,0.02809,0.027972122202632836,0.027972122202632836,0.02832575559473433,stop,-0.4196432800539829,-0.4996432800539829,2
1000XEC,short,2023-10-25 14:35:00+00:00,2023-10-25 14:40:00+00:00,2023-10-25 15:10:00+00:00,221209,221210,221216,0.02784,0.027988655993443665,0.027988655993443665,0.02757268801311267,stop,-0.531129445724321,-0.611129445724321,7
1000XEC,long,2023-10-25 15:35:00+00:00,2023-10-25 15:40:00+00:00,2023-10-25 16:05:00+00:00,221221,221222,221227,0.02813,0.02799171150598477,0.02799171150598477,0.028406576988030455,stop,-0.49160502671605766,-0.5716050267160577,6
1000XEC,short,2023-10-26 14:35:00+00:00,2023-10-26 14:40:00+00:00,2023-10-26 14:55:00+00:00,221497,221498,221501,0.02795,0.02774633673940046,0.028066831630299768,0.02774633673940046,take_profit,0.7340185571608426,0.6540185571608426,4
1000XEC,long,2023-10-26 16:10:00+00:00,2023-10-26 16:15:00+00:00,2023-10-26 18:20:00+00:00,221516,221517,221542,0.02817,0.02793439301088356,0.02793439301088356,0.028641213978232882,stop,-0.8363755382195248,-0.9163755382195249,26
1000XEC,short,2023-10-26 18:25:00+00:00,2023-10-26 18:30:00+00:00,2023-10-26 20:40:00+00:00,221543,221544,221570,0.02788,0.027451220269505264,0.028079389865247367,0.027451220269505264,take_profit,1.5619696548464734,1.4819696548464734,27
1000XEC,short,2023-10-27 14:20:00+00:00,2023-10-27 14:25:00+00:00,2023-10-27 14:40:00+00:00,221782,221783,221786,0.0269,0.02702630142308152,0.02702630142308152,0.02667739715383696,stop,-0.4673278119130764,-0.5473278119130764,4
1000XEC,long,2023-10-27 15:05:00+00:00,2023-10-27 15:10:00+00:00,2023-10-27 15:55:00+00:00,221791,221792,221801,0.02716,0.027340526116979826,0.027054736941510088,0.027340526116979826,take_profit,0.6646764248152692,0.5846764248152692,10
1000XEC,long,2023-10-27 17:30:00+00:00,2023-10-27 17:35:00+00:00,2023-10-27 17:45:00+00:00,221820,221821,221823,0.02716,0.02741654432093253,0.027016727839533735,0.02741654432093253,take_profit,0.9445667191919416,0.8645667191919415,3
1000XEC,short,2023-10-29 14:20:00+00:00,2023-10-29 14:25:00+00:00,2023-10-29 15:05:00+00:00,222358,222359,222367,0.0281,0.02821966850970452,0.02821966850970452,0.027830662980590958,stop,-0.4240606499802402,-0.5040606499802402,9
1000XEC,long,2023-10-29 15:30:00+00:00,2023-10-29 15:35:00+00:00,2023-10-29 16:10:00+00:00,222372,222373,222380,0.0283,0.028195076518741518,0.028195076518741518,0.02850984696251696,stop,-0.3707543507366795,-0.4507543507366795,8
1000XEC,long,2023-10-29 17:05:00+00:00,2023-10-29 17:10:00+00:00,2023-10-29 19:50:00+00:00,222391,222392,222424,0.02832,0.02819580781576773,0.02819580781576773,0.02859838436846454,stop,-0.43853172398400364,-0.5185317239840037,33
1000XEC,short,2023-10-30 14:15:00+00:00,2023-10-30 14:20:00+00:00,2023-10-30 15:10:00+00:00,222645,222646,222656,0.02822,0.028013301543685417,0.02832334922815729,0.028013301543685417,take_profit,0.7378582492043817,0.6578582492043816,11
1000XEC,short,2023-10-30 16:15:00+00:00,2023-10-30 16:20:00+00:00,2023-10-30 17:35:00+00:00,222669,222670,222685,0.02818,0.028300658406242282,0.028300658406242282,0.027908683187515437,stop,-0.42634487336050686,-0.5063448733605069,16
1000XEC,long,2023-10-30 17:40:00+00:00,2023-10-30 17:45:00+00:00,2023-10-31 02:10:00+00:00,222686,222687,222788,0.02841,0.028192324216252056,0.028192324216252056,0.028815351567495893,stop,-0.7661942405770672,-0.8461942405770673,102
1000XEC,short,2023-10-31 14:05:00+00:00,2023-10-31 14:10:00+00:00,2023-10-31 14:45:00+00:00,222931,222932,222939,0.02819,0.028380262849845444,0.028380262849845444,0.02783947430030911,stop,-0.6704055239096562,-0.7504055239096563,8
1000XEC,long,2023-10-31 15:10:00+00:00,2023-10-31 15:15:00+00:00,2023-10-31 15:25:00+00:00,222944,222945,222947,0.02844,0.028324757649864966,0.028324757649864966,0.028670484700270067,stop,-0.4052122015999804,-0.4852122015999804,3
1000XEC,short,2023-10-31 15:30:00+00:00,2023-10-31 15:35:00+00:00,2023-10-31 17:00:00+00:00,222948,222949,222966,0.02821,0.027843823575478613,0.028393088212260692,0.027843823575478613,take_profit,1.315108262802922,1.235108262802922,18
1000XEC,short,2023-10-31 18:15:00+00:00,2023-10-31 18:20:00+00:00,2023-10-31 20:00:00+00:00,222981,222982,223002,0.02824,0.028002351856580485,0.02837382407170976,0.028002351856580485,take_profit,0.8486720852472596,0.7686720852472595,21
1000XEC,short,2023-11-01 14:10:00+00:00,2023-11-01 14:15:00+00:00,2023-11-01 15:00:00+00:00,223220,223221,223230,0.02752,0.027253398928738227,0.027653300535630886,0.027253398928738227,take_profit,0.9782305390930501,0.8982305390930501,10
1000XEC,short,2023-11-01 16:25:00+00:00,2023-11-01 16:30:00+00:00,2023-11-01 18:30:00+00:00,223247,223248,223272,0.02749,0.027660895529732964,0.027660895529732964,0.027148208940534074,stop,-0.6178235608795268,-0.6978235608795269,25
1000XEC,short,2023-11-01 19:35:00+00:00,2023-11-01 19:40:00+00:00,2023-11-01 21:50:00+00:00,223285,223286,223312,0.02749,0.027627244073484727,0.027627244073484727,0.027245511853030546,stop,-0.49677077134322456,-0.5767707713432246,27
1000XEC,long,2023-11-02 18:40:00+00:00,2023-11-02 18:45:00+00:00,2023-11-02 19:00:00+00:00,223562,223563,223566,0.02904,0.02887930640036795,0.02887930640036795,0.029391387199264096,stop,-0.553352615812841,-0.6333526158128411,4
1000XEC,long,2023-11-03 14:55:00+00:00,2023-11-03 15:00:00+00:00,2023-11-03 16:00:00+00:00,223805,223806,223818,0.02801,0.02787698636060031,0.02787698636060031,0.02827602727879938,stop,-0.47487911245873704,-0.5548791124587371,13
1000XEC,long,2023-11-03 16:05:00+00:00,2023-11-03 16:10:00+00:00,2023-11-03 16:45:00+00:00,223819,223820,223827,0.02799,0.027866404936891093,0.027866404936891093,0.028267190126217815,stop,-0.44156864276136965,-0.5215686427613697,8
1000XEC,long,2023-11-03 17:10:00+00:00,2023-11-03 17:15:00+00:00,2023-11-03 17:40:00+00:00,223832,223833,223838,0.02804,0.027855985342517414,0.027855985342517414,0.02840802931496517,stop,-0.6562576943030862,-0.7362576943030863,6
1000XEC,long,2023-11-04 14:55:00+00:00,2023-11-04 15:00:00+00:00,2023-11-04 16:15:00+00:00,224093,224094,224109,0.02842,0.028713932520915787,0.028273033739542108,0.028713932520915787,take_profit,1.0342453234193805,0.9542453234193804,16
1000XEC,short,2023-11-05 15:25:00+00:00,2023-11-05 15:30:00+00:00,2023-11-05 16:25:00+00:00,224387,224388,224399,0.02913,0.029208712068570553,0.029208712068570553,0.028942575862858894,stop,-0.2694814765737297,-0.3494814765737297,12
1000XEC,long,2023-11-05 16:40:00+00:00,2023-11-05 16:45:00+00:00,2023-11-05 17:00:00+00:00,224402,224403,224406,0.02927,0.029443026365290108,0.029168486817354948,0.029443026365290108,take_profit,0.5911389316368476,0.5111389316368475,4
1000XEC,long,2023-11-08 15:25:00+00:00,2023-11-08 15:30:00+00:00,2023-11-08 22:00:00+00:00,225251,225252,225330,0.03034,0.03076927823527995,0.030110360882360025,0.03076927823527995,take_profit,1.4148920081738625,1.3348920081738624,79
1000XEC,short,2023-11-09 19:50:00+00:00,2023-11-09 19:55:00+00:00,2023-11-09 23:10:00+00:00,225592,225593,225632,0.03227,0.0325399940798769,0.0325399940798769,0.03170001184024619,stop,-0.8297299600428243,-0.9097299600428244,40
1000XEC,long,2023-11-10 15:50:00+00:00,2023-11-10 15:55:00+00:00,2023-11-10 16:05:00+00:00,225832,225833,225835,0.03119,0.031093509764218322,0.031093509764218322,0.03141298047156335,stop,-0.3093627309447844,-0.3893627309447844,3
1000XEC,long,2023-11-10 18:55:00+00:00,2023-11-10 19:00:00+00:00,2023-11-10 19:25:00+00:00,225869,225870,225875,0.03122,0.031006598951844645,0.031006598951844645,0.031616802096310716,stop,-0.683539552067125,-0.7635395520671251,6
1000XEC,long,2023-11-10 19:35:00+00:00,2023-11-10 19:40:00+00:00,2023-11-10 20:05:00+00:00,225877,225878,225883,0.03121,0.031519147744938865,0.03105542612753057,0.031519147744938865,take_profit,0.9905406758694779,0.9105406758694778,6
1000XEC,long,2023-11-10 20:20:00+00:00,2023-11-10 20:25:00+00:00,2023-11-10 21:10:00+00:00,225886,225887,225896,0.03118,0.030998631038011776,0.030998631038011776,0.03160273792397644,stop,-0.5816836497377298,-0.6616836497377299,10
1000XEC,short,2023-11-11 15:05:00+00:00,2023-11-11 15:10:00+00:00,2023-11-11 15:45:00+00:00,226111,226112,226119,0.03069,0.030917908706882193,0.030917908706882193,0.03026418258623562,stop,-0.7371414057880998,-0.8171414057880999,8
1000XEC,short,2023-11-11 16:35:00+00:00,2023-11-11 16:40:00+00:00,2023-11-11 18:20:00+00:00,226129,226130,226150,0.0307,0.03094831978366653,0.03094831978366653,0.030203360432666946,stop,-0.8023691929071486,-0.8823691929071487,21
1000XEC,long,2023-11-12 15:30:00+00:00,2023-11-12 15:35:00+00:00,2023-11-12 17:15:00+00:00,226404,226405,226425,0.0316,0.031898922559606496,0.031450538720196757,0.031898922559606496,take_profit,0.9459574671091486,0.8659574671091486,21
1000XEC,short,2023-11-13 15:20:00+00:00,2023-11-13 15:25:00+00:00,2023-11-13 16:10:00+00:00,226690,226691,226700,0.03188,0.03212832218266896,0.03212832218266896,0.03138335563466208,stop,-0.7729074094099841,-0.8529074094099842,10
1000XEC,short,2023-11-13 17:00:00+00:00,2023-11-13 17:05:00+00:00,2023-11-13 17:40:00+00:00,226710,226711,226718,0.03191,0.032100319272296576,0.032100319272296576,0.03152936145540685,stop,-0.5928890322932867,-0.6728890322932868,8
1000XEC,long,2023-11-13 18:30:00+00:00,2023-11-13 18:35:00+00:00,2023-11-13 20:30:00+00:00,226728,226729,226752,0.03221,0.032021523315664886,0.032021523315664886,0.03261695336867022,stop,-0.585149594334422,-0.6651495943344221,24
1000XEC,long,2023-11-14 16:50:00+00:00,2023-11-14 16:55:00+00:00,2023-11-14 17:35:00+00:00,226996,226997,227005,0.03188,0.032386069625936466,0.031626965187031765,0.032386069625936466,take_profit,1.587420407579887,1.507420407579887,9
1000XEC,short,2023-11-14 19:00:00+00:00,2023-11-14 19:05:00+00:00,2023-11-15 03:10:00+00:00,227022,227023,227120,0.03154,0.030777712408970898,0.031906143795514555,0.030777712408970898,take_profit,2.476751946018285,2.396751946018285,98
1000XEC,long,2023-11-15 18:20:00+00:00,2023-11-15 18:25:00+00:00,2023-11-15 18:40:00+00:00,227302,227303,227306,0.03077,0.030653998100201592,0.030653998100201592,0.031002003799596813,stop,-0.37699674942608397,-0.456996749426084,4
1000XEC,long,2023-11-15 20:00:00+00:00,2023-11-15 20:05:00+00:00,2023-11-15 20:30:00+00:00,227322,227323,227328,0.03079,0.03104714646544406,0.030661426767277972,0.03104714646544406,take_profit,0.8351622781554324,0.7551622781554324,6
1000XEC,short,2023-11-16 17:15:00+00:00,2023-11-16 17:20:00+00:00,2023-11-16 18:05:00+00:00,227577,227578,227587,0.03123,0.03088067110561248,0.03141966444719376,0.03088067110561248,take_profit,1.1312218351499315,1.0512218351499314,10
1000XEC,long,2023-11-17 15:30:00+00:00,2023-11-17 15:35:00+00:00,2023-11-17 15:50:00+00:00,227844,227845,227848,0.03026,0.030122505635234074,0.030122505635234074,0.030534988729531847,stop,-0.45437661852585354,-0.5343766185258536,4
1000XEC,short,2023-11-17 16:20:00+00:00,2023-11-17 16:25:00+00:00,2023-11-17 17:50:00+00:00,227854,227855,227872,0.02999,0.030229975661558068,0.030229975661558068,0.029480048676883863,stop,-0.7938334593607821,-0.8738334593607822,18
1000XEC,long,2023-11-17 17:55:00+00:00,2023-11-17 18:00:00+00:00,2023-11-17 18:30:00+00:00,227873,227874,227880,0.03019,0.030083510603168644,0.030083510603168644,0.030432978793662715,stop,-0.3527306950359632,-0.43273069503596323,7
1000XEC,short,2023-11-18 15:30:00+00:00,2023-11-18 15:35:00+00:00,2023-11-18 16:00:00+00:00,228132,228133,228138,0.02871,0.028338015527951305,0.028880992236024347,0.028338015527951305,take_profit,1.312669448154491,1.2326694481544909,6
1000XEC,short,2023-11-18 18:45:00+00:00,2023-11-18 18:50:00+00:00,2023-11-18 19:10:00+00:00,228171,228172,228176,0.02872,0.028845745279385313,0.028845745279385313,0.028468509441229372,stop,-0.4359231427976895,-0.5159231427976896,5
1000XEC,long,2023-11-18 20:10:00+00:00,2023-11-18 20:15:00+00:00,2023-11-18 20:40:00+00:00,228188,228189,228194,0.02899,0.028877757291883417,0.028877757291883417,0.029184485416233162,stop,-0.38717733051597536,-0.4671773305159754,6
1000XEC,long,2023-11-19 15:35:00+00:00,2023-11-19 15:40:00+00:00,2023-11-19 15:55:00+00:00,228421,228422,228425,0.02931,0.029516909761899402,0.029206545119050298,0.029516909761899402,take_profit,0.7059357280771117,0.6259357280771116,4
1000XEC,short,2023-11-19 20:15:00+00:00,2023-11-19 20:20:00+00:00,2023-11-20 01:10:00+00:00,228477,228478,228536,0.02912,0.02931156416256052,0.02931156416256052,0.028736871674878962,stop,-0.6535446607288331,-0.7335446607288332,59
1000XEC,long,2023-11-20 15:40:00+00:00,2023-11-20 15:45:00+00:00,2023-11-20 18:40:00+00:00,228710,228711,228746,0.02967,0.029898917460863646,0.029555541269568174,0.029898917460863646,take_profit,0.771545200079693,0.6915452000796929,36
1000XEC,short,2023-11-21 16:05:00+00:00,2023-11-21 16:10:00+00:00,2023-11-21 17:55:00+00:00,229003,229004,229025,0.02922,0.029376465082942196,0.029376465082942196,0.028937069834115606,stop,-0.5326205263309514,-0.6126205263309514,22
1000XEC,long,2023-11-22 15:10:00+00:00,2023-11-22 15:15:00+00:00,2023-11-22 16:45:00+00:00,229280,229281,229299,0.02815,0.028035306934044844,0.028035306934044844,0.028379386131910316,stop,-0.4074354030378591,-0.4874354030378591,19
1000XEC,short,2023-11-22 17:05:00+00:00,2023-11-22 17:10:00+00:00,2023-11-22 17:40:00+00:00,229303,229304,229310,0.02797,0.028108116436770168,0.028108116436770168,0.02769376712645966,stop,-0.4913756390644841,-0.5713756390644842,7
1000XEC,long,2023-11-22 19:40:00+00:00,2023-11-22 19:45:00+00:00,2023-11-22 22:20:00+00:00,229334,229335,229366,0.02823,0.028018324177668415,0.028018324177668415,0.028653351644663174,stop,-0.749825796427861,-0.829825796427861,32
1000XEC,long,2023-11-23 17:25:00+00:00,2023-11-23 17:30:00+00:00,2023-11-23 19:50:00+00:00,229595,229596,229624,0.02862,0.028549288131577345,0.028549288131577345,0.028791423736845307,stop,-0.24707151789886694,-0.32707151789886696,29
1000XEC,short,2023-11-23 20:10:00+00:00,2023-11-23 20:15:00+00:00,2023-11-23 21:20:00+00:00,229628,229629,229642,0.02842,0.02860405787205146,0.02860405787205146,0.02805188425589708,stop,-0.6434676956492247,-0.7234676956492248,14
1000XEC,long,2023-11-24 16:45:00+00:00,2023-11-24 16:50:00+00:00,2023-11-24 17:15:00+00:00,229875,229876,229881,0.02915,0.02903480351596952,0.02903480351596952,0.029410392968060958,stop,-0.3951851939296036,-0.4751851939296036,6
1000XEC,long,2023-11-24 18:40:00+00:00,2023-11-24 18:45:00+00:00,2023-11-25 00:20:00+00:00,229898,229899,229966,0.02915,0.029403039259068977,0.02902348037046551,0.029403039259068977,take_profit,0.8680592077838112,0.7880592077838111,68
1000XEC,long,2023-11-25 16:05:00+00:00,2023-11-25 16:10:00+00:00,2023-11-25 18:30:00+00:00,230155,230156,230184,0.02942,0.029344747911432063,0.029344747911432063,0.02957050417713588,stop,-0.2557854811962579,-0.3357854811962579,29
1000XEC,short,2023-11-25 20:35:00+00:00,2023-11-25 20:40:00+00:00,2023-11-25 20:50:00+00:00,230209,230210,230212,0.02921,0.029349506103667367,0.029349506103667367,0.028930987792665265,stop,-0.47532692091856177,-0.5553269209185618,3
1000XEC,short,2023-11-26 15:05:00+00:00,2023-11-26 15:10:00+00:00,2023-11-26 19:45:00+00:00,230431,230432,230487,0.0296,0.02945230671075035,0.02965884664462483,0.02945230671075035,take_profit,0.5014659486611395,0.42146594866113946,56
1000XEC,short,2023-11-27 15:45:00+00:00,2023-11-27 15:50:00+00:00,2023-11-27 16:15:00+00:00,230727,230728,230733,0.02861,0.02842854302464084,0.02871572848767958,0.02842854302464084,take_profit,0.6382915058358085,0.5582915058358084,6
1000XEC,short,2023-11-28 16:25:00+00:00,2023-11-28 16:30:00+00:00,2023-11-28 16:45:00+00:00,231023,231024,231027,0.02786,0.027988389161306946,0.027988389161306946,0.027573221677386107,stop,-0.4587229388836711,-0.5387229388836712,4
1000XEC,long,2023-11-29 15:50:00+00:00,2023-11-29 15:55:00+00:00,2023-11-29 16:10:00+00:00,231304,231305,231308,0.02897,0.029077887659636776,0.02891605617018161,0.029077887659636776,take_profit,0.37241166598818154,0.2924116659881815,4
1000XEC,short,2023-11-29 19:30:00+00:00,2023-11-29 19:35:00+00:00,2023-11-29 20:45:00+00:00,231348,231349,231363,0.02883,0.02897967934148181,0.02897967934148181,0.028500641317036376,stop,-0.5164975765192703,-0.5964975765192704,15
1000XEC,short,2023-11-30 15:45:00+00:00,2023-11-30 15:50:00+00:00,2023-11-30 15:55:00+00:00,231591,231592,231593,0.0287,0.028776399713962075,0.028776399713962075,0.02851720057207585,stop,-0.2654943450935088,-0.3454943450935088,2
1000XEC,short,2023-11-30 16:40:00+00:00,2023-11-30 16:45:00+00:00,2023-11-30 20:35:00+00:00,231602,231603,231649,0.02867,0.02876319872291209,0.02876319872291209,0.02848360255417582,stop,-0.32402071761876705,-0.40402071761876707,47
1000XEC,long,2023-11-30 20:55:00+00:00,2023-11-30 21:00:00+00:00,2023-11-30 22:05:00+00:00,231653,231654,231667,0.02884,0.0287588462407414,0.0287588462407414,0.0290323075185172,stop,-0.2813930626165084,-0.36139306261650844,14
1000XEC,long,2023-12-01 17:05:00+00:00,2023-12-01 17:10:00+00:00,2023-12-01 18:15:00+00:00,231895,231896,231909,0.02893,0.029059577348092145,0.02886521132595393,0.029059577348092145,take_profit,0.447899578610933,0.367899578610933,14
1000XEC,short,2023-12-02 15:15:00+00:00,2023-12-02 15:20:00+00:00,2023-12-02 15:30:00+00:00,232161,232162,232164,0.02979,0.029916072657754096,0.029916072657754096,0.02950785468449181,stop,-0.4214211510862098,-0.5014211510862099,3
1000XEC,short,2023-12-02 15:35:00+00:00,2023-12-02 15:40:00+00:00,2023-12-02 17:00:00+00:00,232165,232166,232182,0.02977,0.029944971917381165,0.029944971917381165,0.029420056165237674,stop,-0.5843115093375761,-0.6643115093375762,17
1000XEC,short,2023-12-03 15:50:00+00:00,2023-12-03 15:55:00+00:00,2023-12-03 21:50:00+00:00,232456,232457,232528,0.03071,0.030321123888380437,0.030904438055809783,0.030321123888380437,take_profit,1.2825253874200415,1.2025253874200414,72
1000XEC,short,2023-12-04 15:05:00+00:00,2023-12-04 15:10:00+00:00,2023-12-04 15:20:00+00:00,232735,232736,232738,0.03153,0.031731544669255415,0.031731544669255415,0.031156910661489165,stop,-0.6351555568950618,-0.7151555568950618,3
1000XEC,short,2023-12-04 16:20:00+00:00,2023-12-04 16:25:00+00:00,2023-12-04 17:55:00+00:00,232750,232751,232769,0.03158,0.03179196402032646,0.03179196402032646,0.03112607195934708,stop,-0.6667220061992496,-0.7467220061992497,19
1000XEC,short,2023-12-04 18:50:00+00:00,2023-12-04 18:55:00+00:00,2023-12-04 20:10:00+00:00,232780,232781,232796,0.03148,0.031047759350608974,0.031696120324695515,0.031047759350608974,take_profit,1.3921798494697102,1.3121798494697101,16
1000XEC,short,2023-12-05 15:30:00+00:00,2023-12-05 15:35:00+00:00,2023-12-05 16:20:00+00:00,233028,233029,233038,0.03072,0.030250090755330618,0.030939954622334693,0.030250090755330618,take_profit,1.5534143301258574,1.4734143301258573,10
1000XEC,long,2023-12-06 17:05:00+00:00,2023-12-06 17:10:00+00:00,2023-12-06 18:00:00+00:00,233335,233336,233346,0.03094,0.03150871230867097,0.030655643845664514,0.03150871230867097,take_profit,1.83811347340328,1.7581134734032802,11
1000XEC,short,2023-12-07 16:00:00+00:00,2023-12-07 16:05:00+00:00,2023-12-07 18:15:00+00:00,233610,233611,233637,0.03374,0.032811114447087265,0.034204442776456366,0.032811114447087265,take_profit,2.8310088473547435,2.7510088473547434,27
1000XEC,short,2023-12-08 16:10:00+00:00,2023-12-08 16:15:00+00:00,2023-12-08 16:35:00+00:00,233900,233901,233905,0.03324,0.03345964203594441,0.03345964203594441,0.03280071592811117,stop,-0.6564386902539465,-0.7364386902539466,5
1000XEC,long,2023-12-09 15:30:00+00:00,2023-12-09 15:35:00+00:00,2023-12-09 15:40:00+00:00,234180,234181,234182,0.03461,0.03450668294792369,0.03450668294792369,0.03484663410415262,stop,-0.29851791989689014,-0.37851791989689015,2
1000XEC,long,2023-12-09 17:20:00+00:00,2023-12-09 17:25:00+00:00,2023-12-09 17:30:00+00:00,234202,234203,234204,0.0347,0.034482452091117125,0.034482452091117125,0.035135095817765756,stop,-0.6269392186826428,-0.7069392186826429,2
1000XEC,long,2023-12-10 15:10:00+00:00,2023-12-10 15:15:00+00:00,2023-12-10 15:25:00+00:00,234464,234465,234467,0.03409,0.03447897906382554,0.03389551046808723,0.03447897906382554,take_profit,1.1410356815064304,1.0610356815064304,3
1000XEC,short,2023-12-10 16:35:00+00:00,2023-12-10 16:40:00+00:00,2023-12-10 16:45:00+00:00,234481,234482,234483,0.03386,0.034077808573767146,0.034077808573767146,0.0333943828524657,stop,-0.6391507637460325,-0.7191507637460326,2
1000XEC,short,2023-12-10 17:40:00+00:00,2023-12-10 17:45:00+00:00,2023-12-10 18:40:00+00:00,234494,234495,234506,0.03383,0.03334805597688592,0.034055972011557044,0.03334805597688592,take_profit,1.445193757165697,1.365193757165697,12
1000XEC,long,2023-12-11 16:55:00+00:00,2023-12-11 17:00:00+00:00,2023-12-11 22:40:00+00:00,234773,234774,234842,0.03697,0.03575922777836427,0.03575922777836427,0.03936154444327145,stop,-3.275012771532948,-3.355012771532948,69
1000XEC,short,2023-12-12 15:05:00+00:00,2023-12-12 15:10:00+00:00,2023-12-12 16:20:00+00:00,235039,235040,235054,0.03478,0.03507243576015749,0.03507243576015749,0.03419512847968501,stop,-0.8338051059735729,-0.913805105973573,15
1000XEC,long,2023-12-12 16:45:00+00:00,2023-12-12 16:50:00+00:00,2023-12-12 18:00:00+00:00,235059,235060,235074,0.03534,0.035003429984935316,0.035003429984935316,0.03601314003012938,stop,-0.95237695264484,-1.03237695264484,15
1000XEC,short,2023-12-13 15:40:00+00:00,2023-12-13 15:45:00+00:00,2023-12-13 16:20:00+00:00,235334,235335,235342,0.03216,0.032423665876382,0.032423665876382,0.031662668247235994,stop,-0.8131895924021859,-0.893189592402186,8
1000XEC,long,2023-12-14 15:20:00+00:00,2023-12-14 15:25:00+00:00,2023-12-14 17:50:00+00:00,235618,235619,235648,0.03426,0.034039546917084815,0.034039546917084815,0.03470090616583037,stop,-0.6434707615738056,-0.7234707615738056,30
1000XEC,long,2023-12-14 19:00:00+00:00,2023-12-14 19:05:00+00:00,2023-12-14 22:05:00+00:00,235662,235663,235699,0.03423,0.034030729295360274,0.034030729295360274,0.03462854140927944,stop,-0.5821522192220985,-0.6621522192220985,37
1000XEC,short,2023-12-15 16:35:00+00:00,2023-12-15 16:40:00+00:00,2023-12-15 16:55:00+00:00,235921,235922,235925,0.03463,0.03436345145571655,0.03474827427214172,0.03436345145571655,take_profit,0.7756745408037613,0.6956745408037612,4
1000XEC,short,2023-12-15 18:35:00+00:00,2023-12-15 18:40:00+00:00,2023-12-15 21:00:00+00:00,235945,235946,235974,0.03463,0.034295481195514815,0.03478225940224259,0.034295481195514815,take_profit,0.9754019854048224,0.8954019854048223,29
1000XEC,long,2023-12-16 15:40:00+00:00,2023-12-16 15:45:00+00:00,2023-12-16 19:55:00+00:00,236198,236199,236249,0.03356,0.03388564966437999,0.03339717516781,0.03388564966437999,take_profit,0.9703506089987934,0.8903506089987934,51
1000XEC,short,2023-12-17 15:40:00+00:00,2023-12-17 15:45:00+00:00,2023-12-17 15:55:00+00:00,236486,236487,236489,0.03313,0.03334045965573787,0.03334045965573787,0.03273908068852427,stop,-0.6312440137628661,-0.7112440137628662,3
1000XEC,short,2023-12-17 16:50:00+00:00,2023-12-17 16:55:00+00:00,2023-12-17 17:40:00+00:00,236500,236501,236510,0.03315,0.03331172992571842,0.03331172992571842,0.032796540148563175,stop,-0.4855044336606329,-0.565504433660633,10
1000XEC,short,2023-12-18 16:45:00+00:00,2023-12-18 16:50:00+00:00,2023-12-18 18:10:00+00:00,236787,236788,236804,0.03166,0.031176542271984693,0.03191672886400765,0.031176542271984693,take_profit,1.5507099016870196,1.4707099016870195,17
1000XEC,long,2023-12-19 16:45:00+00:00,2023-12-19 16:50:00+00:00,2023-12-19 17:50:00+00:00,237075,237076,237088,0.03254,0.03241626490322784,0.03241626490322784,0.03278747019354432,stop,-0.38025536807670957,-0.4602553680767096,13
1000XEC,long,2023-12-19 20:20:00+00:00,2023-12-19 20:25:00+00:00,2023-12-19 21:15:00+00:00,237118,237119,237129,0.03255,0.03244171276674468,0.03244171276674468,0.03279657446651064,stop,-0.3326796720593661,-0.4126796720593661,11
1000XEC,long,2023-12-20 15:20:00+00:00,2023-12-20 15:25:00+00:00,2023-12-20 16:10:00+00:00,237346,237347,237356,0.03242,0.032236467605967795,0.032236467605967795,0.0327870647880644,stop,-0.5661085565459634,-0.6461085565459634,10
1000XEC,long,2023-12-20 16:45:00+00:00,2023-12-20 16:50:00+00:00,2023-12-20 19:05:00+00:00,237363,237364,237391,0.03237,0.03260713674027662,0.03226643162986169,0.03260713674027662,take_profit,0.7325818358869807,0.6525818358869806,28
1000XEC,long,2023-12-21 16:20:00+00:00,2023-12-21 16:25:00+00:00,2023-12-21 17:00:00+00:00,237646,237647,237654,0.0332,0.033107101562845735,0.033107101562845735,0.03341579687430854,stop,-0.27981456974176533,-0.35981456974176534,8
1000XEC,long,2023-12-21 17:20:00+00:00,2023-12-21 17:25:00+00:00,2023-12-21 17:55:00+00:00,237658,237659,237665,0.03323,0.03312226204135143,0.03312226204135143,0.03344547591729715,stop,-0.32421895470531314,-0.40421895470531316,7
1000XEC,long,2023-12-21 19:00:00+00:00,2023-12-21 19:05:00+00:00,2023-12-21 23:15:00+00:00,237678,237679,237729,0.03328,0.03310362282627236,0.03310362282627236,0.03363275434745527,stop,-0.529979488364285,-0.6099794883642851,51
1000XEC,long,2023-12-22 15:25:00+00:00,2023-12-22 15:30:00+00:00,2023-12-22 15:50:00+00:00,237923,237924,237928,0.03381,0.03408620104626766,0.03367189947686617,0.03408620104626766,take_profit,0.816921166127349,0.7369211661273489,5
1000XEC,short,2023-12-22 16:30:00+00:00,2023-12-22 16:35:00+00:00,2023-12-22 17:30:00+00:00,237936,237937,237948,0.03356,0.03391011755811585,0.03391011755811585,0.0329197648837683,stop,-1.032487007795857,-1.112487007795857,12
1000XEC,long,2023-12-22 17:45:00+00:00,2023-12-22 17:50:00+00:00,2023-12-22 21:50:00+00:00,237951,237952,238000,0.03379,0.03353811979736412,0.03353811979736412,0.034323760405271755,stop,-0.7454282410058743,-0.8254282410058744,49
1000XEC,short,2023-12-23 16:20:00+00:00,2023-12-23 16:25:00+00:00,2023-12-23 17:55:00+00:00,238222,238223,238241,0.03301,0.03310065467650319,0.03310065467650319,0.03282869064699362,stop,-0.27387578097524123,-0.35387578097524125,19
1000XEC,short,2023-12-23 18:00:00+00:00,2023-12-23 18:05:00+00:00,2023-12-23 19:20:00+00:00,238242,238243,238258,0.03303,0.03317175000661062,0.03317175000661062,0.03277649998677876,stop,-0.42732146052703035,-0.5073214605270304,16
1000XEC,short,2023-12-23 20:05:00+00:00,2023-12-23 20:10:00+00:00,2023-12-23 20:45:00+00:00,238267,238268,238275,0.033,0.03311242312664964,0.03311242312664964,0.03277515374670073,stop,-0.339519479500594,-0.41951947950059404,8
1000XEC,short,2023-12-24 19:35:00+00:00,2023-12-24 19:40:00+00:00,2023-12-24 21:05:00+00:00,238549,238550,238567,0.03262,0.033041112795562065,0.033041112795562065,0.03177777440887588,stop,-1.2745115401156304,-1.3545115401156305,18
1000XEC,long,2023-12-25 15:15:00+00:00,2023-12-25 15:20:00+00:00,2023-12-25 16:45:00+00:00,238785,238786,238803,0.03317,0.033391899552229216,0.03305905022388539,0.033391899552229216,take_profit,0.6689766422345977,0.5889766422345977,18
1000XEC,long,2023-12-25 19:20:00+00:00,2023-12-25 19:25:00+00:00,2023-12-25 21:20:00+00:00,238834,238835,238858,0.03317,0.033567907919159305,0.032971046040420345,0.033567907919159305,take_profit,1.1996018063289426,1.1196018063289426,24
1000XEC,long,2023-12-27 16:10:00+00:00,2023-12-27 16:15:00+00:00,2023-12-27 17:00:00+00:00,239372,239373,239382,0.03498,0.033969296225506575,0.033969296225506575,0.03700140754898684,stop,-2.889376142062383,-2.969376142062383,10
1000XEC,long,2023-12-27 18:25:00+00:00,2023-12-27 18:30:00+00:00,2023-12-28 00:15:00+00:00,239399,239400,239469,0.0348,0.03439611133097338,0.03439611133097338,0.03563777733805324,stop,-1.160599623639702,-1.240599623639702,70
1000XEC,long,2023-12-28 15:10:00+00:00,2023-12-28 15:15:00+00:00,2023-12-28 17:55:00+00:00,239648,239649,239681,0.03966,0.038204488338138796,0.038204488338138796,0.04257102332372241,stop,-3.669973933084225,-3.749973933084225,33
1000XEC,long,2023-12-28 19:05:00+00:00,2023-12-28 19:10:00+00:00,2023-12-28 21:30:00+00:00,239695,239696,239724,0.03941,0.038360547047742576,0.038360547047742576,0.04147890590451484,stop,-2.662910307681865,-2.742910307681865,29
1000XEC,short,2023-12-29 16:15:00+00:00,2023-12-29 16:20:00+00:00,2023-12-29 17:15:00+00:00,239949,239950,239961,0.03635,0.03659890524529972,0.03659890524529972,0.03585218950940056,stop,-0.6800893186051926,-0.7600893186051927,12
1000XEC,short,2023-12-29 17:20:00+00:00,2023-12-29 17:25:00+00:00,2023-12-29 18:25:00+00:00,239962,239963,239975,0.03637,0.03665565468588022,0.03665565468588022,0.03579869062823955,stop,-0.7792922765345045,-0.8592922765345046,13
1000XEC,short,2024-01-02 19:30:00+00:00,2024-01-02 19:35:00+00:00,2024-01-02 23:45:00+00:00,241140,241141,241191,0.03861,0.03787945648121205,0.03899027175939398,0.03787945648121205,take_profit,1.928600847666062,1.8486008476660623,51
1000XEC,long,2024-01-03 15:15:00+00:00,2024-01-03 15:20:00+00:00,2024-01-03 19:40:00+00:00,241377,241378,241430,0.03787,0.03761928484699498,0.03761928484699498,0.03834143030601004,stop,-0.6620415975839067,-0.7420415975839068,53
1000XEC,short,2024-01-04 17:15:00+00:00,2024-01-04 17:20:00+00:00,2024-01-04 20:30:00+00:00,241689,241690,241728,0.03456,0.03518197233050719,0.03518197233050719,0.03328605533898561,stop,-1.7678722632837207,-1.8478722632837206,39
1000XEC,short,2024-01-05 15:20:00+00:00,2024-01-05 15:25:00+00:00,2024-01-05 15:50:00+00:00,241954,241955,241960,0.0343,0.034464637760165916,0.034464637760165916,0.03400072447966817,stop,-0.4777005384812294,-0.5577005384812295,6
1000XEC,short,2024-01-05 16:50:00+00:00,2024-01-05 16:55:00+00:00,2024-01-05 17:10:00+00:00,241972,241973,241976,0.03431,0.034487109576053235,0.034487109576053235,0.03395578084789353,stop,-0.513552971618747,-0.5935529716187471,4
1000XEC,short,2024-01-05 19:35:00+00:00,2024-01-05 19:40:00+00:00,2024-01-05 19:55:00+00:00,242005,242006,242009,0.0343,0.033929001902894634,0.03448549904855268,0.033929001902894634,take_profit,1.09345420229916,1.01345420229916,4
1000XEC,short,2024-01-06 15:20:00+00:00,2024-01-06 15:25:00+00:00,2024-01-06 16:55:00+00:00,242242,242243,242261,0.03262,0.03310998872182936,0.03310998872182936,0.03164002255634129,stop,-1.4798818747597697,-1.5598818747597698,19
1000XEC,long,2024-01-07 15:10:00+00:00,2024-01-07 15:15:00+00:00,2024-01-07 15:35:00+00:00,242528,242529,242533,0.03397,0.033814362372082934,0.033814362372082934,0.03431127525583414,stop,-0.45816198974703015,-0.5381619897470302,5
1000XEC,short,2024-01-07 17:40:00+00:00,2024-01-07 17:45:00+00:00,2024-01-07 18:30:00+00:00,242558,242559,242568,0.03364,0.033096999992277186,0.03389650000386141,0.033096999992277186,take_profit,1.6406321051742445,1.5606321051742444,10
1000XEC,long,2024-01-08 15:20:00+00:00,2024-01-08 15:25:00+00:00,2024-01-08 18:55:00+00:00,242818,242819,242861,0.03126,0.030726213326203306,0.030726213326203306,0.03229757334759339,stop,-1.7075709334507305,-1.7875709334507304,43
1000XEC,short,2024-01-09 18:40:00+00:00,2024-01-09 18:45:00+00:00,2024-01-09 20:25:00+00:00,243146,243147,243167,0.03404,0.03442786860830096,0.03442786860830096,0.033264262783398085,stop,-1.1266123172302245,-1.2066123172302246,21
1000XEC,long,2024-01-10 16:25:00+00:00,2024-01-10 16:30:00+00:00,2024-01-10 17:55:00+00:00,243407,243408,243425,0.03426,0.03376316566386017,0.03376316566386017,0.03525366867227965,stop,-1.4501877879154246,-1.5301877879154246,18
1000XEC,long,2024-01-10 18:25:00+00:00,2024-01-10 18:30:00+00:00,2024-01-10 21:25:00+00:00,243431,243432,243467,0.03427,0.03387268807555666,0.03387268807555666,0.03506462384888668,stop,-1.1593578186266051,-1.2393578186266052,36
1000XEC,short,2024-01-11 15:05:00+00:00,2024-01-11 15:10:00+00:00,2024-01-11 17:15:00+00:00,243679,243680,243705,0.03512,0.03542276127826661,0.03542276127826661,0.03451447744346678,stop,-0.8547082930329464,-0.9347082930329464,26
1000XEC,long,2024-01-11 17:25:00+00:00,2024-01-11 17:30:00+00:00,2024-01-11 17:40:00+00:00,243707,243708,243710,0.0356,0.03543618475111676,0.03543618475111676,0.03589763049776647,stop,-0.4601551934922399,-0.54015519349224,3
1000XEC,long,2024-01-11 17:50:00+00:00,2024-01-11 17:55:00+00:00,2024-01-11 18:55:00+00:00,243712,243713,243725,0.03557,0.035376803331194584,0.035376803331194584,0.035956393337610824,stop,-0.54314497836776,-0.6231449783677601,13
1000XEC,short,2024-01-12 16:30:00+00:00,2024-01-12 16:35:00+00:00,2024-01-12 17:35:00+00:00,243984,243985,243997,0.03783,0.03713100572805608,0.03819449713597196,0.03713100572805608,take_profit,1.8825083194979664,1.8025083194979665,13
1000XEC,short,2024-01-12 20:05:00+00:00,2024-01-12 20:10:00+00:00,2024-01-13 00:20:00+00:00,244027,244028,244078,0.03779,0.03688626019499968,0.03822686990250016,0.03688626019499968,take_profit,2.4500716533004008,2.3700716533004007,51
1000XEC,short,2024-01-13 18:15:00+00:00,2024-01-13 18:20:00+00:00,2024-01-13 22:30:00+00:00,244293,244294,244344,0.03465,0.03492246383178726,0.03492246383178726,0.034075072336425476,stop,-0.7801964749670764,-0.8601964749670765,51
1000XEC,long,2024-01-14 15:05:00+00:00,2024-01-14 15:10:00+00:00,2024-01-14 16:10:00+00:00,244543,244544,244556,0.03503,0.03527120613629013,0.03492439693185494,0.03527120613629013,take_profit,0.6885701863834859,0.6085701863834858,13
1000XEC,long,2024-01-14 20:15:00+00:00,2024-01-14 20:20:00+00:00,2024-01-14 20:45:00+00:00,244605,244606,244611,0.03514,0.03486945025298265,0.03486945025298265,0.0356510994940347,stop,-0.7699195987972307,-0.8499195987972308,6
1000XEC,long,2024-01-15 15:05:00+00:00,2024-01-15 15:10:00+00:00,2024-01-15 15:35:00+00:00,244831,244832,244837,0.03462,0.03446981499992237,0.03446981499992237,0.03492037000015526,stop,-0.4338099366771542,-0.5138099366771542,6
1000XEC,short,2024-01-15 17:05:00+00:00,2024-01-15 17:10:00+00:00,2024-01-15 17:35:00+00:00,244855,244856,244861,0.03432,0.03459891573096868,0.03459891573096868,0.033762168538062645,stop,-0.8061400916070549,-0.886140091607055,6
1000XEC,long,2024-01-15 17:50:00+00:00,2024-01-15 17:55:00+00:00,2024-01-15 20:00:00+00:00,244864,244865,244890,0.03462,0.03434889891017599,0.03434889891017599,0.03519220217964802,stop,-0.7830765159561048,-0.8630765159561049,26
1000XEC,short,2024-01-16 15:25:00+00:00,2024-01-16 15:30:00+00:00,2024-01-16 15:40:00+00:00,245123,245124,245126,0.0341,0.03422755050185522,0.03422755050185522,0.033844898996289556,stop,-0.3726544844285806,-0.45265448442858064,3
1000XEC,long,2024-01-16 17:55:00+00:00,2024-01-16 18:00:00+00:00,2024-01-16 19:30:00+00:00,245153,245154,245172,0.03456,0.03435160710044394,0.03435160710044394,0.035006785799112115,stop,-0.6029887139932355,-0.6829887139932356,19
1000XEC,long,2024-01-16 19:35:00+00:00,2024-01-16 19:40:00+00:00,2024-01-16 20:05:00+00:00,245173,245174,245179,0.03451,0.03431577445330256,0.03431577445330256,0.03489845109339487,stop,-0.5628094659444693,-0.6428094659444694,6
1000XEC,short,2024-01-17 16:45:00+00:00,2024-01-17 16:50:00+00:00,2024-01-17 18:05:00+00:00,245427,245428,245443,0.03394,0.03410894691768131,0.03410894691768131,0.03366210616463738,stop,-0.49531554899377994,-0.57531554899378,16
1000XEC,short,2024-01-17 19:05:00+00:00,2024-01-17 19:10:00+00:00,2024-01-17 19:20:00+00:00,245455,245456,245458,0.03398,0.03412575981908826,0.03412575981908826,0.03368848036182349,stop,-0.4271254907172173,-0.5071254907172174,3
1000XEC,long,2024-01-18 15:05:00+00:00,2024-01-18 15:10:00+00:00,2024-01-18 15:30:00+00:00,245695,245696,245700,0.03367,0.03359037792491362,0.03359037792491362,0.03385924415017276,stop,-0.2364777994843359,-0.3164777994843359,5
1000XEC,long,2024-01-18 16:00:00+00:00,2024-01-18 16:05:00+00:00,2024-01-18 17:10:00+00:00,245706,245707,245720,0.03369,0.03359336938013978,0.03359336938013978,0.033883261239720436,stop,-0.2868228550318208,-0.3668228550318208,14
1000XEC,short,2024-01-18 19:35:00+00:00,2024-01-18 19:40:00+00:00,2024-01-18 21:15:00+00:00,245749,245750,245769,0.0333,0.03296341398532715,0.033453293007336425,0.03296341398532715,take_profit,1.0210896687542048,0.9410896687542047,20
1000XEC,short,2024-01-19 17:10:00+00:00,2024-01-19 17:15:00+00:00,2024-01-19 17:50:00+00:00,246008,246009,246016,0.0317,0.03185585717130352,0.03185585717130352,0.031358285657392966,stop,-0.4892575028366264,-0.5692575028366265,8
1000XEC,long,2024-01-20 15:10:00+00:00,2024-01-20 15:15:00+00:00,2024-01-20 15:35:00+00:00,246272,246273,246277,0.03181,0.031722252841554034,0.031722252841554034,0.032015494316891935,stop,-0.27584771595713375,-0.35584771595713377,5
1000XEC,long,2024-01-20 15:45:00+00:00,2024-01-20 15:50:00+00:00,2024-01-20 16:50:00+00:00,246279,246280,246292,0.03183,0.031728646171334474,0.031728646171334474,0.032002707657331056,stop,-0.31842233322502134,-0.39842233322502135,13
1000XEC,short,2024-01-21 15:15:00+00:00,2024-01-21 15:20:00+00:00,2024-01-21 17:20:00+00:00,246561,246562,246586,0.03226,0.032463997071258334,0.032463997071258334,0.03188200585748333,stop,-0.6283794038379309,-0.708379403837931,25
1000XEC,long,2024-01-21 18:15:00+00:00,2024-01-21 18:20:00+00:00,2024-01-21 20:45:00+00:00,246597,246598,246627,0.03246,0.03235151817454391,0.03235151817454391,0.03264696365091218,stop,-0.33420155716602507,-0.4142015571660251,30
1000XEC,short,2024-01-22 16:50:00+00:00,2024-01-22 16:55:00+00:00,2024-01-22 19:25:00+00:00,246868,246869,246899,0.03124,0.030829321220798227,0.03143033938960089,0.030829321220798227,take_profit,1.3321045126505116,1.2521045126505115,31
1000XEC,short,2024-01-23 15:45:00+00:00,2024-01-23 15:50:00+00:00,2024-01-23 16:40:00+00:00,247143,247144,247154,0.03054,0.030329480079976018,0.030660259960011992,0.030329480079976018,take_profit,0.694109887373151,0.614109887373151,11
1000XEC,short,2024-01-24 15:05:00+00:00,2024-01-24 15:10:00+00:00,2024-01-24 15:25:00+00:00,247423,247424,247427,0.02974,0.02988066545108596,0.02988066545108596,0.029458669097828075,stop,-0.47075742444969704,-0.5507574244496971,4
1000XEC,long,2024-01-24 15:55:00+00:00,2024-01-24 16:00:00+00:00,2024-01-24 16:20:00+00:00,247433,247434,247438,0.03003,0.03027207868758783,0.029923960656206085,0.03027207868758783,take_profit,0.8061228357903127,0.7261228357903127,5
1000XEC,long,2024-01-26 19:35:00+00:00,2024-01-26 19:40:00+00:00,2024-01-26 20:00:00+00:00,248053,248054,248058,0.03019,0.030467188496842927,0.030036405751578534,0.030467188496842927,take_profit,0.9181467268728927,0.8381467268728926,5
1000XEC,long,2024-01-27 15:20:00+00:00,2024-01-27 15:25:00+00:00,2024-01-27 15:30:00+00:00,248290,248291,248292,0.0316,0.03204005406027734,0.03139497296986133,0.03204005406027734,take_profit,1.3925761401181402,1.3125761401181402,2
1000XEC,short,2024-01-27 16:20:00+00:00,2024-01-27 16:25:00+00:00,2024-01-27 16:55:00+00:00,248302,248303,248309,0.03131,0.031627999039618264,0.031627999039618264,0.030614001920763467,stop,-1.0054352133371802,-1.0854352133371803,7
1000XEC,short,2024-01-27 17:55:00+00:00,2024-01-27 18:00:00+00:00,2024-01-27 18:45:00+00:00,248321,248322,248331,0.03132,0.03156464552114639,0.03156464552114639,0.030830708957707217,stop,-0.7750618361371919,-0.855061836137192,10
1000XEC,long,2024-01-27 19:10:00+00:00,2024-01-27 19:15:00+00:00,2024-01-27 19:25:00+00:00,248336,248337,248339,0.03164,0.031493383507161216,0.031493383507161216,0.03193323298567757,stop,-0.463389673953174,-0.5433896739531741,3
1000XEC,short,2024-01-28 15:35:00+00:00,2024-01-28 15:40:00+00:00,2024-01-29 03:20:00+00:00,248581,248582,248722,0.03149,0.03103137831850232,0.03173431084074884,0.03103137831850232,take_profit,1.4779288138297986,1.3979288138297985,141
1000XEC,short,2024-01-29 15:40:00+00:00,2024-01-29 15:45:00+00:00,2024-01-29 17:15:00+00:00,248870,248871,248889,0.03088,0.030682792872602067,0.030993603563698967,0.030682792872602067,take_profit,0.642728737950149,0.5627287379501489,19
1000XEC,short,2024-01-30 15:25:00+00:00,2024-01-30 15:30:00+00:00,2024-01-30 15:35:00+00:00,249155,249156,249157,0.03126,0.03112121398377264,0.03131439300811368,0.03112121398377264,take_profit,0.44595309263877336,0.36595309263877335,2
1000XEC,long,2024-01-30 16:25:00+00:00,2024-01-30 16:30:00+00:00,2024-01-30 17:00:00+00:00,249167,249168,249174,0.03138,0.031259639177231194,0.031259639177231194,0.03162072164553761,stop,-0.3835590273065792,-0.4635590273065792,7
1000XEC,long,2024-01-30 17:10:00+00:00,2024-01-30 17:15:00+00:00,2024-01-30 21:25:00+00:00,249176,249177,249227,0.0314,0.03127691541457934,0.03127691541457934,0.03161616917084133,stop,-0.3919891255435015,-0.47198912554350153,51
1000XEC,short,2024-01-31 17:40:00+00:00,2024-01-31 17:45:00+00:00,2024-01-31 18:25:00+00:00,249470,249471,249479,0.03039,0.030010809017793162,0.03057959549110342,0.030010809017793162,take_profit,1.263514695595247,1.183514695595247,9
1000XEC,long,2024-02-02 15:25:00+00:00,2024-02-02 15:30:00+00:00,2024-02-02 17:15:00+00:00,250019,250020,250041,0.02997,0.029851946615376903,0.029851946615376903,0.030236106769246193,stop,-0.39390518726425405,-0.47390518726425407,22
1000XEC,long,2024-02-02 17:30:00+00:00,2024-02-02 17:35:00+00:00,2024-02-02 17:45:00+00:00,250044,250045,250047,0.02994,0.02982157451882222,0.02982157451882222,0.03017685096235556,stop,-0.39554268930453995,-0.47554268930453997,3
1000XEC,short,2024-02-02 18:15:00+00:00,2024-02-02 18:20:00+00:00,2024-02-02 18:25:00+00:00,250053,250054,250055,0.02979,0.029890837633805678,0.029890837633805678,0.029588324732388645,stop,-0.3373529876982584,-0.4173529876982584,2
1000XEC,short,2024-02-04 15:25:00+00:00,2024-02-04 15:30:00+00:00,2024-02-04 18:20:00+00:00,250595,250596,250630,0.02974,0.029854096533268044,0.029854096533268044,0.029541806933463907,stop,-0.38218049285431155,-0.46218049285431156,35
1000XEC,long,2024-02-05 15:05:00+00:00,2024-02-05 15:10:00+00:00,2024-02-05 18:35:00+00:00,250879,250880,250921,0.02979,0.029685048676670708,0.029685048676670708,0.029999902646658586,stop,-0.3523038715317006,-0.43230387153170063,42
1000XEC,long,2024-02-05 19:00:00+00:00,2024-02-05 19:05:00+00:00,2024-02-05 20:00:00+00:00,250926,250927,250938,0.02985,0.029651518870005417,0.029651518870005417,0.03024696225998917,stop,-0.6649284086920781,-0.7449284086920782,12
1000XEC,short,2024-02-05 20:05:00+00:00,2024-02-05 20:10:00+00:00,2024-02-05 21:00:00+00:00,250939,250940,250950,0.02965,0.02986008460271271,0.02986008460271271,0.029199830794574576,stop,-0.7035633204255154,-0.7835633204255155,11
1000XEC,short,2024-02-06 16:00:00+00:00,2024-02-06 16:05:00+00:00,2024-02-06 17:05:00+00:00,251178,251179,251191,0.02948,0.029644283540961797,0.029644283540961797,0.029151432918076405,stop,-0.5541828687976036,-0.6341828687976037,13
1000XEC,long,2024-02-06 20:45:00+00:00,2024-02-06 20:50:00+00:00,2024-02-06 21:00:00+00:00,251235,251236,251238,0.02963,0.02950711568479418,0.02950711568479418,0.02987576863041164,stop,-0.4147293797023943,-0.49472937970239433,3
1000XEC,short,2024-02-07 15:05:00+00:00,2024-02-07 15:10:00+00:00,2024-02-07 19:15:00+00:00,251455,251456,251505,0.02923,0.028995910001690807,0.029347044999154595,0.028995910001690807,take_profit,0.8073207507387936,0.7273207507387935,50
1000XEC,long,2024-02-08 15:10:00+00:00,2024-02-08 15:15:00+00:00,2024-02-08 15:40:00+00:00,251744,251745,251750,0.03204,0.03129433969469929,0.03129433969469929,0.03353132061060142,stop,-2.327279354871137,-2.407279354871137,6
1000XEC,long,2024-02-08 17:10:00+00:00,2024-02-08 17:15:00+00:00,2024-02-08 22:30:00+00:00,251768,251769,251832,0.03233,0.03148605042341988,0.03148605042341988,0.03398789915316025,stop,-2.6104224453452507,-2.6904224453452508,64
1000XEC,long,2024-02-09 15:55:00+00:00,2024-02-09 16:00:00+00:00,2024-02-10 17:30:00+00:00,252041,252042,252348,0.03378,0.032949139261212554,0.032949139261212554,0.035411721477574896,stop,-2.459623264616473,-2.539623264616473,307
1000XEC,short,2024-02-11 16:35:00+00:00,2024-02-11 16:40:00+00:00,2024-02-11 18:10:00+00:00,252625,252626,252644,0.03298,0.03329082105899582,0.03329082105899582,0.03232835788200836,stop,-0.9336539295471291,-1.0136539295471292,19
1000XEC,short,2024-02-12 15:40:00+00:00,2024-02-12 15:45:00+00:00,2024-02-12 16:25:00+00:00,252902,252903,252911,0.03265,0.032807097965214055,0.032807097965214055,0.032335804069571886,stop,-0.4788535864422738,-0.5588535864422739,9
1000XEC,short,2024-02-12 18:35:00+00:00,2024-02-12 18:40:00+00:00,2024-02-12 19:40:00+00:00,252937,252938,252950,0.03265,0.03276631662257571,0.03276631662257571,0.03238736675484859,stop,-0.3549883983467672,-0.4349883983467672,13
1000XEC,short,2024-02-12 19:55:00+00:00,2024-02-12 20:00:00+00:00,2024-02-12 23:10:00+00:00,252953,252954,252992,0.03265,0.03276028746986852,0.03276028746986852,0.03239942506026297,stop,-0.33664988431483245,-0.41664988431483246,39
1000XEC,long,2024-02-13 17:30:00+00:00,2024-02-13 17:35:00+00:00,2024-02-13 19:45:00+00:00,253212,253213,253239,0.03367,0.033425905713373776,0.033425905713373776,0.034188188573252454,stop,-0.7249607562406335,-0.8049607562406336,27
1000XEC,short,2024-02-13 19:50:00+00:00,2024-02-13 19:55:00+00:00,2024-02-13 22:30:00+00:00,253240,253241,253272,0.03336,0.03300548144764017,0.03352225927617991,0.03300548144764017,take_profit,1.0741202273393258,0.9941202273393257,32
1000XEC,long,2024-02-14 15:10:00+00:00,2024-02-14 15:15:00+00:00,2024-02-14 15:45:00+00:00,253472,253473,253479,0.03343,0.033281524664332054,0.033281524664332054,0.033696950671335886,stop,-0.44413800678416715,-0.5241380067841672,7
1000XEC,long,2024-02-14 16:25:00+00:00,2024-02-14 16:30:00+00:00,2024-02-14 17:55:00+00:00,253487,253488,253505,0.03341,0.03363837858626619,0.03329581070686691,0.03363837858626619,take_profit,0.6835635626045722,0.6035635626045721,18
1000XEC,long,2024-02-15 18:30:00+00:00,2024-02-15 18:35:00+00:00,2024-02-15 21:00:00+00:00,253800,253801,253830,0.03392,0.034295507482400865,0.033732246258799566,0.034295507482400865,take_profit,1.1070385683987771,1.027038568398777,30
1000XEC,long,2024-02-16 15:05:00+00:00,2024-02-16 15:10:00+00:00,2024-02-16 15:15:00+00:00,254047,254048,254049,0.03461,0.03479216285277932,0.03451891857361034,0.03479216285277932,take_profit,0.5263301149359023,0.4463301149359023,2
1000XEC,long,2024-02-16 16:15:00+00:00,2024-02-16 16:20:00+00:00,2024-02-16 16:55:00+00:00,254061,254062,254069,0.03464,0.03447897449535955,0.03447897449535955,0.034962051009280896,stop,-0.4648542281768142,-0.5448542281768143,8
1000XEC,long,2024-02-16 17:05:00+00:00,2024-02-16 17:10:00+00:00,2024-02-16 18:10:00+00:00,254071,254072,254084,0.03464,0.03440974199361372,0.03440974199361372,0.03513051601277256,stop,-0.6647171085054193,-0.7447171085054194,13
1000XEC,long,2024-02-16 18:35:00+00:00,2024-02-16 18:40:00+00:00,2024-02-16 19:00:00+00:00,254089,254090,254094,0.03458,0.03444755640276362,0.03444755640276362,0.03487488719447277,stop,-0.3830063540670392,-0.4630063540670392,5
1000XEC,short,2024-02-17 15:20:00+00:00,2024-02-17 15:25:00+00:00,2024-02-17 17:35:00+00:00,254338,254339,254365,0.03364,0.03341290643463973,0.03375354678268014,0.03341290643463973,take_profit,0.6796582207073021,0.599658220707302,27
1000XEC,long,2024-02-18 15:50:00+00:00,2024-02-18 15:55:00+00:00,2024-02-18 16:05:00+00:00,254632,254633,254635,0.03347,0.03442876252011571,0.03297561873994214,0.03442876252011571,take_profit,2.8645429343164386,2.7845429343164385,3
1000XEC,long,2024-02-19 15:05:00+00:00,2024-02-19 15:10:00+00:00,2024-02-19 16:00:00+00:00,254911,254912,254922,0.0342,0.034459562750648105,0.03408521862467594,0.034459562750648105,take_profit,0.7589554112517716,0.6789554112517715,11
1000XEC,short,2024-02-19 17:45:00+00:00,2024-02-19 17:50:00+00:00,2024-02-19 18:25:00+00:00,254943,254944,254951,0.03396,0.03419376609417308,0.03419376609417308,0.03349246781165383,stop,-0.6836512056883959,-0.763651205688396,8
1000XEC,short,2024-02-19 18:55:00+00:00,2024-02-19 19:00:00+00:00,2024-02-19 19:50:00+00:00,254957,254958,254968,0.03402,0.0341344000662999,0.0341344000662999,0.03379119986740021,stop,-0.33514597027543,-0.41514597027543004,11
1000XEC,long,2024-02-19 20:25:00+00:00,2024-02-19 20:30:00+00:00,2024-02-19 21:00:00+00:00,254975,254976,254982,0.03419,0.03408176595793339,0.03408176595793339,0.03443646808413322,stop,-0.31656637047852154,-0.39656637047852156,7
1000XEC,long,2024-02-20 15:05:00+00:00,2024-02-20 15:10:00+00:00,2024-02-20 17:00:00+00:00,255199,255200,255222,0.03443,0.034290261811000325,0.034290261811000325,0.03467947637799935,stop,-0.4058617165253464,-0.48586171652534643,23
1000XEC,short,2024-02-20 17:05:00+00:00,2024-02-20 17:10:00+00:00,2024-02-20 17:20:00+00:00,255223,255224,255226,0.03424,0.03395518408125576,0.03438240795937212,0.03395518408125576,take_profit,0.8387995130954673,0.7587995130954672,3
1000XEC,short,2024-02-21 15:25:00+00:00,2024-02-21 15:30:00+00:00,2024-02-21 15:35:00+00:00,255491,255492,255493,0.03309,0.03291423008893345,0.033162884955533274,0.03291423008893345,take_profit,0.534024069806982,0.454024069806982,2
1000XEC,long,2024-02-22 15:25:00+00:00,2024-02-22 15:30:00+00:00,2024-02-22 15:45:00+00:00,255779,255780,255783,0.03266,0.032805904792570936,0.03257204760371453,0.032805904792570936,take_profit,0.44673849531822185,0.36673849531822184,4
1000XEC,short,2024-02-23 16:45:00+00:00,2024-02-23 16:50:00+00:00,2024-02-23 17:10:00+00:00,256083,256084,256088,0.03234,0.03254618570474901,0.03254618570474901,0.031957628590501976,stop,-0.6335172625740904,-0.7135172625740904,5
1000XEC,short,2024-02-23 17:25:00+00:00,2024-02-23 17:30:00+00:00,2024-02-23 17:50:00+00:00,256091,256092,256096,0.03239,0.03212479136128679,0.0325376043193566,0.03212479136128679,take_profit,0.8255575444228613,0.7455575444228613,5
1000XEC,long,2024-02-23 20:55:00+00:00,2024-02-23 21:00:00+00:00,2024-02-23 21:15:00+00:00,256133,256134,256137,0.03262,0.03249298866294135,0.03249298866294135,0.03287402267411731,stop,-0.38936645327607433,-0.46936645327607435,4
1000XEC,long,2024-02-24 16:45:00+00:00,2024-02-24 16:50:00+00:00,2024-02-24 17:35:00+00:00,256371,256372,256381,0.03277,0.032675135529185016,0.032675135529185016,0.03292972894162996,stop,-0.2894857211320878,-0.36948572113208783,10
1000XEC,long,2024-02-24 18:05:00+00:00,2024-02-24 18:10:00+00:00,2024-02-25 02:50:00+00:00,256387,256388,256492,0.03277,0.033069743886303286,0.03262012805684836,0.033069743886303286,take_profit,0.9146899185330737,0.8346899185330736,105
1000XEC,long,2024-02-25 15:10:00+00:00,2024-02-25 15:15:00+00:00,2024-02-25 17:45:00+00:00,256640,256641,256671,0.03295,0.03288735382440106,0.03288735382440106,0.033105292351197885,stop,-0.19012496388145506,-0.27012496388145507,31
1000XEC,short,2024-02-25 17:55:00+00:00,2024-02-25 18:00:00+00:00,2024-02-25 18:40:00+00:00,256673,256674,256682,0.03283,0.03292086484927457,0.03292086484927457,0.03264827030145086,stop,-0.2760099094923141,-0.3560099094923141,9
1000XEC,long,2024-02-25 20:05:00+00:00,2024-02-25 20:10:00+00:00,2024-02-26 18:20:00+00:00,256699,256700,256966,0.03312,0.03286328056338739,0.03286328056338739,0.033663438873225225,stop,-0.7751190718979784,-0.8551190718979784,267
1000XEC,long,2024-02-27 16:35:00+00:00,2024-02-27 16:40:00+00:00,2024-02-27 17:20:00+00:00,257233,257234,257242,0.03611,0.03575827587567775,0.03575827587567775,0.0367834482486445,stop,-0.9740352376689354,-1.0540352376689355,9
1000XEC,long,2024-02-28 16:40:00+00:00,2024-02-28 16:45:00+00:00,2024-02-28 18:15:00+00:00,257522,257523,257541,0.0359,0.03653177778349212,0.03558411110825394,0.03653177778349212,take_profit,1.7598266949641284,1.6798266949641285,19
1000XEC,long,2024-02-29 15:30:00+00:00,2024-02-29 15:35:00+00:00,2024-02-29 15:55:00+00:00,257796,257797,257801,0.0373,0.03810609710991015,0.03688195144504492,0.03810609710991015,take_profit,2.1611182571317666,2.0811182571317666,5
1000XEC,long,2024-03-01 15:40:00+00:00,2024-03-01 15:45:00+00:00,2024-03-01 16:30:00+00:00,258086,258087,258096,0.03775,0.03725530816126896,0.03725530816126896,0.03873938367746208,stop,-1.3104419569034187,-1.3904419569034188,10
1000XEC,short,2024-03-01 16:40:00+00:00,2024-03-01 16:45:00+00:00,2024-03-01 17:35:00+00:00,258098,258099,258109,0.03717,0.03748554772065516,0.03748554772065516,0.03650890455868967,stop,-0.8417850074024291,-0.9217850074024292,11
1000XEC,long,2024-03-02 15:20:00+00:00,2024-03-02 15:25:00+00:00,2024-03-02 16:20:00+00:00,258370,258371,258382,0.0442,0.04317867503336476,0.04317867503336476,0.046242649933270485,stop,-2.3106899697629912,-2.3906899697629913,12
1000XEC,long,2024-03-02 17:55:00+00:00,2024-03-02 18:00:00+00:00,2024-03-02 21:00:00+00:00,258401,258402,258438,0.04505,0.04921522596545752,0.042952387017271235,0.04921522596545752,take_profit,9.245784607008932,9.165784607008934,37
1000XEC,short,2024-03-03 15:05:00+00:00,2024-03-03 15:10:00+00:00,2024-03-03 16:15:00+00:00,258655,258656,258669,0.04546,0.044086298400833786,0.0461318507995831,0.044086298400833786,take_profit,3.115937715333872,3.035937715333872,14
1000XEC,long,2024-03-04 15:05:00+00:00,2024-03-04 15:10:00+00:00,2024-03-04 17:20:00+00:00,258943,258944,258970,0.04461,0.045952694567399754,0.04393865271630012,0.045952694567399754,take_profit,3.009851081371351,2.9298510813713508,27
1000XEC,long,2024-03-05 15:30:00+00:00,2024-03-05 15:35:00+00:00,2024-03-05 16:55:00+00:00,259236,259237,259253,0.07547,0.07191222075792364,0.07191222075792364,0.0824955584841527,stop,-4.714163564431373,-4.794163564431373,17
1000XEC,long,2024-03-05 18:20:00+00:00,2024-03-05 18:25:00+00:00,2024-03-05 19:45:00+00:00,259270,259271,259287,0.07468,0.07887707394887913,0.07259646302556044,0.07887707394887913,take_profit,5.6200775962495175,5.5400775962495175,17
1000XEC,short,2024-03-06 15:20:00+00:00,2024-03-06 15:25:00+00:00,2024-03-06 17:00:00+00:00,259522,259523,259542,0.06725,0.06865951368371837,0.06865951368371837,0.06443097263256328,stop,-2.0529036809251444,-2.1329036809251445,20
1000XEC,long,2024-03-06 17:05:00+00:00,2024-03-06 17:10:00+00:00,2024-03-06 18:50:00+00:00,259543,259544,259564,0.06942,0.06762315171444684,0.06762315171444684,0.0730136965711063,stop,-2.588372638365244,-2.668372638365244,21
1000XEC,long,2024-03-06 19:55:00+00:00,2024-03-06 20:00:00+00:00,2024-03-06 21:15:00+00:00,259577,259578,259593,0.06998,0.06776683379420673,0.06776683379420673,0.07443633241158654,stop,-3.1625695995902703,-3.2425695995902704,16
1000XEC,long,2024-03-08 15:20:00+00:00,2024-03-08 15:25:00+00:00,2024-03-08 15:55:00+00:00,260098,260099,260105,0.06399,0.06501496009273595,0.06347751995363203,0.06501496009273595,take_profit,1.601750418402803,1.521750418402803,7
1000XEC,short,2024-03-10 14:50:00+00:00,2024-03-10 14:55:00+00:00,2024-03-10 18:15:00+00:00,260668,260669,260709,0.06754,0.06648811230733527,0.06806594384633237,0.06648811230733527,take_profit,1.5820688182610398,1.5020688182610398,41
1000XEC,long,2024-03-11 14:05:00+00:00,2024-03-11 14:10:00+00:00,2024-03-11 14:20:00+00:00,260947,260948,260950,0.06396,0.06347984756401548,0.06347984756401548,0.06495030487196904,stop,-0.7507073733341474,-0.8307073733341475,3
1000XEC,short,2024-03-11 14:50:00+00:00,2024-03-11 14:55:00+00:00,2024-03-11 15:55:00+00:00,260956,260957,260969,0.06333,0.06380461532173703,0.06380461532173703,0.06241076935652591,stop,-0.7438573516097113,-0.8238573516097114,13
1000XEC,long,2024-03-11 16:00:00+00:00,2024-03-11 16:05:00+00:00,2024-03-11 16:20:00+00:00,260970,260971,260974,0.06419,0.06548638779206946,0.06352680610396527,0.06548638779206946,take_profit,2.019610207305589,1.939610207305589,4
1000XEC,short,2024-03-12 15:10:00+00:00,2024-03-12 15:15:00+00:00,2024-03-12 17:10:00+00:00,261248,261249,261272,0.06411,0.06296300906541281,0.06469849546729359,0.06296300906541281,take_profit,1.8216901504747973,1.7416901504747975,24
1000XEC,long,2024-03-13 15:10:00+00:00,2024-03-13 15:15:00+00:00,2024-03-13 17:15:00+00:00,261536,261537,261561,0.06652,0.0677553584260069,0.06588732078699655,0.0677553584260069,take_profit,1.8571233102929963,1.7771233102929964,25
1000XEC,long,2024-03-13 17:55:00+00:00,2024-03-13 18:00:00+00:00,2024-03-13 18:30:00+00:00,261569,261570,261576,0.06657,0.06604324217185266,0.06604324217185266,0.0676235156562947,stop,-0.7912841041720631,-0.8712841041720631,7
1000XEC,long,2024-03-14 15:05:00+00:00,2024-03-14 15:10:00+00:00,2024-03-14 22:30:00+00:00,261823,261824,261912,0.06626,0.0650171572219259,0.0650171572219259,0.06871568555614821,stop,-1.8757059735498016,-1.9557059735498015,89
1000XEC,short,2024-03-15 17:40:00+00:00,2024-03-15 17:45:00+00:00,2024-03-15 18:05:00+00:00,262142,262143,262147,0.05735,0.055268785269895135,0.058375607365052436,0.055268785269895135,take_profit,3.7656241582687766,3.6856241582687765,5
1000XEC,short,2024-03-16 14:10:00+00:00,2024-03-16 14:15:00+00:00,2024-03-16 15:05:00+00:00,262388,262389,262399,0.05772,0.05825804752883524,0.05825804752883524,0.05664390494232952,stop,-0.923559150465747,-1.003559150465747,11
1000XEC,short,2024-03-16 15:30:00+00:00,2024-03-16 15:35:00+00:00,2024-03-16 16:05:00+00:00,262404,262405,262411,0.0577,0.05831444110266218,0.05831444110266218,0.056471117794675646,stop,-1.0536688529355187,-1.1336688529355188,7
1000XEC,short,2024-03-16 16:15:00+00:00,2024-03-16 16:20:00+00:00,2024-03-16 16:40:00+00:00,262413,262414,262418,0.05792,0.05850226110243276,0.05850226110243276,0.056755477795134485,stop,-0.9952796549406284,-1.0752796549406285,5
1000XEC,short,2024-03-17 14:30:00+00:00,2024-03-17 14:35:00+00:00,2024-03-17 15:35:00+00:00,262680,262681,262693,0.05123,0.05019747226423948,0.05171626386788026,0.05019747226423948,take_profit,2.0569317321902147,1.976931732190215,13
1000XEC,short,2024-03-17 18:00:00+00:00,2024-03-17 18:05:00+00:00,2024-03-17 18:15:00+00:00,262722,262723,262725,0.05116,0.05183415789601749,0.05183415789601749,0.04978168420796503,stop,-1.3006054759679753,-1.3806054759679753,3
1000XEC,short,2024-03-17 18:40:00+00:00,2024-03-17 18:45:00+00:00,2024-03-17 19:10:00+00:00,262730,262731,262736,0.05127,0.051887389384656195,0.051887389384656195,0.05003522123068762,stop,-1.189864034359689,-1.269864034359689,6
1000XEC,long,2024-03-17 19:15:00+00:00,2024-03-17 19:20:00+00:00,2024-03-17 21:45:00+00:00,262737,262738,262767,0.05222,0.05153321964500185,0.05153321964500185,0.0535635607099963,stop,-1.3151672826467897,-1.3951672826467898,30
1000XEC,long,2024-03-18 14:25:00+00:00,2024-03-18 14:30:00+00:00,2024-03-18 15:15:00+00:00,262967,262968,262977,0.054,0.05355348287289054,0.05355348287289054,0.054893034254218924,stop,-0.8268835687212261,-0.9068835687212262,10
1000XEC,short,2024-03-18 16:00:00+00:00,2024-03-18 16:05:00+00:00,2024-03-18 17:05:00+00:00,262986,262987,262999,0.05303,0.05228675133413611,0.05340162433293195,0.05228675133413611,take_profit,1.4214856477010818,1.3414856477010817,13
1000XEC,short,2024-03-19 14:10:00+00:00,2024-03-19 14:15:00+00:00,2024-03-19 16:05:00+00:00,263252,263253,263275,0.04756,0.046115305176815474,0.04831234741159226,0.046115305176815474,take_profit,3.132788165762479,3.052788165762479,23
1000XEC,short,2024-03-20 14:05:00+00:00,2024-03-20 14:10:00+00:00,2024-03-20 15:20:00+00:00,263539,263540,263554,0.04516,0.04583172806131994,0.04583172806131994,0.04378654387736013,stop,-1.4656398301657103,-1.5456398301657104,15
1000XEC,long,2024-03-21 15:00:00+00:00,2024-03-21 15:05:00+00:00,2024-03-22 03:35:00+00:00,263838,263839,263989,0.05183,0.05048143975362976,0.05048143975362976,0.054557120492740474,stop,-2.601891272178747,-2.681891272178747,151
1000XEC,long,2024-03-22 14:35:00+00:00,2024-03-22 14:40:00+00:00,2024-03-22 18:40:00+00:00,264121,264122,264170,0.05174,0.0512124690147234,0.0512124690147234,0.052795061970553205,stop,-1.0195805668276048,-1.0995805668276049,49
1000XEC,short,2024-03-22 19:05:00+00:00,2024-03-22 19:10:00+00:00,2024-03-22 20:00:00+00:00,264175,264176,264186,0.05094,0.05015413269587653,0.05131793365206174,0.05015413269587653,take_profit,1.5669043843082653,1.4869043843082652,11
1000XEC,long,2024-03-23 15:20:00+00:00,2024-03-23 15:25:00+00:00,2024-03-23 16:10:00+00:00,264418,264419,264428,0.05155,0.05224627925946945,0.05118686037026528,0.05224627925946945,take_profit,1.350687215265678,1.2706872152656778,10
1000XEC,long,2024-03-25 14:05:00+00:00,2024-03-25 14:10:00+00:00,2024-03-25 15:00:00+00:00,264979,264980,264990,0.07017,0.0691262593931069,0.0691262593931069,0.0722274812137862,stop,-1.487445641859897,-1.5674456418598968,11
1000XEC,short,2024-03-25 15:20:00+00:00,2024-03-25 15:25:00+00:00,2024-03-25 18:50:00+00:00,264994,264995,265036,0.06837,0.0690312224456521,0.0690312224456521,0.06707755510869579,stop,-0.9578599686144607,-1.0378599686144607,42
1000XEC,short,2024-03-25 18:55:00+00:00,2024-03-25 19:00:00+00:00,2024-03-25 19:10:00+00:00,265037,265038,265040,0.06831,0.06906533515709522,0.06906533515709522,0.06682932968580958,stop,-1.093653068326017,-1.1736530683260171,3
1000XEC,short,2024-03-26 16:55:00+00:00,2024-03-26 17:00:00+00:00,2024-03-26 18:25:00+00:00,265301,265302,265319,0.06752,0.06800769848877701,0.06800769848877701,0.06654460302244597,stop,-0.7171224723293568,-0.7971224723293568,18
1000XEC,short,2024-03-26 19:25:00+00:00,2024-03-26 19:30:00+00:00,2024-03-26 19:55:00+00:00,265331,265332,265337,0.06756,0.06805246761313336,0.06805246761313336,0.06657506477373328,stop,-0.723658715702935,-0.8036587157029351,6
1000XEC,short,2024-03-27 14:25:00+00:00,2024-03-27 14:30:00+00:00,2024-03-27 15:00:00+00:00,265559,265560,265566,0.06564,0.06610086963759251,0.06610086963759251,0.06468826072481496,stop,-0.6972217462785202,-0.7772217462785203,7
1000XEC,short,2024-03-27 15:40:00+00:00,2024-03-27 15:45:00+00:00,2024-03-27 16:25:00+00:00,265574,265575,265583,0.06587,0.06501215210819127,0.06629892394590436,0.06501215210819127,take_profit,1.3195192959942759,1.2395192959942758,9
1000XEC,short,2024-03-29 14:50:00+00:00,2024-03-29 14:55:00+00:00,2024-03-29 15:55:00+00:00,266140,266141,266153,0.06862,0.069396507034763,0.069396507034763,0.066976985930474,stop,-1.1189425346350923,-1.1989425346350924,13
1000XEC,short,2024-03-29 16:30:00+00:00,2024-03-29 16:35:00+00:00,2024-03-29 19:20:00+00:00,266160,266161,266194,0.06869,0.06971379219734136,0.06971379219734136,0.06664241560531728,stop,-1.4685647776027988,-1.5485647776027989,34
1000XEC,long,2024-03-29 19:45:00+00:00,2024-03-29 19:50:00+00:00,2024-03-30 00:35:00+00:00,266199,266200,266257,0.07026,0.06884581487159674,0.06884581487159674,0.07305837025680653,stop,-2.012788397955112,-2.092788397955112,58
1000XEC,short,2024-03-30 14:25:00+00:00,2024-03-30 14:30:00+00:00,2024-03-31 04:10:00+00:00,266423,266424,266588,0.06669,0.06565876739572706,0.06722061630213647,0.06565876739572706,take_profit,1.5705939133119573,1.4905939133119572,165
1000XEC,short,2024-04-01 16:35:00+00:00,2024-04-01 16:40:00+00:00,2024-04-01 19:00:00+00:00,267025,267026,267054,0.07037,0.06797147982132937,0.07158426008933531,0.06797147982132937,take_profit,3.5287155509566848,3.4487155509566847,29
1000XEC,short,2024-04-02 14:10:00+00:00,2024-04-02 14:15:00+00:00,2024-04-02 14:55:00+00:00,267284,267285,267293,0.06213,0.06280719495867298,0.06280719495867298,0.06080561008265403,stop,-1.0782123913009922,-1.1582123913009923,9
1000XEC,short,2024-04-02 17:50:00+00:00,2024-04-02 17:55:00+00:00,2024-04-02 18:20:00+00:00,267328,267329,267334,0.06184,0.06273307519739367,0.06273307519739367,0.060083849605212666,stop,-1.423611379776224,-1.503611379776224,6
1000XEC,short,2024-04-02 18:30:00+00:00,2024-04-02 18:35:00+00:00,2024-04-02 20:25:00+00:00,267336,267337,267359,0.06223,0.060600895627271605,0.06305955218636419,0.060600895627271605,take_profit,2.6882513135585873,2.608251313558587,23
1000XEC,long,2024-04-04 14:05:00+00:00,2024-04-04 14:10:00+00:00,2024-04-04 14:15:00+00:00,267859,267860,267861,0.06331,0.06264357668827422,0.06264357668827422,0.06464284662345157,stop,-1.0526351472528561,-1.1326351472528562,2
1000XEC,long,2024-04-04 14:40:00+00:00,2024-04-04 14:45:00+00:00,2024-04-04 16:35:00+00:00,267866,267867,267889,0.06324,0.06455094890869052,0.06258452554565475,0.06455094890869052,take_profit,2.072974238916059,1.992974238916059,23
1000XEC,long,2024-04-06 15:45:00+00:00,2024-04-06 15:50:00+00:00,2024-04-06 16:30:00+00:00,268455,268456,268464,0.07387,0.07273219280998802,0.07273219280998802,0.07614561438002397,stop,-1.5402831866955236,-1.6202831866955234,9
1000XEC,long,2024-04-06 17:30:00+00:00,2024-04-06 17:35:00+00:00,2024-04-06 18:10:00+00:00,268476,268477,268484,0.07381,0.07524803330356819,0.0731059833482159,0.07524803330356819,take_profit,1.9482906158626134,1.8682906158626136,8
1000XEC,long,2024-04-07 14:10:00+00:00,2024-04-07 14:15:00+00:00,2024-04-07 14:55:00+00:00,268724,268725,268733,0.08152,0.08077231452029726,0.08077231452029726,0.08301537095940546,stop,-0.9171804216176804,-0.9971804216176805,9
1000XEC,short,2024-04-07 15:15:00+00:00,2024-04-07 15:20:00+00:00,2024-04-07 18:50:00+00:00,268737,268738,268780,0.07981,0.08095999829675164,0.08095999829675164,0.07751000340649673,stop,-1.420452471523559,-1.500452471523559,43
1000XEC,short,2024-04-07 19:10:00+00:00,2024-04-07 19:15:00+00:00,2024-04-08 03:05:00+00:00,268784,268785,268879,0.08023,0.07781887376438729,0.08143556311780635,0.07781887376438729,take_profit,3.098382331917171,3.018382331917171,95
1000XEC,short,2024-04-09 15:35:00+00:00,2024-04-09 15:40:00+00:00,2024-04-09 16:40:00+00:00,269317,269318,269330,0.07467,0.07319498123737847,0.07542250938131076,0.07319498123737847,take_profit,2.015191120601423,1.935191120601423,13
1000XEC,short,2024-04-10 19:05:00+00:00,2024-04-10 19:10:00+00:00,2024-04-10 21:35:00+00:00,269647,269648,269677,0.07022,0.06888920731081163,0.07087039634459417,0.06888920731081163,take_profit,1.9317869099351848,1.851786909935185,30
1000XEC,long,2024-04-11 16:05:00+00:00,2024-04-11 16:10:00+00:00,2024-04-11 18:30:00+00:00,269899,269900,269928,0.07176,0.07083314023472606,0.07083314023472606,0.07361371953054789,stop,-1.2916105982078374,-1.3716105982078375,29
1000XEC,short,2024-04-12 14:20:00+00:00,2024-04-12 14:25:00+00:00,2024-04-12 15:50:00+00:00,270166,270167,270184,0.0696,0.06993825543783401,0.06993825543783401,0.068953489124332,stop,-0.4836486636911941,-0.5636486636911942,18
1000XEC,short,2024-04-12 16:05:00+00:00,2024-04-12 16:10:00+00:00,2024-04-12 20:25:00+00:00,270187,270188,270239,0.06955,0.06877096441321107,0.06993951779339447,0.06877096441321107,take_profit,1.1327972399922892,1.0527972399922891,52
1000XEC,long,2024-04-13 14:15:00+00:00,2024-04-13 14:20:00+00:00,2024-04-13 14:40:00+00:00,270453,270454,270458,0.06309,0.061828421071633825,0.061828421071633825,0.06561315785673233,stop,-1.9996495932258163,-2.0796495932258163,5
1000XEC,long,2024-04-14 14:05:00+00:00,2024-04-14 14:10:00+00:00,2024-04-14 20:15:00+00:00,270739,270740,270813,0.05477,0.05382629368674463,0.05382629368674463,0.056657412626510736,stop,-1.7230350798893013,-1.8030350798893011,74
1000XEC,long,2024-04-15 14:15:00+00:00,2024-04-15 14:20:00+00:00,2024-04-15 14:50:00+00:00,271029,271030,271036,0.05511,0.05623681512950381,0.0545315924352481,0.05623681512950381,take_profit,2.0446654500160033,1.9646654500160035,7
1000XEC,short,2024-04-17 14:45:00+00:00,2024-04-17 14:50:00+00:00,2024-04-17 20:45:00+00:00,271611,271612,271683,0.05189,0.05062634607688735,0.05250682696155633,0.05062634607688735,take_profit,2.496040147146905,2.416040147146905,72
1000XEC,short,2024-04-19 14:05:00+00:00,2024-04-19 14:10:00+00:00,2024-04-19 15:35:00+00:00,272179,272180,272197,0.04879,0.0493239678031611,0.0493239678031611,0.0477520643936778,stop,-1.0825726861472873,-1.1625726861472874,18
1000XEC,long,2024-04-20 14:35:00+00:00,2024-04-20 14:40:00+00:00,2024-04-20 15:10:00+00:00,272473,272474,272480,0.05125,0.05098460309702519,0.05098460309702519,0.05181079380594962,stop,-0.517847615560596,-0.5978476155605961,7
1000XEC,long,2024-04-20 15:35:00+00:00,2024-04-20 15:40:00+00:00,2024-04-20 17:05:00+00:00,272485,272486,272503,0.05131,0.05109765748365061,0.05109765748365061,0.051704685032698774,stop,-0.41384236279359277,-0.4938423627935928,18
1000XEC,long,2024-04-20 17:30:00+00:00,2024-04-20 17:35:00+00:00,2024-04-20 17:50:00+00:00,272508,272509,272512,0.05127,0.051085370207332385,0.051085370207332385,0.05160925958533523,stop,-0.36011272219157453,-0.44011272219157455,4
1000XEC,short,2024-04-21 15:05:00+00:00,2024-04-21 15:10:00+00:00,2024-04-21 17:15:00+00:00,272767,272768,272793,0.05471,0.055131121509975234,0.055131121509975234,0.05383775698004953,stop,-0.7638544227674293,-0.8438544227674294,26
1000XEC,short,2024-04-21 18:00:00+00:00,2024-04-21 18:05:00+00:00,2024-04-21 19:05:00+00:00,272802,272803,272815,0.05474,0.05401927661600118,0.05507036169199941,0.05401927661600118,take_profit,1.3341966593187093,1.2541966593187093,13
1000XEC,long,2024-04-22 14:15:00+00:00,2024-04-22 14:20:00+00:00,2024-04-22 15:25:00+00:00,273045,273046,273059,0.05498,0.055554510437073025,0.05466274478146349,0.055554510437073025,take_profit,1.0449444108276085,0.9649444108276084,14
1000XEC,long,2024-04-22 17:20:00+00:00,2024-04-22 17:25:00+00:00,2024-04-22 17:50:00+00:00,273082,273083,273088,0.0549,0.054597070531940496,0.054597070531940496,0.05547585893611901,stop,-0.5517840948260466,-0.6317840948260467,6
1000XEC,long,2024-04-22 18:20:00+00:00,2024-04-22 18:25:00+00:00,2024-04-22 20:40:00+00:00,273094,273095,273122,0.05491,0.05462114571865102,0.05462114571865102,0.05545770856269796,stop,-0.5260504122181486,-0.6060504122181487,28
1000XEC,short,2024-04-23 16:30:00+00:00,2024-04-23 16:35:00+00:00,2024-04-23 17:50:00+00:00,273360,273361,273376,0.05446,0.054972538408730766,0.054972538408730766,0.05343492318253847,stop,-0.9323535415445949,-1.012353541544595,16
1000XEC,short,2024-04-24 15:05:00+00:00,2024-04-24 15:10:00+00:00,2024-04-24 15:40:00+00:00,273631,273632,273638,0.05477,0.05508805674103086,0.05508805674103086,0.05413388651793828,stop,-0.5773606110777263,-0.6573606110777264,7
1000XEC,short,2024-04-24 16:00:00+00:00,2024-04-24 16:05:00+00:00,2024-04-24 16:20:00+00:00,273642,273643,273646,0.05482,0.05520045859819158,0.05520045859819158,0.05405908280361684,stop,-0.6892308648393075,-0.7692308648393076,4
1000XEC,short,2024-04-24 17:45:00+00:00,2024-04-24 17:50:00+00:00,2024-04-24 20:25:00+00:00,273663,273664,273695,0.05489,0.055183483680992296,0.055183483680992296,0.0543330326380154,stop,-0.5318324640192773,-0.6118324640192774,32
1000XEC,short,2024-04-25 17:05:00+00:00,2024-04-25 17:10:00+00:00,2024-04-25 17:15:00+00:00,273943,273944,273945,0.05043,0.050720015776227693,0.050720015776227693,0.04984996844754462,stop,-0.5717974882090249,-0.6517974882090249,2
1000XEC,short,2024-04-25 17:30:00+00:00,2024-04-25 17:35:00+00:00,2024-04-25 18:05:00+00:00,273948,273949,273955,0.05043,0.050918477025203246,0.050918477025203246,0.049513045949593514,stop,-0.9593315702695948,-1.0393315702695949,7
1000XEC,short,2024-04-25 18:35:00+00:00,2024-04-25 18:40:00+00:00,2024-04-25 21:10:00+00:00,273961,273962,273992,0.05042,0.050803415210913305,0.050803415210913305,0.04965316957817339,stop,-0.7547036145533426,-0.8347036145533426,31
1000XEC,long,2024-04-26 14:40:00+00:00,2024-04-26 14:45:00+00:00,2024-04-26 16:30:00+00:00,274202,274203,274224,0.05251,0.05315635390477341,0.05220182304761329,0.05315635390477341,take_profit,1.2309158346475169,1.1509158346475168,22
1000XEC,short,2024-04-27 14:05:00+00:00,2024-04-27 14:10:00+00:00,2024-04-27 18:40:00+00:00,274483,274484,274538,0.05107,0.05150509461734629,0.05150509461734629,0.05016981076530742,stop,-0.8447603495902789,-0.924760349590279,55
1000XEC,short,2024-04-27 18:45:00+00:00,2024-04-27 18:50:00+00:00,2024-04-28 02:40:00+00:00,274539,274540,274634,0.05088,0.05161412696150343,0.05161412696150343,0.04938174607699314,stop,-1.4223372644682652,-1.5023372644682653,95
1000XEC,long,2024-04-28 14:20:00+00:00,2024-04-28 14:25:00+00:00,2024-04-28 15:30:00+00:00,274774,274775,274788,0.05188,0.051699466215467005,0.051699466215467005,0.052241067569066,stop,-0.3479833934714627,-0.4279833934714627,14
1000XEC,long,2024-04-28 15:45:00+00:00,2024-04-28 15:50:00+00:00,2024-04-28 17:35:00+00:00,274791,274792,274813,0.05188,0.05166063128556247,0.05166063128556247,0.05228873742887506,stop,-0.4228386939813644,-0.5028386939813645,22
1000XEC,short,2024-04-28 19:10:00+00:00,2024-04-28 19:15:00+00:00,2024-04-29 03:50:00+00:00,274832,274833,274936,0.05154,0.051870718918610934,0.051870718918610934,0.05084856216277813,stop,-0.6375830632497137,-0.7175830632497138,104
1000XEC,short,2024-04-29 14:20:00+00:00,2024-04-29 14:25:00+00:00,2024-04-29 15:25:00+00:00,275062,275063,275075,0.04934,0.04873446726859731,0.04964276636570135,0.04873446726859731,take_profit,1.2425143134638938,1.1625143134638938,13
1000XEC,short,2024-04-30 14:15:00+00:00,2024-04-30 14:20:00+00:00,2024-04-30 15:50:00+00:00,275349,275350,275368,0.04888,0.04910989964322865,0.04910989964322865,0.0484202007135427,stop,-0.46813299334516056,-0.5481329933451606,19
1000XEC,short,2024-04-30 16:30:00+00:00,2024-04-30 16:35:00+00:00,2024-04-30 17:10:00+00:00,275376,275377,275384,0.0488,0.04829534898698138,0.049052325506509314,0.04829534898698138,take_profit,1.0449267343624724,0.9649267343624723,8
1000XEC,short,2024-05-01 14:20:00+00:00,2024-05-01 14:25:00+00:00,2024-05-01 15:25:00+00:00,275638,275639,275651,0.04535,0.04484301307534325,0.04561849346232837,0.04484301307534325,take_profit,1.1305817559692954,1.0505817559692954,13
1000XEC,short,2024-05-02 14:25:00+00:00,2024-05-02 14:30:00+00:00,2024-05-02 15:00:00+00:00,275927,275928,275934,0.04358,0.04396153221046011,0.04396153221046011,0.04278693557907977,stop,-0.8678774175421733,-0.9478774175421734,7
1000XEC,long,2024-05-02 17:50:00+00:00,2024-05-02 17:55:00+00:00,2024-05-02 18:15:00+00:00,275968,275969,275973,0.04428,0.04406688880366021,0.04406688880366021,0.04470622239267957,stop,-0.48128093120999305,-0.5612809312099931,5
1000XEC,long,2024-05-04 15:10:00+00:00,2024-05-04 15:15:00+00:00,2024-05-04 17:00:00+00:00,276512,276513,276534,0.05149,0.05065060218389246,0.05065060218389246,0.053138795632215075,stop,-1.6302152186978836,-1.7102152186978834,22
1000XEC,long,2024-05-04 19:45:00+00:00,2024-05-04 19:50:00+00:00,2024-05-04 20:50:00+00:00,276567,276568,276580,0.05135,0.050834159556717586,0.050834159556717586,0.05238168088656483,stop,-1.004557825282204,-1.0845578252822041,13
1000XEC,short,2024-05-05 14:35:00+00:00,2024-05-05 14:40:00+00:00,2024-05-05 16:10:00+00:00,276793,276794,276812,0.04935,0.0496788997005435,0.0496788997005435,0.04866220059891301,stop,-0.6620510971983129,-0.742051097198313,19
1000XEC,long,2024-05-06 14:25:00+00:00,2024-05-06 14:30:00+00:00,2024-05-06 15:10:00+00:00,277079,277080,277088,0.0504,0.05106391913923463,0.05005304043038268,0.05106391913923463,take_profit,1.3172998794337865,1.2372998794337864,9
1000XEC,short,2024-05-07 14:30:00+00:00,2024-05-07 14:35:00+00:00,2024-05-07 14:40:00+00:00,277368,277369,277370,0.04903,0.04930948506609424,0.04930948506609424,0.04847102986781151,stop,-0.5667977788038625,-0.6467977788038626,2
1000XEC,short,2024-05-07 14:50:00+00:00,2024-05-07 14:55:00+00:00,2024-05-07 17:15:00+00:00,277372,277373,277401,0.04911,0.04938442505655762,0.04938442505655762,0.04853114988688475,stop,-0.5556915084934833,-0.6356915084934833,29
1000XEC,short,2024-05-07 19:20:00+00:00,2024-05-07 19:25:00+00:00,2024-05-07 19:45:00+00:00,277426,277427,277431,0.04913,0.04947008107828897,0.04947008107828897,0.04838983784342206,stop,-0.6874479905354836,-0.7674479905354836,5
1000XEC,short,2024-05-08 15:15:00+00:00,2024-05-08 15:20:00+00:00,2024-05-08 22:45:00+00:00,277665,277666,277755,0.04751,0.04794327752633322,0.04794327752633322,0.04664344494733355,stop,-0.9037294667542106,-0.9837294667542107,90
1000XEC,long,2024-05-09 14:20:00+00:00,2024-05-09 14:25:00+00:00,2024-05-09 15:45:00+00:00,277942,277943,277959,0.04768,0.04731734033050037,0.04731734033050037,0.04840531933899926,stop,-0.7606117229438603,-0.8406117229438603,17
1000XEC,short,2024-05-09 16:00:00+00:00,2024-05-09 16:05:00+00:00,2024-05-09 18:20:00+00:00,277962,277963,277990,0.04724,0.04666438230350101,0.04752780884824949,0.04666438230350101,take_profit,1.2335268744268824,1.1535268744268823,28
1000XEC,long,2024-05-10 15:50:00+00:00,2024-05-10 15:55:00+00:00,2024-05-10 17:15:00+00:00,278248,278249,278265,0.04869,0.04836772427332807,0.04836772427332807,0.04936455145334386,stop,-0.6618930512875876,-0.7418930512875876,17
1000XEC,long,2024-05-11 14:10:00+00:00,2024-05-11 14:15:00+00:00,2024-05-11 14:40:00+00:00,278516,278517,278522,0.04613,0.045946310862897646,0.045946310862897646,0.04646737827420471,stop,-0.3981988664694347,-0.4781988664694347,6
1000XEC,long,2024-05-11 15:15:00+00:00,2024-05-11 15:20:00+00:00,2024-05-11 17:15:00+00:00,278529,278530,278553,0.04613,0.04596753721103779,0.04596753721103779,0.04645492557792442,stop,-0.35218467149840116,-0.4321846714984012,24
1000XEC,short,2024-05-11 17:35:00+00:00,2024-05-11 17:40:00+00:00,2024-05-11 18:30:00+00:00,278557,278558,278568,0.0459,0.04604871555739727,0.04604871555739727,0.04560256888520547,stop,-0.32295267218018786,-0.4029526721801879,11
1000XEC,short,2024-05-12 15:20:00+00:00,2024-05-12 15:25:00+00:00,2024-05-12 16:15:00+00:00,278818,278819,278829,0.0459,0.04576722211104548,0.04598138894447726,0.04576722211104548,take_profit,0.2901156828622131,0.21011568286221313,11
1000XEC,short,2024-05-12 17:35:00+00:00,2024-05-12 17:40:00+00:00,2024-05-12 19:30:00+00:00,278845,278846,278868,0.04591,0.04609867776066696,0.04609867776066696,0.045502644478666095,stop,-0.4092910465816946,-0.4892910465816946,23
1000XEC,long,2024-05-14 14:10:00+00:00,2024-05-14 14:15:00+00:00,2024-05-15 09:10:00+00:00,279380,279381,279608,0.0473,0.04541842557931198,0.04541842557931198,0.051093148841376036,stop,-3.977958606105758,-4.057958606105759,228
1000XEC,short,2024-05-15 14:30:00+00:00,2024-05-15 14:35:00+00:00,2024-05-15 16:00:00+00:00,279672,279673,279690,0.04538,0.04566789773127654,0.04566789773127654,0.04483420453744692,stop,-0.6304159936825093,-0.7104159936825094,18
1000XEC,long,2024-05-15 16:20:00+00:00,2024-05-15 16:25:00+00:00,2024-05-15 16:55:00+00:00,279694,279695,279701,0.04583,0.04631685636138227,0.04558657181930887,0.04631685636138227,take_profit,1.0623093200573086,0.9823093200573085,7
1000XEC,long,2024-05-15 18:40:00+00:00,2024-05-15 18:45:00+00:00,2024-05-15 20:35:00+00:00,279722,279723,279745,0.04593,0.0453876750413711,0.0453876750413711,0.0469846499172578,stop,-1.1807641163267935,-1.2607641163267935,23
1000XEC,long,2024-05-16 17:50:00+00:00,2024-05-16 17:55:00+00:00,2024-05-16 19:30:00+00:00,280000,280001,280020,0.04948,0.048846753119897245,0.048846753119897245,0.05074649376020552,stop,-1.279803718881889,-1.359803718881889,20
1000XEC,long,2024-05-17 15:45:00+00:00,2024-05-17 15:50:00+00:00,2024-05-17 16:10:00+00:00,280263,280264,280268,0.04759,0.04819536623035198,0.04727231688482401,0.04819536623035198,take_profit,1.272045031208191,1.192045031208191,5
1000XEC,short,2024-05-18 14:35:00+00:00,2024-05-18 14:40:00+00:00,2024-05-18 16:05:00+00:00,280537,280538,280555,0.04903,0.049219934130052954,0.049219934130052954,0.048620131739894094,stop,-0.38588863112066774,-0.46588863112066775,18
1000XEC,long,2024-05-18 16:15:00+00:00,2024-05-18 16:20:00+00:00,2024-05-18 16:55:00+00:00,280557,280558,280565,0.04926,0.04915386350470721,0.04915386350470721,0.04953227299058557,stop,-0.21546182560452376,-0.2954618256045238,8
1000XEC,long,2024-05-18 17:00:00+00:00,2024-05-18 17:05:00+00:00,2024-05-18 18:55:00+00:00,280566,280567,280589,0.04929,0.049730728984951574,0.04905463550752421,0.049730728984951574,take_profit,0.8941549704840179,0.8141549704840179,23
1000XEC,short,2024-05-19 18:25:00+00:00,2024-05-19 18:30:00+00:00,2024-05-19 21:50:00+00:00,280871,280872,280912,0.05157,0.05025886010690346,0.05224056994654827,0.05025886010690346,take_profit,2.6087736377380377,2.5287736377380376,41
1000XEC,long,2024-05-20 14:10:00+00:00,2024-05-20 14:15:00+00:00,2024-05-20 15:05:00+00:00,281108,281109,281119,0.04977,0.04943040690415079,0.04943040690415079,0.05044918619169842,stop,-0.6823248861748232,-0.7623248861748233,11
1000XEC,short,2024-05-20 15:30:00+00:00,2024-05-20 15:35:00+00:00,2024-05-20 19:30:00+00:00,281124,281125,281172,0.04898,0.04940153071502996,0.04940153071502996,0.04810693856994008,stop,-0.8532746028893978,-0.9332746028893979,48
1000XEC,long,2024-05-21 14:55:00+00:00,2024-05-21 15:00:00+00:00,2024-05-22 00:55:00+00:00,281405,281406,281525,0.0527,0.05187474922877206,0.05187474922877206,0.05432050154245588,stop,-1.5659407423679994,-1.6459407423679993,120
1000XEC,short,2024-05-23 14:05:00+00:00,2024-05-23 14:10:00+00:00,2024-05-23 15:50:00+00:00,281971,281972,281992,0.05101,0.051203987271715504,0.051203987271715504,0.050652025456569,stop,-0.37885188644802836,-0.4588518864480284,21
1000XEC,short,2024-05-23 16:00:00+00:00,2024-05-23 16:05:00+00:00,2024-05-23 16:35:00+00:00,281994,281995,282001,0.05092,0.051231923265967504,0.051231923265967504,0.050266153468064984,stop,-0.608845512881051,-0.6888455128810511,7
1000XEC,short,2024-05-23 17:00:00+00:00,2024-05-23 17:05:00+00:00,2024-05-23 18:45:00+00:00,282006,282007,282027,0.051,0.050503571740694024,0.05123321412965299,0.050503571740694024,take_profit,0.9829567339411982,0.9029567339411981,21
1000XEC,long,2024-05-25 14:10:00+00:00,2024-05-25 14:15:00+00:00,2024-05-25 15:30:00+00:00,282548,282549,282564,0.04977,0.049496329554046335,0.049496329554046335,0.05034734089190732,stop,-0.5498702952655532,-0.6298702952655533,16
1000XEC,long,2024-05-25 16:10:00+00:00,2024-05-25 16:15:00+00:00,2024-05-25 18:00:00+00:00,282572,282573,282594,0.04966,0.04953363170294517,0.04953363170294517,0.04997273659410967,stop,-0.2544669695022872,-0.3344669695022872,22
1000XEC,long,2024-05-25 18:25:00+00:00,2024-05-25 18:30:00+00:00,2024-05-25 22:35:00+00:00,282599,282600,282649,0.0497,0.04946784291978913,0.04946784291978913,0.05016431416042174,stop,-0.46711686159128796,-0.547116861591288,50
1000XEC,short,2024-05-26 18:25:00+00:00,2024-05-26 18:30:00+00:00,2024-05-26 20:00:00+00:00,282887,282888,282906,0.04871,0.04891386280414734,0.04891386280414734,0.04830227439170533,stop,-0.41677919604021785,-0.49677919604021786,19
1000XEC,short,2024-05-27 14:05:00+00:00,2024-05-27 14:10:00+00:00,2024-05-27 14:25:00+00:00,283123,283124,283127,0.04824,0.04805561305600136,0.04833219347199932,0.04805561305600136,take_profit,0.3836949156881264,0.3036949156881264,4
1000XEC,short,2024-05-27 17:30:00+00:00,2024-05-27 17:35:00+00:00,2024-05-27 18:50:00+00:00,283164,283165,283180,0.04816,0.048383521198528935,0.048383521198528935,0.04774295760294212,stop,-0.46197794826006167,-0.5419779482600617,16
1000XEC,long,2024-05-27 18:55:00+00:00,2024-05-27 19:00:00+00:00,2024-05-27 20:40:00+00:00,283181,283182,283202,0.04858,0.048315431806225904,0.048315431806225904,0.049139136387548195,stop,-0.5446031160438292,-0.6246031160438292,21
1000XEC,short,2024-05-30 14:10:00+00:00,2024-05-30 14:15:00+00:00,2024-05-30 14:25:00+00:00,283988,283989,283991,0.04762,0.047768205598828856,0.047768205598828856,0.04729358880234229,stop,-0.31025992492480503,-0.39025992492480505,3
1000XEC,short,2024-05-30 15:05:00+00:00,2024-05-30 15:10:00+00:00,2024-05-30 16:50:00+00:00,283999,284000,284020,0.04738,0.04664893598742984,0.04773053200628508,0.04664893598742984,take_profit,1.5671611733377055,1.4871611733377055,21
1000XEC,short,2024-05-31 14:05:00+00:00,2024-05-31 14:10:00+00:00,2024-05-31 14:20:00+00:00,284275,284276,284278,0.04664,0.0464264589384532,0.0467167705307734,0.0464264589384532,take_profit,0.4599555219791496,0.37995552197914956,3
1000XEC,short,2024-05-31 15:30:00+00:00,2024-05-31 15:35:00+00:00,2024-05-31 21:30:00+00:00,284292,284293,284364,0.04658,0.046802313457943716,0.046802313457943716,0.04613537308411258,stop,-0.4750052754197376,-0.5550052754197377,72
1000XEC,long,2024-06-01 14:40:00+00:00,2024-06-01 14:45:00+00:00,2024-06-01 14:55:00+00:00,284570,284571,284573,0.0464,0.046302543068334194,0.046302543068334194,0.046564913863331614,stop,-0.21003649065906016,-0.2900364906590602,3
1000XEC,short,2024-06-01 15:35:00+00:00,2024-06-01 15:40:00+00:00,2024-06-01 15:40:00+00:00,284581,284582,284582,0.04621,0.046262382020807465,0.046262382020807465,0.046045235958385076,stop,-0.11322811000934463,-0.19322811000934462,1
1000XEC,short,2024-06-01 16:30:00+00:00,2024-06-01 16:35:00+00:00,2024-06-01 17:40:00+00:00,284592,284593,284606,0.04614,0.046263982541707285,0.046263982541707285,0.04586203491658542,stop,-0.26798934051022183,-0.34798934051022185,14
1000XEC,short,2024-06-02 14:45:00+00:00,2024-06-02 14:50:00+00:00,2024-06-02 15:00:00+00:00,284859,284860,284862,0.04619,0.04628851795824439,0.04628851795824439,0.04599296408351123,stop,-0.21283454858774808,-0.2928345485877481,3
1000XEC,short,2024-06-02 16:20:00+00:00,2024-06-02 16:25:00+00:00,2024-06-02 17:35:00+00:00,284878,284879,284893,0.0462,0.0463501485985658,0.0463501485985658,0.04589970280286839,stop,-0.3239441579059976,-0.40394415790599764,15
1000XEC,short,2024-06-02 18:15:00+00:00,2024-06-02 18:20:00+00:00,2024-06-02 20:45:00+00:00,284901,284902,284931,0.04614,0.04634734041443971,0.04634734041443971,0.045725319171120576,stop,-0.44736205483565383,-0.5273620548356539,30
1000XEC,long,2024-06-03 14:10:00+00:00,2024-06-03 14:15:00+00:00,2024-06-03 15:30:00+00:00,285140,285141,285156,0.04598,0.0463616376587596,0.045774181170620196,0.0463616376587596,take_profit,0.8300079572848951,0.750007957284895,16
1000XEC,short,2024-06-04 15:00:00+00:00,2024-06-04 15:05:00+00:00,2024-06-04 16:20:00+00:00,285438,285439,285454,0.04542,0.04563969287102289,0.04563969287102289,0.04498061425795423,stop,-0.4813636052366399,-0.56136360523664,16
1000XEC,short,2024-06-04 17:55:00+00:00,2024-06-04 18:00:00+00:00,2024-06-04 18:50:00+00:00,285473,285474,285484,0.04542,0.04512507038690371,0.04556746480654815,0.04512507038690371,take_profit,0.6535826106586873,0.5735826106586872,11
1000XEC,short,2024-06-04 19:25:00+00:00,2024-06-04 19:30:00+00:00,2024-06-04 19:35:00+00:00,285491,285492,285493,0.04537,0.045557983417442154,0.045557983417442154,0.04502403316511568,stop,-0.4126245354621694,-0.4926245354621694,2
1000XEC,long,2024-06-05 15:15:00+00:00,2024-06-05 15:20:00+00:00,2024-06-05 17:10:00+00:00,285729,285730,285752,0.04738,0.04722645586852692,0.04722645586852692,0.04774708826294616,stop,-0.3240695050086173,-0.4040695050086173,23
1000XEC,long,2024-06-05 17:15:00+00:00,2024-06-05 17:20:00+00:00,2024-06-05 18:40:00+00:00,285753,285754,285770,0.04749,0.0471606636570045,0.0471606636570045,0.048148672685991,stop,-0.6934856664466249,-0.773485666446625,17
1000XEC,short,2024-06-06 14:05:00+00:00,2024-06-06 14:10:00+00:00,2024-06-06 15:30:00+00:00,286003,286004,286020,0.04691,0.046621318936261244,0.04706934053186938,0.046621318936261244,take_profit,0.6192039829105322,0.5392039829105322,17
1000XEC,short,2024-06-06 17:05:00+00:00,2024-06-06 17:10:00+00:00,2024-06-06 17:25:00+00:00,286039,286040,286043,0.04687,0.04702713632276376,0.04702713632276376,0.04652572735447248,stop,-0.3341396798760443,-0.41413967987604433,4
1000XEC,short,2024-06-06 17:55:00+00:00,2024-06-06 18:00:00+00:00,2024-06-06 18:05:00+00:00,286049,286050,286051,0.04689,0.047018147394572773,0.047018147394572773,0.046633705210854456,stop,-0.27254879588803904,-0.35254879588803906,2
1000XEC,short,2024-06-06 18:30:00+00:00,2024-06-06 18:35:00+00:00,2024-06-06 21:40:00+00:00,286056,286057,286094,0.04693,0.046673971688924135,0.04704301415553794,0.046673971688924135,take_profit,0.5485462278253417,0.46854622782534167,38
1000XEC,long,2024-06-07 14:10:00+00:00,2024-06-07 14:15:00+00:00,2024-06-07 21:35:00+00:00,286292,286293,286381,0.04679,0.04640250924987284,0.04640250924987284,0.04765498150025432,stop,-0.8281486431441776,-0.9081486431441776,89
1000XEC,long,2024-06-08 15:20:00+00:00,2024-06-08 15:25:00+00:00,2024-06-08 19:25:00+00:00,286594,286595,286643,0.04282,0.04264775834722682,0.04264775834722682,0.04313448330554637,stop,-0.4022458028332121,-0.4822458028332121,49
1000XEC,short,2024-06-09 14:05:00+00:00,2024-06-09 14:10:00+00:00,2024-06-09 14:20:00+00:00,286867,286868,286870,0.04094,0.041143400385968996,0.041143400385968996,0.04056319922806201,stop,-0.49436941055159833,-0.5743694105515984,3
1000XEC,short,2024-06-10 14:45:00+00:00,2024-06-10 14:50:00+00:00,2024-06-10 15:45:00+00:00,287163,287164,287175,0.04199,0.04141905431569748,0.04227547284215126,0.04141905431569748,take_profit,1.3784614200767376,1.2984614200767375,12
1000XEC,long,2024-06-12 17:05:00+00:00,2024-06-12 17:10:00+00:00,2024-06-12 19:00:00+00:00,287767,287768,287790,0.03976,0.04022471503488869,0.039512642482555656,0.04022471503488869,take_profit,1.1688003895590882,1.088800389559088,23
1000XEC,short,2024-06-13 15:30:00+00:00,2024-06-13 15:35:00+00:00,2024-06-13 17:05:00+00:00,288036,288037,288055,0.0396,0.0399098442425615,0.0399098442425615,0.03898031151487701,stop,-0.7763604404926849,-0.856360440492685,19
1000XEC,short,2024-06-13 18:15:00+00:00,2024-06-13 18:20:00+00:00,2024-06-13 19:00:00+00:00,288069,288070,288078,0.03956,0.03974654106653654,0.03974654106653654,0.03915691786692692,stop,-0.4693265414574599,-0.54932654145746,9
1000XEC,short,2024-06-13 19:05:00+00:00,2024-06-13 19:10:00+00:00,2024-06-13 19:55:00+00:00,288079,288080,288089,0.03963,0.03981383634645549,0.03981383634645549,0.03929232730708903,stop,-0.46173984555460956,-0.5417398455546096,10
1000XEC,long,2024-06-14 14:05:00+00:00,2024-06-14 14:10:00+00:00,2024-06-14 14:40:00+00:00,288307,288308,288314,0.03895,0.03925163239319772,0.038784183803401144,0.03925163239319772,take_profit,0.7744092251546153,0.6944092251546152,7
1000XEC,long,2024-06-15 14:40:00+00:00,2024-06-15 14:45:00+00:00,2024-06-15 18:30:00+00:00,288602,288603,288648,0.03746,0.037293990647211596,0.037293990647211596,0.03779201870557681,stop,-0.4431643160395238,-0.5231643160395238,46
1000XEC,long,2024-06-15 19:50:00+00:00,2024-06-15 19:55:00+00:00,2024-06-15 21:35:00+00:00,288664,288665,288685,0.03744,0.03738290905213068,0.03738290905213068,0.03758418189573863,stop,-0.15248650606122238,-0.23248650606122237,21
1000XEC,short,2024-06-17 14:50:00+00:00,2024-06-17 14:55:00+00:00,2024-06-17 16:05:00+00:00,289180,289181,289195,0.03456,0.0340365709417183,0.034806714529140845,0.0340365709417183,take_profit,1.5378431016978222,1.4578431016978222,15
1000XEC,short,2024-06-18 15:45:00+00:00,2024-06-18 15:50:00+00:00,2024-06-18 16:20:00+00:00,289479,289480,289486,0.03072,0.0309265694366582,0.0309265694366582,0.030306861126683602,stop,-0.6679351781363363,-0.7479351781363364,7
1000XEC,long,2024-06-19 14:30:00+00:00,2024-06-19 14:35:00+00:00,2024-06-19 16:25:00+00:00,289752,289753,289775,0.03242,0.03218449615105997,0.03218449615105997,0.03292100769788006,stop,-0.7264153267736773,-0.8064153267736773,23
1000XEC,long,2024-06-20 14:05:00+00:00,2024-06-20 14:10:00+00:00,2024-06-20 18:30:00+00:00,290035,290036,290088,0.03255,0.03308967255504323,0.03228016372247839,0.03308967255504323,take_profit,1.6579801998255705,1.5779801998255707,53
1000XEC,short,2024-06-21 15:00:00+00:00,2024-06-21 15:05:00+00:00,2024-06-21 16:50:00+00:00,290334,290335,290356,0.03194,0.0315817719830107,0.03213411400849465,0.0315817719830107,take_profit,1.134287262861644,1.054287262861644,22
1000XEC,long,2024-06-22 14:35:00+00:00,2024-06-22 14:40:00+00:00,2024-06-22 16:15:00+00:00,290617,290618,290637,0.0315,0.03139243360798877,0.03139243360798877,0.031715132784022465,stop,-0.3414806095594636,-0.4214806095594636,20
1000XEC,long,2024-06-22 16:35:00+00:00,2024-06-22 16:40:00+00:00,2024-06-22 17:20:00+00:00,290641,290642,290650,0.03149,0.03138458271765239,0.03138458271765239,0.03173083456469522,stop,-0.3347643135840128,-0.41476431358401283,9
1000XEC,long,2024-06-22 17:30:00+00:00,2024-06-22 17:35:00+00:00,2024-06-22 19:05:00+00:00,290652,290653,290671,0.03147,0.031725566725711515,0.03134221663714424,0.031725566725711515,take_profit,0.812096363875181,0.732096363875181,19
1000XEC,short,2024-06-23 14:15:00+00:00,2024-06-23 14:20:00+00:00,2024-06-23 15:45:00+00:00,290901,290902,290919,0.03248,0.03260248014738375,0.03260248014738375,0.03223503970523251,stop,-0.3756773927322654,-0.45567739273226543,18
1000XEC,short,2024-06-23 16:50:00+00:00,2024-06-23 16:55:00+00:00,2024-06-23 17:25:00+00:00,290932,290933,290939,0.03251,0.03260735726675531,0.03260735726675531,0.032285285466489386,stop,-0.29857453935578926,-0.3785745393557893,7
1000XEC,short,2024-06-23 19:50:00+00:00,2024-06-23 19:55:00+00:00,2024-06-23 20:30:00+00:00,290968,290969,290976,0.0325,0.03225443218491751,0.032622783907541246,0.03225443218491751,take_profit,0.761345956036763,0.681345956036763,8
1000XEC,short,2024-06-24 14:10:00+00:00,2024-06-24 14:15:00+00:00,2024-06-24 17:30:00+00:00,291188,291189,291228,0.03026,0.03055228069629479,0.03055228069629479,0.029645438607410417,stop,-0.9566575379435949,-1.036657537943595,40
1000XEC,short,2024-06-24 17:50:00+00:00,2024-06-24 17:55:00+00:00,2024-06-24 18:30:00+00:00,291232,291233,291240,0.03036,0.0294125500649042,0.030818724967547898,0.0294125500649042,take_profit,3.221243765008741,3.141243765008741,8
1000XEC,short,2024-06-24 19:20:00+00:00,2024-06-24 19:25:00+00:00,2024-06-24 21:20:00+00:00,291250,291251,291274,0.03034,0.0306093639683217,0.0306093639683217,0.029771272063356596,stop,-0.8800051141228282,-0.9600051141228283,24
1000XEC,short,2024-06-26 14:15:00+00:00,2024-06-26 14:20:00+00:00,2024-06-27 01:45:00+00:00,291765,291766,291903,0.03232,0.0319448591132678,0.0325375704433661,0.0319448591132678,take_profit,1.174338836186628,1.094338836186628,138
1000XEC,short,2024-06-27 14:05:00+00:00,2024-06-27 14:10:00+00:00,2024-06-27 15:40:00+00:00,292051,292052,292070,0.03149,0.03110053718664646,0.03169973140667677,0.03110053718664646,take_profit,1.2522703740331487,1.1722703740331486,19
1000XEC,short,2024-06-27 19:05:00+00:00,2024-06-27 19:10:00+00:00,2024-06-27 19:30:00+00:00,292111,292112,292116,0.03156,0.03177351766228633,0.03177351766228633,0.031102964675427343,stop,-0.6719988153523482,-0.7519988153523482,5
1000XEC,short,2024-06-28 14:15:00+00:00,2024-06-28 14:20:00+00:00,2024-06-28 16:10:00+00:00,292341,292342,292364,0.03218,0.032292688255536654,0.032292688255536654,0.0319846234889267,stop,-0.34895904188878557,-0.4289590418887856,23
1000XEC,short,2024-06-28 16:45:00+00:00,2024-06-28 16:50:00+00:00,2024-06-28 16:50:00+00:00,292371,292372,292372,0.03217,0.03230716923261929,0.03230716923261929,0.031925661534761424,stop,-0.4245783083984822,-0.5045783083984823,1
1000XEC,long,2024-06-28 16:55:00+00:00,2024-06-28 17:00:00+00:00,2024-06-28 17:05:00+00:00,292373,292374,292375,0.03237,0.03228667550860887,0.03228667550860887,0.03253664898278227,stop,-0.25741270123921245,-0.33741270123921246,2
1000XEC,short,2024-06-29 14:10:00+00:00,2024-06-29 14:15:00+00:00,2024-06-29 16:35:00+00:00,292628,292629,292657,0.03187,0.031974333543725884,0.031974333543725884,0.03166133291254824,stop,-0.32630404503413146,-0.4063040450341315,29
1000XEC,short,2024-06-29 17:05:00+00:00,2024-06-29 17:10:00+00:00,2024-06-29 17:50:00+00:00,292663,292664,292672,0.03185,0.03194519801056029,0.03194519801056029,0.03168960397887942,stop,-0.2980041336066108,-0.37800413360661084,9
1000XEC,long,2024-06-29 17:55:00+00:00,2024-06-29 18:00:00+00:00,2024-06-29 19:05:00+00:00,292673,292674,292687,0.03202,0.031931884993539515,0.031931884993539515,0.03219623001292097,stop,-0.2751874030621049,-0.3551874030621049,14
1000XEC,short,2024-07-02 15:35:00+00:00,2024-07-02 15:40:00+00:00,2024-07-02 17:10:00+00:00,293509,293510,293528,0.03186,0.03157916605435045,0.032000416972824776,0.03157916605435045,take_profit,0.8893013360967705,0.8093013360967705,19
1000XEC,short,2024-07-03 19:15:00+00:00,2024-07-03 19:20:00+00:00,2024-07-04 00:00:00+00:00,293841,293842,293898,0.03114,0.03067910392309772,0.03138544803845114,0.03067910392309772,take_profit,1.5023127078860998,1.4223127078860998,57
1000XEC,short,2024-07-04 15:15:00+00:00,2024-07-04 15:20:00+00:00,2024-07-04 15:35:00+00:00,294081,294082,294085,0.02903,0.029167626919645983,0.029167626919645983,0.028754746160708035,stop,-0.4718481898617677,-0.5518481898617678,4
1000XEC,short,2024-07-04 15:45:00+00:00,2024-07-04 15:50:00+00:00,2024-07-04 17:35:00+00:00,294087,294088,294109,0.02901,0.02863147291031227,0.029214263544843865,0.02863147291031227,take_profit,1.3220664227560297,1.2420664227560296,22
1000XEC,short,2024-07-05 15:30:00+00:00,2024-07-05 15:35:00+00:00,2024-07-05 15:45:00+00:00,294372,294373,294375,0.02541,0.025831390313284054,0.025831390313284054,0.024567219373431887,stop,-1.6313110063895797,-1.7113110063895796,3
1000XEC,short,2024-07-05 15:50:00+00:00,2024-07-05 15:55:00+00:00,2024-07-05 19:10:00+00:00,294376,294377,294416,0.02558,0.025966516262435076,0.025966516262435076,0.024836967475129854,stop,-1.488517976492043,-1.568517976492043,40
1000XEC,long,2024-07-06 16:05:00+00:00,2024-07-06 16:10:00+00:00,2024-07-06 16:25:00+00:00,294667,294668,294671,0.02991,0.02969516990806586,0.02969516990806586,0.03033966018386828,stop,-0.7182550716621217,-0.7982550716621217,4
1000XEC,short,2024-07-07 14:05:00+00:00,2024-07-07 14:10:00+00:00,2024-07-07 14:15:00+00:00,294931,294932,294933,0.02954,0.029702534400141766,0.029702534400141766,0.02918493119971647,stop,-0.5472071775161069,-0.627207177516107,2
1000XEC,short,2024-07-07 16:25:00+00:00,2024-07-07 16:30:00+00:00,2024-07-07 17:00:00+00:00,294959,294960,294966,0.0295,0.029648830728734286,0.029648830728734286,0.029232338542531433,stop,-0.5019784088485024,-0.5819784088485025,7
1000XEC,long,2024-07-07 18:25:00+00:00,2024-07-07 18:30:00+00:00,2024-07-07 21:45:00+00:00,294983,294984,295023,0.03017,0.029792692865466208,0.029792692865466208,0.03092461426906758,stop,-1.2506036941789533,-1.3306036941789534,40
1000XEC,long,2024-07-08 17:05:00+00:00,2024-07-08 17:10:00+00:00,2024-07-08 17:35:00+00:00,295255,295256,295261,0.02896,0.029606105759012246,0.028621947120493877,0.029606105759012246,take_profit,2.2310281733848303,2.15102817338483,6
1000XEC,long,2024-07-09 14:15:00+00:00,2024-07-09 14:20:00+00:00,2024-07-09 15:35:00+00:00,295509,295510,295525,0.02976,0.03014487034310287,0.029567564828448568,0.03014487034310287,take_profit,1.293247120641361,1.2132471206413609,16
1000XEC,long,2024-07-09 17:15:00+00:00,2024-07-09 17:20:00+00:00,2024-07-09 22:00:00+00:00,295545,295546,295602,0.02987,0.029649276589720813,0.029649276589720813,0.030311446820558377,stop,-0.7389468037468649,-0.818946803746865,57
1000XEC,long,2024-07-10 18:45:00+00:00,2024-07-10 18:50:00+00:00,2024-07-10 21:30:00+00:00,295851,295852,295884,0.03061,0.030458970431856306,0.030458970431856306,0.030912059136287383,stop,-0.4933994385615592,-0.5733994385615593,33
1000XEC,short,2024-07-11 14:30:00+00:00,2024-07-11 14:35:00+00:00,2024-07-11 14:45:00+00:00,296088,296089,296091,0.03052,0.030650391928505143,0.030650391928505143,0.03022921614298971,stop,-0.42541683907107997,-0.50541683907108,3
1000XEC,short,2024-07-11 17:30:00+00:00,2024-07-11 17:35:00+00:00,2024-07-11 17:50:00+00:00,296124,296125,296128,0.03048,0.030651015121115704,0.030651015121115704,0.03019796975776859,stop,-0.5579427645053481,-0.6379427645053481,4
1000XEC,short,2024-07-12 18:50:00+00:00,2024-07-12 18:55:00+00:00,2024-07-12 21:10:00+00:00,296428,296429,296456,0.02949,0.02981632036487719,0.02981632036487719,0.028837359270245614,stop,-1.0944353994183253,-1.1744353994183254,28
1000XEC,long,2024-07-13 14:30:00+00:00,2024-07-13 14:35:00+00:00,2024-07-13 15:35:00+00:00,296664,296665,296677,0.0306,0.030515138508589196,0.030515138508589196,0.030769722982821605,stop,-0.2773251353294204,-0.3573251353294204,13
1000XEC,long,2024-07-13 16:30:00+00:00,2024-07-13 16:35:00+00:00,2024-07-13 19:20:00+00:00,296688,296689,296722,0.03064,0.030992910991342593,0.030478544504328704,0.030992910991342593,take_profit,1.151798274616822,1.071798274616822,34
1000XEC,long,2024-07-14 14:30:00+00:00,2024-07-14 14:35:00+00:00,2024-07-14 19:50:00+00:00,296952,296953,297016,0.03152,0.03130503621498095,0.03130503621498095,0.031949927570038096,stop,-0.6819917037406364,-0.7619917037406365,64
1000XEC,long,2024-07-15 14:05:00+00:00,2024-07-15 14:10:00+00:00,2024-07-15 18:00:00+00:00,297235,297236,297282,0.03347,0.03297540318788673,0.03297540318788673,0.034429193624226535,stop,-1.4777317362213105,-1.5577317362213106,47
1000XEC,short,2024-07-16 14:20:00+00:00,2024-07-16 14:25:00+00:00,2024-07-16 17:30:00+00:00,297526,297527,297564,0.03629,0.035051597921432545,0.03690920103928373,0.035051597921432545,take_profit,3.533083088945932,3.453083088945932,38
1000XEC,long,2024-07-16 19:05:00+00:00,2024-07-16 19:10:00+00:00,2024-07-16 20:00:00+00:00,297583,297584,297594,0.03715,0.036331842072200686,0.036331842072200686,0.03872631585559864,stop,-2.202309361505561,-2.282309361505561,11
1000XEC,short,2024-07-17 17:15:00+00:00,2024-07-17 17:20:00+00:00,2024-07-17 17:30:00+00:00,297849,297850,297852,0.03664,0.03716349872092187,0.03716349872092187,0.03565300255815626,stop,-1.4086368047665943,-1.4886368047665943,3
1000XEC,short,2024-07-18 14:05:00+00:00,2024-07-18 14:10:00+00:00,2024-07-18 14:15:00+00:00,298099,298100,298101,0.03627,0.035939732095252454,0.03645013395237377,0.035939732095252454,take_profit,0.9189492672683874,0.8389492672683874,2
1000XEC,short,2024-07-18 15:50:00+00:00,2024-07-18 15:55:00+00:00,2024-07-18 16:25:00+00:00,298120,298121,298127,0.03627,0.03590891821723036,0.03643554089138482,0.03590891821723036,take_profit,1.0055490410078027,0.9255490410078027,7
1000XEC,long,2024-07-19 15:00:00+00:00,2024-07-19 15:05:00+00:00,2024-07-19 16:00:00+00:00,298398,298399,298410,0.03578,0.0355211678090773,0.0355211678090773,0.036267664381845414,stop,-0.723399080275855,-0.803399080275855,12
1000XEC,short,2024-07-19 17:05:00+00:00,2024-07-19 17:10:00+00:00,2024-07-19 18:00:00+00:00,298423,298424,298434,0.03522,0.03562847694246094,0.03562847694246094,0.03443304611507811,stop,-1.1464900481730433,-1.2264900481730434,11
1000XEC,short,2024-07-19 18:35:00+00:00,2024-07-19 18:40:00+00:00,2024-07-19 22:40:00+00:00,298441,298442,298490,0.03529,0.03559593598243823,0.03559593598243823,0.034648128035123536,stop,-0.8594688522565175,-0.9394688522565176,49
1000XEC,short,2024-07-20 14:20:00+00:00,2024-07-20 14:25:00+00:00,2024-07-20 16:15:00+00:00,298678,298679,298701,0.03633,0.03649560071317951,0.03649560071317951,0.03599879857364098,stop,-0.4537552744534157,-0.5337552744534158,23
1000XEC,short,2024-07-21 14:05:00+00:00,2024-07-21 14:10:00+00:00,2024-07-21 14:15:00+00:00,298963,298964,298965,0.03595,0.03611473002770846,0.03611473002770846,0.03565053994458308,stop,-0.4561297497781891,-0.5361297497781892,2
1000XEC,short,2024-07-21 15:15:00+00:00,2024-07-21 15:20:00+00:00,2024-07-22 03:05:00+00:00,298977,298978,299119,0.03598,0.03534967603095702,0.03626516198452149,0.03534967603095702,take_profit,1.783111020567718,1.7031110205677182,142
1000XEC,short,2024-07-22 14:05:00+00:00,2024-07-22 14:10:00+00:00,2024-07-22 14:40:00+00:00,299251,299252,299258,0.03581,0.035590907196151204,0.035934546401924394,0.035590907196151204,take_profit,0.615586454824868,0.5355864548248679,7
1000XEC,short,2024-07-23 14:05:00+00:00,2024-07-23 14:10:00+00:00,2024-07-23 17:30:00+00:00,299539,299540,299580,0.03468,0.035033249906877076,0.035033249906877076,0.033973500186245856,stop,-1.0083275397402724,-1.0883275397402725,41
1000XEC,long,2024-07-23 18:15:00+00:00,2024-07-23 18:20:00+00:00,2024-07-23 19:45:00+00:00,299589,299590,299607,0.03519,0.034972508374554054,0.034972508374554054,0.0356549832508919,stop,-0.6180495181754675,-0.6980495181754676,18
1000XEC,short,2024-07-23 19:55:00+00:00,2024-07-23 20:00:00+00:00,2024-07-23 21:25:00+00:00,299609,299610,299627,0.03487,0.034545250207373784,0.035032374896313105,0.034545250207373784,take_profit,0.9400707497463578,0.8600707497463578,18
1000XEC,long,2024-07-24 15:05:00+00:00,2024-07-24 15:10:00+00:00,2024-07-24 16:15:00+00:00,299839,299840,299853,0.03409,0.03435551562685468,0.03394224218657266,0.03435551562685468,take_profit,0.7788666085499552,0.6988666085499551,14
1000XEC,short,2024-07-25 14:55:00+00:00,2024-07-25 15:00:00+00:00,2024-07-25 15:30:00+00:00,300125,300126,300132,0.03242,0.03255203838477109,0.03255203838477109,0.032155923230457815,stop,-0.4056224781083584,-0.4856224781083584,7
1000XEC,short,2024-07-25 16:50:00+00:00,2024-07-25 16:55:00+00:00,2024-07-25 17:10:00+00:00,300148,300149,300152,0.03242,0.03256475925684172,0.03256475925684172,0.03213048148631655,stop,-0.44452733613041806,-0.5245273361304181,4
1000XEC,short,2024-07-25 19:10:00+00:00,2024-07-25 19:15:00+00:00,2024-07-25 20:30:00+00:00,300176,300177,300192,0.03239,0.03257167391971914,0.03257167391971914,0.03205665216056172,stop,-0.5577666047097085,-0.6377666047097086,16
1000XEC,long,2024-07-26 14:25:00+00:00,2024-07-26 14:30:00+00:00,2024-07-26 14:40:00+00:00,300407,300408,300410,0.03423,0.034128720897207726,0.034128720897207726,0.03440255820558455,stop,-0.29587818519506426,-0.3758781851950643,3
1000XEC,long,2024-07-26 14:55:00+00:00,2024-07-26 15:00:00+00:00,2024-07-26 16:15:00+00:00,300413,300414,300429,0.03423,0.03444797547282319,0.0341210122635884,0.03444797547282319,take_profit,0.6367965901933781,0.556796590193378,16
1000XEC,long,2024-07-26 17:35:00+00:00,2024-07-26 17:40:00+00:00,2024-07-26 18:50:00+00:00,300445,300446,300460,0.03422,0.034385745950534244,0.03413712702473288,0.034385745950534244,take_profit,0.48435403429059054,0.4043540342905905,15
1000XEC,long,2024-07-27 14:40:00+00:00,2024-07-27 14:45:00+00:00,2024-07-27 16:25:00+00:00,300698,300699,300719,0.03825,0.03915234784150597,0.03778382607924702,0.03915234784150597,take_profit,2.359079324198632,2.279079324198632,21
1000XEC,short,2024-07-28 14:05:00+00:00,2024-07-28 14:10:00+00:00,2024-07-28 14:30:00+00:00,300979,300980,300984,0.03762,0.03800985983262228,0.03800985983262228,0.03684028033475545,stop,-1.0256807952963687,-1.1056807952963688,5
1000XEC,short,2024-07-28 17:25:00+00:00,2024-07-28 17:30:00+00:00,2024-07-28 20:10:00+00:00,301019,301020,301052,0.0375,0.03787433853388858,0.03787433853388858,0.03672132293222285,stop,-0.9883698260594986,-1.0683698260594987,33
1000XEC,long,2024-07-29 14:15:00+00:00,2024-07-29 14:20:00+00:00,2024-07-29 14:55:00+00:00,301269,301270,301277,0.03876,0.03981051396839156,0.03821974301580422,0.03981051396839156,take_profit,2.7103043560153806,2.6303043560153805,8
1000XEC,short,2024-07-30 14:30:00+00:00,2024-07-30 14:35:00+00:00,2024-07-30 14:45:00+00:00,301560,301561,301563,0.04005,0.04065434894359626,0.04065434894359626,0.03890130211280749,stop,-1.4865542292528788,-1.5665542292528787,3
1000XEC,short,2024-07-30 14:55:00+00:00,2024-07-30 15:00:00+00:00,2024-07-30 16:30:00+00:00,301565,301566,301584,0.04017,0.040627267288768594,0.040627267288768594,0.039255465422462804,stop,-1.1255182031280953,-1.2055182031280953,19
1000XEC,short,2024-07-30 18:45:00+00:00,2024-07-30 18:50:00+00:00,2024-07-30 19:45:00+00:00,301611,301612,301623,0.04028,0.03933805121049633,0.04073597439475184,0.03933805121049633,take_profit,2.3944978475505696,2.3144978475505695,12
1000XEC,long,2024-08-01 14:50:00+00:00,2024-08-01 14:55:00+00:00,2024-08-01 18:35:00+00:00,302140,302141,302185,0.03903,0.038062120979038466,0.038062120979038466,0.040965758041923074,stop,-2.479833515146135,-2.559833515146135,45
1000XEC,long,2024-08-02 19:20:00+00:00,2024-08-02 19:25:00+00:00,2024-08-02 21:30:00+00:00,302482,302483,302508,0.0382,0.0375053494001569,0.0375053494001569,0.0396193011996862,stop,-1.8184570676520906,-1.8984570676520904,26
1000XEC,long,2024-08-03 14:55:00+00:00,2024-08-03 15:00:00+00:00,2024-08-03 17:15:00+00:00,302717,302718,302745,0.0345,0.03410937538608716,0.03410937538608716,0.03531124922782568,stop,-1.1322452577183895,-1.2122452577183895,28
1000XEC,short,2024-08-03 17:30:00+00:00,2024-08-03 17:35:00+00:00,2024-08-03 20:50:00+00:00,302748,302749,302788,0.03392,0.034218494284521415,0.034218494284521415,0.03323301143095718,stop,-0.8723185831599811,-0.9523185831599812,40
1000XEC,long,2024-08-04 14:05:00+00:00,2024-08-04 14:10:00+00:00,2024-08-04 14:35:00+00:00,302995,302996,303001,0.03453,0.035189648507780634,0.03420017574610968,0.035189648507780634,take_profit,1.9103634746036269,1.830363474603627,6
1000XEC,long,2024-08-04 16:55:00+00:00,2024-08-04 17:00:00+00:00,2024-08-04 17:10:00+00:00,303029,303030,303032,0.03458,0.03423392938364562,0.03423392938364562,0.03524214123270875,stop,-1.0007825805505521,-1.0807825805505522,3
1000XEC,long,2024-08-04 18:05:00+00:00,2024-08-04 18:10:00+00:00,2024-08-04 23:30:00+00:00,303043,303044,303108,0.03463,0.03410208436865259,0.03410208436865259,0.03568583126269482,stop,-1.524445946715014,-1.6044459467150138,65
1000XEC,short,2024-08-05 14:05:00+00:00,2024-08-05 14:10:00+00:00,2024-08-05 15:20:00+00:00,303283,303284,303298,0.02777,0.026544018614983886,0.028367990692508057,0.026544018614983886,take_profit,4.6186728648693,4.5386728648693,15
1000XEC,short,2024-08-05 17:05:00+00:00,2024-08-05 17:10:00+00:00,2024-08-05 20:15:00+00:00,303319,303320,303357,0.02784,0.026390715025940852,0.028534642487029575,0.026390715025940852,take_profit,5.491647242731279,5.411647242731279,38
1000XEC,long,2024-08-06 14:30:00+00:00,2024-08-06 14:35:00+00:00,2024-08-06 15:05:00+00:00,303576,303577,303583,0.02993,0.03044166020472676,0.029674169897636618,0.03044166020472676,take_profit,1.7095229025284375,1.6295229025284377,7
1000XEC,long,2024-08-06 16:15:00+00:00,2024-08-06 16:20:00+00:00,2024-08-06 17:25:00+00:00,303597,303598,303611,0.03012,0.02968413744541518,0.02968413744541518,0.030961725109169645,stop,-1.4470868346109556,-1.5270868346109556,14
1000XEC,short,2024-08-06 17:30:00+00:00,2024-08-06 17:35:00+00:00,2024-08-06 23:05:00+00:00,303612,303613,303679,0.02933,0.029822423505561337,0.029822423505561337,0.028345152988877322,stop,-1.6511854090916156,-1.7311854090916154,67
1000XEC,short,2024-08-07 16:10:00+00:00,2024-08-07 16:15:00+00:00,2024-08-07 18:20:00+00:00,303884,303885,303910,0.02999,0.030273302620047935,0.030273302620047935,0.02939339475990413,stop,-0.9358166950054647,-1.0158166950054648,26
1000XEC,long,2024-08-07 19:25:00+00:00,2024-08-07 19:30:00+00:00,2024-08-07 19:40:00+00:00,303923,303924,303926,0.03045,0.030296029585576922,0.030296029585576922,0.03072794082884615,stop,-0.5056499652646318,-0.5856499652646319,3
1000XEC,long,2024-08-08 19:50:00+00:00,2024-08-08 19:55:00+00:00,2024-08-08 21:30:00+00:00,304216,304217,304236,0.03041,0.03096103221277237,0.030134483893613815,0.03096103221277237,take_profit,1.8120099071764928,1.732009907176493,20
1000XEC,long,2024-08-09 15:35:00+00:00,2024-08-09 15:40:00+00:00,2024-08-09 16:25:00+00:00,304453,304454,304463,0.03205,0.03183885311458155,0.03183885311458155,0.03250229377083689,stop,-0.658804634690946,-0.738804634690946,10
1000XEC,short,2024-08-09 16:40:00+00:00,2024-08-09 16:45:00+00:00,2024-08-09 17:30:00+00:00,304466,304467,304476,0.03148,0.03168985043846516,0.03168985043846516,0.03100029912306969,stop,-0.6622007853039347,-0.7422007853039347,10
1000XEC,short,2024-08-09 18:40:00+00:00,2024-08-09 18:45:00+00:00,2024-08-09 18:45:00+00:00,304490,304491,304491,0.03154,0.03165523289667852,0.03165523289667852,0.031279534206642964,stop,-0.36402479506196794,-0.44402479506196796,1
1000XEC,long,2024-08-10 14:10:00+00:00,2024-08-10 14:15:00+00:00,2024-08-10 20:25:00+00:00,304724,304725,304799,0.03165,0.03212456186132027,0.03142771906933987,0.03212456186132027,take_profit,1.4994055649929505,1.4194055649929505,75
1000XEC,long,2024-08-11 15:35:00+00:00,2024-08-11 15:40:00+00:00,2024-08-11 18:20:00+00:00,305029,305030,305062,0.03205,0.03241352740861578,0.03189823629569211,0.03241352740861578,take_profit,1.13425088491661,1.05425088491661,33
1000XEC,long,2024-08-11 19:05:00+00:00,2024-08-11 19:10:00+00:00,2024-08-11 20:00:00+00:00,305071,305072,305082,0.0321,0.03190189549483084,0.03190189549483084,0.032496209010338305,stop,-0.6171479911811661,-0.6971479911811662,11
1000XEC,long,2024-08-12 15:10:00+00:00,2024-08-12 15:15:00+00:00,2024-08-12 16:10:00+00:00,305312,305313,305324,0.03085,0.030029197469279633,0.030029197469279633,0.03246160506144073,stop,-2.6606240866138275,-2.7406240866138276,12
1000XEC,short,2024-08-13 18:15:00+00:00,2024-08-13 18:20:00+00:00,2024-08-13 21:30:00+00:00,305637,305638,305676,0.03078,0.030974869039689136,0.030974869039689136,0.030390261920621723,stop,-0.6291198178737911,-0.7091198178737912,39
1000XEC,short,2024-08-14 14:05:00+00:00,2024-08-14 14:10:00+00:00,2024-08-14 14:15:00+00:00,305875,305876,305877,0.03149,0.03161217275018162,0.03161217275018162,0.031185654499636756,stop,-0.3864737522064843,-0.4664737522064843,2
1000XEC,short,2024-08-14 14:20:00+00:00,2024-08-14 14:25:00+00:00,2024-08-14 14:55:00+00:00,305878,305879,305885,0.03149,0.03116199451009547,0.031639002744952266,0.03116199451009547,take_profit,1.0525818230224804,0.9725818230224803,7
1000XEC,short,2024-08-14 19:10:00+00:00,2024-08-14 19:15:00+00:00,2024-08-14 19:35:00+00:00,305936,305937,305941,0.03147,0.03163316472837013,0.03163316472837013,0.031203670543259725,stop,-0.5158027335273263,-0.5958027335273264,5
1000XEC,short,2024-08-14 19:55:00+00:00,2024-08-14 20:00:00+00:00,2024-08-14 20:40:00+00:00,305945,305946,305954,0.03152,0.03165873557667691,0.03165873557667691,0.031182528846646185,stop,-0.4382221025248878,-0.5182221025248879,9
1000XEC,short,2024-08-15 14:55:00+00:00,2024-08-15 15:00:00+00:00,2024-08-15 16:10:00+00:00,306173,306174,306188,0.03136,0.031669523132032244,0.031669523132032244,0.03071095373593552,stop,-0.9773533082320984,-1.0573533082320985,15
1000XEC,long,2024-08-15 17:25:00+00:00,2024-08-15 17:30:00+00:00,2024-08-16 02:50:00+00:00,306203,306204,306316,0.03208,0.03152246774948562,0.03152246774948562,0.03316506450102877,stop,-1.7379434242966951,-1.817943424296695,113
1000XEC,long,2024-08-16 15:45:00+00:00,2024-08-16 15:50:00+00:00,2024-08-16 17:30:00+00:00,306471,306472,306492,0.03166,0.03135361126025308,0.03135361126025308,0.03230277747949383,stop,-0.9677471249113112,-1.0477471249113113,21
1000XEC,long,2024-08-17 14:25:00+00:00,2024-08-17 14:30:00+00:00,2024-08-17 15:20:00+00:00,306743,306744,306754,0.03081,0.030724586756114447,0.030724586756114447,0.031010826487771107,stop,-0.27722571855096634,-0.35722571855096635,11
1000XEC,long,2024-08-17 15:25:00+00:00,2024-08-17 15:30:00+00:00,2024-08-17 19:15:00+00:00,306755,306756,306801,0.03077,0.03100494377213683,0.030667528113931582,0.03100494377213683,take_profit,0.7635481707404246,0.6835481707404245,46
1000XEC,long,2024-08-18 14:40:00+00:00,2024-08-18 14:45:00+00:00,2024-08-18 15:15:00+00:00,307034,307035,307041,0.03094,0.030880662339275295,0.030880662339275295,0.031088675321449405,stop,-0.1917830016958777,-0.2717830016958777,7
1000XEC,long,2024-08-18 15:20:00+00:00,2024-08-18 15:25:00+00:00,2024-08-18 16:10:00+00:00,307042,307043,307052,0.03096,0.030851823095335774,0.030851823095335774,0.031176353809328455,stop,-0.34940860679659735,-0.42940860679659737,10
1000XEC,long,2024-08-18 18:05:00+00:00,2024-08-18 18:10:00+00:00,2024-08-18 18:35:00+00:00,307075,307076,307081,0.03092,0.03081305649110078,0.03081305649110078,0.031193887017798436,stop,-0.3458716329211464,-0.42587163292114644,6
1000XEC,short,2024-08-19 14:05:00+00:00,2024-08-19 14:10:00+00:00,2024-08-19 14:30:00+00:00,307315,307316,307320,0.0307,0.030383232440010784,0.03085838377999461,0.030383232440010784,take_profit,1.0425735991542284,0.9625735991542284,5
1000XEC,short,2024-08-19 16:10:00+00:00,2024-08-19 16:15:00+00:00,2024-08-19 19:05:00+00:00,307340,307341,307375,0.03064,0.030278599327183173,0.030820700336408414,0.030278599327183173,take_profit,1.1935845146323398,1.1135845146323398,35
1000XEC,long,2024-08-20 14:15:00+00:00,2024-08-20 14:20:00+00:00,2024-08-20 16:05:00+00:00,307605,307606,307627,0.03191,0.031711950043947994,0.031711950043947994,0.032306099912104015,stop,-0.6206516955562735,-0.7006516955562736,22
1000XEC,long,2024-08-20 18:25:00+00:00,2024-08-20 18:30:00+00:00,2024-08-20 20:05:00+00:00,307655,307656,307675,0.03184,0.03169443345175014,0.03169443345175014,0.032131133096499724,stop,-0.4571813701314764,-0.5371813701314765,20
1000XEC,short,2024-08-21 14:45:00+00:00,2024-08-21 14:50:00+00:00,2024-08-21 15:15:00+00:00,307899,307900,307905,0.03276,0.03295732290302902,0.03295732290302902,0.03233535419394197,stop,-0.5987224860757201,-0.6787224860757202,6
1000XEC,short,2024-08-21 17:20:00+00:00,2024-08-21 17:25:00+00:00,2024-08-21 17:45:00+00:00,307930,307931,307935,0.03269,0.03298713946316568,0.03298713946316568,0.032125721073668644,stop,-0.9007736590724291,-0.9807736590724292,5
1000XEC,long,2024-08-22 14:25:00+00:00,2024-08-22 14:30:00+00:00,2024-08-22 16:05:00+00:00,308183,308184,308203,0.0341,0.033951389589889094,0.033951389589889094,0.034397220820221806,stop,-0.43580765428417045,-0.5158076542841705,20
1000XEC,long,2024-08-22 16:50:00+00:00,2024-08-22 16:55:00+00:00,2024-08-22 17:05:00+00:00,308212,308213,308215,0.03414,0.03468615581781099,0.0338669220910945,0.03468615581781099,take_profit,1.5997534206531716,1.5197534206531715,3
1000XEC,long,2024-08-23 14:05:00+00:00,2024-08-23 14:10:00+00:00,2024-08-23 15:45:00+00:00,308467,308468,308487,0.03427,0.03453784794500429,0.03413607602749786,0.03453784794500429,take_profit,0.7815813977364527,0.7015813977364527,20
1000XEC,long,2024-08-24 15:20:00+00:00,2024-08-24 15:25:00+00:00,2024-08-24 17:50:00+00:00,308770,308771,308800,0.03585,0.03624431653442401,0.035652841732787995,0.03624431653442401,take_profit,1.0999066511129918,1.0199066511129917,30
1000XEC,short,2024-08-25 14:50:00+00:00,2024-08-25 14:55:00+00:00,2024-08-25 15:40:00+00:00,309052,309053,309062,0.03522,0.03497194936186854,0.03534402531906573,0.03497194936186854,take_profit,0.7092845627928446,0.6292845627928445,10
1000XEC,short,2024-08-26 14:20:00+00:00,2024-08-26 14:25:00+00:00,2024-08-26 15:10:00+00:00,309334,309335,309344,0.0346,0.03437356680276414,0.03472821659861793,0.03437356680276414,take_profit,0.6587422205415416,0.5787422205415416,10
1000XEC,long,2024-08-27 14:05:00+00:00,2024-08-27 14:10:00+00:00,2024-08-27 14:30:00+00:00,309619,309620,309624,0.03353,0.03372960220651324,0.03341519889674338,0.03372960220651324,take_profit,0.5952943826819102,0.5152943826819101,5
1000XEC,long,2024-08-27 15:35:00+00:00,2024-08-27 15:40:00+00:00,2024-08-27 16:40:00+00:00,309637,309638,309650,0.03351,0.03332187395541509,0.03332187395541509,0.033916252089169825,stop,-0.5614026994476551,-0.6414026994476552,13
1000XEC,short,2024-08-27 17:10:00+00:00,2024-08-27 17:15:00+00:00,2024-08-27 19:05:00+00:00,309656,309657,309679,0.03329,0.03290982245037276,0.03343508877481362,0.03290982245037276,take_profit,1.1552099686971573,1.0752099686971572,23
1000XEC,short,2024-08-28 16:35:00+00:00,2024-08-28 16:40:00+00:00,2024-08-28 17:30:00+00:00,309937,309938,309948,0.03148,0.03169098043085293,0.03169098043085293,0.031058039138294143,stop,-0.6657428327699444,-0.7457428327699445,11
1000XEC,long,2024-08-28 17:50:00+00:00,2024-08-28 17:55:00+00:00,2024-08-28 18:50:00+00:00,309952,309953,309964,0.03171,0.032138071848378705,0.03149596407581065,0.032138071848378705,take_profit,1.3499585253191615,1.2699585253191614,12
1000XEC,long,2024-08-29 14:15:00+00:00,2024-08-29 14:20:00+00:00,2024-08-29 20:40:00+00:00,310197,310198,310274,0.03144,0.03177416308931111,0.031257918455344445,0.03177416308931111,take_profit,1.062859698826668,0.982859698826668,77
1000XEC,short,2024-08-30 14:05:00+00:00,2024-08-30 14:10:00+00:00,2024-08-30 15:35:00+00:00,310483,310484,310501,0.03075,0.030909014008314997,0.030909014008314997,0.030401971983370007,stop,-0.5144583656800594,-0.5944583656800595,18
1000XEC,short,2024-09-01 14:20:00+00:00,2024-09-01 14:25:00+00:00,2024-09-01 14:50:00+00:00,311062,311063,311068,0.03012,0.02979866947139576,0.03029566526430212,0.02979866947139576,take_profit,1.078338510760335,0.9983385107603349,6
1000XEC,short,2024-09-01 16:50:00+00:00,2024-09-01 16:55:00+00:00,2024-09-01 19:15:00+00:00,311092,311093,311121,0.03018,0.029829315318754233,0.030325342340622882,0.029829315318754233,take_profit,1.175637715778488,1.095637715778488,29
1000XEC,long,2024-09-02 14:40:00+00:00,2024-09-02 14:45:00+00:00,2024-09-02 16:25:00+00:00,311354,311355,311375,0.02962,0.02942790401683321,0.02942790401683321,0.03006419196633358,stop,-0.6485347169709388,-0.7285347169709389,21
1000XEC,short,2024-09-02 16:35:00+00:00,2024-09-02 16:40:00+00:00,2024-09-02 17:10:00+00:00,311377,311378,311384,0.02929,0.029509483825212124,0.029509483825212124,0.028791032349575755,stop,-0.7437738542366623,-0.8237738542366624,7
1000XEC,long,2024-09-02 17:20:00+00:00,2024-09-02 17:25:00+00:00,2024-09-02 19:20:00+00:00,311386,311387,311410,0.02968,0.030159028629963485,0.029425485685018255,0.030159028629963485,take_profit,1.6139778637583646,1.5339778637583645,24
1000XEC,long,2024-09-03 09:00:00+00:00,2024-09-03 09:05:00+00:00,2024-09-03 17:35:00+00:00,311574,311575,311677,0.03077,0.030531987019026187,0.030531987019026187,0.031246025961947622,stop,-0.7735228500936331,-0.8535228500936332,103
1000XEC,long,2024-09-04 16:40:00+00:00,2024-09-04 16:45:00+00:00,2024-09-04 18:35:00+00:00,311954,311955,311977,0.03016,0.029904780623591226,0.029904780623591226,0.030670438752817546,stop,-0.8462180915410289,-0.926218091541029,23
1000XEC,short,2024-09-05 15:20:00+00:00,2024-09-05 15:25:00+00:00,2024-09-05 16:05:00+00:00,312226,312227,312235,0.0298,0.03002909719429666,0.03002909719429666,0.02934180561140668,stop,-0.7629173558377,-0.8429173558377001,9
1000XEC,long,2024-09-05 16:20:00+00:00,2024-09-05 16:25:00+00:00,2024-09-05 17:35:00+00:00,312238,312239,312253,0.0302,0.03004536410547396,0.03004536410547396,0.03056927178905208,stop,-0.5120393858478178,-0.5920393858478179,15
1000XEC,short,2024-09-05 18:15:00+00:00,2024-09-05 18:20:00+00:00,2024-09-05 22:35:00+00:00,312261,312262,312313,0.02982,0.030006733058359214,0.030006733058359214,0.02944653388328157,stop,-0.6223038609236231,-0.7023038609236232,52
1000XEC,short,2024-09-06 14:10:00+00:00,2024-09-06 14:15:00+00:00,2024-09-06 16:15:00+00:00,312500,312501,312525,0.02943,0.029272135501112996,0.029523932249443503,0.029272135501112996,take_profit,0.5392995631664954,0.4592995631664954,25
1000XEC,long,2024-09-06 19:20:00+00:00,2024-09-06 19:25:00+00:00,2024-09-06 21:30:00+00:00,312562,312563,312588,0.02968,0.030188681009788002,0.029425659495106,0.030188681009788002,take_profit,1.7138848038679377,1.6338848038679379,26
1000XEC,long,2024-09-07 14:05:00+00:00,2024-09-07 14:10:00+00:00,2024-09-07 21:40:00+00:00,312787,312788,312878,0.02918,0.029648390225276374,0.028945804887361815,0.029648390225276374,take_profit,1.6051755492678899,1.5251755492678898,91
1000XEC,short,2024-09-08 14:45:00+00:00,2024-09-08 14:50:00+00:00,2024-09-08 14:55:00+00:00,313083,313084,313085,0.02947,0.029562742898319547,0.029562742898319547,0.029254514203360907,stop,-0.31371547166152425,-0.39371547166152426,2
1000XEC,long,2024-09-09 15:30:00+00:00,2024-09-09 15:35:00+00:00,2024-09-09 20:05:00+00:00,313380,313381,313435,0.03135,0.031127827383811608,0.031127827383811608,0.03179434523237679,stop,-0.7086845811432041,-0.7886845811432042,55
1000XEC,short,2024-09-11 14:10:00+00:00,2024-09-11 14:15:00+00:00,2024-09-11 14:50:00+00:00,313940,313941,313948,0.03066,0.03092305704586106,0.03092305704586106,0.03019388590827788,stop,-0.8506825359178682,-0.9306825359178683,8
1000XEC,short,2024-09-12 14:05:00+00:00,2024-09-12 14:10:00+00:00,2024-09-12 17:30:00+00:00,314227,314228,314268,0.0318,0.03191997599301485,0.03191997599301485,0.0315300480139703,stop,-0.37586492245827996,-0.45586492245828,41
1000XEC,short,2024-09-12 18:00:00+00:00,2024-09-12 18:05:00+00:00,2024-09-12 21:50:00+00:00,314274,314275,314320,0.03181,0.031583842441341034,0.03195307877932948,0.031583842441341034,take_profit,0.7160546063354811,0.636054606335481,46
1000XEC,long,2024-09-13 16:50:00+00:00,2024-09-13 16:55:00+00:00,2024-09-13 21:20:00+00:00,314548,314549,314602,0.03162,0.031493434810834685,0.031493434810834685,0.03187313037833064,stop,-0.400269415450083,-0.480269415450083,54
1000XEC,short,2024-09-14 14:15:00+00:00,2024-09-14 14:20:00+00:00,2024-09-14 20:10:00+00:00,314805,314806,314876,0.03213,0.031827097762902504,0.03229645111854875,0.031827097762902504,take_profit,0.9517117751482784,0.8717117751482784,71
1000XEC,long,2024-09-15 15:30:00+00:00,2024-09-15 15:35:00+00:00,2024-09-15 18:10:00+00:00,315108,315109,315140,0.0319,0.031796657650308625,0.031796657650308625,0.03210668469938274,stop,-0.32395720906386316,-0.4039572090638632,32
1000XEC,short,2024-09-15 18:35:00+00:00,2024-09-15 18:40:00+00:00,2024-09-15 19:30:00+00:00,315145,315146,315156,0.03175,0.031537896014854135,0.03184105199257293,0.031537896014854135,take_profit,0.672536890368236,0.592536890368236,11
1000XEC,short,2024-09-16 18:45:00+00:00,2024-09-16 18:50:00+00:00,2024-09-16 19:45:00+00:00,315435,315436,315447,0.03059,0.030687913751249653,0.030687913751249653,0.03042417249750069,stop,-0.3190629120093491,-0.3990629120093491,12
1000XEC,long,2024-09-17 14:05:00+00:00,2024-09-17 14:10:00+00:00,2024-09-17 18:20:00+00:00,315667,315668,315718,0.03094,0.030815462943033726,0.030815462943033726,0.031219074113932543,stop,-0.40251149633572236,-0.4825114963357224,51
1000XEC,long,2024-09-17 18:50:00+00:00,2024-09-17 18:55:00+00:00,2024-09-17 19:25:00+00:00,315724,315725,315731,0.03098,0.03087136780852136,0.03087136780852136,0.03116726438295728,stop,-0.35065265164183623,-0.43065265164183625,7
1000XEC,long,2024-09-17 19:50:00+00:00,2024-09-17 19:55:00+00:00,2024-09-17 20:15:00+00:00,315736,315737,315741,0.03099,0.030860472788853777,0.030860472788853777,0.031279054422292445,stop,-0.41796454064608746,-0.4979645406460875,5
1000XEC,short,2024-09-18 14:40:00+00:00,2024-09-18 14:45:00+00:00,2024-09-18 15:50:00+00:00,315962,315963,315976,0.0305,0.03066008117831375,0.03066008117831375,0.030119837643372498,stop,-0.5221159636947692,-0.6021159636947693,14
1000XEC,short,2024-09-18 17:25:00+00:00,2024-09-18 17:30:00+00:00,2024-09-18 18:35:00+00:00,315995,315996,316009,0.03045,0.030277972992231804,0.0305510135038841,0.030277972992231804,take_profit,0.5681589312875435,0.48815893128754345,14
1000XEC,long,2024-09-19 17:00:00+00:00,2024-09-19 17:05:00+00:00,2024-09-19 17:50:00+00:00,316278,316279,316288,0.03211,0.03201216171451245,0.03201216171451245,0.03230567657097509,stop,-0.30469724536763554,-0.38469724536763555,10
1000XEC,long,2024-09-19 19:05:00+00:00,2024-09-19 19:10:00+00:00,2024-09-19 19:35:00+00:00,316303,316304,316309,0.03215,0.03204429213713438,0.03204429213713438,0.03239141572573124,stop,-0.3287958409505909,-0.4087958409505909,6
1000XEC,long,2024-09-20 14:15:00+00:00,2024-09-20 14:20:00+00:00,2024-09-20 14:25:00+00:00,316533,316534,316535,0.0335,0.033330994870201656,0.033330994870201656,0.03383801025959669,stop,-0.5044929247711827,-0.5844929247711828,2
1000XEC,long,2024-09-21 14:25:00+00:00,2024-09-21 14:30:00+00:00,2024-09-21 18:00:00+00:00,316823,316824,316866,0.03289,0.03312003354410874,0.032774983227945635,0.03312003354410874,take_profit,0.6994026880776438,0.6194026880776438,43
1000XEC,short,2024-09-22 14:05:00+00:00,2024-09-22 14:10:00+00:00,2024-09-22 18:20:00+00:00,317107,317108,317158,0.03325,0.03301476573521499,0.03336761713239251,0.03301476573521499,take_profit,0.7125122942614137,0.6325122942614136,51
1000XEC,long,2024-09-23 14:35:00+00:00,2024-09-23 14:40:00+00:00,2024-09-23 16:05:00+00:00,317401,317402,317419,0.03345,0.033329121866600406,0.033329121866600406,0.03366175626679918,stop,-0.36136960657576767,-0.4413696065757677,18
1000XEC,long,2024-09-25 14:05:00+00:00,2024-09-25 14:10:00+00:00,2024-09-25 14:20:00+00:00,317971,317972,317974,0.03494,0.034585239118490194,0.034585239118490194,0.03558952176301961,stop,-1.0153431067824958,-1.095343106782496,3
1000XEC,long,2024-09-26 14:10:00+00:00,2024-09-26 14:15:00+00:00,2024-09-26 14:30:00+00:00,318260,318261,318264,0.03391,0.03415011269235212,0.033804943653823936,0.03415011269235212,take_profit,0.7080881520262983,0.6280881520262982,4
1000XEC,short,2024-09-28 14:25:00+00:00,2024-09-28 14:30:00+00:00,2024-09-28 15:35:00+00:00,318839,318840,318853,0.03767,0.037101215211551075,0.037984392394224464,0.037101215211551075,take_profit,1.5330624218255817,1.4530624218255817,14
1000XEC,short,2024-09-29 14:40:00+00:00,2024-09-29 14:45:00+00:00,2024-09-29 16:20:00+00:00,319130,319131,319150,0.0367,0.036360334299478624,0.03688483285026069,0.036360334299478624,take_profit,0.9341655049806663,0.8541655049806662,20
1000XEC,short,2024-09-30 19:05:00+00:00,2024-09-30 19:10:00+00:00,2024-09-30 20:30:00+00:00,319471,319472,319488,0.03512,0.03548990378660569,0.03548990378660569,0.034350192426788634,stop,-1.0422789219994844,-1.1222789219994844,17
1000XEC,long,2024-10-01 15:20:00+00:00,2024-10-01 15:25:00+00:00,2024-10-01 17:15:00+00:00,319714,319715,319737,0.03535,0.03520486100090633,0.03520486100090633,0.03567027799818735,stop,-0.4105770837161904,-0.4905770837161904,23
1000XEC,long,2024-10-01 19:50:00+00:00,2024-10-01 19:55:00+00:00,2024-10-01 20:05:00+00:00,319768,319769,319771,0.03537,0.03527749490544476,0.03527749490544476,0.035585010189110484,stop,-0.2615354666532066,-0.3415354666532066,3
1000XEC,long,2024-10-02 14:15:00+00:00,2024-10-02 14:20:00+00:00,2024-10-02 14:50:00+00:00,319989,319990,319996,0.03334,0.03316764344877183,0.03316764344877183,0.03368471310245635,stop,-0.5169662604324277,-0.5969662604324277,7
1000XEC,long,2024-10-02 15:30:00+00:00,2024-10-02 15:35:00+00:00,2024-10-02 16:40:00+00:00,320004,320005,320018,0.03335,0.03380900119580295,0.03313549940209853,0.03380900119580295,take_profit,1.3763154296940083,1.2963154296940083,14
1000XEC,long,2024-10-02 19:05:00+00:00,2024-10-02 19:10:00+00:00,2024-10-02 20:20:00+00:00,320047,320048,320062,0.03355,0.03624481894447228,0.032202590527763864,0.03624481894447228,take_profit,8.032247226444955,7.952247226444956,15
1000XEC,long,2024-10-03 14:05:00+00:00,2024-10-03 14:10:00+00:00,2024-10-03 17:50:00+00:00,320275,320276,320320,0.03481,0.034016117270273684,0.034016117270273684,0.036397765459452634,stop,-2.2806168621841927,-2.3606168621841928,45
1000XEC,long,2024-10-03 18:20:00+00:00,2024-10-03 18:25:00+00:00,2024-10-04 00:10:00+00:00,320326,320327,320396,0.03451,0.03383942431198452,0.03383942431198452,0.035851151376030954,stop,-1.943134419053838,-2.023134419053838,70
1000XEC,long,2024-10-04 17:15:00+00:00,2024-10-04 17:20:00+00:00,2024-10-04 21:05:00+00:00,320601,320602,320647,0.03479,0.035312966268417414,0.034528516865791295,0.035312966268417414,take_profit,1.503208589874716,1.423208589874716,46
1000XEC,short,2024-10-07 14:40:00+00:00,2024-10-07 14:45:00+00:00,2024-10-07 15:05:00+00:00,321434,321435,321439,0.03556,0.03566152896177233,0.03566152896177233,0.03532694207645533,stop,-0.28470165112989276,-0.3647016511298928,5
1000XEC,long,2024-10-07 15:50:00+00:00,2024-10-07 15:55:00+00:00,2024-10-07 16:15:00+00:00,321448,321449,321453,0.03583,0.0357102429016281,0.0357102429016281,0.0360695141967438,stop,-0.3342369477306706,-0.4142369477306706,5
1000XEC,short,2024-10-07 18:00:00+00:00,2024-10-07 18:05:00+00:00,2024-10-07 18:20:00+00:00,321474,321475,321478,0.03554,0.035246644994295015,0.03570167750285249,0.035246644994295015,take_profit,0.8322919975857879,0.7522919975857878,4
1000XEC,short,2024-10-08 14:20:00+00:00,2024-10-08 14:25:00+00:00,2024-10-09 00:30:00+00:00,321718,321719,321840,0.03417,0.033597073006614665,0.034456463496692666,0.033597073006614665,take_profit,1.7052884138821778,1.625288413882178,122
1000XEC,long,2024-10-09 14:20:00+00:00,2024-10-09 14:25:00+00:00,2024-10-09 21:20:00+00:00,322006,322007,322090,0.03373,0.03353441095219348,0.03353441095219348,0.03415117809561304,stop,-0.579866729340428,-0.6598667293404281,84
1000XEC,short,2024-10-10 14:05:00+00:00,2024-10-10 14:10:00+00:00,2024-10-10 14:40:00+00:00,322291,322292,322298,0.03272,0.03279633295584912,0.03279633295584912,0.03256733408830176,stop,-0.23274844767517955,-0.31274844767517956,7
1000XEC,long,2024-10-10 14:45:00+00:00,2024-10-10 14:50:00+00:00,2024-10-10 16:35:00+00:00,322299,322300,322321,0.03288,0.032740495240845005,0.032740495240845005,0.03315900951830999,stop,-0.4242845473083734,-0.5042845473083735,22
1000XEC,short,2024-10-10 16:50:00+00:00,2024-10-10 16:55:00+00:00,2024-10-10 18:25:00+00:00,322324,322325,322343,0.03269,0.03241872168171279,0.032840639159143606,0.03241872168171279,take_profit,0.8367952350207375,0.7567952350207374,19
1000XEC,short,2024-10-10 19:30:00+00:00,2024-10-10 19:35:00+00:00,2024-10-10 20:50:00+00:00,322356,322357,322372,0.03273,0.032867888186321685,0.032867888186321685,0.032454223627356636,stop,-0.41952250032013527,-0.4995225003201353,16
1000XEC,long,2024-10-11 15:25:00+00:00,2024-10-11 15:30:00+00:00,2024-10-11 18:10:00+00:00,322595,322596,322628,0.03304,0.03326177364340762,0.032944113178296194,0.03326177364340762,take_profit,0.671227734284563,0.5912277342845629,33
1000XEC,long,2024-10-12 14:50:00+00:00,2024-10-12 14:55:00+00:00,2024-10-12 16:55:00+00:00,322876,322877,322901,0.03486,0.03512511196089839,0.0347424440195508,0.03512511196089839,take_profit,0.7605047644818841,0.680504764481884,25
1000XEC,short,2024-10-13 16:10:00+00:00,2024-10-13 16:15:00+00:00,2024-10-13 17:05:00+00:00,323180,323181,323191,0.03433,0.034431934284665795,0.034431934284665795,0.03409613143066842,stop,-0.29604576909055824,-0.37604576909055826,11
1000XEC,short,2024-10-13 17:50:00+00:00,2024-10-13 17:55:00+00:00,2024-10-13 18:05:00+00:00,323200,323201,323203,0.03434,0.03439309268293424,0.03439309268293424,0.03423381463413153,stop,-0.15437019119999285,-0.23437019119999283,3
1000XEC,short,2024-10-13 19:10:00+00:00,2024-10-13 19:15:00+00:00,2024-10-13 20:15:00+00:00,323216,323217,323229,0.03432,0.03410203333819632,0.03444398333090184,0.03410203333819632,take_profit,0.6391603094222154,0.5591603094222153,13
1000XEC,long,2024-10-14 16:50:00+00:00,2024-10-14 16:55:00+00:00,2024-10-14 17:35:00+00:00,323476,323477,323485,0.03457,0.034414719728363914,0.034414719728363914,0.03488056054327216,stop,-0.44917637152468437,-0.5291763715246844,9
1000XEC,long,2024-10-14 18:15:00+00:00,2024-10-14 18:20:00+00:00,2024-10-14 22:05:00+00:00,323493,323494,323539,0.03451,0.03491977697744109,0.03432011151127946,0.03491977697744109,take_profit,1.1874151765896679,1.1074151765896678,46
1000XEC,short,2024-10-15 14:10:00+00:00,2024-10-15 14:15:00+00:00,2024-10-15 16:10:00+00:00,323732,323733,323756,0.03706,0.037437549158903835,0.037437549158903835,0.036364901682192335,stop,-1.008477230444016,-1.088477230444016,24
1000XEC,short,2024-10-15 16:20:00+00:00,2024-10-15 16:25:00+00:00,2024-10-15 21:10:00+00:00,323758,323759,323816,0.03716,0.036342673330140476,0.03756866333492976,0.036342673330140476,take_profit,2.2489448215183394,2.1689448215183393,58
1000XEC,long,2024-10-16 14:15:00+00:00,2024-10-16 14:20:00+00:00,2024-10-16 15:20:00+00:00,324021,324022,324034,0.03673,0.03647215230772466,0.03647215230772466,0.037335695384550685,stop,-0.7020084189363951,-0.7820084189363952,13
1000XEC,short,2024-10-16 15:25:00+00:00,2024-10-16 15:30:00+00:00,2024-10-16 17:45:00+00:00,324035,324036,324063,0.03627,0.03664889851054417,0.03664889851054417,0.03551220297891165,stop,-1.0338605686475377,-1.1138605686475378,28
1000XEC,long,2024-10-16 18:35:00+00:00,2024-10-16 18:40:00+00:00,2024-10-16 20:25:00+00:00,324073,324074,324095,0.0368,0.03713964138762656,0.036615179306186726,0.03713964138762656,take_profit,0.9229385533330303,0.8429385533330302,22
1000XEC,short,2024-10-17 14:25:00+00:00,2024-10-17 14:30:00+00:00,2024-10-17 15:00:00+00:00,324311,324312,324318,0.03596,0.03565197216210683,0.03614401391894658,0.03565197216210683,take_profit,0.8639854100990219,0.7839854100990218,7
1000XEC,short,2024-10-17 15:40:00+00:00,2024-10-17 15:45:00+00:00,2024-10-17 16:15:00+00:00,324326,324327,324333,0.03596,0.03555441970907943,0.03614779014546029,0.03555441970907943,take_profit,1.1407310096443357,1.0607310096443356,7
1000XEC,short,2024-10-17 17:55:00+00:00,2024-10-17 18:00:00+00:00,2024-10-17 19:10:00+00:00,324353,324354,324368,0.03589,0.035497919244546844,0.03610104037772658,0.035497919244546844,take_profit,1.1045175711626776,1.0245175711626775,15
1000XEC,long,2024-10-18 15:05:00+00:00,2024-10-18 15:10:00+00:00,2024-10-18 20:35:00+00:00,324607,324608,324673,0.03605,0.03586950182058541,0.03586950182058541,0.03638099635882919,stop,-0.5006884311084314,-0.5806884311084315,66
1000XEC,short,2024-10-19 16:30:00+00:00,2024-10-19 16:35:00+00:00,2024-10-19 17:25:00+00:00,324912,324913,324923,0.03596,0.03606739108940771,0.03606739108940771,0.03571521782118459,stop,-0.2977511989749826,-0.3777511989749826,11
1000XEC,short,2024-10-19 18:50:00+00:00,2024-10-19 18:55:00+00:00,2024-10-19 19:50:00+00:00,324940,324941,324952,0.03596,0.03581243981762081,0.03603378009118959,0.03581243981762081,take_profit,0.4120361056958233,0.33203610569582326,12
1000XEC,short,2024-10-20 15:00:00+00:00,2024-10-20 15:05:00+00:00,2024-10-20 15:05:00+00:00,325182,325183,325183,0.03531,0.03544025238981777,0.03544025238981777,0.03507949522036446,stop,-0.3675266992601567,-0.4475266992601567,1
1000XEC,long,2024-10-20 15:55:00+00:00,2024-10-20 16:00:00+00:00,2024-10-20 21:55:00+00:00,325193,325194,325265,0.03556,0.035423348891736484,0.035423348891736484,0.035863302216527025,stop,-0.384283206590319,-0.464283206590319,72
1000XEC,short,2024-10-21 15:55:00+00:00,2024-10-21 16:00:00+00:00,2024-10-21 18:30:00+00:00,325481,325482,325512,0.0361,0.03559513526276643,0.03635243236861679,0.03559513526276643,take_profit,1.418353192105104,1.338353192105104,31
1000XEC,long,2024-10-22 14:10:00+00:00,2024-10-22 14:15:00+00:00,2024-10-22 15:55:00+00:00,325748,325749,325769,0.03507,0.034958700347326656,0.034958700347326656,0.03526259930534669,stop,-0.3173642790799569,-0.3973642790799569,21
1000XEC,short,2024-10-22 16:35:00+00:00,2024-10-22 16:40:00+00:00,2024-10-22 17:00:00+00:00,325777,325778,325782,0.03488,0.034681719105681505,0.034964140447159245,0.034681719105681505,take_profit,0.571715876350587,0.49171587635058694,5
1000XEC,short,2024-10-23 14:40:00+00:00,2024-10-23 14:45:00+00:00,2024-10-23 15:05:00+00:00,326042,326043,326047,0.03422,0.03430742189621165,0.03430742189621165,0.0340451562075767,stop,-0.25481919473904213,-0.33481919473904215,5
1000XEC,short,2024-10-23 16:10:00+00:00,2024-10-23 16:15:00+00:00,2024-10-23 17:55:00+00:00,326060,326061,326081,0.0342,0.033937337168679554,0.03436133141566022,0.033937337168679554,take_profit,0.7739641740744929,0.6939641740744928,21
1000XEC,long,2024-10-24 15:10:00+00:00,2024-10-24 15:15:00+00:00,2024-10-24 15:40:00+00:00,326336,326337,326342,0.0342,0.034109530023771685,0.034109530023771685,0.03441093995245662,stop,-0.26453209423483726,-0.34453209423483727,6
1000XEC,short,2024-10-25 16:25:00+00:00,2024-10-25 16:30:00+00:00,2024-10-25 17:30:00+00:00,326639,326640,326652,0.03378,0.033915594982082416,0.033915594982082416,0.03353881003583517,stop,-0.399801277713252,-0.47980127771325204,13
1000XEC,long,2024-10-26 14:40:00+00:00,2024-10-26 14:45:00+00:00,2024-10-26 15:10:00+00:00,326906,326907,326912,0.03267,0.03256467010436918,0.03256467010436918,0.03294065979126164,stop,-0.3224055574864382,-0.4024055574864382,6
1000XEC,long,2024-10-26 15:15:00+00:00,2024-10-26 15:20:00+00:00,2024-10-26 16:20:00+00:00,326913,326914,326926,0.03266,0.03254538436805403,0.03254538436805403,0.032919231263891936,stop,-0.3509357989772588,-0.4309357989772588,13
1000XEC,long,2024-10-26 17:10:00+00:00,2024-10-26 17:15:00+00:00,2024-10-26 21:50:00+00:00,326936,326937,326992,0.03264,0.03255234347423916,0.03255234347423916,0.03284531305152168,stop,-0.2685555323555189,-0.3485555323555189,56
1000XEC,short,2024-10-27 15:35:00+00:00,2024-10-27 15:40:00+00:00,2024-10-27 16:00:00+00:00,327205,327206,327210,0.03248,0.03254664980194876,0.03254664980194876,0.032316700396102474,stop,-0.20478237346803763,-0.28478237346803764,5
1000XEC,long,2024-10-27 16:20:00+00:00,2024-10-27 16:25:00+00:00,2024-10-27 16:40:00+00:00,327214,327215,327218,0.03263,0.032518933377274316,0.032518933377274316,0.032882133245451375,stop,-0.3403819268332331,-0.4203819268332331,4
1000XEC,long,2024-10-27 17:15:00+00:00,2024-10-27 17:20:00+00:00,2024-10-27 18:00:00+00:00,327225,327226,327234,0.03267,0.0325491050336271,0.0325491050336271,0.032941789932745796,stop,-0.3700488716648187,-0.4500488716648187,9
1000XEC,short,2024-10-28 14:30:00+00:00,2024-10-28 14:35:00+00:00,2024-10-28 14:45:00+00:00,327480,327481,327483,0.03242,0.03259713083045145,0.03259713083045145,0.0320357383390971,stop,-0.5433939305050206,-0.6233939305050207,3
1000XEC,short,2024-10-30 15:55:00+00:00,2024-10-30 16:00:00+00:00,2024-10-30 17:05:00+00:00,328073,328074,328087,0.0355,0.03561396963020921,0.03561396963020921,0.035272060739581564,stop,-0.3200138355611504,-0.4000138355611504,14
1000XEC,short,2024-10-30 17:40:00+00:00,2024-10-30 17:45:00+00:00,2024-10-30 19:55:00+00:00,328094,328095,328121,0.03542,0.034971020674063706,0.03564448966296815,0.034971020674063706,take_profit,1.283861086357363,1.2038610863573629,27
1000XEC,long,2024-10-31 14:15:00+00:00,2024-10-31 14:20:00+00:00,2024-10-31 15:15:00+00:00,328341,328342,328353,0.03528,0.035095121138142844,0.035095121138142844,0.03564975772371431,stop,-0.5240330551506633,-0.6040330551506634,12
1000XEC,short,2024-10-31 15:20:00+00:00,2024-10-31 15:25:00+00:00,2024-10-31 17:55:00+00:00,328354,328355,328385,0.03501,0.03523957553401779,0.03523957553401779,0.03452084893196443,stop,-0.6514707698342614,-0.7314707698342615,31
1000XEC,long,2024-10-31 18:50:00+00:00,2024-10-31 18:55:00+00:00,2024-10-31 19:55:00+00:00,328396,328397,328409,0.03535,0.03593251265260456,0.03505874367369772,0.03593251265260456,take_profit,1.647843430281637,1.567843430281637,13
1000XEC,short,2024-11-01 14:05:00+00:00,2024-11-01 14:10:00+00:00,2024-11-01 15:10:00+00:00,328627,328628,328640,0.03392,0.033645391142760064,0.03407230442861997,0.033645391142760064,take_profit,0.816185658459867,0.7361856584598669,13
1000XEC,short,2024-11-02 18:55:00+00:00,2024-11-02 19:00:00+00:00,2024-11-02 19:25:00+00:00,328973,328974,328979,0.03344,0.03328702993876201,0.033501485030619,0.03328702993876201,take_profit,0.4595485434399249,0.3795485434399249,6
1000XEC,short,2024-11-03 18:30:00+00:00,2024-11-03 18:35:00+00:00,2024-11-03 22:15:00+00:00,329256,329257,329301,0.0321,0.031721813706735186,0.03230409314663241,0.031721813706735186,take_profit,1.1921963124842172,1.1121963124842171,45
1000XEC,long,2024-11-04 15:20:00+00:00,2024-11-04 15:25:00+00:00,2024-11-04 16:35:00+00:00,329506,329507,329521,0.03175,0.031586787655393904,0.031586787655393904,0.032046424689212184,stop,-0.5140546286806158,-0.5940546286806159,15
1000XEC,short,2024-11-04 17:35:00+00:00,2024-11-04 17:40:00+00:00,2024-11-04 18:05:00+00:00,329533,329534,329539,0.03149,0.031599466752971525,0.031599466752971525,0.03127106649405694,stop,-0.3464196210248849,-0.4264196210248849,6
1000XEC,short,2024-11-04 18:30:00+00:00,2024-11-04 18:35:00+00:00,2024-11-04 19:00:00+00:00,329544,329545,329550,0.03147,0.03168764593788825,0.03168764593788825,0.031094708124223498,stop,-0.6868479227357671,-0.7668479227357672,6
1000XEC,long,2024-11-05 16:00:00+00:00,2024-11-05 16:05:00+00:00,2024-11-05 16:25:00+00:00,329802,329803,329807,0.03162,0.03126452136142329,0.03126452136142329,0.032330957277153426,stop,-1.1242208683640453,-1.2042208683640454,5
1000XEC,long,2024-11-05 17:55:00+00:00,2024-11-05 18:00:00+00:00,2024-11-05 19:05:00+00:00,329825,329826,329839,0.03151,0.0313644178933664,0.0313644178933664,0.0317711642132672,stop,-0.4620187452669122,-0.5420187452669123,14
1000XEC,long,2024-11-05 20:35:00+00:00,2024-11-05 20:40:00+00:00,2024-11-05 21:20:00+00:00,329857,329858,329866,0.03158,0.03142867074311673,0.03142867074311673,0.03188265851376654,stop,-0.4791933403523463,-0.5591933403523464,9
1000XEC,long,2024-11-06 15:20:00+00:00,2024-11-06 15:25:00+00:00,2024-11-06 16:00:00+00:00,330082,330083,330090,0.03454,0.03411139997191123,0.03411139997191123,0.03542720005617753,stop,-1.2408802202917402,-1.3208802202917402,8
1000XEC,long,2024-11-06 16:10:00+00:00,2024-11-06 16:15:00+00:00,2024-11-06 16:40:00+00:00,330092,330093,330098,0.03436,0.03415403653637706,0.03415403653637706,0.034801926927245874,stop,-0.5994280082157855,-0.6794280082157855,6
1000XEC,short,2024-11-07 15:05:00+00:00,2024-11-07 15:10:00+00:00,2024-11-07 15:55:00+00:00,330367,330368,330377,0.03481,0.03500136266249767,0.03500136266249767,0.03445727467500465,stop,-0.5467291783548323,-0.6267291783548323,10
1000XEC,short,2024-11-07 19:40:00+00:00,2024-11-07 19:45:00+00:00,2024-11-07 19:55:00+00:00,330422,330423,330425,0.03485,0.034987662896377496,0.034987662896377496,0.03454467420724502,stop,-0.3934612517138114,-0.4734612517138114,3
1000XEC,short,2024-11-08 15:05:00+00:00,2024-11-08 15:10:00+00:00,2024-11-08 16:05:00+00:00,330655,330656,330667,0.03533,0.0350168111556982,0.0354865944221509,0.0350168111556982,take_profit,0.8943956744354775,0.8143956744354774,12
1000XEC,long,2024-11-08 19:50:00+00:00,2024-11-08 19:55:00+00:00,2024-11-08 23:45:00+00:00,330712,330713,330759,0.03549,0.03510929398567453,0.03510929398567453,0.036311412028650944,stop,-1.0727134807705596,-1.1527134807705597,47
1000XEC,long,2024-11-09 15:05:00+00:00,2024-11-09 15:10:00+00:00,2024-11-09 15:35:00+00:00,330943,330944,330949,0.03568,0.03552141559135205,0.03552141559135205,0.03599716881729591,stop,-0.44446302872184207,-0.5244630287218421,6
1000XEC,long,2024-11-09 17:00:00+00:00,2024-11-09 17:05:00+00:00,2024-11-09 17:25:00+00:00,330966,330967,330971,0.03564,0.03583201451417309,0.03555899274291346,0.03583201451417309,take_profit,0.5387612631119199,0.45876126311191984,5
1000XEC,long,2024-11-09 18:45:00+00:00,2024-11-09 18:50:00+00:00,2024-11-09 19:30:00+00:00,330987,330988,330996,0.03568,0.035552871125080605,0.035552871125080605,0.03596425774983879,stop,-0.35630290055884695,-0.43630290055884696,9
1000XEC,long,2024-11-09 19:55:00+00:00,2024-11-09 20:00:00+00:00,2024-11-09 21:00:00+00:00,331001,331002,331014,0.03564,0.035862433209597186,0.03554378339520141,0.035862433209597186,take_profit,0.6241111380392406,0.5441111380392405,13
1000XEC,long,2024-11-10 20:15:00+00:00,2024-11-10 20:20:00+00:00,2024-11-10 20:25:00+00:00,331293,331294,331295,0.03936,0.0391109186508139,0.0391109186508139,0.03988816269837221,stop,-0.6328286310622544,-0.7128286310622545,2
1000XEC,long,2024-11-10 20:30:00+00:00,2024-11-10 20:35:00+00:00,2024-11-10 21:10:00+00:00,331296,331297,331304,0.03964,0.03897621657282731,0.03897621657282731,0.04096756685434539,stop,-1.6745293319190058,-1.7545293319190056,8
1000XEC,long,2024-11-11 19:05:00+00:00,2024-11-11 19:10:00+00:00,2024-11-11 21:20:00+00:00,331567,331568,331594,0.03972,0.039168854645682996,0.039168854645682996,0.04085229070863401,stop,-1.3875764207376684,-1.4675764207376685,27
1000XEC,long,2024-11-12 18:00:00+00:00,2024-11-12 18:05:00+00:00,2024-11-12 18:05:00+00:00,331842,331843,331843,0.04392,0.04354726556041753,0.04354726556041753,0.04466546887916495,stop,-0.8486667567906947,-0.9286667567906948,1
1000XEC,short,2024-11-12 18:45:00+00:00,2024-11-12 18:50:00+00:00,2024-11-12 19:50:00+00:00,331851,331852,331864,0.04237,0.039804688422379414,0.04362265578881029,0.039804688422379414,take_profit,6.444747288056374,6.364747288056375,13
1000XEC,short,2024-11-13 15:25:00+00:00,2024-11-13 15:30:00+00:00,2024-11-13 17:25:00+00:00,332099,332100,332123,0.03783,0.03859434518920771,0.03859434518920771,0.03633130962158458,stop,-1.9804590166267233,-2.0604590166267234,24
1000XEC,short,2024-11-13 18:35:00+00:00,2024-11-13 18:40:00+00:00,2024-11-13 18:40:00+00:00,332137,332138,332138,0.0379,0.03816732301628807,0.03816732301628807,0.03733535396742386,stop,-0.7003976049721583,-0.7803976049721584,1
1000XEC,short,2024-11-13 19:05:00+00:00,2024-11-13 19:10:00+00:00,2024-11-13 19:50:00+00:00,332143,332144,332152,0.03789,0.038354545252313875,0.038354545252313875,0.03699090949537226,stop,-1.2111869643034012,-1.2911869643034013,9
1000XEC,long,2024-11-14 15:05:00+00:00,2024-11-14 15:10:00+00:00,2024-11-14 15:30:00+00:00,332383,332384,332388,0.04378,0.04334220983354054,0.04334220983354054,0.044655580332918915,stop,-0.9999775387379062,-1.0799775387379063,5
1000XEC,short,2024-11-14 15:55:00+00:00,2024-11-14 16:00:00+00:00,2024-11-14 16:45:00+00:00,332393,332394,332403,0.04254,0.04316487909904656,0.04316487909904656,0.041320241801906875,stop,-1.4476563171014645,-1.5276563171014645,10
1000XEC,long,2024-11-14 17:05:00+00:00,2024-11-14 17:10:00+00:00,2024-11-14 17:45:00+00:00,332407,332408,332415,0.04364,0.04311310343403214,0.04311310343403214,0.044783793131935715,stop,-1.207370682786102,-1.287370682786102,8
1000XEC,long,2024-11-15 15:15:00+00:00,2024-11-15 15:20:00+00:00,2024-11-15 15:40:00+00:00,332673,332674,332678,0.0429,0.04253426637254476,0.04253426637254476,0.04360146725491047,stop,-0.8525259381241046,-0.9325259381241047,5
1000XEC,long,2024-11-15 15:50:00+00:00,2024-11-15 15:55:00+00:00,2024-11-15 17:00:00+00:00,332680,332681,332694,0.04287,0.042416776173953515,0.042416776173953515,0.04389644765209296,stop,-1.0572050992453508,-1.1372050992453508,14
1000XEC,short,2024-11-15 17:05:00+00:00,2024-11-15 17:10:00+00:00,2024-11-15 17:35:00+00:00,332695,332696,332701,0.04213,0.04263327201495145,0.04263327201495145,0.041063455970097106,stop,-1.1804677219589221,-1.2604677219589222,6
1000XEC,long,2024-11-16 18:35:00+00:00,2024-11-16 18:40:00+00:00,2024-11-16 23:45:00+00:00,333001,333002,333063,0.04569,0.04753954935796797,0.04478022532101601,0.04753954935796797,take_profit,4.048039741667697,3.968039741667697,62
1000XEC,short,2024-11-17 19:50:00+00:00,2024-11-17 19:55:00+00:00,2024-11-17 20:45:00+00:00,333304,333305,333315,0.04548,0.04453639310696952,0.04595180344651524,0.04453639310696952,take_profit,2.118732181036953,2.038732181036953,11
1000XEC,long,2024-11-18 15:05:00+00:00,2024-11-18 15:10:00+00:00,2024-11-18 17:05:00+00:00,333535,333536,333559,0.04632,0.045909940502016876,0.045909940502016876,0.04711011899596624,stop,-0.885275254713136,-0.965275254713136,24
1000XEC,long,2024-11-18 17:10:00+00:00,2024-11-18 17:15:00+00:00,2024-11-18 18:35:00+00:00,333560,333561,333577,0.04629,0.045893929072747745,0.045893929072747745,0.0471421418545045,stop,-0.8556295684861825,-0.9356295684861826,17
1000XEC,short,2024-11-19 16:15:00+00:00,2024-11-19 16:20:00+00:00,2024-11-19 18:30:00+00:00,333837,333838,333864,0.04535,0.044544912092363234,0.04576754395381838,0.044544912092363234,take_profit,1.807362210003749,1.7273622100037491,27
1000XEC,short,2024-11-20 15:30:00+00:00,2024-11-20 15:35:00+00:00,2024-11-20 17:10:00+00:00,334116,334117,334136,0.04389,0.044218510574738634,0.044218510574738634,0.043262978850522736,stop,-0.7429254637226768,-0.8229254637226768,20
1000XEC,long,2024-11-21 15:40:00+00:00,2024-11-21 15:45:00+00:00,2024-11-21 18:20:00+00:00,334406,334407,334438,0.05008,0.048041529830598305,0.048041529830598305,0.0541269403388034,stop,-4.070427654556097,-4.150427654556097,32
1000XEC,short,2024-11-21 20:15:00+00:00,2024-11-21 20:20:00+00:00,2024-11-21 23:20:00+00:00,334461,334462,334498,0.04739,0.04491166834645001,0.048629165826775,0.04491166834645001,take_profit,5.51823556059432,5.43823556059432,37
1000XEC,long,2024-11-23 15:30:00+00:00,2024-11-23 15:35:00+00:00,2024-11-24 01:15:00+00:00,334980,334981,335097,0.04682,0.046153234909302954,0.046153234909302954,0.04821353018139409,stop,-1.4241031411726723,-1.5041031411726724,117
1000XEC,long,2024-11-24 15:20:00+00:00,2024-11-24 15:25:00+00:00,2024-11-24 17:50:00+00:00,335266,335267,335296,0.04758,0.04680878438851175,0.04680878438851175,0.04912243122297649,stop,-1.6208819072892955,-1.7008819072892953,30
1000XEC,long,2024-11-25 15:05:00+00:00,2024-11-25 15:10:00+00:00,2024-11-25 15:45:00+00:00,335551,335552,335559,0.04633,0.045944396662832954,0.045944396662832954,0.0471012066743341,stop,-0.832297295849449,-0.9122972958494491,8
1000XEC,long,2024-11-25 16:25:00+00:00,2024-11-25 16:30:00+00:00,2024-11-25 18:00:00+00:00,335567,335568,335586,0.04631,0.04687730913604619,0.0460263454319769,0.04687730913604619,take_profit,1.2250251264223522,1.145025126422352,19
1000XEC,long,2024-11-26 15:20:00+00:00,2024-11-26 15:25:00+00:00,2024-11-26 16:00:00+00:00,335842,335843,335850,0.04749,0.04704648447416103,0.04704648447416103,0.04840703105167794,stop,-0.9339135098735851,-1.0139135098735852,8
1000XEC,long,2024-11-27 15:10:00+00:00,2024-11-27 15:15:00+00:00,2024-11-27 16:20:00+00:00,336128,336129,336142,0.04572,0.046351646227934154,0.045389176886032924,0.046351646227934154,take_profit,1.3815534294272958,1.3015534294272957,14
1000XEC,long,2024-11-27 18:25:00+00:00,2024-11-27 18:30:00+00:00,2024-11-27 19:45:00+00:00,336167,336168,336183,0.04569,0.04653334328490594,0.04529832835754703,0.04653334328490594,take_profit,1.8457940138015605,1.7657940138015606,16
1000XEC,short,2024-11-28 16:40:00+00:00,2024-11-28 16:45:00+00:00,2024-11-28 18:55:00+00:00,336434,336435,336461,0.04898,0.04826250609565339,0.0493087469521733,0.04826250609565339,take_profit,1.4866486686882396,1.4066486686882396,27
1000XEC,short,2024-11-29 15:10:00+00:00,2024-11-29 15:15:00+00:00,2024-11-29 19:00:00+00:00,336704,336705,336750,0.04809,0.04847844020746496,0.04847844020746496,0.04731311958507008,stop,-0.8012638315148313,-0.8812638315148313,46
1000XEC,long,2024-11-30 16:35:00+00:00,2024-11-30 16:40:00+00:00,2024-11-30 19:20:00+00:00,337009,337010,337042,0.04972,0.0492218532472211,0.0492218532472211,0.0507162935055578,stop,-1.0019041689036556,-1.0819041689036557,33
1000XEC,short,2024-11-30 19:45:00+00:00,2024-11-30 19:50:00+00:00,2024-11-30 21:40:00+00:00,337047,337048,337070,0.04899,0.049430561491234336,0.049430561491234336,0.048078877017531337,stop,-0.8912734914258702,-0.9712734914258703,23
1000XEC,long,2024-12-01 15:05:00+00:00,2024-12-01 15:10:00+00:00,2024-12-01 15:20:00+00:00,337279,337280,337282,0.05052,0.05018766710462759,0.05018766710462759,0.05118466579074483,stop,-0.6578244168100045,-0.7378244168100045,3
1000XEC,long,2024-12-01 17:10:00+00:00,2024-12-01 17:15:00+00:00,2024-12-01 17:45:00+00:00,337304,337305,337311,0.05056,0.051286830368719054,0.050196584815640474,0.051286830368719054,take_profit,1.4375600647133169,1.3575600647133168,7
1000XEC,short,2024-12-02 15:05:00+00:00,2024-12-02 15:10:00+00:00,2024-12-02 17:20:00+00:00,337567,337568,337594,0.05087,0.04950195315551735,0.051599023422241326,0.04950195315551735,take_profit,2.7636219528242467,2.6836219528242466,27
1000XEC,long,2024-12-03 15:10:00+00:00,2024-12-03 15:15:00+00:00,2024-12-03 15:50:00+00:00,337856,337857,337864,0.05276,0.052165077681670925,0.052165077681670925,0.053949844636658154,stop,-1.1276010582431328,-1.207601058243133,8
1000XEC,long,2024-12-03 19:20:00+00:00,2024-12-03 19:25:00+00:00,2024-12-03 19:50:00+00:00,337906,337907,337912,0.05276,0.052244390513779944,0.052244390513779944,0.053791218972440116,stop,-0.9772734765353674,-1.0572734765353675,6
1000XEC,long,2024-12-03 20:20:00+00:00,2024-12-03 20:25:00+00:00,2024-12-03 20:30:00+00:00,337918,337919,337920,0.0528,0.052181313121723985,0.052181313121723985,0.054157373756552024,stop,-1.1717554512803319,-1.251755451280332,2
1000XEC,long,2024-12-04 15:35:00+00:00,2024-12-04 15:40:00+00:00,2024-12-04 20:55:00+00:00,338149,338150,338213,0.0556,0.056899438438501565,0.05495028078074921,0.056899438438501565,take_profit,2.337119493707851,2.257119493707851,64
1000XEC,long,2024-12-05 15:30:00+00:00,2024-12-05 15:35:00+00:00,2024-12-06 00:20:00+00:00,338436,338437,338542,0.05642,0.055483482735673904,0.055483482735673904,0.058293034528652185,stop,-1.6599029853351488,-1.7399029853351486,106
1000XEC,short,2024-12-06 17:50:00+00:00,2024-12-06 17:55:00+00:00,2024-12-06 19:05:00+00:00,338752,338753,338767,0.05387,0.05254563719141417,0.05454718140429291,0.05254563719141417,take_profit,2.5204048887282893,2.440404888728289,15
1000XEC,short,2024-12-07 16:40:00+00:00,2024-12-07 16:45:00+00:00,2024-12-07 18:05:00+00:00,339026,339027,339043,0.05276,0.05336329253821945,0.05336329253821945,0.0515234149235611,stop,-1.130538446043905,-1.210538446043905,17
1000XEC,long,2024-12-08 17:10:00+00:00,2024-12-08 17:15:00+00:00,2024-12-08 17:35:00+00:00,339320,339321,339325,0.05317,0.05277033754910473,0.05277033754910473,0.05399932490179054,stop,-0.7516690819922456,-0.8316690819922457,5
1000XEC,short,2024-12-08 17:55:00+00:00,2024-12-08 18:00:00+00:00,2024-12-08 18:05:00+00:00,339329,339330,339331,0.05247,0.05281091569749725,0.05281091569749725,0.05178816860500551,stop,-0.6455402126522847,-0.7255402126522847,2
1000XEC,short,2024-12-08 18:40:00+00:00,2024-12-08 18:45:00+00:00,2024-12-08 20:20:00+00:00,339338,339339,339358,0.05251,0.053109593314613124,0.053109593314613124,0.051310813370773756,stop,-1.1289736508830361,-1.2089736508830362,20
1000XEC,short,2024-12-09 15:05:00+00:00,2024-12-09 15:10:00+00:00,2024-12-09 15:35:00+00:00,339583,339584,339589,0.05149,0.050740508115931636,0.05187974594203418,0.050740508115931636,take_profit,1.4771075653320809,1.3971075653320808,6
1000XEC,short,2024-12-10 17:10:00+00:00,2024-12-10 17:15:00+00:00,2024-12-10 17:25:00+00:00,339896,339897,339899,0.04276,0.04323186357663649,0.04323186357663649,0.04175627284672702,stop,-1.0914717469905688,-1.1714717469905689,3
1000XEC,long,2024-12-11 15:10:00+00:00,2024-12-11 15:15:00+00:00,2024-12-11 16:50:00+00:00,340160,340161,340180,0.04148,0.04114138488446403,0.04114138488446403,0.042127230231071934,stop,-0.8163334511474662,-0.8963334511474663,20
1000XEC,long,2024-12-11 17:05:00+00:00,2024-12-11 17:10:00+00:00,2024-12-11 18:50:00+00:00,340183,340184,340204,0.04152,0.04247899349078902,0.04102550325460549,0.04247899349078902,take_profit,2.3097145731912683,2.229714573191268,21
1000XEC,short,2024-12-13 15:35:00+00:00,2024-12-13 15:40:00+00:00,2024-12-13 20:25:00+00:00,340741,340742,340799,0.04428,0.044779338754249505,0.044779338754249505,0.04328132249150099,stop,-1.115109709390516,-1.195109709390516,58
1000XEC,short,2024-12-13 20:45:00+00:00,2024-12-13 20:50:00+00:00,2024-12-13 21:20:00+00:00,340803,340804,340810,0.04443,0.04468889907340236,0.04468889907340236,0.043942201853195285,stop,-0.5793364320233363,-0.6593364320233364,7
1000XEC,long,2024-12-14 15:05:00+00:00,2024-12-14 15:10:00+00:00,2024-12-14 15:50:00+00:00,341023,341024,341032,0.04558,0.045307504677481965,0.045307504677481965,0.04609499064503607,stop,-0.597839672044842,-0.6778396720448421,9
1000XEC,short,2024-12-16 15:45:00+00:00,2024-12-16 15:50:00+00:00,2024-12-16 20:25:00+00:00,341607,341608,341663,0.04356,0.042693873961430207,0.0439930630192849,0.042693873961430207,take_profit,2.028689266643391,1.948689266643391,56
1000XEC,short,2024-12-17 15:25:00+00:00,2024-12-17 15:30:00+00:00,2024-12-17 16:00:00+00:00,341891,341892,341898,0.04197,0.04223423297812851,0.04223423297812851,0.041471534043742986,stop,-0.6256369762068337,-0.7056369762068337,7
1000XEC,short,2024-12-17 16:50:00+00:00,2024-12-17 16:55:00+00:00,2024-12-17 17:00:00+00:00,341908,341909,341910,0.04197,0.04221258623453175,0.04221258623453175,0.04151482753093651,stop,-0.5746774982796632,-0.6546774982796633,2
1000XEC,short,2024-12-17 17:55:00+00:00,2024-12-17 18:00:00+00:00,2024-12-17 18:40:00+00:00,341921,341922,341930,0.04198,0.04230945199544084,0.04230945199544084,0.04135109600911832,stop,-0.7786723294745945,-0.8586723294745946,9
1000XEC,short,2024-12-18 15:40:00+00:00,2024-12-18 15:45:00+00:00,2024-12-18 16:05:00+00:00,342182,342183,342187,0.03986,0.040209890577318455,0.040209890577318455,0.03913021884536308,stop,-0.8701604811524155,-0.9501604811524156,5
1000XEC,short,2024-12-18 17:25:00+00:00,2024-12-18 17:30:00+00:00,2024-12-18 18:00:00+00:00,342203,342204,342210,0.03992,0.040165858374052864,0.040165858374052864,0.03945828325189427,stop,-0.612107854793642,-0.6921078547936421,7
1000XEC,short,2024-12-19 15:15:00+00:00,2024-12-19 15:20:00+00:00,2024-12-19 19:20:00+00:00,342465,342466,342514,0.03745,0.03780186701212826,0.03780186701212826,0.03674626597574347,stop,-0.9308191365663743,-1.0108191365663743,49
1000XEC,long,2024-12-19 19:30:00+00:00,2024-12-19 19:35:00+00:00,2024-12-19 21:35:00+00:00,342516,342517,342541,0.03804,0.03764751062497552,0.03764751062497552,0.03882497875004896,stop,-1.0317806914418526,-1.1117806914418527,25
1000XEC,short,2024-12-20 15:25:00+00:00,2024-12-20 15:30:00+00:00,2024-12-20 16:10:00+00:00,342755,342756,342764,0.03506,0.03555352163923105,0.03555352163923105,0.034102956721537896,stop,-1.3881090155819509,-1.468109015581951,9
1000XEC,short,2024-12-20 16:55:00+00:00,2024-12-20 17:00:00+00:00,2024-12-20 17:05:00+00:00,342773,342774,342775,0.03513,0.034530224732004185,0.03542988763399791,0.034530224732004185,take_profit,1.7369573255048065,1.6569573255048067,2
1000XEC,long,2024-12-21 15:05:00+00:00,2024-12-21 15:10:00+00:00,2024-12-21 17:40:00+00:00,343039,343040,343070,0.03725,0.036856035844677754,0.036856035844677754,0.03797792831064449,stop,-1.057621893482541,-1.137621893482541,31
1000XEC,long,2024-12-22 15:20:00+00:00,2024-12-22 15:25:00+00:00,2024-12-22 17:05:00+00:00,343330,343331,343351,0.03444,0.03525979045739032,0.034015104771304844,0.03525979045739032,take_profit,2.3803439529335613,2.300343952933561,21
1000XEC,long,2024-12-23 20:15:00+00:00,2024-12-23 20:20:00+00:00,2024-12-23 20:55:00+00:00,343677,343678,343685,0.03632,0.036008439585169645,0.036008439585169645,0.03697312082966071,stop,-0.8578205254139659,-0.937820525413966,8
1000XEC,short,2024-12-25 15:50:00+00:00,2024-12-25 15:55:00+00:00,2024-12-25 16:15:00+00:00,344200,344201,344205,0.03733,0.03744610229353197,0.03744610229353197,0.03712779541293605,stop,-0.3100517448301199,-0.3900517448301199,5
1000XEC,short,2024-12-25 16:25:00+00:00,2024-12-25 16:30:00+00:00,2024-12-25 19:15:00+00:00,344207,344208,344241,0.03726,0.03751870598476103,0.03751870598476103,0.03671258803047794,stop,-0.6895386660353053,-0.7695386660353054,34
1000XEC,long,2024-12-25 19:35:00+00:00,2024-12-25 19:40:00+00:00,2024-12-25 19:50:00+00:00,344245,344246,344248,0.03764,0.03736319505576174,0.03736319505576174,0.038163609888476516,stop,-0.7354010208242889,-0.815401020824289,3
1000XEC,short,2024-12-26 17:00:00+00:00,2024-12-26 17:05:00+00:00,2024-12-26 17:20:00+00:00,344502,344503,344506,0.03483,0.034264749896003005,0.0351126250519985,0.034264749896003005,take_profit,1.6496548368588382,1.5696548368588383,4
1000XEC,long,2024-12-27 15:40:00+00:00,2024-12-27 15:45:00+00:00,2024-12-27 16:25:00+00:00,344774,344775,344783,0.03491,0.0346585908228034,0.0346585908228034,0.035382818354393206,stop,-0.7201637845791975,-0.8001637845791976,9
1000XEC,short,2024-12-27 16:35:00+00:00,2024-12-27 16:40:00+00:00,2024-12-27 16:45:00+00:00,344785,344786,344787,0.03431,0.034658254414644235,0.034658254414644235,0.03361349117071153,stop,-1.004823873925642,-1.0848238739256422,2
1000XEC,long,2024-12-27 17:10:00+00:00,2024-12-27 17:15:00+00:00,2024-12-27 18:05:00+00:00,344792,344793,344803,0.03476,0.03523996583336476,0.034535017083317625,0.03523996583336476,take_profit,1.3807992904624866,1.3007992904624865,11
1000XEC,long,2024-12-28 18:00:00+00:00,2024-12-28 18:05:00+00:00,2024-12-28 19:15:00+00:00,345090,345091,345105,0.03507,0.03491963734021183,0.03491963734021183,0.035400725319576345,stop,-0.4287500991963733,-0.5087500991963734,15
1000XEC,long,2024-12-28 20:15:00+00:00,2024-12-28 20:20:00+00:00,2024-12-28 22:30:00+00:00,345117,345118,345144,0.03516,0.0355696213480824,0.0349701893259588,0.0355696213480824,take_profit,1.165020898982938,1.085020898982938,27
1000XEC,short,2024-12-29 15:05:00+00:00,2024-12-29 15:10:00+00:00,2024-12-29 15:30:00+00:00,345343,345344,345348,0.03548,0.03559677309817734,0.03559677309817734,0.035216453803645326,stop,-0.32804405572178785,-0.40804405572178787,5
1000XEC,long,2024-12-29 15:50:00+00:00,2024-12-29 15:55:00+00:00,2024-12-29 16:30:00+00:00,345352,345353,345360,0.03574,0.035602876199510435,0.035602876199510435,0.035984247600979125,stop,-0.3836703986837331,-0.4636703986837331,8
1000XEC,short,2024-12-29 17:35:00+00:00,2024-12-29 17:40:00+00:00,2024-12-29 18:30:00+00:00,345373,345374,345384,0.03553,0.035658177595313395,0.035658177595313395,0.035303644809373216,stop,-0.3594619914906727,-0.4394619914906727,11
1000XEC,long,2024-12-30 15:10:00+00:00,2024-12-30 15:15:00+00:00,2024-12-30 16:25:00+00:00,345632,345633,345647,0.03515,0.034890962985566154,0.034890962985566154,0.035668074028867694,stop,-0.7369474094846229,-0.816947409484623,15
1000XEC,long,2024-12-30 17:00:00+00:00,2024-12-30 17:05:00+00:00,2024-12-30 17:30:00+00:00,345654,345655,345660,0.03509,0.03484139127518067,0.03484139127518067,0.03561721744963866,stop,-0.7084888139621937,-0.7884888139621937,6
1000XEC,short,2024-12-30 19:35:00+00:00,2024-12-30 19:40:00+00:00,2024-12-30 20:10:00+00:00,345685,345686,345692,0.03459,0.03423585033191016,0.034737074834044916,0.03423585033191016,take_profit,1.0344409870250981,0.954440987025098,7
1000XEC,short,2025-01-01 15:05:00+00:00,2025-01-01 15:10:00+00:00,2025-01-01 16:20:00+00:00,346207,346208,346222,0.03334,0.033469425704844104,0.033469425704844104,0.0330811485903118,stop,-0.3866983138147151,-0.4666983138147151,15
1000XEC,short,2025-01-01 17:15:00+00:00,2025-01-01 17:20:00+00:00,2025-01-01 18:05:00+00:00,346233,346234,346243,0.03336,0.033111772727037664,0.03348411363648117,0.033111772727037664,take_profit,0.749664703876296,0.669664703876296,10
1000XEC,long,2025-01-02 17:00:00+00:00,2025-01-02 17:05:00+00:00,2025-01-02 17:30:00+00:00,346518,346519,346524,0.03481,0.03460000722324108,0.03460000722324108,0.03525998555351783,stop,-0.6032541705226047,-0.6832541705226047,6
1000XEC,long,2025-01-02 17:45:00+00:00,2025-01-02 17:50:00+00:00,2025-01-02 18:55:00+00:00,346527,346528,346541,0.03476,0.03500231601080669,0.03465384199459666,0.03500231601080669,take_profit,0.6971116536441002,0.6171116536441001,14
1000XEC,long,2025-01-03 15:05:00+00:00,2025-01-03 15:10:00+00:00,2025-01-03 16:00:00+00:00,346783,346784,346794,0.035,0.03483980125402622,0.03483980125402622,0.03529039749194756,stop,-0.45771070278223247,-0.5377107027822325,11
1000XEC,short,2025-01-03 16:25:00+00:00,2025-01-03 16:30:00+00:00,2025-01-03 17:15:00+00:00,346799,346800,346809,0.03469,0.03485500121859343,0.03485500121859343,0.03435999756281313,stop,-0.4733932371960847,-0.5533932371960848,10
1000XEC,short,2025-01-03 17:30:00+00:00,2025-01-03 17:35:00+00:00,2025-01-03 18:00:00+00:00,346812,346813,346818,0.03466,0.03484109634284585,0.03484109634284585,0.03429780731430831,stop,-0.519777968706292,-0.5997779687062921,6
1000XEC,long,2025-01-05 15:30:00+00:00,2025-01-05 15:35:00+00:00,2025-01-05 17:00:00+00:00,347364,347365,347382,0.03719,0.03705639109531295,0.03705639109531295,0.03742721780937409,stop,-0.35926029762582967,-0.4392602976258297,18
1000XEC,short,2025-01-05 17:05:00+00:00,2025-01-05 17:10:00+00:00,2025-01-05 17:45:00+00:00,347383,347384,347391,0.03687,0.03715115853566918,0.03715115853566918,0.03633768292866165,stop,-0.7567961451302674,-0.8367961451302675,8
1000XEC,long,2025-01-05 18:10:00+00:00,2025-01-05 18:15:00+00:00,2025-01-05 18:30:00+00:00,347396,347397,347400,0.0372,0.036935729510130674,0.036935729510130674,0.03772854097973864,stop,-0.7104045426594707,-0.7904045426594708,4
1000XEC,short,2025-01-07 18:40:00+00:00,2025-01-07 18:45:00+00:00,2025-01-07 20:35:00+00:00,347978,347979,348001,0.03829,0.03799341195086489,0.038453294024567555,0.03799341195086489,take_profit,0.7806302037802526,0.7006302037802525,23
1000XEC,short,2025-01-08 15:15:00+00:00,2025-01-08 15:20:00+00:00,2025-01-08 15:50:00+00:00,348225,348226,348232,0.03433,0.03370158215734019,0.034644208921329904,0.03370158215734019,take_profit,1.864653830570795,1.784653830570795,7
1000XEC,short,2025-01-08 18:30:00+00:00,2025-01-08 18:35:00+00:00,2025-01-08 23:05:00+00:00,348264,348265,348319,0.03429,0.034595168407514525,0.034595168407514525,0.033649663184970945,stop,-0.8821127965610298,-0.9621127965610299,55
1000XEC,long,2025-01-09 20:05:00+00:00,2025-01-09 20:10:00+00:00,2025-01-09 22:35:00+00:00,348571,348572,348601,0.03628,0.03582574163715308,0.03582574163715308,0.037218516725693845,stop,-1.25209030553175,-1.3320903055317501,30
1000XEC,short,2025-01-11 15:30:00+00:00,2025-01-11 15:35:00+00:00,2025-01-11 19:15:00+00:00,349092,349093,349137,0.0369,0.03714385430230076,0.03714385430230076,0.03644229139539848,stop,-0.656513188739416,-0.7365131887394161,45
1000XEC,short,2025-01-12 15:40:00+00:00,2025-01-12 15:45:00+00:00,2025-01-12 17:35:00+00:00,349382,349383,349405,0.03681,0.036431505228352014,0.036999247385824,0.036431505228352014,take_profit,1.0389215852476763,0.9589215852476762,23
1000XEC,short,2025-01-13 15:30:00+00:00,2025-01-13 15:35:00+00:00,2025-01-13 17:10:00+00:00,349668,349669,349688,0.03474,0.03407488780357942,0.035057556098210284,0.03407488780357942,take_profit,1.9519130928751238,1.871913092875124,20
1000XEC,long,2025-01-14 16:00:00+00:00,2025-01-14 16:05:00+00:00,2025-01-14 16:40:00+00:00,349962,349963,349970,0.03496,0.03463846941439946,0.03463846941439946,0.03557306117120109,stop,-0.9197099130450304,-0.9997099130450304,8
1000XEC,long,2025-01-14 17:10:00+00:00,2025-01-14 17:15:00+00:00,2025-01-14 18:35:00+00:00,349976,349977,349993,0.03487,0.0354918412941286,0.0345740793529357,0.0354918412941286,take_profit,1.783313146339549,1.7033131463395492,17
1000XEC,short,2025-01-15 15:15:00+00:00,2025-01-15 15:20:00+00:00,2025-01-15 15:50:00+00:00,350241,350242,350248,0.03517,0.03535307409933763,0.03535307409933763,0.034803851801324746,stop,-0.5178449229710891,-0.5978449229710892,7
1000XEC,short,2025-01-15 18:25:00+00:00,2025-01-15 18:30:00+00:00,2025-01-15 22:30:00+00:00,350279,350280,350328,0.03512,0.03537685171555765,0.03537685171555765,0.0346062965688847,stop,-0.7260445831156148,-0.8060445831156149,49
1000XEC,long,2025-01-16 15:25:00+00:00,2025-01-16 15:30:00+00:00,2025-01-16 17:20:00+00:00,350531,350532,350554,0.03763,0.03729490522160697,0.03729490522160697,0.038300189556786046,stop,-0.8904990124715018,-0.9704990124715018,23
1000XEC,short,2025-01-16 17:30:00+00:00,2025-01-16 17:35:00+00:00,2025-01-16 20:55:00+00:00,350556,350557,350597,0.0372,0.03751773246247803,0.03751773246247803,0.036564535075043925,stop,-0.8468861032467911,-0.9268861032467912,41
1000XEC,long,2025-01-17 16:45:00+00:00,2025-01-17 16:50:00+00:00,2025-01-17 17:55:00+00:00,350835,350836,350849,0.03812,0.03847714459447383,0.03791142770276309,0.03847714459447383,take_profit,0.936895578367869,0.8568955783678689,14
1000XEC,short,2025-01-18 17:00:00+00:00,2025-01-18 17:05:00+00:00,2025-01-18 17:40:00+00:00,351126,351127,351134,0.03612,0.03655739662563954,0.03655739662563954,0.03524520674872092,stop,-1.1964654653027762,-1.2764654653027763,8
1000XEC,short,2025-01-18 18:30:00+00:00,2025-01-18 18:35:00+00:00,2025-01-18 20:35:00+00:00,351144,351145,351169,0.03626,0.036572673996903726,0.036572673996903726,0.03563465200619255,stop,-0.854938845680786,-0.9349388456807861,25
1000XEC,short,2025-01-19 15:30:00+00:00,2025-01-19 15:35:00+00:00,2025-01-19 17:15:00+00:00,351396,351397,351417,0.03497,0.03437307366715384,0.035253463166423075,0.03437307366715384,take_profit,1.7366102857905519,1.656610285790552,21
1000XEC,long,2025-01-20 15:20:00+00:00,2025-01-20 15:25:00+00:00,2025-01-20 15:40:00+00:00,351682,351683,351686,0.03398,0.03449445229207919,0.0337677738539604,0.03449445229207919,take_profit,1.5139855564425764,1.4339855564425763,4
1000XEC,short,2025-01-22 16:40:00+00:00,2025-01-22 16:45:00+00:00,2025-01-22 17:20:00+00:00,352274,352275,352282,0.03387,0.033584743894687144,0.03404262805265643,0.033584743894687144,take_profit,0.8493621574347632,0.7693621574347631,8
1000XEC,short,2025-01-22 19:00:00+00:00,2025-01-22 19:05:00+00:00,2025-01-22 20:15:00+00:00,352302,352303,352317,0.03372,0.034017803475009774,0.034017803475009774,0.03312439304998045,stop,-0.8754341685480838,-0.9554341685480838,15
1000XEC,short,2025-01-23 15:45:00+00:00,2025-01-23 15:50:00+00:00,2025-01-23 16:15:00+00:00,352551,352552,352557,0.03268,0.03288048988756184,0.03288048988756184,0.032309020224876306,stop,-0.6097533468857552,-0.6897533468857553,6
1000XEC,short,2025-01-23 18:40:00+00:00,2025-01-23 18:45:00+00:00,2025-01-23 22:15:00+00:00,352586,352587,352629,0.0327,0.0323396943453479,0.03288015282732605,0.0323396943453479,take_profit,1.1141282004847763,1.0341282004847763,43
1000XEC,long,2025-01-24 19:30:00+00:00,2025-01-24 19:35:00+00:00,2025-01-25 00:40:00+00:00,352884,352885,352946,0.0336,0.033393511658331536,0.033393511658331536,0.03401297668333692,stop,-0.6145486359180441,-0.6945486359180442,62
1000XEC,short,2025-01-25 15:15:00+00:00,2025-01-25 15:20:00+00:00,2025-01-25 21:15:00+00:00,353121,353122,353193,0.03269,0.032895160952953265,0.032895160952953265,0.03230967809409347,stop,-0.6236812558743532,-0.7036812558743533,72
1000XEC,short,2025-01-26 15:30:00+00:00,2025-01-26 15:35:00+00:00,2025-01-26 15:35:00+00:00,353412,353413,353413,0.03352,0.0336417416022905,0.0336417416022905,0.03327651679541901,stop,-0.3618766344790192,-0.4418766344790192,1
1000XEC,long,2025-01-26 15:45:00+00:00,2025-01-26 15:50:00+00:00,2025-01-26 17:20:00+00:00,353415,353416,353434,0.03375,0.03362050426376377,0.03362050426376377,0.03397899147247246,stop,-0.3836910703295726,-0.46369107032957263,19
1000XEC,short,2025-01-26 17:30:00+00:00,2025-01-26 17:35:00+00:00,2025-01-26 18:55:00+00:00,353436,353437,353453,0.03351,0.033214938515306935,0.03365753074234653,0.033214938515306935,take_profit,0.8883396985879921,0.808339698587992,17
1000XEC,short,2025-01-26 20:15:00+00:00,2025-01-26 20:20:00+00:00,2025-01-27 02:45:00+00:00,353469,353470,353547,0.03349,0.0336339330662337,0.0336339330662337,0.0332621338675326,stop,-0.427940038859731,-0.507940038859731,78
1000XEC,short,2025-01-27 15:25:00+00:00,2025-01-27 15:30:00+00:00,2025-01-27 15:45:00+00:00,353699,353700,353703,0.03126,0.03088492126906702,0.03146253936546649,0.03088492126906702,take_profit,1.2144396537887348,1.1344396537887347,4
1000XEC,short,2025-01-27 18:20:00+00:00,2025-01-27 18:25:00+00:00,2025-01-27 21:50:00+00:00,353734,353735,353776,0.03114,0.03150699692021598,0.03150699692021598,0.03037600615956804,stop,-1.164810855015197,-1.244810855015197,42
1000XEC,long,2025-01-29 15:15:00+00:00,2025-01-29 15:20:00+00:00,2025-01-29 17:00:00+00:00,354273,354274,354294,0.03137,0.03158774244111405,0.031246128779442973,0.03158774244111405,take_profit,0.6941104275232535,0.6141104275232534,21
1000XEC,long,2025-01-29 18:40:00+00:00,2025-01-29 18:45:00+00:00,2025-01-29 19:00:00+00:00,354314,354315,354318,0.03139,0.03122061650164608,0.03122061650164608,0.03166876699670785,stop,-0.5396097430835356,-0.6196097430835357,4
1000XEC,long,2025-01-29 19:15:00+00:00,2025-01-29 19:20:00+00:00,2025-01-29 21:35:00+00:00,354321,354322,354349,0.03137,0.031179869610102516,0.031179869610102516,0.031750260779794974,stop,-0.6060898625995681,-0.6860898625995682,28
1000XEC,long,2025-01-30 15:05:00+00:00,2025-01-30 15:10:00+00:00,2025-01-30 15:40:00+00:00,354559,354560,354566,0.03204,0.031938792295157406,0.031938792295157406,0.032242415409685185,stop,-0.31587922859735995,-0.39587922859735997,7
1000XEC,long,2025-01-30 18:35:00+00:00,2025-01-30 18:40:00+00:00,2025-01-30 19:05:00+00:00,354601,354602,354607,0.03203,0.03193573792785613,0.03193573792785613,0.032248524144287735,stop,-0.29429307569114327,-0.3742930756911433,6
1000XEC,long,2025-01-30 19:55:00+00:00,2025-01-30 20:00:00+00:00,2025-01-30 21:15:00+00:00,354617,354618,354633,0.03207,0.0319429414465893,0.0319429414465893,0.0323241171068214,stop,-0.3961913109158055,-0.4761913109158055,16
1000XEC,short,2025-01-31 17:35:00+00:00,2025-01-31 17:40:00+00:00,2025-01-31 17:55:00+00:00,354877,354878,354881,0.03174,0.031851088099534706,0.031851088099534706,0.03154782380093059,stop,-0.34877332663662,-0.42877332663662,4
1000XEC,short,2025-02-01 15:20:00+00:00,2025-02-01 15:25:00+00:00,2025-02-01 16:45:00+00:00,355138,355139,355155,0.03275,0.032523793599896975,0.032863103200051515,0.032523793599896975,take_profit,0.6955105018983554,0.6155105018983553,17
1000XEC,short,2025-02-02 16:25:00+00:00,2025-02-02 16:30:00+00:00,2025-02-02 17:30:00+00:00,355439,355440,355452,0.02998,0.03022322081852796,0.03022322081852796,0.02949355836294408,stop,-0.8047481768682196,-0.8847481768682197,13
1000XEC,short,2025-02-02 19:20:00+00:00,2025-02-02 19:25:00+00:00,2025-02-02 20:25:00+00:00,355474,355475,355487,0.02996,0.029657320714589167,0.030111339642705418,0.029657320714589167,take_profit,1.0205887724103802,0.9405887724103801,13
1000XEC,short,2025-02-04 16:40:00+00:00,2025-02-04 16:45:00+00:00,2025-02-04 19:05:00+00:00,356018,356019,356047,0.02556,0.02587670084779887,0.02587670084779887,0.024896598304402263,stop,-1.2238841792917676,-1.3038841792917677,29
1000XEC,long,2025-02-06 15:35:00+00:00,2025-02-06 15:40:00+00:00,2025-02-06 16:10:00+00:00,356581,356582,356588,0.0261,0.02591191654967509,0.02591191654967509,0.026476166900649824,stop,-0.7206262464556024,-0.8006262464556024,7
1000XEC,short,2025-02-06 17:00:00+00:00,2025-02-06 17:05:00+00:00,2025-02-06 17:05:00+00:00,356598,356599,356599,0.02576,0.025949927460623152,0.025949927460623152,0.0253801450787537,stop,-0.7318997747155498,-0.8118997747155499,1
1000XEC,short,2025-02-06 17:40:00+00:00,2025-02-06 17:45:00+00:00,2025-02-06 17:55:00+00:00,356606,356607,356609,0.02576,0.02588080273375589,0.02588080273375589,0.025458394532488215,stop,-0.4667657916125112,-0.5467657916125113,3
1000XEC,short,2025-02-07 15:20:00+00:00,2025-02-07 15:25:00+00:00,2025-02-07 16:05:00+00:00,356866,356867,356875,0.02474,0.024918525801105686,0.024918525801105686,0.024382948397788633,stop,-0.7164380530800152,-0.7964380530800153,9
1000XEC,long,2025-02-07 16:15:00+00:00,2025-02-07 16:20:00+00:00,2025-02-07 17:00:00+00:00,356877,356878,356886,0.02513,0.02477864558410301,0.02477864558410301,0.02577270883179398,stop,-1.3981472976402287,-1.4781472976402288,9
1000XEC,long,2025-02-07 17:40:00+00:00,2025-02-07 17:45:00+00:00,2025-02-07 19:00:00+00:00,356894,356895,356910,0.02505,0.02540008842883195,0.024859955785584024,0.02540008842883195,take_profit,1.397558598131532,1.3175585981315319,16
1000XEC,long,2025-02-09 15:40:00+00:00,2025-02-09 15:45:00+00:00,2025-02-09 20:50:00+00:00,357446,357447,357508,0.02639,0.02615073035188179,0.02615073035188179,0.02683853929623642,stop,-0.9066678594854438,-0.9866678594854439,62
1000XEC,long,2025-02-10 17:10:00+00:00,2025-02-10 17:15:00+00:00,2025-02-10 19:40:00+00:00,357752,357753,357782,0.02621,0.026058417563985057,0.026058417563985057,0.026513164872029888,stop,-0.5783381763256101,-0.6583381763256102,30
1000XEC,long,2025-02-11 15:40:00+00:00,2025-02-11 15:45:00+00:00,2025-02-11 16:35:00+00:00,358022,358023,358033,0.02725,0.02708846160343738,0.02708846160343738,0.02754307679312524,stop,-0.59280145527566,-0.67280145527566,11
1000XEC,short,2025-02-12 15:30:00+00:00,2025-02-12 15:35:00+00:00,2025-02-12 16:15:00+00:00,358308,358309,358317,0.02547,0.02563389060220154,0.02563389060220154,0.025202218795596913,stop,-0.6393512586320593,-0.7193512586320594,9
1000XEC,short,2025-02-13 15:30:00+00:00,2025-02-13 15:35:00+00:00,2025-02-13 18:00:00+00:00,358596,358597,358626,0.02641,0.026021362592268095,0.026589318703865952,0.026021362592268095,take_profit,1.4935321175201688,1.4135321175201687,30
1000XEC,short,2025-02-14 15:35:00+00:00,2025-02-14 15:40:00+00:00,2025-02-14 16:05:00+00:00,358885,358886,358891,0.02631,0.026441709429398677,0.026441709429398677,0.026046581141202646,stop,-0.49811238471684227,-0.5781123847168423,6
1000XEC,long,2025-02-14 16:40:00+00:00,2025-02-14 16:45:00+00:00,2025-02-14 17:25:00+00:00,358898,358899,358907,0.02652,0.026693081189317222,0.026418459405341387,0.026693081189317222,take_profit,0.6526440019503088,0.5726440019503087,9
1000XEC,short,2025-02-15 15:05:00+00:00,2025-02-15 15:10:00+00:00,2025-02-15 23:40:00+00:00,359167,359168,359270,0.02666,0.026244100503268357,0.02685294974836582,0.026244100503268357,take_profit,1.584735192885911,1.504735192885911,103
1000XEC,long,2025-02-16 15:50:00+00:00,2025-02-16 15:55:00+00:00,2025-02-16 16:15:00+00:00,359464,359465,359469,0.02633,0.026123549585555114,0.026123549585555114,0.026802900828889767,stop,-0.784088167280228,-0.8640881672802281,5
1000XEC,long,2025-02-16 17:00:00+00:00,2025-02-16 17:05:00+00:00,2025-02-16 17:55:00+00:00,359478,359479,359489,0.02631,0.02672510957374641,0.026102445213126796,0.02672510957374641,take_profit,1.577763488203754,1.4977634882037538,11
1000XEC,long,2025-02-17 15:15:00+00:00,2025-02-17 15:20:00+00:00,2025-02-17 16:20:00+00:00,359745,359746,359758,0.02641,0.02625503138533069,0.02625503138533069,0.02671993722933862,stop,-0.5867800631174203,-0.6667800631174203,13
1000XEC,long,2025-02-17 17:10:00+00:00,2025-02-17 17:15:00+00:00,2025-02-17 17:20:00+00:00,359768,359769,359770,0.0264,0.026218216850857033,0.026218216850857033,0.026763566298285933,stop,-0.6885725346324478,-0.7685725346324479,2
1000XEC,long,2025-02-17 17:45:00+00:00,2025-02-17 17:50:00+00:00,2025-02-17 22:00:00+00:00,359775,359776,359826,0.02646,0.02684162302458537,0.026254188487707317,0.02684162302458537,take_profit,1.4422638873218707,1.3622638873218706,51
1000XEC,short,2025-02-18 15:05:00+00:00,2025-02-18 15:10:00+00:00,2025-02-18 18:00:00+00:00,360031,360032,360066,0.02563,0.025142023859109054,0.025843988070445474,0.025142023859109054,take_profit,1.9408785212577495,1.8608785212577497,35
1000XEC,short,2025-02-18 19:05:00+00:00,2025-02-18 19:10:00+00:00,2025-02-18 21:25:00+00:00,360079,360080,360107,0.02561,0.025757581522039535,0.025757581522039535,0.025344836955920932,stop,-0.5729634279260876,-0.6529634279260876,28
1000XEC,long,2025-02-19 15:30:00+00:00,2025-02-19 15:35:00+00:00,2025-02-19 16:10:00+00:00,360324,360325,360332,0.02565,0.02584805774911639,0.025565971125441803,0.02584805774911639,take_profit,0.7721549673153749,0.6921549673153748,8
1000XEC,long,2025-02-21 17:35:00+00:00,2025-02-21 17:40:00+00:00,2025-02-21 18:15:00+00:00,360925,360926,360933,0.02631,0.02661076444980292,0.02615961777509854,0.02661076444980292,take_profit,1.1431564036598951,1.063156403659895,8
1000XEC,long,2025-02-23 15:20:00+00:00,2025-02-23 15:25:00+00:00,2025-02-23 17:30:00+00:00,361474,361475,361500,0.02644,0.0266821309259905,0.026303934537004747,0.0266821309259905,take_profit,0.9157750604784409,0.8357750604784409,26
1000XEC,short,2025-02-24 15:15:00+00:00,2025-02-24 15:20:00+00:00,2025-02-24 16:05:00+00:00,361761,361762,361771,0.02529,0.025424295766833648,0.025424295766833648,0.025021408466332704,stop,-0.5282182368600341,-0.6082182368600342,10
1000XEC,short,2025-02-24 17:15:00+00:00,2025-02-24 17:20:00+00:00,2025-02-24 19:30:00+00:00,361785,361786,361812,0.02522,0.024922274384023144,0.025383862807988426,0.024922274384023144,take_profit,1.1946165562149336,1.1146165562149335,27
1000XEC,short,2025-02-25 15:05:00+00:00,2025-02-25 15:10:00+00:00,2025-02-25 16:05:00+00:00,362047,362048,362059,0.02329,0.02285680548427624,0.023506597257861882,0.02285680548427624,take_profit,1.8952539803594348,1.815253980359435,12
1000XEC,long,2025-02-26 15:50:00+00:00,2025-02-26 15:55:00+00:00,2025-02-26 16:40:00+00:00,362344,362345,362354,0.02354,0.023430147440575616,0.023430147440575616,0.023729705118848764,stop,-0.466663379033061,-0.5466633790330611,10
1000XEC,long,2025-02-26 16:50:00+00:00,2025-02-26 16:55:00+00:00,2025-02-26 17:05:00+00:00,362356,362357,362359,0.02357,0.023410711179998236,0.023410711179998236,0.02388857764000353,stop,-0.6758117098080829,-0.755811709808083,3
1000XEC,long,2025-02-26 17:50:00+00:00,2025-02-26 17:55:00+00:00,2025-02-26 18:50:00+00:00,362368,362369,362380,0.02354,0.02383083407408816,0.023394582962955917,0.02383083407408816,take_profit,1.2354888448944834,1.1554888448944833,12
1000XEC,long,2025-02-27 15:25:00+00:00,2025-02-27 15:30:00+00:00,2025-02-27 16:10:00+00:00,362627,362628,362636,0.02415,0.02402607043866938,0.02402607043866938,0.024397859122661247,stop,-0.5131658854270138,-0.5931658854270139,9
1000XEC,short,2025-02-28 15:45:00+00:00,2025-02-28 15:50:00+00:00,2025-02-28 16:00:00+00:00,362919,362920,362922,0.02181,0.022024776983684925,0.022024776983684925,0.02135044603263015,stop,-0.97516076482419,-1.05516076482419,3
1000XEC,short,2025-02-28 17:10:00+00:00,2025-02-28 17:15:00+00:00,2025-02-28 18:20:00+00:00,362936,362937,362950,0.0218,0.02215504324730646,0.02215504324730646,0.02108991350538708,stop,-1.6025391751362306,-1.6825391751362304,14
1000XEC,short,2025-03-01 15:15:00+00:00,2025-03-01 15:20:00+00:00,2025-03-01 22:10:00+00:00,363201,363202,363284,0.023,0.022522223497863245,0.023238888251068377,0.022522223497863245,take_profit,2.1213558340813066,2.0413558340813065,83
1000XEC,short,2025-03-02 15:10:00+00:00,2025-03-02 15:15:00+00:00,2025-03-02 15:45:00+00:00,363488,363489,363495,0.0227,0.022804150913544062,0.022804150913544062,0.02252169817291188,stop,-0.45671910319713405,-0.5367191031971341,7
1000XEC,short,2025-03-02 16:15:00+00:00,2025-03-02 16:20:00+00:00,2025-03-02 18:25:00+00:00,363501,363502,363527,0.02271,0.022800205209113328,0.022800205209113328,0.022559589581773346,stop,-0.3956333212179697,-0.4756333212179697,26
1000XEC,long,2025-03-02 18:30:00+00:00,2025-03-02 18:35:00+00:00,2025-03-02 20:00:00+00:00,363528,363529,363546,0.02293,0.022789619210785754,0.022789619210785754,0.02321076157842849,stop,-0.6122145190329054,-0.6922145190329054,18
1000XEC,short,2025-03-04 15:05:00+00:00,2025-03-04 15:10:00+00:00,2025-03-04 22:10:00+00:00,364063,364064,364148,0.02085,0.020461646176543904,0.02104417691172805,0.020461646176543904,take_profit,1.8979598225155714,1.8179598225155715,85
1000XEC,long,2025-03-05 15:40:00+00:00,2025-03-05 15:45:00+00:00,2025-03-05 15:45:00+00:00,364358,364359,364359,0.02178,0.022037318132515107,0.02163634093374245,0.022037318132515107,take_profit,1.1814422980491512,1.1014422980491512,1
1000XEC,long,2025-03-07 16:15:00+00:00,2025-03-07 16:20:00+00:00,2025-03-07 17:10:00+00:00,364941,364942,364952,0.02344,0.023265214791118084,0.023265214791118084,0.02381957041776383,stop,-0.7456706863562923,-0.8256706863562924,11
1000XEC,short,2025-03-08 15:50:00+00:00,2025-03-08 15:55:00+00:00,2025-03-08 16:10:00+00:00,365224,365225,365228,0.02228,0.02237160112847014,0.02237160112847014,0.022096797743059726,stop,-0.40945271616507073,-0.48945271616507074,4
1000XEC,short,2025-03-08 16:25:00+00:00,2025-03-08 16:30:00+00:00,2025-03-08 20:35:00+00:00,365231,365232,365281,0.0223,0.02204296750941838,0.02242851624529081,0.02204296750941838,take_profit,1.1660521228450627,1.0860521228450626,50
1000XEC,short,2025-03-09 15:00:00+00:00,2025-03-09 15:05:00+00:00,2025-03-09 16:20:00+00:00,365502,365503,365518,0.02215,0.022299807841684113,0.022299807841684113,0.021850384316631773,stop,-0.6717898322158744,-0.7517898322158745,16
1000XEC,short,2025-03-09 17:05:00+00:00,2025-03-09 17:10:00+00:00,2025-03-09 18:50:00+00:00,365527,365528,365548,0.0222,0.022062898323564673,0.022283550838217665,0.022062898323564673,take_profit,0.6214128099792493,0.5414128099792492,21
1000XEC,long,2025-03-10 16:00:00+00:00,2025-03-10 16:05:00+00:00,2025-03-10 17:05:00+00:00,365802,365803,365815,0.02067,0.020475317533997017,0.020475317533997017,0.02102936493200597,stop,-0.9418600193661586,-1.0218600193661587,13
1000XEC,long,2025-03-10 18:15:00+00:00,2025-03-10 18:20:00+00:00,2025-03-10 23:05:00+00:00,365829,365830,365887,0.02089,0.02039560637453951,0.02039560637453951,0.021848787250920976,stop,-2.3666521084752867,-2.446652108475287,58
1000XEC,long,2025-03-11 14:05:00+00:00,2025-03-11 14:10:00+00:00,2025-03-11 22:25:00+00:00,366067,366068,366167,0.01981,0.02023161211850813,0.019599193940745937,0.02023161211850813,take_profit,2.128279245371667,2.048279245371667,100
1000XEC,short,2025-03-13 14:35:00+00:00,2025-03-13 14:40:00+00:00,2025-03-13 16:30:00+00:00,366649,366650,366672,0.02059,0.02067168302879783,0.02067168302879783,0.020426633942404345,stop,-0.39514454959489465,-0.47514454959489466,23
1000XEC,short,2025-03-13 17:20:00+00:00,2025-03-13 17:25:00+00:00,2025-03-13 17:55:00+00:00,366682,366683,366689,0.02053,0.020656523498361605,0.020656523498361605,0.02024695300327679,stop,-0.6125110954495305,-0.6925110954495306,7
1000XEC,long,2025-03-13 18:00:00+00:00,2025-03-13 18:05:00+00:00,2025-03-13 18:45:00+00:00,366690,366691,366699,0.0207,0.020935663843995804,0.020597168078002097,0.020935663843995804,take_profit,1.1384726763082442,1.0584726763082442,9
1000XEC,long,2025-03-14 14:30:00+00:00,2025-03-14 14:35:00+00:00,2025-03-14 16:45:00+00:00,366936,366937,366963,0.02078,0.02092595774317438,0.02072202112841281,0.02092595774317438,take_profit,0.7023952992029958,0.6223952992029957,27
1000XEC,short,2025-03-15 16:20:00+00:00,2025-03-15 16:25:00+00:00,2025-03-15 17:05:00+00:00,367246,367247,367255,0.02108,0.0211774932934761,0.0211774932934761,0.020885013413047805,stop,-0.46036276402048326,-0.5403627640204833,9
1000XEC,short,2025-03-15 17:15:00+00:00,2025-03-15 17:20:00+00:00,2025-03-15 17:40:00+00:00,367257,367258,367262,0.02109,0.021155727273917343,0.021155727273917343,0.020958545452165318,stop,-0.3106831217207895,-0.3906831217207895,5
1000XEC,long,2025-03-15 18:30:00+00:00,2025-03-15 18:35:00+00:00,2025-03-16 11:15:00+00:00,367272,367273,367473,0.02129,0.021132392767782233,0.021132392767782233,0.021605214464435533,stop,-0.7402876102290623,-0.8202876102290624,201
1000XEC,long,2025-03-16 14:15:00+00:00,2025-03-16 14:20:00+00:00,2025-03-16 15:15:00+00:00,367509,367510,367521,0.0214,0.021330176047561197,0.021330176047561197,0.021509647904877603,stop,-0.32628015158318036,-0.40628015158318037,12
1000XEC,long,2025-03-16 15:30:00+00:00,2025-03-16 15:35:00+00:00,2025-03-16 16:05:00+00:00,367524,367525,367531,0.02141,0.021348978742212824,0.021348978742212824,0.02153204251557435,stop,-0.2850128808368768,-0.36501288083687683,7
1000XEC,long,2025-03-16 16:35:00+00:00,2025-03-16 16:40:00+00:00,2025-03-16 17:05:00+00:00,367537,367538,367543,0.0214,0.021334902149875577,0.021334902149875577,0.021500195700248845,stop,-0.3041955613290792,-0.3841955613290792,6
1000XEC,long,2025-03-17 16:25:00+00:00,2025-03-17 16:30:00+00:00,2025-03-17 19:45:00+00:00,367823,367824,367863,0.02131,0.02149906907392082,0.02121546546303959,0.02149906907392082,take_profit,0.8872316936687996,0.8072316936687995,40
1000XEC,long,2025-03-18 14:55:00+00:00,2025-03-18 15:00:00+00:00,2025-03-18 22:45:00+00:00,368093,368094,368187,0.02184,0.021498420724330124,0.021498420724330124,0.022523158551339746,stop,-1.5640076724811047,-1.6440076724811046,94
1000XEC,long,2025-03-19 16:00:00+00:00,2025-03-19 16:05:00+00:00,2025-03-19 16:40:00+00:00,368394,368395,368402,0.02203,0.02199931888348305,0.02199931888348305,0.0221213622330339,stop,-0.13926970729437604,-0.21926970729437603,8
1000XEC,long,2025-03-19 17:25:00+00:00,2025-03-19 17:30:00+00:00,2025-03-19 19:30:00+00:00,368411,368412,368436,0.02204,0.022211141152157804,0.0219694294239211,0.022211141152157804,take_profit,0.7765025052531849,0.6965025052531848,25
1000XEC,short,2025-03-20 14:05:00+00:00,2025-03-20 14:10:00+00:00,2025-03-20 15:10:00+00:00,368659,368660,368672,0.02223,0.022274151562507862,0.022274151562507862,0.022111696874984276,stop,-0.19821882949822012,-0.27821882949822013,13
1000XEC,long,2025-03-20 15:20:00+00:00,2025-03-20 15:25:00+00:00,2025-03-20 19:05:00+00:00,368674,368675,368719,0.02233,0.022229078332889122,0.022229078332889122,0.022531843334221754,stop,-0.4519555177379231,-0.5319555177379232,45
1000XEC,short,2025-03-21 14:05:00+00:00,2025-03-21 14:10:00+00:00,2025-03-21 16:05:00+00:00,368947,368948,368971,0.0219,0.021763440340195093,0.021968279829902453,0.021763440340195093,take_profit,0.6274727601439656,0.5474727601439655,24
1000XEC,long,2025-03-22 14:10:00+00:00,2025-03-22 14:15:00+00:00,2025-03-22 14:20:00+00:00,369236,369237,369238,0.02189,0.022001788334138923,0.021849105832930538,0.022001788334138923,take_profit,0.5106822025533253,0.4306822025533253,2
1000XEC,long,2025-03-22 16:00:00+00:00,2025-03-22 16:05:00+00:00,2025-03-22 21:40:00+00:00,369258,369259,369326,0.02191,0.021838664604808856,0.021838664604808856,0.022052670790382284,stop,-0.3255837297633124,-0.4055837297633124,68
1000XEC,short,2025-03-23 14:15:00+00:00,2025-03-23 14:20:00+00:00,2025-03-23 14:50:00+00:00,369525,369526,369532,0.02181,0.02184437825103718,0.02184437825103718,0.021741243497925635,stop,-0.15737802487260089,-0.23737802487260087,7
1000XEC,short,2025-03-23 15:05:00+00:00,2025-03-23 15:10:00+00:00,2025-03-23 15:50:00+00:00,369535,369536,369544,0.02179,0.021853120425908916,0.021853120425908916,0.021693759148182168,stop,-0.28883941825571524,-0.36883941825571526,9
1000XEC,long,2025-03-24 14:15:00+00:00,2025-03-24 14:20:00+00:00,2025-03-24 15:50:00+00:00,369813,369814,369832,0.02207,0.022306596534085194,0.021936701732957403,0.022306596534085194,take_profit,1.0720277937707134,0.9920277937707134,19
1000XEC,long,2025-03-25 14:30:00+00:00,2025-03-25 14:35:00+00:00,2025-03-25 14:40:00+00:00,370104,370105,370106,0.02261,0.022536009439966302,0.022536009439966302,0.0227879811200674,stop,-0.32724705897257955,-0.40724705897257957,2
1000XEC,long,2025-03-25 14:45:00+00:00,2025-03-25 14:50:00+00:00,2025-03-25 16:30:00+00:00,370107,370108,370128,0.02262,0.02252629108586223,0.02252629108586223,0.022777417828275543,stop,-0.41427459831021585,-0.49427459831021586,21
1000XEC,short,2025-03-25 16:35:00+00:00,2025-03-25 16:40:00+00:00,2025-03-25 17:15:00+00:00,370129,370130,370137,0.02247,0.02256444802249526,0.02256444802249526,0.022251103955009482,stop,-0.4185700549869442,-0.49857005498694423,8
1000XEC,long,2025-03-26 14:30:00+00:00,2025-03-26 14:35:00+00:00,2025-03-26 15:55:00+00:00,370392,370393,370409,0.02302,0.023288689699513847,0.022870655150243075,0.023288689699513847,take_profit,1.167201127340789,1.0872011273407889,17
1000XEC,long,2025-03-27 15:20:00+00:00,2025-03-27 15:25:00+00:00,2025-03-27 15:30:00+00:00,370690,370691,370692,0.02284,0.02278238171605733,0.02278238171605733,0.02295523656788534,stop,-0.2522691941447941,-0.3322691941447941,2
1000XEC,short,2025-03-28 15:55:00+00:00,2025-03-28 16:00:00+00:00,2025-03-28 17:30:00+00:00,370985,370986,371004,0.02089,0.02061336607029713,0.021028316964851433,0.02061336607029713,take_profit,1.3420124047643256,1.2620124047643255,19
1000XEC,short,2025-03-29 14:20:00+00:00,2025-03-29 14:25:00+00:00,2025-03-29 15:10:00+00:00,371254,371255,371264,0.02021,0.020065307575905144,0.020297346212047426,0.020065307575905144,take_profit,0.7211074315581545,0.6411074315581544,10
1000XEC,long,2025-03-30 15:35:00+00:00,2025-03-30 15:40:00+00:00,2025-03-30 22:30:00+00:00,371557,371558,371640,0.02015,0.02005530044817855,0.02005530044817855,0.0203393991036429,stop,-0.4699729618930504,-0.5499729618930504,83
1000XEC,short,2025-03-31 16:10:00+00:00,2025-03-31 16:15:00+00:00,2025-03-31 18:00:00+00:00,371852,371853,371874,0.01966,0.019444104663323566,0.019752947668338218,0.019444104663323566,take_profit,1.1103382768951287,1.0303382768951286,22
1000XEC,long,2025-04-01 14:05:00+00:00,2025-04-01 14:10:00+00:00,2025-04-01 14:15:00+00:00,372115,372116,372117,0.01996,0.020044508285011343,0.019917745857494326,0.020044508285011343,take_profit,0.4233882014596402,0.34338820145964016,2
1000XEC,long,2025-04-01 15:15:00+00:00,2025-04-01 15:20:00+00:00,2025-04-01 17:25:00+00:00,372129,372130,372155,0.02,0.02016801068194577,0.019900994659027116,0.02016801068194577,take_profit,0.8400534097288581,0.760053409728858,26
1000XEC,short,2025-04-02 14:10:00+00:00,2025-04-02 14:15:00+00:00,2025-04-02 15:15:00+00:00,372404,372405,372417,0.01946,0.019551439396275332,0.019551439396275332,0.01927712120744934,stop,-0.46768626300092153,-0.5476862630009216,13
1000XEC,short,2025-04-02 15:45:00+00:00,2025-04-02 15:50:00+00:00,2025-04-02 16:30:00+00:00,372423,372424,372432,0.01941,0.019567233822423903,0.019567233822423903,0.019125532355152193,stop,-0.8035567206424177,-0.8835567206424177,9
1000XEC,long,2025-04-02 17:25:00+00:00,2025-04-02 17:30:00+00:00,2025-04-02 23:55:00+00:00,372443,372444,372521,0.01974,0.02005367980773734,0.01958316009613133,0.02005367980773734,take_profit,1.5890567767848918,1.5090567767848917,78
1000XEC,short,2025-04-03 14:30:00+00:00,2025-04-03 14:35:00+00:00,2025-04-03 16:15:00+00:00,372696,372697,372717,0.01943,0.019251756190548804,0.019519121904725597,0.019251756190548804,take_profit,0.9258574006806741,0.845857400680674,21
1000XEC,long,2025-04-04 14:20:00+00:00,2025-04-04 14:25:00+00:00,2025-04-04 19:20:00+00:00,372982,372983,373042,0.01938,0.019268680289611543,0.019268680289611543,0.01960263942077692,stop,-0.5744051103635628,-0.6544051103635629,60
1000XEC,short,2025-04-04 19:30:00+00:00,2025-04-04 19:35:00+00:00,2025-04-04 22:00:00+00:00,373044,373045,373074,0.01919,0.019354790057453098,0.019354790057453098,0.0188304198850938,stop,-0.8514174370475414,-0.9314174370475414,30
1000XEC,long,2025-04-05 16:25:00+00:00,2025-04-05 16:30:00+00:00,2025-04-05 17:25:00+00:00,373295,373296,373307,0.01956,0.01950163542535983,0.01950163542535983,0.01970672914928034,stop,-0.2983873959108929,-0.37838739591089293,12
1000XEC,long,2025-04-05 17:30:00+00:00,2025-04-05 17:35:00+00:00,2025-04-05 18:40:00+00:00,373308,373309,373322,0.01956,0.01946973618955659,0.01946973618955659,0.019710527620886823,stop,-0.4614714235348205,-0.5414714235348206,14
1000XEC,short,2025-04-05 19:05:00+00:00,2025-04-05 19:10:00+00:00,2025-04-05 19:30:00+00:00,373327,373328,373332,0.01937,0.019219781658001055,0.019460109170999475,0.019219781658001055,take_profit,0.781581938192355,0.7015819381923549,5
1000XEC,long,2025-04-06 14:20:00+00:00,2025-04-06 14:25:00+00:00,2025-04-06 14:50:00+00:00,373558,373559,373564,0.01924,0.019317690742589315,0.019201154628705343,0.019317690742589315,take_profit,0.40379803840600026,0.32379803840600024,6
1000XEC,short,2025-04-06 15:55:00+00:00,2025-04-06 16:00:00+00:00,2025-04-06 17:55:00+00:00,373577,373578,373601,0.0191,0.019198057183663308,0.019198057183663308,0.01893388563267338,stop,-0.5107661818340214,-0.5907661818340215,24
1000XEC,short,2025-04-06 19:15:00+00:00,2025-04-06 19:20:00+00:00,2025-04-06 22:15:00+00:00,373617,373618,373653,0.01909,0.018874882414156618,0.01919755879292169,0.018874882414156618,take_profit,1.1397029190605146,1.0597029190605145,36
1000XEC,short,2025-04-07 14:45:00+00:00,2025-04-07 14:50:00+00:00,2025-04-07 15:35:00+00:00,373851,373852,373861,0.0168,0.0163206298425253,0.01703968507873735,0.0163206298425253,take_profit,2.937203785025777,2.857203785025777,10
1000XEC,short,2025-04-07 19:35:00+00:00,2025-04-07 19:40:00+00:00,2025-04-07 21:25:00+00:00,373909,373910,373931,0.0168,0.017028963253848152,0.017028963253848152,0.016372073492303692,stop,-1.3445519285879781,-1.4245519285879782,22
1000XEC,long,2025-04-09 14:25:00+00:00,2025-04-09 14:30:00+00:00,2025-04-09 16:00:00+00:00,374423,374424,374442,0.01722,0.017459167759347697,0.01711541612032615,0.017459167759347697,take_profit,1.3888952343071859,1.3088952343071858,19
1000XEC,long,2025-04-10 14:05:00+00:00,2025-04-10 14:10:00+00:00,2025-04-10 15:40:00+00:00,374707,374708,374726,0.01852,0.01845581415029737,0.01845581415029737,0.018678371699405266,stop,-0.34657586232521576,-0.42657586232521577,19
1000XEC,long,2025-04-10 15:55:00+00:00,2025-04-10 16:00:00+00:00,2025-04-10 16:30:00+00:00,374729,374730,374736,0.01854,0.01844013151583112,0.01844013151583112,0.018739736968337764,stop,-0.5386649631547002,-0.6186649631547003,7
1000XEC,short,2025-04-10 17:30:00+00:00,2025-04-10 17:35:00+00:00,2025-04-10 18:20:00+00:00,374748,374749,374758,0.01829,0.018397445706198334,0.018397445706198334,0.018045108587603335,stop,-0.584025129978416,-0.6640251299784161,10
1000XEC,long,2025-04-11 15:10:00+00:00,2025-04-11 15:15:00+00:00,2025-04-11 17:00:00+00:00,375008,375009,375030,0.01902,0.018932826144514973,0.018932826144514973,0.01919434771097005,stop,-0.45832731590444986,-0.5383273159044499,22
1000XEC,long,2025-04-11 17:05:00+00:00,2025-04-11 17:10:00+00:00,2025-04-11 18:00:00+00:00,375031,375032,375042,0.019,0.01887057322587884,0.01887057322587884,0.019258853548242316,stop,-0.6811935480060982,-0.7611935480060983,11
1000XEC,long,2025-04-11 18:35:00+00:00,2025-04-11 18:40:00+00:00,2025-04-12 01:45:00+00:00,375049,375050,375135,0.01902,0.01926679300978625,0.018896603495106874,0.01926679300978625,take_profit,1.297544741252632,1.217544741252632,86
1000XEC,long,2025-04-12 14:15:00+00:00,2025-04-12 14:20:00+00:00,2025-04-12 16:35:00+00:00,375285,375286,375313,0.01937,0.019502276708139095,0.019318861645930455,0.019502276708139095,take_profit,0.6828947245177908,0.6028947245177907,28
1000XEC,short,2025-04-13 14:10:00+00:00,2025-04-13 14:15:00+00:00,2025-04-13 15:45:00+00:00,375572,375573,375591,0.01974,0.01986638890963891,0.01986638890963891,0.019517222180722178,stop,-0.6361946814480657,-0.7161946814480658,19
1000XEC,short,2025-04-13 17:10:00+00:00,2025-04-13 17:15:00+00:00,2025-04-13 17:30:00+00:00,375608,375609,375612,0.01974,0.01983230361595226,0.01983230361595226,0.01955539276809548,stop,-0.46542054690013046,-0.5454205469001305,4
1000XEC,short,2025-04-14 14:30:00+00:00,2025-04-14 14:35:00+00:00,2025-04-14 16:10:00+00:00,375864,375865,375884,0.01965,0.01946308047550444,0.01975845976224778,0.01946308047550444,take_profit,0.9603799600521157,0.8803799600521156,20
1000XEC,short,2025-04-14 18:05:00+00:00,2025-04-14 18:10:00+00:00,2025-04-14 19:20:00+00:00,375907,375908,375922,0.01968,0.019773720985875612,0.019773720985875612,0.019462558028248776,stop,-0.4739673728710758,-0.5539673728710759,15
1000XEC,long,2025-04-14 19:30:00+00:00,2025-04-14 19:35:00+00:00,2025-04-14 20:05:00+00:00,375924,375925,375931,0.01986,0.02005143703743865,0.019764281481280673,0.02005143703743865,take_profit,0.9639327162067168,0.8839327162067168,7
1000XEC,short,2025-04-15 19:35:00+00:00,2025-04-15 19:40:00+00:00,2025-04-15 21:00:00+00:00,376213,376214,376230,0.01974,0.01991246881624466,0.01991246881624466,0.01939506236751068,stop,-0.8661347713145418,-0.9461347713145418,17
1000XEC,short,2025-04-16 14:20:00+00:00,2025-04-16 14:25:00+00:00,2025-04-16 22:20:00+00:00,376438,376439,376534,0.01934,0.018861292078182983,0.01956435396090851,0.018861292078182983,take_profit,2.5380441585480806,2.4580441585480806,96
1000XEC,long,2025-04-17 14:05:00+00:00,2025-04-17 14:10:00+00:00,2025-04-17 15:25:00+00:00,376723,376724,376739,0.01902,0.01920054866127305,0.018929725669363472,0.01920054866127305,take_profit,0.9492568941800839,0.8692568941800838,16
1000XEC,long,2025-04-18 14:50:00+00:00,2025-04-18 14:55:00+00:00,2025-04-18 15:35:00+00:00,377020,377021,377029,0.01999,0.019885175466889844,0.019885175466889844,0.020199649066220314,stop,-0.5243848579797761,-0.6043848579797761,9
1000XEC,long,2025-04-18 16:30:00+00:00,2025-04-18 16:35:00+00:00,2025-04-18 17:45:00+00:00,377040,377041,377055,0.02001,0.019885993165542043,0.019885993165542043,0.020258013668915914,stop,-0.6197243101347172,-0.6997243101347173,15
1000XEC,long,2025-04-18 18:30:00+00:00,2025-04-18 18:35:00+00:00,2025-04-18 18:50:00+00:00,377064,377065,377068,0.01999,0.019912346828513245,0.019912346828513245,0.02017530634297351,stop,-0.3884600874775157,-0.4684600874775157,4
1000XEC,long,2025-04-19 16:30:00+00:00,2025-04-19 16:35:00+00:00,2025-04-19 17:05:00+00:00,377328,377329,377335,0.02023,0.020178358083553165,0.020178358083553165,0.020333283832893675,stop,-0.255273932015998,-0.33527393201599803,7
1000XEC,long,2025-04-21 14:25:00+00:00,2025-04-21 14:30:00+00:00,2025-04-21 14:50:00+00:00,377879,377880,377884,0.02075,0.020908017911215247,0.02067099104439238,0.020908017911215247,take_profit,0.7615321022421462,0.6815321022421461,5
1000XEC,long,2025-04-22 16:30:00+00:00,2025-04-22 16:35:00+00:00,2025-04-22 22:45:00+00:00,378192,378193,378267,0.02077,0.021155362139181268,0.020562318930409367,0.021155362139181268,take_profit,1.8553786190720567,1.7753786190720569,75
1000XEC,long,2025-04-23 17:10:00+00:00,2025-04-23 17:15:00+00:00,2025-04-23 19:05:00+00:00,378488,378489,378511,0.02221,0.022079180500569038,0.022079180500569038,0.022471638998861926,stop,-0.5890117038764631,-0.6690117038764631,23
1000XEC,short,2025-04-24 16:35:00+00:00,2025-04-24 16:40:00+00:00,2025-04-24 20:55:00+00:00,378769,378770,378821,0.02144,0.02161147057952388,0.02161147057952388,0.02109705884095224,stop,-0.7934239314854485,-0.8734239314854486,52
1000XEC,long,2025-04-25 14:45:00+00:00,2025-04-25 14:50:00+00:00,2025-04-25 15:15:00+00:00,379035,379036,379041,0.02354,0.023179354797391267,0.023179354797391267,0.02426129040521746,stop,-1.532052687377794,-1.6120526873777938,6
1000XEC,long,2025-04-25 18:15:00+00:00,2025-04-25 18:20:00+00:00,2025-04-26 01:35:00+00:00,379077,379078,379165,0.02356,0.02449272087914071,0.023093639560429646,0.02449272087914071,take_profit,3.9589171440607362,3.878917144060736,88
1000XEC,short,2025-04-26 14:05:00+00:00,2025-04-26 14:10:00+00:00,2025-04-26 14:45:00+00:00,379315,379316,379323,0.02414,0.024325694966535295,0.024325694966535295,0.023768610066929416,stop,-0.7633696253724787,-0.8433696253724787,8
1000XEC,short,2025-04-26 16:55:00+00:00,2025-04-26 17:00:00+00:00,2025-04-26 18:00:00+00:00,379349,379350,379362,0.02416,0.023822600744578246,0.02432869962771088,0.023822600744578246,take_profit,1.4162989970712747,1.3362989970712746,13
1000XEC,short,2025-04-27 14:20:00+00:00,2025-04-27 14:25:00+00:00,2025-04-27 14:50:00+00:00,379606,379607,379612,0.02341,0.0236341905981438,0.0236341905981438,0.0229316188037124,stop,-0.948585893867715,-1.028585893867715,6
1000XEC,short,2025-04-27 15:35:00+00:00,2025-04-27 15:40:00+00:00,2025-04-27 17:15:00+00:00,379621,379622,379641,0.02347,0.023645024104534666,0.023645024104534666,0.02311995179093067,stop,-0.7402153779200393,-0.8202153779200394,20
1000XEC,short,2025-04-27 19:00:00+00:00,2025-04-27 19:05:00+00:00,2025-04-27 20:50:00+00:00,379662,379663,379684,0.02344,0.02312807419440367,0.023595962902798164,0.02312807419440367,take_profit,1.3486890563149778,1.2686890563149777,22
1000XEC,short,2025-04-28 14:30:00+00:00,2025-04-28 14:35:00+00:00,2025-04-28 15:15:00+00:00,379896,379897,379905,0.02229,0.022414254026849767,0.022414254026849767,0.02204149194630047,stop,-0.5543527199295739,-0.634352719929574,9
1000XEC,long,2025-04-28 15:20:00+00:00,2025-04-28 15:25:00+00:00,2025-04-28 16:25:00+00:00,379906,379907,379919,0.02244,0.022679486757139513,0.022335256621430245,0.022679486757139513,take_profit,1.067231538054858,0.987231538054858,13
1000XEC,short,2025-04-29 14:10:00+00:00,2025-04-29 14:15:00+00:00,2025-04-29 15:10:00+00:00,380180,380181,380192,0.02247,0.02266415493854489,0.02266415493854489,0.022051690122910222,stop,-0.8566608332468251,-0.9366608332468251,12
1000XEC,short,2025-04-29 18:05:00+00:00,2025-04-29 18:10:00+00:00,2025-04-29 19:40:00+00:00,380227,380228,380246,0.02252,0.022233965104749218,0.02266301744762539,0.022233965104749218,take_profit,1.2864772158416526,1.2064772158416526,19
1000XEC,short,2025-04-30 16:45:00+00:00,2025-04-30 16:50:00+00:00,2025-04-30 17:40:00+00:00,380499,380500,380510,0.02203,0.022143592198309827,0.022143592198309827,0.021832815603380348,stop,-0.5129799957140468,-0.5929799957140469,11
1000XEC,long,2025-04-30 18:20:00+00:00,2025-04-30 18:25:00+00:00,2025-04-30 21:20:00+00:00,380518,380519,380554,0.02235,0.02221576904100211,0.02221576904100211,0.022588461917995774,stop,-0.6005859462992702,-0.6805859462992703,36
1000XEC,long,2025-05-02 14:05:00+00:00,2025-05-02 14:10:00+00:00,2025-05-02 15:00:00+00:00,381043,381044,381054,0.02323,0.022925178362222874,0.022925178362222874,0.023869643275554252,stop,-1.3121895728675281,-1.3921895728675282,11
1000XEC,short,2025-05-02 15:15:00+00:00,2025-05-02 15:20:00+00:00,2025-05-02 21:30:00+00:00,381057,381058,381132,0.0229,0.022393820594420886,0.023153089702789557,0.022393820594420886,take_profit,2.260353044469876,2.180353044469876,75
1000XEC,short,2025-05-03 14:10:00+00:00,2025-05-03 14:15:00+00:00,2025-05-03 17:40:00+00:00,381332,381333,381374,0.02235,0.02221141637977933,0.022404291810110333,0.02221141637977933,take_profit,0.6239296848571607,0.5439296848571606,42
1000XEC,short,2025-05-04 17:40:00+00:00,2025-05-04 17:45:00+00:00,2025-05-04 20:15:00+00:00,381662,381663,381693,0.0211,0.021297190751208072,0.021297190751208072,0.020705618497583858,stop,-0.9259002913184045,-1.0059002913184045,31
1000XEC,long,2025-05-05 14:05:00+00:00,2025-05-05 14:10:00+00:00,2025-05-05 16:40:00+00:00,381907,381908,381938,0.02146,0.021601913957250654,0.021389043021374673,0.021601913957250654,take_profit,0.661295234159609,0.5812952341596089,31
1000XEC,long,2025-05-07 16:20:00+00:00,2025-05-07 16:25:00+00:00,2025-05-07 17:30:00+00:00,382510,382511,382524,0.02097,0.02112987085195257,0.020890064574023714,0.02112987085195257,take_profit,0.7623788838939882,0.6823788838939882,14
1000XEC,long,2025-05-08 17:45:00+00:00,2025-05-08 17:50:00+00:00,2025-05-08 18:05:00+00:00,382815,382816,382819,0.02229,0.022191727558834067,0.022191727558834067,0.022516544882331867,stop,-0.4408812972899634,-0.5208812972899635,4
1000XEC,long,2025-05-08 19:50:00+00:00,2025-05-08 19:55:00+00:00,2025-05-08 20:20:00+00:00,382840,382841,382846,0.0223,0.02223081022720383,0.02223081022720383,0.022438379545592343,stop,-0.3102680394447166,-0.3902680394447166,6
1000XEC,long,2025-05-09 14:40:00+00:00,2025-05-09 14:45:00+00:00,2025-05-09 15:20:00+00:00,383066,383067,383074,0.02306,0.023193663253197265,0.02297816837340137,0.023193663253197265,take_profit,0.5796324943506681,0.4996324943506681,8
1000XEC,long,2025-05-10 14:50:00+00:00,2025-05-10 14:55:00+00:00,2025-05-10 16:10:00+00:00,383356,383357,383372,0.02462,0.024927477778139404,0.024451261110930298,0.024927477778139404,take_profit,1.248894306008963,1.168894306008963,16
1000XEC,short,2025-05-11 14:55:00+00:00,2025-05-11 15:00:00+00:00,2025-05-11 16:00:00+00:00,383645,383646,383658,0.02491,0.02463273790005449,0.025048631049972757,0.02463273790005449,take_profit,1.1255837701455773,1.0455837701455772,13
1000XEC,short,2025-05-12 14:20:00+00:00,2025-05-12 14:25:00+00:00,2025-05-12 15:25:00+00:00,383926,383927,383939,0.02487,0.025045316440172483,0.025045316440172483,0.024519367119655033,stop,-0.69999690597351,-0.7799969059735101,13
1000XEC,long,2025-05-12 16:00:00+00:00,2025-05-12 16:05:00+00:00,2025-05-12 23:25:00+00:00,383946,383947,384035,0.02554,0.024984305339839613,0.024984305339839613,0.026651389320320774,stop,-2.175781754739181,-2.255781754739181,89
1000XEC,long,2025-05-14 14:45:00+00:00,2025-05-14 14:50:00+00:00,2025-05-14 15:20:00+00:00,384507,384508,384514,0.02539,0.02526748689334209,0.02526748689334209,0.025635026213315818,stop,-0.48252503606895925,-0.5625250360689593,7
1000XEC,short,2025-05-14 17:10:00+00:00,2025-05-14 17:15:00+00:00,2025-05-14 17:35:00+00:00,384536,384537,384541,0.02497,0.025116155745114225,0.025116155745114225,0.024677688509771548,stop,-0.5819192498941916,-0.6619192498941917,5
1000XEC,short,2025-05-14 17:50:00+00:00,2025-05-14 17:55:00+00:00,2025-05-14 20:10:00+00:00,384544,384545,384572,0.02472,0.025124862553473442,0.025124862553473442,0.023910274893053113,stop,-1.6114020628442027,-1.6914020628442026,28
1000XEC,short,2025-05-15 14:05:00+00:00,2025-05-15 14:10:00+00:00,2025-05-15 14:50:00+00:00,384787,384788,384796,0.02424,0.02391504274554326,0.02440247862722837,0.02391504274554326,take_profit,1.358798551665985,1.278798551665985,9
1000XEC,short,2025-05-16 14:40:00+00:00,2025-05-16 14:45:00+00:00,2025-05-16 17:35:00+00:00,385082,385083,385117,0.02385,0.02337865710822944,0.02408567144588528,0.02337865710822944,take_profit,2.016124748263004,1.9361247482630042,35
1000XEC,short,2025-05-16 19:00:00+00:00,2025-05-16 19:05:00+00:00,2025-05-16 23:40:00+00:00,385134,385135,385190,0.02384,0.023450925432978918,0.024019537283510542,0.023450925432978918,take_profit,1.6591011221839924,1.5791011221839926,56
1000XEC,short,2025-05-17 14:10:00+00:00,2025-05-17 14:15:00+00:00,2025-05-17 14:45:00+00:00,385364,385365,385371,0.02287,0.02269581625159811,0.022942091874200942,0.02269581625159811,take_profit,0.7674707376502665,0.6874707376502665,7
1000XEC,short,2025-05-17 16:25:00+00:00,2025-05-17 16:30:00+00:00,2025-05-17 16:40:00+00:00,385391,385392,385394,0.02284,0.022680686617610614,0.02294965669119469,0.022680686617610614,take_profit,0.70241869249974,0.6224186924997399,3
1000XEC,long,2025-05-18 14:05:00+00:00,2025-05-18 14:10:00+00:00,2025-05-18 14:55:00+00:00,385651,385652,385661,0.02266,0.02283308328223181,0.022573458358884094,0.02283308328223181,take_profit,0.7638273708376442,0.6838273708376441,10
1000XEC,short,2025-05-19 15:40:00+00:00,2025-05-19 15:45:00+00:00,2025-05-19 16:10:00+00:00,385958,385959,385964,0.02178,0.021893602804175724,0.021893602804175724,0.021552794391648554,stop,-0.5188858370722582,-0.5988858370722583,6
1000XEC,short,2025-05-19 19:05:00+00:00,2025-05-19 19:10:00+00:00,2025-05-19 19:20:00+00:00,385999,386000,386002,0.02178,0.02188378469728796,0.02188378469728796,0.02160243060542408,stop,-0.47425387666522045,-0.5542538766652205,3
1000XEC,long,2025-05-20 14:05:00+00:00,2025-05-20 14:10:00+00:00,2025-05-20 15:05:00+00:00,386227,386228,386239,0.02296,0.02282916126469306,0.02282916126469306,0.023191677470613885,stop,-0.5698551189326717,-0.6498551189326718,12
1000XEC,long,2025-05-21 14:30:00+00:00,2025-05-21 14:35:00+00:00,2025-05-21 15:10:00+00:00,386520,386521,386528,0.02288,0.02273843592272214,0.02273843592272214,0.023163128154555724,stop,-0.6187241139766653,-0.6987241139766653,8
1000XEC,long,2025-05-21 15:40:00+00:00,2025-05-21 15:45:00+00:00,2025-05-21 16:10:00+00:00,386534,386535,386540,0.02289,0.02276328960760888,0.02276328960760888,0.023143420784782244,stop,-0.5535622210184443,-0.6335622210184444,6
1000XEC,short,2025-05-21 16:20:00+00:00,2025-05-21 16:25:00+00:00,2025-05-21 23:50:00+00:00,386542,386543,386632,0.02255,0.02276464925560025,0.02276464925560025,0.0220907014887995,stop,-0.9429060522311628,-1.0229060522311628,90
1000XEC,long,2025-05-22 17:15:00+00:00,2025-05-22 17:20:00+00:00,2025-05-22 20:05:00+00:00,386841,386842,386875,0.02394,0.023761409351681025,0.023761409351681025,0.02426718129663795,stop,-0.7459926830366559,-0.825992683036656,34
1000XEC,short,2025-05-23 15:20:00+00:00,2025-05-23 15:25:00+00:00,2025-05-23 17:25:00+00:00,387106,387107,387131,0.02383,0.024040622719468746,0.024040622719468746,0.02340875456106251,stop,-0.8761117460496459,-0.956111746049646,25
1000XEC,long,2025-05-23 18:10:00+00:00,2025-05-23 18:15:00+00:00,2025-05-23 19:10:00+00:00,387140,387141,387152,0.02418,0.02408273200954765,0.02408273200954765,0.0243745359809047,stop,-0.40226629632899025,-0.48226629632899026,12
1000XEC,long,2025-05-23 19:45:00+00:00,2025-05-23 19:50:00+00:00,2025-05-23 20:05:00+00:00,387159,387160,387163,0.02419,0.02407949499818247,0.02407949499818247,0.024411010003635058,stop,-0.45682100792694413,-0.5368210079269442,4
1000XEC,short,2025-05-24 14:10:00+00:00,2025-05-24 14:15:00+00:00,2025-05-24 15:00:00+00:00,387380,387381,387390,0.0226,0.022689296566602343,0.022689296566602343,0.02242140686679531,stop,-0.39356251675860543,-0.47356251675860545,10
1000XEC,short,2025-05-24 15:15:00+00:00,2025-05-24 15:20:00+00:00,2025-05-24 16:10:00+00:00,387393,387394,387404,0.02258,0.022710467186534945,0.022710467186534945,0.022349065626930106,stop,-0.5744804167318041,-0.6544804167318041,11
1000XEC,short,2025-05-24 16:30:00+00:00,2025-05-24 16:35:00+00:00,2025-05-24 19:50:00+00:00,387408,387409,387448,0.02263,0.022736955886702263,0.022736955886702263,0.022386088226595477,stop,-0.4704054809941183,-0.5504054809941183,40
1000XEC,short,2025-05-25 15:15:00+00:00,2025-05-25 15:20:00+00:00,2025-05-25 16:05:00+00:00,387681,387682,387691,0.02209,0.022005727777913778,0.02213213611104311,0.022005727777913778,take_profit,0.3829558510253017,0.3029558510253017,10
1000XEC,long,2025-05-26 15:55:00+00:00,2025-05-26 16:00:00+00:00,2025-05-26 16:10:00+00:00,387977,387978,387980,0.02229,0.02243381153348632,0.02221809423325684,0.02243381153348632,take_profit,0.6451840892163219,0.5651840892163218,3
1000XEC,short,2025-05-27 14:15:00+00:00,2025-05-27 14:20:00+00:00,2025-05-27 14:45:00+00:00,388245,388246,388251,0.02194,0.022068144964168365,0.022068144964168365,0.021683710071663274,stop,-0.580678459274353,-0.6606784592743531,6
1000XEC,long,2025-05-27 14:50:00+00:00,2025-05-27 14:55:00+00:00,2025-05-27 19:10:00+00:00,388252,388253,388304,0.02215,0.02201848541537351,0.02201848541537351,0.022443029169252976,stop,-0.5937453030541273,-0.6737453030541274,52
1000XEC,short,2025-05-27 19:30:00+00:00,2025-05-27 19:35:00+00:00,2025-05-27 20:05:00+00:00,388308,388309,388315,0.02197,0.022100880739550566,0.022100880739550566,0.021738238520898866,stop,-0.5921969404429683,-0.6721969404429684,7
1000XEC,short,2025-05-28 15:00:00+00:00,2025-05-28 15:05:00+00:00,2025-05-28 19:00:00+00:00,388542,388543,388590,0.02206,0.021829425931191842,0.022205287034404077,0.021829425931191842,take_profit,1.0562534696741288,0.9762534696741287,48
1000XEC,long,2025-05-29 17:30:00+00:00,2025-05-29 17:35:00+00:00,2025-05-29 19:10:00+00:00,388860,388861,388880,0.0222,0.022121041369181978,0.022121041369181978,0.022357917261636048,stop,-0.35566950818929355,-0.43566950818929356,20
1000XEC,short,2025-05-30 15:10:00+00:00,2025-05-30 15:15:00+00:00,2025-05-30 15:50:00+00:00,389120,389121,389128,0.02109,0.020912830869897744,0.02119358456505113,0.020912830869897744,take_profit,0.8471790892608189,0.7671790892608188,8
1000XEC,long,2025-05-31 15:05:00+00:00,2025-05-31 15:10:00+00:00,2025-05-31 21:50:00+00:00,389407,389408,389488,0.02012,0.020404265752593825,0.019947867123703087,0.020404265752593825,take_profit,1.4128516530508284,1.3328516530508283,81
1000XEC,long,2025-06-01 14:30:00+00:00,2025-06-01 14:35:00+00:00,2025-06-01 15:10:00+00:00,389688,389689,389696,0.02148,0.021332423932796378,0.021332423932796378,0.021745152134407243,stop,-0.6870394190112705,-0.7670394190112706,8
1000XEC,long,2025-06-02 14:05:00+00:00,2025-06-02 14:10:00+00:00,2025-06-02 14:45:00+00:00,389971,389972,389979,0.02137,0.021236511459938365,0.021236511459938365,0.021606977080123272,stop,-0.6246539076351643,-0.7046539076351643,8
1000XEC,long,2025-06-02 15:25:00+00:00,2025-06-02 15:30:00+00:00,2025-06-02 17:45:00+00:00,389987,389988,390015,0.02139,0.021287159059840504,0.021287159059840504,0.02159568188031899,stop,-0.4807898090672946,-0.5607898090672947,28
1000XEC,long,2025-06-02 17:50:00+00:00,2025-06-02 17:55:00+00:00,2025-06-02 18:50:00+00:00,390016,390017,390028,0.02138,0.02120053120610617,0.02120053120610617,0.02176893758778766,stop,-0.8394237319636622,-0.9194237319636622,12
1000XEC,long,2025-06-03 14:05:00+00:00,2025-06-03 14:10:00+00:00,2025-06-03 14:55:00+00:00,390259,390260,390269,0.02183,0.02192936332924686,0.02176531833537657,0.02192936332924686,take_profit,0.45516870933055564,0.3751687093305556,10
1000XEC,long,2025-06-04 15:40:00+00:00,2025-06-04 15:45:00+00:00,2025-06-04 18:00:00+00:00,390566,390567,390594,0.02223,0.0221447658328606,0.0221447658328606,0.0224004683342788,stop,-0.3834195552829489,-0.4634195552829489,28
1000XEC,short,2025-06-04 18:30:00+00:00,2025-06-04 18:35:00+00:00,2025-06-04 18:55:00+00:00,390600,390601,390605,0.02206,0.022161214446332636,0.022161214446332636,0.02182757110733473,stop,-0.456718861584704,-0.536718861584704,5
1000XEC,short,2025-06-04 19:20:00+00:00,2025-06-04 19:25:00+00:00,2025-06-04 21:00:00+00:00,390610,390611,390630,0.02207,0.02181832348106129,0.022195838259469355,0.02181832348106129,take_profit,1.1535098888655337,1.0735098888655337,20
1000XEC,short,2025-06-05 14:10:00+00:00,2025-06-05 14:15:00+00:00,2025-06-05 16:10:00+00:00,390836,390837,390860,0.02154,0.02162823398042644,0.02162823398042644,0.021363532039147117,stop,-0.4079573972904704,-0.48795739729047044,24
1000XEC,short,2025-06-05 17:05:00+00:00,2025-06-05 17:10:00+00:00,2025-06-05 18:05:00+00:00,390871,390872,390883,0.02156,0.02167642836803264,0.02167642836803264,0.021327143263934718,stop,-0.5371197046665888,-0.6171197046665888,12
1000XEC,short,2025-06-05 18:20:00+00:00,2025-06-05 18:25:00+00:00,2025-06-05 21:40:00+00:00,390886,390887,390926,0.02155,0.021675419691863738,0.021675419691863738,0.021329160616272522,stop,-0.5786263594739882,-0.6586263594739883,40
1000XEC,long,2025-06-06 15:10:00+00:00,2025-06-06 15:15:00+00:00,2025-06-06 21:30:00+00:00,391136,391137,391212,0.02079,0.02094873904868522,0.02071063047565739,0.02094873904868522,take_profit,0.7635355877114947,0.6835355877114946,76
1000XEC,long,2025-06-07 14:10:00+00:00,2025-06-07 14:15:00+00:00,2025-06-07 15:25:00+00:00,391412,391413,391427,0.02117,0.021120887225150216,0.021120887225150216,0.021268225549699572,stop,-0.23199232333389608,-0.3119923233338961,15
1000XEC,long,2025-06-07 15:40:00+00:00,2025-06-07 15:45:00+00:00,2025-06-07 15:55:00+00:00,391430,391431,391433,0.02118,0.021274723286932026,0.02113263835653399,0.021274723286932026,take_profit,0.4472298722003165,0.3672298722003165,3
1000XEC,long,2025-06-07 18:00:00+00:00,2025-06-07 18:05:00+00:00,2025-06-07 18:45:00+00:00,391458,391459,391467,0.02118,0.021130573445719853,0.021130573445719853,0.021278853108560297,stop,-0.23336427894309342,-0.31336427894309343,9
1000XEC,long,2025-06-07 19:00:00+00:00,2025-06-07 19:05:00+00:00,2025-06-08 07:30:00+00:00,391470,391471,391620,0.02121,0.02141656139561792,0.02110671930219104,0.02141656139561792,take_profit,0.9738868251669919,0.8938868251669918,150
1000XEC,short,2025-06-08 14:10:00+00:00,2025-06-08 14:15:00+00:00,2025-06-08 16:40:00+00:00,391700,391701,391730,0.02123,0.021122829474969487,0.021298585262515254,0.021122829474969487,take_profit,0.5073682252536793,0.4273682252536793,30
1000XEC,short,2025-06-09 14:10:00+00:00,2025-06-09 14:15:00+00:00,2025-06-09 18:30:00+00:00,391988,391989,392040,0.02143,0.0215504113703181,0.0215504113703181,0.0212191772593638,stop,-0.5587427926501021,-0.6387427926501021,52
1000XEC,long,2025-06-09 18:40:00+00:00,2025-06-09 18:45:00+00:00,2025-06-09 20:25:00+00:00,392042,392043,392063,0.02165,0.021842811149527217,0.02155359442523639,0.021842811149527217,take_profit,0.8905826768000891,0.810582676800089,21
1000XEC,long,2025-06-10 14:15:00+00:00,2025-06-10 14:20:00+00:00,2025-06-10 14:20:00+00:00,392277,392278,392278,0.02232,0.022223783423774113,0.022223783423774113,0.02254243315245177,stop,-0.43107785047440395,-0.511077850474404,1
1000XEC,short,2025-06-10 14:25:00+00:00,2025-06-10 14:30:00+00:00,2025-06-10 19:05:00+00:00,392279,392280,392335,0.02215,0.022265462251949874,0.022265462251949874,0.021889075496100252,stop,-0.5185710974393243,-0.5985710974393244,56
1000XEC,long,2025-06-10 19:10:00+00:00,2025-06-10 19:15:00+00:00,2025-06-10 20:20:00+00:00,392336,392337,392350,0.02232,0.02252687737159527,0.022216561314202365,0.02252687737159527,take_profit,0.9268699444232587,0.8468699444232586,14
1000XEC,long,2025-06-11 15:20:00+00:00,2025-06-11 15:25:00+00:00,2025-06-11 15:30:00+00:00,392578,392579,392580,0.02286,0.022807209117265217,0.022807209117265217,0.02299558176546957,stop,-0.23093124555897404,-0.31093124555897406,2
1000XEC,long,2025-06-11 15:55:00+00:00,2025-06-11 16:00:00+00:00,2025-06-11 16:05:00+00:00,392585,392586,392587,0.02287,0.02281313830756704,0.02281313830756704,0.02301372338486592,stop,-0.24863004999108318,-0.3286300499910832,2
1000XEC,long,2025-06-11 16:10:00+00:00,2025-06-11 16:15:00+00:00,2025-06-11 17:40:00+00:00,392588,392589,392606,0.02289,0.022775993025409908,0.022775993025409908,0.023118013949180186,stop,-0.498064546046717,-0.5780645460467171,18
1000XEC,short,2025-06-12 16:25:00+00:00,2025-06-12 16:30:00+00:00,2025-06-13 00:50:00+00:00,392879,392880,392980,0.02171,0.021354715533418497,0.02190264223329075,0.021354715533418497,take_profit,1.663728397718578,1.583728397718578,101
1000XEC,short,2025-06-13 15:15:00+00:00,2025-06-13 15:20:00+00:00,2025-06-13 15:30:00+00:00,393153,393154,393156,0.02008,0.019806157208850664,0.02021692139557467,0.019806157208850664,take_profit,1.3826144479301972,1.302614447930197,3
1000XEC,short,2025-06-13 19:20:00+00:00,2025-06-13 19:25:00+00:00,2025-06-13 19:55:00+00:00,393202,393203,393209,0.02013,0.020206338906188535,0.020206338906188535,0.01991732218762293,stop,-0.37779682179415186,-0.4577968217941519,7
1000XEC,short,2025-06-14 14:30:00+00:00,2025-06-14 14:35:00+00:00,2025-06-14 14:50:00+00:00,393432,393433,393436,0.02067,0.020764066869693208,0.020764066869693208,0.020511866260613586,stop,-0.45302719493022225,-0.5330271949302223,4
1000XEC,long,2025-06-14 16:30:00+00:00,2025-06-14 16:35:00+00:00,2025-06-14 17:05:00+00:00,393456,393457,393463,0.02078,0.020704427173650036,0.020704427173650036,0.020961145652699926,stop,-0.3636805887871186,-0.44368058878711863,7
1000XEC,short,2025-06-14 17:10:00+00:00,2025-06-14 17:15:00+00:00,2025-06-14 17:35:00+00:00,393464,393465,393469,0.02068,0.020733161131279227,0.020733161131279227,0.020573677737441547,stop,-0.2564062997563066,-0.3364062997563066,5
1000XEC,long,2025-06-16 14:20:00+00:00,2025-06-16 14:25:00+00:00,2025-06-16 14:30:00+00:00,394006,394007,394008,0.02025,0.02036549197333153,0.020192254013334236,0.02036549197333153,take_profit,0.5703307325013673,0.49033073250136733,2
1000XEC,short,2025-06-17 15:35:00+00:00,2025-06-17 15:40:00+00:00,2025-06-17 17:30:00+00:00,394309,394310,394332,0.01961,0.01942618883047608,0.01968690558476196,0.01942618883047608,take_profit,0.946202938352747,0.866202938352747,23
1000XEC,long,2025-06-19 14:05:00+00:00,2025-06-19 14:10:00+00:00,2025-06-19 15:05:00+00:00,394867,394868,394879,0.0188,0.018737510300544033,0.018737510300544033,0.018954979398911935,stop,-0.33239201838280996,-0.41239201838281,12
1000XEC,long,2025-06-19 17:10:00+00:00,2025-06-19 17:15:00+00:00,2025-06-19 17:55:00+00:00,394904,394905,394913,0.01878,0.01873396711681327,0.01873396711681327,0.01887206576637346,stop,-0.24511652389099803,-0.32511652389099804,9
1000XEC,long,2025-06-19 18:15:00+00:00,2025-06-19 18:20:00+00:00,2025-06-19 21:40:00+00:00,394917,394918,394958,0.01879,0.018709847259207414,0.018709847259207414,0.018950305481585175,stop,-0.42657126552734237,-0.5065712655273424,41
1000XEC,long,2025-06-20 16:20:00+00:00,2025-06-20 16:25:00+00:00,2025-06-20 22:50:00+00:00,395182,395183,395260,0.01942,0.019256303484141958,0.019256303484141958,0.019747393031716083,stop,-0.8429274760970218,-0.9229274760970219,78
1000XEC,short,2025-06-21 15:15:00+00:00,2025-06-21 15:20:00+00:00,2025-06-22 02:35:00+00:00,395457,395458,395593,0.0187,0.018386066258954847,0.018871966870522578,0.018386066258954847,take_profit,1.707454637787209,1.6274546377872092,136
1000XEC,long,2025-06-22 14:15:00+00:00,2025-06-22 14:20:00+00:00,2025-06-22 14:35:00+00:00,395733,395734,395737,0.01811,0.017997907207850817,0.017997907207850817,0.01833418558429837,stop,-0.6189552299789347,-0.6989552299789348,4
1000XEC,long,2025-06-22 15:15:00+00:00,2025-06-22 15:20:00+00:00,2025-06-22 16:35:00+00:00,395745,395746,395761,0.01809,0.018004780765517515,0.018004780765517515,0.018290438468964974,stop,-0.4710847677307006,-0.5510847677307007,16
1000XEC,short,2025-06-22 16:40:00+00:00,2025-06-22 16:45:00+00:00,2025-06-22 17:00:00+00:00,395762,395763,395766,0.01794,0.018006168375696643,0.018006168375696643,0.017807663248606716,stop,-0.36747615770355013,-0.44747615770355015,4
1000XEC,long,2025-06-23 14:10:00+00:00,2025-06-23 14:15:00+00:00,2025-06-23 14:50:00+00:00,396020,396021,396028,0.01744,0.017542274497615386,0.017388862751192308,0.017542274497615386,take_profit,0.5864363395377659,0.5064363395377658,8
1000XEC,long,2025-06-24 14:10:00+00:00,2025-06-24 14:15:00+00:00,2025-06-24 23:20:00+00:00,396308,396309,396418,0.01874,0.019013118589076082,0.01860344070546196,0.019013118589076082,take_profit,1.457409760277928,1.3774097602779278,110
1000XEC,short,2025-06-25 14:55:00+00:00,2025-06-25 15:00:00+00:00,2025-06-25 15:30:00+00:00,396605,396606,396612,0.01911,0.01919291913161078,0.01919291913161078,0.018944161736778434,stop,-0.4320298076711748,-0.5120298076711749,7
1000XEC,long,2025-06-25 15:35:00+00:00,2025-06-25 15:40:00+00:00,2025-06-25 17:20:00+00:00,396613,396614,396634,0.01932,0.01920598943439139,0.01920598943439139,0.01957802113121722,stop,-0.5901167992164114,-0.6701167992164114,21
1000XEC,long,2025-06-25 18:15:00+00:00,2025-06-25 18:20:00+00:00,2025-06-25 18:35:00+00:00,396645,396646,396649,0.01929,0.019190736406404254,0.019190736406404254,0.019488527187191497,stop,-0.5145857625492356,-0.5945857625492357,4
1000XEC,long,2025-06-26 15:30:00+00:00,2025-06-26 15:35:00+00:00,2025-06-26 18:05:00+00:00,396900,396901,396931,0.01929,0.019162635750715154,0.019162635750715154,0.019574728498569696,stop,-0.6602604939598078,-0.7402604939598079,31
1000XEC,long,2025-06-27 14:10:00+00:00,2025-06-27 14:15:00+00:00,2025-06-27 14:20:00+00:00,397172,397173,397174,0.01886,0.018770888933912443,0.018770888933912443,0.019038222132175108,stop,-0.4724870948438764,-0.5524870948438765,2
1000XEC,short,2025-06-27 14:30:00+00:00,2025-06-27 14:35:00+00:00,2025-06-27 16:15:00+00:00,397176,397177,397197,0.01874,0.018800394917704258,0.018800394917704258,0.018589210164591485,stop,-0.3212428141463386,-0.4012428141463386,21
1000XEC,short,2025-06-27 16:20:00+00:00,2025-06-27 16:25:00+00:00,2025-06-27 23:20:00+00:00,397198,397199,397282,0.01874,0.018412218593111176,0.018888890703444412,0.018412218593111176,take_profit,1.7802385151535205,1.7002385151535206,84
1000XEC,long,2025-06-28 14:10:00+00:00,2025-06-28 14:15:00+00:00,2025-06-28 14:30:00+00:00,397460,397461,397464,0.0186,0.018524227858992413,0.018524227858992413,0.01875154428201517,stop,-0.40737710219131973,-0.48737710219131974,4
1000XEC,long,2025-06-28 16:30:00+00:00,2025-06-28 16:35:00+00:00,2025-06-28 16:50:00+00:00,397488,397489,397492,0.01857,0.018554924434802212,0.018554924434802212,0.018660151130395573,stop,-0.08118236509309096,-0.16118236509309095,4
1000XEC,long,2025-06-28 16:55:00+00:00,2025-06-28 17:00:00+00:00,2025-06-28 17:10:00+00:00,397493,397494,397496,0.0186,0.018545152295492612,0.018545152295492612,0.018679695409014773,stop,-0.2948801317601446,-0.3748801317601446,3
1000XEC,long,2025-06-29 14:45:00+00:00,2025-06-29 14:50:00+00:00,2025-06-29 15:20:00+00:00,397755,397756,397762,0.01868,0.01864255187598452,0.01864255187598452,0.018754896248030953,stop,-0.20047175597150968,-0.2804717559715097,7
1000XEC,long,2025-06-29 16:10:00+00:00,2025-06-29 16:15:00+00:00,2025-06-29 16:25:00+00:00,397772,397773,397775,0.01867,0.01861370324657238,0.01861370324657238,0.01878259350685524,stop,-0.3015359048078148,-0.3815359048078148,3
1000XEC,long,2025-06-29 17:20:00+00:00,2025-06-29 17:25:00+00:00,2025-06-29 18:35:00+00:00,397786,397787,397801,0.01866,0.018803890031455203,0.018603054984272397,0.018803890031455203,take_profit,0.7711148523858791,0.691114852385879,15
1000XEC,short,2025-06-30 14:20:00+00:00,2025-06-30 14:25:00+00:00,2025-06-30 21:25:00+00:00,398038,398039,398123,0.01882,0.018436220239386077,0.018996889880306962,0.018436220239386077,take_profit,2.0816618354018157,2.0016618354018156,85
1000XEC,short,2025-07-01 14:10:00+00:00,2025-07-01 14:15:00+00:00,2025-07-01 14:45:00+00:00,398324,398325,398331,0.0182,0.018283794845576247,0.018283794845576247,0.01803241030884751,stop,-0.45830116933586185,-0.5383011693358619,7
1000XEC,long,2025-07-01 16:50:00+00:00,2025-07-01 16:55:00+00:00,2025-07-01 17:10:00+00:00,398356,398357,398360,0.01849,0.01837241008289937,0.01837241008289937,0.01869517983420126,stop,-0.6359649383484545,-0.7159649383484545,4
1000XEC,short,2025-07-01 19:40:00+00:00,2025-07-01 19:45:00+00:00,2025-07-01 20:15:00+00:00,398390,398391,398397,0.01821,0.01804189588897819,0.018294052055510907,0.01804189588897819,take_profit,0.9317430499336199,0.8517430499336198,7
1000XEC,long,2025-07-02 14:15:00+00:00,2025-07-02 14:20:00+00:00,2025-07-02 15:00:00+00:00,398613,398614,398622,0.01823,0.018148679922361237,0.018148679922361237,0.018392640155277525,stop,-0.446078319466614,-0.5260783194666141,9
1000XEC,long,2025-07-02 19:30:00+00:00,2025-07-02 19:35:00+00:00,2025-07-02 23:25:00+00:00,398676,398677,398723,0.01824,0.018427873701897524,0.018146063149051237,0.018427873701897524,take_profit,1.0300093305785296,0.9500093305785295,47
1000XEC,long,2025-07-03 14:05:00+00:00,2025-07-03 14:10:00+00:00,2025-07-03 18:30:00+00:00,398899,398900,398952,0.01901,0.019226670620916597,0.0189016646895417,0.019226670620916597,take_profit,1.1397718091351816,1.0597718091351815,53
1000XEC,long,2025-07-04 14:30:00+00:00,2025-07-04 14:35:00+00:00,2025-07-04 14:50:00+00:00,399192,399193,399196,0.01894,0.018865902258480637,0.018865902258480637,0.019088195483038722,stop,-0.39122355606843184,-0.47122355606843186,4
1000XEC,short,2025-07-04 15:05:00+00:00,2025-07-04 15:10:00+00:00,2025-07-04 16:15:00+00:00,399199,399200,399213,0.01878,0.01861965360997033,0.018875173195014836,0.01861965360997033,take_profit,0.861167416905162,0.7811674169051619,14
1000XEC,long,2025-07-05 14:50:00+00:00,2025-07-05 14:55:00+00:00,2025-07-05 16:45:00+00:00,399484,399485,399507,0.01852,0.01844245338912241,0.01844245338912241,0.018675093221755177,stop,-0.41871820128287496,-0.498718201282875,23
1000XEC,short,2025-07-06 14:05:00+00:00,2025-07-06 14:10:00+00:00,2025-07-06 15:05:00+00:00,399763,399764,399775,0.0182,0.018231272568474642,0.018231272568474642,0.01810745486305072,stop,-0.17153255954670543,-0.25153255954670545,12
1000XEC,long,2025-07-06 15:15:00+00:00,2025-07-06 15:20:00+00:00,2025-07-06 17:15:00+00:00,399777,399778,399801,0.01829,0.018216954380692107,0.018216954380692107,0.018466091238615787,stop,-0.39937462716180816,-0.4793746271618082,24
1000XEC,long,2025-07-06 17:20:00+00:00,2025-07-06 17:25:00+00:00,2025-07-06 20:50:00+00:00,399802,399803,399844,0.01825,0.018366583675715777,0.01819170816214211,0.018366583675715777,take_profit,0.6388146614563217,0.5588146614563216,42
1000XEC,short,2025-07-07 14:50:00+00:00,2025-07-07 14:55:00+00:00,2025-07-07 15:15:00+00:00,400060,400061,400065,0.01861,0.01869463372388072,0.01869463372388072,0.018440732552238562,stop,-0.45271667330185617,-0.5327166733018562,5
1000XEC,short,2025-07-07 15:40:00+00:00,2025-07-07 15:45:00+00:00,2025-07-07 16:40:00+00:00,400070,400071,400082,0.01858,0.018668384245105623,0.018668384245105623,0.018403231509788752,stop,-0.47344346433620954,-0.5534434643362096,12
1000XEC,short,2025-07-07 18:00:00+00:00,2025-07-07 18:05:00+00:00,2025-07-07 19:00:00+00:00,400098,400099,400110,0.01861,0.018551718761690303,0.01863914061915485,0.018551718761690303,take_profit,0.3141554648297573,0.23415546482975733,12
1000XEC,long,2025-07-08 15:30:00+00:00,2025-07-08 15:35:00+00:00,2025-07-08 15:35:00+00:00,400356,400357,400357,0.01827,0.018233129559925416,0.018233129559925416,0.018373740880149172,stop,-0.20180864846516267,-0.2818086484651627,1
1000XEC,long,2025-07-08 15:40:00+00:00,2025-07-08 15:45:00+00:00,2025-07-08 16:15:00+00:00,400358,400359,400365,0.01831,0.018229229059323445,0.018229229059323445,0.01847154188135311,stop,-0.4411302057703681,-0.5211302057703682,7
1000XEC,long,2025-07-08 16:45:00+00:00,2025-07-08 16:50:00+00:00,2025-07-08 17:45:00+00:00,400371,400372,400383,0.01829,0.018222614579583348,0.018222614579583348,0.018394770840833307,stop,-0.36842766766895796,-0.448427667668958,12
1000XEC,long,2025-07-09 14:35:00+00:00,2025-07-09 14:40:00+00:00,2025-07-09 20:45:00+00:00,400633,400634,400707,0.01877,0.01905006079587555,0.018629969602062223,0.01905006079587555,take_profit,1.4920660408926478,1.4120660408926478,74
1000XEC,long,2025-07-11 14:05:00+00:00,2025-07-11 14:10:00+00:00,2025-07-11 16:00:00+00:00,401203,401204,401226,0.02096,0.02079883984414832,0.02079883984414832,0.021282320311703358,stop,-0.7688938733381612,-0.8488938733381612,23
1000XEC,long,2025-07-11 16:25:00+00:00,2025-07-11 16:30:00+00:00,2025-07-11 16:55:00+00:00,401231,401232,401237,0.02097,0.020771510007592062,0.020771510007592062,0.021366979984815872,stop,-0.946542643814674,-1.026542643814674,6
1000XEC,long,2025-07-11 17:15:00+00:00,2025-07-11 17:20:00+00:00,2025-07-11 23:25:00+00:00,401241,401242,401315,0.02087,0.0212149555961066,0.0207125222019467,0.0212149555961066,take_profit,1.6528777963900287,1.572877796390029,74
1000XEC,short,2025-07-12 14:05:00+00:00,2025-07-12 14:10:00+00:00,2025-07-12 14:15:00+00:00,401491,401492,401493,0.02063,0.020763241346637137,0.020763241346637137,0.02039351730672572,stop,-0.6417174679651749,-0.721717467965175,2
1000XEC,long,2025-07-12 14:20:00+00:00,2025-07-12 14:25:00+00:00,2025-07-12 22:15:00+00:00,401494,401495,401589,0.02105,0.02076702214338127,0.02076702214338127,0.021615955713237454,stop,-1.344312858046215,-1.424312858046215,95
1000XEC,long,2025-07-13 14:35:00+00:00,2025-07-13 14:40:00+00:00,2025-07-13 14:50:00+00:00,401785,401786,401788,0.02107,0.020968249599150467,0.020968249599150467,0.021243500801699063,stop,-0.48291599833665266,-0.5629159983366527,3
1000XEC,long,2025-07-13 15:10:00+00:00,2025-07-13 15:15:00+00:00,2025-07-13 20:55:00+00:00,401792,401793,401861,0.02105,0.02122984505585667,0.020960077472071664,0.02122984505585667,take_profit,0.8543708116706572,0.7743708116706571,69
1000XEC,long,2025-07-14 14:10:00+00:00,2025-07-14 14:15:00+00:00,2025-07-14 14:45:00+00:00,402068,402069,402075,0.02202,0.02192789988176577,0.02192789988176577,0.022204200236468467,stop,-0.41825666773039893,-0.49825666773039895,7
1000XEC,long,2025-07-14 16:50:00+00:00,2025-07-14 16:55:00+00:00,2025-07-14 17:00:00+00:00,402100,402101,402102,0.02202,0.0218885888977183,0.0218885888977183,0.022282822204563405,stop,-0.5967806643129014,-0.6767806643129015,2
1000XEC,short,2025-07-15 15:35:00+00:00,2025-07-15 15:40:00+00:00,2025-07-15 16:00:00+00:00,402373,402374,402378,0.02053,0.020628009590642326,0.020628009590642326,0.020333980818715347,stop,-0.4751286846734204,-0.5551286846734205,5
1000XEC,short,2025-07-15 16:45:00+00:00,2025-07-15 16:50:00+00:00,2025-07-15 17:20:00+00:00,402387,402388,402394,0.02051,0.020332402825051454,0.020613798587474273,0.020332402825051454,take_profit,0.8734687015433895,0.7934687015433894,7
1000XEC,short,2025-07-15 18:15:00+00:00,2025-07-15 18:20:00+00:00,2025-07-15 20:05:00+00:00,402405,402406,402427,0.02052,0.020643778762622206,0.020643778762622206,0.020272442474755587,stop,-0.5995935339431213,-0.6795935339431214,22
1000XEC,long,2025-07-16 16:50:00+00:00,2025-07-16 16:55:00+00:00,2025-07-16 17:15:00+00:00,402676,402677,402681,0.02231,0.022125038210836556,0.022125038210836556,0.022679923578326888,stop,-0.8290532907370807,-0.9090532907370807,5
1000XEC,long,2025-07-16 17:40:00+00:00,2025-07-16 17:45:00+00:00,2025-07-16 19:20:00+00:00,402686,402687,402706,0.02225,0.022506270630912064,0.022106864684543967,0.022506270630912064,take_profit,1.1517781164587237,1.0717781164587237,20
1000XEC,long,2025-07-17 14:40:00+00:00,2025-07-17 14:45:00+00:00,2025-07-17 16:20:00+00:00,402938,402939,402958,0.0221,0.02195163350630394,0.02195163350630394,0.022366732987392113,stop,-0.6713416004346606,-0.7513416004346607,20
1000XEC,long,2025-07-18 14:05:00+00:00,2025-07-18 14:10:00+00:00,2025-07-18 14:45:00+00:00,403219,403220,403227,0.0228,0.02300225476217427,0.022683872618912866,0.02300225476217427,take_profit,0.8870822902380393,0.8070822902380392,8
1000XEC,long,2025-07-18 16:40:00+00:00,2025-07-18 16:45:00+00:00,2025-07-18 16:50:00+00:00,403250,403251,403252,0.0228,0.022584628799968,0.022584628799968,0.023200742400064003,stop,-0.9446105264561466,-1.0246105264561467,2
1000XEC,long,2025-07-18 17:15:00+00:00,2025-07-18 17:20:00+00:00,2025-07-18 17:35:00+00:00,403257,403258,403261,0.02283,0.022583740235060223,0.022583740235060223,0.023292519529879555,stop,-1.0786673891361231,-1.1586673891361232,4
1000XEC,long,2025-07-18 19:50:00+00:00,2025-07-18 19:55:00+00:00,2025-07-18 20:15:00+00:00,403288,403289,403293,0.0228,0.02262742466198432,0.02262742466198432,0.02314515067603136,stop,-0.7569093772617497,-0.8369093772617497,5
1000XEC,long,2025-07-19 17:25:00+00:00,2025-07-19 17:30:00+00:00,2025-07-19 23:40:00+00:00,403547,403548,403622,0.02253,0.02320899376089436,0.022175503119552818,0.02320899376089436,take_profit,3.013731739433445,2.933731739433445,75
1000XEC,short,2025-07-24 14:05:00+00:00,2025-07-24 14:10:00+00:00,2025-07-24 15:40:00+00:00,404947,404948,404966,0.02201,0.021299899903610704,0.02239505004819465,0.021299899903610704,take_profit,3.3338189362519977,3.2538189362519976,19
1000XEC,short,2025-07-25 14:50:00+00:00,2025-07-25 14:55:00+00:00,2025-07-25 15:45:00+00:00,405244,405245,405255,0.02162,0.021793736126051743,0.021793736126051743,0.021242527747896516,stop,-0.7971837643939494,-0.8771837643939495,11
1000XEC,short,2025-07-25 16:50:00+00:00,2025-07-25 16:55:00+00:00,2025-07-25 16:55:00+00:00,405268,405269,405269,0.02154,0.02176919592981231,0.02176919592981231,0.021051608140375384,stop,-1.0528451788080595,-1.1328451788080596,1
1000XEC,long,2025-07-27 15:15:00+00:00,2025-07-27 15:20:00+00:00,2025-07-27 17:15:00+00:00,405825,405826,405849,0.02302,0.022899185364786936,0.022899185364786936,0.023201629270426127,stop,-0.5248246534016676,-0.6048246534016677,24
1000XEC,long,2025-07-27 19:35:00+00:00,2025-07-27 19:40:00+00:00,2025-07-28 04:00:00+00:00,405877,405878,405978,0.02309,0.023466879006990873,0.022886560496504563,0.023466879006990873,take_profit,1.632217440410888,1.552217440410888,101
1000XEC,long,2025-07-28 14:15:00+00:00,2025-07-28 14:20:00+00:00,2025-07-28 15:45:00+00:00,406101,406102,406119,0.02363,0.023503392774522416,0.023503392774522416,0.02391321445095517,stop,-0.5357902051527086,-0.6157902051527087,18
1000XEC,short,2025-07-28 16:05:00+00:00,2025-07-28 16:10:00+00:00,2025-07-28 22:25:00+00:00,406123,406124,406199,0.02337,0.022921838382057923,0.023594080808971036,0.022921838382057923,take_profit,1.9551730994354921,1.8751730994354923,76
1000XEC,long,2025-07-29 14:30:00+00:00,2025-07-29 14:35:00+00:00,2025-07-29 15:45:00+00:00,406392,406393,406407,0.02225,0.022493388919625504,0.022128305540187247,0.022493388919625504,take_profit,1.093882784833733,1.0138827848337328,15
1000XEC,long,2025-07-29 19:30:00+00:00,2025-07-29 19:35:00+00:00,2025-07-29 19:40:00+00:00,406452,406453,406454,0.02225,0.022161154545612405,0.022161154545612405,0.02239769090877519,stop,-0.3993054129779461,-0.4793054129779461,2
1000XEC,short,2025-07-29 19:45:00+00:00,2025-07-29 19:50:00+00:00,2025-07-29 20:15:00+00:00,406455,406456,406461,0.02205,0.02222000126213176,0.02222000126213176,0.02170999747573648,stop,-0.7650821443538014,-0.8450821443538015,6
1000XEC,long,2025-07-30 15:00:00+00:00,2025-07-30 15:05:00+00:00,2025-07-30 16:10:00+00:00,406686,406687,406700,0.02172,0.021590620589350414,0.021590620589350414,0.021948758821299173,stop,-0.5956694781288463,-0.6756694781288464,14
1000XEC,short,2025-07-30 16:50:00+00:00,2025-07-30 16:55:00+00:00,2025-07-30 17:40:00+00:00,406708,406709,406718,0.02146,0.02162953547139556,0.02162953547139556,0.021180929057208878,stop,-0.7838146668464829,-0.863814666846483,10
1000XEC,short,2025-07-30 18:10:00+00:00,2025-07-30 18:15:00+00:00,2025-07-30 20:15:00+00:00,406724,406725,406749,0.0215,0.021130454310032437,0.02168477284498378,0.021130454310032437,take_profit,1.7488771634791789,1.668877163479179,25
1000XEC,short,2025-08-01 14:15:00+00:00,2025-08-01 14:20:00+00:00,2025-08-01 17:05:00+00:00,407253,407254,407287,0.02048,0.020142413604607678,0.020648793197696164,0.020142413604607678,take_profit,1.675997733037815,1.5959977330378152,34
1000XEC,long,2025-08-03 14:05:00+00:00,2025-08-03 14:10:00+00:00,2025-08-03 14:35:00+00:00,407827,407828,407833,0.02,0.0199427238847201,0.0199427238847201,0.020084552230559806,stop,-0.2863805763995142,-0.3663805763995142,6
1000XEC,long,2025-08-03 16:25:00+00:00,2025-08-03 16:30:00+00:00,2025-08-03 17:30:00+00:00,407855,407856,407868,0.02,0.019951376035036966,0.019951376035036966,0.02009724792992607,stop,-0.24311982481517447,-0.3231198248151745,13
1000XEC,long,2025-08-03 17:50:00+00:00,2025-08-03 17:55:00+00:00,2025-08-03 19:20:00+00:00,407872,407873,407890,0.02001,0.02013050734077919,0.019949746329610406,0.02013050734077919,take_profit,0.6022355861028839,0.5222355861028838,18
1000XEC,long,2025-08-04 15:50:00+00:00,2025-08-04 15:55:00+00:00,2025-08-04 18:55:00+00:00,408136,408137,408173,0.02037,0.020270024980784045,0.020270024980784045,0.020569950038431907,stop,-0.49079538152162483,-0.5707953815216249,37
1000XEC,short,2025-08-05 15:50:00+00:00,2025-08-05 15:55:00+00:00,2025-08-05 16:35:00+00:00,408424,408425,408433,0.02053,0.020351501211566498,0.02063424939421675,0.020351501211566498,take_profit,0.8770792217138945,0.7970792217138944,9
1000XEC,long,2025-08-05 19:25:00+00:00,2025-08-05 19:30:00+00:00,2025-08-05 21:20:00+00:00,408467,408468,408490,0.02073,0.020587858806665017,0.020587858806665017,0.020984282386669963,stop,-0.6856786943318038,-0.7656786943318039,23
1000XEC,long,2025-08-08 15:55:00+00:00,2025-08-08 16:00:00+00:00,2025-08-08 16:05:00+00:00,409289,409290,409291,0.02104,0.020950526300665632,0.020950526300665632,0.021218947398668735,stop,-0.4252552249732311,-0.5052552249732312,2
1000XEC,long,2025-08-08 16:15:00+00:00,2025-08-08 16:20:00+00:00,2025-08-08 17:45:00+00:00,409293,409294,409311,0.02109,0.020952917317610138,0.020952917317610138,0.02133416536477973,stop,-0.6499890108575768,-0.7299890108575768,18
1000XEC,long,2025-08-08 18:50:00+00:00,2025-08-08 18:55:00+00:00,2025-08-08 19:45:00+00:00,409324,409325,409335,0.02103,0.020956924696461206,0.020956924696461206,0.02111615060707759,stop,-0.3474812341359712,-0.4274812341359712,11
1000XEC,long,2025-08-09 14:05:00+00:00,2025-08-09 14:10:00+00:00,2025-08-09 14:50:00+00:00,409555,409556,409564,0.02158,0.021826837945151795,0.021471581027424105,0.021826837945151795,take_profit,1.1438273640027585,1.0638273640027585,9
1000XEC,short,2025-08-10 14:05:00+00:00,2025-08-10 14:10:00+00:00,2025-08-10 16:35:00+00:00,409843,409844,409873,0.02208,0.0216855142810267,0.022277242859486648,0.0216855142810267,take_profit,1.8191208834666517,1.7391208834666518,30
1000XEC,short,2025-08-12 14:20:00+00:00,2025-08-12 14:25:00+00:00,2025-08-12 16:05:00+00:00,410422,410423,410443,0.02118,0.021293366002419024,0.021293366002419024,0.020953267995161954,stop,-0.5324005721131342,-0.6124005721131343,21
1000XEC,short,2025-08-12 17:25:00+00:00,2025-08-12 17:30:00+00:00,2025-08-12 17:40:00+00:00,410459,410460,410462,0.0212,0.02127872316928223,0.02127872316928223,0.02104255366143554,stop,-0.36996190352188707,-0.4499619035218871,3
1000XEC,short,2025-08-12 17:50:00+00:00,2025-08-12 17:55:00+00:00,2025-08-12 19:00:00+00:00,410464,410465,410478,0.02119,0.020923429479932816,0.021323285260033593,0.020923429479932816,take_profit,1.2740288121641186,1.1940288121641185,14
1000XEC,short,2025-08-13 14:40:00+00:00,2025-08-13 14:45:00+00:00,2025-08-13 17:00:00+00:00,410714,410715,410742,0.02186,0.02199355213238994,0.02199355213238994,0.021592895735220125,stop,-0.6072331180794421,-0.6872331180794422,28
1000XEC,long,2025-08-13 17:05:00+00:00,2025-08-13 17:10:00+00:00,2025-08-13 19:05:00+00:00,410743,410744,410767,0.02205,0.022213261772242705,0.021968369113878648,0.022213261772242705,take_profit,0.7404162006471982,0.6604162006471981,24
1000XEC,short,2025-08-14 14:10:00+00:00,2025-08-14 14:15:00+00:00,2025-08-14 15:00:00+00:00,410996,410997,411006,0.02235,0.02205625507275202,0.022496872463623988,0.02205625507275202,take_profit,1.3317987404437792,1.2517987404437791,10
1000XEC,long,2025-08-15 15:00:00+00:00,2025-08-15 15:05:00+00:00,2025-08-15 18:20:00+00:00,411294,411295,411334,0.02098,0.02083681285326937,0.02083681285326937,0.021266374293461253,stop,-0.6824935497170004,-0.7624935497170005,40
1000XEC,long,2025-08-17 14:10:00+00:00,2025-08-17 14:15:00+00:00,2025-08-17 14:30:00+00:00,411860,411861,411864,0.02112,0.021074508412413564,0.021074508412413564,0.021210983175172872,stop,-0.21539577455699233,-0.29539577455699234,4
1000XEC,long,2025-08-17 14:35:00+00:00,2025-08-17 14:40:00+00:00,2025-08-17 19:00:00+00:00,411865,411866,411918,0.02112,0.021277694368528485,0.021041152815735757,0.021277694368528485,take_profit,0.7466589418962277,0.6666589418962277,53
1000XEC,short,2025-08-18 14:35:00+00:00,2025-08-18 14:40:00+00:00,2025-08-18 18:00:00+00:00,412153,412154,412194,0.02014,0.019894035071537055,0.020262982464231475,0.019894035071537055,take_profit,1.2363752631302738,1.1563752631302737,41
1000XEC,short,2025-08-19 16:15:00+00:00,2025-08-19 16:20:00+00:00,2025-08-19 17:45:00+00:00,412461,412462,412479,0.01978,0.01988636632540666,0.01988636632540666,0.01956726734918668,stop,-0.5348705925766195,-0.6148705925766196,18
1000XEC,long,2025-08-20 17:45:00+00:00,2025-08-20 17:50:00+00:00,2025-08-20 18:05:00+00:00,412767,412768,412771,0.01984,0.01980332616835549,0.01980332616835549,0.01994334766328902,stop,-0.18484794175660513,-0.26484794175660514,4
1000XEC,short,2025-08-21 14:05:00+00:00,2025-08-21 14:10:00+00:00,2025-08-21 14:15:00+00:00,413011,413012,413013,0.02012,0.020168512003085802,0.020168512003085802,0.019992975993828394,stop,-0.24053337736755775,-0.32053337736755777,2
1000XEC,short,2025-08-21 14:20:00+00:00,2025-08-21 14:25:00+00:00,2025-08-21 14:45:00+00:00,413014,413015,413019,0.02012,0.020179668684686413,0.020179668684686413,0.02000066263062717,stop,-0.2956871374785952,-0.3756871374785952,5
1000XEC,short,2025-08-21 15:00:00+00:00,2025-08-21 15:05:00+00:00,2025-08-21 18:15:00+00:00,413022,413023,413061,0.02009,0.019821881047530458,0.02023905947623477,0.019821881047530458,take_profit,1.352641315052927,1.272641315052927,39
1000XEC,long,2025-08-22 15:20:00+00:00,2025-08-22 15:25:00+00:00,2025-08-22 15:30:00+00:00,413314,413315,413316,0.01985,0.01976155739454506,0.01976155739454506,0.02005688521090988,stop,-0.44555468743042725,-0.5255546874304273,2
1000XEC,long,2025-08-22 16:05:00+00:00,2025-08-22 16:10:00+00:00,2025-08-22 18:20:00+00:00,413323,413324,413350,0.01983,0.01975157850229892,0.01975157850229892,0.01998684299540216,stop,-0.3954689747911244,-0.47546897479112443,27
1000XEC,short,2025-08-22 19:35:00+00:00,2025-08-22 19:40:00+00:00,2025-08-22 20:55:00+00:00,413365,413366,413381,0.01965,0.01948039257308132,0.01974980371345934,0.01948039257308132,take_profit,0.8706571301496657,0.7906571301496657,16
1000XEC,long,2025-08-23 14:20:00+00:00,2025-08-23 14:25:00+00:00,2025-08-23 16:30:00+00:00,413590,413591,413616,0.02099,0.020918725183660065,0.020918725183660065,0.021162549632679873,stop,-0.3395655852307611,-0.4195655852307611,26
1000XEC,short,2025-08-23 16:45:00+00:00,2025-08-23 16:50:00+00:00,2025-08-23 17:05:00+00:00,413619,413620,413623,0.02088,0.020955896795042225,0.020955896795042225,0.02069820640991555,stop,-0.3621739302523297,-0.4421739302523297,4
1000XEC,short,2025-08-23 17:20:00+00:00,2025-08-23 17:25:00+00:00,2025-08-24 09:15:00+00:00,413626,413627,413817,0.02084,0.020999092976208746,0.020999092976208746,0.02055181404758251,stop,-0.7576183237485212,-0.8376183237485213,191
1000XEC,short,2025-08-24 14:45:00+00:00,2025-08-24 14:50:00+00:00,2025-08-24 15:55:00+00:00,413883,413884,413897,0.02085,0.020598313934250222,0.02096084303287489,0.020598313934250222,take_profit,1.2218770262127254,1.1418770262127254,14
1000XEC,short,2025-08-25 14:05:00+00:00,2025-08-25 14:10:00+00:00,2025-08-25 16:45:00+00:00,414163,414164,414195,0.02073,0.020372392139536687,0.020893803930231655,0.020372392139536687,take_profit,1.7553552769549396,1.6753552769549398,32
1000XEC,short,2025-08-26 15:00:00+00:00,2025-08-26 15:05:00+00:00,2025-08-26 15:05:00+00:00,414462,414463,414463,0.01978,0.019867135696399457,0.019867135696399457,0.019605728607201084,stop,-0.4385921439860607,-0.5185921439860608,1
1000XEC,short,2025-08-26 15:20:00+00:00,2025-08-26 15:25:00+00:00,2025-08-26 15:45:00+00:00,414466,414467,414471,0.01978,0.01959550746434481,0.019872246267827593,0.01959550746434481,take_profit,0.9415042503537308,0.8615042503537307,5
1000XEC,short,2025-08-26 16:40:00+00:00,2025-08-26 16:45:00+00:00,2025-08-26 19:40:00+00:00,414482,414483,414518,0.01975,0.019863967823986396,0.019863967823986396,0.019552064352027207,stop,-0.573741485066126,-0.6537414850661261,36
1000XEC,long,2025-08-28 17:05:00+00:00,2025-08-28 17:10:00+00:00,2025-08-28 18:10:00+00:00,415063,415064,415076,0.02063,0.020497149259545263,0.020497149259545263,0.020865701480909472,stop,-0.6439686885833074,-0.7239686885833074,13
1000XEC,long,2025-08-28 19:25:00+00:00,2025-08-28 19:30:00+00:00,2025-08-28 23:05:00+00:00,415091,415092,415135,0.02056,0.020714527872102834,0.02048273606394858,0.020714527872102834,take_profit,0.7515947086713881,0.671594708671388,44
1000XEC,short,2025-08-29 14:15:00+00:00,2025-08-29 14:20:00+00:00,2025-08-29 14:45:00+00:00,415317,415318,415323,0.02049,0.020556851591091174,0.020556851591091174,0.020356296817817657,stop,-0.3252034524593439,-0.4052034524593439,6
1000XEC,short,2025-08-29 15:00:00+00:00,2025-08-29 15:05:00+00:00,2025-08-29 15:40:00+00:00,415326,415327,415334,0.02048,0.02029153166677904,0.020574234166610483,0.02029153166677904,take_profit,0.9288028933247983,0.8488028933247982,8
1000XEC,long,2025-08-30 16:40:00+00:00,2025-08-30 16:45:00+00:00,2025-08-30 18:30:00+00:00,415634,415635,415656,0.0202,0.020118463477850262,0.020118463477850262,0.020363073044299473,stop,-0.4036461492561205,-0.48364614925612054,22
1000XEC,long,2025-08-30 19:15:00+00:00,2025-08-30 19:20:00+00:00,2025-08-30 19:35:00+00:00,415665,415666,415669,0.0202,0.02011672415347504,0.02011672415347504,0.020396551693049915,stop,-0.4122566659651383,-0.49225666596513834,4
1000XEC,long,2025-08-30 19:55:00+00:00,2025-08-30 20:00:00+00:00,2025-08-30 20:30:00+00:00,415673,415674,415680,0.02017,0.020129365304591546,0.020129365304591546,0.020281269390816908,stop,-0.2014610580488574,-0.2814610580488574,7
1000XEC,short,2025-08-31 14:20:00+00:00,2025-08-31 14:25:00+00:00,2025-09-01 08:05:00+00:00,415894,415895,416107,0.02014,0.019918260712274146,0.020235869643862925,0.019918260712274146,take_profit,1.113246236350407,1.033246236350407,213
1000XEC,long,2025-09-03 14:55:00+00:00,2025-09-03 15:00:00+00:00,2025-09-03 18:10:00+00:00,416765,416766,416804,0.0197,0.019624840595037857,0.019624840595037857,0.01988031880992428,stop,-0.38151982214285063,-0.46151982214285064,39
1000XEC,long,2025-09-03 18:30:00+00:00,2025-09-03 18:35:00+00:00,2025-09-03 22:40:00+00:00,416808,416809,416858,0.0197,0.019890004741151778,0.01960499762942411,0.019890004741151778,take_profit,0.9644910718364486,0.8844910718364485,50
1000XEC,short,2025-09-04 14:10:00+00:00,2025-09-04 14:15:00+00:00,2025-09-04 19:10:00+00:00,417044,417045,417104,0.01923,0.019320522344841228,0.019320522344841228,0.019048955310317545,stop,-0.4685294901739412,-0.5485294901739413,60
1000XEC,long,2025-09-05 14:20:00+00:00,2025-09-05 14:25:00+00:00,2025-09-05 16:10:00+00:00,417334,417335,417356,0.01936,0.01946123222111045,0.019324383889444772,0.01946123222111045,take_profit,0.5228937040829162,0.44289370408291623,22
1000XEC,short,2025-09-06 14:20:00+00:00,2025-09-06 14:25:00+00:00,2025-09-06 23:35:00+00:00,417622,417623,417733,0.01935,0.01939741750934521,0.01939741750934521,0.01922516498130958,stop,-0.2444526923357948,-0.3244526923357948,111
1000XEC,long,2025-09-07 14:30:00+00:00,2025-09-07 14:35:00+00:00,2025-09-07 15:05:00+00:00,417912,417913,417919,0.01957,0.019530816939303287,0.019530816939303287,0.019618366121393428,stop,-0.20022003421927836,-0.2802200342192784,7
1000XEC,long,2025-09-07 17:10:00+00:00,2025-09-07 17:15:00+00:00,2025-09-07 18:40:00+00:00,417944,417945,417962,0.01956,0.01950298439724829,0.01950298439724829,0.01970403120550342,stop,-0.2914908116140591,-0.3714908116140591,18
1000XEC,long,2025-09-07 19:00:00+00:00,2025-09-07 19:05:00+00:00,2025-09-07 23:45:00+00:00,417966,417967,418023,0.01955,0.019514614310730247,0.019514614310730247,0.01965077137853951,stop,-0.18100096813173927,-0.2610009681317393,57
1000XEC,short,2025-09-08 14:40:00+00:00,2025-09-08 14:45:00+00:00,2025-09-08 15:00:00+00:00,418202,418203,418206,0.01955,0.019592799997401565,0.019592799997401565,0.019434400005196865,stop,-0.21844757976011708,-0.2984475797601171,4
1000XEC,long,2025-09-08 16:10:00+00:00,2025-09-08 16:15:00+00:00,2025-09-08 17:05:00+00:00,418220,418221,418231,0.01964,0.0195593598640507,0.0195593598640507,0.019801280271898602,stop,-0.41059132357077477,-0.4905913235707748,11
1000XEC,long,2025-09-08 17:25:00+00:00,2025-09-08 17:30:00+00:00,2025-09-08 18:05:00+00:00,418235,418236,418243,0.01967,0.019593797604397892,0.019593797604397892,0.019852404791204214,stop,-0.38740414642657317,-0.4674041464265732,8
1000XEC,long,2025-09-09 15:00:00+00:00,2025-09-09 15:05:00+00:00,2025-09-09 15:30:00+00:00,418494,418495,418500,0.01998,0.020151578966587296,0.019894210516706354,0.020151578966587296,take_profit,0.8587535865229867,0.7787535865229867,6
1000XEC,long,2025-09-11 15:40:00+00:00,2025-09-11 15:45:00+00:00,2025-09-11 16:55:00+00:00,419078,419079,419093,0.02034,0.02046958395465278,0.02029020802267361,0.02046958395465278,take_profit,0.6370892559133701,0.55708925591337,15
1000XEC,long,2025-09-12 14:45:00+00:00,2025-09-12 14:50:00+00:00,2025-09-12 15:55:00+00:00,419355,419356,419369,0.02045,0.020380122562890072,0.020380122562890072,0.020619754874219853,stop,-0.34169895897274705,-0.42169895897274706,14
1000XEC,short,2025-09-12 16:30:00+00:00,2025-09-12 16:35:00+00:00,2025-09-12 18:50:00+00:00,419376,419377,419404,0.02031,0.020186891053629225,0.02037155447318539,0.020186891053629225,take_profit,0.6098459938368883,0.5298459938368882,28
1000XEC,long,2025-09-13 14:30:00+00:00,2025-09-13 14:35:00+00:00,2025-09-13 18:00:00+00:00,419640,419641,419682,0.02075,0.020929444373015405,0.0206602778134923,0.020929444373015405,take_profit,0.8647921591103724,0.7847921591103724,42
1000XEC,long,2025-09-14 14:20:00+00:00,2025-09-14 14:25:00+00:00,2025-09-14 16:40:00+00:00,419926,419927,419954,0.02087,0.02080863288669335,0.02080863288669335,0.020992734226613297,stop,-0.29404462533132447,-0.3740446253313245,28
1000XEC,long,2025-09-14 18:30:00+00:00,2025-09-14 18:35:00+00:00,2025-09-14 20:20:00+00:00,419976,419977,419998,0.02094,0.02076536190010544,0.02076536190010544,0.02128927619978912,stop,-0.8339928361726812,-0.9139928361726812,22
1000XEC,long,2025-09-15 14:15:00+00:00,2025-09-15 14:20:00+00:00,2025-09-15 15:00:00+00:00,420213,420214,420222,0.02055,0.02046664572265211,0.02046664572265211,0.020686708554695777,stop,-0.40561692140091976,-0.4856169214009198,9
1000XEC,long,2025-09-15 15:05:00+00:00,2025-09-15 15:10:00+00:00,2025-09-15 15:20:00+00:00,420223,420224,420226,0.02053,0.020459714035421316,0.020459714035421316,0.020700571929157367,stop,-0.34235735303791426,-0.4223573530379143,3
1000XEC,short,2025-09-15 15:25:00+00:00,2025-09-15 15:30:00+00:00,2025-09-15 15:55:00+00:00,420227,420228,420233,0.02039,0.02018261466918305,0.020493692665408472,0.02018261466918305,take_profit,1.027544419869475,0.9475444198694749,6
1000XEC,short,2025-09-17 18:55:00+00:00,2025-09-17 19:00:00+00:00,2025-09-17 21:30:00+00:00,420845,420846,420876,0.01985,0.019903713302680346,0.019903713302680346,0.019742573394639307,stop,-0.2698657374305746,-0.34986573743057464,31
1000XEC,short,2025-09-19 15:30:00+00:00,2025-09-19 15:35:00+00:00,2025-09-19 18:40:00+00:00,421380,421381,421418,0.02025,0.02007793351139522,0.02033603324430239,0.02007793351139522,take_profit,0.8569930192622754,0.7769930192622754,38
1000XEC,long,2025-09-20 16:00:00+00:00,2025-09-20 16:05:00+00:00,2025-09-20 17:55:00+00:00,421674,421675,421697,0.01972,0.019640061995891262,0.019640061995891262,0.01987987600821748,stop,-0.4053651323972618,-0.4853651323972618,23
1000XEC,short,2025-09-20 18:30:00+00:00,2025-09-20 18:35:00+00:00,2025-09-20 19:05:00+00:00,421704,421705,421711,0.01957,0.019651263058100082,0.019651263058100082,0.019407473883799837,stop,-0.4135258780050055,-0.4935258780050055,7
1000XEC,short,2025-09-20 19:30:00+00:00,2025-09-20 19:35:00+00:00,2025-09-20 22:20:00+00:00,421716,421717,421750,0.0196,0.0196611508727878,0.0196611508727878,0.0194776982544244,stop,-0.31102387232293527,-0.3910238723229353,34
1000XEC,short,2025-09-21 17:25:00+00:00,2025-09-21 17:30:00+00:00,2025-09-21 18:25:00+00:00,421979,421980,421991,0.01959,0.019476793932701887,0.019661603033649055,0.019476793932701887,take_profit,0.581235637083144,0.5012356370831439,12
1000XEC,short,2025-09-22 14:30:00+00:00,2025-09-22 14:35:00+00:00,2025-09-22 14:55:00+00:00,422232,422233,422237,0.01877,0.018554386756508348,0.018862806621745824,0.018554386756508348,take_profit,1.1620607370169234,1.0820607370169233,5
1000XEC,long,2025-09-23 14:30:00+00:00,2025-09-23 14:35:00+00:00,2025-09-23 23:35:00+00:00,422520,422521,422629,0.01797,0.01788143726912771,0.01788143726912771,0.01814712546174458,stop,-0.49283656578903434,-0.5728365657890344,109
1000XEC,long,2025-09-24 14:25:00+00:00,2025-09-24 14:30:00+00:00,2025-09-24 18:15:00+00:00,422807,422808,422853,0.01801,0.018163278498495684,0.017918360750752156,0.018163278498495684,take_profit,0.8510743947567123,0.7710743947567122,46
1000XEC,long,2025-09-26 14:05:00+00:00,2025-09-26 14:10:00+00:00,2025-09-26 14:45:00+00:00,423379,423380,423387,0.01737,0.01731402926489024,0.01731402926489024,0.01748194147021952,stop,-0.32222645428762187,-0.4022264542876219,8
1000XEC,long,2025-09-26 15:15:00+00:00,2025-09-26 15:20:00+00:00,2025-09-26 15:50:00+00:00,423393,423394,423400,0.01738,0.01728004131334578,0.01728004131334578,0.01757991737330844,stop,-0.5751362868482213,-0.6551362868482213,7
1000XEC,long,2025-09-26 16:10:00+00:00,2025-09-26 16:15:00+00:00,2025-09-26 16:30:00+00:00,423404,423405,423408,0.01738,0.017276055238559875,0.017276055238559875,0.01758788952288025,stop,-0.5980711245116455,-0.6780711245116455,4
1000XEC,short,2025-09-28 15:25:00+00:00,2025-09-28 15:30:00+00:00,2025-09-28 22:55:00+00:00,423971,423972,424061,0.01723,0.017326354504116882,0.017326354504116882,0.01703729099176623,stop,-0.5561152756858867,-0.6361152756858868,90
1000XEC,short,2025-09-29 14:05:00+00:00,2025-09-29 14:10:00+00:00,2025-09-29 14:45:00+00:00,424243,424244,424251,0.01766,0.017708268534418196,0.017708268534418196,0.017533462931163604,stop,-0.2725762506050833,-0.3525762506050833,8
1000XEC,short,2025-09-29 15:00:00+00:00,2025-09-29 15:05:00+00:00,2025-09-29 20:00:00+00:00,424254,424255,424314,0.01767,0.01752840026268551,0.01774079986865725,0.01752840026268551,take_profit,0.8078303507019546,0.7278303507019546,60
1000XEC,short,2025-09-30 14:15:00+00:00,2025-09-30 14:20:00+00:00,2025-09-30 14:40:00+00:00,424533,424534,424538,0.01742,0.01746250632849107,0.01746250632849107,0.017304987343017855,stop,-0.24341482082510524,-0.32341482082510525,5
1000XEC,short,2025-09-30 16:30:00+00:00,2025-09-30 16:35:00+00:00,2025-09-30 16:50:00+00:00,424560,424561,424564,0.0174,0.017459870559936738,0.017459870559936738,0.01728025888012652,stop,-0.34290380178486624,-0.42290380178486625,4
1000XEC,short,2025-09-30 17:45:00+00:00,2025-09-30 17:50:00+00:00,2025-09-30 23:05:00+00:00,424575,424576,424639,0.01742,0.017267896421308628,0.017481051789345683,0.017267896421308628,take_profit,0.8808460218911129,0.8008460218911129,64
1000XEC,long,2025-10-01 14:15:00+00:00,2025-10-01 14:20:00+00:00,2025-10-01 15:45:00+00:00,424821,424822,424839,0.01751,0.01743180731171433,0.01743180731171433,0.017666385376571347,stop,-0.44656018438419265,-0.5265601843841927,18
1000XEC,long,2025-10-01 17:25:00+00:00,2025-10-01 17:30:00+00:00,2025-10-01 17:35:00+00:00,424859,424860,424861,0.01753,0.01771516770471354,0.01742241614764323,0.01771516770471354,take_profit,1.0562903862723294,0.9762903862723293,2
1000XEC,long,2025-10-02 14:25:00+00:00,2025-10-02 14:30:00+00:00,2025-10-02 16:40:00+00:00,425111,425112,425138,0.01858,0.018506587810724923,0.018506587810724923,0.01875682437855015,stop,-0.39511404346112,-0.47511404346112,27
1000XEC,long,2025-10-02 17:20:00+00:00,2025-10-02 17:25:00+00:00,2025-10-02 21:55:00+00:00,425146,425147,425201,0.01857,0.0184940672619627,0.0184940672619627,0.018721865476074597,stop,-0.40890004328109075,-0.48890004328109077,55
1000XEC,short,2025-10-03 15:50:00+00:00,2025-10-03 15:55:00+00:00,2025-10-03 17:05:00+00:00,425416,425417,425431,0.01856,0.01844600756236099,0.018616996218819504,0.01844600756236099,take_profit,0.6179789163244687,0.5379789163244686,15
1000XEC,long,2025-10-04 14:25:00+00:00,2025-10-04 14:30:00+00:00,2025-10-04 16:25:00+00:00,425687,425688,425711,0.01896,0.018844039426675844,0.018844039426675844,0.019191921146648316,stop,-0.6116063993890197,-0.6916063993890198,24
1000XEC,short,2025-10-04 16:50:00+00:00,2025-10-04 16:55:00+00:00,2025-10-04 19:35:00+00:00,425716,425717,425749,0.01876,0.018579523780280886,0.018835238109859556,0.018579523780280886,take_profit,0.9713716123911587,0.8913716123911586,33
1000XEC,long,2025-10-05 16:05:00+00:00,2025-10-05 16:10:00+00:00,2025-10-05 18:00:00+00:00,425995,425996,426018,0.019,0.018901394695155463,0.018901394695155463,0.01922721060968907,stop,-0.5189752886554544,-0.5989752886554545,23
1000XEC,short,2025-10-05 19:05:00+00:00,2025-10-05 19:10:00+00:00,2025-10-05 21:35:00+00:00,426031,426032,426061,0.01865,0.018779134857841072,0.018779134857841072,0.018421730284317855,stop,-0.6876507294858336,-0.7676507294858337,30
1000XEC,short,2025-10-06 14:10:00+00:00,2025-10-06 14:15:00+00:00,2025-10-06 14:25:00+00:00,426260,426261,426263,0.01854,0.018614705118001767,0.018614705118001767,0.01836058976399647,stop,-0.40132313420060406,-0.4813231342006041,3
1000XEC,long,2025-10-06 14:45:00+00:00,2025-10-06 14:50:00+00:00,2025-10-06 15:15:00+00:00,426267,426268,426273,0.01866,0.018813470706313316,0.01858326464684334,0.018813470706313316,take_profit,0.8224582331903374,0.7424582331903373,6
1000XEC,short,2025-10-07 15:20:00+00:00,2025-10-07 15:25:00+00:00,2025-10-07 22:10:00+00:00,426562,426563,426644,0.01884,0.01895071941760077,0.01895071941760077,0.018558561164798457,stop,-0.5842491525569149,-0.664249152556915,82
1000XEC,short,2025-10-08 14:15:00+00:00,2025-10-08 14:20:00+00:00,2025-10-08 17:35:00+00:00,426837,426838,426877,0.01788,0.01794512241013156,0.01794512241013156,0.01768975517973688,stop,-0.362897553124486,-0.44289755312448603,40
1000XEC,long,2025-10-09 15:30:00+00:00,2025-10-09 15:35:00+00:00,2025-10-09 17:05:00+00:00,427140,427141,427159,0.01822,0.018074394059971678,0.018074394059971678,0.018481211880056646,stop,-0.7991544458195499,-0.8791544458195499,19
1000XEC,short,2025-10-09 17:15:00+00:00,2025-10-09 17:20:00+00:00,2025-10-09 17:25:00+00:00,427161,427162,427163,0.018,0.017906258566248334,0.018076870716875835,0.017906258566248334,take_profit,0.5235121195466208,0.4435121195466208,2
1000XEC,long,2025-10-10 14:40:00+00:00,2025-10-10 14:45:00+00:00,2025-10-10 15:45:00+00:00,427418,427419,427431,0.0182,0.018068380476442745,0.018068380476442745,0.018433239047114514,stop,-0.7231841953695417,-0.8031841953695418,13
1000XEC,long,2025-10-12 14:30:00+00:00,2025-10-12 14:35:00+00:00,2025-10-12 15:25:00+00:00,427992,427993,428003,0.01453,0.014644574384216154,0.014472712807891922,0.014644574384216154,take_profit,0.7885367117422826,0.7085367117422825,11
1000XEC,long,2025-10-12 18:10:00+00:00,2025-10-12 18:15:00+00:00,2025-10-12 18:55:00+00:00,428036,428037,428045,0.01457,0.014733523059448809,0.014473238470275596,0.014733523059448809,take_profit,1.1223271067179796,1.0423271067179796,9
1000XEC,long,2025-10-13 15:15:00+00:00,2025-10-13 15:20:00+00:00,2025-10-13 16:10:00+00:00,428289,428290,428300,0.01574,0.0159004594639877,0.01567477026800615,0.0159004594639877,take_profit,1.019437509451726,0.939437509451726,11
1000XEC,short,2025-10-14 14:35:00+00:00,2025-10-14 14:40:00+00:00,2025-10-14 15:30:00+00:00,428569,428570,428580,0.01558,0.015230988552158025,0.015754505723920988,0.015230988552158025,take_profit,2.2914563072961247,2.2114563072961246,11
1000XEC,short,2025-10-15 15:05:00+00:00,2025-10-15 15:10:00+00:00,2025-10-15 16:15:00+00:00,428863,428864,428877,0.01551,0.01563108146843533,0.01563108146843533,0.015267837063129338,stop,-0.7746199050899794,-0.8546199050899794,14
1000XEC,long,2025-10-15 17:05:00+00:00,2025-10-15 17:10:00+00:00,2025-10-15 18:20:00+00:00,428887,428888,428902,0.01572,0.015584129120863054,0.015584129120863054,0.015991741758273895,stop,-0.8643185695734523,-0.9443185695734524,15
1000XEC,short,2025-10-15 19:25:00+00:00,2025-10-15 19:30:00+00:00,2025-10-15 20:15:00+00:00,428915,428916,428925,0.01552,0.015302943081611751,0.015613528459194123,0.015302943081611751,take_profit,1.41839982825962,1.33839982825962,10
1000XEC,long,2025-10-16 15:30:00+00:00,2025-10-16 15:35:00+00:00,2025-10-16 16:20:00+00:00,429156,429157,429166,0.01507,0.015006229150318812,0.015006229150318812,0.015227541699362374,stop,-0.42316423146110393,-0.503164231461104,10
1000XEC,short,2025-10-16 17:35:00+00:00,2025-10-16 17:40:00+00:00,2025-10-16 18:20:00+00:00,429181,429182,429190,0.0149,0.015025337056868383,0.015025337056868383,0.014649325886263234,stop,-0.8341713493281611,-0.9141713493281611,9
1000XEC,short,2025-10-16 18:30:00+00:00,2025-10-16 18:35:00+00:00,2025-10-16 18:45:00+00:00,429192,429193,429195,0.01461,0.015002436895504111,0.015002436895504111,0.013825126208991777,stop,-2.615821004531038,-2.6958210045310382,3
1000XEC,short,2025-10-17 14:35:00+00:00,2025-10-17 14:40:00+00:00,2025-10-17 15:25:00+00:00,429433,429434,429443,0.01455,0.014373030674578874,0.014623484662710564,0.014373030674578874,take_profit,1.2312596377751284,1.1512596377751283,10
1000XEC,long,2025-10-18 15:00:00+00:00,2025-10-18 15:05:00+00:00,2025-10-18 16:00:00+00:00,429726,429727,429738,0.0142,0.014319372798092419,0.014140313600953792,0.014319372798092419,take_profit,0.8406535076930899,0.7606535076930898,12
1000XEC,long,2025-10-19 14:15:00+00:00,2025-10-19 14:20:00+00:00,2025-10-19 14:45:00+00:00,430005,430006,430011,0.01437,0.0142961814531591,0.0142961814531591,0.014487637093681798,stop,-0.5136990037640898,-0.5936990037640899,6
1000XEC,long,2025-10-19 17:15:00+00:00,2025-10-19 17:20:00+00:00,2025-10-19 17:25:00+00:00,430041,430042,430043,0.0144,0.014188079153764797,0.014188079153764797,0.014793841692470406,stop,-1.4716725433000177,-1.5516725433000178,2
1000XEC,long,2025-10-19 18:45:00+00:00,2025-10-19 18:50:00+00:00,2025-10-20 02:25:00+00:00,430059,430060,430151,0.01449,0.0149210357301701,0.01425948213491495,0.0149210357301701,take_profit,2.974711733403046,2.894711733403046,92
1000XEC,long,2025-10-20 14:50:00+00:00,2025-10-20 14:55:00+00:00,2025-10-21 00:55:00+00:00,430300,430301,430421,0.01501,0.014904710072856684,0.014904710072856684,0.015220579854286634,stop,-0.7014652041526737,-0.7814652041526737,121
1000XEC,short,2025-10-22 14:10:00+00:00,2025-10-22 14:15:00+00:00,2025-10-22 14:25:00+00:00,430868,430869,430871,0.01441,0.014247456474496344,0.014476271762751828,0.014247456474496344,take_profit,1.1408599548601295,1.0608599548601294,3
1000XEC,long,2025-10-23 14:55:00+00:00,2025-10-23 15:00:00+00:00,2025-10-23 15:15:00+00:00,431165,431166,431169,0.01425,0.014341487487241006,0.014204256256379498,0.014341487487241006,take_profit,0.6420174543228407,0.5620174543228407,4
1000XEC,long,2025-10-24 14:05:00+00:00,2025-10-24 14:10:00+00:00,2025-10-24 16:45:00+00:00,431443,431444,431475,0.01472,0.014628704835012142,0.014628704835012142,0.014902590329975717,stop,-0.6202117186675182,-0.7002117186675183,32
1000XEC,long,2025-10-24 17:40:00+00:00,2025-10-24 17:45:00+00:00,2025-10-24 18:30:00+00:00,431486,431487,431496,0.01472,0.014655177044728641,0.014655177044728641,0.014879645910542718,stop,-0.44037333744130214,-0.5203733374413022,10
1000XEC,short,2025-10-25 14:15:00+00:00,2025-10-25 14:20:00+00:00,2025-10-25 17:55:00+00:00,431733,431734,431777,0.01449,0.014526351817848587,0.014526351817848587,0.014387296364302825,stop,-0.25024740075427765,-0.33024740075427766,44
1000XEC,short,2025-10-25 18:30:00+00:00,2025-10-25 18:35:00+00:00,2025-10-25 21:10:00+00:00,431784,431785,431816,0.01448,0.014522903361907208,0.014522903361907208,0.014364193276185586,stop,-0.29541862834219224,-0.37541862834219225,32
1000XEC,long,2025-10-26 14:10:00+00:00,2025-10-26 14:15:00+00:00,2025-10-26 14:15:00+00:00,432020,432021,432021,0.01454,0.014521606571350277,0.014521606571350277,0.014606786857299447,stop,-0.126502260314465,-0.20650226031446497,1
1000XEC,long,2025-10-26 14:25:00+00:00,2025-10-26 14:30:00+00:00,2025-10-26 15:30:00+00:00,432023,432024,432036,0.01455,0.014627332625906302,0.01451133368704685,0.014627332625906302,take_profit,0.5314957106962392,0.4514957106962392,13
1000XEC,short,2025-10-27 15:00:00+00:00,2025-10-27 15:05:00+00:00,2025-10-27 15:55:00+00:00,432318,432319,432329,0.01568,0.015808997215763326,0.015808997215763326,0.015422005568473347,stop,-0.815973423252303,-0.8959734232523031,11
1000XEC,short,2025-10-27 16:15:00+00:00,2025-10-27 16:20:00+00:00,2025-10-27 16:40:00+00:00,432333,432334,432338,0.01573,0.015611352147206992,0.015789323926396506,0.015611352147206992,take_profit,0.7600100982555702,0.6800100982555701,5
1000XEC,short,2025-10-28 14:35:00+00:00,2025-10-28 14:40:00+00:00,2025-10-28 14:55:00+00:00,432601,432602,432605,0.01504,0.014892905060554925,0.015113547469722537,0.014892905060554925,take_profit,0.9876846649258919,0.9076846649258918,4
1000XEC,short,2025-10-28 16:25:00+00:00,2025-10-28 16:30:00+00:00,2025-10-28 22:05:00+00:00,432623,432624,432691,0.01502,0.015110004422301811,0.015110004422301811,0.014869991155396377,stop,-0.5956611248171928,-0.6756611248171929,68
1000XEC,long,2025-10-29 15:15:00+00:00,2025-10-29 15:20:00+00:00,2025-10-29 17:35:00+00:00,432897,432898,432925,0.01471,0.014661187490670902,0.014661187490670902,0.014807625018658198,stop,-0.3318321504357513,-0.41183215043575133,28
1000XEC,long,2025-10-29 19:20:00+00:00,2025-10-29 19:25:00+00:00,2025-10-29 23:10:00+00:00,432946,432947,432992,0.01474,0.014660322477488663,0.014660322477488663,0.014869355045022674,stop,-0.5405530699547967,-0.6205530699547968,46
1000XEC,long,2025-10-31 14:20:00+00:00,2025-10-31 14:25:00+00:00,2025-10-31 15:20:00+00:00,433462,433463,433474,0.01517,0.015009029169630074,0.015009029169630074,0.015461941660739852,stop,-1.0611129226758442,-1.1411129226758443,12
1000XEC,long,2025-11-01 16:35:00+00:00,2025-11-01 16:40:00+00:00,2025-11-01 17:55:00+00:00,433777,433778,433793,0.01492,0.01502141014814663,0.014854294925926685,0.01502141014814663,take_profit,0.6796926819479188,0.5996926819479187,16
1000XEC,short,2025-11-02 19:50:00+00:00,2025-11-02 19:55:00+00:00,2025-11-02 20:25:00+00:00,434104,434105,434111,0.01485,0.01492148264454525,0.01492148264454525,0.0147070347109095,stop,-0.4790585912143319,-0.559058591214332,7
1000XEC,short,2025-11-03 15:45:00+00:00,2025-11-03 15:50:00+00:00,2025-11-03 16:15:00+00:00,434343,434344,434349,0.01383,0.013942368884485329,0.013942368884485329,0.013605262231029343,stop,-0.8059525997075712,-0.8859525997075712,6
1000XEC,short,2025-11-03 17:40:00+00:00,2025-11-03 17:45:00+00:00,2025-11-03 17:50:00+00:00,434366,434367,434368,0.01387,0.013959131561069763,0.013959131561069763,0.013631736877860472,stop,-0.6385179527811036,-0.7185179527811036,2
1000XEC,short,2025-11-03 18:50:00+00:00,2025-11-03 18:55:00+00:00,2025-11-03 19:55:00+00:00,434380,434381,434393,0.01384,0.0136735390522597,0.013938230473870149,0.0136735390522597,take_profit,1.2173947586216816,1.1373947586216815,13
1000XEC,short,2025-11-03 20:10:00+00:00,2025-11-03 20:15:00+00:00,2025-11-03 20:15:00+00:00,434396,434397,434397,0.01382,0.013941802987268295,0.013941802987268295,0.013576394025463413,stop,-0.8736530517575392,-0.9536530517575392,1
1000XEC,long,2025-11-04 15:15:00+00:00,2025-11-04 15:20:00+00:00,2025-11-04 16:20:00+00:00,434625,434626,434638,0.01342,0.013245762849751796,0.013245762849751796,0.013768474300496407,stop,-1.298339420627448,-1.378339420627448,13
1000XEC,long,2025-11-04 17:30:00+00:00,2025-11-04 17:35:00+00:00,2025-11-05 01:45:00+00:00,434652,434653,434751,0.01338,0.013175438383263858,0.013175438383263858,0.013819123233472288,stop,-1.528861111630364,-1.608861111630364,99
1000XEC,long,2025-11-05 15:05:00+00:00,2025-11-05 15:10:00+00:00,2025-11-05 17:20:00+00:00,434911,434912,434938,0.01309,0.012911671335825159,0.012911671335825159,0.01344665732834968,stop,-1.3623274574090183,-1.4423274574090184,27
1000XEC,long,2025-11-05 18:05:00+00:00,2025-11-05 18:10:00+00:00,2025-11-06 01:50:00+00:00,434947,434948,435040,0.01306,0.013397345868240809,0.012906327065879596,0.013397345868240809,take_profit,2.583046464324723,2.503046464324723,93
1000XEC,short,2025-11-06 16:15:00+00:00,2025-11-06 16:20:00+00:00,2025-11-06 22:15:00+00:00,435213,435214,435285,0.01311,0.013223593062302847,0.013223593062302847,0.012882813875394306,stop,-0.8590181334804714,-0.9390181334804715,72
1000XEC,long,2025-11-07 15:15:00+00:00,2025-11-07 15:20:00+00:00,2025-11-07 15:40:00+00:00,435489,435490,435494,0.01374,0.013680626110695579,0.013680626110695579,0.013858747778608843,stop,-0.43212437630583134,-0.5121243763058314,5
1000XEC,long,2025-11-07 16:15:00+00:00,2025-11-07 16:20:00+00:00,2025-11-07 17:00:00+00:00,435501,435502,435510,0.01375,0.013887382624626144,0.013681308687686928,0.013887382624626144,take_profit,0.9991463609174023,0.9191463609174022,9
1000XEC,long,2025-11-07 18:10:00+00:00,2025-11-07 18:15:00+00:00,2025-11-07 18:25:00+00:00,435524,435525,435527,0.01376,0.013663061214037119,0.013663061214037119,0.013953877571925762,stop,-0.7044969910093068,-0.7844969910093069,3
1000XEC,long,2025-11-07 19:00:00+00:00,2025-11-07 19:05:00+00:00,2025-11-07 19:15:00+00:00,435534,435535,435537,0.01377,0.013620967783192625,0.013620967783192625,0.01403806443361475,stop,-1.0822964183542116,-1.1622964183542117,3
1000XEC,short,2025-11-08 15:10:00+00:00,2025-11-08 15:15:00+00:00,2025-11-08 15:35:00+00:00,435776,435777,435781,0.0142,0.014361016965905245,0.014361016965905245,0.013877966068189512,stop,-1.1212086601354088,-1.2012086601354088,5
1000XEC,long,2025-11-08 17:00:00+00:00,2025-11-08 17:05:00+00:00,2025-11-08 17:35:00+00:00,435798,435799,435805,0.01455,0.01477796294397233,0.014436018528013836,0.01477796294397233,take_profit,1.5667556286758089,1.4867556286758088,7
1000XEC,long,2025-11-09 16:30:00+00:00,2025-11-09 16:35:00+00:00,2025-11-09 19:00:00+00:00,436080,436081,436110,0.01447,0.014307197613526973,0.014307197613526973,0.014765604772946056,stop,-1.1251028781826378,-1.2051028781826378,30
1000XEC,short,2025-11-10 15:25:00+00:00,2025-11-10 15:30:00+00:00,2025-11-10 15:45:00+00:00,436355,436356,436359,0.01488,0.01495949699432431,0.01495949699432431,0.014751006011351382,stop,-0.5314148888459935,-0.6114148888459936,4
1000XEC,long,2025-11-10 17:15:00+00:00,2025-11-10 17:20:00+00:00,2025-11-10 17:35:00+00:00,436377,436378,436381,0.01508,0.014979642278193962,0.014979642278193962,0.015280715443612074,stop,-0.6655021339922906,-0.7455021339922907,4
1000XEC,long,2025-11-10 18:45:00+00:00,2025-11-10 18:50:00+00:00,2025-11-10 19:25:00+00:00,436395,436396,436403,0.01511,0.015008843755267376,0.015008843755267376,0.01531231248946525,stop,-0.669465550844639,-0.7494655508446391,8
1000XEC,short,2025-11-11 15:05:00+00:00,2025-11-11 15:10:00+00:00,2025-11-11 18:20:00+00:00,436639,436640,436678,0.01476,0.014876164601660491,0.014876164601660491,0.014527670796679019,stop,-0.780877361679122,-0.8608773616791221,39
1000XEC,short,2025-11-11 18:55:00+00:00,2025-11-11 19:00:00+00:00,2025-11-11 20:00:00+00:00,436685,436686,436698,0.01477,0.014888172644158712,0.014888172644158712,0.014533654711682576,stop,-0.7937350471622584,-0.8737350471622585,13
1000XEC,long,2025-11-12 15:25:00+00:00,2025-11-12 15:30:00+00:00,2025-11-12 16:00:00+00:00,436931,436932,436938,0.01469,0.014630001804686583,0.014630001804686583,0.014839996390626832,stop,-0.4084288312690032,-0.4884288312690032,7
1000XEC,long,2025-11-12 17:45:00+00:00,2025-11-12 17:50:00+00:00,2025-11-12 18:35:00+00:00,436959,436960,436969,0.0147,0.014622136477719424,0.014622136477719424,0.014885727044561155,stop,-0.5296838250379299,-0.60968382503793,10
1000XEC,long,2025-11-12 19:00:00+00:00,2025-11-12 19:05:00+00:00,2025-11-12 21:00:00+00:00,436974,436975,436998,0.01471,0.01463674421721223,0.01463674421721223,0.01482651156557554,stop,-0.4979998829896082,-0.5779998829896082,24
1000XEC,long,2025-11-13 17:30:00+00:00,2025-11-13 17:35:00+00:00,2025-11-13 18:00:00+00:00,437244,437245,437250,0.01442,0.014532648471245755,0.014363675764377123,0.014532648471245755,take_profit,0.7811960557958075,0.7011960557958075,6
1000XEC,long,2025-11-13 18:15:00+00:00,2025-11-13 18:20:00+00:00,2025-11-13 22:25:00+00:00,437253,437254,437303,0.01443,0.014299856746461665,0.014299856746461665,0.014660286507076672,stop,-0.9018936489143092,-0.9818936489143093,50
1000XEC,long,2025-11-14 15:55:00+00:00,2025-11-14 16:00:00+00:00,2025-11-14 18:30:00+00:00,437513,437514,437544,0.01353,0.013272158545657928,0.013272158545657928,0.014015682908684147,stop,-1.9057018059281061,-1.985701805928106,31
1000XEC,short,2025-11-14 20:50:00+00:00,2025-11-14 20:55:00+00:00,2025-11-14 21:40:00+00:00,437572,437573,437582,0.01323,0.013029622505622928,0.013330188747188536,0.013029622505622928,take_profit,1.537861087614778,1.457861087614778,10
1000XEC,long,2025-11-15 15:15:00+00:00,2025-11-15 15:20:00+00:00,2025-11-15 16:05:00+00:00,437793,437794,437803,0.01366,0.013595572976120632,0.013595572976120632,0.013818854047758735,stop,-0.47164731976111485,-0.5516473197611149,10
1000XEC,short,2025-11-15 17:00:00+00:00,2025-11-15 17:05:00+00:00,2025-11-15 17:30:00+00:00,437814,437815,437820,0.01354,0.013389653549887772,0.013615173225056114,0.013389653549887772,take_profit,1.1228554163261961,1.042855416326196,6
1000XEC,short,2025-11-16 16:10:00+00:00,2025-11-16 16:15:00+00:00,2025-11-16 17:00:00+00:00,438092,438093,438102,0.01312,0.013224627718656758,0.013224627718656758,0.012880744562686484,stop,-0.791158139817838,-0.8711581398178381,10
1000XEC,short,2025-11-16 17:15:00+00:00,2025-11-16 17:20:00+00:00,2025-11-16 18:50:00+00:00,438105,438106,438124,0.01314,0.013206998746339176,0.013206998746339176,0.01303600250732165,stop,-0.5072972870368897,-0.5872972870368898,19
1000XEC,long,2025-11-16 18:55:00+00:00,2025-11-16 19:00:00+00:00,2025-11-16 19:05:00+00:00,438125,438126,438127,0.01325,0.013181442751740298,0.013181442751740298,0.013387114496519402,stop,-0.5174131944128413,-0.5974131944128414,2
1000XEC,long,2025-11-17 17:40:00+00:00,2025-11-17 17:45:00+00:00,2025-11-17 22:10:00+00:00,438398,438399,438452,0.01292,0.012813220602674414,0.012813220602674414,0.013163558794651174,stop,-0.826465923572639,-0.9064659235726391,54
1000XEC,short,2025-11-18 15:25:00+00:00,2025-11-18 15:30:00+00:00,2025-11-18 16:00:00+00:00,438659,438660,438666,0.01244,0.012298959362984422,0.012510520318507789,0.012298959362984422,take_profit,1.1467688676170429,1.0667688676170428,7
1000XEC,short,2025-11-18 16:40:00+00:00,2025-11-18 16:45:00+00:00,2025-11-18 17:35:00+00:00,438674,438675,438685,0.01244,0.012522005072500326,0.012522005072500326,0.012245989854999348,stop,-0.6548877118762619,-0.734887711876262,11
1000XEC,long,2025-11-18 17:50:00+00:00,2025-11-18 17:55:00+00:00,2025-11-18 22:20:00+00:00,438688,438689,438742,0.01255,0.012481344776083462,0.012481344776083462,0.012717310447833077,stop,-0.5470535770242146,-0.6270535770242147,54
1000XEC,short,2025-11-21 16:25:00+00:00,2025-11-21 16:30:00+00:00,2025-11-21 16:30:00+00:00,439535,439536,439536,0.01168,0.011501733827673548,0.011769133086163225,0.011501733827673548,take_profit,1.549906953137259,1.4699069531372588,1
1000XEC,short,2025-11-22 15:05:00+00:00,2025-11-22 15:10:00+00:00,2025-11-22 15:30:00+00:00,439807,439808,439812,0.01125,0.011384121735961176,0.011384121735961176,0.010981756528077646,stop,-1.1781474150746374,-1.2581474150746375,5
1000XEC,short,2025-11-22 17:15:00+00:00,2025-11-22 17:20:00+00:00,2025-11-22 20:10:00+00:00,439833,439834,439868,0.01122,0.01133909959113458,0.01133909959113458,0.01101180081773084,stop,-1.0503443432818726,-1.1303443432818727,35
1000XEC,long,2025-11-23 15:10:00+00:00,2025-11-23 15:15:00+00:00,2025-11-23 15:30:00+00:00,440096,440097,440100,0.01205,0.011966697506708585,0.011966697506708585,0.01221660498658283,stop,-0.6913069982690034,-0.7713069982690035,4
1000XEC,short,2025-11-23 15:40:00+00:00,2025-11-23 15:45:00+00:00,2025-11-23 16:15:00+00:00,440102,440103,440109,0.01193,0.01178774351717252,0.01200112824141374,0.01178774351717252,take_profit,1.2068169164033637,1.1268169164033637,7
1000XEC,short,2025-11-24 15:05:00+00:00,2025-11-24 15:10:00+00:00,2025-11-24 17:55:00+00:00,440383,440384,440417,0.01186,0.01193882244268022,0.01193882244268022,0.011672355114639557,stop,-0.66021957407153,-0.74021957407153,34
1000XEC,short,2025-11-24 18:05:00+00:00,2025-11-24 18:10:00+00:00,2025-11-25 00:45:00+00:00,440419,440420,440499,0.01181,0.011956827085592547,0.011956827085592547,0.011486345828814906,stop,-1.2279769920689687,-1.3079769920689688,80
1000XEC,short,2025-11-25 15:45:00+00:00,2025-11-25 15:50:00+00:00,2025-11-25 16:05:00+00:00,440679,440680,440683,0.01197,0.012031983545971856,0.012031983545971856,0.011846032908056288,stop,-0.5151565054508978,-0.5951565054508978,4
1000XEC,short,2025-11-25 16:45:00+00:00,2025-11-25 16:50:00+00:00,2025-11-25 20:05:00+00:00,440691,440692,440731,0.01194,0.012032273835280615,0.012032273835280615,0.011785452329438771,stop,-0.7668860977054326,-0.8468860977054327,40
1000XEC,short,2025-11-25 20:40:00+00:00,2025-11-25 20:45:00+00:00,2025-11-25 21:20:00+00:00,440738,440739,440746,0.01199,0.01205041822477362,0.01205041822477362,0.011809163550452759,stop,-0.5013786546379739,-0.581378654637974,8
1000XEC,short,2025-11-26 17:15:00+00:00,2025-11-26 17:20:00+00:00,2025-11-26 22:55:00+00:00,440985,440986,441053,0.01202,0.012103675988676907,0.012103675988676907,0.011792648022646186,stop,-0.6913270708434949,-0.7713270708434949,68
1000XEC,long,2025-11-27 16:50:00+00:00,2025-11-27 16:55:00+00:00,2025-11-27 17:05:00+00:00,441268,441269,441271,0.01223,0.012181499759739256,0.012181499759739256,0.012267000480521489,stop,-0.39656778626936395,-0.47656778626936397,3
1000XEC,long,2025-11-27 17:35:00+00:00,2025-11-27 17:40:00+00:00,2025-11-27 18:30:00+00:00,441277,441278,441288,0.01226,0.012166964132252293,0.012166964132252293,0.012416071735495415,stop,-0.7588569963108194,-0.8388569963108194,11
1000XEC,long,2025-11-27 18:40:00+00:00,2025-11-27 18:45:00+00:00,2025-11-27 21:20:00+00:00,441290,441291,441322,0.01221,0.012141697285932031,0.012141697285932031,0.012406605428135936,stop,-0.5593997876164547,-0.6393997876164548,32
1000XEC,short,2025-11-28 15:15:00+00:00,2025-11-28 15:20:00+00:00,2025-11-28 16:25:00+00:00,441537,441538,441551,0.01209,0.012156997946006923,0.012156997946006923,0.011986004107986153,stop,-0.551106007457447,-0.631106007457447,14
1000XEC,long,2025-11-28 17:35:00+00:00,2025-11-28 17:40:00+00:00,2025-11-28 17:50:00+00:00,441565,441566,441568,0.01218,0.012293622650541632,0.012138188674729183,0.012293622650541632,take_profit,0.9328624839214372,0.8528624839214372,3
1000XEC,long,2025-11-28 20:50:00+00:00,2025-11-28 20:55:00+00:00,2025-11-28 22:00:00+00:00,441604,441605,441618,0.01219,0.012146684778087563,0.012146684778087563,0.012306630443824877,stop,-0.35533405998717793,-0.43533405998717795,14
1000XEC,short,2025-11-29 17:00:00+00:00,2025-11-29 17:05:00+00:00,2025-11-30 02:30:00+00:00,441846,441847,441960,0.01273,0.012454381015001932,0.012867809492499034,0.012454381015001932,take_profit,2.2130283686204066,2.1330283686204066,114
1000XEC,short,2025-12-02 15:20:00+00:00,2025-12-02 15:25:00+00:00,2025-12-02 15:40:00+00:00,442690,442691,442694,0.01144,0.011498695165848944,0.011498695165848944,0.011322609668302114,stop,-0.5104506642046425,-0.5904506642046425,4
1000XEC,short,2025-12-02 16:45:00+00:00,2025-12-02 16:50:00+00:00,2025-12-02 17:50:00+00:00,442707,442708,442720,0.01146,0.011323101664262555,0.011513449167868723,0.011323101664262555,take_profit,1.209017986383687,1.129017986383687,13
1000XEC,long,2025-12-02 20:30:00+00:00,2025-12-02 20:35:00+00:00,2025-12-02 20:50:00+00:00,442752,442753,442756,0.01152,0.011471840159238812,0.011471840159238812,0.011646319681522377,stop,-0.41805417327420713,-0.49805417327420715,4
1000XEC,short,2025-12-04 16:20:00+00:00,2025-12-04 16:25:00+00:00,2025-12-04 16:40:00+00:00,443278,443279,443282,0.01235,0.012408888452135225,0.012408888452135225,0.01223222309572955,stop,-0.47456669759241565,-0.5545666975924157,4
1000XEC,short,2025-12-04 17:50:00+00:00,2025-12-04 17:55:00+00:00,2025-12-04 18:05:00+00:00,443296,443297,443299,0.01235,0.012432038267361018,0.012432038267361018,0.012185923465277963,stop,-0.6598939417392313,-0.7398939417392314,3
1000XEC,short,2025-12-04 19:45:00+00:00,2025-12-04 19:50:00+00:00,2025-12-04 23:50:00+00:00,443319,443320,443368,0.01236,0.01221738222404549,0.012416308887977255,0.01221738222404549,take_profit,1.1673349768317687,1.0873349768317686,49
1000XEC,short,2025-12-05 18:15:00+00:00,2025-12-05 18:20:00+00:00,2025-12-06 01:35:00+00:00,443589,443590,443677,0.01191,0.011637675674209206,0.012031162162895398,0.011637675674209206,take_profit,2.340023329523655,2.260023329523655,88
1000XEC,long,2025-12-06 15:25:00+00:00,2025-12-06 15:30:00+00:00,2025-12-06 17:55:00+00:00,443843,443844,443873,0.01165,0.011567119695828498,0.011567119695828498,0.011845760608343005,stop,-0.7114189199270649,-0.7914189199270649,30
1000XEC,long,2025-12-06 18:10:00+00:00,2025-12-06 18:15:00+00:00,2025-12-06 20:35:00+00:00,443876,443877,443905,0.01163,0.011735163429179287,0.011592418285410355,0.011735163429179287,take_profit,0.904242727250959,0.8242427272509589,29
1000XEC,short,2025-12-07 16:10:00+00:00,2025-12-07 16:15:00+00:00,2025-12-07 17:55:00+00:00,444140,444141,444161,0.01188,0.01191123679952777,0.01191123679952777,0.01178752640094446,stop,-0.26224648248962534,-0.34224648248962536,21
1000XEC,short,2025-12-07 18:05:00+00:00,2025-12-07 18:10:00+00:00,2025-12-07 23:00:00+00:00,444163,444164,444222,0.01186,0.011521389504584149,0.012014305247707925,0.011521389504584149,take_profit,2.9389727279085953,2.8589727279085952,59
1000XEC,long,2025-12-08 15:15:00+00:00,2025-12-08 15:20:00+00:00,2025-12-08 18:05:00+00:00,444417,444418,444451,0.01189,0.011980154504154657,0.01184492274792267,0.011980154504154657,take_profit,0.7582380500812169,0.6782380500812168,34
1000XEC,short,2025-12-09 15:30:00+00:00,2025-12-09 15:35:00+00:00,2025-12-09 16:05:00+00:00,444708,444709,444715,0.01161,0.01165578354951016,0.01165578354951016,0.01151843290097968,stop,-0.3927968404327853,-0.4727968404327853,7
1000XEC,long,2025-12-09 16:20:00+00:00,2025-12-09 16:25:00+00:00,2025-12-09 18:35:00+00:00,444718,444719,444745,0.01172,0.011653885071039006,0.011653885071039006,0.011852229857921988,stop,-0.5641205542746941,-0.6441205542746942,27
1000XEC,short,2025-12-10 16:15:00+00:00,2025-12-10 16:20:00+00:00,2025-12-10 18:00:00+00:00,445005,445006,445026,0.0119,0.011815367598187645,0.011942316200906179,0.011815367598187645,take_profit,0.7162908907323073,0.6362908907323073,21
1000XEC,short,2025-12-10 19:10:00+00:00,2025-12-10 19:15:00+00:00,2025-12-10 19:40:00+00:00,445040,445041,445046,0.0119,0.011799776999405695,0.011950111500297154,0.011799776999405695,take_profit,0.8493635142372113,0.7693635142372113,6
1000XEC,short,2025-12-11 15:25:00+00:00,2025-12-11 15:30:00+00:00,2025-12-11 18:00:00+00:00,445283,445284,445314,0.01141,0.01147817833600267,0.01147817833600267,0.01124364332799466,stop,-0.5939821982798521,-0.6739821982798522,31
1000XEC,long,2025-12-12 15:05:00+00:00,2025-12-12 15:10:00+00:00,2025-12-12 15:45:00+00:00,445567,445568,445575,0.01163,0.011586746870733657,0.011586746870733657,0.011686506258532686,stop,-0.37190996789632225,-0.45190996789632226,8
1000XEC,short,2025-12-12 17:50:00+00:00,2025-12-12 17:55:00+00:00,2025-12-12 18:15:00+00:00,445600,445601,445605,0.01147,0.01150777397504967,0.01150777397504967,0.011364452049900659,stop,-0.328247453691477,-0.408247453691477,5
1000XEC,short,2025-12-12 18:25:00+00:00,2025-12-12 18:30:00+00:00,2025-12-12 19:00:00+00:00,445607,445608,445614,0.01146,0.011520117163030287,0.011520117163030287,0.011339765673939425,stop,-0.5218450661527263,-0.6018450661527264,7
1000XEC,long,2025-12-13 16:25:00+00:00,2025-12-13 16:30:00+00:00,2025-12-13 19:30:00+00:00,445871,445872,445908,0.01134,0.011420411414923823,0.011299794292538088,0.011420411414923823,take_profit,0.7090953696986091,0.629095369698609,37
1000XEC,short,2025-12-14 15:05:00+00:00,2025-12-14 15:10:00+00:00,2025-12-14 15:15:00+00:00,446143,446144,446145,0.0113,0.011328998343375231,0.011328998343375231,0.011212003313249537,stop,-0.25596564229518615,-0.33596564229518616,2
1000XEC,short,2025-12-14 17:15:00+00:00,2025-12-14 17:20:00+00:00,2025-12-14 18:40:00+00:00,446169,446170,446186,0.01129,0.011330206142966991,0.011330206142966991,0.011209587714066016,stop,-0.35485800046055616,-0.43485800046055617,17
1000XEC,long,2025-12-14 18:55:00+00:00,2025-12-14 19:00:00+00:00,2025-12-14 19:10:00+00:00,446189,446190,446192,0.01136,0.011312499471721083,0.011312499471721083,0.011455001056557836,stop,-0.41813845315948894,-0.49813845315948896,3
1000XEC,short,2025-12-16 16:40:00+00:00,2025-12-16 16:45:00+00:00,2025-12-16 17:05:00+00:00,446738,446739,446743,0.01064,0.010693665687959127,0.010693665687959127,0.010562668624081745,stop,-0.5018455740537497,-0.5818455740537498,5
1000XEC,short,2025-12-17 18:00:00+00:00,2025-12-17 18:05:00+00:00,2025-12-17 22:45:00+00:00,447042,447043,447099,0.01067,0.010713430034651143,0.010713430034651143,0.010613139930697716,stop,-0.40537936506490624,-0.48537936506490625,57
1000XEC,long,2025-12-19 15:20:00+00:00,2025-12-19 15:25:00+00:00,2025-12-19 16:00:00+00:00,447586,447587,447594,0.01027,0.010327232355135026,0.010226383822432487,0.010327232355135026,take_profit,0.55727707044817,0.47727707044816997,8
1000XEC,short,2025-12-20 15:55:00+00:00,2025-12-20 16:00:00+00:00,2025-12-20 17:20:00+00:00,447881,447882,447898,0.01052,0.010559073292886493,0.010559073292886493,0.010441853414227013,stop,-0.37004471701902464,-0.45004471701902465,17
1000XEC,long,2025-12-20 17:30:00+00:00,2025-12-20 17:35:00+00:00,2025-12-20 18:00:00+00:00,447900,447901,447906,0.0106,0.010555350906653884,0.010555350906653884,0.010659298186692234,stop,-0.4212178617558182,-0.5012178617558183,6
1000XEC,short,2025-12-20 18:55:00+00:00,2025-12-20 19:00:00+00:00,2025-12-20 23:05:00+00:00,447917,447918,447967,0.01054,0.010449045042223023,0.010570477478888488,0.010449045042223023,take_profit,0.8704619169449757,0.7904619169449756,50
1000XEC,long,2025-12-21 15:30:00+00:00,2025-12-21 15:35:00+00:00,2025-12-21 20:15:00+00:00,448164,448165,448221,0.01055,0.010521493675921544,0.010521493675921544,0.010637012648156911,stop,-0.2702021239664121,-0.3502021239664121,57
1000XEC,long,2025-12-22 16:10:00+00:00,2025-12-22 16:15:00+00:00,2025-12-22 17:25:00+00:00,448460,448461,448475,0.01037,0.010465466272375264,0.010337266863812368,0.010465466272375264,take_profit,0.9206005050652166,0.8406005050652166,15
1000XEC,short,2025-12-23 15:15:00+00:00,2025-12-23 15:20:00+00:00,2025-12-23 19:20:00+00:00,448737,448738,448786,0.01023,0.010316539732055888,0.010316539732055888,0.010086920535888227,stop,-0.8388445574148196,-0.9188445574148196,49
1000XEC,short,2025-12-24 17:20:00+00:00,2025-12-24 17:25:00+00:00,2025-12-24 20:55:00+00:00,449050,449051,449093,0.01007,0.01014089618013883,0.01014089618013883,0.00989820763972234,stop,-0.6991115861897934,-0.7791115861897935,43
1000XEC,long,2025-12-25 15:25:00+00:00,2025-12-25 15:30:00+00:00,2025-12-25 17:00:00+00:00,449315,449316,449334,0.01043,0.010503426366026051,0.010393286816986974,0.010503426366026051,take_profit,0.7039920040848635,0.6239920040848634,19
1000XEC,long,2025-12-26 16:20:00+00:00,2025-12-26 16:25:00+00:00,2025-12-26 16:30:00+00:00,449614,449615,449616,0.01051,0.010438596024450578,0.010438596024450578,0.010652807951098844,stop,-0.6793908234959289,-0.759390823495929,2
1000XEC,short,2025-12-26 18:15:00+00:00,2025-12-26 18:20:00+00:00,2025-12-26 18:45:00+00:00,449637,449638,449643,0.01045,0.010474045712656681,0.010474045712656681,0.010371908574686636,stop,-0.22957425732470504,-0.30957425732470506,6
1000XEC,short,2025-12-26 19:15:00+00:00,2025-12-26 19:20:00+00:00,2025-12-26 19:45:00+00:00,449649,449650,449655,0.01044,0.010492663116749413,0.010492663116749413,0.010334673766501172,stop,-0.5019041988048589,-0.581904198804859,6
1000XEC,long,2025-12-27 16:20:00+00:00,2025-12-27 16:25:00+00:00,2025-12-27 16:30:00+00:00,449902,449903,449904,0.01051,0.010486055193740221,0.010486055193740221,0.010587889612519557,stop,-0.22782879409875,-0.30782879409875,2
1000XEC,short,2025-12-27 16:35:00+00:00,2025-12-27 16:40:00+00:00,2025-12-27 20:15:00+00:00,449905,449906,449949,0.01046,0.010506529423962366,0.010506529423962366,0.01036694115207527,stop,-0.4428619773932718,-0.5228619773932719,44
1000XEC,long,2025-12-27 20:20:00+00:00,2025-12-27 20:25:00+00:00,2025-12-27 20:35:00+00:00,449950,449951,449953,0.01051,0.010588140281181506,0.010485929859409247,0.010588140281181506,take_profit,0.7434850730875908,0.6634850730875907,3
1000XEC,long,2025-12-28 15:35:00+00:00,2025-12-28 15:40:00+00:00,2025-12-28 18:35:00+00:00,450181,450182,450217,0.01077,0.010731380041827648,0.010731380041827648,0.010847239916344705,stop,-0.35858828386585717,-0.4385882838658572,36
1000XEC,long,2025-12-28 19:00:00+00:00,2025-12-28 19:05:00+00:00,2025-12-28 20:15:00+00:00,450222,450223,450237,0.01078,0.010734456700029135,0.010734456700029135,0.010871086599941729,stop,-0.4224795915664603,-0.5024795915664604,15
1000XEC,short,2025-12-28 20:35:00+00:00,2025-12-28 20:40:00+00:00,2025-12-28 21:10:00+00:00,450241,450242,450248,0.0107,0.010737236817288356,0.010737236817288356,0.01065552636542329,stop,-0.3468007451265298,-0.4268007451265298,7
1000XEC,long,2025-12-29 16:35:00+00:00,2025-12-29 16:40:00+00:00,2025-12-29 18:30:00+00:00,450481,450482,450504,0.0108,0.010747344451455336,0.010747344451455336,0.01090531109708933,stop,-0.4875513754135641,-0.5675513754135642,23
1000XEC,long,2025-12-30 15:15:00+00:00,2025-12-30 15:20:00+00:00,2025-12-30 16:00:00+00:00,450753,450754,450762,0.01056,0.010517145032181197,0.010517145032181197,0.010645709935637605,stop,-0.40582355889017263,-0.48582355889017265,9
1000XEC,long,2025-12-30 17:00:00+00:00,2025-12-30 17:05:00+00:00,2025-12-31 01:15:00+00:00,450774,450775,450873,0.01058,0.010670465027526544,0.010519767486236727,0.010670465027526544,take_profit,0.8550569709503186,0.7750569709503186,99
1000XEC,short,2025-12-31 15:20:00+00:00,2025-12-31 15:25:00+00:00,2026-01-01 00:30:00+00:00,451042,451043,451152,0.01069,0.01060760810313142,0.01073119594843429,0.01060760810313142,take_profit,0.7767245553147673,0.6967245553147672,110
1000XEC,short,2026-01-01 15:25:00+00:00,2026-01-01 15:30:00+00:00,2026-01-01 17:25:00+00:00,451331,451332,451355,0.01045,0.010504015237791792,0.010504015237791792,0.010311969524416415,stop,-0.5142341911067883,-0.5942341911067883,24
1000XEC,long,2026-01-01 18:00:00+00:00,2026-01-01 18:05:00+00:00,2026-01-01 19:10:00+00:00,451362,451363,451376,0.01052,0.010490707405078745,0.010490707405078745,0.01057858518984251,stop,-0.278446719783787,-0.358446719783787,14
1000XEC,long,2026-01-01 19:35:00+00:00,2026-01-01 19:40:00+00:00,2026-01-01 21:30:00+00:00,451381,451382,451404,0.01051,0.010494861275898732,0.010494861275898732,0.010570277448202535,stop,-0.1440411427332866,-0.2240411427332866,23
1000XEC,long,2026-01-02 15:05:00+00:00,2026-01-02 15:10:00+00:00,2026-01-02 15:15:00+00:00,451615,451616,451617,0.01087,0.01083966014583098,0.01083966014583098,0.010960679708338042,stop,-0.2791154937352269,-0.35911549373522694,2
1000XEC,short,2026-01-02 16:30:00+00:00,2026-01-02 16:35:00+00:00,2026-01-02 17:05:00+00:00,451632,451633,451639,0.01081,0.010853355284191155,0.010853355284191155,0.01072328943161769,stop,-0.3994643412650989,-0.4794643412650989,7
1000XEC,short,2026-01-02 17:35:00+00:00,2026-01-02 17:40:00+00:00,2026-01-02 18:45:00+00:00,451645,451646,451659,0.01077,0.01086685886853692,0.01086685886853692,0.010546282262926162,stop,-0.8913235159182742,-0.9713235159182743,14
1000XEC,long,2026-01-03 15:10:00+00:00,2026-01-03 15:15:00+00:00,2026-01-03 15:25:00+00:00,451904,451905,451907,0.0114,0.01136047245751491,0.01136047245751491,0.011509055084970181,stop,-0.3467328288165872,-0.4267328288165872,3
1000XEC,short,2026-01-04 15:40:00+00:00,2026-01-04 15:45:00+00:00,2026-01-04 16:50:00+00:00,452198,452199,452212,0.01138,0.011468640205955614,0.011468640205955614,0.01120271958808877,stop,-0.7728920287305208,-0.8528920287305208,14
1000XEC,short,2026-01-04 17:00:00+00:00,2026-01-04 17:05:00+00:00,2026-01-04 17:40:00+00:00,452214,452215,452222,0.01138,0.011479736873314243,0.011479736873314243,0.011150526253371514,stop,-0.8688080085362482,-0.9488080085362482,8
1000XEC,long,2026-01-04 18:25:00+00:00,2026-01-04 18:30:00+00:00,2026-01-04 19:10:00+00:00,452231,452232,452240,0.01153,0.011678889288538863,0.01144055535573057,0.011678889288538863,take_profit,1.2913208025920442,1.211320802592044,9
1000XEC,long,2026-01-05 16:20:00+00:00,2026-01-05 16:25:00+00:00,2026-01-05 17:30:00+00:00,452494,452495,452508,0.01249,0.012338539314821456,0.012338539314821456,0.012792921370357086,stop,-1.212655605913071,-1.2926556059130712,14
1000XEC,long,2026-01-05 17:35:00+00:00,2026-01-05 17:40:00+00:00,2026-01-05 18:35:00+00:00,452509,452510,452521,0.01245,0.012249743059479859,0.012249743059479859,0.012910513881040283,stop,-1.6084894820894813,-1.6884894820894811,12
1000XEC,short,2026-01-05 18:50:00+00:00,2026-01-05 18:55:00+00:00,2026-01-05 19:00:00+00:00,452524,452525,452526,0.01217,0.012404180966787474,0.012404180966787474,0.011731638066425052,stop,-1.887919624959511,-1.9679196249595108,2
1000XEC,short,2026-01-06 15:05:00+00:00,2026-01-06 15:10:00+00:00,2026-01-06 15:35:00+00:00,452767,452768,452773,0.01222,0.012292042177036307,0.012292042177036307,0.012045915645927387,stop,-0.5860879420906517,-0.6660879420906518,6
1000XEC,short,2026-01-06 16:25:00+00:00,2026-01-06 16:30:00+00:00,2026-01-06 20:25:00+00:00,452783,452784,452831,0.01223,0.012270953770619708,0.012270953770619708,0.012118092458760584,stop,-0.33374561900610944,-0.41374561900610946,48
1000XEC,short,2026-01-07 15:05:00+00:00,2026-01-07 15:10:00+00:00,2026-01-07 16:20:00+00:00,453055,453056,453070,0.01213,0.01220412660851813,0.01220412660851813,0.011951746782963743,stop,-0.607389704285688,-0.687389704285688,15
1000XEC,long,2026-01-07 16:25:00+00:00,2026-01-07 16:30:00+00:00,2026-01-07 18:30:00+00:00,453071,453072,453096,0.01227,0.012168431520592873,0.012168431520592873,0.012443136958814254,stop,-0.8277789682732406,-0.9077789682732407,25
1000XEC,short,2026-01-07 18:45:00+00:00,2026-01-07 18:50:00+00:00,2026-01-07 20:15:00+00:00,453099,453100,453117,0.01212,0.012169233515371664,0.012169233515371664,0.012021532969256675,stop,-0.40457367597945826,-0.4845736759794583,18
1000XEC,short,2026-01-08 15:05:00+00:00,2026-01-08 15:10:00+00:00,2026-01-08 15:50:00+00:00,453343,453344,453352,0.01186,0.011910416455215284,0.011910416455215284,0.01172916708956943,stop,-0.42329716517348626,-0.5032971651734863,9
1000XEC,short,2026-01-08 15:55:00+00:00,2026-01-08 16:00:00+00:00,2026-01-12 11:15:00+00:00,453353,453354,454449,0.01174,0.0117,0.011990469952802809,0.011239060094394383,eod,0.34188034188034067,0.26188034188034065,1096
