active_months,avg_month_pnl,end,final_asset,final_return_pct,losses,max_conc,max_conc_unique_symbols,max_drawdown_pct,max_month_pnl,max_return_pct,median_month_pnl,min_month_pnl,negative_months,official_cd_value,peak_asset,period,period_calc_mode,positive_month_ratio_pct,positive_months,profit_factor,same_bar_trades,start,strategy,tag,trades,win_rate_pct,wins
76,275.8524637197848,2026-12-31 23:59:59,21064.787242703645,20964.787242703645,98284,325,325,5.655961392725716,5644.852881522234,20970.272210936124,13.085974936278937,-0.45140028877325733,5,19873.371008796516,21070.272210936124,ALL_TO_2026_END,exit_ts_filter_from_all_through_2026_single_run,93.42105263157895,71,2.0010696725618833,43108,,RETEST_SMX2V2_C08_EX20_02_N02_stop257_rr5075,gate_retest_N02_baseline,106337,7.573093090833859,8053
12,4.780795797526349,2023-12-31 23:59:59,157.3695495703162,57.369549570316195,10256,150,150,1.9196538272639452,10.96666045671111,58.29246731921967,4.439856929381492,0.4667619614367453,0,154.3485989890416,158.29246731921967,2023_FULL_ONLY,exit_ts_filter_from_all_through_2026_single_run,100.0,12,1.8104104100927836,3100,2023-01-01 00:00:00,RETEST_SMX2V2_C08_EX20_02_N02_stop257_rr5075,gate_retest_N02_baseline,11167,8.157965433867647,911
3,4.75371333833498,2023-03-31 23:59:59,114.26114001500494,14.261140015004937,3235,124,124,1.7267029478542528,5.843324104307385,14.374294659790365,4.389119206777778,4.028696703919778,0,112.28818954211397,114.37429465979037,2023_Q1_ONLY,exit_ts_filter_from_all_through_2026_single_run,100.0,3,1.78472930172568,1340,2023-01-01 00:00:00,RETEST_SMX2V2_C08_EX20_02_N02_stop257_rr5075,gate_retest_N02_baseline,3518,8.044343376918704,283
3,3.4473085928132483,2023-06-30 23:59:59,110.34192577843974,10.341925778439753,1388,40,40,0.7407560159741089,3.950831673123446,10.342808520907898,3.930115393033489,2.4609787122828095,0,109.52456132509427,110.34280852090791,2023_Q2_ONLY,exit_ts_filter_from_all_through_2026_single_run,100.0,3,2.403259419201113,277,2023-04-01 00:00:00,RETEST_SMX2V2_C08_EX20_02_N02_stop257_rr5075,gate_retest_N02_baseline,1536,9.635416666666668,148
3,2.0425593832116817,2023-09-30 23:59:59,106.12767814963505,6.127678149635041,1791,150,150,1.9196538272638342,4.498032077096482,6.207971468945095,1.2594290838339788,0.3702169887045841,0,104.09039411424934,106.20797146894509,2023_Q3_ONLY,exit_ts_filter_from_all_through_2026_single_run,100.0,3,1.5715179509420578,481,2023-07-01 00:00:00,RETEST_SMX2V2_C08_EX20_02_N02_stop257_rr5075,gate_retest_N02_baseline,1944,7.87037037037037,153
3,5.870783247873547,2023-12-31 23:59:59,117.61234974362064,17.612349743620648,3842,25,25,1.102387443509767,8.196088180184503,18.30210532444947,6.850323725352766,2.5659378380833715,0,116.31580596803018,118.30210532444947,2023_Q4_ONLY,exit_ts_filter_from_all_through_2026_single_run,100.0,3,1.7531784634271128,1002,2023-10-01 00:00:00,RETEST_SMX2V2_C08_EX20_02_N02_stop257_rr5075,gate_retest_N02_baseline,4169,7.843607579755337,327
12,11.278697830407266,2024-12-31 23:59:59,235.34437396488718,135.34437396488718,20056,183,183,1.8229859178414132,30.573574088771522,135.48015765982697,8.146324459091772,3.268387832723647,0,231.05407916907527,235.48015765982697,2024_FULL_ONLY,exit_ts_filter_from_all_through_2026_single_run,100.0,12,1.9165598413737563,8925,2024-01-01 00:00:00,RETEST_SMX2V2_C08_EX20_02_N02_stop257_rr5075,gate_retest_N02_baseline,21637,7.306927947497342,1581
3,9.695963286327753,2024-03-31 23:59:59,129.08788985898326,29.087889858983253,5845,81,81,1.231623739846066,16.98963754569911,29.09202075407631,8.829864480560502,3.268387832723647,0,127.49801276221366,129.09202075407632,2024_Q1_ONLY,exit_ts_filter_from_all_through_2026_single_run,100.0,3,1.792034664955455,2193,2024-01-01 00:00:00,RETEST_SMX2V2_C08_EX20_02_N02_stop257_rr5075,gate_retest_N02_baseline,6343,7.8511745230963275,498
3,5.993468247397743,2024-06-30 23:59:59,117.98040474219323,17.980404742193222,4094,183,183,1.1906419005760394,7.274401179969047,18.019102116811748,5.781165410461881,4.924838151762302,0,116.57568060886346,118.01910211681174,2024_Q2_ONLY,exit_ts_filter_from_all_through_2026_single_run,100.0,3,2.0936208146142437,2015,2024-04-01 00:00:00,RETEST_SMX2V2_C08_EX20_02_N02_stop257_rr5075,gate_retest_N02_baseline,4390,6.74259681093394,296
3,3.6770739598042184,2024-09-30 23:59:59,111.03122187941266,11.031221879412655,3608,98,98,1.2932521833461497,3.7227178779799033,11.032110136293749,3.6860655989847118,3.62243840244804,0,109.59530817826123,111.03211013629375,2024_Q3_ONLY,exit_ts_filter_from_all_through_2026_single_run,100.0,3,1.7703196445045821,1519,2024-07-01 00:00:00,RETEST_SMX2V2_C08_EX20_02_N02_stop257_rr5075,gate_retest_N02_baseline,3868,6.721820062047571,260
3,13.05855639679524,2024-12-31 23:59:59,139.17566919038572,39.17566919038571,6509,96,96,1.822985917841402,18.08030318150486,39.25596763257926,14.178949993472244,6.916416015408615,0,136.63851633998343,139.25596763257926,2024_Q4_ONLY,exit_ts_filter_from_all_through_2026_single_run,100.0,3,2.0191091015555007,3198,2024-10-01 00:00:00,RETEST_SMX2V2_C08_EX20_02_N02_stop257_rr5075,gate_retest_N02_baseline,7036,7.490051165434906,527
75,256.92846035733015,2025-12-31 23:59:59,19369.63452679976,19269.63452679976,96843,325,325,5.655961392725716,5644.852881522234,19269.63452679976,12.992945222159108,-0.45140028877325733,5,18274.095476051894,19369.63452679976,TRAIN_2025_FULL,exit_ts_filter_from_all_through_2026_single_run,93.33333333333333,70,2.002195594712407,42379,,RETEST_SMX2V2_C08_EX20_02_N02_stop257_rr5075,gate_retest_N02_baseline,104735,7.535207905666683,7892
12,126.80315327528704,2025-12-31 23:59:59,1621.6378393034445,1521.6378393034447,40297,325,325,5.655961392725562,472.590591077612,1521.6378393034447,43.90901993886459,10.19102886421868,0,1529.918629182613,1621.6378393034445,2025_FULL_ONLY,exit_ts_filter_from_all_through_2026_single_run,100.0,12,2.0961320716803242,22314,2025-01-01 00:00:00,RETEST_SMX2V2_C08_EX20_02_N02_stop257_rr5075,gate_retest_N02_baseline,43779,7.953585052193975,3482
72,77.54197514196474,2025-09-30 23:59:59,5683.022210221461,5583.022210221461,82299,325,325,5.655961392725716,1339.2922618945095,5584.85689773751,10.411488882855139,-0.45140028877325733,5,5361.592668071308,5684.85689773751,PREQ4_ALL_BEFORE_2025_10_01,exit_ts_filter_from_all_through_2026_single_run,93.05555555555556,67,1.938861328172264,33632,,RETEST_SMX2V2_C08_EX20_02_N02_stop257_rr5075,gate_retest_N02_baseline,88881,7.405407229891653,6582
3,20.551287718314125,2025-03-31 23:59:59,161.65386315494237,61.65386315494237,7541,325,325,5.655961392725562,28.196825084967344,61.71894335191019,23.266009205756347,10.19102886421868,0,152.51078306504942,161.71894335191018,2025_Q1_ONLY,exit_ts_filter_from_all_through_2026_single_run,100.0,3,2.1441291149849673,4473,2025-01-01 00:00:00,RETEST_SMX2V2_C08_EX20_02_N02_stop257_rr5075,gate_retest_N02_baseline,8200,8.036585365853659,659
3,18.94246673570125,2025-06-30 23:59:59,156.82740020710375,56.82740020710375,8565,267,267,2.8716572165903953,23.69083604411405,57.52048686359075,17.95563072222788,15.18093344076182,0,152.32385485146537,157.52048686359075,2025_Q2_ONLY,exit_ts_filter_from_all_through_2026_single_run,100.0,3,1.918150907102746,4600,2025-04-01 00:00:00,RETEST_SMX2V2_C08_EX20_02_N02_stop257_rr5075,gate_retest_N02_baseline,9249,7.395394096659098,684
3,29.22461702927647,2025-09-30 23:59:59,187.6738510878294,87.67385108782942,9647,213,213,2.9551971699104063,44.22825166331282,87.73443907410552,23.912084676145525,19.53351474837106,0,182.12771875182003,187.73443907410552,2025_Q3_ONLY,exit_ts_filter_from_all_through_2026_single_run,100.0,3,1.926353459278258,4494,2025-07-01 00:00:00,RETEST_SMX2V2_C08_EX20_02_N02_stop257_rr5075,gate_retest_N02_baseline,10476,7.913325696830851,829
3,80.27778067311708,2025-12-31 23:59:59,340.8333420193512,240.83334201935122,14544,169,169,2.695765039992326,99.3283621410011,240.83334201935122,95.89150504099999,45.61347483735014,0,331.6452759405561,340.8333420193512,2025_Q4_ONLY,exit_ts_filter_from_all_through_2026_single_run,100.0,3,2.2872799743598566,8747,2025-10-01 00:00:00,RETEST_SMX2V2_C08_EX20_02_N02_stop257_rr5075,gate_retest_N02_baseline,15854,8.262898952945628,1310
1,8.751598867591213,2026-12-31 23:59:59,108.75159886759121,8.751598867591204,1441,43,43,1.9026002459188396,8.751598867591213,8.77991622290779,8.751598867591213,8.751598867591213,0,106.68249068009575,108.77991622290779,2026_FULL_ONLY,exit_ts_filter_from_all_through_2026_single_run,100.0,1,1.935034433075917,729,2026-01-01 00:00:00,RETEST_SMX2V2_C08_EX20_02_N02_stop257_rr5075,gate_retest_N02_baseline,1602,10.049937578027466,161
1,8.751598867591213,2026-03-31 23:59:59,108.75159886759121,8.751598867591204,1441,43,43,1.9026002459188396,8.751598867591213,8.77991622290779,8.751598867591213,8.751598867591213,0,106.68249068009575,108.77991622290779,2026_Q1_ONLY,exit_ts_filter_from_all_through_2026_single_run,100.0,1,1.935034433075917,729,2026-01-01 00:00:00,RETEST_SMX2V2_C08_EX20_02_N02_stop257_rr5075,gate_retest_N02_baseline,1602,10.049937578027466,161
0,0.0,2026-06-30 23:59:59,100.0,0.0,0,0,0,0.0,0.0,0.0,0.0,0.0,0,100.0,100.0,2026_Q2_ONLY,exit_ts_filter_from_all_through_2026_single_run,0.0,0,0.0,0,2026-04-01 00:00:00,RETEST_SMX2V2_C08_EX20_02_N02_stop257_rr5075,gate_retest_N02_baseline,0,0.0,0
0,0.0,2026-09-30 23:59:59,100.0,0.0,0,0,0,0.0,0.0,0.0,0.0,0.0,0,100.0,100.0,2026_Q3_ONLY,exit_ts_filter_from_all_through_2026_single_run,0.0,0,0.0,0,2026-07-01 00:00:00,RETEST_SMX2V2_C08_EX20_02_N02_stop257_rr5075,gate_retest_N02_baseline,0,0.0,0
0,0.0,2026-12-31 23:59:59,100.0,0.0,0,0,0,0.0,0.0,0.0,0.0,0.0,0,100.0,100.0,2026_Q4_ONLY,exit_ts_filter_from_all_through_2026_single_run,0.0,0,0.0,0,2026-10-01 00:00:00,RETEST_SMX2V2_C08_EX20_02_N02_stop257_rr5075,gate_retest_N02_baseline,0,0.0,0
76,338.89170599209586,2026-12-31 23:59:59,25855.769655399286,25755.769655399286,106584,326,326,5.721292965232827,7090.52903803524,25762.50212668191,14.235834062609307,-0.2968847117155917,5,24376.48532499812,25862.50212668191,ALL_TO_2026_END,exit_ts_filter_from_all_through_2026_single_run,93.42105263157895,71,1.9856680158904028,48835,,RETEST_SMX2V3_N02_S02_soft_volr110_bonus020,retest_S02_soft_volr110_bonus020,115195,7.4751508311992705,8611
12,5.134104430815806,2023-12-31 23:59:59,161.60925316978967,61.60925316978967,11046,150,150,1.9771055940384974,11.933950565986919,62.40436817675599,4.788427471166742,0.47074221222595725,0,158.41406758488594,162.40436817675598,2023_FULL_ONLY,exit_ts_filter_from_all_through_2026_single_run,100.0,12,1.812212161513254,3525,2023-01-01 00:00:00,RETEST_SMX2V3_N02_S02_soft_volr110_bonus020,retest_S02_soft_volr110_bonus020,12023,8.12609165765616,977
3,5.0987075341324255,2023-03-31 23:59:59,115.29612260239728,15.296122602397277,3525,133,133,1.8946953966483049,6.143975790748669,15.3350497087275,5.044776773273071,4.107370038375535,0,113.11161227493568,115.3350497087275,2023_Q1_ONLY,exit_ts_filter_from_all_through_2026_single_run,100.0,3,1.7928818514111073,1527,2023-01-01 00:00:00,RETEST_SMX2V3_N02_S02_soft_volr110_bonus020,retest_S02_soft_volr110_bonus020,3832,8.011482254697286,307
3,3.6601648881059674,2023-06-30 23:59:59,110.9804946643179,10.980494664317897,1514,43,43,0.8654465138203893,4.273169115442954,10.981382515378035,4.033142255807718,2.6741832930672302,0,110.02001784222493,110.98138251537803,2023_Q2_ONLY,exit_ts_filter_from_all_through_2026_single_run,100.0,3,2.3565510243478394,337,2023-04-01 00:00:00,RETEST_SMX2V3_N02_S02_soft_volr110_bonus020,retest_S02_soft_volr110_bonus020,1673,9.503885236102809,159
3,2.0197130169811053,2023-09-30 23:59:59,106.05913905094332,6.059139050943307,1886,150,150,1.9771055940384308,4.455431279872911,6.163531673737377,1.235814549981285,0.36789322108911904,0,103.9622378797781,106.16353167373737,2023_Q3_ONLY,exit_ts_filter_from_all_through_2026_single_run,100.0,3,1.5437333159307693,511,2023-07-01 00:00:00,RETEST_SMX2V3_N02_S02_soft_volr110_bonus020,retest_S02_soft_volr110_bonus020,2049,7.955100048804295,163
3,6.361639837173158,2023-12-31 23:59:59,119.08491951151947,19.084919511519473,4121,26,26,1.0776515454910096,8.793763443185384,19.670815459615397,7.882287611940086,2.4088684563940035,0,117.80159903595685,119.6708154596154,2023_Q4_ONLY,exit_ts_filter_from_all_through_2026_single_run,100.0,3,1.7713390279690224,1150,2023-10-01 00:00:00,RETEST_SMX2V3_N02_S02_soft_volr110_bonus020,retest_S02_soft_volr110_bonus020,4469,7.78697695233833,348
12,12.08498936166913,2024-12-31 23:59:59,245.01987234002956,145.01987234002956,22246,196,196,1.8277014832575156,34.38117738259746,145.221339690965,8.376206273474914,3.211688281494915,0,240.54164049899518,245.221339690965,2024_FULL_ONLY,exit_ts_filter_from_all_through_2026_single_run,100.0,12,1.890217940067401,10485,2024-01-01 00:00:00,RETEST_SMX2V3_N02_S02_soft_volr110_bonus020,retest_S02_soft_volr110_bonus020,23954,7.130333138515487,1708
3,10.339537993006862,2024-03-31 23:59:59,131.01861397902059,31.018613979020593,6308,85,85,1.3192317118921104,18.711604364202117,31.022806658521173,9.095321333323554,3.211688281494915,0,129.29017487492783,131.02280665852118,2024_Q1_ONLY,exit_ts_filter_from_all_through_2026_single_run,100.0,3,1.7941001259606366,2487,2024-01-01 00:00:00,RETEST_SMX2V3_N02_S02_soft_volr110_bonus020,retest_S02_soft_volr110_bonus020,6837,7.73731168641217,529
3,5.963699167149547,2024-06-30 23:59:59,117.89109750144864,17.891097501448638,4602,196,196,1.3492011093163336,7.218303349720415,17.9307090291144,5.844277374856716,4.82851677687151,0,116.30050950617388,117.93070902911441,2024_Q2_ONLY,exit_ts_filter_from_all_through_2026_single_run,100.0,3,1.9658971069686935,2409,2024-04-01 00:00:00,RETEST_SMX2V3_N02_S02_soft_volr110_bonus020,retest_S02_soft_volr110_bonus020,4924,6.5393988627132416,322
3,4.2220184871740924,2024-09-30 23:59:59,112.66605546152228,12.666055461522285,4039,106,106,1.4251670271563488,4.544546808501707,12.666956797176642,4.314472886170421,3.8070357668501487,0,111.06037598828699,112.66695679717665,2024_Q3_ONLY,exit_ts_filter_from_all_through_2026_single_run,100.0,3,1.8094827005427616,1778,2024-07-01 00:00:00,RETEST_SMX2V3_N02_S02_soft_volr110_bonus020,retest_S02_soft_volr110_bonus020,4330,6.720554272517321,291
3,13.599087194795866,2024-12-31 23:59:59,140.7972615843876,40.79726158438759,7297,127,127,1.8277014832574823,19.756665364672685,40.91303199533212,14.022872988604462,7.017723231110452,0,138.22390794602381,140.91303199533212,2024_Q4_ONLY,exit_ts_filter_from_all_through_2026_single_run,100.0,3,1.981167835727247,3811,2024-10-01 00:00:00,RETEST_SMX2V3_N02_S02_soft_volr110_bonus020,retest_S02_soft_volr110_bonus020,7863,7.198270380261987,566
75,317.88131207315337,2025-12-31 23:59:59,23941.098405486504,23841.098405486504,105027,326,326,5.721292965232827,7090.52903803524,23841.098405486504,14.076764999964027,-0.2968847117155917,5,22571.358026613932,23941.098405486504,TRAIN_2025_FULL,exit_ts_filter_from_all_through_2026_single_run,93.33333333333333,70,1.9885701395965774,48005,,RETEST_SMX2V3_N02_S02_soft_volr110_bonus020,retest_S02_soft_volr110_bonus020,113472,7.442364636209814,8445
12,135.4307426683811,2025-12-31 23:59:59,1725.1689120205733,1625.1689120205733,43258,326,326,5.721292965232793,510.93563290289114,1625.1689120205733,45.653747010453,11.028365858527621,0,1626.466944418757,1725.1689120205733,2025_FULL_ONLY,exit_ts_filter_from_all_through_2026_single_run,100.0,12,2.0756960419503714,24751,2025-01-01 00:00:00,RETEST_SMX2V3_N02_S02_soft_volr110_bonus020,retest_S02_soft_volr110_bonus020,46929,7.8224551982782495,3671
72,95.50392644019232,2025-09-30 23:59:59,6976.282703693847,6876.282703693848,89520,326,326,5.721292965232827,1705.927896309243,6878.534903018685,11.131278069345171,-0.2968847117155917,5,6577.149132132657,6978.534903018684,PREQ4_ALL_BEFORE_2025_10_01,exit_ts_filter_from_all_through_2026_single_run,93.05555555555556,67,1.9333534236459418,38430,,RETEST_SMX2V3_N02_S02_soft_volr110_bonus020,retest_S02_soft_volr110_bonus020,96601,7.330151861781969,7081
3,21.02252729013236,2025-03-31 23:59:59,163.06758187039708,63.06758187039707,8215,326,326,5.721292965232793,27.24256936761452,63.17892291317779,24.796646644254935,11.028365858527621,0,153.73800778027083,163.1789229131778,2025_Q1_ONLY,exit_ts_filter_from_all_through_2026_single_run,100.0,3,2.1110414818589414,5062,2025-01-01 00:00:00,RETEST_SMX2V3_N02_S02_soft_volr110_bonus020,retest_S02_soft_volr110_bonus020,8905,7.748455923638406,690
3,20.357137301498398,2025-06-30 23:59:59,161.0714119044952,61.071411904495186,9189,293,293,2.9308711306618718,24.884151589166976,61.92483080256528,19.604873239913587,16.58238707541463,0,156.35061639323686,161.92483080256528,2025_Q2_ONLY,exit_ts_filter_from_all_through_2026_single_run,100.0,3,1.935556138446617,5106,2025-04-01 00:00:00,RETEST_SMX2V3_N02_S02_soft_volr110_bonus020,retest_S02_soft_volr110_bonus020,9920,7.368951612903225,731
3,30.464256444451223,2025-09-30 23:59:59,191.39276933335367,91.39276933335367,10347,247,247,3.200784951894642,46.801753630879915,91.45455792251778,25.276911566165197,19.314104136308558,0,185.26669837351724,191.45455792251778,2025_Q3_ONLY,exit_ts_filter_from_all_through_2026_single_run,100.0,3,1.9221342455147374,5008,2025-07-01 00:00:00,RETEST_SMX2V3_N02_S02_soft_volr110_bonus020,retest_S02_soft_volr110_bonus020,11233,7.887474405768717,886
3,81.0594812086656,2025-12-31 23:59:59,343.1784436259968,243.1784436259968,15507,187,187,2.812361931666596,101.63763911518075,243.1784436259968,96.66011695610447,44.880687554711585,0,333.52702371977335,343.1784436259968,2025_Q4_ONLY,exit_ts_filter_from_all_through_2026_single_run,100.0,3,2.240252467012387,9575,2025-10-01 00:00:00,RETEST_SMX2V3_N02_S02_soft_volr110_bonus020,retest_S02_soft_volr110_bonus020,16871,8.08487937881572,1364
1,7.99742441839652,2026-12-31 23:59:59,107.99742441839652,7.997424418396526,1557,42,42,2.0094837562645074,7.99742441839652,8.025545397512012,7.99742441839652,7.99742441839652,0,105.82723371752482,108.025545397512,2026_FULL_ONLY,exit_ts_filter_from_all_through_2026_single_run,100.0,1,1.8150717853011185,830,2026-01-01 00:00:00,RETEST_SMX2V3_N02_S02_soft_volr110_bonus020,retest_S02_soft_volr110_bonus020,1723,9.63435867672664,166
1,7.99742441839652,2026-03-31 23:59:59,107.99742441839652,7.997424418396526,1557,42,42,2.0094837562645074,7.99742441839652,8.025545397512012,7.99742441839652,7.99742441839652,0,105.82723371752482,108.025545397512,2026_Q1_ONLY,exit_ts_filter_from_all_through_2026_single_run,100.0,1,1.8150717853011185,830,2026-01-01 00:00:00,RETEST_SMX2V3_N02_S02_soft_volr110_bonus020,retest_S02_soft_volr110_bonus020,1723,9.63435867672664,166
0,0.0,2026-06-30 23:59:59,100.0,0.0,0,0,0,0.0,0.0,0.0,0.0,0.0,0,100.0,100.0,2026_Q2_ONLY,exit_ts_filter_from_all_through_2026_single_run,0.0,0,0.0,0,2026-04-01 00:00:00,RETEST_SMX2V3_N02_S02_soft_volr110_bonus020,retest_S02_soft_volr110_bonus020,0,0.0,0
0,0.0,2026-09-30 23:59:59,100.0,0.0,0,0,0,0.0,0.0,0.0,0.0,0.0,0,100.0,100.0,2026_Q3_ONLY,exit_ts_filter_from_all_through_2026_single_run,0.0,0,0.0,0,2026-07-01 00:00:00,RETEST_SMX2V3_N02_S02_soft_volr110_bonus020,retest_S02_soft_volr110_bonus020,0,0.0,0
0,0.0,2026-12-31 23:59:59,100.0,0.0,0,0,0,0.0,0.0,0.0,0.0,0.0,0,100.0,100.0,2026_Q4_ONLY,exit_ts_filter_from_all_through_2026_single_run,0.0,0,0.0,0,2026-10-01 00:00:00,RETEST_SMX2V3_N02_S02_soft_volr110_bonus020,retest_S02_soft_volr110_bonus020,0,0.0,0
76,338.78630403593905,2026-12-31 23:59:59,25847.759106731366,25747.759106731366,107359,326,326,5.70549810473554,7099.726368010088,25754.489492182096,14.12665098220436,-0.27241564147340114,5,24373.0157007802,25854.4894921821,ALL_TO_2026_END,exit_ts_filter_from_all_through_2026_single_run,93.42105263157895,71,1.9825980794858065,49441,,RETEST_SMX2V3_N02_S06_soft_mixed_context_bonus,retest_S06_soft_mixed_context_bonus,115983,7.435572454583861,8624
12,5.12650386515908,2023-12-31 23:59:59,161.51804638190896,61.51804638190897,11101,150,150,1.978370028928722,11.905018832739188,62.31401116498958,4.738402818146255,0.46744912945143824,0,158.32262176097808,162.31401116498958,2023_FULL_ONLY,exit_ts_filter_from_all_through_2026_single_run,100.0,12,1.8088821480511232,3563,2023-01-01 00:00:00,RETEST_SMX2V3_N02_S06_soft_mixed_context_bonus,retest_S06_soft_mixed_context_bonus,12080,8.104304635761588,979
3,5.088474912382201,2023-03-31 23:59:59,115.2654247371466,15.265424737146605,3547,133,133,1.9320043873088277,6.141428571352279,15.304341479042737,5.061788357866092,4.062207807928232,0,113.03849167417478,115.30434147904275,2023_Q1_ONLY,exit_ts_filter_from_all_through_2026_single_run,100.0,3,1.7885187445579815,1541,2023-01-01 00:00:00,RETEST_SMX2V3_N02_S06_soft_mixed_context_bonus,retest_S06_soft_mixed_context_bonus,3855,7.989623865110246,308
3,3.6314338910711683,2023-06-30 23:59:59,110.8943016732135,10.894301673213501,1518,43,43,0.8654465138203893,4.210543433644602,10.895188834724179,4.011181040892126,2.672577198676777,0,109.93457080535721,110.89518883472418,2023_Q2_ONLY,exit_ts_filter_from_all_through_2026_single_run,100.0,3,2.3426456603385355,339,2023-04-01 00:00:00,RETEST_SMX2V3_N02_S06_soft_mixed_context_bonus,retest_S06_soft_mixed_context_bonus,1676,9.427207637231504,158
3,1.9980302386546025,2023-09-30 23:59:59,105.99409071596381,5.994090715963818,1901,150,150,1.9783700289289219,4.411629054287928,6.100783770871443,1.2167607272991887,0.36570093437669016,0,103.89713539280346,106.10078377087144,2023_Q3_ONLY,exit_ts_filter_from_all_through_2026_single_run,100.0,3,1.5350550012986246,519,2023-07-01 00:00:00,RETEST_SMX2V3_N02_S06_soft_mixed_context_bonus,retest_S06_soft_mixed_context_bonus,2064,7.897286821705427,163
3,6.405019307390911,2023-12-31 23:59:59,119.21505792217273,19.21505792217273,4135,26,26,1.0998294395113462,8.786990317810975,19.802552569641385,7.9558958837083225,2.472171720653435,0,117.90389561881416,119.80255256964139,2023_Q4_ONLY,exit_ts_filter_from_all_through_2026_single_run,100.0,3,1.775293596711582,1164,2023-10-01 00:00:00,RETEST_SMX2V3_N02_S06_soft_mixed_context_bonus,retest_S06_soft_mixed_context_bonus,4485,7.803790412486064,350
12,12.068976823116616,2024-12-31 23:59:59,244.8277218773994,144.8277218773994,22416,197,197,1.8587885056378095,34.02648059879289,145.03099148073625,8.41512581602884,3.208675885201089,0,240.2768923245274,245.03099148073628,2024_FULL_ONLY,exit_ts_filter_from_all_through_2026_single_run,100.0,12,1.8859971360733714,10625,2024-01-01 00:00:00,RETEST_SMX2V3_N02_S06_soft_mixed_context_bonus,retest_S06_soft_mixed_context_bonus,24126,7.087789107187267,1710
3,10.381584385324581,2024-03-31 23:59:59,131.14475315597375,31.14475315597374,6344,88,88,1.3208105978690932,18.882067122602308,31.148949872008735,9.054010148170349,3.208675885201089,0,129.41257935774036,131.14894987200873,2024_Q1_ONLY,exit_ts_filter_from_all_through_2026_single_run,100.0,3,1.7963055119404896,2524,2024-01-01 00:00:00,RETEST_SMX2V3_N02_S06_soft_mixed_context_bonus,retest_S06_soft_mixed_context_bonus,6874,7.710212394530114,530
3,5.9955147892719465,2024-06-30 23:59:59,117.98654436781584,17.98654436781584,4653,197,197,1.3801264414711079,7.262421108668519,18.02618796572495,5.929510176162978,4.794613082984341,0,116.35818087161758,118.02618796572496,2024_Q2_ONLY,exit_ts_filter_from_all_through_2026_single_run,100.0,3,1.9664545175761046,2444,2024-04-01 00:00:00,RETEST_SMX2V3_N02_S06_soft_mixed_context_bonus,retest_S06_soft_mixed_context_bonus,4976,6.491157556270097,323
3,4.253009570320121,2024-09-30 23:59:59,112.75902871096037,12.759028710960374,4069,106,106,1.4291099573878197,4.629729917384537,12.759930790406692,4.325222750486475,3.8040760430893528,0,111.14757820379825,112.75993079040668,2024_Q3_ONLY,exit_ts_filter_from_all_through_2026_single_run,100.0,3,1.8115168674931401,1797,2024-07-01 00:00:00,RETEST_SMX2V3_N02_S06_soft_mixed_context_bonus,retest_S06_soft_mixed_context_bonus,4362,6.717102246675837,293
3,13.440677181504062,2024-12-31 23:59:59,140.32203154451219,40.32203154451219,7350,130,130,1.8587885056378095,19.502141535767592,40.43853470629784,13.804735182444361,7.015154826300233,0,137.71374175128534,140.43853470629784,2024_Q4_ONLY,exit_ts_filter_from_all_through_2026_single_run,100.0,3,1.9652190593940402,3860,2024-10-01 00:00:00,RETEST_SMX2V3_N02_S06_soft_mixed_context_bonus,retest_S06_soft_mixed_context_bonus,7914,7.12661106899166,564
75,317.77986112608886,2025-12-31 23:59:59,23933.489584456664,23833.489584456664,105803,326,326,5.70549810473554,7099.726368010088,23833.489584456664,13.958986878920953,-0.27241564147340114,5,22567.964789818412,23933.489584456664,TRAIN_2025_FULL,exit_ts_filter_from_all_through_2026_single_run,93.33333333333333,70,1.985436256595137,48612,,RETEST_SMX2V3_N02_S06_soft_mixed_context_bonus,retest_S06_soft_mixed_context_bonus,114261,7.402350758351493,8458
12,134.99825712229168,2025-12-31 23:59:59,1719.9790854675,1619.9790854675002,43603,326,326,5.705498104735374,510.22149621884614,1619.9790854675002,45.68710561935542,10.807768051992625,0,1621.8457113443071,1719.9790854675,2025_FULL_ONLY,exit_ts_filter_from_all_through_2026_single_run,100.0,12,2.0712472529829844,25032,2025-01-01 00:00:00,RETEST_SMX2V3_N02_S06_soft_mixed_context_bonus,retest_S06_soft_mixed_context_bonus,47281,7.779023286309511,3678
72,96.02796110113992,2025-09-30 23:59:59,7014.013199282074,6914.013199282074,90162,326,326,5.70549810473554,1737.5785904864515,6916.277579391478,12.168142848361072,-0.27241564147340114,5,6613.828809131135,7016.277579391478,PREQ4_ALL_BEFORE_2025_10_01,exit_ts_filter_from_all_through_2026_single_run,93.05555555555556,67,1.9314359647366446,38940,,RETEST_SMX2V3_N02_S06_soft_mixed_context_bonus,retest_S06_soft_mixed_context_bonus,97259,7.297011073525329,7097
3,20.824628699566166,2025-03-31 23:59:59,162.4738860986985,62.47388609869851,8296,326,326,5.705498104735374,26.955379388776464,62.5848217714752,24.71073865792941,10.807768051992625,0,153.20394160664736,162.5848217714752,2025_Q1_ONLY,exit_ts_filter_from_all_through_2026_single_run,100.0,3,2.096065877523235,5147,2025-01-01 00:00:00,RETEST_SMX2V3_N02_S06_soft_mixed_context_bonus,retest_S06_soft_mixed_context_bonus,8987,7.688883943473907,691
3,20.427188204986077,2025-06-30 23:59:59,161.28156461495823,61.281564614958214,9253,293,293,2.9165659639132535,24.99098930409275,62.13869119239086,19.620252775551307,16.67032253531417,0,156.57768139533158,162.13869119239087,2025_Q2_ONLY,exit_ts_filter_from_all_through_2026_single_run,100.0,3,1.9359877372443686,5157,2025-04-01 00:00:00,RETEST_SMX2V3_N02_S06_soft_mixed_context_bonus,retest_S06_soft_mixed_context_bonus,9986,7.340276386941719,733
3,30.78676344272832,2025-09-30 23:59:59,192.36029032818496,92.36029032818496,10413,247,247,3.221603463837941,47.65333520732818,92.42239126852863,25.331937076448767,19.37501804440801,0,186.16320455192343,192.42239126852863,2025_Q3_ONLY,exit_ts_filter_from_all_through_2026_single_run,100.0,3,1.9263885486039551,5056,2025-07-01 00:00:00,RETEST_SMX2V3_N02_S06_soft_mixed_context_bonus,retest_S06_soft_mixed_context_bonus,11306,7.898460994162392,893
3,80.40796761406426,2025-12-31 23:59:59,341.2239028421928,241.22390284219279,15641,197,197,2.8286881487265325,101.22202747974308,241.22390284219279,95.26185027618706,44.74002508626265,0,331.57174274187355,341.2239028421928,2025_Q4_ONLY,exit_ts_filter_from_all_through_2026_single_run,100.0,3,2.2318572519019018,9672,2025-10-01 00:00:00,RETEST_SMX2V3_N02_S06_soft_mixed_context_bonus,retest_S06_soft_mixed_context_bonus,17002,8.004940595224092,1361
1,7.998288404703629,2026-12-31 23:59:59,107.99828840470363,7.998288404703624,1556,42,42,2.010267680394462,7.998288404703629,8.026409608788754,7.998288404703629,7.998288404703629,0,105.82723371752466,108.02640960878875,2026_FULL_ONLY,exit_ts_filter_from_all_through_2026_single_run,100.0,1,1.8152253181026134,829,2026-01-01 00:00:00,RETEST_SMX2V3_N02_S06_soft_mixed_context_bonus,retest_S06_soft_mixed_context_bonus,1722,9.639953542392567,166
1,7.998288404703629,2026-03-31 23:59:59,107.99828840470363,7.998288404703624,1556,42,42,2.010267680394462,7.998288404703629,8.026409608788754,7.998288404703629,7.998288404703629,0,105.82723371752466,108.02640960878875,2026_Q1_ONLY,exit_ts_filter_from_all_through_2026_single_run,100.0,1,1.8152253181026134,829,2026-01-01 00:00:00,RETEST_SMX2V3_N02_S06_soft_mixed_context_bonus,retest_S06_soft_mixed_context_bonus,1722,9.639953542392567,166
0,0.0,2026-06-30 23:59:59,100.0,0.0,0,0,0,0.0,0.0,0.0,0.0,0.0,0,100.0,100.0,2026_Q2_ONLY,exit_ts_filter_from_all_through_2026_single_run,0.0,0,0.0,0,2026-04-01 00:00:00,RETEST_SMX2V3_N02_S06_soft_mixed_context_bonus,retest_S06_soft_mixed_context_bonus,0,0.0,0
0,0.0,2026-09-30 23:59:59,100.0,0.0,0,0,0,0.0,0.0,0.0,0.0,0.0,0,100.0,100.0,2026_Q3_ONLY,exit_ts_filter_from_all_through_2026_single_run,0.0,0,0.0,0,2026-07-01 00:00:00,RETEST_SMX2V3_N02_S06_soft_mixed_context_bonus,retest_S06_soft_mixed_context_bonus,0,0.0,0
0,0.0,2026-12-31 23:59:59,100.0,0.0,0,0,0,0.0,0.0,0.0,0.0,0.0,0,100.0,100.0,2026_Q4_ONLY,exit_ts_filter_from_all_through_2026_single_run,0.0,0,0.0,0,2026-10-01 00:00:00,RETEST_SMX2V3_N02_S06_soft_mixed_context_bonus,retest_S06_soft_mixed_context_bonus,0,0.0,0
76,336.0726552291282,2026-12-31 23:59:59,25641.52179741374,25541.52179741374,106427,326,326,5.658548990830859,7046.138650543058,25548.19848162947,14.207352129541967,-0.29772618621721847,5,24190.583724512515,25648.19848162947,ALL_TO_2026_END,exit_ts_filter_from_all_through_2026_single_run,93.42105263157895,71,1.98494254440482,48730,,SMX2V3_B03_S02A_vol105_bonus018,S02_branch_vol105_bonus018,115019,7.470070162321008,8592
12,5.113539317529764,2023-12-31 23:59:59,161.36247181035716,61.362471810357164,11033,150,150,1.9763214046094713,11.891039333111962,62.156372656881075,4.78917191215168,0.47180458485462395,0,158.17343074096217,162.15637265688108,2023_FULL_ONLY,exit_ts_filter_from_all_through_2026_single_run,100.0,12,1.810161357551602,3506,2023-01-01 00:00:00,SMX2V3_B03_S02A_vol105_bonus018,S02_branch_vol105_bonus018,12008,8.11958694203864,975
3,5.100523984756113,2023-03-31 23:59:59,115.30157195426834,15.301571954268333,3516,132,132,1.8931256929384466,6.143250023103462,15.340500900447939,5.048978665188898,4.10934326597598,0,113.11876827124017,115.34050090044794,2023_Q1_ONLY,exit_ts_filter_from_all_through_2026_single_run,100.0,3,1.793353225279817,1515,2023-01-01 00:00:00,SMX2V3_B03_S02A_vol105_bonus018,S02_branch_vol105_bonus018,3823,8.030342662830238,307
3,3.660756791180328,2023-06-30 23:59:59,110.98227037354098,10.982270373540981,1512,43,43,0.8646534310478904,4.274003307469442,10.98315823880689,4.03320678685823,2.6750602792133122,0,110.02265836490132,110.9831582388069,2023_Q2_ONLY,exit_ts_filter_from_all_through_2026_single_run,100.0,3,2.3570411308431543,335,2023-04-01 00:00:00,SMX2V3_B03_S02A_vol105_bonus018,S02_branch_vol105_bonus018,1671,9.515260323159785,159
3,2.025264240787299,2023-09-30 23:59:59,106.0757927223619,6.075792722361895,1887,150,150,1.9763214046095934,4.472897780953403,6.180201737146707,1.234194783427597,0.3687001579808964,0,103.97939412568056,106.18020173714672,2023_Q3_ONLY,exit_ts_filter_from_all_through_2026_single_run,100.0,3,1.5459700303122335,508,2023-07-01 00:00:00,SMX2V3_B03_S02A_vol105_bonus018,S02_branch_vol105_bonus018,2050,7.951219512195122,163
3,6.2922952023848495,2023-12-31 23:59:59,118.87688560715455,18.87688560715455,4118,26,26,1.077651545490943,8.760213615306242,19.461758031683086,7.827290870013115,2.2893811218351914,0,117.59580701217756,119.46175803168309,2023_Q4_ONLY,exit_ts_filter_from_all_through_2026_single_run,100.0,3,1.7641965911916624,1148,2023-10-01 00:00:00,SMX2V3_B03_S02A_vol105_bonus018,S02_branch_vol105_bonus018,4464,7.75089605734767,346
12,12.015068286250164,2024-12-31 23:59:59,244.18081943500198,144.18081943500195,22194,196,196,1.8087069227625818,34.304989981032435,144.38159687550507,8.556620761911859,3.4037860649644642,0,239.76430404982267,244.38159687550507,2024_FULL_ONLY,exit_ts_filter_from_all_through_2026_single_run,100.0,12,1.8877924695684494,10448,2024-01-01 00:00:00,SMX2V3_B03_S02A_vol105_bonus018,S02_branch_vol105_bonus018,23897,7.126417541950872,1703
3,10.281130488055501,2024-03-31 23:59:59,130.8433914641665,30.8433914641665,6298,86,86,1.3190701388743786,18.330026443943126,30.847578536434472,9.109578955258911,3.4037860649644642,0,129.11747535867218,130.84757853643447,2024_Q1_ONLY,exit_ts_filter_from_all_through_2026_single_run,100.0,3,1.790751759352124,2482,2024-01-01 00:00:00,SMX2V3_B03_S02A_vol105_bonus018,S02_branch_vol105_bonus018,6826,7.7351303838265455,528
3,6.062590507209483,2024-06-30 23:59:59,118.18777152162845,18.18777152162845,4585,196,196,1.3646240724621506,7.263523615134645,18.227482732064203,6.116978839361025,4.807269067132779,0,116.57495274073774,118.2274827320642,2024_Q2_ONLY,exit_ts_filter_from_all_through_2026_single_run,100.0,3,1.982011059800632,2404,2024-04-01 00:00:00,SMX2V3_B03_S02A_vol105_bonus018,S02_branch_vol105_bonus018,4908,6.581092094539527,323
3,4.179540022377239,2024-09-30 23:59:59,112.53862006713172,12.538620067131712,4029,106,106,1.4235898109021927,4.3909220606078065,12.539520383294779,4.317811016065278,3.8298869904586326,0,110.9365317385261,112.53952038329479,2024_Q3_ONLY,exit_ts_filter_from_all_through_2026_single_run,100.0,3,1.8043736941830184,1775,2024-07-01 00:00:00,SMX2V3_B03_S02A_vol105_bonus018,S02_branch_vol105_bonus018,4319,6.714517249363279,290
3,13.436343609124256,2024-12-31 23:59:59,140.30903082737277,40.30903082737276,7282,125,125,1.8087069227626262,19.712031059272846,40.42439979105383,13.57670807053654,7.02029169756338,0,137.77125167353694,140.42439979105384,2024_Q4_ONLY,exit_ts_filter_from_all_through_2026_single_run,100.0,3,1.9716383430769286,3787,2024-10-01 00:00:00,SMX2V3_B03_S02A_vol105_bonus018,S02_branch_vol105_bonus018,7844,7.164711881693014,562
75,315.44763205353905,2025-12-31 23:59:59,23758.57240401543,23658.57240401543,104872,326,326,5.658548990830859,7046.138650543058,23658.57240401543,14.073621104195198,-0.29772618621721847,5,22414.1819450122,23758.57240401543,TRAIN_2025_FULL,exit_ts_filter_from_all_through_2026_single_run,93.33333333333333,70,1.987917191109721,47902,,SMX2V3_B03_S02A_vol105_bonus018,S02_branch_vol105_bonus018,113299,7.437841463737543,8427
12,135.65107869688396,2025-12-31 23:59:59,1727.8129443626074,1627.8129443626074,43215,326,326,5.658548990830714,512.421763444192,1627.8129443626074,45.84267437135064,11.037905447475111,0,1630.0438024359348,1727.8129443626074,2025_FULL_ONLY,exit_ts_filter_from_all_through_2026_single_run,100.0,12,2.07650649247288,24720,2025-01-01 00:00:00,SMX2V3_B03_S02A_vol105_bonus018,S02_branch_vol105_bonus018,46883,7.823731416504917,3668
72,94.93103521514807,2025-09-30 23:59:59,6935.034535490661,6835.03453549066,89383,326,326,5.658548990830859,1701.387892041539,6837.273418397498,10.832116409707652,-0.29772618621721847,5,6542.612208768883,6937.273418397498,PREQ4_ALL_BEFORE_2025_10_01,exit_ts_filter_from_all_through_2026_single_run,93.05555555555556,67,1.9327434994771138,38344,,SMX2V3_B03_S02A_vol105_bonus018,S02_branch_vol105_bonus018,96450,7.327112493519959,7067
3,21.096352751014184,2025-03-31 23:59:59,163.28905825304255,63.28905825304256,8208,326,326,5.658548990830714,27.270952180514826,63.400550517857134,24.980200625052618,11.037905447475111,0,154.04926689512806,163.40055051785714,2025_Q1_ONLY,exit_ts_filter_from_all_through_2026_single_run,100.0,3,2.1147157983893488,5062,2025-01-01 00:00:00,SMX2V3_B03_S02A_vol105_bonus018,S02_branch_vol105_bonus018,8899,7.764917406450163,691
3,20.407449479502947,2025-06-30 23:59:59,161.22234843850885,61.222348438508845,9186,293,293,2.9316476836928063,24.805802022355508,62.07786367986729,19.622111740422582,16.794434675730756,0,156.49587719491618,162.0778636798673,2025_Q2_ONLY,exit_ts_filter_from_all_through_2026_single_run,100.0,3,1.9365419446013294,5104,2025-04-01 00:00:00,SMX2V3_B03_S02A_vol105_bonus018,S02_branch_vol105_bonus018,9918,7.380520266182698,732
3,30.5255658894889,2025-09-30 23:59:59,191.5766976684667,91.5766976684667,10332,247,247,3.2000105519789823,46.999949624241054,91.63854563642751,25.13570546364774,19.4410425805779,0,185.44622312794291,191.6385456364275,2025_Q3_ONLY,exit_ts_filter_from_all_through_2026_single_run,100.0,3,1.9236364609971195,4996,2025-07-01 00:00:00,SMX2V3_B03_S02A_vol105_bonus018,S02_branch_vol105_bonus018,11217,7.889810109654988,885
3,80.86255270217197,2025-12-31 23:59:59,342.5876581065159,242.58765810651593,15489,188,188,2.809251865047402,101.60207010482497,242.58765810651593,96.00392594635119,44.98166205533974,0,332.9635079317364,342.5876581065159,2025_Q4_ONLY,exit_ts_filter_from_all_through_2026_single_run,100.0,3,2.2393921572122264,9558,2025-10-01 00:00:00,SMX2V3_B03_S02A_vol105_bonus018,S02_branch_vol105_bonus018,16849,8.071695649593448,1360
1,7.925347370956175,2026-12-31 23:59:59,107.92534737095617,7.925347370956182,1555,42,42,2.0094837562645074,7.925347370956175,7.953449582243111,7.925347370956175,7.925347370956175,0,105.75660504664478,107.95344958224311,2026_FULL_ONLY,exit_ts_filter_from_all_through_2026_single_run,100.0,1,1.8098197915065974,828,2026-01-01 00:00:00,SMX2V3_B03_S02A_vol105_bonus018,S02_branch_vol105_bonus018,1720,9.593023255813954,165
1,7.925347370956175,2026-03-31 23:59:59,107.92534737095617,7.925347370956182,1555,42,42,2.0094837562645074,7.925347370956175,7.953449582243111,7.925347370956175,7.925347370956175,0,105.75660504664478,107.95344958224311,2026_Q1_ONLY,exit_ts_filter_from_all_through_2026_single_run,100.0,1,1.8098197915065974,828,2026-01-01 00:00:00,SMX2V3_B03_S02A_vol105_bonus018,S02_branch_vol105_bonus018,1720,9.593023255813954,165
0,0.0,2026-06-30 23:59:59,100.0,0.0,0,0,0,0.0,0.0,0.0,0.0,0.0,0,100.0,100.0,2026_Q2_ONLY,exit_ts_filter_from_all_through_2026_single_run,0.0,0,0.0,0,2026-04-01 00:00:00,SMX2V3_B03_S02A_vol105_bonus018,S02_branch_vol105_bonus018,0,0.0,0
0,0.0,2026-09-30 23:59:59,100.0,0.0,0,0,0,0.0,0.0,0.0,0.0,0.0,0,100.0,100.0,2026_Q3_ONLY,exit_ts_filter_from_all_through_2026_single_run,0.0,0,0.0,0,2026-07-01 00:00:00,SMX2V3_B03_S02A_vol105_bonus018,S02_branch_vol105_bonus018,0,0.0,0
0,0.0,2026-12-31 23:59:59,100.0,0.0,0,0,0,0.0,0.0,0.0,0.0,0.0,0,100.0,100.0,2026_Q4_ONLY,exit_ts_filter_from_all_through_2026_single_run,0.0,0,0.0,0,2026-10-01 00:00:00,SMX2V3_B03_S02A_vol105_bonus018,S02_branch_vol105_bonus018,0,0.0,0
76,336.17750462487606,2026-12-31 23:59:59,25649.49035149058,25549.490351490585,106585,326,326,5.703989374600327,7028.451588135018,25556.169110603416,14.095887160569056,-0.2874878728978558,5,24186.446147202427,25656.169110603416,ALL_TO_2026_END,exit_ts_filter_from_all_through_2026_single_run,93.42105263157895,71,1.9835787597969294,48802,,SMX2V3_B03_S02B_vol115_bonus022,S02_branch_vol115_bonus022,115195,7.474282737966058,8610
12,5.11141555731646,2023-12-31 23:59:59,161.33698668779752,61.33698668779752,11050,150,150,1.976321404609549,11.881975584119942,62.1307621479156,4.7561211140074064,0.4713701858093202,0,158.1484492863345,162.1307621479156,2023_FULL_ONLY,exit_ts_filter_from_all_through_2026_single_run,100.0,12,1.808160904065755,3526,2023-01-01 00:00:00,SMX2V3_B03_S02B_vol115_bonus022,S02_branch_vol115_bonus022,12027,8.123389041323687,977
3,5.090829893685225,2023-03-31 23:59:59,115.27248968105567,15.272489681055678,3526,133,133,1.8939105479329532,6.143522913740824,15.311408808269,5.021549312933857,4.107417454380993,0,113.08933184012125,115.311408808269,2023_Q1_ONLY,exit_ts_filter_from_all_through_2026_single_run,100.0,3,1.790804886636232,1524,2023-01-01 00:00:00,SMX2V3_B03_S02B_vol115_bonus022,S02_branch_vol115_bonus022,3833,8.009392121054004,307
3,3.6409091353577026,2023-06-30 23:59:59,110.92272740607311,10.922727406073118,1513,43,43,0.8444912768680313,4.139890865394676,10.923614794991465,4.1120712934292385,2.670765247249193,0,109.98599464906474,110.92361479499147,2023_Q2_ONLY,exit_ts_filter_from_all_through_2026_single_run,100.0,3,2.3554727161369433,334,2023-04-01 00:00:00,SMX2V3_B03_S02B_vol115_bonus022,S02_branch_vol115_bonus022,1672,9.509569377990431,159
3,1.9932268688276764,2023-09-30 23:59:59,105.97968060648303,5.97968060648304,1888,150,150,1.9763214046096267,4.390219703515058,6.11064096889351,1.2208094948981767,0.3686514080697947,0,103.8851814941202,106.11064096889352,2023_Q3_ONLY,exit_ts_filter_from_all_through_2026_single_run,100.0,3,1.5331452479476053,514,2023-07-01 00:00:00,SMX2V3_B03_S02B_vol115_bonus022,S02_branch_vol115_bonus022,2051,7.947342759629448,163
3,6.353264238195213,2023-12-31 23:59:59,119.05979271458564,19.059792714585644,4123,26,26,1.0776515454910651,8.768389562293663,19.645565039232203,7.7659969408694,2.5254062114225775,0,117.77674301833845,119.64556503923221,2023_Q4_ONLY,exit_ts_filter_from_all_through_2026_single_run,100.0,3,1.7695869451960546,1154,2023-10-01 00:00:00,SMX2V3_B03_S02B_vol115_bonus022,S02_branch_vol115_bonus022,4471,7.783493625587116,348
12,12.086065962936418,2024-12-31 23:59:59,245.03279155523703,145.032791555237,22240,196,196,1.8277014832575045,34.365531980217185,145.23426952898458,8.384624211169573,3.2133971479382524,0,240.5543235895147,245.2342695289846,2024_FULL_ONLY,exit_ts_filter_from_all_through_2026_single_run,100.0,12,1.8902235803931535,10469,2024-01-01 00:00:00,SMX2V3_B03_S02B_vol115_bonus022,S02_branch_vol115_bonus022,23948,7.132119592450309,1708
3,10.422415631499831,2024-03-31 23:59:59,131.2672468944995,31.26724689449949,6305,84,84,1.3200211580383536,18.900481268736385,31.271447530412466,9.153368477824856,3.2133971479382524,0,129.53449146191764,131.27144753041247,2024_Q1_ONLY,exit_ts_filter_from_all_through_2026_single_run,100.0,3,1.7984528003150526,2490,2024-01-01 00:00:00,SMX2V3_B03_S02B_vol115_bonus022,S02_branch_vol115_bonus022,6837,7.781190580664034,532
3,5.95092457499852,2024-06-30 23:59:59,117.85277372499556,17.852773724995565,4603,196,196,1.3659932410458708,7.20956299493389,17.892372375833766,5.801812809127782,4.841397920933886,0,116.24291280152704,117.89237237583377,2024_Q2_ONLY,exit_ts_filter_from_all_through_2026_single_run,100.0,3,1.9652835003926659,2397,2024-04-01 00:00:00,SMX2V3_B03_S02B_vol115_bonus022,S02_branch_vol115_bonus022,4924,6.519090170593015,321
3,4.185234061453163,2024-09-30 23:59:59,112.55570218435949,12.555702184359486,4037,106,106,1.425167027156371,4.456118527597283,12.556602637180593,4.2954067567166305,3.804176900045576,0,110.95159542964366,112.55660263718059,2024_Q3_ONLY,exit_ts_filter_from_all_through_2026_single_run,100.0,3,1.8035231663373585,1775,2024-07-01 00:00:00,SMX2V3_B03_S02B_vol115_bonus022,S02_branch_vol115_bonus022,4327,6.702103073723134,290
3,13.573840380882558,2024-12-31 23:59:59,140.72152114264767,40.72152114264767,7295,126,126,1.8277014832575267,19.7360112678725,40.83722927608784,13.96949892038728,7.016010954387895,0,138.14955181346093,140.83722927608784,2024_Q4_ONLY,exit_ts_filter_from_all_through_2026_single_run,100.0,3,1.9799337884409616,3807,2024-10-01 00:00:00,SMX2V3_B03_S02B_vol115_bonus022,S02_branch_vol115_bonus022,7860,7.188295165394402,565
75,315.33459326611313,2025-12-31 23:59:59,23750.094494958485,23650.094494958485,105028,326,326,5.703989374600327,7028.451588135018,23650.094494958485,13.890513661605851,-0.2874878728978558,5,22395.391628508514,23750.094494958485,TRAIN_2025_FULL,exit_ts_filter_from_all_through_2026_single_run,93.33333333333333,70,1.9864433512865836,47972,,SMX2V3_B03_S02B_vol115_bonus022,S02_branch_vol115_bonus022,113472,7.441483361534123,8444
12,135.4539468093308,2025-12-31 23:59:59,1725.4473617119697,1625.4473617119697,43246,326,326,5.7039893746001935,510.6178946884635,1625.4473617119697,46.00037739566996,10.95429369444581,0,1627.0280275355994,1725.4473617119697,2025_FULL_ONLY,exit_ts_filter_from_all_through_2026_single_run,100.0,12,2.0750160971354075,24743,2025-01-01 00:00:00,SMX2V3_B03_S02B_vol115_bonus022,S02_branch_vol115_bonus022,46920,7.830349531116794,3674
72,94.778968920769,2025-09-30 23:59:59,6924.085762295367,6824.085762295367,89524,326,326,5.703989374600327,1693.0886716496007,6826.321110537591,11.317313139808647,-0.2874878728978558,5,6529.136646125825,6926.321110537591,PREQ4_ALL_BEFORE_2025_10_01,exit_ts_filter_from_all_through_2026_single_run,93.05555555555556,67,1.9309573546153598,38397,,SMX2V3_B03_S02B_vol115_bonus022,S02_branch_vol115_bonus022,96603,7.3279297744376475,7079
3,20.992186311024643,2025-03-31 23:59:59,162.97655893307393,62.976558933073925,8214,326,326,5.7039893746001935,27.170490223989162,63.087837826231485,24.85177501463896,10.95429369444581,0,153.68039332844236,163.0878378262315,2025_Q1_ONLY,exit_ts_filter_from_all_through_2026_single_run,100.0,3,2.1085379051842223,5068,2025-01-01 00:00:00,SMX2V3_B03_S02B_vol115_bonus022,S02_branch_vol115_bonus022,8905,7.759685569904548,691
3,20.327267809959466,2025-06-30 23:59:59,160.9818034298784,60.9818034298784,9185,292,292,2.929318005962489,24.81452446272563,61.83474754744736,19.59509761021414,16.57218135693863,0,156.26613447568383,161.83474754744736,2025_Q2_ONLY,exit_ts_filter_from_all_through_2026_single_run,100.0,3,1.9338713789232955,5098,2025-04-01 00:00:00,SMX2V3_B03_S02B_vol115_bonus022,S02_branch_vol115_bonus022,9915,7.362581946545638,730
3,30.57766834972504,2025-09-30 23:59:59,191.73300504917512,91.73300504917512,10343,247,247,3.2185064932097274,46.88286511380312,91.79490347887781,25.19836945752165,19.65177047785035,0,185.56206583204127,191.7949034788778,2025_Q3_ONLY,exit_ts_filter_from_all_through_2026_single_run,100.0,3,1.9235812238960928,5002,2025-07-01 00:00:00,SMX2V3_B03_S02B_vol115_bonus022,S02_branch_vol115_bonus022,11231,7.906686848900366,888
3,81.00231236441245,2025-12-31 23:59:59,343.00693709323735,243.00693709323738,15504,185,185,2.8154089698026574,101.5072867295766,243.00693709323738,96.68534462138408,44.81430574227667,0,333.34988901926897,343.00693709323735,2025_Q4_ONLY,exit_ts_filter_from_all_through_2026_single_run,100.0,3,2.239506224189169,9575,2025-10-01 00:00:00,SMX2V3_B03_S02B_vol115_bonus022,S02_branch_vol115_bonus022,16869,8.09176596123066,1365
1,7.99742441839642,2026-12-31 23:59:59,107.99742441839642,7.997424418396415,1557,42,42,2.0094837562645074,7.99742441839642,8.025545397511902,7.99742441839642,7.99742441839642,0,105.8272337175247,108.0255453975119,2026_FULL_ONLY,exit_ts_filter_from_all_through_2026_single_run,100.0,1,1.8150717853011185,830,2026-01-01 00:00:00,SMX2V3_B03_S02B_vol115_bonus022,S02_branch_vol115_bonus022,1723,9.63435867672664,166
1,7.99742441839642,2026-03-31 23:59:59,107.99742441839642,7.997424418396415,1557,42,42,2.0094837562645074,7.99742441839642,8.025545397511902,7.99742441839642,7.99742441839642,0,105.8272337175247,108.0255453975119,2026_Q1_ONLY,exit_ts_filter_from_all_through_2026_single_run,100.0,1,1.8150717853011185,830,2026-01-01 00:00:00,SMX2V3_B03_S02B_vol115_bonus022,S02_branch_vol115_bonus022,1723,9.63435867672664,166
0,0.0,2026-06-30 23:59:59,100.0,0.0,0,0,0,0.0,0.0,0.0,0.0,0.0,0,100.0,100.0,2026_Q2_ONLY,exit_ts_filter_from_all_through_2026_single_run,0.0,0,0.0,0,2026-04-01 00:00:00,SMX2V3_B03_S02B_vol115_bonus022,S02_branch_vol115_bonus022,0,0.0,0
0,0.0,2026-09-30 23:59:59,100.0,0.0,0,0,0,0.0,0.0,0.0,0.0,0.0,0,100.0,100.0,2026_Q3_ONLY,exit_ts_filter_from_all_through_2026_single_run,0.0,0,0.0,0,2026-07-01 00:00:00,SMX2V3_B03_S02B_vol115_bonus022,S02_branch_vol115_bonus022,0,0.0,0
0,0.0,2026-12-31 23:59:59,100.0,0.0,0,0,0,0.0,0.0,0.0,0.0,0.0,0,100.0,100.0,2026_Q4_ONLY,exit_ts_filter_from_all_through_2026_single_run,0.0,0,0.0,0,2026-10-01 00:00:00,SMX2V3_B03_S02B_vol115_bonus022,S02_branch_vol115_bonus022,0,0.0,0
76,333.97944515384,2026-12-31 23:59:59,25482.43783169184,25382.43783169184,105944,326,326,5.678877854776365,6951.986997388967,25389.073092726398,14.4281430342727,-0.29772808201445855,4,24035.321312810738,25489.073092726398,ALL_TO_2026_END,exit_ts_filter_from_all_through_2026_single_run,94.73684210526315,72,1.9866444935381178,48358,,SMX2V3_B03_S02C_vol110_upper020,S02_branch_vol110_plus_upper_range,114516,7.485416884976772,8572
12,5.06902382347329,2023-12-31 23:59:59,160.82828588167948,60.82828588167948,10986,150,150,1.9763214046095712,11.602345102516779,61.619558541759375,4.756734544023651,0.4717562183384416,0,157.64980204313318,161.61955854175937,2023_FULL_ONLY,exit_ts_filter_from_all_through_2026_single_run,100.0,12,1.8054370973604348,3482,2023-01-01 00:00:00,SMX2V3_B03_S02C_vol110_upper020,S02_branch_vol110_plus_upper_range,11958,8.128449573507275,972
3,5.1093684760914,2023-03-31 23:59:59,115.3281054282742,15.328105428274208,3500,132,132,1.9186661795751125,6.184709066435246,15.367043332876197,4.927753507061851,4.215642854777101,0,113.11534407387718,115.3670433328762,2023_Q1_ONLY,exit_ts_filter_from_all_through_2026_single_run,100.0,3,1.7957688781119332,1510,2023-01-01 00:00:00,SMX2V3_B03_S02C_vol110_upper020,S02_branch_vol110_plus_upper_range,3807,8.064092461255582,307
3,3.6475664903502056,2023-06-30 23:59:59,110.94269947105062,10.94269947105062,1507,43,43,0.8638603419305779,4.214711955426026,10.943587019746781,4.034334582466016,2.6936529331585746,0,109.98430948805299,110.94358701974677,2023_Q2_ONLY,exit_ts_filter_from_all_through_2026_single_run,100.0,3,2.3562842647072606,334,2023-04-01 00:00:00,SMX2V3_B03_S02C_vol110_upper020,S02_branch_vol110_plus_upper_range,1665,9.48948948948949,158
3,2.026395738539454,2023-09-30 23:59:59,106.07918721561836,6.0791872156183535,1883,150,150,1.976321404609671,4.473853765715319,6.1835995715585845,1.2366244429768471,0.36870900692619557,0,103.98272153284012,106.18359957155859,2023_Q3_ONLY,exit_ts_filter_from_all_through_2026_single_run,100.0,3,1.5464267302996235,508,2023-07-01 00:00:00,SMX2V3_B03_S02C_vol110_upper020,S02_branch_vol110_plus_upper_range,2046,7.966764418377322,163
3,6.164848828685052,2023-12-31 23:59:59,118.49454648605516,18.494546486055153,4096,26,26,1.099829439511435,8.548338456512639,19.07753780806656,7.559690536141517,2.3865174934010014,0,117.19130857958595,119.07753780806657,2023_Q4_ONLY,exit_ts_filter_from_all_through_2026_single_run,100.0,3,1.750444059567892,1130,2023-10-01 00:00:00,SMX2V3_B03_S02C_vol110_upper020,S02_branch_vol110_plus_upper_range,4440,7.747747747747748,344
12,11.973284245946589,2024-12-31 23:59:59,243.67941095135907,143.67941095135905,22099,196,196,1.8079213861335597,34.34412281734882,143.87977610922573,8.46268351942885,3.3016538546114447,0,239.27387876716514,243.87977610922573,2024_FULL_ONLY,exit_ts_filter_from_all_through_2026_single_run,100.0,12,1.88786245454222,10372,2024-01-01 00:00:00,SMX2V3_B03_S02C_vol110_upper020,S02_branch_vol110_plus_upper_range,23797,7.13535319578098,1698
3,10.237984957408278,2024-03-31 23:59:59,130.71395487222483,30.713954872224836,6272,87,87,1.3190701388743786,18.293716163166167,30.71813780243904,9.11858485444722,3.3016538546114447,0,128.9897461261636,130.71813780243903,2024_Q1_ONLY,exit_ts_filter_from_all_through_2026_single_run,100.0,3,1.7886638598714222,2458,2024-01-01 00:00:00,SMX2V3_B03_S02C_vol110_upper020,S02_branch_vol110_plus_upper_range,6799,7.751139873510811,527
3,5.979943362251315,2024-06-30 23:59:59,117.93983008675394,17.93983008675395,4571,196,196,1.3638349831421093,7.208682788981406,17.979457988617487,5.9724167875123015,4.758730510260236,0,116.33132542497243,117.9794579886175,2024_Q2_ONLY,exit_ts_filter_from_all_through_2026_single_run,100.0,3,1.9735772385098012,2397,2024-04-01 00:00:00,SMX2V3_B03_S02C_vol110_upper020,S02_branch_vol110_plus_upper_range,4891,6.542629319157636,320
3,4.164749235740639,2024-09-30 23:59:59,112.49424770722192,12.494247707221916,4012,106,106,1.4247712515146227,4.489049927814506,12.495147668403273,4.156423814210683,3.8487739651967274,0,110.89146200628177,112.49514766840326,2024_Q3_ONLY,exit_ts_filter_from_all_through_2026_single_run,100.0,3,1.807710781286198,1758,2024-07-01 00:00:00,SMX2V3_B03_S02C_vol110_upper020,S02_branch_vol110_plus_upper_range,4300,6.6976744186046515,288
3,13.503207589193664,2024-12-31 23:59:59,140.509622767581,40.509622767580986,7244,125,125,1.8079213861335486,19.803395463363216,40.6251566677891,13.680798488814688,7.025428815403089,0,137.9693192479903,140.6251566677891,2024_Q4_ONLY,exit_ts_filter_from_all_through_2026_single_run,100.0,3,1.9764706401299157,3759,2024-10-01 00:00:00,SMX2V3_B03_S02C_vol110_upper020,S02_branch_vol110_plus_upper_range,7807,7.211476879723325,563
75,313.40058500431144,2025-12-31 23:59:59,23605.043875323357,23505.043875323357,104392,326,326,5.678877854776365,6951.986997388967,23505.043875323357,14.117652767268524,-0.29772808201445855,4,22264.542266077377,23605.043875323357,TRAIN_2025_FULL,exit_ts_filter_from_all_through_2026_single_run,94.66666666666667,71,1.9895635718366587,47531,,SMX2V3_B03_S02C_vol110_upper020,S02_branch_vol110_plus_upper_range,112799,7.4530802578037045,8407
12,135.2317718951042,2025-12-31 23:59:59,1722.7812627412504,1622.7812627412504,43022,326,326,5.678877854776321,507.381091989541,1622.7812627412504,46.13944181098752,11.293943203444357,0,1624.9466191252018,1722.7812627412504,2025_FULL_ONLY,exit_ts_filter_from_all_through_2026_single_run,100.0,12,2.0778127627998106,24552,2025-01-01 00:00:00,SMX2V3_B03_S02C_vol110_upper020,S02_branch_vol110_plus_upper_range,46681,7.838306805766799,3659
72,94.63919067882682,2025-09-30 23:59:59,6914.021728875531,6814.021728875531,88963,326,326,5.678877854776365,1688.446519859861,6816.253828079514,11.09279469420673,-0.29772808201445855,4,6521.382880039992,6916.253828079515,PREQ4_ALL_BEFORE_2025_10_01,exit_ts_filter_from_all_through_2026_single_run,94.44444444444444,68,1.9348442306953666,38029,,SMX2V3_B03_S02C_vol110_upper020,S02_branch_vol110_plus_upper_range,96015,7.344685726188617,7052
3,21.12835565842074,2025-03-31 23:59:59,163.38506697526222,63.38506697526223,8164,326,326,5.678877854776321,27.376204730705922,63.49662479394797,24.71491904111194,11.293943203444357,0,154.1066285887926,163.49662479394797,2025_Q1_ONLY,exit_ts_filter_from_all_through_2026_single_run,100.0,3,2.1195765745168993,5020,2025-01-01 00:00:00,SMX2V3_B03_S02C_vol110_upper020,S02_branch_vol110_plus_upper_range,8853,7.782672540381791,689
3,20.484360121160496,2025-06-30 23:59:59,161.4530803634815,61.45308036348149,9137,292,292,2.930871130661794,25.13241634774242,62.307223021109756,19.6409760431105,16.67968797262857,0,156.72109864154402,162.30722302110976,2025_Q2_ONLY,exit_ts_filter_from_all_through_2026_single_run,100.0,3,1.9410542763555847,5074,2025-04-01 00:00:00,SMX2V3_B03_S02C_vol110_upper020,S02_branch_vol110_plus_upper_range,9870,7.426545086119554,733
3,30.430749486889663,2025-09-30 23:59:59,191.292248460669,91.29224846066899,10292,245,245,3.1762056675352146,46.714740545386576,91.35400459801728,25.161978536298804,19.415529378983607,0,185.21641322350567,191.35400459801727,2025_Q3_ONLY,exit_ts_filter_from_all_through_2026_single_run,100.0,3,1.9232295203695011,4956,2025-07-01 00:00:00,SMX2V3_B03_S02C_vol110_upper020,S02_branch_vol110_plus_upper_range,11174,7.8933237873635225,882
3,80.4694325095901,2025-12-31 23:59:59,341.40829752877033,241.40829752877036,15429,184,184,2.801476263074154,100.54910542665493,241.40829752877036,96.2018685403956,44.65732356171981,0,331.84382511333627,341.40829752877033,2025_Q4_ONLY,exit_ts_filter_from_all_through_2026_single_run,100.0,3,2.2388055270915395,9502,2025-10-01 00:00:00,SMX2V3_B03_S02C_vol110_upper020,S02_branch_vol110_plus_upper_range,16784,8.073164918970448,1355
1,7.953359317121283,2026-12-31 23:59:59,107.95335931712128,7.953359317121289,1552,42,42,2.0094837562645074,7.953359317121283,7.981468822316895,7.953359317121283,7.953359317121283,0,105.78405409730189,107.9814688223169,2026_FULL_ONLY,exit_ts_filter_from_all_through_2026_single_run,100.0,1,1.8148097585275502,827,2026-01-01 00:00:00,SMX2V3_B03_S02C_vol110_upper020,S02_branch_vol110_plus_upper_range,1717,9.609784507862551,165
1,7.953359317121283,2026-03-31 23:59:59,107.95335931712128,7.953359317121289,1552,42,42,2.0094837562645074,7.953359317121283,7.981468822316895,7.953359317121283,7.953359317121283,0,105.78405409730189,107.9814688223169,2026_Q1_ONLY,exit_ts_filter_from_all_through_2026_single_run,100.0,1,1.8148097585275502,827,2026-01-01 00:00:00,SMX2V3_B03_S02C_vol110_upper020,S02_branch_vol110_plus_upper_range,1717,9.609784507862551,165
0,0.0,2026-06-30 23:59:59,100.0,0.0,0,0,0,0.0,0.0,0.0,0.0,0.0,0,100.0,100.0,2026_Q2_ONLY,exit_ts_filter_from_all_through_2026_single_run,0.0,0,0.0,0,2026-04-01 00:00:00,SMX2V3_B03_S02C_vol110_upper020,S02_branch_vol110_plus_upper_range,0,0.0,0
0,0.0,2026-09-30 23:59:59,100.0,0.0,0,0,0,0.0,0.0,0.0,0.0,0.0,0,100.0,100.0,2026_Q3_ONLY,exit_ts_filter_from_all_through_2026_single_run,0.0,0,0.0,0,2026-07-01 00:00:00,SMX2V3_B03_S02C_vol110_upper020,S02_branch_vol110_plus_upper_range,0,0.0,0
0,0.0,2026-12-31 23:59:59,100.0,0.0,0,0,0,0.0,0.0,0.0,0.0,0.0,0,100.0,100.0,2026_Q4_ONLY,exit_ts_filter_from_all_through_2026_single_run,0.0,0,0.0,0,2026-10-01 00:00:00,SMX2V3_B03_S02C_vol110_upper020,S02_branch_vol110_plus_upper_range,0,0.0,0
76,340.5421827695724,2026-12-31 23:59:59,25981.2058904875,25881.2058904875,107133,326,326,5.70398937460036,7118.319812150601,25887.971023565216,14.132038764977423,-0.27195850061727356,5,24499.240667101054,25987.971023565216,ALL_TO_2026_END,exit_ts_filter_from_all_through_2026_single_run,93.42105263157895,71,1.984001548972659,49298,,SMX2V3_B03_S02D_vol110_sweep,S02_branch_vol110_plus_sweep,115761,7.453287376577604,8628
12,5.114708181293598,2023-12-31 23:59:59,161.37649817552318,61.376498175523174,11079,150,150,1.9771055940383309,11.908869409279248,62.171765405668424,4.71595390152698,0.4698418726989644,0,158.18591440263174,162.17176540566842,2023_FULL_ONLY,exit_ts_filter_from_all_through_2026_single_run,100.0,12,1.807666833193549,3543,2023-01-01 00:00:00,SMX2V3_B03_S02D_vol110_sweep,S02_branch_vol110_plus_sweep,12056,8.103848706038487,977
3,5.073384213773622,2023-03-31 23:59:59,115.22015264132087,15.220152641320862,3540,133,133,1.9288661486849379,6.139611013874287,15.259054098126313,5.015482997560227,4.065058629886352,0,112.99771012055932,115.25905409812631,2023_Q1_ONLY,exit_ts_filter_from_all_through_2026_single_run,100.0,3,1.786585694950257,1532,2023-01-01 00:00:00,SMX2V3_B03_S02D_vol110_sweep,S02_branch_vol110_plus_sweep,3847,7.980244346243827,307
3,3.6195288408013275,2023-06-30 23:59:59,110.85858652240398,10.85858652240399,1517,43,43,0.8646534310479681,4.211377124661553,10.859473398191177,3.974610818277114,2.6725985794653155,0,109.90004395042675,110.85947339819117,2023_Q2_ONLY,exit_ts_filter_from_all_through_2026_single_run,100.0,3,2.3386063373140655,338,2023-04-01 00:00:00,SMX2V3_B03_S02D_vol110_sweep,S02_branch_vol110_plus_sweep,1675,9.432835820895523,158
3,2.00040405129495,2023-09-30 23:59:59,106.00121215388485,6.0012121538848495,1893,150,150,1.9771055940384086,4.413376675789593,6.107245469128664,1.2199997284222803,0.3678357496729774,0,103.90545625864188,106.10724546912867,2023_Q3_ONLY,exit_ts_filter_from_all_through_2026_single_run,100.0,3,1.5360006470226426,513,2023-07-01 00:00:00,SMX2V3_B03_S02D_vol110_sweep,S02_branch_vol110_plus_sweep,2056,7.928015564202334,163
3,6.395921341453341,2023-12-31 23:59:59,119.18776402436002,19.18776402436002,4129,26,26,1.0998294395113684,8.795528053944409,19.775124166849658,7.862042618328047,2.530193352087565,0,117.87690190732476,119.77512416684965,2023_Q4_ONLY,exit_ts_filter_from_all_through_2026_single_run,100.0,3,1.7744938952839913,1160,2023-10-01 00:00:00,SMX2V3_B03_S02D_vol110_sweep,S02_branch_vol110_plus_sweep,4478,7.793657882983475,349
12,12.094766014251007,2024-12-31 23:59:59,245.1371921710121,145.13719217101212,22369,197,197,1.859573635329781,34.215288466860386,145.39565201248686,8.355648219305287,3.2092075976520675,0,240.57868557501226,245.39565201248686,2024_FULL_ONLY,exit_ts_filter_from_all_through_2026_single_run,100.0,12,1.8873619922245317,10591,2024-01-01 00:00:00,SMX2V3_B03_S02D_vol110_sweep,S02_branch_vol110_plus_sweep,24082,7.11319657835728,1713
3,10.434580643265917,2024-03-31 23:59:59,131.30374192979775,31.303741929797745,6336,88,88,1.3200211580384313,18.991915161052404,31.30794373357524,9.10261917109328,3.2092075976520675,0,129.57050475502825,131.30794373357523,2024_Q1_ONLY,exit_ts_filter_from_all_through_2026_single_run,100.0,3,1.8000067769191812,2515,2024-01-01 00:00:00,SMX2V3_B03_S02D_vol110_sweep,S02_branch_vol110_plus_sweep,6868,7.746068724519511,532
3,5.932210201745993,2024-06-30 23:59:59,117.79663060523798,17.796630605237972,4639,197,197,1.394828884403998,7.209865215589019,17.836210391931328,5.794714724569701,4.792050665079259,0,116.15356917670144,117.83621039193133,2024_Q2_ONLY,exit_ts_filter_from_all_through_2026_single_run,100.0,3,1.9567067547770698,2434,2024-04-01 00:00:00,SMX2V3_B03_S02D_vol110_sweep,S02_branch_vol110_plus_sweep,4961,6.490626889739971,322
3,4.264212693308703,2024-09-30 23:59:59,112.7926380799261,12.7926380799261,4062,106,106,1.4275328042211655,4.631796501729852,12.793540428249539,4.352144122421919,3.808697455774336,0,111.1824861705887,112.79354042824953,2024_Q3_ONLY,exit_ts_filter_from_all_through_2026_single_run,100.0,3,1.8151669013542524,1797,2024-07-01 00:00:00,SMX2V3_B03_S02D_vol110_sweep,S02_branch_vol110_plus_sweep,4355,6.727898966704937,293
3,13.50454639076142,2024-12-31 23:59:59,140.51363917228426,40.51363917228426,7332,127,127,1.8595736353297365,19.61234301180312,40.66178940841891,13.886141334180905,7.015154826300233,0,137.9006845841941,140.6617894084189,2024_Q4_ONLY,exit_ts_filter_from_all_through_2026_single_run,100.0,3,1.9686426443081115,3845,2024-10-01 00:00:00,SMX2V3_B03_S02D_vol110_sweep,S02_branch_vol110_plus_sweep,7898,7.1663712332236,566
75,319.4273783935995,2025-12-31 23:59:59,24057.053379519963,23957.053379519963,105577,326,326,5.70398937460036,7118.319812150601,23957.053379519963,13.96775566104256,-0.27195850061727356,5,22684.841610910207,24057.053379519963,TRAIN_2025_FULL,exit_ts_filter_from_all_through_2026_single_run,93.33333333333333,70,1.986864991408043,48469,,SMX2V3_B03_S02D_vol110_sweep,S02_branch_vol110_plus_sweep,114039,7.42026850463438,8462
12,135.76341732081664,2025-12-31 23:59:59,1729.1610078497997,1629.1610078497997,43508,326,326,5.703989374600383,511.6470777362222,1629.1610078497997,46.098705458226206,10.999710559150031,0,1630.5298476923142,1729.1610078497997,2025_FULL_ONLY,exit_ts_filter_from_all_through_2026_single_run,100.0,12,2.074269572884544,24973,2025-01-01 00:00:00,SMX2V3_B03_S02D_vol110_sweep,S02_branch_vol110_plus_sweep,47188,7.798592862592184,3680
72,95.91709179120335,2025-09-30 23:59:59,7006.030608966641,6906.030608966641,89972,326,326,5.70398937460036,1713.8888913457286,6908.2924120038015,12.082953606964466,-0.27195850061727356,5,6606.407367449936,7008.2924120038015,PREQ4_ALL_BEFORE_2025_10_01,exit_ts_filter_from_all_through_2026_single_run,93.05555555555556,67,1.931636377215023,38804,,SMX2V3_B03_S02D_vol110_sweep,S02_branch_vol110_plus_sweep,97068,7.310339143693081,7096
3,20.871907391540663,2025-03-31 23:59:59,162.615722174622,62.61572217462199,8276,326,326,5.703989374600383,27.03421430653742,62.72675469176485,24.58179730893454,10.999710559150031,0,153.34013866035187,162.72675469176485,2025_Q1_ONLY,exit_ts_filter_from_all_through_2026_single_run,100.0,3,2.0991161568631913,5136,2025-01-01 00:00:00,SMX2V3_B03_S02D_vol110_sweep,S02_branch_vol110_plus_sweep,8967,7.706033232965318,691
3,20.450082774965,2025-06-30 23:59:59,161.350248324895,61.350248324895,9233,293,293,2.9409658355093904,25.082838069306277,62.20644225815457,19.614417545120773,16.652992710467956,0,156.60499264615027,162.20644225815457,2025_Q2_ONLY,exit_ts_filter_from_all_through_2026_single_run,100.0,3,1.9371079625523044,5140,2025-04-01 00:00:00,SMX2V3_B03_S02D_vol110_sweep,S02_branch_vol110_plus_sweep,9967,7.364302197250929,734
3,30.641860037802786,2025-09-30 23:59:59,191.92558011340836,91.92558011340837,10394,247,247,3.2192807451577043,46.95085392582581,91.98754071338828,25.381540012986164,19.593186174596383,0,185.7469568677852,191.98754071338828,2025_Q3_ONLY,exit_ts_filter_from_all_through_2026_single_run,100.0,3,1.9248998761166567,5032,2025-07-01 00:00:00,SMX2V3_B03_S02D_vol110_sweep,S02_branch_vol110_plus_sweep,11283,7.879110165736063,889
3,81.12545568352066,2025-12-31 23:59:59,343.37636705056195,243.37636705056192,15605,194,194,2.823246381127742,101.60275067939696,243.37636705056192,97.054684224205,44.718932146959986,0,333.68200619415904,343.37636705056195,2025_Q4_ONLY,exit_ts_filter_from_all_through_2026_single_run,100.0,3,2.238932116434587,9665,2025-10-01 00:00:00,SMX2V3_B03_S02D_vol110_sweep,S02_branch_vol110_plus_sweep,16971,8.049024807023747,1366
1,7.998288404703629,2026-12-31 23:59:59,107.99828840470363,7.998288404703624,1556,42,42,2.010267680394462,7.998288404703629,8.026409608788754,7.998288404703629,7.998288404703629,0,105.82723371752466,108.02640960878875,2026_FULL_ONLY,exit_ts_filter_from_all_through_2026_single_run,100.0,1,1.8152253181026134,829,2026-01-01 00:00:00,SMX2V3_B03_S02D_vol110_sweep,S02_branch_vol110_plus_sweep,1722,9.639953542392567,166
1,7.998288404703629,2026-03-31 23:59:59,107.99828840470363,7.998288404703624,1556,42,42,2.010267680394462,7.998288404703629,8.026409608788754,7.998288404703629,7.998288404703629,0,105.82723371752466,108.02640960878875,2026_Q1_ONLY,exit_ts_filter_from_all_through_2026_single_run,100.0,1,1.8152253181026134,829,2026-01-01 00:00:00,SMX2V3_B03_S02D_vol110_sweep,S02_branch_vol110_plus_sweep,1722,9.639953542392567,166
0,0.0,2026-06-30 23:59:59,100.0,0.0,0,0,0,0.0,0.0,0.0,0.0,0.0,0,100.0,100.0,2026_Q2_ONLY,exit_ts_filter_from_all_through_2026_single_run,0.0,0,0.0,0,2026-04-01 00:00:00,SMX2V3_B03_S02D_vol110_sweep,S02_branch_vol110_plus_sweep,0,0.0,0
0,0.0,2026-09-30 23:59:59,100.0,0.0,0,0,0,0.0,0.0,0.0,0.0,0.0,0,100.0,100.0,2026_Q3_ONLY,exit_ts_filter_from_all_through_2026_single_run,0.0,0,0.0,0,2026-07-01 00:00:00,SMX2V3_B03_S02D_vol110_sweep,S02_branch_vol110_plus_sweep,0,0.0,0
0,0.0,2026-12-31 23:59:59,100.0,0.0,0,0,0,0.0,0.0,0.0,0.0,0.0,0,100.0,100.0,2026_Q4_ONLY,exit_ts_filter_from_all_through_2026_single_run,0.0,0,0.0,0,2026-10-01 00:00:00,SMX2V3_B03_S02D_vol110_sweep,S02_branch_vol110_plus_sweep,0,0.0,0
76,328.8261525548328,2026-12-31 23:59:59,25090.78759416729,24990.78759416729,105377,326,326,5.707212904101732,6801.7451341483065,24997.320875101774,14.576182152776184,-0.29721593692801207,5,23658.802926852215,25097.320875101774,ALL_TO_2026_END,exit_ts_filter_from_all_through_2026_single_run,93.42105263157895,71,1.9866379005522405,48008,,SMX2V3_B03_S02E_vol110_red_rsi_fall,S02_branch_vol110_plus_red_rsi_fall,113918,7.49749820045998,8541
12,5.058030097364646,2023-12-31 23:59:59,160.69636116837574,60.69636116837573,10937,150,150,1.9763214046096156,11.380563764592864,61.484400979501096,4.694774581499551,0.47081396083720506,0,157.52048458617634,161.4844009795011,2023_FULL_ONLY,exit_ts_filter_from_all_through_2026_single_run,100.0,12,1.8072397991645988,3451,2023-01-01 00:00:00,SMX2V3_B03_S02E_vol110_red_rsi_fall,S02_branch_vol110_plus_red_rsi_fall,11905,8.131037379252415,968
3,5.124154758318208,2023-03-31 23:59:59,115.37246427495462,15.372464274954623,3481,132,132,1.8399907174827757,6.208470811404908,15.411417156309515,4.828565976870948,4.335427486678768,0,113.24962164176432,115.41141715630951,2023_Q1_ONLY,exit_ts_filter_from_all_through_2026_single_run,100.0,3,1.8037268458635265,1501,2023-01-01 00:00:00,SMX2V3_B03_S02E_vol110_red_rsi_fall,S02_branch_vol110_plus_red_rsi_fall,3787,8.0802746237127,306
3,3.572816814281623,2023-06-30 23:59:59,110.71845044284487,10.718450442844873,1501,43,43,0.8630672464686406,4.234729082787226,10.719336197534446,3.9532684118266985,2.530452948230945,0,109.76287576127505,110.71933619753445,2023_Q2_ONLY,exit_ts_filter_from_all_through_2026_single_run,100.0,3,2.337254888511236,328,2023-04-01 00:00:00,SMX2V3_B03_S02E_vol110_red_rsi_fall,S02_branch_vol110_plus_red_rsi_fall,1656,9.359903381642512,155
3,2.019451517668377,2023-09-30 23:59:59,106.05835455300513,6.058354553005141,1881,150,150,1.9763214046096267,4.489647735841345,6.164262974630907,1.2001307222504352,0.36857609491335097,0,103.96230059059734,106.1642629746309,2023_Q3_ONLY,exit_ts_filter_from_all_through_2026_single_run,100.0,3,1.5455198921865352,505,2023-07-01 00:00:00,SMX2V3_B03_S02E_vol110_red_rsi_fall,S02_branch_vol110_plus_red_rsi_fall,2043,7.929515418502203,162
3,6.204943241178147,2023-12-31 23:59:59,118.61482972353444,18.61482972353443,4074,26,26,1.0177567756112005,8.40033727758609,19.19650567022293,7.797303574919724,2.4171888710286282,0,117.40761925714347,119.19650567022292,2023_Q4_ONLY,exit_ts_filter_from_all_through_2026_single_run,100.0,3,1.7563783522505707,1117,2023-10-01 00:00:00,SMX2V3_B03_S02E_vol110_red_rsi_fall,S02_branch_vol110_plus_red_rsi_fall,4419,7.8071961982348945,345
12,11.90567482395589,2024-12-31 23:59:59,242.86809788747067,142.86809788747067,21949,196,196,1.805564738540666,33.97279135081766,143.06585140159473,8.497275584409905,3.3327941675374575,0,238.48295715085007,243.06585140159473,2024_FULL_ONLY,exit_ts_filter_from_all_through_2026_single_run,100.0,12,1.8871274456105875,10262,2024-01-01 00:00:00,SMX2V3_B03_S02E_vol110_red_rsi_fall,S02_branch_vol110_plus_red_rsi_fall,23642,7.160984688266645,1693
3,10.191359116902541,2024-03-31 23:59:59,130.57407735070763,30.57407735070763,6231,85,85,1.3190701388744452,18.23949999671777,30.57825580475162,9.0017831864524,3.3327941675374575,0,128.8517136872636,130.57825580475162,2024_Q1_ONLY,exit_ts_filter_from_all_through_2026_single_run,100.0,3,1.7874857363113263,2439,2024-01-01 00:00:00,SMX2V3_B03_S02E_vol110_red_rsi_fall,S02_branch_vol110_plus_red_rsi_fall,6756,7.770870337477797,525
3,6.067027953576063,2024-06-30 23:59:59,118.20108386072819,18.201083860728183,4549,196,196,1.361467677304884,7.368283279387782,18.2407995441233,6.121251740420661,4.711548840919747,0,116.59181430974033,118.2407995441233,2024_Q2_ONLY,exit_ts_filter_from_all_through_2026_single_run,100.0,3,1.9951091196755832,2376,2024-04-01 00:00:00,SMX2V3_B03_S02E_vol110_red_rsi_fall,S02_branch_vol110_plus_red_rsi_fall,4870,6.591375770020534,321
3,4.073090143661626,2024-09-30 23:59:59,112.21927043098488,12.219270430984874,3985,105,105,1.4216167811053948,4.496591377873472,12.220168192330426,4.2013770129518235,3.5213020401595827,0,110.62394245090394,112.22016819233042,2024_Q3_ONLY,exit_ts_filter_from_all_through_2026_single_run,100.0,3,1.787562465012251,1733,2024-07-01 00:00:00,SMX2V3_B03_S02E_vol110_red_rsi_fall,S02_branch_vol110_plus_red_rsi_fall,4271,6.696324045890892,286
3,13.40824263260483,2024-12-31 23:59:59,140.2247278978145,40.22472789781448,7184,125,125,1.8055647385405549,19.61486693614593,40.33890482327356,13.743316339891479,6.866544621777081,0,137.6928796561771,140.33890482327357,2024_Q4_ONLY,exit_ts_filter_from_all_through_2026_single_run,100.0,3,1.9741546971517696,3714,2024-10-01 00:00:00,SMX2V3_B03_S02E_vol110_red_rsi_fall,S02_branch_vol110_plus_red_rsi_fall,7745,7.243382827630729,561
75,309.0680996269326,2025-12-31 23:59:59,23280.107472019947,23180.107472019947,103827,326,326,5.707212904101732,6801.7451341483065,23180.107472019947,14.122918063484832,-0.29721593692801207,5,21951.46217428807,23280.107472019947,TRAIN_2025_FULL,exit_ts_filter_from_all_through_2026_single_run,93.33333333333333,70,1.989859068899301,47179,,SMX2V3_B03_S02E_vol110_red_rsi_fall,S02_branch_vol110_plus_red_rsi_fall,112206,7.467515106144057,8379
12,135.05577631119394,2025-12-31 23:59:59,1720.6693157343273,1620.6693157343275,42813,326,326,5.7072129041018655,502.7276682395293,1620.6693157343275,46.77969240062279,11.29913378683652,0,1622.4670545098165,1720.6693157343273,2025_FULL_ONLY,exit_ts_filter_from_all_through_2026_single_run,100.0,12,2.079776952615312,24423,2025-01-01 00:00:00,SMX2V3_B03_S02E_vol110_red_rsi_fall,S02_branch_vol110_plus_red_rsi_fall,46463,7.855713148096334,3650
72,93.66250908511044,2025-09-30 23:59:59,6843.700654127952,6743.700654127952,88454,326,326,5.707212904101732,1666.585571341453,6745.9100511158995,10.752628158194653,-0.29721593692801207,5,6453.116087277466,6845.9100511158995,PREQ4_ALL_BEFORE_2025_10_01,exit_ts_filter_from_all_through_2026_single_run,93.05555555555556,67,1.9355410183786212,37707,,SMX2V3_B03_S02E_vol110_red_rsi_fall,S02_branch_vol110_plus_red_rsi_fall,95483,7.36151985170135,7029
3,21.116780728316797,2025-03-31 23:59:59,163.3503421849504,63.35034218495039,8107,326,326,5.7072129041018655,27.296953507614347,63.46187629386926,24.754254890499524,11.29913378683652,0,154.02759037687636,163.46187629386927,2025_Q1_ONLY,exit_ts_filter_from_all_through_2026_single_run,100.0,3,2.1200616940598134,4984,2025-01-01 00:00:00,SMX2V3_B03_S02E_vol110_red_rsi_fall,S02_branch_vol110_plus_red_rsi_fall,8796,7.833105957253298,689
3,20.56692421545235,2025-06-30 23:59:59,161.70077264635705,61.70077264635705,9102,289,289,2.8971472576251656,25.60569715235897,62.557526142072085,19.569471294068308,16.525604199929774,0,157.0160631460744,162.55752614207208,2025_Q2_ONLY,exit_ts_filter_from_all_through_2026_single_run,100.0,3,1.9471651891974202,5051,2025-04-01 00:00:00,SMX2V3_B03_S02E_vol110_red_rsi_fall,S02_branch_vol110_plus_red_rsi_fall,9834,7.443563148261134,732
3,30.500369859518997,2025-09-30 23:59:59,191.501109578557,91.50110957855699,10231,239,239,3.1537391890209765,46.63456253408779,91.56293314391652,25.28123899658796,19.58530804788124,0,185.46166403836804,191.56293314391652,2025_Q3_ONLY,exit_ts_filter_from_all_through_2026_single_run,100.0,3,1.928144013486294,4916,2025-07-01 00:00:00,SMX2V3_B03_S02E_vol110_red_rsi_fall,S02_branch_vol110_plus_red_rsi_fall,11110,7.9117911791179125,879
3,80.05613555476027,2025-12-31 23:59:59,340.16840666428084,240.16840666428087,15373,180,180,2.791367050498794,99.386946885904,240.16840666428087,96.13510966424141,44.64635011413543,0,330.6730578444474,340.16840666428084,2025_Q4_ONLY,exit_ts_filter_from_all_through_2026_single_run,100.0,3,2.2368267286952834,9472,2025-10-01 00:00:00,SMX2V3_B03_S02E_vol110_red_rsi_fall,S02_branch_vol110_plus_red_rsi_fall,16723,8.072714225916403,1350
1,7.777799670055472,2026-12-31 23:59:59,107.77779967005547,7.777799670055474,1550,42,42,2.0417952745178103,7.777799670055472,7.805863462038998,7.777799670055472,7.777799670055472,0,105.57719764941301,107.805863462039,2026_FULL_ONLY,exit_ts_filter_from_all_through_2026_single_run,100.0,1,1.7975479103777106,829,2026-01-01 00:00:00,SMX2V3_B03_S02E_vol110_red_rsi_fall,S02_branch_vol110_plus_red_rsi_fall,1712,9.462616822429906,162
1,7.777799670055472,2026-03-31 23:59:59,107.77779967005547,7.777799670055474,1550,42,42,2.0417952745178103,7.777799670055472,7.805863462038998,7.777799670055472,7.777799670055472,0,105.57719764941301,107.805863462039,2026_Q1_ONLY,exit_ts_filter_from_all_through_2026_single_run,100.0,1,1.7975479103777106,829,2026-01-01 00:00:00,SMX2V3_B03_S02E_vol110_red_rsi_fall,S02_branch_vol110_plus_red_rsi_fall,1712,9.462616822429906,162
0,0.0,2026-06-30 23:59:59,100.0,0.0,0,0,0,0.0,0.0,0.0,0.0,0.0,0,100.0,100.0,2026_Q2_ONLY,exit_ts_filter_from_all_through_2026_single_run,0.0,0,0.0,0,2026-04-01 00:00:00,SMX2V3_B03_S02E_vol110_red_rsi_fall,S02_branch_vol110_plus_red_rsi_fall,0,0.0,0
0,0.0,2026-09-30 23:59:59,100.0,0.0,0,0,0,0.0,0.0,0.0,0.0,0.0,0,100.0,100.0,2026_Q3_ONLY,exit_ts_filter_from_all_through_2026_single_run,0.0,0,0.0,0,2026-07-01 00:00:00,SMX2V3_B03_S02E_vol110_red_rsi_fall,S02_branch_vol110_plus_red_rsi_fall,0,0.0,0
0,0.0,2026-12-31 23:59:59,100.0,0.0,0,0,0,0.0,0.0,0.0,0.0,0.0,0,100.0,100.0,2026_Q4_ONLY,exit_ts_filter_from_all_through_2026_single_run,0.0,0,0.0,0,2026-10-01 00:00:00,SMX2V3_B03_S02E_vol110_red_rsi_fall,S02_branch_vol110_plus_red_rsi_fall,0,0.0,0
76,339.602087236259,2026-12-31 23:59:59,25909.758629955686,25809.758629955682,107110,326,326,5.705498104735341,7087.990952676222,25816.505159192326,14.138184296708175,-0.29403470472524873,5,24431.47784238206,25916.505159192326,ALL_TO_2026_END,exit_ts_filter_from_all_through_2026_single_run,93.42105263157895,71,1.9836887986531073,49241,,SMX2V3_B03_S02F_vol110_range_atr,S02_branch_vol110_plus_range_atr,115735,7.452369637534022,8625
12,5.1407025540514155,2023-12-31 23:59:59,161.688430648617,61.68843064861698,11088,150,150,1.9778897771936754,11.927336732969025,62.48523508942581,4.819609537135371,0.4685521416843983,0,158.4904117079131,162.4852350894258,2023_FULL_ONLY,exit_ts_filter_from_all_through_2026_single_run,100.0,12,1.811026920930173,3548,2023-01-01 00:00:00,SMX2V3_B03_S02F_vol110_range_atr,S02_branch_vol110_plus_range_atr,12068,8.120649651972158,980
3,5.0762173632745515,2023-03-31 23:59:59,115.22865208982365,15.228652089823647,3539,133,133,1.9288661486849379,6.141744279700092,15.267556416274086,5.021549312933857,4.065358497189706,0,113.00604562607711,115.26755641627408,2023_Q1_ONLY,exit_ts_filter_from_all_through_2026_single_run,100.0,3,1.7870299489585475,1534,2023-01-01 00:00:00,SMX2V3_B03_S02F_vol110_range_atr,S02_branch_vol110_plus_range_atr,3846,7.982319292771711,307
3,3.679812530411008,2023-06-30 23:59:59,111.03943759123302,11.039437591233025,1516,43,43,0.8654465138204559,4.2715007514105,11.040325913840343,4.0937963335167495,2.6741405063057755,0,110.07845064963385,111.04032591384033,2023_Q2_ONLY,exit_ts_filter_from_all_through_2026_single_run,100.0,3,2.3598825380719193,337,2023-04-01 00:00:00,SMX2V3_B03_S02F_vol110_range_atr,S02_branch_vol110_plus_range_atr,1676,9.54653937947494,160
3,1.9987686541520067,2023-09-30 23:59:59,105.99630596245602,5.996305962456017,1898,150,150,1.9778897771936421,4.412533932764106,6.103001247218209,1.2175704678629558,0.3662015618289587,0,103.89981586262171,106.1030012472182,2023_Q3_ONLY,exit_ts_filter_from_all_through_2026_single_run,100.0,3,1.5353490579153395,517,2023-07-01 00:00:00,SMX2V3_B03_S02F_vol110_range_atr,S02_branch_vol110_plus_range_atr,2061,7.908782144590004,163
3,6.406791396258399,2023-12-31 23:59:59,119.2203741887752,19.220374188775203,4135,26,26,1.0776515454908875,8.794578206219384,19.8078950349325,7.885909474197703,2.5398865083581086,0,117.93559398378986,119.8078950349325,2023_Q4_ONLY,exit_ts_filter_from_all_through_2026_single_run,100.0,3,1.7760684232619446,1160,2023-10-01 00:00:00,SMX2V3_B03_S02F_vol110_range_atr,S02_branch_vol110_plus_range_atr,4485,7.803790412486064,350
12,12.092556772207976,2024-12-31 23:59:59,245.1106812664957,145.1106812664957,22359,197,197,1.85957363532967,34.21710779316726,145.31222328498234,8.370873872640374,3.2101317805082488,0,240.552667660287,245.31222328498234,2024_FULL_ONLY,exit_ts_filter_from_all_through_2026_single_run,100.0,12,1.8882270311498717,10569,2024-01-01 00:00:00,SMX2V3_B03_S02F_vol110_range_atr,S02_branch_vol110_plus_range_atr,24071,7.1122928004652906,1712
3,10.453547432909138,2024-03-31 23:59:59,131.3606422987274,31.360642298727413,6336,88,88,1.3208105978691265,19.04701851918992,31.36484592335316,9.103491999029245,3.2101317805082488,0,129.62561701381688,131.36484592335316,2024_Q1_ONLY,exit_ts_filter_from_all_through_2026_single_run,100.0,3,1.8012768203595473,2520,2024-01-01 00:00:00,SMX2V3_B03_S02F_vol110_range_atr,S02_branch_vol110_plus_range_atr,6869,7.7594991993012075,533
3,5.9396357519463026,2024-06-30 23:59:59,117.81890725583891,17.8189072558389,4637,197,197,1.3738145423371484,7.2103438126361254,17.858494527509315,5.814721679635042,4.793841763567741,0,116.20029397433548,117.85849452750931,2024_Q2_ONLY,exit_ts_filter_from_all_through_2026_single_run,100.0,3,1.958866809307207,2429,2024-04-01 00:00:00,SMX2V3_B03_S02F_vol110_range_atr,S02_branch_vol110_plus_range_atr,4959,6.493244605767291,322
3,4.242319591670257,2024-09-30 23:59:59,112.72695877501077,12.726958775010777,4062,106,106,1.4275328042213986,4.6299707711986,12.727860597895546,4.291379728495016,3.805608275317155,0,111.11774445929636,112.72786059789556,2024_Q3_ONLY,exit_ts_filter_from_all_through_2026_single_run,100.0,3,1.8112272591863727,1790,2024-07-01 00:00:00,SMX2V3_B03_S02F_vol110_range_atr,S02_branch_vol110_plus_range_atr,4354,6.706476802939826,292
3,13.497613462216862,2024-12-31 23:59:59,140.49284038665058,40.49284038665058,7324,127,127,1.8595736353297365,19.61260373819283,40.60836048756236,13.865081822157507,7.015154826300247,0,137.88027256729453,140.60836048756235,2024_Q4_ONLY,exit_ts_filter_from_all_through_2026_single_run,100.0,3,1.970757235821487,3830,2024-10-01 00:00:00,SMX2V3_B03_S02F_vol110_range_atr,S02_branch_vol110_plus_range_atr,7889,7.16187095956395,565
75,318.55297667950634,2025-12-31 23:59:59,23991.473250962976,23891.473250962976,105551,326,326,5.705498104735341,7087.990952676222,23891.473250962976,13.974258951797822,-0.29403470472524873,5,22622.640199331196,23991.473250962976,TRAIN_2025_FULL,exit_ts_filter_from_all_through_2026_single_run,93.33333333333333,70,1.9865560017308548,48410,,SMX2V3_B03_S02F_vol110_range_atr,S02_branch_vol110_plus_range_atr,114010,7.419524603104991,8459
12,135.0614112915044,2025-12-31 23:59:59,1720.736935498053,1620.7369354980533,43497,326,326,5.705498104735385,508.3709409240387,1620.7369354980533,45.91586626772289,11.032001849197258,0,1622.56032225573,1720.736935498053,2025_FULL_ONLY,exit_ts_filter_from_all_through_2026_single_run,100.0,12,2.072230618684062,24959,2025-01-01 00:00:00,SMX2V3_B03_S02F_vol110_range_atr,S02_branch_vol110_plus_range_atr,47173,7.792593220698281,3676
72,96.04587380776988,2025-09-30 23:59:59,7015.302914159432,6915.302914159432,89950,326,326,5.705498104735341,1724.4351444740605,6917.567710635988,12.127413280811126,-0.29403470472524873,5,6615.044939350622,7017.567710635989,PREQ4_ALL_BEFORE_2025_10_01,exit_ts_filter_from_all_through_2026_single_run,93.05555555555556,67,1.9322288526307834,38755,,SMX2V3_B03_S02F_vol110_range_atr,S02_branch_vol110_plus_range_atr,97046,7.31199637285411,7096
3,20.868170393445922,2025-03-31 23:59:59,162.60451118033777,62.60451118033777,8274,326,326,5.705498104735385,26.981390889641204,62.715536042716955,24.591118441499304,11.032001849197258,0,153.32711387672936,162.71553604271696,2025_Q1_ONLY,exit_ts_filter_from_all_through_2026_single_run,100.0,3,2.0988820160699166,5131,2025-01-01 00:00:00,SMX2V3_B03_S02F_vol110_range_atr,S02_branch_vol110_plus_range_atr,8965,7.707752370329057,691
3,20.350549007915543,2025-06-30 23:59:59,161.05164702374663,61.05164702374664,9233,293,293,2.9080222116233734,24.96939109757058,61.90625644985368,19.594546141779205,16.48770978439684,0,156.36822935611082,161.9062564498537,2025_Q2_ONLY,exit_ts_filter_from_all_through_2026_single_run,100.0,3,1.9342923227715492,5140,2025-04-01 00:00:00,SMX2V3_B03_S02F_vol110_range_atr,S02_branch_vol110_plus_range_atr,9965,7.345709984947316,732
3,30.711629213249513,2025-09-30 23:59:59,192.13488763974854,92.13488763974853,10389,247,247,3.218506493209672,47.22877355114957,92.19691581185671,25.343369524316515,19.562744564282454,0,185.95101380534211,192.1969158118567,2025_Q3_ONLY,exit_ts_filter_from_all_through_2026_single_run,100.0,3,1.9258428440762068,5033,2025-07-01 00:00:00,SMX2V3_B03_S02F_vol110_range_atr,S02_branch_vol110_plus_range_atr,11279,7.890770458373969,890
3,80.66256745920062,2025-12-31 23:59:59,341.98770237760186,241.98770237760186,15601,193,193,2.820136662817807,101.03613542289031,241.98770237760186,96.05280333262658,44.89876362208497,0,332.34318180052287,341.98770237760186,2025_Q4_ONLY,exit_ts_filter_from_all_through_2026_single_run,100.0,3,2.2343134028381892,9655,2025-10-01 00:00:00,SMX2V3_B03_S02F_vol110_range_atr,S02_branch_vol110_plus_range_atr,16964,8.034661636406508,1363
1,7.9956964665173444,2026-12-31 23:59:59,107.99569646651734,7.995696466517344,1559,42,42,2.010267680394462,7.9956964665173444,8.02381699569894,7.9956964665173444,7.9956964665173444,0,105.82469388423404,108.02381699569895,2026_FULL_ONLY,exit_ts_filter_from_all_through_2026_single_run,100.0,1,1.814764797600306,831,2026-01-01 00:00:00,SMX2V3_B03_S02F_vol110_range_atr,S02_branch_vol110_plus_range_atr,1725,9.623188405797102,166
1,7.9956964665173444,2026-03-31 23:59:59,107.99569646651734,7.995696466517344,1559,42,42,2.010267680394462,7.9956964665173444,8.02381699569894,7.9956964665173444,7.9956964665173444,0,105.82469388423404,108.02381699569895,2026_Q1_ONLY,exit_ts_filter_from_all_through_2026_single_run,100.0,1,1.814764797600306,831,2026-01-01 00:00:00,SMX2V3_B03_S02F_vol110_range_atr,S02_branch_vol110_plus_range_atr,1725,9.623188405797102,166
0,0.0,2026-06-30 23:59:59,100.0,0.0,0,0,0,0.0,0.0,0.0,0.0,0.0,0,100.0,100.0,2026_Q2_ONLY,exit_ts_filter_from_all_through_2026_single_run,0.0,0,0.0,0,2026-04-01 00:00:00,SMX2V3_B03_S02F_vol110_range_atr,S02_branch_vol110_plus_range_atr,0,0.0,0
0,0.0,2026-09-30 23:59:59,100.0,0.0,0,0,0,0.0,0.0,0.0,0.0,0.0,0,100.0,100.0,2026_Q3_ONLY,exit_ts_filter_from_all_through_2026_single_run,0.0,0,0.0,0,2026-07-01 00:00:00,SMX2V3_B03_S02F_vol110_range_atr,S02_branch_vol110_plus_range_atr,0,0.0,0
0,0.0,2026-12-31 23:59:59,100.0,0.0,0,0,0,0.0,0.0,0.0,0.0,0.0,0,100.0,100.0,2026_Q4_ONLY,exit_ts_filter_from_all_through_2026_single_run,0.0,0,0.0,0,2026-10-01 00:00:00,SMX2V3_B03_S02F_vol110_range_atr,S02_branch_vol110_plus_range_atr,0,0.0,0
76,334.07976298053757,2026-12-31 23:59:59,25490.061986520854,25390.061986520854,106362,326,326,5.679632423753356,6935.607484236894,25396.69923277589,14.352161824839193,-0.2973912944301418,4,24042.320161099586,25496.69923277589,ALL_TO_2026_END,exit_ts_filter_from_all_through_2026_single_run,94.73684210526315,72,1.985366489112469,48695,,SMX2V3_B03_S06A_mixed_lighter,S06_branch_mixed_lighter,114938,7.4614139797108,8576
12,5.029939208741962,2023-12-31 23:59:59,160.35927050490355,60.35927050490355,11014,150,150,1.9768016640290043,11.587077682937263,61.14952481283773,4.62540807664665,0.4682375619977961,0,157.18928577713783,161.14952481283774,2023_FULL_ONLY,exit_ts_filter_from_all_through_2026_single_run,100.0,12,1.8013725833629375,3504,2023-01-01 00:00:00,SMX2V3_B03_S06A_mixed_lighter,S06_branch_mixed_lighter,11984,8.094125500667557,970
3,5.068182736210957,2023-03-31 23:59:59,115.20454820863287,15.204548208632861,3513,132,132,1.927296991713534,6.176110921678202,15.243444396957484,4.827078767712578,4.201358519242092,0,112.98421441669072,115.24344439695749,2023_Q1_ONLY,exit_ts_filter_from_all_through_2026_single_run,100.0,3,1.7893381640443937,1521,2023-01-01 00:00:00,SMX2V3_B03_S06A_mixed_lighter,S06_branch_mixed_lighter,3819,8.012568735271014,306
3,3.5436619341080537,2023-06-30 23:59:59,110.63098580232416,10.630985802324155,1507,43,43,0.8630672464686184,4.083173747355687,10.631870857291027,3.9467315794206144,2.6010804755478603,0,109.67616599941896,110.63187085729102,2023_Q2_ONLY,exit_ts_filter_from_all_through_2026_single_run,100.0,3,2.3250131459948715,333,2023-04-01 00:00:00,SMX2V3_B03_S06A_mixed_lighter,S06_branch_mixed_lighter,1662,9.326113116726836,155
3,2.023737320881665,2023-09-30 23:59:59,106.071211962645,6.071211962644996,1892,150,150,1.9768016640290154,4.47125325477306,6.177133223504105,1.2325750427900601,0.36738366508187426,0,103.97439447951169,106.1771332235041,2023_Q3_ONLY,exit_ts_filter_from_all_through_2026_single_run,100.0,3,1.5453541485098687,517,2023-07-01 00:00:00,SMX2V3_B03_S06A_mixed_lighter,S06_branch_mixed_lighter,2055,7.931873479318735,163
3,6.2059577769831265,2023-12-31 23:59:59,118.61787333094938,18.617873330949376,4102,26,26,1.099829439511324,8.570970100717744,19.20242503851599,7.687072778533334,2.3598304516983006,0,117.31327903953334,119.202425038516,2023_Q4_ONLY,exit_ts_filter_from_all_through_2026_single_run,100.0,3,1.75674821520411,1133,2023-10-01 00:00:00,SMX2V3_B03_S06A_mixed_lighter,S06_branch_mixed_lighter,4448,7.778776978417266,346
12,12.03237404121712,2024-12-31 23:59:59,244.38848849460544,144.38848849460544,22181,197,197,1.8390146720355105,34.1205854563446,144.5894366907901,8.608285290748881,3.3010017018506517,0,239.89414833442382,244.58943669079008,2024_FULL_ONLY,exit_ts_filter_from_all_through_2026_single_run,100.0,12,1.8891882603984524,10442,2024-01-01 00:00:00,SMX2V3_B03_S06A_mixed_lighter,S06_branch_mixed_lighter,23884,7.130296432758332,1703
3,10.294628449654558,2024-03-31 23:59:59,130.88388534896367,30.88388534896367,6292,88,88,1.3198595863132545,18.456126384644165,30.888073717061882,9.126757262468857,3.3010017018506517,0,129.15640184124612,130.88807371706187,2024_Q1_ONLY,exit_ts_filter_from_all_through_2026_single_run,100.0,3,1.7927449337158274,2475,2024-01-01 00:00:00,SMX2V3_B03_S06A_mixed_lighter,S06_branch_mixed_lighter,6821,7.75546107608855,529
3,6.036216641797556,2024-06-30 23:59:59,118.10864992539267,18.108649925392672,4593,197,197,1.3701475209501157,7.216339950187361,18.148334550892308,6.180908595019247,4.711401380186061,0,116.49038718641226,118.1483345508923,2024_Q2_ONLY,exit_ts_filter_from_all_through_2026_single_run,100.0,3,1.9799939764427101,2413,2024-04-01 00:00:00,SMX2V3_B03_S06A_mixed_lighter,S06_branch_mixed_lighter,4914,6.532356532356533,321
3,4.242515427248525,2024-09-30 23:59:59,112.72754628174557,12.727546281745571,4025,106,106,1.4263484488657552,4.657849495615366,12.728448109330447,4.212940959655626,3.8567558264745827,0,111.11965867391147,112.72844810933044,2024_Q3_ONLY,exit_ts_filter_from_all_through_2026_single_run,100.0,3,1.821323626577559,1771,2024-07-01 00:00:00,SMX2V3_B03_S06A_mixed_lighter,S06_branch_mixed_lighter,4316,6.742354031510659,291
3,13.414507077361586,2024-12-31 23:59:59,140.24352123208476,40.24352123208477,7271,125,125,1.839014672035455,19.580263703802046,40.35883633056494,13.638684916310112,7.0245726119726015,0,137.66442230004756,140.35883633056494,2024_Q4_ONLY,exit_ts_filter_from_all_through_2026_single_run,100.0,3,1.9670700671067094,3783,2024-10-01 00:00:00,SMX2V3_B03_S06A_mixed_lighter,S06_branch_mixed_lighter,7833,7.1747733946125365,562
75,313.40759896879007,2025-12-31 23:59:59,23605.569922659255,23505.569922659255,104811,326,326,5.679632423753356,6935.607484236894,23505.569922659255,13.987129809608646,-0.2973912944301418,4,22264.86031952013,23605.569922659255,TRAIN_2025_FULL,exit_ts_filter_from_all_through_2026_single_run,94.66666666666667,71,1.9881606699531795,47869,,SMX2V3_B03_S06A_mixed_lighter,S06_branch_mixed_lighter,113222,7.428768260585398,8411
12,134.95906783020993,2025-12-31 23:59:59,1719.5088139625193,1619.508813962519,43228,326,326,5.679632423753378,505.212889940947,1619.508813962519,45.96584619259691,11.24671087558933,0,1621.8470338354068,1719.5088139625193,2025_FULL_ONLY,exit_ts_filter_from_all_through_2026_single_run,100.0,12,2.075295577232568,24717,2025-01-01 00:00:00,SMX2V3_B03_S06A_mixed_lighter,S06_branch_mixed_lighter,46888,7.805835181709606,3660
72,94.90991880785195,2025-09-30 23:59:59,6933.51415416534,6833.51415416534,89300,326,326,5.679632423753356,1708.841853099966,6835.752546237454,11.933789340032419,-0.2973912944301418,4,6539.716036159837,6935.752546237453,PREQ4_ALL_BEFORE_2025_10_01,exit_ts_filter_from_all_through_2026_single_run,94.44444444444444,68,1.9340774049568898,38296,,SMX2V3_B03_S06A_mixed_lighter,S06_branch_mixed_lighter,96357,7.323806262129374,7057
3,21.03442022232117,2025-03-31 23:59:59,163.1032606669635,63.1032606669635,8211,326,326,5.679632423753378,27.237950474227546,63.21462607089787,24.618599317146632,11.24671087558933,0,153.83959498992365,163.21462607089788,2025_Q1_ONLY,exit_ts_filter_from_all_through_2026_single_run,100.0,3,2.1121595813781293,5069,2025-01-01 00:00:00,SMX2V3_B03_S06A_mixed_lighter,S06_branch_mixed_lighter,8900,7.741573033707865,689
3,20.409786747559092,2025-06-30 23:59:59,161.22936024267727,61.22936024267727,9176,292,292,2.9409658355094126,25.02675482497692,62.08491269168943,19.60696246192643,16.595642955773926,0,156.48765984112973,162.08491269168942,2025_Q2_ONLY,exit_ts_filter_from_all_through_2026_single_run,100.0,3,1.9367838852936219,5100,2025-04-01 00:00:00,SMX2V3_B03_S06A_mixed_lighter,S06_branch_mixed_lighter,9908,7.387969317723051,732
3,30.68661122793903,2025-09-30 23:59:59,192.0598336838171,92.05983368381709,10330,245,245,3.1769802578898942,47.33528695562816,92.12183762576196,25.28804354468599,19.436503183502936,0,185.95813068434606,192.12183762576197,2025_Q3_ONLY,exit_ts_filter_from_all_through_2026_single_run,100.0,3,1.9274920667438273,4975,2025-07-01 00:00:00,SMX2V3_B03_S06A_mixed_lighter,S06_branch_mixed_lighter,11215,7.891217119928667,885
3,80.15202391261663,2025-12-31 23:59:59,340.45607173784987,240.4560717378499,15511,193,193,2.8131394327712056,100.0301914732562,240.4560717378499,95.69416580575518,44.731714458838496,0,330.8785677325286,340.45607173784987,2025_Q4_ONLY,exit_ts_filter_from_all_through_2026_single_run,100.0,3,2.234589056674313,9573,2025-10-01 00:00:00,SMX2V3_B03_S06A_mixed_lighter,S06_branch_mixed_lighter,16865,8.028461310406167,1354
1,7.983251707270767,2026-12-31 23:59:59,107.98325170727077,7.9832517072707665,1551,42,42,2.010267680394462,7.983251707270767,8.011368996015689,7.983251707270767,7.983251707270767,0,105.8124992979605,108.01136899601569,2026_FULL_ONLY,exit_ts_filter_from_all_through_2026_single_run,100.0,1,1.8201635721961489,826,2026-01-01 00:00:00,SMX2V3_B03_S06A_mixed_lighter,S06_branch_mixed_lighter,1716,9.615384615384617,165
1,7.983251707270767,2026-03-31 23:59:59,107.98325170727077,7.9832517072707665,1551,42,42,2.010267680394462,7.983251707270767,8.011368996015689,7.983251707270767,7.983251707270767,0,105.8124992979605,108.01136899601569,2026_Q1_ONLY,exit_ts_filter_from_all_through_2026_single_run,100.0,1,1.8201635721961489,826,2026-01-01 00:00:00,SMX2V3_B03_S06A_mixed_lighter,S06_branch_mixed_lighter,1716,9.615384615384617,165
0,0.0,2026-06-30 23:59:59,100.0,0.0,0,0,0,0.0,0.0,0.0,0.0,0.0,0,100.0,100.0,2026_Q2_ONLY,exit_ts_filter_from_all_through_2026_single_run,0.0,0,0.0,0,2026-04-01 00:00:00,SMX2V3_B03_S06A_mixed_lighter,S06_branch_mixed_lighter,0,0.0,0
0,0.0,2026-09-30 23:59:59,100.0,0.0,0,0,0,0.0,0.0,0.0,0.0,0.0,0,100.0,100.0,2026_Q3_ONLY,exit_ts_filter_from_all_through_2026_single_run,0.0,0,0.0,0,2026-07-01 00:00:00,SMX2V3_B03_S06A_mixed_lighter,S06_branch_mixed_lighter,0,0.0,0
0,0.0,2026-12-31 23:59:59,100.0,0.0,0,0,0,0.0,0.0,0.0,0.0,0.0,0,100.0,100.0,2026_Q4_ONLY,exit_ts_filter_from_all_through_2026_single_run,0.0,0,0.0,0,2026-10-01 00:00:00,SMX2V3_B03_S06A_mixed_lighter,S06_branch_mixed_lighter,0,0.0,0
76,337.1051722369842,2026-12-31 23:59:59,25719.993090010797,25619.993090010797,107539,326,326,5.705498104735285,7064.34217693529,25626.690207024734,14.12568414527032,-0.30619599864559177,5,24252.539371722185,25726.690207024734,ALL_TO_2026_END,exit_ts_filter_from_all_through_2026_single_run,93.42105263157895,71,1.9806900467555308,49601,,SMX2V3_B03_S06B_mixed_stronger,S06_branch_mixed_stronger,116165,7.425644557310722,8626
12,5.134335711237074,2023-12-31 23:59:59,161.61202853484488,61.61202853484489,11116,150,150,1.9786739540754161,11.90838830938435,62.40845646421575,4.751530261301681,0.4671281108618359,0,158.414253419573,162.40845646421576,2023_FULL_ONLY,exit_ts_filter_from_all_through_2026_single_run,100.0,12,1.8103181475918007,3575,2023-01-01 00:00:00,SMX2V3_B03_S06B_mixed_stronger,S06_branch_mixed_stronger,12096,8.101851851851851,980
3,5.086630702470889,2023-03-31 23:59:59,115.25989210741267,15.259892107412675,3553,133,133,1.933573468962424,6.138710605419192,15.298806981342562,5.060947863559164,4.060233638434312,0,113.03125741326903,115.29880698134255,2023_Q1_ONLY,exit_ts_filter_from_all_through_2026_single_run,100.0,3,1.7880432235162969,1546,2023-01-01 00:00:00,SMX2V3_B03_S06B_mixed_stronger,S06_branch_mixed_stronger,3861,7.977207977207977,308
3,3.6396652352862398,2023-06-30 23:59:59,110.91899570585872,10.918995705858725,1521,43,43,0.8654465138204004,4.269832414071871,10.91988306492324,3.975065571558261,2.6740977202285876,0,109.95905112435777,110.91988306492324,2023_Q2_ONLY,exit_ts_filter_from_all_through_2026_single_run,100.0,3,2.345111111690006,341,2023-04-01 00:00:00,SMX2V3_B03_S06B_mixed_stronger,S06_branch_mixed_stronger,1680,9.464285714285714,159
3,1.997920690487959,2023-09-30 23:59:59,105.99376207146388,5.993762071463871,1901,150,150,1.978673954075505,4.411615375623228,6.10045479555974,1.2167607272991887,0.3653859685414602,0,103.89649110841106,106.10045479555974,2023_Q3_ONLY,exit_ts_filter_from_all_through_2026_single_run,100.0,3,1.5350113971692765,521,2023-07-01 00:00:00,SMX2V3_B03_S06B_mixed_stronger,S06_branch_mixed_stronger,2064,7.897286821705427,163
3,6.421321072002475,2023-12-31 23:59:59,119.26396321600743,19.26396321600743,4141,25,25,1.0776515454909208,8.787969547613997,19.851698869930033,7.982020290249409,2.4939733781440196,0,117.9787132731964,119.85169886993003,2023_Q4_ONLY,exit_ts_filter_from_all_through_2026_single_run,100.0,3,1.7785036177864995,1167,2023-10-01 00:00:00,SMX2V3_B03_S06B_mixed_stronger,S06_branch_mixed_stronger,4491,7.79336450679136,350
12,12.033490719473802,2024-12-31 23:59:59,244.40188863368562,144.40188863368562,22462,197,197,1.85957363532957,33.88623479974558,144.6615305017909,8.261922123142291,3.2069163375347216,0,239.85705554840607,244.66153050179093,2024_FULL_ONLY,exit_ts_filter_from_all_through_2026_single_run,100.0,12,1.8819547748280576,10666,2024-01-01 00:00:00,SMX2V3_B03_S06B_mixed_stronger,S06_branch_mixed_stronger,24173,7.078145037852149,1711
3,10.368446293946391,2024-03-31 23:59:59,131.10533888183917,31.105338881839174,6349,87,87,1.320810597869193,18.873698764012474,31.10953433659216,9.024723780291978,3.2069163375347216,0,129.37368567151552,131.10953433659216,2024_Q1_ONLY,exit_ts_filter_from_all_through_2026_single_run,100.0,3,1.7947249459646324,2524,2024-01-01 00:00:00,SMX2V3_B03_S06B_mixed_stronger,S06_branch_mixed_stronger,6879,7.704608227940107,530
3,5.890815457677817,2024-06-30 23:59:59,117.67244637303345,17.672446373033445,4665,197,197,1.3987730281417199,7.365774372299612,17.711984433699524,5.7199199742365465,4.586752026497294,0,116.02647593161292,117.71198443369951,2024_Q2_ONLY,exit_ts_filter_from_all_through_2026_single_run,100.0,3,1.9450312532376675,2457,2024-04-01 00:00:00,SMX2V3_B03_S06B_mixed_stronger,S06_branch_mixed_stronger,4986,6.4380264741275575,321
3,4.249702104445504,2024-09-30 23:59:59,112.74910631333651,12.749106313336522,4080,106,106,1.4298985245080664,4.622683031842172,12.750008313403004,4.323553553599368,3.802869727894972,0,111.1369085057661,112.75000831340301,2024_Q3_ONLY,exit_ts_filter_from_all_through_2026_single_run,100.0,3,1.8104417669765185,1806,2024-07-01 00:00:00,SMX2V3_B03_S06B_mixed_stronger,S06_branch_mixed_stronger,4373,6.70020580836954,293
3,13.502153069366528,2024-12-31 23:59:59,140.50645920809959,40.506459208099585,7368,130,130,1.8595736353297587,19.481170518869376,40.65572711987229,13.914805424669552,7.110483264560656,0,137.8936381367304,140.6557271198723,2024_Q4_ONLY,exit_ts_filter_from_all_through_2026_single_run,100.0,3,1.9656220891996468,3879,2024-10-01 00:00:00,SMX2V3_B03_S06B_mixed_stronger,S06_branch_mixed_stronger,7935,7.145557655954632,567
75,315.87463817093885,2025-12-31 23:59:59,23790.597862820414,23690.597862820414,105980,326,326,5.705498104735285,7064.34217693529,23690.597862820414,13.983323328078583,-0.30619599864559177,5,22433.225752652,23790.597862820414,TRAIN_2025_FULL,exit_ts_filter_from_all_through_2026_single_run,93.33333333333333,70,1.9833119769226315,48768,,SMX2V3_B03_S06B_mixed_stronger,S06_branch_mixed_stronger,114439,7.391710867798565,8459
12,134.50093899272974,2025-12-31 23:59:59,1714.011267912757,1614.011267912757,43674,326,326,5.705498104735396,508.9557715815581,1614.011267912757,45.15787736034595,10.802449385500125,0,1616.2183875070434,1714.011267912757,2025_FULL_ONLY,exit_ts_filter_from_all_through_2026_single_run,100.0,12,2.0692846303682964,25115,2025-01-01 00:00:00,SMX2V3_B03_S06B_mixed_stronger,S06_branch_mixed_stronger,47352,7.767359351241764,3678
72,95.29071894167487,2025-09-30 23:59:59,6960.9317638005905,6860.9317638005905,90316,326,326,5.705498104735285,1724.1354948639064,6863.179007280325,12.20500438380597,-0.30619599864559177,5,6563.775933945031,6963.179007280326,PREQ4_ALL_BEFORE_2025_10_01,exit_ts_filter_from_all_through_2026_single_run,93.05555555555556,67,1.9287517729629946,39065,,SMX2V3_B03_S06B_mixed_stronger,S06_branch_mixed_stronger,97412,7.284523467334619,7096
3,20.8181301080506,2025-03-31 23:59:59,162.4543903241518,62.45439032415181,8311,326,326,5.705498104735396,26.951060897747453,62.565312685393316,24.700880040904224,10.802449385500125,0,153.18555816314787,162.5653126853933,2025_Q1_ONLY,exit_ts_filter_from_all_through_2026_single_run,100.0,3,2.095499188223586,5167,2025-01-01 00:00:00,SMX2V3_B03_S06B_mixed_stronger,S06_branch_mixed_stronger,9002,7.6760719840035545,691
3,20.15702986057649,2025-06-30 23:59:59,160.47108958172947,60.471089581729466,9269,293,293,2.918119292644472,24.466667518446286,61.32519951279101,19.50190461856161,16.502517444721576,0,155.7883517575282,161.32519951279102,2025_Q2_ONLY,exit_ts_filter_from_all_through_2026_single_run,100.0,3,1.9249128595569487,5174,2025-04-01 00:00:00,SMX2V3_B03_S06B_mixed_stronger,S06_branch_mixed_stronger,10000,7.31,731
3,30.79149039209337,2025-09-30 23:59:59,192.3744711762801,92.37447117628011,10430,247,247,3.2223776910102475,47.648743776739224,92.43657669472043,25.32792650258955,19.39780089695134,0,186.17543913389673,192.43657669472043,2025_Q3_ONLY,exit_ts_filter_from_all_through_2026_single_run,100.0,3,1.9265886475042917,5071,2025-07-01 00:00:00,SMX2V3_B03_S06B_mixed_stronger,S06_branch_mixed_stronger,11323,7.886602490506049,893
3,80.59106007685124,2025-12-31 23:59:59,341.7731802305537,241.7731802305537,15664,200,200,2.832574939011401,101.4855829168207,241.7731802305537,95.38142074385158,44.90617656988141,0,332.0921987790808,341.7731802305537,2025_Q4_ONLY,exit_ts_filter_from_all_through_2026_single_run,100.0,3,2.2323340804206486,9703,2025-10-01 00:00:00,SMX2V3_B03_S06B_mixed_stronger,S06_branch_mixed_stronger,17027,8.004933341164033,1363
1,8.10990643579207,2026-12-31 23:59:59,108.10990643579207,8.10990643579208,1559,42,42,2.010267680394462,8.10990643579207,8.138056703610296,8.10990643579207,8.10990643579207,0,105.93660792740866,108.1380567036103,2026_FULL_ONLY,exit_ts_filter_from_all_through_2026_single_run,100.0,1,1.8259438438471285,833,2026-01-01 00:00:00,SMX2V3_B03_S06B_mixed_stronger,S06_branch_mixed_stronger,1726,9.675550405561992,167
1,8.10990643579207,2026-03-31 23:59:59,108.10990643579207,8.10990643579208,1559,42,42,2.010267680394462,8.10990643579207,8.138056703610296,8.10990643579207,8.10990643579207,0,105.93660792740866,108.1380567036103,2026_Q1_ONLY,exit_ts_filter_from_all_through_2026_single_run,100.0,1,1.8259438438471285,833,2026-01-01 00:00:00,SMX2V3_B03_S06B_mixed_stronger,S06_branch_mixed_stronger,1726,9.675550405561992,167
0,0.0,2026-06-30 23:59:59,100.0,0.0,0,0,0,0.0,0.0,0.0,0.0,0.0,0,100.0,100.0,2026_Q2_ONLY,exit_ts_filter_from_all_through_2026_single_run,0.0,0,0.0,0,2026-04-01 00:00:00,SMX2V3_B03_S06B_mixed_stronger,S06_branch_mixed_stronger,0,0.0,0
0,0.0,2026-09-30 23:59:59,100.0,0.0,0,0,0,0.0,0.0,0.0,0.0,0.0,0,100.0,100.0,2026_Q3_ONLY,exit_ts_filter_from_all_through_2026_single_run,0.0,0,0.0,0,2026-07-01 00:00:00,SMX2V3_B03_S06B_mixed_stronger,S06_branch_mixed_stronger,0,0.0,0
0,0.0,2026-12-31 23:59:59,100.0,0.0,0,0,0,0.0,0.0,0.0,0.0,0.0,0,100.0,100.0,2026_Q4_ONLY,exit_ts_filter_from_all_through_2026_single_run,0.0,0,0.0,0,2026-10-01 00:00:00,SMX2V3_B03_S06B_mixed_stronger,S06_branch_mixed_stronger,0,0.0,0
76,337.9932687659095,2026-12-31 23:59:59,25787.48842620912,25687.488426209122,107374,326,326,5.7054981047353515,7073.934411326061,25694.203118039768,14.128539856930232,-0.27157168012736577,5,24316.18376279291,25794.203118039768,ALL_TO_2026_END,exit_ts_filter_from_all_through_2026_single_run,93.42105263157895,71,1.981972695291918,49460,,SMX2V3_B03_S06C_mixed_vol110,S06_branch_mixed_vol110,115997,7.433812943438192,8623
12,5.119866377598361,2023-12-31 23:59:59,161.43839653118033,61.43839653118033,11102,150,150,1.9786739540753273,11.900196449493848,62.23396879789771,4.716248110541393,0.4668811715971515,0,158.244057027141,162.23396879789772,2023_FULL_ONLY,exit_ts_filter_from_all_through_2026_single_run,100.0,12,1.8080540585903464,3565,2023-01-01 00:00:00,SMX2V3_B03_S06C_mixed_vol110,S06_branch_mixed_vol110,12080,8.096026490066226,978
3,5.0881675379163385,2023-03-31 23:59:59,115.26450261374902,15.26450261374901,3548,133,133,1.9320043873088832,6.140538945616939,15.303419044311228,5.061788357866092,4.062175310265985,0,113.03758736624162,115.30341904431123,2023_Q1_ONLY,exit_ts_filter_from_all_through_2026_single_run,100.0,3,1.7884394734875886,1541,2023-01-01 00:00:00,SMX2V3_B03_S06C_mixed_vol110,S06_branch_mixed_vol110,3856,7.987551867219916,308
3,3.6186419792041327,2023-06-30 23:59:59,110.8559259376124,10.855925937612398,1520,43,43,0.8654465138205558,4.210543433644602,10.856812792114745,3.9728053052910184,2.672577198676777,0,109.89652719122184,110.85681279211474,2023_Q2_ONLY,exit_ts_filter_from_all_through_2026_single_run,100.0,3,2.3378791402394796,341,2023-04-01 00:00:00,SMX2V3_B03_S06C_mixed_vol110,S06_branch_mixed_vol110,1678,9.415971394517282,158
3,1.9982033427813661,2023-09-30 23:59:59,105.9946100283441,5.994610028344094,1900,150,150,1.978673954075505,4.4124633325034495,6.101303605988595,1.2167607272991887,0.3653859685414602,0,103.89732228698935,106.1013036059886,2023_Q3_ONLY,exit_ts_filter_from_all_through_2026_single_run,100.0,3,1.5351239342479004,519,2023-07-01 00:00:00,SMX2V3_B03_S06C_mixed_vol110,S06_branch_mixed_vol110,2063,7.901114881240911,163
3,6.3992959228571875,2023-12-31 23:59:59,119.19788776857156,19.197887768571565,4134,26,26,1.0998294395113017,8.786498821157124,19.785297801113977,7.955327277927438,2.456061669486999,0,117.88691430761718,119.78529780111397,2023_Q4_ONLY,exit_ts_filter_from_all_through_2026_single_run,100.0,3,1.7747318205278912,1164,2023-10-01 00:00:00,SMX2V3_B03_S06C_mixed_vol110,S06_branch_mixed_vol110,4483,7.784965424938657,349
12,12.015532199197244,2024-12-31 23:59:59,244.18638639036692,144.18638639036692,22422,197,197,1.8595736353296366,33.95804825869632,144.44579931832234,8.279900668178264,3.2078291087731117,0,239.6455607279875,244.44579931832237,2024_FULL_ONLY,exit_ts_filter_from_all_through_2026_single_run,100.0,12,1.8826703566287635,10630,2024-01-01 00:00:00,SMX2V3_B03_S06C_mixed_vol110,S06_branch_mixed_vol110,24131,7.082176453524512,1709
3,10.38158438532444,2024-03-31 23:59:59,131.14475315597332,31.144753155973316,6344,88,88,1.320810597869182,18.88116901392908,31.14894987200829,9.055755033271126,3.2078291087731117,0,129.41257935773984,131.1489498720083,2024_Q1_ONLY,exit_ts_filter_from_all_through_2026_single_run,100.0,3,1.7963055119404896,2522,2024-01-01 00:00:00,SMX2V3_B03_S06C_mixed_vol110,S06_branch_mixed_vol110,6874,7.710212394530114,530
3,5.918455717292048,2024-06-30 23:59:59,117.75536715187614,17.755367151876133,4654,197,197,1.3979842120152797,7.248191466619957,17.794933074007524,5.721956938803814,4.785218746452372,0,116.10916571029229,117.79493307400753,2024_Q2_ONLY,exit_ts_filter_from_all_through_2026_single_run,100.0,3,1.9539952028797765,2447,2024-04-01 00:00:00,SMX2V3_B03_S06C_mixed_vol110,S06_branch_mixed_vol110,4976,6.471061093247589,322
3,4.253009570320121,2024-09-30 23:59:59,112.75902871096037,12.759028710960374,4069,106,106,1.4291099573878197,4.629729917384537,12.759930790406692,4.325222750486475,3.8040760430893528,0,111.14757820379825,112.75993079040668,2024_Q3_ONLY,exit_ts_filter_from_all_through_2026_single_run,100.0,3,1.8115168674931401,1800,2024-07-01 00:00:00,SMX2V3_B03_S06C_mixed_vol110,S06_branch_mixed_vol110,4362,6.717102246675837,293
3,13.409737035969576,2024-12-31 23:59:59,140.22921110790872,40.22921110790874,7355,130,130,1.8595736353297587,19.501129397396824,40.37818448343597,13.712926884211669,7.015154826300233,0,137.62154566911516,140.37818448343597,2024_Q4_ONLY,exit_ts_filter_from_all_through_2026_single_run,100.0,3,1.9615280789002314,3861,2024-10-01 00:00:00,SMX2V3_B03_S06C_mixed_vol110,S06_branch_mixed_vol110,7919,7.122111377699205,564
75,317.0357668580233,2025-12-31 23:59:59,23877.68251435175,23777.68251435175,105818,326,326,5.7054981047353515,7073.934411326061,23777.68251435175,13.960183747415584,-0.27157168012736577,5,22515.341791040686,23877.68251435175,TRAIN_2025_FULL,exit_ts_filter_from_all_through_2026_single_run,93.33333333333333,70,1.9847996419387623,48630,,SMX2V3_B03_S06C_mixed_vol110,S06_branch_mixed_vol110,114275,7.400568803325312,8457
12,135.0833085562279,2025-12-31 23:59:59,1720.9997026747349,1620.9997026747349,43610,326,326,5.705498104735307,509.8584844368953,1620.9997026747349,45.71952899926468,10.805995134795424,0,1622.8080972561274,1720.9997026747349,2025_FULL_ONLY,exit_ts_filter_from_all_through_2026_single_run,100.0,12,2.0714009605303465,25041,2025-01-01 00:00:00,SMX2V3_B03_S06C_mixed_vol110,S06_branch_mixed_vol110,47288,7.777871764506851,3678
72,95.67783802250445,2025-09-30 23:59:59,6988.80433762032,6888.80433762032,90174,326,326,5.7054981047353515,1731.1233057311229,6891.060579386766,12.127408524096921,-0.27157168012736577,5,6590.0582385937305,6991.060579386766,PREQ4_ALL_BEFORE_2025_10_01,exit_ts_filter_from_all_through_2026_single_run,93.05555555555556,67,1.9304024743288803,38955,,SMX2V3_B03_S06C_mixed_vol110,S06_branch_mixed_vol110,97269,7.2942047312093266,7095
3,20.82419543586987,2025-03-31 23:59:59,162.47258630760962,62.47258630760961,8297,326,326,5.705498104735307,26.95516374574126,62.58352109290095,24.711427427072934,10.805995134795424,0,153.2027159751145,162.58352109290095,2025_Q1_ONLY,exit_ts_filter_from_all_through_2026_single_run,100.0,3,2.0960280887011633,5152,2025-01-01 00:00:00,SMX2V3_B03_S06C_mixed_vol110,S06_branch_mixed_vol110,8988,7.6880284824210054,691
3,20.39446594740134,2025-06-30 23:59:59,161.18339784220402,61.183397842204016,9249,293,293,2.91656596391322,25.054103366229,62.038706394916886,19.594134495859095,16.53515998011592,0,156.48237772125947,162.0387063949169,2025_Q2_ONLY,exit_ts_filter_from_all_through_2026_single_run,100.0,3,1.9346456690493217,5153,2025-04-01 00:00:00,SMX2V3_B03_S06C_mixed_vol110,S06_branch_mixed_vol110,9981,7.333934475503456,732
3,30.78317280348503,2025-09-30 23:59:59,192.3495184104551,92.34951841045509,10420,247,247,3.221603463837941,47.64487859161912,92.41161587322955,25.331937076448824,19.372702742387148,0,186.15277966266828,192.41161587322955,2025_Q3_ONLY,exit_ts_filter_from_all_through_2026_single_run,100.0,3,1.92623652057564,5061,2025-07-01 00:00:00,SMX2V3_B03_S06C_mixed_vol110,S06_branch_mixed_vol110,11313,7.893573764695483,893
3,80.5520627985894,2025-12-31 23:59:59,341.6561883957682,241.6561883957682,15644,197,197,2.828688148726488,101.21809210264283,241.6561883957682,95.69807120686261,44.74002508626276,0,331.9918002852265,341.6561883957682,2025_Q4_ONLY,exit_ts_filter_from_all_through_2026_single_run,100.0,3,2.233091445308778,9675,2025-10-01 00:00:00,SMX2V3_B03_S06C_mixed_vol110,S06_branch_mixed_vol110,17006,8.008938021874632,1362
1,7.998288404703629,2026-12-31 23:59:59,107.99828840470363,7.998288404703624,1556,42,42,2.010267680394462,7.998288404703629,8.026409608788754,7.998288404703629,7.998288404703629,0,105.82723371752466,108.02640960878875,2026_FULL_ONLY,exit_ts_filter_from_all_through_2026_single_run,100.0,1,1.8152253181026134,830,2026-01-01 00:00:00,SMX2V3_B03_S06C_mixed_vol110,S06_branch_mixed_vol110,1722,9.639953542392567,166
1,7.998288404703629,2026-03-31 23:59:59,107.99828840470363,7.998288404703624,1556,42,42,2.010267680394462,7.998288404703629,8.026409608788754,7.998288404703629,7.998288404703629,0,105.82723371752466,108.02640960878875,2026_Q1_ONLY,exit_ts_filter_from_all_through_2026_single_run,100.0,1,1.8152253181026134,830,2026-01-01 00:00:00,SMX2V3_B03_S06C_mixed_vol110,S06_branch_mixed_vol110,1722,9.639953542392567,166
0,0.0,2026-06-30 23:59:59,100.0,0.0,0,0,0,0.0,0.0,0.0,0.0,0.0,0,100.0,100.0,2026_Q2_ONLY,exit_ts_filter_from_all_through_2026_single_run,0.0,0,0.0,0,2026-04-01 00:00:00,SMX2V3_B03_S06C_mixed_vol110,S06_branch_mixed_vol110,0,0.0,0
0,0.0,2026-09-30 23:59:59,100.0,0.0,0,0,0,0.0,0.0,0.0,0.0,0.0,0,100.0,100.0,2026_Q3_ONLY,exit_ts_filter_from_all_through_2026_single_run,0.0,0,0.0,0,2026-07-01 00:00:00,SMX2V3_B03_S06C_mixed_vol110,S06_branch_mixed_vol110,0,0.0,0
0,0.0,2026-12-31 23:59:59,100.0,0.0,0,0,0,0.0,0.0,0.0,0.0,0.0,0,100.0,100.0,2026_Q4_ONLY,exit_ts_filter_from_all_through_2026_single_run,0.0,0,0.0,0,2026-10-01 00:00:00,SMX2V3_B03_S06C_mixed_vol110,S06_branch_mixed_vol110,0,0.0,0
76,339.0947114242619,2026-12-31 23:59:59,25871.198068243906,25771.198068243906,107358,326,326,5.705498104735285,7106.08316756473,25777.934556863773,14.12670815992221,-0.27241564147340114,5,24395.117352787936,25877.934556863773,ALL_TO_2026_END,exit_ts_filter_from_all_through_2026_single_run,93.42105263157895,71,1.9827593409351725,49443,,SMX2V3_B03_S06D_mixed_upper025,S06_branch_mixed_upper025,115983,7.436434649905589,8625
12,5.126611544718223,2023-12-31 23:59:59,161.51933853661868,61.51933853661868,11100,150,150,1.9783700289286443,11.905114073652129,62.31530968746848,4.738440725672163,0.46745286907454897,0,158.3238883520864,162.31530968746847,2023_FULL_ONLY,exit_ts_filter_from_all_through_2026_single_run,100.0,12,1.8089065109301035,3561,2023-01-01 00:00:00,SMX2V3_B03_S06D_mixed_upper025,S06_branch_mixed_upper025,12079,8.104975577448464,979
3,5.08878228930719,2023-03-31 23:59:59,115.26634686792157,15.266346867921566,3546,133,133,1.9320043873088055,6.14147770317382,15.305263921154143,5.062628858896957,4.062240305850793,0,113.03939598934274,115.30526392115415,2023_Q1_ONLY,exit_ts_filter_from_all_through_2026_single_run,100.0,3,1.7885980226559322,1539,2023-01-01 00:00:00,SMX2V3_B03_S06D_mixed_upper025,S06_branch_mixed_upper025,3854,7.991696938245978,308
3,3.6314338910711683,2023-06-30 23:59:59,110.8943016732135,10.894301673213501,1518,43,43,0.8654465138203893,4.210543433644602,10.895188834724179,4.011181040892126,2.672577198676777,0,109.93457080535721,110.89518883472418,2023_Q2_ONLY,exit_ts_filter_from_all_through_2026_single_run,100.0,3,2.3426456603385355,339,2023-04-01 00:00:00,SMX2V3_B03_S06D_mixed_upper025,S06_branch_mixed_upper025,1676,9.427207637231504,158
3,1.9980302386546025,2023-09-30 23:59:59,105.99409071596381,5.994090715963818,1901,150,150,1.9783700289289219,4.411629054287928,6.100783770871443,1.2167607272991887,0.36570093437669016,0,103.89713539280346,106.10078377087144,2023_Q3_ONLY,exit_ts_filter_from_all_through_2026_single_run,100.0,3,1.5350550012986246,519,2023-07-01 00:00:00,SMX2V3_B03_S06D_mixed_upper025,S06_branch_mixed_upper025,2064,7.897286821705427,163
3,6.405019307390911,2023-12-31 23:59:59,119.21505792217273,19.21505792217273,4135,26,26,1.0998294395113462,8.786990317810975,19.802552569641385,7.9558958837083225,2.472171720653435,0,117.90389561881416,119.80255256964139,2023_Q4_ONLY,exit_ts_filter_from_all_through_2026_single_run,100.0,3,1.775293596711582,1164,2023-10-01 00:00:00,SMX2V3_B03_S06D_mixed_upper025,S06_branch_mixed_upper025,4485,7.803790412486064,350
12,12.08747780653075,2024-12-31 23:59:59,245.049733678369,145.04973367836897,22415,197,197,1.8587885056378095,34.05733609252704,145.25318760826158,8.41512581602884,3.208675885201089,0,240.4947773956594,245.25318760826158,2024_FULL_ONLY,exit_ts_filter_from_all_through_2026_single_run,100.0,12,1.8868997651554382,10625,2024-01-01 00:00:00,SMX2V3_B03_S06D_mixed_upper025,S06_branch_mixed_upper025,24126,7.091934013097903,1711
3,10.381584385324581,2024-03-31 23:59:59,131.14475315597375,31.14475315597374,6344,88,88,1.3208105978690932,18.882067122602308,31.148949872008735,9.054010148170349,3.208675885201089,0,129.41257935774036,131.14894987200873,2024_Q1_ONLY,exit_ts_filter_from_all_through_2026_single_run,100.0,3,1.7963055119404896,2524,2024-01-01 00:00:00,SMX2V3_B03_S06D_mixed_upper025,S06_branch_mixed_upper025,6874,7.710212394530114,530
3,5.9955147892719465,2024-06-30 23:59:59,117.98654436781584,17.98654436781584,4653,197,197,1.3801264414711079,7.262421108668519,18.02618796572495,5.929510176162978,4.794613082984341,0,116.35818087161758,118.02618796572496,2024_Q2_ONLY,exit_ts_filter_from_all_through_2026_single_run,100.0,3,1.9664545175761046,2444,2024-04-01 00:00:00,SMX2V3_B03_S06D_mixed_upper025,S06_branch_mixed_upper025,4976,6.491157556270097,323
3,4.253310263468857,2024-09-30 23:59:59,112.75993079040657,12.759930790406582,4068,106,106,1.4291099573878419,4.629729917384537,12.760832877069594,4.325222750486475,3.804978122535559,0,111.14846739153725,112.76083287706959,2024_Q3_ONLY,exit_ts_filter_from_all_through_2026_single_run,100.0,3,1.811614667222575,1797,2024-07-01 00:00:00,SMX2V3_B03_S06D_mixed_upper025,S06_branch_mixed_upper025,4361,6.71864251318505,293
3,13.482717709282289,2024-12-31 23:59:59,140.44815312784687,40.448153127846865,7350,130,130,1.858788505637754,19.519670080229403,40.56476100279169,13.817142892335667,7.111340155281795,0,137.83751900112594,140.5647610027917,2024_Q4_ONLY,exit_ts_filter_from_all_through_2026_single_run,100.0,3,1.967775263027985,3860,2024-10-01 00:00:00,SMX2V3_B03_S06D_mixed_upper025,S06_branch_mixed_upper025,7915,7.138344914718889,565
75,318.0692356073439,2025-12-31 23:59:59,23955.192670550794,23855.192670550794,105802,326,326,5.705498104735285,7106.08316756473,23855.192670550794,13.958986878920953,-0.27241564147340114,5,22588.429606746835,23955.192670550794,TRAIN_2025_FULL,exit_ts_filter_from_all_through_2026_single_run,93.33333333333333,70,1.9856002566656688,48614,,SMX2V3_B03_S06D_mixed_upper025,S06_branch_mixed_upper025,114261,7.403225947611171,8459
12,134.9971104695672,2025-12-31 23:59:59,1719.9653256348063,1619.9653256348065,43604,326,326,5.705498104735374,510.21157781435375,1619.9653256348065,45.68674012251019,10.807768051992625,0,1621.832736578607,1719.9653256348063,2025_FULL_ONLY,exit_ts_filter_from_all_through_2026_single_run,100.0,12,2.0712410417492926,25036,2025-01-01 00:00:00,SMX2V3_B03_S06D_mixed_upper025,S06_branch_mixed_upper025,47282,7.7788587623196985,3678
72,96.11707955331812,2025-09-30 23:59:59,7020.429727838905,6920.429727838905,90160,326,326,5.705498104735285,1739.210404546032,6922.696179438513,12.16818999310118,-0.27241564147340114,5,6619.879242772784,7022.696179438513,PREQ4_ALL_BEFORE_2025_10_01,exit_ts_filter_from_all_through_2026_single_run,93.05555555555556,67,1.93163918700701,38940,,SMX2V3_B03_S06D_mixed_upper025,S06_branch_mixed_upper025,97258,7.298114293939831,7098
3,20.824628699566166,2025-03-31 23:59:59,162.4738860986985,62.47388609869851,8296,326,326,5.705498104735374,26.955379388776464,62.5848217714752,24.71073865792941,10.807768051992625,0,153.20394160664736,162.5848217714752,2025_Q1_ONLY,exit_ts_filter_from_all_through_2026_single_run,100.0,3,2.096065877523235,5147,2025-01-01 00:00:00,SMX2V3_B03_S06D_mixed_upper025,S06_branch_mixed_upper025,8987,7.688883943473907,691
3,20.42675812081391,2025-06-30 23:59:59,161.28027436244173,61.28027436244172,9254,293,293,2.9173426313855333,24.990789376178498,62.13739408286185,19.62009581352922,16.669389172734014,0,156.57517616245065,162.13739408286185,2025_Q2_ONLY,exit_ts_filter_from_all_through_2026_single_run,100.0,3,1.9359574846319199,5159,2025-04-01 00:00:00,SMX2V3_B03_S06D_mixed_upper025,S06_branch_mixed_upper025,9987,7.339541403824973,733
3,30.78727640760609,2025-09-30 23:59:59,192.36182922281827,92.36182922281829,10412,247,247,3.221603463837941,47.6548741019615,92.42393065997345,25.331937076448767,19.37501804440801,0,186.16469386947395,192.42393065997345,2025_Q3_ONLY,exit_ts_filter_from_all_through_2026_single_run,100.0,3,1.9264102688527238,5056,2025-07-01 00:00:00,SMX2V3_B03_S06D_mixed_upper025,S06_branch_mixed_upper025,11305,7.899159663865546,893
3,80.40705768365603,2025-12-31 23:59:59,341.2211730509681,241.22117305096808,15642,197,197,2.8286881487265325,101.22005978332268,241.22117305096808,95.26108818138277,44.74002508626265,0,331.5690901679297,341.2211730509681,2025_Q4_ONLY,exit_ts_filter_from_all_through_2026_single_run,100.0,3,2.2318394420780496,9674,2025-10-01 00:00:00,SMX2V3_B03_S06D_mixed_upper025,S06_branch_mixed_upper025,17003,8.004469799447156,1361
1,7.998288404703629,2026-12-31 23:59:59,107.99828840470363,7.998288404703624,1556,42,42,2.010267680394462,7.998288404703629,8.026409608788754,7.998288404703629,7.998288404703629,0,105.82723371752466,108.02640960878875,2026_FULL_ONLY,exit_ts_filter_from_all_through_2026_single_run,100.0,1,1.8152253181026134,829,2026-01-01 00:00:00,SMX2V3_B03_S06D_mixed_upper025,S06_branch_mixed_upper025,1722,9.639953542392567,166
1,7.998288404703629,2026-03-31 23:59:59,107.99828840470363,7.998288404703624,1556,42,42,2.010267680394462,7.998288404703629,8.026409608788754,7.998288404703629,7.998288404703629,0,105.82723371752466,108.02640960878875,2026_Q1_ONLY,exit_ts_filter_from_all_through_2026_single_run,100.0,1,1.8152253181026134,829,2026-01-01 00:00:00,SMX2V3_B03_S06D_mixed_upper025,S06_branch_mixed_upper025,1722,9.639953542392567,166
0,0.0,2026-06-30 23:59:59,100.0,0.0,0,0,0,0.0,0.0,0.0,0.0,0.0,0,100.0,100.0,2026_Q2_ONLY,exit_ts_filter_from_all_through_2026_single_run,0.0,0,0.0,0,2026-04-01 00:00:00,SMX2V3_B03_S06D_mixed_upper025,S06_branch_mixed_upper025,0,0.0,0
0,0.0,2026-09-30 23:59:59,100.0,0.0,0,0,0,0.0,0.0,0.0,0.0,0.0,0,100.0,100.0,2026_Q3_ONLY,exit_ts_filter_from_all_through_2026_single_run,0.0,0,0.0,0,2026-07-01 00:00:00,SMX2V3_B03_S06D_mixed_upper025,S06_branch_mixed_upper025,0,0.0,0
0,0.0,2026-12-31 23:59:59,100.0,0.0,0,0,0,0.0,0.0,0.0,0.0,0.0,0,100.0,100.0,2026_Q4_ONLY,exit_ts_filter_from_all_through_2026_single_run,0.0,0,0.0,0,2026-10-01 00:00:00,SMX2V3_B03_S06D_mixed_upper025,S06_branch_mixed_upper025,0,0.0,0
76,338.7565087406114,2026-12-31 23:59:59,25845.494664286467,25745.494664286467,107096,326,326,5.6779258315584835,7068.030023897174,25752.224460108886,14.192290734213564,-0.29910674132739246,5,24378.006646448877,25852.224460108886,ALL_TO_2026_END,exit_ts_filter_from_all_through_2026_single_run,93.42105263157895,71,1.983933245686821,49245,,SMX2V3_B03_S06E_mixed_red_rsi,S06_branch_mixed_plus_red_rsi,115709,7.443673352980322,8613
12,5.080102445644357,2023-12-31 23:59:59,160.96122934773229,60.96122934773229,11082,150,150,1.9783700289287887,11.89211476544537,61.75445012319438,4.6990303424605315,0.46673050636306357,0,157.7768206281214,161.75445012319437,2023_FULL_ONLY,exit_ts_filter_from_all_through_2026_single_run,100.0,12,1.8047805177309935,3548,2023-01-01 00:00:00,SMX2V3_B03_S06E_mixed_red_rsi,S06_branch_mixed_plus_red_rsi,12055,8.071339693073414,973
3,5.0440937144745135,2023-03-31 23:59:59,115.13228114342354,15.132281143423532,3539,132,132,1.9288661486847825,6.134864182087597,15.171152932421773,4.934569945205681,4.062847016130263,0,112.91153354623945,115.17115293242176,2023_Q1_ONLY,exit_ts_filter_from_all_through_2026_single_run,100.0,3,1.7832797635174062,1537,2023-01-01 00:00:00,SMX2V3_B03_S06E_mixed_red_rsi,S06_branch_mixed_plus_red_rsi,3845,7.958387516254876,306
3,3.611811929539158,2023-06-30 23:59:59,110.83543578861747,10.835435788617476,1516,43,43,0.8646534310479459,4.21137712466161,10.836322479197303,3.9514600844905345,2.6725985794653297,0,109.87709339025426,110.8363224791973,2023_Q2_ONLY,exit_ts_filter_from_all_through_2026_single_run,100.0,3,2.3392695648740447,339,2023-04-01 00:00:00,SMX2V3_B03_S06E_mixed_red_rsi,S06_branch_mixed_plus_red_rsi,1673,9.384339509862523,157
3,2.0164894977916012,2023-09-30 23:59:59,106.0494684933748,6.049468493374799,1897,150,150,1.9783700289289774,4.451948165004765,6.155368041502984,1.2317651821896618,0.3657551461803763,0,103.9514175928634,106.15536804150298,2023_Q3_ONLY,exit_ts_filter_from_all_through_2026_single_run,100.0,3,1.5424371919391624,516,2023-07-01 00:00:00,SMX2V3_B03_S06E_mixed_red_rsi,S06_branch_mixed_plus_red_rsi,2060,7.9126213592233015,163
3,6.314164737674929,2023-12-31 23:59:59,118.94249421302479,18.942494213024787,4130,26,26,1.077651545491043,8.787692523233801,19.528645660037025,7.824949078048732,2.329852611742254,0,117.66070858589254,119.52864566003703,2023_Q4_ONLY,exit_ts_filter_from_all_through_2026_single_run,100.0,3,1.7661340849198348,1156,2023-10-01 00:00:00,SMX2V3_B03_S06E_mixed_red_rsi,S06_branch_mixed_plus_red_rsi,4477,7.750725932544114,347
12,12.034294998591646,2024-12-31 23:59:59,244.41153998309974,144.41153998309971,22352,197,197,1.8580033696647291,33.97555882105402,144.61250713334834,8.368849623378395,3.207793771535634,0,239.87036533436427,244.61250713334834,2024_FULL_ONLY,exit_ts_filter_from_all_through_2026_single_run,100.0,12,1.8854044920319055,10570,2024-01-01 00:00:00,SMX2V3_B03_S06E_mixed_red_rsi,S06_branch_mixed_plus_red_rsi,24060,7.098919368246051,1708
3,10.364885384174224,2024-03-31 23:59:59,131.09465615252267,31.09465615252267,6330,88,88,1.3198595863131768,18.86283283418682,31.098851265421466,9.024029546800222,3.207793771535634,0,129.3643907661493,131.09885126542147,2024_Q1_ONLY,exit_ts_filter_from_all_through_2026_single_run,100.0,3,1.7953357696154917,2510,2024-01-01 00:00:00,SMX2V3_B03_S06E_mixed_red_rsi,S06_branch_mixed_plus_red_rsi,6860,7.725947521865889,530
3,5.915443013687593,2024-06-30 23:59:59,117.74632904106278,17.74632904106277,4632,197,197,1.3570928891192824,7.20501780216442,17.785891926379847,5.884045869103247,4.6572653697951125,0,116.14840198244751,117.78589192637985,2024_Q2_ONLY,exit_ts_filter_from_all_through_2026_single_run,100.0,3,1.954136214708087,2427,2024-04-01 00:00:00,SMX2V3_B03_S06E_mixed_red_rsi,S06_branch_mixed_plus_red_rsi,4953,6.480920654149,321
3,4.234038584986034,2024-09-30 23:59:59,112.7021157549581,12.702115754958099,4062,106,106,1.4283213839589748,4.504262609084904,12.703017379097137,4.370240823272766,3.82761232260043,0,111.09236733545583,112.70301737909713,2024_Q3_ONLY,exit_ts_filter_from_all_through_2026_single_run,100.0,3,1.8118363133677429,1799,2024-07-01 00:00:00,SMX2V3_B03_S06E_mixed_red_rsi,S06_branch_mixed_plus_red_rsi,4354,6.706476802939826,292
3,13.497945649858215,2024-12-31 23:59:59,140.49383694957464,40.49383694957464,7328,128,128,1.8580033696646847,19.529996912608212,40.60935786990933,13.94611680585595,7.01772323111048,0,137.88345672488035,140.60935786990933,2024_Q4_ONLY,exit_ts_filter_from_all_through_2026_single_run,100.0,3,1.970289172518363,3834,2024-10-01 00:00:00,SMX2V3_B03_S06E_mixed_red_rsi,S06_branch_mixed_plus_red_rsi,7893,7.158241479792221,565
75,317.9752207822708,2025-12-31 23:59:59,23948.14155867031,23848.14155867031,105538,326,326,5.6779258315584835,7068.030023897174,23848.14155867031,14.008702227023363,-0.29910674132739246,5,22588.383842932377,23948.14155867031,TRAIN_2025_FULL,exit_ts_filter_from_all_through_2026_single_run,93.33333333333333,70,1.9868919476731117,48416,,SMX2V3_B03_S06E_mixed_red_rsi,S06_branch_mixed_plus_red_rsi,113986,7.411436492200798,8448
12,135.03183083571585,2025-12-31 23:59:59,1720.3819700285903,1620.3819700285906,43508,326,326,5.67792583155875,507.7517763515606,1620.3819700285906,45.41333325666105,10.8931708260682,0,1622.6999577508577,1720.3819700285903,2025_FULL_ONLY,exit_ts_filter_from_all_through_2026_single_run,100.0,12,2.0724743006918707,24947,2025-01-01 00:00:00,SMX2V3_B03_S06E_mixed_red_rsi,S06_branch_mixed_plus_red_rsi,47180,7.782958880881729,3672
72,95.96241962666468,2025-09-30 23:59:59,7009.294213119857,6909.294213119857,89936,326,326,5.6779258315584835,1732.9047602104174,6911.557069767857,11.897658886224363,-0.29910674132739246,5,6611.311686383191,7011.557069767856,PREQ4_ALL_BEFORE_2025_10_01,exit_ts_filter_from_all_through_2026_single_run,93.05555555555556,67,1.9327002476628241,38769,,SMX2V3_B03_S06E_mixed_red_rsi,S06_branch_mixed_plus_red_rsi,97024,7.305408970976253,7088
3,20.790208104650265,2025-03-31 23:59:59,162.3706243139508,62.3706243139508,8273,326,326,5.67792583155875,26.996046731914475,62.48148948053214,24.481406755968123,10.8931708260682,0,153.15134069316576,162.48148948053213,2025_Q1_ONLY,exit_ts_filter_from_all_through_2026_single_run,100.0,3,2.0976858634223334,5120,2025-01-01 00:00:00,SMX2V3_B03_S06E_mixed_red_rsi,S06_branch_mixed_plus_red_rsi,8962,7.688016067841999,689
3,20.545682464516243,2025-06-30 23:59:59,161.63704739354873,61.63704739354871,9236,293,293,2.914235924215791,25.113398398487348,62.49606317473555,19.6657695956807,16.85787939938068,0,156.92656249156423,162.49606317473555,2025_Q2_ONLY,exit_ts_filter_from_all_through_2026_single_run,100.0,3,1.9405954418061035,5141,2025-04-01 00:00:00,SMX2V3_B03_S06E_mixed_red_rsi,S06_branch_mixed_plus_red_rsi,9970,7.362086258776329,734
3,30.61919689404858,2025-09-30 23:59:59,191.85759068214574,91.85759068214574,10397,247,247,3.202333733140328,47.43286871212874,91.91952933264946,25.35454547091041,19.070176499106594,0,185.7136703361411,191.91952933264946,2025_Q3_ONLY,exit_ts_filter_from_all_through_2026_single_run,100.0,3,1.9236757775867366,5039,2025-07-01 00:00:00,SMX2V3_B03_S06E_mixed_red_rsi,S06_branch_mixed_plus_red_rsi,11286,7.877015771752614,889
3,80.5542223915816,2025-12-31 23:59:59,341.6626671747448,241.6626671747448,15602,196,196,2.822468960879365,100.83797040032115,241.6626671747448,95.78904860733232,45.035648167091324,0,332.01934444282506,341.6626671747448,2025_Q4_ONLY,exit_ts_filter_from_all_through_2026_single_run,100.0,3,2.2339803912026786,9647,2025-10-01 00:00:00,SMX2V3_B03_S06E_mixed_red_rsi,S06_branch_mixed_plus_red_rsi,16962,8.017922414809574,1360
1,7.922757183340835,2026-12-31 23:59:59,107.92275718334083,7.922757183340834,1558,42,42,2.010267680394462,7.922757183340835,7.950858720180087,7.922757183340835,7.922757183340835,0,105.75322087589353,107.95085872018008,2026_FULL_ONLY,exit_ts_filter_from_all_through_2026_single_run,100.0,1,1.8093596525919504,829,2026-01-01 00:00:00,SMX2V3_B03_S06E_mixed_red_rsi,S06_branch_mixed_plus_red_rsi,1723,9.576320371445155,165
1,7.922757183340835,2026-03-31 23:59:59,107.92275718334083,7.922757183340834,1558,42,42,2.010267680394462,7.922757183340835,7.950858720180087,7.922757183340835,7.922757183340835,0,105.75322087589353,107.95085872018008,2026_Q1_ONLY,exit_ts_filter_from_all_through_2026_single_run,100.0,1,1.8093596525919504,829,2026-01-01 00:00:00,SMX2V3_B03_S06E_mixed_red_rsi,S06_branch_mixed_plus_red_rsi,1723,9.576320371445155,165
0,0.0,2026-06-30 23:59:59,100.0,0.0,0,0,0,0.0,0.0,0.0,0.0,0.0,0,100.0,100.0,2026_Q2_ONLY,exit_ts_filter_from_all_through_2026_single_run,0.0,0,0.0,0,2026-04-01 00:00:00,SMX2V3_B03_S06E_mixed_red_rsi,S06_branch_mixed_plus_red_rsi,0,0.0,0
0,0.0,2026-09-30 23:59:59,100.0,0.0,0,0,0,0.0,0.0,0.0,0.0,0.0,0,100.0,100.0,2026_Q3_ONLY,exit_ts_filter_from_all_through_2026_single_run,0.0,0,0.0,0,2026-07-01 00:00:00,SMX2V3_B03_S06E_mixed_red_rsi,S06_branch_mixed_plus_red_rsi,0,0.0,0
0,0.0,2026-12-31 23:59:59,100.0,0.0,0,0,0,0.0,0.0,0.0,0.0,0.0,0,100.0,100.0,2026_Q4_ONLY,exit_ts_filter_from_all_through_2026_single_run,0.0,0,0.0,0,2026-10-01 00:00:00,SMX2V3_B03_S06E_mixed_red_rsi,S06_branch_mixed_plus_red_rsi,0,0.0,0
