{
  "load_sec": 177.06989999999993,
  "feature_sec": 63.27509999999998,
  "backtest_sec": 711.6547,
  "wall_sec": 998.149
}