active_months,avg_month_pnl,end,final_asset,final_return_pct,losses,max_conc,max_conc_unique_symbols,max_drawdown_pct,max_month_pnl,max_return_pct,median_month_pnl,min_month_pnl,negative_months,official_cd_value,peak_asset,period,period_calc_mode,positive_month_ratio_pct,positive_months,profit_factor,same_bar_trades,start,strategy,tag,trades,win_rate_pct,wins
76,275.8524637197848,2026-12-31 23:59:59,21064.787242703645,20964.787242703645,98284,325,325,5.655961392725716,5644.852881522234,20970.272210936124,13.085974936278937,-0.45140028877325733,5,19873.371008796516,21070.272210936124,ALL_TO_2026_END,exit_ts_filter_from_all_through_2026_single_run,93.42105263157895,71,2.0010696725618833,43108,,RETEST_SMX2V2_C08_EX20_02_N02_stop257_rr5075,gate_retest_N02_parent,106337,7.573093090833859,8053
12,4.780795797526349,2023-12-31 23:59:59,157.3695495703162,57.369549570316195,10256,150,150,1.9196538272639452,10.96666045671111,58.29246731921967,4.439856929381492,0.4667619614367453,0,154.3485989890416,158.29246731921967,2023_FULL_ONLY,exit_ts_filter_from_all_through_2026_single_run,100.0,12,1.8104104100927836,3100,2023-01-01 00:00:00,RETEST_SMX2V2_C08_EX20_02_N02_stop257_rr5075,gate_retest_N02_parent,11167,8.157965433867647,911
3,4.75371333833498,2023-03-31 23:59:59,114.26114001500494,14.261140015004937,3235,124,124,1.7267029478542528,5.843324104307385,14.374294659790365,4.389119206777778,4.028696703919778,0,112.28818954211397,114.37429465979037,2023_Q1_ONLY,exit_ts_filter_from_all_through_2026_single_run,100.0,3,1.78472930172568,1340,2023-01-01 00:00:00,RETEST_SMX2V2_C08_EX20_02_N02_stop257_rr5075,gate_retest_N02_parent,3518,8.044343376918704,283
3,3.4473085928132483,2023-06-30 23:59:59,110.34192577843974,10.341925778439753,1388,40,40,0.7407560159741089,3.950831673123446,10.342808520907898,3.930115393033489,2.4609787122828095,0,109.52456132509427,110.34280852090791,2023_Q2_ONLY,exit_ts_filter_from_all_through_2026_single_run,100.0,3,2.403259419201113,277,2023-04-01 00:00:00,RETEST_SMX2V2_C08_EX20_02_N02_stop257_rr5075,gate_retest_N02_parent,1536,9.635416666666668,148
3,2.0425593832116817,2023-09-30 23:59:59,106.12767814963505,6.127678149635041,1791,150,150,1.9196538272638342,4.498032077096482,6.207971468945095,1.2594290838339788,0.3702169887045841,0,104.09039411424934,106.20797146894509,2023_Q3_ONLY,exit_ts_filter_from_all_through_2026_single_run,100.0,3,1.5715179509420578,481,2023-07-01 00:00:00,RETEST_SMX2V2_C08_EX20_02_N02_stop257_rr5075,gate_retest_N02_parent,1944,7.87037037037037,153
3,5.870783247873547,2023-12-31 23:59:59,117.61234974362064,17.612349743620648,3842,25,25,1.102387443509767,8.196088180184503,18.30210532444947,6.850323725352766,2.5659378380833715,0,116.31580596803018,118.30210532444947,2023_Q4_ONLY,exit_ts_filter_from_all_through_2026_single_run,100.0,3,1.7531784634271128,1002,2023-10-01 00:00:00,RETEST_SMX2V2_C08_EX20_02_N02_stop257_rr5075,gate_retest_N02_parent,4169,7.843607579755337,327
12,11.278697830407266,2024-12-31 23:59:59,235.34437396488718,135.34437396488718,20056,183,183,1.8229859178414132,30.573574088771522,135.48015765982697,8.146324459091772,3.268387832723647,0,231.05407916907527,235.48015765982697,2024_FULL_ONLY,exit_ts_filter_from_all_through_2026_single_run,100.0,12,1.9165598413737563,8925,2024-01-01 00:00:00,RETEST_SMX2V2_C08_EX20_02_N02_stop257_rr5075,gate_retest_N02_parent,21637,7.306927947497342,1581
3,9.695963286327753,2024-03-31 23:59:59,129.08788985898326,29.087889858983253,5845,81,81,1.231623739846066,16.98963754569911,29.09202075407631,8.829864480560502,3.268387832723647,0,127.49801276221366,129.09202075407632,2024_Q1_ONLY,exit_ts_filter_from_all_through_2026_single_run,100.0,3,1.792034664955455,2193,2024-01-01 00:00:00,RETEST_SMX2V2_C08_EX20_02_N02_stop257_rr5075,gate_retest_N02_parent,6343,7.8511745230963275,498
3,5.993468247397743,2024-06-30 23:59:59,117.98040474219323,17.980404742193222,4094,183,183,1.1906419005760394,7.274401179969047,18.019102116811748,5.781165410461881,4.924838151762302,0,116.57568060886346,118.01910211681174,2024_Q2_ONLY,exit_ts_filter_from_all_through_2026_single_run,100.0,3,2.0936208146142437,2015,2024-04-01 00:00:00,RETEST_SMX2V2_C08_EX20_02_N02_stop257_rr5075,gate_retest_N02_parent,4390,6.74259681093394,296
3,3.6770739598042184,2024-09-30 23:59:59,111.03122187941266,11.031221879412655,3608,98,98,1.2932521833461497,3.7227178779799033,11.032110136293749,3.6860655989847118,3.62243840244804,0,109.59530817826123,111.03211013629375,2024_Q3_ONLY,exit_ts_filter_from_all_through_2026_single_run,100.0,3,1.7703196445045821,1519,2024-07-01 00:00:00,RETEST_SMX2V2_C08_EX20_02_N02_stop257_rr5075,gate_retest_N02_parent,3868,6.721820062047571,260
3,13.05855639679524,2024-12-31 23:59:59,139.17566919038572,39.17566919038571,6509,96,96,1.822985917841402,18.08030318150486,39.25596763257926,14.178949993472244,6.916416015408615,0,136.63851633998343,139.25596763257926,2024_Q4_ONLY,exit_ts_filter_from_all_through_2026_single_run,100.0,3,2.0191091015555007,3198,2024-10-01 00:00:00,RETEST_SMX2V2_C08_EX20_02_N02_stop257_rr5075,gate_retest_N02_parent,7036,7.490051165434906,527
75,256.92846035733015,2025-12-31 23:59:59,19369.63452679976,19269.63452679976,96843,325,325,5.655961392725716,5644.852881522234,19269.63452679976,12.992945222159108,-0.45140028877325733,5,18274.095476051894,19369.63452679976,TRAIN_2025_FULL,exit_ts_filter_from_all_through_2026_single_run,93.33333333333333,70,2.002195594712407,42379,,RETEST_SMX2V2_C08_EX20_02_N02_stop257_rr5075,gate_retest_N02_parent,104735,7.535207905666683,7892
12,126.80315327528704,2025-12-31 23:59:59,1621.6378393034445,1521.6378393034447,40297,325,325,5.655961392725562,472.590591077612,1521.6378393034447,43.90901993886459,10.19102886421868,0,1529.918629182613,1621.6378393034445,2025_FULL_ONLY,exit_ts_filter_from_all_through_2026_single_run,100.0,12,2.0961320716803242,22314,2025-01-01 00:00:00,RETEST_SMX2V2_C08_EX20_02_N02_stop257_rr5075,gate_retest_N02_parent,43779,7.953585052193975,3482
72,77.54197514196474,2025-09-30 23:59:59,5683.022210221461,5583.022210221461,82299,325,325,5.655961392725716,1339.2922618945095,5584.85689773751,10.411488882855139,-0.45140028877325733,5,5361.592668071308,5684.85689773751,PREQ4_ALL_BEFORE_2025_10_01,exit_ts_filter_from_all_through_2026_single_run,93.05555555555556,67,1.938861328172264,33632,,RETEST_SMX2V2_C08_EX20_02_N02_stop257_rr5075,gate_retest_N02_parent,88881,7.405407229891653,6582
3,20.551287718314125,2025-03-31 23:59:59,161.65386315494237,61.65386315494237,7541,325,325,5.655961392725562,28.196825084967344,61.71894335191019,23.266009205756347,10.19102886421868,0,152.51078306504942,161.71894335191018,2025_Q1_ONLY,exit_ts_filter_from_all_through_2026_single_run,100.0,3,2.1441291149849673,4473,2025-01-01 00:00:00,RETEST_SMX2V2_C08_EX20_02_N02_stop257_rr5075,gate_retest_N02_parent,8200,8.036585365853659,659
3,18.94246673570125,2025-06-30 23:59:59,156.82740020710375,56.82740020710375,8565,267,267,2.8716572165903953,23.69083604411405,57.52048686359075,17.95563072222788,15.18093344076182,0,152.32385485146537,157.52048686359075,2025_Q2_ONLY,exit_ts_filter_from_all_through_2026_single_run,100.0,3,1.918150907102746,4600,2025-04-01 00:00:00,RETEST_SMX2V2_C08_EX20_02_N02_stop257_rr5075,gate_retest_N02_parent,9249,7.395394096659098,684
3,29.22461702927647,2025-09-30 23:59:59,187.6738510878294,87.67385108782942,9647,213,213,2.9551971699104063,44.22825166331282,87.73443907410552,23.912084676145525,19.53351474837106,0,182.12771875182003,187.73443907410552,2025_Q3_ONLY,exit_ts_filter_from_all_through_2026_single_run,100.0,3,1.926353459278258,4494,2025-07-01 00:00:00,RETEST_SMX2V2_C08_EX20_02_N02_stop257_rr5075,gate_retest_N02_parent,10476,7.913325696830851,829
3,80.27778067311708,2025-12-31 23:59:59,340.8333420193512,240.83334201935122,14544,169,169,2.695765039992326,99.3283621410011,240.83334201935122,95.89150504099999,45.61347483735014,0,331.6452759405561,340.8333420193512,2025_Q4_ONLY,exit_ts_filter_from_all_through_2026_single_run,100.0,3,2.2872799743598566,8747,2025-10-01 00:00:00,RETEST_SMX2V2_C08_EX20_02_N02_stop257_rr5075,gate_retest_N02_parent,15854,8.262898952945628,1310
1,8.751598867591213,2026-12-31 23:59:59,108.75159886759121,8.751598867591204,1441,43,43,1.9026002459188396,8.751598867591213,8.77991622290779,8.751598867591213,8.751598867591213,0,106.68249068009575,108.77991622290779,2026_FULL_ONLY,exit_ts_filter_from_all_through_2026_single_run,100.0,1,1.935034433075917,729,2026-01-01 00:00:00,RETEST_SMX2V2_C08_EX20_02_N02_stop257_rr5075,gate_retest_N02_parent,1602,10.049937578027466,161
1,8.751598867591213,2026-03-31 23:59:59,108.75159886759121,8.751598867591204,1441,43,43,1.9026002459188396,8.751598867591213,8.77991622290779,8.751598867591213,8.751598867591213,0,106.68249068009575,108.77991622290779,2026_Q1_ONLY,exit_ts_filter_from_all_through_2026_single_run,100.0,1,1.935034433075917,729,2026-01-01 00:00:00,RETEST_SMX2V2_C08_EX20_02_N02_stop257_rr5075,gate_retest_N02_parent,1602,10.049937578027466,161
0,0.0,2026-06-30 23:59:59,100.0,0.0,0,0,0,0.0,0.0,0.0,0.0,0.0,0,100.0,100.0,2026_Q2_ONLY,exit_ts_filter_from_all_through_2026_single_run,0.0,0,0.0,0,2026-04-01 00:00:00,RETEST_SMX2V2_C08_EX20_02_N02_stop257_rr5075,gate_retest_N02_parent,0,0.0,0
0,0.0,2026-09-30 23:59:59,100.0,0.0,0,0,0,0.0,0.0,0.0,0.0,0.0,0,100.0,100.0,2026_Q3_ONLY,exit_ts_filter_from_all_through_2026_single_run,0.0,0,0.0,0,2026-07-01 00:00:00,RETEST_SMX2V2_C08_EX20_02_N02_stop257_rr5075,gate_retest_N02_parent,0,0.0,0
0,0.0,2026-12-31 23:59:59,100.0,0.0,0,0,0,0.0,0.0,0.0,0.0,0.0,0,100.0,100.0,2026_Q4_ONLY,exit_ts_filter_from_all_through_2026_single_run,0.0,0,0.0,0,2026-10-01 00:00:00,RETEST_SMX2V2_C08_EX20_02_N02_stop257_rr5075,gate_retest_N02_parent,0,0.0,0
76,340.63365872208175,2026-12-31 23:59:59,25988.158062878214,25888.158062878218,106985,326,326,5.703235000480511,7126.1787858662865,25894.92500620183,14.130755852726324,-0.2903800887941941,5,24505.99233625595,25994.92500620183,ALL_TO_2026_END,exit_ts_filter_from_all_through_2026_single_run,93.42105263157895,71,1.9848071041189899,49173,,RETEST_SMX2V3_B04_M01_S02D_plus_upper020,anchor_M01_v4_current,115610,7.460427298676585,8625
12,5.115849524687749,2023-12-31 23:59:59,161.390194296253,61.390194296252986,11070,150,150,1.9771055940383087,11.921598479722462,62.185529021207685,4.703303380781485,0.4697663033791457,0,158.19933973659246,162.18552902120769,2023_FULL_ONLY,exit_ts_filter_from_all_through_2026_single_run,100.0,12,1.808360711363227,3537,2023-01-01 00:00:00,RETEST_SMX2V3_B04_M01_S02D_plus_upper020,anchor_M01_v4_current,12046,8.102274613979745,976
3,5.074920519346662,2023-03-31 23:59:59,115.22476155803999,15.22476155803998,3535,133,133,1.9265124038125525,6.142229640584446,15.263664570941039,5.014642873696189,4.067889043759351,0,113.0049422343609,115.26366457094105,2023_Q1_ONLY,exit_ts_filter_from_all_through_2026_single_run,100.0,3,1.786981850177329,1532,2023-01-01 00:00:00,RETEST_SMX2V3_B04_M01_S02D_plus_upper020,anchor_M01_v4_current,3842,7.990629880270693,307
3,3.6121074930657358,2023-06-30 23:59:59,110.83632247919721,10.836322479197214,1515,43,43,0.8654465138205114,4.212210822348183,10.837209176870633,3.9514916964239006,2.6726199604251235,0,109.87709339025413,110.83720917687063,2023_Q2_ONLY,exit_ts_filter_from_all_through_2026_single_run,100.0,3,2.3395127451921103,337,2023-04-01 00:00:00,RETEST_SMX2V3_B04_M01_S02D_plus_upper020,anchor_M01_v4_current,1672,9.389952153110048,157
3,2.006610360638002,2023-09-30 23:59:59,106.019831081914,6.0198310819139955,1891,150,150,1.9771055940384086,4.4319956038187485,6.12503401466058,1.2199997284222803,0.3678357496729774,0,103.9237070708034,106.12503401466059,2023_Q3_ONLY,exit_ts_filter_from_all_through_2026_single_run,100.0,3,1.5384780930352167,512,2023-07-01 00:00:00,RETEST_SMX2V3_B04_M01_S02D_plus_upper020,anchor_M01_v4_current,2054,7.935735150925025,163
3,6.398705943540269,2023-12-31 23:59:59,119.1961178306208,19.196117830620807,4129,26,26,1.0998294395115238,8.804799221630432,19.783519140866822,7.86112525690281,2.530193352087565,0,117.88516383596479,119.78351914086683,2023_Q4_ONLY,exit_ts_filter_from_all_through_2026_single_run,100.0,3,1.7747579785475958,1156,2023-10-01 00:00:00,RETEST_SMX2V3_B04_M01_S02D_plus_upper020,anchor_M01_v4_current,4478,7.793657882983475,349
12,12.11878023708664,2024-12-31 23:59:59,245.42536284503967,145.42536284503967,22329,197,197,1.8269160985862842,34.38228634366902,145.62716361014716,8.400110067856438,3.2101317805082488,0,240.94164738120983,245.62716361014716,2024_FULL_ONLY,exit_ts_filter_from_all_through_2026_single_run,100.0,12,1.8904940587276715,10562,2024-01-01 00:00:00,RETEST_SMX2V3_B04_M01_S02D_plus_upper020,anchor_M01_v4_current,24041,7.121168004658708,1712
3,10.437732059127597,2024-03-31 23:59:59,131.3131961773828,31.313196177382796,6327,87,87,1.3192317118920882,18.99957239784534,31.317398283702257,9.103491999029202,3.2101317805082488,0,129.5808708515117,131.31739828370226,2024_Q1_ONLY,exit_ts_filter_from_all_through_2026_single_run,100.0,3,1.8003866853096624,2508,2024-01-01 00:00:00,RETEST_SMX2V3_B04_M01_S02D_plus_upper020,anchor_M01_v4_current,6859,7.756232686980609,532
3,5.957571029451334,2024-06-30 23:59:59,117.872713088354,17.872713088354008,4627,197,197,1.3563037395494026,7.214521923049418,17.912318438838405,5.8613516087801685,4.796839556524418,0,116.27400107282833,117.91231843883841,2024_Q2_ONLY,exit_ts_filter_from_all_through_2026_single_run,100.0,3,1.9641021507458674,2428,2024-04-01 00:00:00,RETEST_SMX2V3_B04_M01_S02D_plus_upper020,anchor_M01_v4_current,4949,6.506364922206506,322
3,4.271936196637185,2024-09-30 23:59:59,112.81580858991155,12.815808589911558,4057,106,106,1.4275328042212987,4.636124995410455,12.816711123600545,4.37107579187915,3.8086078026219496,0,111.20532591394306,112.81671112360054,2024_Q3_ONLY,exit_ts_filter_from_all_through_2026_single_run,100.0,3,1.8176912789654793,1794,2024-07-01 00:00:00,RETEST_SMX2V3_B04_M01_S02D_plus_upper020,anchor_M01_v4_current,4350,6.735632183908045,293
3,13.516340799131854,2024-12-31 23:59:59,140.54902239739556,40.549022397395554,7318,127,127,1.8269160985863175,19.6898832189614,40.66458869391085,13.84227208910957,7.016867089324592,0,137.98130968081185,140.66458869391084,2024_Q4_ONLY,exit_ts_filter_from_all_through_2026_single_run,100.0,3,1.9730051483133801,3832,2024-10-01 00:00:00,RETEST_SMX2V3_B04_M01_S02D_plus_upper020,anchor_M01_v4_current,7883,7.167322085500444,565
75,319.5132090426269,2025-12-31 23:59:59,24063.490678197017,23963.490678197017,105429,326,326,5.703235000480511,7126.1787858662865,23963.490678197017,13.954863959897551,-0.2903800887941941,5,22691.09325550072,24063.490678197017,TRAIN_2025_FULL,exit_ts_filter_from_all_through_2026_single_run,93.33333333333333,70,1.987686470447645,48345,,RETEST_SMX2V3_B04_M01_S02D_plus_upper020,anchor_M01_v4_current,113888,7.427472604664231,8459
12,135.61677927619849,2025-12-31 23:59:59,1727.4013513143818,1627.4013513143818,43454,326,326,5.703235000480278,511.5538318622532,1627.4013513143818,46.220751892350236,11.007702857999377,0,1628.8835928474507,1727.4013513143818,2025_FULL_ONLY,exit_ts_filter_from_all_through_2026_single_run,100.0,12,2.073767395439081,24907,2025-01-01 00:00:00,RETEST_SMX2V3_B04_M01_S02D_plus_upper020,anchor_M01_v4_current,47132,7.803615378087074,3678
72,96.08719836901507,2025-09-30 23:59:59,7018.278282569085,6918.278282569085,89842,326,326,5.703235000480511,1717.1819169697774,6920.544039603436,11.851545885735959,-0.2903800887941941,5,6618.009379126483,7020.544039603436,PREQ4_ALL_BEFORE_2025_10_01,exit_ts_filter_from_all_through_2026_single_run,93.05555555555556,67,1.9329509938402882,38696,,RETEST_SMX2V3_B04_M01_S02D_plus_upper020,anchor_M01_v4_current,96936,7.318230585128332,7094
3,20.85166257086081,2025-03-31 23:59:59,162.55498771258243,62.55498771258243,8263,326,326,5.703235000480278,27.023033189166853,62.66597876079405,24.5242516654162,11.007702857999377,0,153.28409475833203,162.66597876079405,2025_Q1_ONLY,exit_ts_filter_from_all_through_2026_single_run,100.0,3,2.098530948836961,5110,2025-01-01 00:00:00,RETEST_SMX2V3_B04_M01_S02D_plus_upper020,anchor_M01_v4_current,8953,7.7069138836144315,690
3,20.515731458809103,2025-06-30 23:59:59,161.5471943764273,61.547194376427306,9224,293,293,2.9386363814182803,25.262139710580882,62.404433390287785,19.655972657015013,16.629082008831418,0,156.7999097493211,162.40443339028778,2025_Q2_ONLY,exit_ts_filter_from_all_through_2026_single_run,100.0,3,1.9398383885883757,5130,2025-04-01 00:00:00,RETEST_SMX2V3_B04_M01_S02D_plus_upper020,anchor_M01_v4_current,9958,7.370958023699538,734
3,30.617209960319098,2025-09-30 23:59:59,191.8516298809573,91.85162988095729,10380,247,247,3.21928074515776,46.940878703966405,91.91356660709627,25.346377813317474,19.56437336367341,0,185.6753873009283,191.91356660709627,2025_Q3_ONLY,exit_ts_filter_from_all_through_2026_single_run,100.0,3,1.9238531998751998,5018,2025-07-01 00:00:00,RETEST_SMX2V3_B04_M01_S02D_plus_upper020,anchor_M01_v4_current,11269,7.888898748779837,889
3,80.95628637753958,2025-12-31 23:59:59,342.86885913261875,242.86885913261872,15587,194,194,2.8216915344116744,101.53742127275149,242.86885913261872,96.53866165901951,44.792776200847754,0,333.19415756033976,342.86885913261875,2025_Q4_ONLY,exit_ts_filter_from_all_through_2026_single_run,100.0,3,2.237201919869973,9649,2025-10-01 00:00:00,RETEST_SMX2V3_B04_M01_S02D_plus_upper020,anchor_M01_v4_current,16952,8.052147239263803,1365
1,7.998288404703629,2026-12-31 23:59:59,107.99828840470363,7.998288404703624,1556,42,42,2.010267680394462,7.998288404703629,8.026409608788754,7.998288404703629,7.998288404703629,0,105.82723371752466,108.02640960878875,2026_FULL_ONLY,exit_ts_filter_from_all_through_2026_single_run,100.0,1,1.8152253181026134,828,2026-01-01 00:00:00,RETEST_SMX2V3_B04_M01_S02D_plus_upper020,anchor_M01_v4_current,1722,9.639953542392567,166
1,7.998288404703629,2026-03-31 23:59:59,107.99828840470363,7.998288404703624,1556,42,42,2.010267680394462,7.998288404703629,8.026409608788754,7.998288404703629,7.998288404703629,0,105.82723371752466,108.02640960878875,2026_Q1_ONLY,exit_ts_filter_from_all_through_2026_single_run,100.0,1,1.8152253181026134,828,2026-01-01 00:00:00,RETEST_SMX2V3_B04_M01_S02D_plus_upper020,anchor_M01_v4_current,1722,9.639953542392567,166
0,0.0,2026-06-30 23:59:59,100.0,0.0,0,0,0,0.0,0.0,0.0,0.0,0.0,0,100.0,100.0,2026_Q2_ONLY,exit_ts_filter_from_all_through_2026_single_run,0.0,0,0.0,0,2026-04-01 00:00:00,RETEST_SMX2V3_B04_M01_S02D_plus_upper020,anchor_M01_v4_current,0,0.0,0
0,0.0,2026-09-30 23:59:59,100.0,0.0,0,0,0,0.0,0.0,0.0,0.0,0.0,0,100.0,100.0,2026_Q3_ONLY,exit_ts_filter_from_all_through_2026_single_run,0.0,0,0.0,0,2026-07-01 00:00:00,RETEST_SMX2V3_B04_M01_S02D_plus_upper020,anchor_M01_v4_current,0,0.0,0
0,0.0,2026-12-31 23:59:59,100.0,0.0,0,0,0,0.0,0.0,0.0,0.0,0.0,0,100.0,100.0,2026_Q4_ONLY,exit_ts_filter_from_all_through_2026_single_run,0.0,0,0.0,0,2026-10-01 00:00:00,RETEST_SMX2V3_B04_M01_S02D_plus_upper020,anchor_M01_v4_current,0,0.0,0
76,20.06423450896295,2026-12-31 23:59:59,1624.8818226811843,1524.8818226811843,68132,269,269,1.457176671696958,243.7200017405089,1524.9208204688916,4.250957136119425,-0.10246750635900526,7,1601.2044238184296,1624.9208204688916,ALL_TO_2026_END,exit_ts_filter_from_all_through_2026_single_run,90.78947368421053,69,2.337122522695622,26102,,SMX2V4_B06_FB20_01_strict_close_back,fb20_strict_close_back,72126,5.537531542023681,3994
12,2.1202913689338048,2023-12-31 23:59:59,125.44349642720566,25.44349642720567,7039,127,127,0.9263581239548735,4.754759446743179,25.73760698302312,2.1264562855335996,-0.007026103074807111,1,124.28144040707922,125.73760698302313,2023_FULL_ONLY,exit_ts_filter_from_all_through_2026_single_run,91.66666666666666,11,1.9986359124977953,1792,2023-01-01 00:00:00,SMX2V4_B06_FB20_01_strict_close_back,fb20_strict_close_back,7469,5.7571294684696745,430
3,2.1125611128422626,2023-03-31 23:59:59,106.33768333852679,6.337683338526778,2042,38,38,0.5704327001014309,2.3226028048449052,6.715052789127474,2.1244709143123686,1.8906096193695134,0,105.73109842023351,106.71505278912748,2023_Q1_ONLY,exit_ts_filter_from_all_through_2026_single_run,100.0,3,1.9452913767799673,602,2023-01-01 00:00:00,SMX2V4_B06_FB20_01_strict_close_back,fb20_strict_close_back,2160,5.462962962962963,118
3,1.170248194569652,2023-06-30 23:59:59,103.51074458370896,3.510744583708947,1067,41,41,0.4963383013753764,2.7402408181052778,3.57976748789659,0.7771111157490935,-0.00660735014541558,1,102.99698111230116,103.57976748789659,2023_Q2_ONLY,exit_ts_filter_from_all_through_2026_single_run,66.66666666666666,2,2.1195906906280313,259,2023-04-01 00:00:00,SMX2V4_B06_FB20_01_strict_close_back,fb20_strict_close_back,1132,5.742049469964664,65
3,1.2425985896399776,2023-09-30 23:59:59,103.72779576891993,3.727795768919928,1181,127,127,0.9263581239550178,1.9337001144248234,3.917308532246544,1.0698751765577583,0.7242204779373509,0,102.76690490601507,103.91730853224655,2023_Q3_ONLY,exit_ts_filter_from_all_through_2026_single_run,100.0,3,1.8412622106611924,304,2023-07-01 00:00:00,SMX2V4_B06_FB20_01_strict_close_back,fb20_strict_close_back,1252,5.6709265175718855,71
3,3.2901053694328035,2023-12-31 23:59:59,109.87031610829841,9.870316108298404,2749,35,35,0.48734096896082546,4.16447993169389,10.127914315130981,3.716119925044339,1.989716251560182,0,109.33487304517591,110.12791431513098,2023_Q4_ONLY,exit_ts_filter_from_all_through_2026_single_run,100.0,3,2.073809104862137,627,2023-10-01 00:00:00,SMX2V4_B06_FB20_01_strict_close_back,fb20_strict_close_back,2925,6.017094017094017,176
12,5.2637832198380226,2024-12-31 23:59:59,163.16539863805627,63.16539863805628,15922,204,204,1.241764425441294,11.086385376170881,63.26509895200068,3.559887906939373,1.0751395311852576,0,161.13926876313943,163.26509895200067,2024_FULL_ONLY,exit_ts_filter_from_all_through_2026_single_run,100.0,12,2.1552837912886234,6775,2024-01-01 00:00:00,SMX2V4_B06_FB20_01_strict_close_back,fb20_strict_close_back,16761,5.005667919575204,839
3,5.366851767052149,2024-03-31 23:59:59,116.10055530115645,16.10055530115644,3949,61,61,0.6705329068066535,9.08175465250747,16.10055530115644,5.943661117463719,1.0751395311852576,0,115.32206287287693,116.10055530115645,2024_Q1_ONLY,exit_ts_filter_from_all_through_2026_single_run,100.0,3,2.2016249114317215,1194,2024-01-01 00:00:00,SMX2V4_B06_FB20_01_strict_close_back,fb20_strict_close_back,4184,5.6166347992351815,235
3,2.7398344871092966,2024-06-30 23:59:59,108.21950346132789,8.219503461327893,3493,204,204,0.5434582205873006,3.3600423432470023,8.253812543536965,2.462311991864894,2.397149126215993,0,107.63137567348855,108.25381254353697,2024_Q2_ONLY,exit_ts_filter_from_all_through_2026_single_run,100.0,3,2.04977759564109,1731,2024-04-01 00:00:00,SMX2V4_B06_FB20_01_strict_close_back,fb20_strict_close_back,3657,4.484550177741318,164
3,2.1637361336523213,2024-09-30 23:59:59,106.49120840095696,6.49120840095696,2889,71,71,0.6792365877226536,2.561811329495825,6.693251696540958,2.247571619725548,1.681825451735591,0,105.76788115078968,106.69325169654097,2024_Q3_ONLY,exit_ts_filter_from_all_through_2026_single_run,100.0,3,1.9510966608341216,1112,2024-07-01 00:00:00,SMX2V4_B06_FB20_01_strict_close_back,fb20_strict_close_back,3033,4.747774480712167,144
3,7.315980828482921,2024-12-31 23:59:59,121.94794248544876,21.947942485448756,5591,150,150,1.2417644254415605,8.285836933011382,22.022457353503945,8.147418790882554,5.514686761554827,0,120.43363631810652,122.02245735350394,2024_Q4_ONLY,exit_ts_filter_from_all_through_2026_single_run,100.0,3,2.2543959601260353,2738,2024-10-01 00:00:00,SMX2V4_B06_FB20_01_strict_close_back,fb20_strict_close_back,5887,5.028027857992186,296
75,19.382293759693976,2025-12-31 23:59:59,1553.6720319770482,1453.6720319770482,67216,269,269,1.457176671696958,243.7200017405089,1453.6968910278679,4.225410835404745,-0.10246750635900526,7,1531.0322855723985,1553.6968910278679,TRAIN_2025_FULL,exit_ts_filter_from_all_through_2026_single_run,90.66666666666666,68,2.336103173050106,25777,,SMX2V4_B06_FB20_01_strict_close_back,fb20_strict_close_back,71143,5.519868433999128,3927
12,23.530255817810275,2025-12-31 23:59:59,382.3630698137233,282.3630698137233,25995,269,269,1.4571766716967138,59.98017993664109,282.3691876962548,15.797374900409778,7.795494908920787,0,376.7913643592143,382.3691876962548,2025_FULL_ONLY,exit_ts_filter_from_all_through_2026_single_run,100.0,12,2.44547281128442,12049,2025-01-01 00:00:00,SMX2V4_B06_FB20_01_strict_close_back,fb20_strict_close_back,27645,5.968529571351058,1650
72,11.5809068892218,2025-09-30 23:59:59,933.8252960239696,833.8252960239696,58341,269,269,1.3534014787749182,102.23286896121317,833.8327666861031,4.048106583441452,-0.10246750635900526,7,921.186890658407,933.8327666861031,PREQ4_ALL_BEFORE_2025_10_01,exit_ts_filter_from_all_through_2026_single_run,90.27777777777779,65,2.3153736329770456,21619,,SMX2V4_B06_FB20_01_strict_close_back,fb20_strict_close_back,61693,5.433355486035693,3352
3,10.550960435374037,2025-03-31 23:59:59,131.6528813061221,31.652881306122115,5440,245,245,1.1786122507700392,15.103492853587852,31.65920082137008,8.753893543613472,7.795494908920787,0,130.10120431855643,131.6592008213701,2025_Q1_ONLY,exit_ts_filter_from_all_through_2026_single_run,100.0,3,2.895129264422599,3008,2025-01-01 00:00:00,SMX2V4_B06_FB20_01_strict_close_back,fb20_strict_close_back,5775,5.800865800865801,335
3,8.63981166558302,2025-06-30 23:59:59,125.91943499674906,25.919434996749068,5635,269,269,1.084492528833625,12.526316768476448,25.919434996749068,6.81239747250325,6.580720755769363,0,124.55384813185982,125.91943499674906,2025_Q2_ONLY,exit_ts_filter_from_all_through_2026_single_run,100.0,3,2.280864650449815,2735,2025-04-01 00:00:00,SMX2V4_B06_FB20_01_strict_close_back,fb20_strict_close_back,5974,5.6745898895212585,339
3,12.876865425748568,2025-09-30 23:59:59,138.6305962772457,38.6305962772457,6045,222,222,1.3534014787750182,15.176932605671226,38.63170533088833,14.803733786182107,8.649929885392368,0,136.75436773719483,138.63170533088834,2025_Q3_ONLY,exit_ts_filter_from_all_through_2026_single_run,100.0,3,2.316670662043863,2148,2025-07-01 00:00:00,SMX2V4_B06_FB20_01_strict_close_back,fb20_strict_close_back,6446,6.22091219360844,401
3,22.125720895627097,2025-12-31 23:59:59,166.3771626868813,66.37716268688129,8875,189,189,1.457176671696725,26.099100418271036,66.37982475342908,25.743881810144444,14.534180458465812,0,163.95275348517714,166.37982475342906,2025_Q4_ONLY,exit_ts_filter_from_all_through_2026_single_run,100.0,3,2.4352415704331767,4158,2025-10-01 00:00:00,SMX2V4_B06_FB20_01_strict_close_back,fb20_strict_close_back,9450,6.084656084656085,575
1,4.58332191341087,2026-12-31 23:59:59,104.58332191341087,4.583321913410865,916,22,22,0.7258561962016019,4.58332191341087,4.585831953297337,4.58332191341087,4.58332191341087,0,103.8241973911089,104.58583195329733,2026_FULL_ONLY,exit_ts_filter_from_all_through_2026_single_run,100.0,1,2.4022728263327897,325,2026-01-01 00:00:00,SMX2V4_B06_FB20_01_strict_close_back,fb20_strict_close_back,983,6.8158697863682605,67
1,4.58332191341087,2026-03-31 23:59:59,104.58332191341087,4.583321913410865,916,22,22,0.7258561962016019,4.58332191341087,4.585831953297337,4.58332191341087,4.58332191341087,0,103.8241973911089,104.58583195329733,2026_Q1_ONLY,exit_ts_filter_from_all_through_2026_single_run,100.0,1,2.4022728263327897,325,2026-01-01 00:00:00,SMX2V4_B06_FB20_01_strict_close_back,fb20_strict_close_back,983,6.8158697863682605,67
0,0.0,2026-06-30 23:59:59,100.0,0.0,0,0,0,0.0,0.0,0.0,0.0,0.0,0,100.0,100.0,2026_Q2_ONLY,exit_ts_filter_from_all_through_2026_single_run,0.0,0,0.0,0,2026-04-01 00:00:00,SMX2V4_B06_FB20_01_strict_close_back,fb20_strict_close_back,0,0.0,0
0,0.0,2026-09-30 23:59:59,100.0,0.0,0,0,0,0.0,0.0,0.0,0.0,0.0,0,100.0,100.0,2026_Q3_ONLY,exit_ts_filter_from_all_through_2026_single_run,0.0,0,0.0,0,2026-07-01 00:00:00,SMX2V4_B06_FB20_01_strict_close_back,fb20_strict_close_back,0,0.0,0
0,0.0,2026-12-31 23:59:59,100.0,0.0,0,0,0,0.0,0.0,0.0,0.0,0.0,0,100.0,100.0,2026_Q4_ONLY,exit_ts_filter_from_all_through_2026_single_run,0.0,0,0.0,0,2026-10-01 00:00:00,SMX2V4_B06_FB20_01_strict_close_back,fb20_strict_close_back,0,0.0,0
76,27.480626232482685,2026-12-31 23:59:59,2188.527593668684,2088.527593668684,78173,284,284,1.830258718518596,352.9416709779416,2088.5451020295004,5.5006755222534025,-0.10775028359122985,4,2148.4718765783778,2188.5451020295004,ALL_TO_2026_END,exit_ts_filter_from_all_through_2026_single_run,94.73684210526315,72,2.367845985023899,31699,,SMX2V4_B06_FB20_02_vol_range_confirm,fb20_vol_range_confirm,82672,5.4419876137023415,4499
12,2.949359193326669,2023-12-31 23:59:59,135.39231031992003,35.39231031992003,8241,132,132,1.0498361233002629,6.704708439321735,35.65405330856473,2.4907573802089473,0.30726931754024633,0,133.9709129380107,135.65405330856473,2023_FULL_ONLY,exit_ts_filter_from_all_through_2026_single_run,100.0,12,2.2212360862329987,2338,2023-01-01 00:00:00,SMX2V4_B06_FB20_02_vol_range_confirm,fb20_vol_range_confirm,8769,6.021211084502224,528
3,2.7566015333297664,2023-03-31 23:59:59,108.2698045999893,8.269804599989294,2396,42,42,0.501908266887785,3.5623827116506703,8.358504964881597,2.411297271155547,2.2961246171830823,0,107.7263895001587,108.3585049648816,2023_Q1_ONLY,exit_ts_filter_from_all_through_2026_single_run,100.0,3,2.1383801102378532,826,2023-01-01 00:00:00,SMX2V4_B06_FB20_02_vol_range_confirm,fb20_vol_range_confirm,2543,5.780574125049155,147
3,1.6188938863385829,2023-06-30 23:59:59,104.85668165901575,4.856681659015738,1286,36,36,0.7161320764265233,3.046503118335494,4.925507513262284,1.526378898965433,0.28379964171482186,0,104.10576932737908,104.92550751326229,2023_Q2_ONLY,exit_ts_filter_from_all_through_2026_single_run,100.0,3,2.2251484779783874,300,2023-04-01 00:00:00,SMX2V4_B06_FB20_02_vol_range_confirm,fb20_vol_range_confirm,1372,6.2682215743440235,86
3,1.7479656467796947,2023-09-30 23:59:59,105.24389694033908,5.243896940339088,1384,132,132,1.0498361233002629,2.2639478139480076,5.376738178724372,1.633721995606649,1.3462271307844276,0,104.13900849269051,105.37673817872438,2023_Q3_ONLY,exit_ts_filter_from_all_through_2026_single_run,100.0,3,2.1046963348214516,380,2023-07-01 00:00:00,SMX2V4_B06_FB20_02_vol_range_confirm,fb20_vol_range_confirm,1472,5.978260869565218,88
3,4.4388736615342355,2023-12-31 23:59:59,113.31662098460271,13.31662098460271,3175,56,56,0.490559671417512,5.611507058530549,13.535686830879667,5.107282930855007,2.5978309952171514,0,112.76073534103921,113.53568683087967,2023_Q4_ONLY,exit_ts_filter_from_all_through_2026_single_run,100.0,3,2.3393577140374036,832,2023-10-01 00:00:00,SMX2V4_B06_FB20_02_vol_range_confirm,fb20_vol_range_confirm,3382,6.120638675340036,207
12,5.976497668021364,2024-12-31 23:59:59,171.71797201625637,71.71797201625635,18057,190,190,1.3967513366000106,11.94323689093099,71.99090365536634,3.7570457065603122,2.077067218257014,0,169.31949894693687,171.99090365536634,2024_FULL_ONLY,exit_ts_filter_from_all_through_2026_single_run,100.0,12,2.1739436315373473,8003,2024-01-01 00:00:00,SMX2V4_B06_FB20_02_vol_range_confirm,fb20_vol_range_confirm,18998,4.953152963469839,941
3,6.774306520842198,2024-03-31 23:59:59,120.3229195625266,20.322919562526586,4498,49,49,0.7902256893266291,11.94323689093099,20.322919562526586,6.211473069704439,2.1682096018911636,0,119.37209694199568,120.3229195625266,2024_Q1_ONLY,exit_ts_filter_from_all_through_2026_single_run,100.0,3,2.3884699392842603,1502,2024-01-01 00:00:00,SMX2V4_B06_FB20_02_vol_range_confirm,fb20_vol_range_confirm,4771,5.722070844686648,273
3,2.5203628880129023,2024-06-30 23:59:59,107.5610886640387,7.5610886640387065,3786,190,190,0.5499083756939305,3.247726803876077,7.615825136259957,2.5871178280120546,1.726244032150575,0,106.96960122848758,107.61582513625996,2024_Q2_ONLY,exit_ts_filter_from_all_through_2026_single_run,100.0,3,1.9173718586074049,1853,2024-04-01 00:00:00,SMX2V4_B06_FB20_02_vol_range_confirm,fb20_vol_range_confirm,3951,4.176157934700076,165
3,2.225468382194071,2024-09-30 23:59:59,106.67640514658221,6.676405146582209,3287,79,79,0.7946120492942521,2.786519709801496,6.69150340760043,2.209480570923958,1.680404865856758,0,105.8287415775335,106.69150340760042,2024_Q3_ONLY,exit_ts_filter_from_all_through_2026_single_run,100.0,3,1.9249178495270822,1318,2024-07-01 00:00:00,SMX2V4_B06_FB20_02_vol_range_confirm,fb20_vol_range_confirm,3436,4.336437718277066,149
3,8.126024739964242,2024-12-31 23:59:59,124.37807421989272,24.37807421989273,6486,161,161,1.3967513365999995,8.584102117794288,24.57576297237205,8.239794238833355,7.554177863265082,0,122.64082180578903,124.57576297237205,2024_Q4_ONLY,exit_ts_filter_from_all_through_2026_single_run,100.0,3,2.225611938029743,3330,2024-10-01 00:00:00,SMX2V4_B06_FB20_02_vol_range_confirm,fb20_vol_range_confirm,6840,5.175438596491229,354
75,26.380975612783082,2025-12-31 23:59:59,2078.573170958731,1978.5731709587315,77128,284,284,1.830258718518596,352.9416709779416,1978.5897996771287,5.325193044378267,-0.10775028359122985,4,2040.5299042764707,2078.5897996771287,TRAIN_2025_FULL,exit_ts_filter_from_all_through_2026_single_run,94.66666666666667,71,2.3663959838347437,31298,,SMX2V4_B06_FB20_02_vol_range_confirm,fb20_vol_range_confirm,81549,5.4212804571484625,4421
12,25.40236620192722,2025-12-31 23:59:59,404.8283944231266,304.8283944231266,29745,284,284,1.8302587185187291,68.73985096281791,304.83163307619117,17.957281149582506,7.346648178608646,0,397.41898743915795,404.8316330761912,2025_FULL_ONLY,exit_ts_filter_from_all_through_2026_single_run,100.0,12,2.4195181922122617,14560,2025-01-01 00:00:00,SMX2V4_B06_FB20_02_vol_range_confirm,fb20_vol_range_confirm,31546,5.709123185189881,1801
72,15.690526966423302,2025-09-30 23:59:59,1229.7179415824778,1129.7179415824778,66957,284,284,1.4529936276494682,149.29446880830164,1129.7277794047131,5.135038601105663,-0.10775028359122985,4,1211.8502182532222,1229.7277794047131,PREQ4_ALL_BEFORE_2025_10_01,exit_ts_filter_from_all_through_2026_single_run,94.44444444444444,68,2.354877059834006,26171,,SMX2V4_B06_FB20_02_vol_range_confirm,fb20_vol_range_confirm,70764,5.379854163133797,3807
3,9.870818894522927,2025-03-31 23:59:59,129.61245668356878,29.612456683568777,6122,237,237,0.7988937688307884,13.860306302233525,29.620752179431587,8.405502202726609,7.346648178608646,0,128.57699084349522,129.62075217943158,2025_Q1_ONLY,exit_ts_filter_from_all_through_2026_single_run,100.0,3,2.652256821759609,3436,2025-01-01 00:00:00,SMX2V4_B06_FB20_02_vol_range_confirm,fb20_vol_range_confirm,6480,5.5246913580246915,358
3,10.161161042392374,2025-06-30 23:59:59,130.48348312717712,30.483483127177124,6507,254,254,1.424343362252245,17.015537365188578,30.483483127177124,6.855379855003434,6.612565906985111,0,128.62495029641966,130.48348312717712,2025_Q2_ONLY,exit_ts_filter_from_all_through_2026_single_run,100.0,3,2.360059142353861,3303,2025-04-01 00:00:00,SMX2V4_B06_FB20_02_vol_range_confirm,fb20_vol_range_confirm,6897,5.654632448890822,390
3,13.871625129951733,2025-09-30 23:59:59,141.6148753898552,41.6148753898552,6945,284,284,1.4529936276496458,17.19281867960349,41.61600831792174,16.65390680529167,7.76814990496004,0,139.55722027463662,141.61600831792174,2025_Q3_ONLY,exit_ts_filter_from_all_through_2026_single_run,100.0,3,2.3186789639661938,2694,2025-07-01 00:00:00,SMX2V4_B06_FB20_02_vol_range_confirm,fb20_vol_range_confirm,7384,5.945287107258938,439
3,23.00948319590243,2025-12-31 23:59:59,169.02844958770729,69.02844958770729,10171,213,213,1.8302587185188957,28.701026393397555,69.02980182612188,25.69916644876517,14.628256745544562,0,165.93479165235095,169.02980182612188,2025_Q4_ONLY,exit_ts_filter_from_all_through_2026_single_run,100.0,3,2.4242125604917786,5127,2025-10-01 00:00:00,SMX2V4_B06_FB20_02_vol_range_confirm,fb20_vol_range_confirm,10785,5.693092257765415,614
1,5.2898990637523156,2026-12-31 23:59:59,105.28989906375232,5.2898990637523235,1045,29,29,0.9088478145920398,5.2898990637523156,5.29074138968344,5.2898990637523156,5.2898990637523156,0,104.33297411712525,105.29074138968343,2026_FULL_ONLY,exit_ts_filter_from_all_through_2026_single_run,100.0,1,2.458549172843771,401,2026-01-01 00:00:00,SMX2V4_B06_FB20_02_vol_range_confirm,fb20_vol_range_confirm,1123,6.945681211041853,78
1,5.2898990637523156,2026-03-31 23:59:59,105.28989906375232,5.2898990637523235,1045,29,29,0.9088478145920398,5.2898990637523156,5.29074138968344,5.2898990637523156,5.2898990637523156,0,104.33297411712525,105.29074138968343,2026_Q1_ONLY,exit_ts_filter_from_all_through_2026_single_run,100.0,1,2.458549172843771,401,2026-01-01 00:00:00,SMX2V4_B06_FB20_02_vol_range_confirm,fb20_vol_range_confirm,1123,6.945681211041853,78
0,0.0,2026-06-30 23:59:59,100.0,0.0,0,0,0,0.0,0.0,0.0,0.0,0.0,0,100.0,100.0,2026_Q2_ONLY,exit_ts_filter_from_all_through_2026_single_run,0.0,0,0.0,0,2026-04-01 00:00:00,SMX2V4_B06_FB20_02_vol_range_confirm,fb20_vol_range_confirm,0,0.0,0
0,0.0,2026-09-30 23:59:59,100.0,0.0,0,0,0,0.0,0.0,0.0,0.0,0.0,0,100.0,100.0,2026_Q3_ONLY,exit_ts_filter_from_all_through_2026_single_run,0.0,0,0.0,0,2026-07-01 00:00:00,SMX2V4_B06_FB20_02_vol_range_confirm,fb20_vol_range_confirm,0,0.0,0
0,0.0,2026-12-31 23:59:59,100.0,0.0,0,0,0,0.0,0.0,0.0,0.0,0.0,0,100.0,100.0,2026_Q4_ONLY,exit_ts_filter_from_all_through_2026_single_run,0.0,0,0.0,0,2026-10-01 00:00:00,SMX2V4_B06_FB20_02_vol_range_confirm,fb20_vol_range_confirm,0,0.0,0
76,21.231847130822562,2026-12-31 23:59:59,1713.6203819425148,1613.6203819425148,75867,220,220,1.7675428562967999,253.5563641505869,1613.6203819425148,5.180980634098788,-0.10302903111028172,5,1683.331407297444,1713.6203819425148,ALL_TO_2026_END,exit_ts_filter_from_all_through_2026_single_run,93.42105263157895,71,2.3902632831276014,31733,,SMX2V4_B06_FB20_03_weak_close,fb20_weak_close,80100,5.284644194756554,4233
12,2.6667037794727384,2023-12-31 23:59:59,132.00044535367286,32.00044535367286,7862,130,130,0.7938940952264661,5.908612608557775,32.30129802077093,2.65944741324882,0.5885007547286278,0,130.95250161233741,132.30129802077093,2023_FULL_ONLY,exit_ts_filter_from_all_through_2026_single_run,100.0,12,2.2068294139770215,2289,2023-01-01 00:00:00,SMX2V4_B06_FB20_03_weak_close,fb20_weak_close,8355,5.90065828845003,493
3,2.493294362736312,2023-03-31 23:59:59,107.47988308820894,7.479883088208927,2342,48,48,0.48256428914940086,2.8555667218322043,7.6243745216079795,2.6610172396214296,1.9632991267553024,0,106.9612235544057,107.62437452160798,2023_Q1_ONLY,exit_ts_filter_from_all_through_2026_single_run,100.0,3,2.0881107644748895,842,2023-01-01 00:00:00,SMX2V4_B06_FB20_03_weak_close,fb20_weak_close,2480,5.564516129032258,138
3,1.5673166789025241,2023-06-30 23:59:59,104.70195003670757,4.7019500367075695,1277,63,63,0.5812842005589847,2.9539808288101455,4.7903360199494704,1.2004241810333554,0.5475450268640714,0,104.09333414346703,104.79033601994946,2023_Q2_ONLY,exit_ts_filter_from_all_through_2026_single_run,100.0,3,2.2706470079272436,336,2023-04-01 00:00:00,SMX2V4_B06_FB20_03_weak_close,fb20_weak_close,1358,5.964653902798233,81
3,1.7274400238680698,2023-09-30 23:59:59,105.18232007160421,5.182320071604218,1256,130,130,0.7938940952264661,2.368719306406817,5.475309231165992,1.810710493485189,1.0028902717122037,0,104.34728384333356,105.475309231166,2023_Q3_ONLY,exit_ts_filter_from_all_through_2026_single_run,100.0,3,2.2525518978940196,348,2023-07-01 00:00:00,SMX2V4_B06_FB20_03_weak_close,fb20_weak_close,1340,6.26865671641791,84
3,3.8398231561634284,2023-12-31 23:59:59,111.51946946849029,11.519469468490296,2987,51,51,0.4960333518693627,4.991841820197777,11.773642321718603,4.282142054615534,2.2454855936769746,0,110.96629570609882,111.7736423217186,2023_Q4_ONLY,exit_ts_filter_from_all_through_2026_single_run,100.0,3,2.24938714703468,763,2023-10-01 00:00:00,SMX2V4_B06_FB20_03_weak_close,fb20_weak_close,3177,5.9804847340258105,190
12,5.702988821428282,2024-12-31 23:59:59,168.4358658571394,68.43586585713939,18263,190,190,1.2536259394070326,12.507025890961046,68.90282124662224,3.7109334425229434,1.4449169385001568,0,166.32431015148947,168.90282124662224,2024_FULL_ONLY,exit_ts_filter_from_all_through_2026_single_run,100.0,12,2.172102173104367,8492,2024-01-01 00:00:00,SMX2V4_B06_FB20_03_weak_close,fb20_weak_close,19181,4.7859861321099,918
3,5.769245684992015,2024-03-31 23:59:59,117.30773705497604,17.307737054976037,4270,60,60,0.7656220159768301,9.755346769566472,17.307737054976037,6.107473346909416,1.4449169385001568,0,116.40960319363893,117.30773705497604,2024_Q1_ONLY,exit_ts_filter_from_all_through_2026_single_run,100.0,3,2.3197280154415236,1425,2024-01-01 00:00:00,SMX2V4_B06_FB20_03_weak_close,fb20_weak_close,4509,5.300510090929253,239
3,2.778588669128998,2024-06-30 23:59:59,108.335766007387,8.33576600738699,3993,190,190,0.7102538155691507,3.404684428799584,8.401243902718281,2.9221505024442678,2.008931076143142,0,107.56630709569346,108.40124390271828,2024_Q2_ONLY,exit_ts_filter_from_all_through_2026_single_run,100.0,3,1.976790434058542,2083,2024-04-01 00:00:00,SMX2V4_B06_FB20_03_weak_close,fb20_weak_close,4162,4.060547813551177,169
3,1.9520678850527513,2024-09-30 23:59:59,105.85620365515825,5.856203655158243,3366,90,90,0.5498875948241166,1.9718880983662785,5.925614175193705,1.9515100275892507,1.9328055292027244,0,105.27411352290677,105.92561417519372,2024_Q3_ONLY,exit_ts_filter_from_all_through_2026_single_run,100.0,3,1.8145637821110643,1448,2024-07-01 00:00:00,SMX2V4_B06_FB20_03_weak_close,fb20_weak_close,3515,4.238975817923187,149
3,8.401481260654569,2024-12-31 23:59:59,125.2044437819637,25.204443781963715,6634,123,123,1.2536259394071325,9.296922671876231,25.55154853613031,8.519020716172236,7.388500393915237,0,123.6348483974226,125.55154853613031,2024_Q4_ONLY,exit_ts_filter_from_all_through_2026_single_run,100.0,3,2.306538909082697,3536,2024-10-01 00:00:00,SMX2V4_B06_FB20_03_weak_close,fb20_weak_close,6995,5.160829163688349,361
75,20.97368207953274,2025-12-31 23:59:59,1673.0261559649555,1573.0261559649555,74896,220,220,1.7675428562967999,253.5563641505869,1573.656019217252,4.7290393619524025,-0.10302903111028172,5,1643.45470166122,1673.656019217252,TRAIN_2025_FULL,exit_ts_filter_from_all_through_2026_single_run,93.33333333333333,70,2.399647411815922,31397,,SMX2V4_B06_FB20_03_weak_close,fb20_weak_close,79059,5.265687650994827,4163
12,21.043531875998024,2025-12-31 23:59:59,352.5223825119763,252.52238251197628,28336,220,220,1.767542856296822,53.426716177002845,252.65510063689308,15.868654762347774,5.816273653911679,0,346.29139832303844,352.65510063689305,2025_FULL_ONLY,exit_ts_filter_from_all_through_2026_single_run,100.0,12,2.4633789988526074,14066,2025-01-01 00:00:00,SMX2V4_B06_FB20_03_weak_close,fb20_weak_close,30006,5.565553555955476,1670
72,12.781835649143392,2025-09-30 23:59:59,1020.2921667383242,920.2921667383242,65431,220,220,1.4560863579104022,98.82295667937206,920.3003291409575,4.536533629300976,-0.10302903111028172,5,1005.4358316876189,1020.3003291409574,PREQ4_ALL_BEFORE_2025_10_01,exit_ts_filter_from_all_through_2026_single_run,93.05555555555556,67,2.360895140270809,26528,,SMX2V4_B06_FB20_03_weak_close,fb20_weak_close,69025,5.206809127127852,3594
3,9.173821034588789,2025-03-31 23:59:59,127.52146310376637,27.521463103766376,6308,206,206,0.8080387451945392,13.568613068664803,27.529624771222316,8.136576381189883,5.816273653911679,0,126.49104027344899,127.52962477122232,2025_Q1_ONLY,exit_ts_filter_from_all_through_2026_single_run,100.0,3,2.647929092111476,3697,2025-01-01 00:00:00,SMX2V4_B06_FB20_03_weak_close,fb20_weak_close,6644,5.057194461167971,336
3,8.738834053920883,2025-06-30 23:59:59,126.21650216176265,26.216502161762655,6261,220,220,1.4560863579103467,13.754176540815592,26.216502161762655,6.886799004393424,5.575526616553631,0,124.3786808923536,126.21650216176265,2025_Q2_ONLY,exit_ts_filter_from_all_through_2026_single_run,100.0,3,2.3267434612539857,3191,2025-04-01 00:00:00,SMX2V4_B06_FB20_03_weak_close,fb20_weak_close,6634,5.622550497437444,373
3,11.190016913605993,2025-09-30 23:59:59,133.57005074081798,33.57005074081798,6302,174,174,1.3450835803771155,12.937262255201617,33.571119309772456,11.811722165727673,8.821066319888686,0,131.77342192000185,133.57111930977246,2025_Q3_ONLY,exit_ts_filter_from_all_through_2026_single_run,100.0,3,2.2484901223286133,2309,2025-07-01 00:00:00,SMX2V4_B06_FB20_03_weak_close,fb20_weak_close,6694,5.855990439199283,392
3,21.325067809197236,2025-12-31 23:59:59,163.9752034275917,63.97520342759171,9465,206,206,1.7675428562969997,24.851348703495177,64.03693704398412,23.94922933536256,15.174625388733972,0,161.07687143330884,164.03693704398412,2025_Q4_ONLY,exit_ts_filter_from_all_through_2026_single_run,100.0,3,2.615486403204352,4869,2025-10-01 00:00:00,SMX2V4_B06_FB20_03_weak_close,fb20_weak_close,10034,5.670719553518039,569
1,2.426395178152248,2026-12-31 23:59:59,102.42639517815225,2.426395178152241,971,28,28,0.7905040115054329,2.426395178152248,2.426395178152241,2.426395178152248,2.426395178152248,0,101.61671041542854,102.42639517815225,2026_FULL_ONLY,exit_ts_filter_from_all_through_2026_single_run,100.0,1,1.7774726510588628,336,2026-01-01 00:00:00,SMX2V4_B06_FB20_03_weak_close,fb20_weak_close,1041,6.724303554274735,70
1,2.426395178152248,2026-03-31 23:59:59,102.42639517815225,2.426395178152241,971,28,28,0.7905040115054329,2.426395178152248,2.426395178152241,2.426395178152248,2.426395178152248,0,101.61671041542854,102.42639517815225,2026_Q1_ONLY,exit_ts_filter_from_all_through_2026_single_run,100.0,1,1.7774726510588628,336,2026-01-01 00:00:00,SMX2V4_B06_FB20_03_weak_close,fb20_weak_close,1041,6.724303554274735,70
0,0.0,2026-06-30 23:59:59,100.0,0.0,0,0,0,0.0,0.0,0.0,0.0,0.0,0,100.0,100.0,2026_Q2_ONLY,exit_ts_filter_from_all_through_2026_single_run,0.0,0,0.0,0,2026-04-01 00:00:00,SMX2V4_B06_FB20_03_weak_close,fb20_weak_close,0,0.0,0
0,0.0,2026-09-30 23:59:59,100.0,0.0,0,0,0,0.0,0.0,0.0,0.0,0.0,0,100.0,100.0,2026_Q3_ONLY,exit_ts_filter_from_all_through_2026_single_run,0.0,0,0.0,0,2026-07-01 00:00:00,SMX2V4_B06_FB20_03_weak_close,fb20_weak_close,0,0.0,0
0,0.0,2026-12-31 23:59:59,100.0,0.0,0,0,0,0.0,0.0,0.0,0.0,0.0,0,100.0,100.0,2026_Q4_ONLY,exit_ts_filter_from_all_through_2026_single_run,0.0,0,0.0,0,2026-10-01 00:00:00,SMX2V4_B06_FB20_03_weak_close,fb20_weak_close,0,0.0,0
74,3.9288663106758377,2026-12-31 23:59:59,390.736106990012,290.736106990012,14933,244,244,1.488196703899225,49.27525984678698,291.07885885533136,1.249416604436881,-0.30113321934402393,10,384.9211851248425,391.07885885533136,ALL_TO_2026_END,exit_ts_filter_from_all_through_2026_single_run,86.48648648648648,64,2.7109606921941065,2254,,SMX2V4_B06_FB20_04_after_runup,fb20_after_runup,16153,7.552776574011019,1220
12,1.0919153054483164,2023-12-31 23:59:59,113.1029836653798,13.102983665379785,1463,26,26,0.39177171328594884,2.5036191703098325,13.216197403194396,1.0000502579506758,0.3838707063019342,0,112.6598781684964,113.2161974031944,2023_FULL_ONLY,exit_ts_filter_from_all_through_2026_single_run,100.0,12,2.6802526790554317,94,2023-01-01 00:00:00,SMX2V4_B06_FB20_04_after_runup,fb20_after_runup,1593,8.160703075957313,130
3,0.6930984862045904,2023-03-31 23:59:59,102.07929545861377,2.0792954586137613,461,10,10,0.27050242574327976,0.9967115494442851,2.1091313270012124,0.6987132028675518,0.3838707063019342,0,101.80316848821657,102.10913132700122,2023_Q1_ONLY,exit_ts_filter_from_all_through_2026_single_run,100.0,3,1.926393680709679,35,2023-01-01 00:00:00,SMX2V4_B06_FB20_04_after_runup,fb20_after_runup,498,7.429718875502007,37
3,0.772169053125964,2023-06-30 23:59:59,102.31650715937789,2.3165071593779007,170,7,7,0.14711891594859638,1.5207704672410642,2.32633005484828,0.4011402910163895,0.39459640112043814,0,102.16598022320855,102.32633005484828,2023_Q2_ONLY,exit_ts_filter_from_all_through_2026_single_run,100.0,3,3.851389460506169,5,2023-04-01 00:00:00,SMX2V4_B06_FB20_04_after_runup,fb20_after_runup,188,9.574468085106384,18
3,0.9400823711038697,2023-09-30 23:59:59,102.82024711331161,2.8202471133116136,260,26,26,0.39177171328598215,1.4679534997482762,2.9405110953082625,0.9606959308962217,0.39159768266711126,0,102.41742646959092,102.94051109530827,2023_Q3_ONLY,exit_ts_filter_from_all_through_2026_single_run,100.0,3,2.6598495807079416,30,2023-07-01 00:00:00,SMX2V4_B06_FB20_04_after_runup,fb20_after_runup,283,8.12720848056537,23
3,1.7734301904945085,2023-12-31 23:59:59,105.32029057148353,5.3202905714835325,572,8,8,0.257300235561464,2.3313434354435287,5.42571399513605,1.8864701506046373,1.1024769854353593,0,105.0493012157491,105.42571399513605,2023_Q4_ONLY,exit_ts_filter_from_all_through_2026_single_run,100.0,3,2.9722496398410962,24,2023-10-01 00:00:00,SMX2V4_B06_FB20_04_after_runup,fb20_after_runup,624,8.333333333333332,52
12,1.6041901961142138,2024-12-31 23:59:59,119.25028235337057,19.25028235337056,2833,28,28,0.5512260509887845,4.117988190083352,19.25821729929178,1.16932219703083,0.05902875197325841,0,118.5929437311611,119.25821729929177,2024_FULL_ONLY,exit_ts_filter_from_all_through_2026_single_run,100.0,12,2.3589217768423087,397,2024-01-01 00:00:00,SMX2V4_B06_FB20_04_after_runup,fb20_after_runup,3048,7.053805774278215,215
3,2.440713486146455,2024-03-31 23:59:59,107.32214045843936,7.3221404584393746,972,9,9,0.43082679383228406,4.117988190083352,7.352799779317087,2.223681946526966,0.9804703218290456,0,106.85976792163011,107.3527997793171,2024_Q1_ONLY,exit_ts_filter_from_all_through_2026_single_run,100.0,3,2.730709238251342,90,2024-01-01 00:00:00,SMX2V4_B06_FB20_04_after_runup,fb20_after_runup,1057,8.04162724692526,85
3,0.8866282733278439,2024-06-30 23:59:59,102.65988481998353,2.659884819983538,442,28,28,0.1621974077615218,1.1684027533691221,2.660706105632382,1.0106857218251548,0.4807963447892547,0,102.49337314799456,102.66070610563237,2024_Q2_ONLY,exit_ts_filter_from_all_through_2026_single_run,100.0,3,2.842318929107791,97,2024-04-01 00:00:00,SMX2V4_B06_FB20_04_after_runup,fb20_after_runup,474,6.751054852320674,32
3,0.3651683986432725,2024-09-30 23:59:59,101.09550519592982,1.0955051959298245,410,27,27,0.38382118991360237,0.6200119652338856,1.0963139664415644,0.42191683385802037,0.05357639683791149,0,100.70747922493764,101.09631396644156,2024_Q3_ONLY,exit_ts_filter_from_all_through_2026_single_run,100.0,3,1.7221343957406294,70,2024-07-01 00:00:00,SMX2V4_B06_FB20_04_after_runup,fb20_after_runup,433,5.311778290993072,23
3,2.354174095788958,2024-12-31 23:59:59,107.06252228736687,7.062522287366879,1009,12,12,0.5512260509886735,3.054720735210566,7.069646256449014,2.5455303588323375,1.4622711933239714,0,106.47236577367336,107.06964625644902,2024_Q4_ONLY,exit_ts_filter_from_all_through_2026_single_run,100.0,3,2.1493446000346657,140,2024-10-01 00:00:00,SMX2V4_B06_FB20_04_after_runup,fb20_after_runup,1084,6.918819188191883,75
73,3.8376803541647124,2025-12-31 23:59:59,380.150665854024,280.150665854024,14753,244,244,1.488196703899225,49.27525984678698,280.150665854024,1.2254033173517058,-0.30113321934402393,10,374.4932761749335,380.150665854024,TRAIN_2025_FULL,exit_ts_filter_from_all_through_2026_single_run,86.3013698630137,63,2.694925091509855,2244,,SMX2V4_B06_FB20_04_after_runup,fb20_after_runup,15960,7.5626566416040095,1207
12,10.050474954705878,2025-12-31 23:59:59,220.60569945647055,120.60569945647055,6518,244,244,1.4881967038992472,28.594986516672293,120.60569945647055,7.3452056571958195,2.172498371906059,0,217.32265270854546,220.60569945647055,2025_FULL_ONLY,exit_ts_filter_from_all_through_2026_single_run,100.0,12,2.9197044291526457,1351,2025-01-01 00:00:00,SMX2V4_B06_FB20_04_after_runup,fb20_after_runup,7094,8.11953763744009,576
70,2.6560312619520916,2025-09-30 23:59:59,285.9221883366464,185.92218833664643,12384,244,244,0.865585344426989,30.971028487070157,185.92218833664643,1.1563763565917782,-0.30113321934402393,10,283.4472877779395,285.9221883366464,PREQ4_ALL_BEFORE_2025_10_01,exit_ts_filter_from_all_through_2026_single_run,85.71428571428571,60,2.7045769174241383,1832,,SMX2V4_B06_FB20_04_after_runup,fb20_after_runup,13399,7.575192178520786,1015
3,5.080904443155224,2025-03-31 23:59:59,115.24271332946567,15.242713329465673,1273,244,244,0.43468166557164567,7.997333045654187,15.243635278547906,5.0728819119054265,2.172498371906059,0,114.7417743837152,115.2436352785479,2025_Q1_ONLY,exit_ts_filter_from_all_through_2026_single_run,100.0,3,3.9551930257815746,457,2025-01-01 00:00:00,SMX2V4_B06_FB20_04_after_runup,fb20_after_runup,1388,8.285302593659942,115
3,4.102042078715438,2025-06-30 23:59:59,112.30612623614631,12.306126236146309,1227,74,74,0.7063415123170325,5.807810381557573,12.32229954746813,3.9238590673372187,2.5744567872515205,0,111.51286144566524,112.32229954746812,2025_Q2_ONLY,exit_ts_filter_from_all_through_2026_single_run,100.0,3,2.649277896933236,252,2025-04-01 00:00:00,SMX2V4_B06_FB20_04_after_runup,fb20_after_runup,1334,8.020989505247377,107
3,9.400382221972583,2025-09-30 23:59:59,128.20114666591775,28.201146665917754,1649,74,74,0.8655853444270334,13.886719979878663,28.201146665917754,9.26485148217499,5.049575203864094,0,127.09145632899016,128.20114666591775,2025_Q3_ONLY,exit_ts_filter_from_all_through_2026_single_run,100.0,3,3.0336422826780804,230,2025-07-01 00:00:00,SMX2V4_B06_FB20_04_after_runup,fb20_after_runup,1811,8.94533406957482,162
3,10.985328801698955,2025-12-31 23:59:59,132.95598640509687,32.95598640509687,2369,23,23,1.4881967038991584,17.23380061318312,32.95598640509687,9.743734101056845,5.9784516908569,0,130.9773397977796,132.95598640509687,2025_Q4_ONLY,exit_ts_filter_from_all_through_2026_single_run,100.0,3,2.660321168166182,412,2025-10-01 00:00:00,SMX2V4_B06_FB20_04_after_runup,fb20_after_runup,2561,7.497071456462319,192
1,2.784538365126224,2026-12-31 23:59:59,102.78453836512622,2.784538365126221,180,8,8,0.4046423053940873,2.784538365126224,2.8747004761274564,2.784538365126224,2.784538365126224,0,102.3686286394969,102.87470047612746,2026_FULL_ONLY,exit_ts_filter_from_all_through_2026_single_run,100.0,1,4.146831720247096,10,2026-01-01 00:00:00,SMX2V4_B06_FB20_04_after_runup,fb20_after_runup,193,6.7357512953367875,13
1,2.784538365126224,2026-03-31 23:59:59,102.78453836512622,2.784538365126221,180,8,8,0.4046423053940873,2.784538365126224,2.8747004761274564,2.784538365126224,2.784538365126224,0,102.3686286394969,102.87470047612746,2026_Q1_ONLY,exit_ts_filter_from_all_through_2026_single_run,100.0,1,4.146831720247096,10,2026-01-01 00:00:00,SMX2V4_B06_FB20_04_after_runup,fb20_after_runup,193,6.7357512953367875,13
0,0.0,2026-06-30 23:59:59,100.0,0.0,0,0,0,0.0,0.0,0.0,0.0,0.0,0,100.0,100.0,2026_Q2_ONLY,exit_ts_filter_from_all_through_2026_single_run,0.0,0,0.0,0,2026-04-01 00:00:00,SMX2V4_B06_FB20_04_after_runup,fb20_after_runup,0,0.0,0
0,0.0,2026-09-30 23:59:59,100.0,0.0,0,0,0,0.0,0.0,0.0,0.0,0.0,0,100.0,100.0,2026_Q3_ONLY,exit_ts_filter_from_all_through_2026_single_run,0.0,0,0.0,0,2026-07-01 00:00:00,SMX2V4_B06_FB20_04_after_runup,fb20_after_runup,0,0.0,0
0,0.0,2026-12-31 23:59:59,100.0,0.0,0,0,0,0.0,0.0,0.0,0.0,0.0,0,100.0,100.0,2026_Q4_ONLY,exit_ts_filter_from_all_through_2026_single_run,0.0,0,0.0,0,2026-10-01 00:00:00,SMX2V4_B06_FB20_04_after_runup,fb20_after_runup,0,0.0,0
76,21.519993158274204,2026-12-31 23:59:59,1735.5194800288396,1635.5194800288396,66142,271,271,1.4621701251731345,269.5484615079872,1635.5611331628086,4.558531456182607,-0.0773918000184608,8,1710.1432326752977,1735.5611331628086,ALL_TO_2026_END,exit_ts_filter_from_all_through_2026_single_run,89.47368421052632,68,2.36101599899671,24834,,SMX2V4_B06_FB50_01_broad_sweep,fb50_broad_sweep,70120,5.673131774101541,3978
12,2.2559589735642107,2023-12-31 23:59:59,127.07150768277053,27.071507682770534,6653,141,141,1.086530896562432,5.20273275079775,27.340870256031714,2.213380223738689,0.14130351121879414,0,125.69083649106952,127.3408702560317,2023_FULL_ONLY,exit_ts_filter_from_all_through_2026_single_run,100.0,12,2.0904671706956517,1625,2023-01-01 00:00:00,SMX2V4_B06_FB50_01_broad_sweep,fb50_broad_sweep,7077,5.991239225660591,424
3,2.173696888490767,2023-03-31 23:59:59,106.5210906654723,6.521090665472307,1983,66,66,0.5618649959810207,2.321459541651649,6.792797131400463,2.1684207798536193,2.0312103439670324,0,105.9225859436858,106.79279713140046,2023_Q1_ONLY,exit_ts_filter_from_all_through_2026_single_run,100.0,3,1.997616879340591,591,2023-01-01 00:00:00,SMX2V4_B06_FB50_01_broad_sweep,fb50_broad_sweep,2100,5.571428571428571,117
3,1.5658420757049452,2023-06-30 23:59:59,104.69752622711484,4.697526227114834,982,41,41,0.4428139383662377,3.0479325321813633,4.748811609237857,1.516940611552542,0.13265308338093007,0,104.23391098785652,104.74881160923785,2023_Q2_ONLY,exit_ts_filter_from_all_through_2026_single_run,100.0,3,2.632985530786711,213,2023-04-01 00:00:00,SMX2V4_B06_FB50_01_broad_sweep,fb50_broad_sweep,1057,7.095553453169347,75
3,1.167954904554018,2023-09-30 23:59:59,103.50386471366205,3.5038647136620638,1101,141,141,1.0865308965623544,2.250162785670099,3.759607055687475,0.6282672178623727,0.6254347101295821,0,102.37926324441203,103.75960705568748,2023_Q3_ONLY,exit_ts_filter_from_all_through_2026_single_run,100.0,3,1.7745543328653637,269,2023-07-01 00:00:00,SMX2V4_B06_FB50_01_broad_sweep,fb50_broad_sweep,1168,5.736301369863014,67
3,3.360943832792979,2023-12-31 23:59:59,110.08283149837894,10.08283149837894,2587,25,25,0.4860926472328275,4.507159497681883,10.316181958328663,3.6192584062526123,1.9564135944444416,0,109.54772694859962,110.31618195832866,2023_Q4_ONLY,exit_ts_filter_from_all_through_2026_single_run,100.0,3,2.1464029817971317,552,2023-10-01 00:00:00,SMX2V4_B06_FB50_01_broad_sweep,fb50_broad_sweep,2752,5.995639534883721,165
12,5.204774117584776,2024-12-31 23:59:59,162.4572894110173,62.457289411017314,15278,203,203,1.1535977188359303,11.282831226981585,62.551838563841834,4.049179281224198,1.496518306758304,0,160.58318582628914,162.55183856384184,2024_FULL_ONLY,exit_ts_filter_from_all_through_2026_single_run,100.0,12,2.157759169578339,6311,2024-01-01 00:00:00,SMX2V4_B06_FB50_01_broad_sweep,fb50_broad_sweep,16090,5.046612802983219,812
3,5.79656871995374,2024-03-31 23:59:59,117.38970615986122,17.38970615986122,3910,63,63,0.72983686839031,10.066802303318667,17.38970615986122,5.729166173942943,1.5937376825996097,0,116.5329528046115,117.38970615986122,2024_Q1_ONLY,exit_ts_filter_from_all_through_2026_single_run,100.0,3,2.270540770326573,1182,2024-01-01 00:00:00,SMX2V4_B06_FB50_01_broad_sweep,fb50_broad_sweep,4149,5.760424198602073,239
3,2.4027680958827204,2024-06-30 23:59:59,107.20830428764816,7.20830428764816,3388,203,203,0.6068079509696012,4.08978441940404,7.25428051239172,1.8436906215292765,1.2748292467148445,0,106.55775577313103,107.25428051239172,2024_Q2_ONLY,exit_ts_filter_from_all_through_2026_single_run,100.0,3,1.9208527568472535,1641,2024-04-01 00:00:00,SMX2V4_B06_FB50_01_broad_sweep,fb50_broad_sweep,3537,4.212609556121007,149
3,2.26556640043709,2024-09-30 23:59:59,106.79669920131127,6.796699201311274,2682,66,66,0.6829774664656729,2.6200500584550355,6.914181240416339,2.554088375463607,1.6225607673926277,0,106.0673018108372,106.91418124041634,2024_Q3_ONLY,exit_ts_filter_from_all_through_2026_single_run,100.0,3,2.02913733399624,993,2024-07-01 00:00:00,SMX2V4_B06_FB50_01_broad_sweep,fb50_broad_sweep,2824,5.028328611898017,142
3,6.957075630176798,2024-12-31 23:59:59,120.8712268905304,20.8712268905304,5298,161,161,1.1535977188360635,8.394635033911129,20.941573208290553,7.219626386513838,5.256965470105428,0,119.47685917439208,120.94157320829056,2024_Q4_ONLY,exit_ts_filter_from_all_through_2026_single_run,100.0,3,2.235231848611135,2495,2024-10-01 00:00:00,SMX2V4_B06_FB50_01_broad_sweep,fb50_broad_sweep,5580,5.053763440860215,282
75,20.687650908502874,2025-12-31 23:59:59,1651.5738181377155,1551.5738181377155,65285,271,271,1.4621701251731345,269.5484615079872,1551.6002436359113,4.465935960386446,-0.0773918000184608,8,1627.4249991737247,1651.6002436359113,TRAIN_2025_FULL,exit_ts_filter_from_all_through_2026_single_run,89.33333333333333,67,2.358381788618783,24536,,SMX2V4_B06_FB50_01_broad_sweep,fb50_broad_sweep,69192,5.6466065441091455,3907
12,24.037988027489458,2025-12-31 23:59:59,388.4558563298735,288.4558563298735,25383,271,271,1.4621701251731567,63.39872749711651,288.4620716981591,14.327135890306934,7.646942384768664,0,382.77597084913253,388.4620716981591,2025_FULL_ONLY,exit_ts_filter_from_all_through_2026_single_run,100.0,12,2.4410940434349078,11577,2025-01-01 00:00:00,SMX2V4_B06_FB50_01_broad_sweep,fb50_broad_sweep,27031,6.0967037845436725,1648
72,12.322024571301007,2025-09-30 23:59:59,987.1857691336725,887.1857691336725,56563,271,271,1.4621701251731345,122.66735941723948,887.193666683006,4.1771432720435655,-0.0773918000184608,8,972.7514337374394,987.193666683006,PREQ4_ALL_BEFORE_2025_10_01,exit_ts_filter_from_all_through_2026_single_run,88.88888888888889,64,2.342380272544564,20517,,SMX2V4_B06_FB50_01_broad_sweep,fb50_broad_sweep,59892,5.558338342349563,3329
3,9.487221481043946,2025-03-31 23:59:59,128.46166444313184,28.46166444313183,5210,270,270,1.2192506555692595,12.527829482768851,28.46680303303506,8.286892575594322,7.646942384768664,0,126.89539475725377,128.46680303303506,2025_Q1_ONLY,exit_ts_filter_from_all_through_2026_single_run,100.0,3,2.7100194285117127,2822,2025-01-01 00:00:00,SMX2V4_B06_FB50_01_broad_sweep,fb50_broad_sweep,5517,5.564618452057277,307
3,9.125305792143541,2025-06-30 23:59:59,127.37591737643062,27.375917376430614,5500,271,271,1.209080678548824,12.048263548414113,27.375917376430614,7.981205389880756,7.346448438135752,0,125.83583977030787,127.37591737643062,2025_Q2_ONLY,exit_ts_filter_from_all_through_2026_single_run,100.0,3,2.3445264289453855,2646,2025-04-01 00:00:00,SMX2V4_B06_FB50_01_broad_sweep,fb50_broad_sweep,5847,5.934667350778177,347
3,13.966590944698984,2025-09-30 23:59:59,141.89977283409695,41.89977283409696,5951,227,227,1.46217012517319,17.632416288516907,41.90090804136128,16.214472346153073,8.05288419942697,0,139.82495674802817,141.90090804136128,2025_Q3_ONLY,exit_ts_filter_from_all_through_2026_single_run,100.0,3,2.3647717670002115,2090,2025-07-01 00:00:00,SMX2V4_B06_FB50_01_broad_sweep,fb50_broad_sweep,6367,6.533689335636877,416
3,22.433739416208947,2025-12-31 23:59:59,167.30121824862684,67.30121824862685,8722,162,162,1.3195729173030246,27.304735333100822,67.303895100241,24.75072561587723,15.245757299648787,0,165.09355668229995,167.303895100241,2025_Q4_ONLY,exit_ts_filter_from_all_through_2026_single_run,100.0,3,2.434361286561822,4019,2025-10-01 00:00:00,SMX2V4_B06_FB50_01_broad_sweep,fb50_broad_sweep,9300,6.21505376344086,578
1,5.082767779994242,2026-12-31 23:59:59,105.08276777999424,5.082767779994235,857,24,24,0.8294371994474248,5.082767779994242,5.085289806773297,5.082767779994242,5.082767779994242,0,104.211172213818,105.08528980677329,2026_FULL_ONLY,exit_ts_filter_from_all_through_2026_single_run,100.0,1,2.5278464840542654,298,2026-01-01 00:00:00,SMX2V4_B06_FB50_01_broad_sweep,fb50_broad_sweep,928,7.650862068965517,71
1,5.082767779994242,2026-03-31 23:59:59,105.08276777999424,5.082767779994235,857,24,24,0.8294371994474248,5.082767779994242,5.085289806773297,5.082767779994242,5.082767779994242,0,104.211172213818,105.08528980677329,2026_Q1_ONLY,exit_ts_filter_from_all_through_2026_single_run,100.0,1,2.5278464840542654,298,2026-01-01 00:00:00,SMX2V4_B06_FB50_01_broad_sweep,fb50_broad_sweep,928,7.650862068965517,71
0,0.0,2026-06-30 23:59:59,100.0,0.0,0,0,0,0.0,0.0,0.0,0.0,0.0,0,100.0,100.0,2026_Q2_ONLY,exit_ts_filter_from_all_through_2026_single_run,0.0,0,0.0,0,2026-04-01 00:00:00,SMX2V4_B06_FB50_01_broad_sweep,fb50_broad_sweep,0,0.0,0
0,0.0,2026-09-30 23:59:59,100.0,0.0,0,0,0,0.0,0.0,0.0,0.0,0.0,0,100.0,100.0,2026_Q3_ONLY,exit_ts_filter_from_all_through_2026_single_run,0.0,0,0.0,0,2026-07-01 00:00:00,SMX2V4_B06_FB50_01_broad_sweep,fb50_broad_sweep,0,0.0,0
0,0.0,2026-12-31 23:59:59,100.0,0.0,0,0,0,0.0,0.0,0.0,0.0,0.0,0,100.0,100.0,2026_Q4_ONLY,exit_ts_filter_from_all_through_2026_single_run,0.0,0,0.0,0,2026-10-01 00:00:00,SMX2V4_B06_FB50_01_broad_sweep,fb50_broad_sweep,0,0.0,0
76,9.465028490769422,2026-12-31 23:59:59,819.3421652984761,719.3421652984761,47789,232,232,1.2716966928089213,105.3874590893945,719.3487200882367,2.784266249328013,-0.08168903813857753,6,808.9226180795863,819.3487200882367,ALL_TO_2026_END,exit_ts_filter_from_all_through_2026_single_run,92.10526315789474,70,2.36347457465548,15202,,SMX2V4_B06_FB50_02_strict_distribution,fb50_strict_distribution,50723,5.784358180706977,2934
12,1.8297420208214252,2023-12-31 23:59:59,121.9569042498571,21.9569042498571,5145,118,118,0.6157992305730997,4.064729844166152,22.17703393220458,1.8359489203646362,0.24775208399981352,0,121.20589457185571,122.17703393220458,2023_FULL_ONLY,exit_ts_filter_from_all_through_2026_single_run,100.0,12,2.1763857476854453,1102,2023-01-01 00:00:00,SMX2V4_B06_FB50_02_strict_distribution,fb50_strict_distribution,5471,5.958691281301407,326
3,1.987303445694631,2023-03-31 23:59:59,105.96191033708389,5.961910337083887,1489,23,23,0.40999150653842076,2.2900124963546205,6.061412763669272,1.9883855118720248,1.6835123288572476,0,105.52747550453599,106.06141276366928,2023_Q1_ONLY,exit_ts_filter_from_all_through_2026_single_run,100.0,3,2.1912827730782283,367,2023-01-01 00:00:00,SMX2V4_B06_FB50_02_strict_distribution,fb50_strict_distribution,1586,6.116015132408575,97
3,1.186690147179803,2023-06-30 23:59:59,103.56007044153941,3.560070441539409,780,25,25,0.4413994574122393,2.494626294133596,3.6039448332880752,0.831631748958344,0.23381239844746915,0,103.10295685251471,103.60394483328807,2023_Q2_ONLY,exit_ts_filter_from_all_through_2026_single_run,100.0,3,2.47834371616954,147,2023-04-01 00:00:00,SMX2V4_B06_FB50_02_strict_distribution,fb50_strict_distribution,831,6.137184115523466,51
3,1.1894786951163496,2023-09-30 23:59:59,103.56843608534905,3.568436085349047,876,118,118,0.6157992305730886,1.5249567576786944,3.7241824723664774,1.4921060656781435,0.5513732619922109,0,102.9306624528189,103.72418247236648,2023_Q3_ONLY,exit_ts_filter_from_all_through_2026_single_run,100.0,3,2.145206743268316,218,2023-07-01 00:00:00,SMX2V4_B06_FB50_02_strict_distribution,fb50_strict_distribution,930,5.806451612903226,54
3,2.436391736306343,2023-12-31 23:59:59,107.30917520891903,7.309175208919028,2000,28,28,0.6146331436052699,3.5765322980886936,7.50286604419399,1.9319359948921857,1.8007069159381501,0,106.64961745195555,107.502866044194,2023_Q4_ONLY,exit_ts_filter_from_all_through_2026_single_run,100.0,3,2.071351172557668,370,2023-10-01 00:00:00,SMX2V4_B06_FB50_02_strict_distribution,fb50_strict_distribution,2124,5.83804143126177,124
12,3.5609385397820623,2024-12-31 23:59:59,142.73126247738475,42.731262477384746,11059,176,176,1.0412226386072532,7.069508104923187,42.77465955078738,2.6117988054733274,0.5758493628665207,0,141.24511226010029,142.7746595507874,2024_FULL_ONLY,exit_ts_filter_from_all_through_2026_single_run,100.0,12,2.1221951164599218,3885,2024-01-01 00:00:00,SMX2V4_B06_FB50_02_strict_distribution,fb50_strict_distribution,11669,5.227525923386751,610
3,3.728137204986936,2024-03-31 23:59:59,111.18441161496081,11.184411614960798,2823,32,32,0.6103384328060679,7.069508104923187,11.184411614960798,3.5390541471711003,0.5758493628665207,0,110.50581041958539,111.18441161496081,2024_Q1_ONLY,exit_ts_filter_from_all_through_2026_single_run,100.0,3,2.124855860028455,685,2024-01-01 00:00:00,SMX2V4_B06_FB50_02_strict_distribution,fb50_strict_distribution,2995,5.742904841402337,172
3,1.9486927426751066,2024-06-30 23:59:59,105.84607822802532,5.84607822802532,2379,176,176,0.3930349988449211,2.756622834507894,5.874552736853622,1.6148129743158535,1.4746424192015724,0,105.4300660956844,105.87455273685362,2024_Q2_ONLY,exit_ts_filter_from_all_through_2026_single_run,100.0,3,2.0424338789723984,1051,2024-04-01 00:00:00,SMX2V4_B06_FB50_02_strict_distribution,fb50_strict_distribution,2493,4.57280385078219,114
3,1.6533417991490278,2024-09-30 23:59:59,104.96002539744708,4.960025397447088,1972,48,48,0.5985384754233269,1.8342820675043612,5.098327067125807,1.6357242607904823,1.4900190691522397,0,104.33179926162927,105.09832706712581,2024_Q3_ONLY,exit_ts_filter_from_all_through_2026_single_run,100.0,3,2.0014717404682743,590,2024-07-01 00:00:00,SMX2V4_B06_FB50_02_strict_distribution,fb50_strict_distribution,2076,5.009633911368015,104
3,5.183914847133825,2024-12-31 23:59:59,115.55174454140148,15.551744541401469,3885,117,117,1.0412226386072199,5.344428608590391,15.586877752252626,5.15610176037012,5.0512141724409645,0,114.34859361793082,115.58687775225263,2024_Q4_ONLY,exit_ts_filter_from_all_through_2026_single_run,100.0,3,2.2049640300014013,1559,2024-10-01 00:00:00,SMX2V4_B06_FB50_02_strict_distribution,fb50_strict_distribution,4105,5.35931790499391,220
75,9.391973984950113,2025-12-31 23:59:59,804.3980488712584,704.3980488712584,47118,232,232,1.2716966928089213,105.3874590893945,704.4044841071313,2.7758785714117664,-0.08168903813857753,6,794.1685454867433,804.4044841071313,TRAIN_2025_FULL,exit_ts_filter_from_all_through_2026_single_run,92.0,69,2.3728531315690957,15005,,SMX2V4_B06_FB50_02_strict_distribution,fb50_strict_distribution,50000,5.763999999999999,2882
12,14.881386384060804,2025-12-31 23:59:59,278.57663660872964,178.57663660872961,18160,232,232,1.2716966928086992,36.49745786313099,178.57886523965158,11.107981480521154,4.502901800012012,0,275.0339867340387,278.5788652396516,2025_FULL_ONLY,exit_ts_filter_from_all_through_2026_single_run,100.0,12,2.50423126179179,7102,2025-01-01 00:00:00,SMX2V4_B06_FB50_02_strict_distribution,fb50_strict_distribution,19369,6.241932985698797,1209
72,6.0931489380649975,2025-09-30 23:59:59,538.7067235406798,438.70672354067983,40843,232,232,1.2206135170037546,51.069478939515704,438.7110332289456,2.745726741965157,-0.08168903813857753,6,532.1311964561343,538.7110332289457,PREQ4_ALL_BEFORE_2025_10_01,exit_ts_filter_from_all_through_2026_single_run,91.66666666666666,66,2.3409565883794734,12542,,SMX2V4_B06_FB50_02_strict_distribution,fb50_strict_distribution,43298,5.6700078525567,2455
3,6.943340994919249,2025-03-31 23:59:59,120.83002298475775,20.830022984757758,3583,208,208,0.6659345623622581,9.748053513179698,20.83388962282571,5.5868652159362995,5.495104255641749,0,120.025374099992,120.83388962282571,2025_Q1_ONLY,exit_ts_filter_from_all_through_2026_single_run,100.0,3,2.901540880869643,1707,2025-01-01 00:00:00,SMX2V4_B06_FB50_02_strict_distribution,fb50_strict_distribution,3809,5.933315830926753,226
3,5.793346621994573,2025-06-30 23:59:59,117.38003986598372,17.38003986598371,3980,232,232,1.2206135170037435,9.382733936407675,17.38003986598371,4.270664413849815,3.7266415157262287,0,115.94728323311513,117.38003986598372,2025_Q2_ONLY,exit_ts_filter_from_all_through_2026_single_run,100.0,3,2.1655901647962565,1662,2025-04-01 00:00:00,SMX2V4_B06_FB50_02_strict_distribution,fb50_strict_distribution,4226,5.821107430194037,246
3,10.513245475912006,2025-09-30 23:59:59,131.53973642773602,31.53973642773602,4322,191,191,1.0322374086324415,12.469986925452787,31.540788754046044,11.399455387962988,7.670294114320242,0,130.18193406111243,131.54078875404605,2025_Q3_ONLY,exit_ts_filter_from_all_through_2026_single_run,100.0,3,2.51286656639084,1270,2025-07-01 00:00:00,SMX2V4_B06_FB50_02_strict_distribution,fb50_strict_distribution,4632,6.6925734024179615,310
3,16.44007235107466,2025-12-31 23:59:59,149.32021705322398,49.32021705322398,6275,134,134,1.2716966928089657,19.56304877665643,49.321411624516976,19.046467235159156,10.710701041408399,0,147.42131679126297,149.32141162451697,2025_Q4_ONLY,exit_ts_filter_from_all_through_2026_single_run,100.0,3,2.5250032628661856,2463,2025-10-01 00:00:00,SMX2V4_B06_FB50_02_strict_distribution,fb50_strict_distribution,6702,6.371232467920024,427
1,1.8578011779350163,2026-12-31 23:59:59,101.85780117793502,1.8578011779350145,671,18,18,0.5635715287877208,1.8578011779350163,1.8586160468633928,1.8578011779350163,1.8578011779350163,0,101.28375961064697,101.85861604686339,2026_FULL_ONLY,exit_ts_filter_from_all_through_2026_single_run,100.0,1,1.768458646866516,197,2026-01-01 00:00:00,SMX2V4_B06_FB50_02_strict_distribution,fb50_strict_distribution,723,7.192254495159059,52
1,1.8578011779350163,2026-03-31 23:59:59,101.85780117793502,1.8578011779350145,671,18,18,0.5635715287877208,1.8578011779350163,1.8586160468633928,1.8578011779350163,1.8578011779350163,0,101.28375961064697,101.85861604686339,2026_Q1_ONLY,exit_ts_filter_from_all_through_2026_single_run,100.0,1,1.768458646866516,197,2026-01-01 00:00:00,SMX2V4_B06_FB50_02_strict_distribution,fb50_strict_distribution,723,7.192254495159059,52
0,0.0,2026-06-30 23:59:59,100.0,0.0,0,0,0,0.0,0.0,0.0,0.0,0.0,0,100.0,100.0,2026_Q2_ONLY,exit_ts_filter_from_all_through_2026_single_run,0.0,0,0.0,0,2026-04-01 00:00:00,SMX2V4_B06_FB50_02_strict_distribution,fb50_strict_distribution,0,0.0,0
0,0.0,2026-09-30 23:59:59,100.0,0.0,0,0,0,0.0,0.0,0.0,0.0,0.0,0,100.0,100.0,2026_Q3_ONLY,exit_ts_filter_from_all_through_2026_single_run,0.0,0,0.0,0,2026-07-01 00:00:00,SMX2V4_B06_FB50_02_strict_distribution,fb50_strict_distribution,0,0.0,0
0,0.0,2026-12-31 23:59:59,100.0,0.0,0,0,0,0.0,0.0,0.0,0.0,0.0,0,100.0,100.0,2026_Q4_ONLY,exit_ts_filter_from_all_through_2026_single_run,0.0,0,0.0,0,2026-10-01 00:00:00,SMX2V4_B06_FB50_02_strict_distribution,fb50_strict_distribution,0,0.0,0
76,41.73737590211546,2026-12-31 23:59:59,3272.040568560775,3172.0405685607743,95557,274,274,1.8321328730839692,549.7935955185851,3172.0929218381107,6.72927337275685,-0.09467954196409778,3,3212.092437683529,3272.0929218381107,ALL_TO_2026_END,exit_ts_filter_from_all_through_2026_single_run,96.05263157894737,73,2.349261119098179,43713,,SMX2V4_B06_FB20_FB50_combo,fb20_fb50_combo,100881,5.2775051793697525,5324
12,2.8862770227423176,2023-12-31 23:59:59,134.6353242729078,34.63532427290781,9839,143,143,1.1289195538259689,6.494316348664455,34.93152215538089,2.5896743429495004,0.07488148895077984,0,133.11539977083396,134.9315221553809,2023_FULL_ONLY,exit_ts_filter_from_all_through_2026_single_run,100.0,12,2.0370880296593317,3228,2023-01-01 00:00:00,SMX2V4_B06_FB20_FB50_combo,fb20_fb50_combo,10431,5.6753906624484705,592
3,2.4224788511034205,2023-03-31 23:59:59,107.26743655331026,7.267436553310258,2882,65,65,0.6553312880576811,2.9139177040365922,7.573051224772409,2.316665439255601,2.036853410018068,0,106.564479479679,107.57305122477241,2023_Q1_ONLY,exit_ts_filter_from_all_through_2026_single_run,100.0,3,1.8582171936183556,1148,2023-01-01 00:00:00,SMX2V4_B06_FB20_FB50_combo,fb20_fb50_combo,3033,4.978569073524563,151
3,1.6893686194232724,2023-06-30 23:59:59,105.06810585826982,5.068105858269822,1582,71,71,0.7461142796236886,3.152114986766321,5.201248831388439,1.846182650707803,0.06980822079569293,0,104.28417771713114,105.20124883138844,2023_Q2_ONLY,exit_ts_filter_from_all_through_2026_single_run,100.0,3,2.1802748014552225,458,2023-04-01 00:00:00,SMX2V4_B06_FB20_FB50_combo,fb20_fb50_combo,1684,6.0570071258907365,102
3,1.8342557194233298,2023-09-30 23:59:59,105.50276715826999,5.502767158269983,1575,143,143,1.1289195538261576,2.5400045308079626,5.692412956061732,1.527246771403668,1.435515856058359,0,104.3117257899926,105.69241295606173,2023_Q3_ONLY,exit_ts_filter_from_all_through_2026_single_run,100.0,3,2.0111513951976803,439,2023-07-01 00:00:00,SMX2V4_B06_FB20_FB50_combo,fb20_fb50_combo,1677,6.082289803220036,102
3,4.409553100599415,2023-12-31 23:59:59,113.22865930179825,13.22865930179824,3800,61,61,0.5715044606313002,5.461737008561215,13.477762494452783,5.199336779069569,2.5675855141674617,0,112.58155246317544,113.47776249445278,2023_Q4_ONLY,exit_ts_filter_from_all_through_2026_single_run,100.0,3,2.127829020469368,1183,2023-10-01 00:00:00,SMX2V4_B06_FB20_FB50_combo,fb20_fb50_combo,4037,5.870696061431756,237
12,7.257415606813528,2024-12-31 23:59:59,187.08898728176234,87.08898728176236,23106,211,211,1.4504375033455918,15.863378183520638,87.4618538561971,5.113054688329065,2.5658961253858337,0,184.3753784455982,187.46185385619708,2024_FULL_ONLY,exit_ts_filter_from_all_through_2026_single_run,100.0,12,2.1420374390684898,11774,2024-01-01 00:00:00,SMX2V4_B06_FB20_FB50_combo,fb20_fb50_combo,24243,4.690013612176711,1137
3,7.354422241148545,2024-03-31 23:59:59,122.06326672344564,22.06326672344563,5434,76,76,0.8697766598946166,12.48306949704208,22.092013828170476,7.014301101017722,2.5658961253858337,0,121.0015889191802,122.09201382817047,2024_Q1_ONLY,exit_ts_filter_from_all_through_2026_single_run,100.0,3,2.302076106415966,2090,2024-01-01 00:00:00,SMX2V4_B06_FB20_FB50_combo,fb20_fb50_combo,5746,5.429864253393665,312
3,3.3719747720741204,2024-06-30 23:59:59,110.11592431622236,10.115924316222369,4989,211,211,0.7801476551548281,4.632522933564246,10.195700878880931,2.91919339429478,2.5642079883633357,0,109.25685751471728,110.19570087888094,2024_Q2_ONLY,exit_ts_filter_from_all_through_2026_single_run,100.0,3,1.9615214693582441,2717,2024-04-01 00:00:00,SMX2V4_B06_FB20_FB50_combo,fb20_fb50_combo,5201,4.076139203999231,212
3,3.0151008871554077,2024-09-30 23:59:59,109.04530266146622,9.045302661466215,4294,92,92,0.7571049943293051,3.4011333458277733,9.080539901056017,3.020921704965488,2.623247610672962,0,108.21971522893475,109.08053990105601,2024_Q3_ONLY,exit_ts_filter_from_all_through_2026_single_run,100.0,3,1.9940522258565399,2036,2024-07-01 00:00:00,SMX2V4_B06_FB20_FB50_combo,fb20_fb50_combo,4494,4.450378282153983,200
3,9.21522896120114,2024-12-31 23:59:59,127.64568688360342,27.645686883603425,8389,184,184,1.4504375033457029,10.823148032120045,27.900083525015585,9.632258288554155,7.1902805629292175,0,125.79426596964042,127.90008352501557,2024_Q4_ONLY,exit_ts_filter_from_all_through_2026_single_run,100.0,3,2.173140178723492,4931,2024-10-01 00:00:00,SMX2V4_B06_FB20_FB50_combo,fb20_fb50_combo,8802,4.692115428311747,413
75,39.96453218415687,2025-12-31 23:59:59,3097.3399138117657,2997.3399138117657,94349,274,274,1.8321328730839692,549.7935955185851,2997.3646927293075,6.633365493250238,-0.09467954196409778,3,3040.59253105967,3097.3646927293075,TRAIN_2025_FULL,exit_ts_filter_from_all_through_2026_single_run,96.0,72,2.3487891311969737,43193,,SMX2V4_B06_FB20_FB50_combo,fb20_fb50_combo,99579,5.252111388947469,5230
12,33.148422302686164,2025-12-31 23:59:59,497.78106763223394,397.78106763223394,35729,274,274,1.832132873084047,88.35867246414301,397.7850499126332,23.282309508697082,8.608857978683304,0,488.661057056155,497.78504991263327,2025_FULL_ONLY,exit_ts_filter_from_all_through_2026_single_run,100.0,12,2.4602721640982543,19378,2025-01-01 00:00:00,SMX2V4_B06_FB20_FB50_combo,fb20_fb50_combo,37874,5.663515868405766,2145
72,22.6604209884109,2025-09-30 23:59:59,1731.5503111655846,1631.5503111655846,82380,274,274,1.8321328730839692,235.9446461602147,1631.5641636788944,6.23377220160355,-0.09467954196409778,3,1699.8260087007322,1731.5641636788941,PREQ4_ALL_BEFORE_2025_10_01,exit_ts_filter_from_all_through_2026_single_run,95.83333333333334,69,2.334170318843759,36585,,SMX2V4_B06_FB20_FB50_combo,fb20_fb50_combo,86901,5.2024717782304,4521
3,12.155760569349374,2025-03-31 23:59:59,136.46728170804812,36.46728170804812,7735,262,262,1.2537123813093354,17.49720113016039,36.4760159285064,10.361222599204424,8.608857978683304,0,134.756374500838,136.4760159285064,2025_Q1_ONLY,exit_ts_filter_from_all_through_2026_single_run,100.0,3,2.69684113276316,4782,2025-01-01 00:00:00,SMX2V4_B06_FB20_FB50_combo,fb20_fb50_combo,8177,5.405405405405405,442
3,12.400860451631681,2025-06-30 23:59:59,137.20258135489505,37.202581354895045,7943,274,274,1.8321328730841246,20.13360813738241,37.202581354895045,9.019072622996532,8.049900594516103,0,134.68884775917203,137.20258135489505,2025_Q2_ONLY,exit_ts_filter_from_all_through_2026_single_run,100.0,3,2.4197745492500884,4469,2025-04-01 00:00:00,SMX2V4_B06_FB20_FB50_combo,fb20_fb50_combo,8420,5.665083135391924,477
3,16.20855344942125,2025-09-30 23:59:59,148.62566034826375,48.62566034826374,8082,262,262,1.5201808091412916,20.25204154627967,48.62684936305865,18.178588611860278,10.195030190123802,0,146.3662815821899,148.62684936305865,2025_Q3_ONLY,exit_ts_filter_from_all_through_2026_single_run,100.0,3,2.3900729278716435,3519,2025-07-01 00:00:00,SMX2V4_B06_FB20_FB50_combo,fb20_fb50_combo,8599,6.012327014769159,517
3,26.292230606663328,2025-12-31 23:59:59,178.87669181999,78.87669181999,11969,255,255,1.7297913106931073,31.751523012258815,78.87812284497275,29.753427672469115,17.371741135262056,0,175.78249834803253,178.87812284497275,2025_Q4_ONLY,exit_ts_filter_from_all_through_2026_single_run,100.0,3,2.4252819757277444,6608,2025-10-01 00:00:00,SMX2V4_B06_FB20_FB50_combo,fb20_fb50_combo,12678,5.592364726297523,709
1,5.640344928561987,2026-12-31 23:59:59,105.64034492856199,5.64034492856198,1208,34,34,1.0378478958297466,5.640344928561987,5.642035194364015,5.640344928561987,5.640344928561987,0,104.54395883157362,105.64203519436401,2026_FULL_ONLY,exit_ts_filter_from_all_through_2026_single_run,100.0,1,2.3793354693659534,520,2026-01-01 00:00:00,SMX2V4_B06_FB20_FB50_combo,fb20_fb50_combo,1302,7.2196620583717355,94
1,5.640344928561987,2026-03-31 23:59:59,105.64034492856199,5.64034492856198,1208,34,34,1.0378478958297466,5.640344928561987,5.642035194364015,5.640344928561987,5.640344928561987,0,104.54395883157362,105.64203519436401,2026_Q1_ONLY,exit_ts_filter_from_all_through_2026_single_run,100.0,1,2.3793354693659534,520,2026-01-01 00:00:00,SMX2V4_B06_FB20_FB50_combo,fb20_fb50_combo,1302,7.2196620583717355,94
0,0.0,2026-06-30 23:59:59,100.0,0.0,0,0,0,0.0,0.0,0.0,0.0,0.0,0,100.0,100.0,2026_Q2_ONLY,exit_ts_filter_from_all_through_2026_single_run,0.0,0,0.0,0,2026-04-01 00:00:00,SMX2V4_B06_FB20_FB50_combo,fb20_fb50_combo,0,0.0,0
0,0.0,2026-09-30 23:59:59,100.0,0.0,0,0,0,0.0,0.0,0.0,0.0,0.0,0,100.0,100.0,2026_Q3_ONLY,exit_ts_filter_from_all_through_2026_single_run,0.0,0,0.0,0,2026-07-01 00:00:00,SMX2V4_B06_FB20_FB50_combo,fb20_fb50_combo,0,0.0,0
0,0.0,2026-12-31 23:59:59,100.0,0.0,0,0,0,0.0,0.0,0.0,0.0,0.0,0,100.0,100.0,2026_Q4_ONLY,exit_ts_filter_from_all_through_2026_single_run,0.0,0,0.0,0,2026-10-01 00:00:00,SMX2V4_B06_FB20_FB50_combo,fb20_fb50_combo,0,0.0,0
76,330.2748744456303,2026-12-31 23:59:59,25200.890457867903,25100.890457867903,105865,326,326,5.684054512967995,6870.691159508426,25107.45240800767,14.47434958509919,-0.2965361198921812,5,23768.458106489343,25207.45240800767,ALL_TO_2026_END,exit_ts_filter_from_all_through_2026_single_run,93.42105263157895,71,1.9856817031240548,48306,,SMX2V4_B06_SOFTFB_01_M01_plus_fb20,softfb_M01_plus_fb20,114422,7.478456940098932,8557
12,5.023340939318814,2023-12-31 23:59:59,160.28009127182577,60.28009127182577,10977,150,150,1.9763214046094824,11.654545364717734,61.06866682296867,4.6359512462101335,0.4694495859413337,0,157.11244152069307,161.06866682296868,2023_FULL_ONLY,exit_ts_filter_from_all_through_2026_single_run,100.0,12,1.802207327517854,3469,2023-01-01 00:00:00,SMX2V4_B06_SOFTFB_01_M01_plus_fb20,softfb_M01_plus_fb20,11943,8.088419994976137,966
3,5.067629511865675,2023-03-31 23:59:59,115.20288853559703,15.202888535597037,3497,132,132,1.8733955106990718,6.178796753476746,15.241784163570916,4.735442750028412,4.288649032091868,0,113.0446827935755,115.24178416357091,2023_Q1_ONLY,exit_ts_filter_from_all_through_2026_single_run,100.0,3,1.792942112353458,1508,2023-01-01 00:00:00,SMX2V4_B06_SOFTFB_01_M01_plus_fb20,softfb_M01_plus_fb20,3802,8.022093634928986,305
3,3.520623389644238,2023-06-30 23:59:59,110.56187016893271,10.561870168932707,1504,43,43,0.8630672464686295,4.101499965419478,10.562754670970076,3.9468246992483103,2.5135455042649255,0,109.60764688042148,110.56275467097008,2023_Q2_ONLY,exit_ts_filter_from_all_through_2026_single_run,100.0,3,2.3202854582566745,328,2023-04-01 00:00:00,SMX2V4_B06_SOFTFB_01_M01_plus_fb20,softfb_M01_plus_fb20,1658,9.288299155609167,154
3,2.013083734080913,2023-09-30 23:59:59,106.03925120224274,6.039251202242735,1883,150,150,1.9763214046096045,4.472169477887334,6.143624249687485,1.1985115266357695,0.3685701977196345,0,103.94357478344506,106.14362424968748,2023_Q3_ONLY,exit_ts_filter_from_all_through_2026_single_run,100.0,3,1.5429499439205114,511,2023-07-01 00:00:00,SMX2V4_B06_SOFTFB_01_M01_plus_fb20,softfb_M01_plus_fb20,2045,7.921760391198044,162
3,6.2236285948183365,2023-12-31 23:59:59,118.67088578445501,18.670885784455017,4093,26,26,1.0998294395113462,8.628989482546672,19.254744693066293,7.625686343328368,2.4162099585799695,0,117.36570844646869,119.25474469306629,2023_Q4_ONLY,exit_ts_filter_from_all_through_2026_single_run,100.0,3,1.759130080949231,1122,2023-10-01 00:00:00,SMX2V4_B06_SOFTFB_01_M01_plus_fb20,softfb_M01_plus_fb20,4438,7.773771969355566,345
12,11.990243162216883,2024-12-31 23:59:59,243.8829179466026,143.88291794660256,22060,196,196,1.8063502940227294,33.858183621895876,144.0834504378976,8.545605972064557,3.304422713580209,0,239.47753814120284,244.0834504378976,2024_FULL_ONLY,exit_ts_filter_from_all_through_2026_single_run,100.0,12,1.8903306562722701,10339,2024-01-01 00:00:00,SMX2V4_B06_SOFTFB_01_M01_plus_fb20,softfb_M01_plus_fb20,23759,7.150974367608064,1699
3,10.230238976788977,2024-03-31 23:59:59,130.69071693036693,30.690716930366936,6266,87,87,1.3190701388744563,18.29506651734671,30.69489911695209,9.091227699440012,3.304422713580209,0,128.96681470905753,130.6948991169521,2024_Q1_ONLY,exit_ts_filter_from_all_through_2026_single_run,100.0,3,1.7876541444056635,2459,2024-01-01 00:00:00,SMX2V4_B06_SOFTFB_01_M01_plus_fb20,softfb_M01_plus_fb20,6793,7.75798616222582,527
3,6.07627593801034,2024-06-30 23:59:59,118.22882781403102,18.228827814031014,4562,196,196,1.3654131554696858,7.365578291024661,18.268552819422435,6.121310244974708,4.741939278031651,0,116.61451584550063,118.26855281942242,2024_Q2_ONLY,exit_ts_filter_from_all_through_2026_single_run,100.0,3,1.9934918812612399,2393,2024-04-01 00:00:00,SMX2V4_B06_SOFTFB_01_M01_plus_fb20,softfb_M01_plus_fb20,4884,6.592956592956593,322
3,4.219677709107027,2024-09-30 23:59:59,112.65903312732108,12.659033127321084,4003,106,106,1.407263487018795,4.681128691535761,12.659934406796335,4.161433323116398,3.8164711126689213,0,111.07362368929189,112.65993440679634,2024_Q3_ONLY,exit_ts_filter_from_all_through_2026_single_run,100.0,3,1.8200263994012005,1746,2024-07-01 00:00:00,SMX2V4_B06_SOFTFB_01_M01_plus_fb20,softfb_M01_plus_fb20,4292,6.733457595526561,289
3,13.367645572526206,2024-12-31 23:59:59,140.10293671757861,40.10293671757861,7229,125,125,1.8063502940226517,19.450443668996,40.218136220578856,13.676436250214323,6.97605679836829,0,137.57218690824627,140.21813622057886,2024_Q4_ONLY,exit_ts_filter_from_all_through_2026_single_run,100.0,3,1.9701464816711247,3741,2024-10-01 00:00:00,SMX2V4_B06_SOFTFB_01_M01_plus_fb20,softfb_M01_plus_fb20,7790,7.201540436456996,561
75,309.9371757568282,2025-12-31 23:59:59,23345.288181762113,23245.288181762113,104315,326,326,5.684054512967995,6870.691159508426,23245.288181762113,14.049662074909861,-0.2965361198921812,5,22018.32927530128,23345.288181762113,TRAIN_2025_FULL,exit_ts_filter_from_all_through_2026_single_run,93.33333333333333,70,1.9885447173046475,47480,,SMX2V4_B06_SOFTFB_01_M01_plus_fb20,softfb_M01_plus_fb20,112708,7.446676367249884,8393
12,134.92481546722578,2025-12-31 23:59:59,1719.0977856067095,1619.0977856067097,43027,326,326,5.68405451296764,505.94320643794015,1619.0977856067097,46.13221423416712,11.133669268656874,0,1621.3833303416047,1719.0977856067095,2025_FULL_ONLY,exit_ts_filter_from_all_through_2026_single_run,100.0,12,2.0775634755812646,24562,2025-01-01 00:00:00,SMX2V4_B06_SOFTFB_01_M01_plus_fb20,softfb_M01_plus_fb20,46682,7.8295702840495265,3655
72,93.48571380434613,2025-09-30 23:59:59,6830.9713939129215,6730.9713939129215,88874,326,326,5.684054512967995,1667.6914677364975,6733.176681429899,11.054215019364037,-0.2965361198921812,5,6442.695256117661,6833.176681429898,PREQ4_ALL_BEFORE_2025_10_01,exit_ts_filter_from_all_through_2026_single_run,93.05555555555556,67,1.9331248788117743,37950,,SMX2V4_B06_SOFTFB_01_M01_plus_fb20,softfb_M01_plus_fb20,95912,7.337976478438568,7038
3,20.946184465995554,2025-03-31 23:59:59,162.83855339798666,62.83855339798665,8163,326,326,5.68405451296764,27.25237420500352,62.94973806223618,24.452509924326264,11.133669268656874,0,153.58272125471717,162.94973806223618,2025_Q1_ONLY,exit_ts_filter_from_all_through_2026_single_run,100.0,3,2.110105834718453,5015,2025-01-01 00:00:00,SMX2V4_B06_SOFTFB_01_M01_plus_fb20,softfb_M01_plus_fb20,8850,7.762711864406779,687
3,20.45173171054783,2025-06-30 23:59:59,161.35519513164348,61.35519513164349,9134,292,292,2.936306871419403,25.297045048821587,62.21011762346813,19.524244639218722,16.533905443603174,0,156.61731144960086,162.21011762346814,2025_Q2_ONLY,exit_ts_filter_from_all_through_2026_single_run,100.0,3,1.9399082283907856,5070,2025-04-01 00:00:00,SMX2V4_B06_SOFTFB_01_M01_plus_fb20,softfb_M01_plus_fb20,9866,7.419420231096696,732
3,30.48160662585114,2025-09-30 23:59:59,191.4448198775534,91.44481987755341,10289,244,244,3.176205667535159,46.73872488130306,91.50662527053777,25.268841140280628,19.43725385596973,0,185.3641386584001,191.50662527053777,2025_Q3_ONLY,exit_ts_filter_from_all_through_2026_single_run,100.0,3,1.9259035474209827,4947,2025-07-01 00:00:00,SMX2V4_B06_SOFTFB_01_M01_plus_fb20,softfb_M01_plus_fb20,11170,7.887197851387645,881
3,80.58549721818076,2025-12-31 23:59:59,341.7564916545423,241.75649165454226,15441,187,187,2.8030314332332162,100.58146584585131,241.75649165454226,96.65347852007122,44.52154728861976,0,332.1769497683504,341.7564916545423,2025_Q4_ONLY,exit_ts_filter_from_all_through_2026_single_run,100.0,3,2.2409505156489455,9530,2025-10-01 00:00:00,SMX2V4_B06_SOFTFB_01_M01_plus_fb20,softfb_M01_plus_fb20,16796,8.067396999285544,1355
1,7.948508759704907,2026-12-31 23:59:59,107.94850875970491,7.948508759704898,1550,42,42,2.0417952745178103,7.948508759704907,7.976617001885011,7.948508759704907,7.948508759704907,0,105.7444212089368,107.97661700188502,2026_FULL_ONLY,exit_ts_filter_from_all_through_2026_single_run,100.0,1,1.8168033082747232,826,2026-01-01 00:00:00,SMX2V4_B06_SOFTFB_01_M01_plus_fb20,softfb_M01_plus_fb20,1714,9.56826137689615,164
1,7.948508759704907,2026-03-31 23:59:59,107.94850875970491,7.948508759704898,1550,42,42,2.0417952745178103,7.948508759704907,7.976617001885011,7.948508759704907,7.948508759704907,0,105.7444212089368,107.97661700188502,2026_Q1_ONLY,exit_ts_filter_from_all_through_2026_single_run,100.0,1,1.8168033082747232,826,2026-01-01 00:00:00,SMX2V4_B06_SOFTFB_01_M01_plus_fb20,softfb_M01_plus_fb20,1714,9.56826137689615,164
0,0.0,2026-06-30 23:59:59,100.0,0.0,0,0,0,0.0,0.0,0.0,0.0,0.0,0,100.0,100.0,2026_Q2_ONLY,exit_ts_filter_from_all_through_2026_single_run,0.0,0,0.0,0,2026-04-01 00:00:00,SMX2V4_B06_SOFTFB_01_M01_plus_fb20,softfb_M01_plus_fb20,0,0.0,0
0,0.0,2026-09-30 23:59:59,100.0,0.0,0,0,0,0.0,0.0,0.0,0.0,0.0,0,100.0,100.0,2026_Q3_ONLY,exit_ts_filter_from_all_through_2026_single_run,0.0,0,0.0,0,2026-07-01 00:00:00,SMX2V4_B06_SOFTFB_01_M01_plus_fb20,softfb_M01_plus_fb20,0,0.0,0
0,0.0,2026-12-31 23:59:59,100.0,0.0,0,0,0,0.0,0.0,0.0,0.0,0.0,0,100.0,100.0,2026_Q4_ONLY,exit_ts_filter_from_all_through_2026_single_run,0.0,0,0.0,0,2026-10-01 00:00:00,SMX2V4_B06_SOFTFB_01_M01_plus_fb20,softfb_M01_plus_fb20,0,0.0,0
76,5886.828743876738,2026-12-31 23:59:59,447498.9845346321,447398.9845346321,203135,346,346,6.0355563090292,130958.6460271317,447398.9845346321,49.18632718429626,-2.9982573269076056,3,420489.9313407105,447498.9845346321,ALL_TO_2026_END,exit_ts_filter_from_all_through_2026_single_run,96.05263157894737,73,1.9950959155082557,123128,,SMX2V4_B06_SOFTFB_02_lower_threshold_fb_bonus,softfb_lower_threshold_fb_bonus,217119,6.440707630377811,13984
12,8.612143512379596,2023-12-31 23:59:59,203.34572214855515,103.34572214855515,19887,173,173,3.4431538170408227,22.540927496193774,103.81893352078824,6.78839856490935,-0.35855836986542045,1,196.34421615460795,203.81893352078825,2023_FULL_ONLY,exit_ts_filter_from_all_through_2026_single_run,91.66666666666666,11,1.7877520170174175,8716,2023-01-01 00:00:00,SMX2V4_B06_SOFTFB_02_lower_threshold_fb_bonus,softfb_lower_threshold_fb_bonus,21488,7.450670141474311,1601
3,7.221234489625625,2023-03-31 23:59:59,121.66370346887688,21.66370346887687,6362,148,148,2.9118738473350336,8.234392801042901,21.8096037764862,7.461754597657702,5.967556070176272,0,118.12100990586741,121.8096037764862,2023_Q1_ONLY,exit_ts_filter_from_all_through_2026_single_run,100.0,3,1.7144003972340638,3434,2023-01-01 00:00:00,SMX2V4_B06_SOFTFB_02_lower_threshold_fb_bonus,softfb_lower_threshold_fb_bonus,6837,6.947491589878601,475
3,4.726696250683237,2023-06-30 23:59:59,114.18008875204971,14.180088752049702,2865,65,65,1.2210084605589033,6.201288326507537,14.316466553676687,5.026184768183626,2.9526156573585496,0,112.7859402081135,114.31646655367669,2023_Q2_ONLY,exit_ts_filter_from_all_through_2026_single_run,100.0,3,2.1261862165251895,968,2023-04-01 00:00:00,SMX2V4_B06_SOFTFB_02_lower_threshold_fb_bonus,softfb_lower_threshold_fb_bonus,3133,8.554101500159591,268
3,3.341335219829683,2023-09-30 23:59:59,110.02400565948905,10.024005659489044,3222,173,173,3.4431538170406895,6.639441245832018,10.134316357496953,3.642676568273231,-0.2581121546161995,1,106.23570990896327,110.13431635749694,2023_Q3_ONLY,exit_ts_filter_from_all_through_2026_single_run,66.66666666666666,2,1.56791694803315,1086,2023-07-01 00:00:00,SMX2V4_B06_SOFTFB_02_lower_threshold_fb_bonus,softfb_lower_threshold_fb_bonus,3487,7.599655864640092,265
3,11.01475713556504,2023-12-31 23:59:59,133.04427140669512,33.044271406695124,7438,48,48,1.8351716471893154,14.747992944603027,33.35388235682917,14.405337479058474,3.890940983033616,0,130.60268065962987,133.35388235682916,2023_Q4_ONLY,exit_ts_filter_from_all_through_2026_single_run,100.0,3,1.838580566976283,3228,2023-10-01 00:00:00,SMX2V4_B06_SOFTFB_02_lower_threshold_fb_bonus,softfb_lower_threshold_fb_bonus,8031,7.383887436184784,593
12,26.135645911828558,2024-12-31 23:59:59,413.6277509419427,313.6277509419426,44701,238,238,2.843100133988974,73.89299244703398,313.99728668089307,17.39431289197715,6.30421032169923,0,401.8678998006967,413.99728668089307,2024_FULL_ONLY,exit_ts_filter_from_all_through_2026_single_run,100.0,12,1.8776229975980936,28314,2024-01-01 00:00:00,SMX2V4_B06_SOFTFB_02_lower_threshold_fb_bonus,softfb_lower_threshold_fb_bonus,47597,6.084417085110406,2896
3,16.86301047342523,2024-03-31 23:59:59,150.5890314202757,50.58903142027569,11712,167,167,1.889917889354964,31.597194468382483,50.599874264247035,12.687626630193975,6.30421032169923,0,147.74302237605752,150.59987426424703,2024_Q1_ONLY,exit_ts_filter_from_all_through_2026_single_run,100.0,3,1.8102363371728183,6667,2024-01-01 00:00:00,SMX2V4_B06_SOFTFB_02_lower_threshold_fb_bonus,softfb_lower_threshold_fb_bonus,12548,6.662416321326107,836
3,10.191498255928025,2024-06-30 23:59:59,130.57449476778407,30.574494767784067,9331,234,234,2.283556073844484,11.759325902950266,30.732934715234485,11.342373773213055,7.472795091620753,0,127.5927529616226,130.73293471523448,2024_Q2_ONLY,exit_ts_filter_from_all_through_2026_single_run,100.0,3,1.924680140594387,5923,2024-04-01 00:00:00,SMX2V4_B06_SOFTFB_02_lower_threshold_fb_bonus,softfb_lower_threshold_fb_bonus,9893,5.680784393005156,562
3,8.132860202752127,2024-09-30 23:59:59,124.39858060825638,24.39858060825637,8747,206,206,2.21673524384417,11.387987784873303,24.46554645930048,6.5628771730334705,6.447715650349608,0,121.64099342907126,124.46554645930048,2024_Q3_ONLY,exit_ts_filter_from_all_through_2026_single_run,100.0,3,1.8722542865149787,5366,2024-07-01 00:00:00,SMX2V4_B06_SOFTFB_02_lower_threshold_fb_bonus,softfb_lower_threshold_fb_bonus,9296,5.905765920826162,549
3,23.033195998732726,2024-12-31 23:59:59,169.09958799619818,69.09958799619818,14911,238,238,2.843100133989007,30.2089851325114,69.25066185684734,27.196363442390563,11.694239421296217,0,164.29191738330343,169.25066185684733,2024_Q4_ONLY,exit_ts_filter_from_all_through_2026_single_run,100.0,3,1.915669475863684,10358,2024-10-01 00:00:00,SMX2V4_B06_SOFTFB_02_lower_threshold_fb_bonus,softfb_lower_threshold_fb_bonus,15860,5.983606557377049,949
75,5338.211885803334,2025-12-31 23:59:59,400465.89143525,400365.89143525,200502,346,346,6.0355563090292,130958.6460271317,400372.2989664033,48.644476819147485,-2.9982573269076056,3,376295.5470592197,400472.2989664033,TRAIN_2025_FULL,exit_ts_filter_from_all_through_2026_single_run,96.0,72,1.9974533465801028,121309,,SMX2V4_B06_SOFTFB_02_lower_threshold_fb_bonus,softfb_lower_threshold_fb_bonus,214231,6.408502971091952,13729
12,466.1604624493788,2025-12-31 23:59:59,5693.925549392546,5593.925549392546,79900,346,346,6.035556309029177,1862.0032229344201,5594.016653294581,117.94436520862132,26.669409679043767,0,5350.2654666647595,5694.016653294581,2025_FULL_ONLY,exit_ts_filter_from_all_through_2026_single_run,100.0,12,2.0745015187016507,58089,2025-01-01 00:00:00,SMX2V4_B06_SOFTFB_02_lower_threshold_fb_bonus,softfb_lower_threshold_fb_bonus,85539,6.592314616724535,5639
72,1120.8449891839962,2025-09-30 23:59:59,80800.83922124772,80700.83922124772,172553,346,346,6.0355563090292,25995.202907119827,80702.13205018919,41.33229452896819,-2.9982573269076056,3,75924.05907188116,80802.13205018919,PREQ4_ALL_BEFORE_2025_10_01,exit_ts_filter_from_all_through_2026_single_run,95.83333333333334,69,1.9689536824329006,99430,,SMX2V4_B06_SOFTFB_02_lower_threshold_fb_bonus,softfb_lower_threshold_fb_bonus,184274,6.3606368776930005,11721
3,38.414972898329914,2025-03-31 23:59:59,215.24491869498974,115.24491869498972,16201,337,337,6.035556309029177,47.268075093195506,115.45681909805059,41.30743392275046,26.669409679043767,0,202.25369042482956,215.45681909805057,2025_Q1_ONLY,exit_ts_filter_from_all_through_2026_single_run,100.0,3,2.1863104541573914,11951,2025-01-01 00:00:00,SMX2V4_B06_SOFTFB_02_lower_threshold_fb_bonus,softfb_lower_threshold_fb_bonus,17319,6.455338068017784,1118
3,33.07696510914037,2025-06-30 23:59:59,199.2308953274211,99.23089532742111,17085,331,331,3.9133775212469746,40.91433100465673,100.90567154482879,29.164071129210782,29.152493193553596,0,191.43423825429872,200.90567154482878,2025_Q2_ONLY,exit_ts_filter_from_all_through_2026_single_run,100.0,3,1.9363312458279258,12018,2025-04-01 00:00:00,SMX2V4_B06_SOFTFB_02_lower_threshold_fb_bonus,softfb_lower_threshold_fb_bonus,18232,6.291136463361123,1147
3,55.9666287322158,2025-09-30 23:59:59,267.8998861966474,167.89988619664743,18665,346,346,4.912560615763118,86.18860852926457,167.90417264626387,47.240461131495806,34.470816535887025,0,254.73914189767672,267.9041726462639,2025_Q3_ONLY,exit_ts_filter_from_all_through_2026_single_run,100.0,3,2.0143168084110146,12241,2025-07-01 00:00:00,SMX2V4_B06_SOFTFB_02_lower_threshold_fb_bonus,softfb_lower_threshold_fb_bonus,20031,6.8194298836802965,1366
3,131.87365184772653,2025-12-31 23:59:59,495.6209555431796,395.6209555431796,27949,328,328,4.505570369644629,162.07584882694863,395.6288855736286,157.26088183688447,76.28422487934651,0,473.29040462447654,495.62888557362857,2025_Q4_ONLY,exit_ts_filter_from_all_through_2026_single_run,100.0,3,2.136835358734536,21879,2025-10-01 00:00:00,SMX2V4_B06_SOFTFB_02_lower_threshold_fb_bonus,softfb_lower_threshold_fb_bonus,29957,6.702940881930767,2008
1,11.744594010445724,2026-12-31 23:59:59,111.74459401044572,11.74459401044572,2633,56,56,2.310107510004722,11.744594010445724,11.74459401044572,11.744594010445724,11.744594010445724,0,109.16317375218613,111.74459401044572,2026_FULL_ONLY,exit_ts_filter_from_all_through_2026_single_run,100.0,1,1.845637876377798,1819,2026-01-01 00:00:00,SMX2V4_B06_SOFTFB_02_lower_threshold_fb_bonus,softfb_lower_threshold_fb_bonus,2888,8.829639889196676,255
1,11.744594010445724,2026-03-31 23:59:59,111.74459401044572,11.74459401044572,2633,56,56,2.310107510004722,11.744594010445724,11.74459401044572,11.744594010445724,11.744594010445724,0,109.16317375218613,111.74459401044572,2026_Q1_ONLY,exit_ts_filter_from_all_through_2026_single_run,100.0,1,1.845637876377798,1819,2026-01-01 00:00:00,SMX2V4_B06_SOFTFB_02_lower_threshold_fb_bonus,softfb_lower_threshold_fb_bonus,2888,8.829639889196676,255
0,0.0,2026-06-30 23:59:59,100.0,0.0,0,0,0,0.0,0.0,0.0,0.0,0.0,0,100.0,100.0,2026_Q2_ONLY,exit_ts_filter_from_all_through_2026_single_run,0.0,0,0.0,0,2026-04-01 00:00:00,SMX2V4_B06_SOFTFB_02_lower_threshold_fb_bonus,softfb_lower_threshold_fb_bonus,0,0.0,0
0,0.0,2026-09-30 23:59:59,100.0,0.0,0,0,0,0.0,0.0,0.0,0.0,0.0,0,100.0,100.0,2026_Q3_ONLY,exit_ts_filter_from_all_through_2026_single_run,0.0,0,0.0,0,2026-07-01 00:00:00,SMX2V4_B06_SOFTFB_02_lower_threshold_fb_bonus,softfb_lower_threshold_fb_bonus,0,0.0,0
0,0.0,2026-12-31 23:59:59,100.0,0.0,0,0,0,0.0,0.0,0.0,0.0,0.0,0,100.0,100.0,2026_Q4_ONLY,exit_ts_filter_from_all_through_2026_single_run,0.0,0,0.0,0,2026-10-01 00:00:00,SMX2V4_B06_SOFTFB_02_lower_threshold_fb_bonus,softfb_lower_threshold_fb_bonus,0,0.0,0
76,2121.3917257190974,2026-12-31 23:59:59,161325.77115465142,161225.77115465142,163560,336,336,5.55945629256308,48013.6180025547,161225.77115465142,27.63845941749709,-0.25569707979786926,3,152356.93541866823,161325.77115465142,ALL_TO_2026_END,exit_ts_filter_from_all_through_2026_single_run,96.05263157894737,73,2.0053759885197864,91229,,SMX2V4_B06_SOFTFB_03_fb50_bonus,softfb_fb50_bonus,175509,6.80819787019469,11949
12,7.23323832879525,2023-12-31 23:59:59,186.798859945543,86.798859945543,16257,166,166,2.998293185192469,17.62228734651447,87.09142803538622,6.1606249213426665,-0.04701657482206656,1,181.19808245777858,187.0914280353862,2023_FULL_ONLY,exit_ts_filter_from_all_through_2026_single_run,91.66666666666666,11,1.8014904669985197,6478,2023-01-01 00:00:00,SMX2V4_B06_SOFTFB_03_fb50_bonus,softfb_fb50_bonus,17631,7.793091713459248,1374
3,6.8724940125722,2023-03-31 23:59:59,120.6174820377166,20.617482037716606,5199,147,147,2.6860858938209886,7.581082859073959,20.704418519125344,6.6028382435056585,6.433560935136981,0,117.37759286721943,120.70441851912534,2023_Q1_ONLY,exit_ts_filter_from_all_through_2026_single_run,100.0,3,1.790522250987895,2629,2023-01-01 00:00:00,SMX2V4_B06_SOFTFB_03_fb50_bonus,softfb_fb50_bonus,5616,7.4252136752136755,417
3,4.424225695076672,2023-06-30 23:59:59,113.27267708523001,13.272677085230011,2287,54,54,1.4482197535699792,5.538476408025588,13.420907205148058,4.623287970972697,3.11091270623173,0,111.63223980028418,113.42090720514805,2023_Q2_ONLY,exit_ts_filter_from_all_through_2026_single_run,100.0,3,2.238203939464526,652,2023-04-01 00:00:00,SMX2V4_B06_SOFTFB_03_fb50_bonus,softfb_fb50_bonus,2521,9.282030940103134,234
3,2.6097880975106165,2023-09-30 23:59:59,107.82936429253185,7.8293642925318485,2681,166,166,2.9982931851924133,4.309326816674215,7.914213226488376,3.554449923575419,-0.03441244771778429,1,104.59632381131257,107.91421322648837,2023_Q3_ONLY,exit_ts_filter_from_all_through_2026_single_run,66.66666666666666,2,1.5171169758192615,833,2023-07-01 00:00:00,SMX2V4_B06_SOFTFB_03_fb50_bonus,softfb_fb50_bonus,2909,7.837744929529047,228
3,8.931630237532929,2023-12-31 23:59:59,126.79489071259879,26.794890712598797,6090,30,30,1.6468696662136906,11.961614748927502,26.993479392360964,11.51024846956905,3.3230274941022344,0,124.7067441191442,126.99347939236095,2023_Q4_ONLY,exit_ts_filter_from_all_through_2026_single_run,100.0,3,1.8020232688995848,2364,2023-10-01 00:00:00,SMX2V4_B06_SOFTFB_03_fb50_bonus,softfb_fb50_bonus,6585,7.517084282460136,495
12,19.987091263023828,2024-12-31 23:59:59,339.84509515628594,239.8450951562859,35371,227,227,2.899636975588038,49.88879113072082,240.49316597114498,14.667352698214458,5.317741642740174,0,329.9908211174119,340.493165971145,2024_FULL_ONLY,exit_ts_filter_from_all_through_2026_single_run,100.0,12,1.8905694409970324,20568,2024-01-01 00:00:00,SMX2V4_B06_SOFTFB_03_fb50_bonus,softfb_fb50_bonus,37801,6.4284013650432525,2430
3,16.080846375484033,2024-03-31 23:59:59,148.2425391264521,48.24253912645211,9434,139,139,1.6335411770963648,31.948537887791986,48.25084097430019,10.976259595919942,5.317741642740174,0,145.82093620784832,148.2508409743002,2024_Q1_ONLY,exit_ts_filter_from_all_through_2026_single_run,100.0,3,1.89240298918807,4765,2024-01-01 00:00:00,SMX2V4_B06_SOFTFB_03_fb50_bonus,softfb_fb50_bonus,10171,7.246091829711926,737
3,8.564385162986435,2024-06-30 23:59:59,125.6931554889593,25.693155488959295,7444,227,227,1.8504563519413098,9.965466377278588,25.830571752314334,9.822851853973162,5.904837257707555,0,123.36725850925839,125.83057175231434,2024_Q2_ONLY,exit_ts_filter_from_all_through_2026_single_run,100.0,3,1.9702111015595736,4441,2024-04-01 00:00:00,SMX2V4_B06_SOFTFB_03_fb50_bonus,softfb_fb50_bonus,7898,5.7482907065079765,454
3,6.834586592828747,2024-09-30 23:59:59,120.50375977848624,20.50375977848624,6754,181,181,1.932077966441481,10.70333716148832,20.570717622724956,5.451112536983871,4.34931008001405,0,118.17553318707253,120.57071762272496,2024_Q3_ONLY,exit_ts_filter_from_all_through_2026_single_run,100.0,3,1.8941125976392792,3762,2024-07-01 00:00:00,SMX2V4_B06_SOFTFB_03_fb50_bonus,softfb_fb50_bonus,7205,6.259541984732825,451
3,17.118236019830714,2024-12-31 23:59:59,151.35470805949214,51.35470805949214,11739,204,204,2.8996369755880047,22.218662339555124,51.643335349933835,20.26396228934442,8.872083430592596,0,146.96597098030583,151.64333534993384,2024_Q4_ONLY,exit_ts_filter_from_all_through_2026_single_run,100.0,3,1.8489631426070359,7600,2024-10-01 00:00:00,SMX2V4_B06_SOFTFB_03_fb50_bonus,softfb_fb50_bonus,12527,6.290412708549533,788
75,1935.988976882472,2025-12-31 23:59:59,145299.1732661854,145199.1732661854,161354,336,336,5.55945629256308,48013.6180025547,145201.49808085538,26.624482980287667,-0.25569707979786926,3,137221.3292349963,145301.49808085538,TRAIN_2025_FULL,exit_ts_filter_from_all_through_2026_single_run,96.0,72,2.0075164861008776,89785,,SMX2V4_B06_SOFTFB_03_fb50_bonus,softfb_fb50_bonus,173075,6.772208580095334,11721
12,342.37968638783633,2025-12-31 23:59:59,4208.556236654036,4108.556236654036,65066,336,336,5.559456292562926,1390.7031055076397,4108.6235743618745,94.99591366284685,21.626062451629764,0,3974.5833921293233,4208.6235743618745,2025_FULL_ONLY,exit_ts_filter_from_all_through_2026_single_run,100.0,12,2.127451166364746,44102,2025-01-01 00:00:00,SMX2V4_B06_SOFTFB_03_fb50_bonus,softfb_fb50_bonus,70023,7.079102580580667,4957
72,434.31687058868243,2025-09-30 23:59:59,31370.81468238514,31270.81468238514,138370,336,336,5.55945629256308,9474.605663129489,31271.56759398407,25.50173565001316,-0.25569707979786926,3,29626.767951496975,31371.56759398407,PREQ4_ALL_BEFORE_2025_10_01,exit_ts_filter_from_all_through_2026_single_run,95.83333333333334,69,1.9603964405100138,72963,,SMX2V4_B06_SOFTFB_03_fb50_bonus,softfb_fb50_bonus,148305,6.699032399447086,9935
3,32.68884452520925,2025-03-31 23:59:59,198.06653357562774,98.06653357562773,12918,336,336,5.559456292562926,42.21009250853746,98.25359218050227,34.23037861546052,21.626062451629764,0,187.05511121129624,198.25359218050227,2025_Q1_ONLY,exit_ts_filter_from_all_through_2026_single_run,100.0,3,2.2179847756550273,9050,2025-01-01 00:00:00,SMX2V4_B06_SOFTFB_03_fb50_bonus,softfb_fb50_bonus,13880,6.930835734870317,962
3,29.674425928920595,2025-06-30 23:59:59,189.02327778676178,89.02327778676178,13857,317,317,3.6425635604146356,37.013052306394556,90.67785776002148,27.939097718078017,24.07112776228921,0,182.13798474939986,190.67785776002148,2025_Q2_ONLY,exit_ts_filter_from_all_through_2026_single_run,100.0,3,1.9905245970107588,9089,2025-04-01 00:00:00,SMX2V4_B06_SOFTFB_03_fb50_bonus,softfb_fb50_bonus,14860,6.749663526244953,1003
3,47.56659619639519,2025-09-30 23:59:59,242.69978858918557,142.6997885891856,15307,314,314,4.194481173855724,73.30012990381883,142.7056134773097,38.23408806284331,31.165570622523433,0,232.51979164782458,242.7056134773097,2025_Q3_ONLY,exit_ts_filter_from_all_through_2026_single_run,100.0,3,2.0181547731368665,9141,2025-07-01 00:00:00,SMX2V4_B06_SOFTFB_03_fb50_bonus,softfb_fb50_bonus,16513,7.303336764973052,1206
3,121.05557318936262,2025-12-31 23:59:59,463.16671956808784,363.1667195680879,22984,286,286,3.539293002117694,153.05186839637682,363.17413032452987,146.20812718778473,63.9067239839263,0,446.7738922742765,463.17413032452987,2025_Q4_ONLY,exit_ts_filter_from_all_through_2026_single_run,100.0,3,2.233842875144663,16822,2025-10-01 00:00:00,SMX2V4_B06_SOFTFB_03_fb50_bonus,softfb_fb50_bonus,24770,7.210335082761405,1786
1,11.03006818841682,2026-12-31 23:59:59,111.03006818841682,11.03006818841683,2206,54,54,1.9330981289309546,11.03006818841682,11.03006818841683,11.03006818841682,11.03006818841682,0,108.88374801771579,111.03006818841682,2026_FULL_ONLY,exit_ts_filter_from_all_through_2026_single_run,100.0,1,1.875759760864348,1444,2026-01-01 00:00:00,SMX2V4_B06_SOFTFB_03_fb50_bonus,softfb_fb50_bonus,2434,9.367296631059983,228
1,11.03006818841682,2026-03-31 23:59:59,111.03006818841682,11.03006818841683,2206,54,54,1.9330981289309546,11.03006818841682,11.03006818841683,11.03006818841682,11.03006818841682,0,108.88374801771579,111.03006818841682,2026_Q1_ONLY,exit_ts_filter_from_all_through_2026_single_run,100.0,1,1.875759760864348,1444,2026-01-01 00:00:00,SMX2V4_B06_SOFTFB_03_fb50_bonus,softfb_fb50_bonus,2434,9.367296631059983,228
0,0.0,2026-06-30 23:59:59,100.0,0.0,0,0,0,0.0,0.0,0.0,0.0,0.0,0,100.0,100.0,2026_Q2_ONLY,exit_ts_filter_from_all_through_2026_single_run,0.0,0,0.0,0,2026-04-01 00:00:00,SMX2V4_B06_SOFTFB_03_fb50_bonus,softfb_fb50_bonus,0,0.0,0
0,0.0,2026-09-30 23:59:59,100.0,0.0,0,0,0,0.0,0.0,0.0,0.0,0.0,0,100.0,100.0,2026_Q3_ONLY,exit_ts_filter_from_all_through_2026_single_run,0.0,0,0.0,0,2026-07-01 00:00:00,SMX2V4_B06_SOFTFB_03_fb50_bonus,softfb_fb50_bonus,0,0.0,0
0,0.0,2026-12-31 23:59:59,100.0,0.0,0,0,0,0.0,0.0,0.0,0.0,0.0,0,100.0,100.0,2026_Q4_ONLY,exit_ts_filter_from_all_through_2026_single_run,0.0,0,0.0,0,2026-10-01 00:00:00,SMX2V4_B06_SOFTFB_03_fb50_bonus,softfb_fb50_bonus,0,0.0,0
76,12.678424311644772,2026-12-31 23:59:59,1063.5602476850027,963.5602476850027,51506,281,281,2.443046686080663,141.80531170851407,963.5687562350524,3.1709553740871144,-0.044796828389166876,6,1037.576974299463,1063.5687562350524,ALL_TO_2026_END,exit_ts_filter_from_all_through_2026_single_run,92.10526315789474,70,2.366125449082993,16408,,SMX2V4_B06_DIST_01_high_vol_weak_close,dist_high_vol_weak_close,54845,6.08806636885769,3339
12,2.28674195757738,2023-12-31 23:59:59,127.44090349092856,27.44090349092856,5658,142,142,0.881987400852946,4.4592674741037115,27.70231057446637,2.176981348478577,0.44218019207644943,0,126.3168907786054,127.70231057446638,2023_FULL_ONLY,exit_ts_filter_from_all_through_2026_single_run,100.0,12,2.3092789691690965,1261,2023-01-01 00:00:00,SMX2V4_B06_DIST_01_high_vol_weak_close,dist_high_vol_weak_close,6040,6.324503311258278,382
3,2.704550741568312,2023-03-31 23:59:59,108.11365222470494,8.113652224704925,1688,51,51,0.33469957470149136,3.011873742679171,8.146179667857801,2.898214357943516,2.2035641240822486,0,107.75179629051459,108.1461796678578,2023_Q1_ONLY,exit_ts_filter_from_all_through_2026_single_run,100.0,3,2.485629462836657,448,2023-01-01 00:00:00,SMX2V4_B06_DIST_01_high_vol_weak_close,dist_high_vol_weak_close,1812,6.843267108167771,124
3,1.5175208195303849,2023-06-30 23:59:59,104.55256245859115,4.552562458591147,841,29,29,0.38719552463362117,2.154550078468475,4.592160774370435,1.9890166770107953,0.40899570311188427,0,104.14773961586171,104.59216077437044,2023_Q2_ONLY,exit_ts_filter_from_all_through_2026_single_run,100.0,3,2.7771856751636803,155,2023-04-01 00:00:00,SMX2V4_B06_DIST_01_high_vol_weak_close,dist_high_vol_weak_close,906,7.174392935982341,65
3,1.3419849615883617,2023-09-30 23:59:59,104.02595488476508,4.025954884765093,971,142,142,0.881987400852946,1.7929842157700904,4.157683799349976,1.3626337036025546,0.8703369653924398,0,103.1084590690645,104.15768379934997,2023_Q3_ONLY,exit_ts_filter_from_all_through_2026_single_run,100.0,3,2.133164301586805,235,2023-07-01 00:00:00,SMX2V4_B06_DIST_01_high_vol_weak_close,dist_high_vol_weak_close,1029,5.636540330417882,58
3,2.7935632634803986,2023-12-31 23:59:59,108.3806897904412,8.380689790441199,2158,24,24,0.5003504610291531,3.7923341059632776,8.603000518424597,2.779329716305895,1.8090259681720227,0,107.83840650940814,108.6030005184246,2023_Q4_ONLY,exit_ts_filter_from_all_through_2026_single_run,100.0,3,2.105478707923763,423,2023-10-01 00:00:00,SMX2V4_B06_DIST_01_high_vol_weak_close,dist_high_vol_weak_close,2293,5.887483645878762,135
12,3.990442986516593,2024-12-31 23:59:59,147.88531583819912,47.885315838199126,11560,180,180,1.0369005488110927,8.163038171727635,47.964281706779666,3.3753777619992746,1.324701344323259,0,146.35189218666181,147.96428170677967,2024_FULL_ONLY,exit_ts_filter_from_all_through_2026_single_run,100.0,12,2.0932963168810383,3966,2024-01-01 00:00:00,SMX2V4_B06_DIST_01_high_vol_weak_close,dist_high_vol_weak_close,12258,5.69424049600261,698
3,4.138193166015388,2024-03-31 23:59:59,112.41457949804617,12.414579498046162,2988,23,23,0.6109390558241334,6.876177172056941,12.414579498046162,4.213700981665966,1.324701344323259,0,111.72779492745214,112.41457949804617,2024_Q1_ONLY,exit_ts_filter_from_all_through_2026_single_run,100.0,3,2.070345374125747,685,2024-01-01 00:00:00,SMX2V4_B06_DIST_01_high_vol_weak_close,dist_high_vol_weak_close,3190,6.332288401253919,202
3,2.1050601683490178,2024-06-30 23:59:59,106.31518050504705,6.315180505047047,2540,180,180,0.4958832079925868,3.1184516511939506,6.3556684990945245,1.912694080425311,1.2840347734277913,0,105.7879813773755,106.35566849909452,2024_Q2_ONLY,exit_ts_filter_from_all_through_2026_single_run,100.0,3,1.9294679696500923,1118,2024-04-01 00:00:00,SMX2V4_B06_DIST_01_high_vol_weak_close,dist_high_vol_weak_close,2670,4.868913857677903,130
3,1.8868542631216438,2024-09-30 23:59:59,105.66056278936493,5.660562789364931,2006,32,32,0.5108575538546156,2.715303350078756,5.758342928908244,1.7708078744703641,1.1744515648158114,0,105.12078782291016,105.75834292890825,2024_Q3_ONLY,exit_ts_filter_from_all_through_2026_single_run,100.0,3,2.1529509965190314,590,2024-07-01 00:00:00,SMX2V4_B06_DIST_01_high_vol_weak_close,dist_high_vol_weak_close,2122,5.466540999057493,116
3,5.7033541394889555,2024-12-31 23:59:59,117.11006241846687,17.110062418466864,4026,95,95,1.0369005488110483,6.4642923091925155,17.172595319356866,6.06628709528043,4.579483013993922,0,115.89574753853682,117.17259531935686,2024_Q4_ONLY,exit_ts_filter_from_all_through_2026_single_run,100.0,3,2.170782055577371,1573,2024-10-01 00:00:00,SMX2V4_B06_DIST_01_high_vol_weak_close,dist_high_vol_weak_close,4276,5.846585594013097,250
75,12.457783437707967,2025-12-31 23:59:59,1034.3337578280975,934.3337578280975,50775,281,281,2.443046686080663,141.80531170851407,934.3420325643582,3.1538998870929333,-0.044796828389166876,6,1009.0645012344646,1034.342032564358,TRAIN_2025_FULL,exit_ts_filter_from_all_through_2026_single_run,92.0,69,2.3755945480267955,16171,,SMX2V4_B06_DIST_01_high_vol_weak_close,dist_high_vol_weak_close,54046,6.052251785516042,3271
12,18.056341137359713,2025-12-31 23:59:59,316.67609364831657,216.67609364831657,19417,281,281,2.443046686080208,43.41572710991076,216.67862707733318,12.248906924632323,5.705436816579862,0,308.9395488368331,316.6786270773332,2025_FULL_ONLY,exit_ts_filter_from_all_through_2026_single_run,100.0,12,2.5492252708267547,7676,2025-01-01 00:00:00,SMX2V4_B06_DIST_01_high_vol_weak_close,dist_high_vol_weak_close,20790,6.604136604136604,1373
72,7.570813494057297,2025-09-30 23:59:59,645.0985715721254,545.0985715721254,44242,281,281,2.443046686080663,69.26898852886598,545.3681078485238,3.1032704153222426,-0.044796828389166876,6,629.3385122973789,645.3681078485238,PREQ4_ALL_BEFORE_2025_10_01,exit_ts_filter_from_all_through_2026_single_run,91.66666666666666,66,2.310807857389397,13660,,SMX2V4_B06_DIST_01_high_vol_weak_close,dist_high_vol_weak_close,47048,5.96412174800204,2806
3,7.977208329907147,2025-03-31 23:59:59,123.93162498972144,23.931624989721435,3842,247,247,1.140025124701527,9.943763116529183,23.934599396311572,8.09491371137355,5.892948161818708,0,122.51877332738773,123.93459939631158,2025_Q1_ONLY,exit_ts_filter_from_all_through_2026_single_run,100.0,3,2.9266763399423534,1863,2025-01-01 00:00:00,SMX2V4_B06_DIST_01_high_vol_weak_close,dist_high_vol_weak_close,4087,5.994617078541718,245
3,6.482915550329214,2025-06-30 23:59:59,119.44874665098764,19.448746650987637,4463,281,281,2.4430466860805966,9.220688100185967,19.448746650987637,5.6243612967281535,4.6036972540735235,0,116.53055800436589,119.44874665098764,2025_Q2_ONLY,exit_ts_filter_from_all_through_2026_single_run,100.0,3,2.1365592506140723,2002,2025-04-01 00:00:00,SMX2V4_B06_DIST_01_high_vol_weak_close,dist_high_vol_weak_close,4770,6.436058700209643,307
3,11.139588600121774,2025-09-30 23:59:59,133.41876580036532,33.418765800365314,4579,158,158,1.170853019783069,14.32615628839234,33.47451107546002,10.263288529968179,8.829320982004802,0,131.85662815203443,133.47451107546001,2025_Q3_ONLY,exit_ts_filter_from_all_through_2026_single_run,100.0,3,2.442198346022752,1300,2025-07-01 00:00:00,SMX2V4_B06_DIST_01_high_vol_weak_close,dist_high_vol_weak_close,4935,7.213779128672745,356
3,20.11243983522262,2025-12-31 23:59:59,160.33731950566786,60.33731950566788,6533,92,92,1.2168810799289997,21.98196027049478,60.33860221448557,19.454928217901994,18.90043101727109,0,158.3862050005381,160.33860221448558,2025_Q4_ONLY,exit_ts_filter_from_all_through_2026_single_run,100.0,3,2.707192354772013,2511,2025-10-01 00:00:00,SMX2V4_B06_DIST_01_high_vol_weak_close,dist_high_vol_weak_close,6998,6.644755644469849,465
1,2.8256343405320052,2026-12-31 23:59:59,102.825634340532,2.8256343405320017,731,24,24,0.6121851288032332,2.8256343405320052,2.826456952187617,2.8256343405320052,2.8256343405320052,0,102.19615109850167,102.82645695218763,2026_FULL_ONLY,exit_ts_filter_from_all_through_2026_single_run,100.0,1,1.865786329737105,237,2026-01-01 00:00:00,SMX2V4_B06_DIST_01_high_vol_weak_close,dist_high_vol_weak_close,799,8.51063829787234,68
1,2.8256343405320052,2026-03-31 23:59:59,102.825634340532,2.8256343405320017,731,24,24,0.6121851288032332,2.8256343405320052,2.826456952187617,2.8256343405320052,2.8256343405320052,0,102.19615109850167,102.82645695218763,2026_Q1_ONLY,exit_ts_filter_from_all_through_2026_single_run,100.0,1,1.865786329737105,237,2026-01-01 00:00:00,SMX2V4_B06_DIST_01_high_vol_weak_close,dist_high_vol_weak_close,799,8.51063829787234,68
0,0.0,2026-06-30 23:59:59,100.0,0.0,0,0,0,0.0,0.0,0.0,0.0,0.0,0,100.0,100.0,2026_Q2_ONLY,exit_ts_filter_from_all_through_2026_single_run,0.0,0,0.0,0,2026-04-01 00:00:00,SMX2V4_B06_DIST_01_high_vol_weak_close,dist_high_vol_weak_close,0,0.0,0
0,0.0,2026-09-30 23:59:59,100.0,0.0,0,0,0,0.0,0.0,0.0,0.0,0.0,0,100.0,100.0,2026_Q3_ONLY,exit_ts_filter_from_all_through_2026_single_run,0.0,0,0.0,0,2026-07-01 00:00:00,SMX2V4_B06_DIST_01_high_vol_weak_close,dist_high_vol_weak_close,0,0.0,0
0,0.0,2026-12-31 23:59:59,100.0,0.0,0,0,0,0.0,0.0,0.0,0.0,0.0,0,100.0,100.0,2026_Q4_ONLY,exit_ts_filter_from_all_through_2026_single_run,0.0,0,0.0,0,2026-10-01 00:00:00,SMX2V4_B06_DIST_01_high_vol_weak_close,dist_high_vol_weak_close,0,0.0,0
74,3.4944009005051164,2026-12-31 23:59:59,358.5856666373786,258.5856666373786,12174,215,215,1.165076019189415,40.64275774603669,258.5885353456614,0.8844926821245309,-0.16041615363135975,8,354.407871027136,358.5885353456614,ALL_TO_2026_END,exit_ts_filter_from_all_through_2026_single_run,89.1891891891892,66,2.747331388608072,1604,,SMX2V4_B06_DIST_02_runup_reversal,dist_runup_reversal,13251,8.127688476341408,1077
12,1.057008760255286,2023-12-31 23:59:59,112.68410512306343,12.68410512306344,1188,14,14,0.38028360505291126,2.659809796663154,12.981028268542705,1.0262025940108543,0.14266003347367473,0,112.25558594577984,112.9810282685427,2023_FULL_ONLY,exit_ts_filter_from_all_through_2026_single_run,100.0,12,2.8789993144875377,67,2023-01-01 00:00:00,SMX2V4_B06_DIST_02_runup_reversal,dist_runup_reversal,1301,8.685626441199078,113
3,0.8711427116092428,2023-03-31 23:59:59,102.61342813482773,2.613428134827722,366,7,7,0.17321937704012358,1.109738292268375,2.6142490488201053,0.9426668957533337,0.5610229468060197,0,102.43568179385305,102.61424904882011,2023_Q1_ONLY,exit_ts_filter_from_all_through_2026_single_run,100.0,3,2.4191867828841183,31,2023-01-01 00:00:00,SMX2V4_B06_DIST_02_runup_reversal,dist_runup_reversal,400,8.5,34
3,0.6820594229753331,2023-06-30 23:59:59,102.046178268926,2.046178268925991,139,7,7,0.19214192833479915,1.458298753795063,2.0527094594558815,0.4488528438006796,0.1390266713302566,0,101.8501047742081,102.05270945945588,2023_Q2_ONLY,exit_ts_filter_from_all_through_2026_single_run,100.0,3,3.7988415519472394,3,2023-04-01 00:00:00,SMX2V4_B06_DIST_02_runup_reversal,dist_runup_reversal,154,9.740259740259742,15
3,0.9350730895487942,2023-09-30 23:59:59,102.80521926864638,2.805219268646386,210,14,14,0.35017521258096096,1.2491237121901406,2.9025492148641474,1.0687431411971744,0.4873524152590676,0,102.44522087352807,102.90254921486415,2023_Q3_ONLY,exit_ts_filter_from_all_through_2026_single_run,100.0,3,3.2059791213933533,17,2023-07-01 00:00:00,SMX2V4_B06_DIST_02_runup_reversal,dist_runup_reversal,228,7.894736842105263,18
3,1.5586213871150203,2023-12-31 23:59:59,104.67586416134506,4.675864161345067,473,8,8,0.38028360505291126,2.4707822693046495,4.951685554332119,1.4854128427989082,0.719669049241503,0,104.27779901149202,104.95168555433212,2023_Q4_ONLY,exit_ts_filter_from_all_through_2026_single_run,100.0,3,2.784791951907457,16,2023-10-01 00:00:00,SMX2V4_B06_DIST_02_runup_reversal,dist_runup_reversal,519,8.863198458574182,46
12,1.4041890315487404,2024-12-31 23:59:59,116.85026837858489,16.850268378584875,2271,22,22,0.4739335577534254,4.074281633800453,16.85961681138126,0.9575676481946616,0.24159775071262857,0,116.29647574441383,116.85961681138127,2024_FULL_ONLY,exit_ts_filter_from_all_through_2026_single_run,100.0,12,2.2763411584293913,250,2024-01-01 00:00:00,SMX2V4_B06_DIST_02_runup_reversal,dist_runup_reversal,2459,7.645384302562016,188
3,1.5316113216124638,2024-03-31 23:59:59,104.59483396483739,4.594833964837397,812,9,9,0.4739335577534254,2.876132360444089,4.835083060452505,1.2622826850750073,0.4564189193182955,0,104.09912394700156,104.8350830604525,2024_Q1_ONLY,exit_ts_filter_from_all_through_2026_single_run,100.0,3,2.0843715525893303,63,2024-01-01 00:00:00,SMX2V4_B06_DIST_02_runup_reversal,dist_runup_reversal,877,7.411630558722919,65
3,1.04721854057793,2024-06-30 23:59:59,103.14165562173379,3.1416556217337854,328,22,22,0.17197970751859915,1.375939574553442,3.1614608000702926,1.3192162840971378,0.44649976308321015,0,102.96427290406568,103.16146080007029,2024_Q2_ONLY,exit_ts_filter_from_all_through_2026_single_run,100.0,3,3.330687591631241,56,2024-04-01 00:00:00,SMX2V4_B06_DIST_02_runup_reversal,dist_runup_reversal,361,9.141274238227147,33
3,0.4388884360274403,2024-09-30 23:59:59,101.31666530808232,1.316665308082321,329,16,16,0.41134450349367135,0.6051608334340131,1.3419441750512684,0.48755577069398726,0.22394870395432065,0,100.89990477421445,101.34194417505127,2024_Q3_ONLY,exit_ts_filter_from_all_through_2026_single_run,100.0,3,1.9273642732533536,42,2024-07-01 00:00:00,SMX2V4_B06_DIST_02_runup_reversal,dist_runup_reversal,351,6.267806267806268,22
3,2.302198037771627,2024-12-31 23:59:59,106.90659411331488,6.90659411331489,802,10,10,0.4512654791110293,3.7275701542835975,6.915147017167178,2.6150563031062717,0.563967655925012,0,106.42416155918815,106.91514701716719,2024_Q4_ONLY,exit_ts_filter_from_all_through_2026_single_run,100.0,3,2.2554908005247096,89,2024-10-01 00:00:00,SMX2V4_B06_DIST_02_runup_reversal,dist_runup_reversal,870,7.816091954022989,68
73,3.5073254602647745,2025-12-31 23:59:59,356.03475859932854,256.03475859932854,12010,215,215,1.165076019189415,40.64275774603669,256.03475859932854,0.8802088323148496,-0.16041615363135975,8,351.88668300690887,356.03475859932854,TRAIN_2025_FULL,exit_ts_filter_from_all_through_2026_single_run,89.04109589041096,65,2.758938845237376,1590,,SMX2V4_B06_DIST_02_runup_reversal,dist_runup_reversal,13071,8.11720602861296,1061
12,9.277028445434008,2025-12-31 23:59:59,211.3243413452081,111.32434134520808,5346,215,215,1.165076019189415,24.123498629524136,111.32434134520808,6.613730798652085,2.4331181295316497,0,208.86225212148508,211.3243413452081,2025_FULL_ONLY,exit_ts_filter_from_all_through_2026_single_run,100.0,12,2.977900832574173,996,2025-01-01 00:00:00,SMX2V4_B06_DIST_02_runup_reversal,dist_runup_reversal,5861,8.786896434055622,515
70,2.274142418294898,2025-09-30 23:59:59,259.18996928064286,159.18996928064283,10094,215,215,1.165076019189415,19.980048178999255,159.35278017147266,0.8553298550163433,-0.16041615363135975,8,256.1702091044096,259.35278017147266,PREQ4_ALL_BEFORE_2025_10_01,exit_ts_filter_from_all_through_2026_single_run,88.57142857142857,62,2.689549256433884,1315,,SMX2V4_B06_DIST_02_runup_reversal,dist_runup_reversal,10984,8.102694828841953,890
3,4.081867355537066,2025-03-31 23:59:59,112.2456020666112,12.245602066611205,1050,215,215,0.38364151226522036,5.956251327962775,12.247398017795664,3.8562326091167733,2.4331181295316497,0,111.81498134139166,112.24739801779566,2025_Q1_ONLY,exit_ts_filter_from_all_through_2026_single_run,100.0,3,3.448802410648536,359,2025-01-01 00:00:00,SMX2V4_B06_DIST_02_runup_reversal,dist_runup_reversal,1144,8.216783216783217,94
3,4.457215977647228,2025-06-30 23:59:59,113.37164793294168,13.371647932941677,1054,67,67,1.1650760191894705,5.699650822276496,13.470205967093873,4.80374597212824,2.868251138536948,0,112.05078205031506,113.47020596709388,2025_Q2_ONLY,exit_ts_filter_from_all_through_2026_single_run,100.0,3,2.8206774519920814,226,2025-04-01 00:00:00,SMX2V4_B06_DIST_02_runup_reversal,dist_runup_reversal,1170,9.914529914529915,116
3,6.964367411403477,2025-09-30 23:59:59,120.89310223421043,20.89310223421044,1326,41,41,0.9255205631903074,9.319226410852579,20.96904156830024,6.206801116084279,5.367074707273574,0,119.77421171355414,120.96904156830024,2025_Q3_ONLY,exit_ts_filter_from_all_through_2026_single_run,100.0,3,2.8281453376635377,136,2025-07-01 00:00:00,SMX2V4_B06_DIST_02_runup_reversal,dist_runup_reversal,1460,9.178082191780822,134
3,12.454801599442987,2025-12-31 23:59:59,137.36440479832896,37.36440479832896,1916,17,17,0.9411758229556644,15.680683113947453,37.36440479832896,13.203720216143154,8.480001468238356,0,136.07156423102012,137.36440479832896,2025_Q4_ONLY,exit_ts_filter_from_all_through_2026_single_run,100.0,3,3.004121904566682,275,2025-10-01 00:00:00,SMX2V4_B06_DIST_02_runup_reversal,dist_runup_reversal,2087,8.19357930043124,171
1,0.7164772473580143,2026-12-31 23:59:59,100.71647724735801,0.7164772473580161,164,10,10,0.36335816018374656,0.7164772473580143,0.7172829856219032,0.7164772473580143,0.7164772473580143,0,100.35051570863013,100.7172829856219,2026_FULL_ONLY,exit_ts_filter_from_all_through_2026_single_run,100.0,1,1.8027721469281257,14,2026-01-01 00:00:00,SMX2V4_B06_DIST_02_runup_reversal,dist_runup_reversal,180,8.88888888888889,16
1,0.7164772473580143,2026-03-31 23:59:59,100.71647724735801,0.7164772473580161,164,10,10,0.36335816018374656,0.7164772473580143,0.7172829856219032,0.7164772473580143,0.7164772473580143,0,100.35051570863013,100.7172829856219,2026_Q1_ONLY,exit_ts_filter_from_all_through_2026_single_run,100.0,1,1.8027721469281257,14,2026-01-01 00:00:00,SMX2V4_B06_DIST_02_runup_reversal,dist_runup_reversal,180,8.88888888888889,16
0,0.0,2026-06-30 23:59:59,100.0,0.0,0,0,0,0.0,0.0,0.0,0.0,0.0,0,100.0,100.0,2026_Q2_ONLY,exit_ts_filter_from_all_through_2026_single_run,0.0,0,0.0,0,2026-04-01 00:00:00,SMX2V4_B06_DIST_02_runup_reversal,dist_runup_reversal,0,0.0,0
0,0.0,2026-09-30 23:59:59,100.0,0.0,0,0,0,0.0,0.0,0.0,0.0,0.0,0,100.0,100.0,2026_Q3_ONLY,exit_ts_filter_from_all_through_2026_single_run,0.0,0,0.0,0,2026-07-01 00:00:00,SMX2V4_B06_DIST_02_runup_reversal,dist_runup_reversal,0,0.0,0
0,0.0,2026-12-31 23:59:59,100.0,0.0,0,0,0,0.0,0.0,0.0,0.0,0.0,0,100.0,100.0,2026_Q4_ONLY,exit_ts_filter_from_all_through_2026_single_run,0.0,0,0.0,0,2026-10-01 00:00:00,SMX2V4_B06_DIST_02_runup_reversal,dist_runup_reversal,0,0.0,0
76,14.41547676148454,2026-12-31 23:59:59,1195.576233872825,1095.576233872825,53626,315,315,1.8118457778375285,178.4710659543963,1095.5857985592136,3.5891530459141023,-0.15499974404971795,7,1173.9142363585713,1195.5857985592136,ALL_TO_2026_END,exit_ts_filter_from_all_through_2026_single_run,90.78947368421053,69,2.2798348320834516,17605,,SMX2V4_B06_DIST_03_range_expansion_reject,dist_range_expansion_reject,57227,6.292484316843448,3601
12,2.2764929690554467,2023-12-31 23:59:59,127.31791562866536,27.317915628665368,6088,151,151,1.121219157287201,4.294589425604869,27.56299233005364,2.456355573984709,0.6090405224992708,0,125.89040276797802,127.56299233005363,2023_FULL_ONLY,exit_ts_filter_from_all_through_2026_single_run,100.0,12,2.1654015694311606,1455,2023-01-01 00:00:00,SMX2V4_B06_DIST_03_range_expansion_reject,dist_range_expansion_reject,6513,6.525410717027484,425
3,2.750703661056562,2023-03-31 23:59:59,108.25211098316969,8.252110983169691,1775,54,54,0.4705668244065264,2.9392476645390957,8.254709075402666,2.895834735620312,2.4170285830102785,0,107.74271246216315,108.25470907540266,2023_Q1_ONLY,exit_ts_filter_from_all_through_2026_single_run,100.0,3,2.37282960415855,500,2023-01-01 00:00:00,SMX2V4_B06_DIST_03_range_expansion_reject,dist_range_expansion_reject,1911,7.116692830978545,136
3,1.62120272819899,2023-06-30 23:59:59,104.86360818459697,4.863608184596968,909,31,31,0.27291133324682804,2.305435471228108,4.928684852008591,1.9955596456256472,0.5626130677432144,0,104.57742351340966,104.92868485200859,2023_Q2_ONLY,exit_ts_filter_from_all_through_2026_single_run,100.0,3,2.7443599573099076,163,2023-04-01 00:00:00,SMX2V4_B06_DIST_03_range_expansion_reject,dist_range_expansion_reject,983,7.527975584944049,74
3,1.0597169470096095,2023-09-30 23:59:59,103.17915084102883,3.1791508410288216,1118,151,151,1.1212191572872787,1.4343713621521914,3.291458557485649,0.9415128647950297,0.8032666140816076,0,102.02228643547286,103.29145855748565,2023_Q3_ONLY,exit_ts_filter_from_all_through_2026_single_run,100.0,3,1.6940893119717009,309,2023-07-01 00:00:00,SMX2V4_B06_DIST_03_range_expansion_reject,dist_range_expansion_reject,1182,5.414551607445008,64
3,2.900571958729761,2023-12-31 23:59:59,108.70171587618928,8.701715876189287,2286,28,28,0.46026148879675377,3.6666421786902106,8.910957897083517,2.606294256999348,2.4287794404997243,0,108.20140374034992,108.9109578970835,2023_Q4_ONLY,exit_ts_filter_from_all_through_2026_single_run,100.0,3,2.081740310795424,483,2023-10-01 00:00:00,SMX2V4_B06_DIST_03_range_expansion_reject,dist_range_expansion_reject,2437,6.196142798522774,151
12,3.925264988710109,2024-12-31 23:59:59,147.1031798645213,47.10317986452131,11671,140,140,0.9308334693495124,7.883960246044822,47.15261503534025,2.9373533972578727,0.9600591183660327,0,145.73389423186492,147.15261503534026,2024_FULL_ONLY,exit_ts_filter_from_all_through_2026_single_run,100.0,12,2.034367049903391,4043,2024-01-01 00:00:00,SMX2V4_B06_DIST_03_range_expansion_reject,dist_range_expansion_reject,12377,5.704128625676659,706
3,4.354374065434674,2024-03-31 23:59:59,113.06312219630402,13.063122196304011,3072,23,23,0.8320623114858816,7.883960246044822,13.063122196304011,4.219102831893167,0.9600591183660327,0,112.12236656831934,113.06312219630402,2024_Q1_ONLY,exit_ts_filter_from_all_through_2026_single_run,100.0,3,2.07243116525031,740,2024-01-01 00:00:00,SMX2V4_B06_DIST_03_range_expansion_reject,dist_range_expansion_reject,3292,6.682867557715674,220
3,1.632314158623468,2024-06-30 23:59:59,104.8969424758704,4.896942475870403,2568,140,140,0.656987112096985,2.229868865740073,4.927133658371519,1.6964496914817175,0.970623918648613,0,104.20778308282014,104.92713365837152,2024_Q2_ONLY,exit_ts_filter_from_all_through_2026_single_run,100.0,3,1.6837039424906648,1096,2024-04-01 00:00:00,SMX2V4_B06_DIST_03_range_expansion_reject,dist_range_expansion_reject,2686,4.393149664929263,118
3,2.145168075902357,2024-09-30 23:59:59,106.43550422770707,6.435504227707067,1994,35,35,0.6090024046117137,2.7079258496807057,6.549716035012332,2.2454626572749135,1.4821157207514517,0,105.78730944759972,106.54971603501234,2024_Q3_ONLY,exit_ts_filter_from_all_through_2026_single_run,100.0,3,2.1854806469787094,587,2024-07-01 00:00:00,SMX2V4_B06_DIST_03_range_expansion_reject,dist_range_expansion_reject,2119,5.8990089664936285,125
3,5.511251163217831,2024-12-31 23:59:59,116.53375348965349,16.533753489653492,4037,125,125,0.9308334693491016,6.241869508260606,16.572915566335,6.213814266052594,4.078069715340291,0,115.44901830908303,116.572915566335,2024_Q4_ONLY,exit_ts_filter_from_all_through_2026_single_run,100.0,3,2.1241374578284833,1620,2024-10-01 00:00:00,SMX2V4_B06_DIST_03_range_expansion_reject,dist_range_expansion_reject,4280,5.677570093457944,243
75,13.861228123820368,2025-12-31 23:59:59,1139.5921092865276,1039.5921092865276,52822,315,315,1.8118457778375285,178.4710659543963,1039.5921092865276,3.487410764494598,-0.15499974404971795,7,1118.94445776985,1139.5921092865276,TRAIN_2025_FULL,exit_ts_filter_from_all_through_2026_single_run,90.66666666666666,68,2.278602264178419,17329,,SMX2V4_B06_DIST_03_range_expansion_reject,dist_range_expansion_reject,56348,6.257542414992547,3526
12,20.441987883354088,2025-12-31 23:59:59,345.30385460024905,245.30385460024905,20823,315,315,1.8118457778377062,54.077899018843056,245.30385460024905,15.205891947972319,6.94146437558183,0,339.0474812899636,345.30385460024905,2025_FULL_ONLY,exit_ts_filter_from_all_through_2026_single_run,100.0,12,2.401394222405642,8583,2025-01-01 00:00:00,SMX2V4_B06_DIST_03_range_expansion_reject,dist_range_expansion_reject,22353,6.844718829687291,1530
72,8.24979396190145,2025-09-30 23:59:59,693.9851652569043,593.9851652569043,45610,315,315,1.8118457778375285,67.9952732498582,593.9907171826418,2.910919438019711,-0.15499974404971795,7,681.4112243413783,693.9907171826418,PREQ4_ALL_BEFORE_2025_10_01,exit_ts_filter_from_all_through_2026_single_run,90.27777777777779,65,2.242580088254774,14382,,SMX2V4_B06_DIST_03_range_expansion_reject,dist_range_expansion_reject,48612,6.175429934995474,3002
3,8.586535863348317,2025-03-31 23:59:59,125.75960759004495,25.759607590044943,3865,227,227,1.0441172269575638,9.763622921131386,25.767656494688595,8.3833324060912,7.612652262822365,0,124.44652986264305,125.7676564946886,2025_Q1_ONLY,exit_ts_filter_from_all_through_2026_single_run,100.0,3,2.8316754840359746,1871,2025-01-01 00:00:00,SMX2V4_B06_DIST_03_range_expansion_reject,dist_range_expansion_reject,4141,6.665056749577397,276
3,8.763709088113862,2025-06-30 23:59:59,126.29112726434158,26.291127264341576,4742,315,315,1.8118457778375174,12.455763673929766,26.411701522541332,8.315734109529586,5.51962948088223,0,124.0029268072192,126.41170152254134,2025_Q2_ONLY,exit_ts_filter_from_all_through_2026_single_run,100.0,3,2.324617894983315,2199,2025-04-01 00:00:00,SMX2V4_B06_DIST_03_range_expansion_reject,dist_range_expansion_reject,5081,6.67191497736666,339
3,10.80001844534389,2025-09-30 23:59:59,132.40005533603167,32.40005533603168,5004,183,183,1.4866357376954298,12.972291615969482,32.40111454494803,10.142305451578835,9.285458268483353,0,130.4317487966777,132.40111454494803,2025_Q3_ONLY,exit_ts_filter_from_all_through_2026_single_run,100.0,3,2.1754653836679174,1566,2025-07-01 00:00:00,SMX2V4_B06_DIST_03_range_expansion_reject,dist_range_expansion_reject,5395,7.247451343836886,391
3,21.40328863584379,2025-12-31 23:59:59,164.20986590753137,64.20986590753137,7212,88,88,1.6069403956670336,25.7168416400266,64.20986590753137,20.341103303327614,18.15192096417715,0,161.57111123859258,164.20986590753137,2025_Q4_ONLY,exit_ts_filter_from_all_through_2026_single_run,100.0,3,2.4409851238910196,2947,2025-10-01 00:00:00,SMX2V4_B06_DIST_03_range_expansion_reject,dist_range_expansion_reject,7736,6.773526370217166,524
1,4.912645860750004,2026-12-31 23:59:59,104.91264586075,4.912645860749998,804,27,27,1.0403914404203074,4.912645860750004,4.9134851686313485,4.912645860750004,4.912645860750004,0,103.82114367329629,104.91348516863135,2026_FULL_ONLY,exit_ts_filter_from_all_through_2026_single_run,100.0,1,2.3453865741210422,276,2026-01-01 00:00:00,SMX2V4_B06_DIST_03_range_expansion_reject,dist_range_expansion_reject,879,8.532423208191126,75
1,4.912645860750004,2026-03-31 23:59:59,104.91264586075,4.912645860749998,804,27,27,1.0403914404203074,4.912645860750004,4.9134851686313485,4.912645860750004,4.912645860750004,0,103.82114367329629,104.91348516863135,2026_Q1_ONLY,exit_ts_filter_from_all_through_2026_single_run,100.0,1,2.3453865741210422,276,2026-01-01 00:00:00,SMX2V4_B06_DIST_03_range_expansion_reject,dist_range_expansion_reject,879,8.532423208191126,75
0,0.0,2026-06-30 23:59:59,100.0,0.0,0,0,0,0.0,0.0,0.0,0.0,0.0,0,100.0,100.0,2026_Q2_ONLY,exit_ts_filter_from_all_through_2026_single_run,0.0,0,0.0,0,2026-04-01 00:00:00,SMX2V4_B06_DIST_03_range_expansion_reject,dist_range_expansion_reject,0,0.0,0
0,0.0,2026-09-30 23:59:59,100.0,0.0,0,0,0,0.0,0.0,0.0,0.0,0.0,0,100.0,100.0,2026_Q3_ONLY,exit_ts_filter_from_all_through_2026_single_run,0.0,0,0.0,0,2026-07-01 00:00:00,SMX2V4_B06_DIST_03_range_expansion_reject,dist_range_expansion_reject,0,0.0,0
0,0.0,2026-12-31 23:59:59,100.0,0.0,0,0,0,0.0,0.0,0.0,0.0,0.0,0,100.0,100.0,2026_Q4_ONLY,exit_ts_filter_from_all_through_2026_single_run,0.0,0,0.0,0,2026-10-01 00:00:00,SMX2V4_B06_DIST_03_range_expansion_reject,dist_range_expansion_reject,0,0.0,0
