{
  "load_sec": 172.3722,
  "feature_sec": 61.02050000000001,
  "backtest_sec": 764.8437000000001,
  "wall_sec": 1042.0715
}