active_months,avg_month_pnl,end,final_asset,final_return_pct,losses,max_conc,max_conc_unique_symbols,max_drawdown_pct,max_month_pnl,max_return_pct,median_month_pnl,min_month_pnl,negative_months,official_cd_value,peak_asset,period,period_calc_mode,positive_month_ratio_pct,positive_months,profit_factor,same_bar_trades,start,strategy,tag,trades,win_rate_pct,wins
76,275.8524637197848,2026-12-31 23:59:59,21064.787242703645,20964.787242703645,98284,325,325,5.655961392725716,5644.852881522234,20970.272210936124,13.085974936278937,-0.45140028877325733,5,19873.371008796516,21070.272210936124,ALL_TO_2026_END,exit_ts_filter_from_all_through_2026_single_run,93.42105263157895,71,2.0010696725618833,43108,,RETEST_SMX2V2_C08_EX20_02_N02_stop257_rr5075,gate_retest_N02_parent,106337,7.573093090833859,8053
12,4.780795797526349,2023-12-31 23:59:59,157.3695495703162,57.369549570316195,10256,150,150,1.9196538272639452,10.96666045671111,58.29246731921967,4.439856929381492,0.4667619614367453,0,154.3485989890416,158.29246731921967,2023_FULL_ONLY,exit_ts_filter_from_all_through_2026_single_run,100.0,12,1.8104104100927836,3100,2023-01-01 00:00:00,RETEST_SMX2V2_C08_EX20_02_N02_stop257_rr5075,gate_retest_N02_parent,11167,8.157965433867647,911
3,4.75371333833498,2023-03-31 23:59:59,114.26114001500494,14.261140015004937,3235,124,124,1.7267029478542528,5.843324104307385,14.374294659790365,4.389119206777778,4.028696703919778,0,112.28818954211397,114.37429465979037,2023_Q1_ONLY,exit_ts_filter_from_all_through_2026_single_run,100.0,3,1.78472930172568,1340,2023-01-01 00:00:00,RETEST_SMX2V2_C08_EX20_02_N02_stop257_rr5075,gate_retest_N02_parent,3518,8.044343376918704,283
3,3.4473085928132483,2023-06-30 23:59:59,110.34192577843974,10.341925778439753,1388,40,40,0.7407560159741089,3.950831673123446,10.342808520907898,3.930115393033489,2.4609787122828095,0,109.52456132509427,110.34280852090791,2023_Q2_ONLY,exit_ts_filter_from_all_through_2026_single_run,100.0,3,2.403259419201113,277,2023-04-01 00:00:00,RETEST_SMX2V2_C08_EX20_02_N02_stop257_rr5075,gate_retest_N02_parent,1536,9.635416666666668,148
3,2.0425593832116817,2023-09-30 23:59:59,106.12767814963505,6.127678149635041,1791,150,150,1.9196538272638342,4.498032077096482,6.207971468945095,1.2594290838339788,0.3702169887045841,0,104.09039411424934,106.20797146894509,2023_Q3_ONLY,exit_ts_filter_from_all_through_2026_single_run,100.0,3,1.5715179509420578,481,2023-07-01 00:00:00,RETEST_SMX2V2_C08_EX20_02_N02_stop257_rr5075,gate_retest_N02_parent,1944,7.87037037037037,153
3,5.870783247873547,2023-12-31 23:59:59,117.61234974362064,17.612349743620648,3842,25,25,1.102387443509767,8.196088180184503,18.30210532444947,6.850323725352766,2.5659378380833715,0,116.31580596803018,118.30210532444947,2023_Q4_ONLY,exit_ts_filter_from_all_through_2026_single_run,100.0,3,1.7531784634271128,1002,2023-10-01 00:00:00,RETEST_SMX2V2_C08_EX20_02_N02_stop257_rr5075,gate_retest_N02_parent,4169,7.843607579755337,327
12,11.278697830407266,2024-12-31 23:59:59,235.34437396488718,135.34437396488718,20056,183,183,1.8229859178414132,30.573574088771522,135.48015765982697,8.146324459091772,3.268387832723647,0,231.05407916907527,235.48015765982697,2024_FULL_ONLY,exit_ts_filter_from_all_through_2026_single_run,100.0,12,1.9165598413737563,8925,2024-01-01 00:00:00,RETEST_SMX2V2_C08_EX20_02_N02_stop257_rr5075,gate_retest_N02_parent,21637,7.306927947497342,1581
3,9.695963286327753,2024-03-31 23:59:59,129.08788985898326,29.087889858983253,5845,81,81,1.231623739846066,16.98963754569911,29.09202075407631,8.829864480560502,3.268387832723647,0,127.49801276221366,129.09202075407632,2024_Q1_ONLY,exit_ts_filter_from_all_through_2026_single_run,100.0,3,1.792034664955455,2193,2024-01-01 00:00:00,RETEST_SMX2V2_C08_EX20_02_N02_stop257_rr5075,gate_retest_N02_parent,6343,7.8511745230963275,498
3,5.993468247397743,2024-06-30 23:59:59,117.98040474219323,17.980404742193222,4094,183,183,1.1906419005760394,7.274401179969047,18.019102116811748,5.781165410461881,4.924838151762302,0,116.57568060886346,118.01910211681174,2024_Q2_ONLY,exit_ts_filter_from_all_through_2026_single_run,100.0,3,2.0936208146142437,2015,2024-04-01 00:00:00,RETEST_SMX2V2_C08_EX20_02_N02_stop257_rr5075,gate_retest_N02_parent,4390,6.74259681093394,296
3,3.6770739598042184,2024-09-30 23:59:59,111.03122187941266,11.031221879412655,3608,98,98,1.2932521833461497,3.7227178779799033,11.032110136293749,3.6860655989847118,3.62243840244804,0,109.59530817826123,111.03211013629375,2024_Q3_ONLY,exit_ts_filter_from_all_through_2026_single_run,100.0,3,1.7703196445045821,1519,2024-07-01 00:00:00,RETEST_SMX2V2_C08_EX20_02_N02_stop257_rr5075,gate_retest_N02_parent,3868,6.721820062047571,260
3,13.05855639679524,2024-12-31 23:59:59,139.17566919038572,39.17566919038571,6509,96,96,1.822985917841402,18.08030318150486,39.25596763257926,14.178949993472244,6.916416015408615,0,136.63851633998343,139.25596763257926,2024_Q4_ONLY,exit_ts_filter_from_all_through_2026_single_run,100.0,3,2.0191091015555007,3198,2024-10-01 00:00:00,RETEST_SMX2V2_C08_EX20_02_N02_stop257_rr5075,gate_retest_N02_parent,7036,7.490051165434906,527
75,256.92846035733015,2025-12-31 23:59:59,19369.63452679976,19269.63452679976,96843,325,325,5.655961392725716,5644.852881522234,19269.63452679976,12.992945222159108,-0.45140028877325733,5,18274.095476051894,19369.63452679976,TRAIN_2025_FULL,exit_ts_filter_from_all_through_2026_single_run,93.33333333333333,70,2.002195594712407,42379,,RETEST_SMX2V2_C08_EX20_02_N02_stop257_rr5075,gate_retest_N02_parent,104735,7.535207905666683,7892
12,126.80315327528704,2025-12-31 23:59:59,1621.6378393034445,1521.6378393034447,40297,325,325,5.655961392725562,472.590591077612,1521.6378393034447,43.90901993886459,10.19102886421868,0,1529.918629182613,1621.6378393034445,2025_FULL_ONLY,exit_ts_filter_from_all_through_2026_single_run,100.0,12,2.0961320716803242,22314,2025-01-01 00:00:00,RETEST_SMX2V2_C08_EX20_02_N02_stop257_rr5075,gate_retest_N02_parent,43779,7.953585052193975,3482
72,77.54197514196474,2025-09-30 23:59:59,5683.022210221461,5583.022210221461,82299,325,325,5.655961392725716,1339.2922618945095,5584.85689773751,10.411488882855139,-0.45140028877325733,5,5361.592668071308,5684.85689773751,PREQ4_ALL_BEFORE_2025_10_01,exit_ts_filter_from_all_through_2026_single_run,93.05555555555556,67,1.938861328172264,33632,,RETEST_SMX2V2_C08_EX20_02_N02_stop257_rr5075,gate_retest_N02_parent,88881,7.405407229891653,6582
3,20.551287718314125,2025-03-31 23:59:59,161.65386315494237,61.65386315494237,7541,325,325,5.655961392725562,28.196825084967344,61.71894335191019,23.266009205756347,10.19102886421868,0,152.51078306504942,161.71894335191018,2025_Q1_ONLY,exit_ts_filter_from_all_through_2026_single_run,100.0,3,2.1441291149849673,4473,2025-01-01 00:00:00,RETEST_SMX2V2_C08_EX20_02_N02_stop257_rr5075,gate_retest_N02_parent,8200,8.036585365853659,659
3,18.94246673570125,2025-06-30 23:59:59,156.82740020710375,56.82740020710375,8565,267,267,2.8716572165903953,23.69083604411405,57.52048686359075,17.95563072222788,15.18093344076182,0,152.32385485146537,157.52048686359075,2025_Q2_ONLY,exit_ts_filter_from_all_through_2026_single_run,100.0,3,1.918150907102746,4600,2025-04-01 00:00:00,RETEST_SMX2V2_C08_EX20_02_N02_stop257_rr5075,gate_retest_N02_parent,9249,7.395394096659098,684
3,29.22461702927647,2025-09-30 23:59:59,187.6738510878294,87.67385108782942,9647,213,213,2.9551971699104063,44.22825166331282,87.73443907410552,23.912084676145525,19.53351474837106,0,182.12771875182003,187.73443907410552,2025_Q3_ONLY,exit_ts_filter_from_all_through_2026_single_run,100.0,3,1.926353459278258,4494,2025-07-01 00:00:00,RETEST_SMX2V2_C08_EX20_02_N02_stop257_rr5075,gate_retest_N02_parent,10476,7.913325696830851,829
3,80.27778067311708,2025-12-31 23:59:59,340.8333420193512,240.83334201935122,14544,169,169,2.695765039992326,99.3283621410011,240.83334201935122,95.89150504099999,45.61347483735014,0,331.6452759405561,340.8333420193512,2025_Q4_ONLY,exit_ts_filter_from_all_through_2026_single_run,100.0,3,2.2872799743598566,8747,2025-10-01 00:00:00,RETEST_SMX2V2_C08_EX20_02_N02_stop257_rr5075,gate_retest_N02_parent,15854,8.262898952945628,1310
1,8.751598867591213,2026-12-31 23:59:59,108.75159886759121,8.751598867591204,1441,43,43,1.9026002459188396,8.751598867591213,8.77991622290779,8.751598867591213,8.751598867591213,0,106.68249068009575,108.77991622290779,2026_FULL_ONLY,exit_ts_filter_from_all_through_2026_single_run,100.0,1,1.935034433075917,729,2026-01-01 00:00:00,RETEST_SMX2V2_C08_EX20_02_N02_stop257_rr5075,gate_retest_N02_parent,1602,10.049937578027466,161
1,8.751598867591213,2026-03-31 23:59:59,108.75159886759121,8.751598867591204,1441,43,43,1.9026002459188396,8.751598867591213,8.77991622290779,8.751598867591213,8.751598867591213,0,106.68249068009575,108.77991622290779,2026_Q1_ONLY,exit_ts_filter_from_all_through_2026_single_run,100.0,1,1.935034433075917,729,2026-01-01 00:00:00,RETEST_SMX2V2_C08_EX20_02_N02_stop257_rr5075,gate_retest_N02_parent,1602,10.049937578027466,161
0,0.0,2026-06-30 23:59:59,100.0,0.0,0,0,0,0.0,0.0,0.0,0.0,0.0,0,100.0,100.0,2026_Q2_ONLY,exit_ts_filter_from_all_through_2026_single_run,0.0,0,0.0,0,2026-04-01 00:00:00,RETEST_SMX2V2_C08_EX20_02_N02_stop257_rr5075,gate_retest_N02_parent,0,0.0,0
0,0.0,2026-09-30 23:59:59,100.0,0.0,0,0,0,0.0,0.0,0.0,0.0,0.0,0,100.0,100.0,2026_Q3_ONLY,exit_ts_filter_from_all_through_2026_single_run,0.0,0,0.0,0,2026-07-01 00:00:00,RETEST_SMX2V2_C08_EX20_02_N02_stop257_rr5075,gate_retest_N02_parent,0,0.0,0
0,0.0,2026-12-31 23:59:59,100.0,0.0,0,0,0,0.0,0.0,0.0,0.0,0.0,0,100.0,100.0,2026_Q4_ONLY,exit_ts_filter_from_all_through_2026_single_run,0.0,0,0.0,0,2026-10-01 00:00:00,RETEST_SMX2V2_C08_EX20_02_N02_stop257_rr5075,gate_retest_N02_parent,0,0.0,0
76,340.63365872208175,2026-12-31 23:59:59,25988.158062878214,25888.158062878218,106985,326,326,5.703235000480511,7126.1787858662865,25894.92500620183,14.130755852726324,-0.2903800887941941,5,24505.99233625595,25994.92500620183,ALL_TO_2026_END,exit_ts_filter_from_all_through_2026_single_run,93.42105263157895,71,1.9848071041189899,49173,,RETEST_SMX2V3_B04_M01_S02D_plus_upper020,anchor_M01_v4_current,115610,7.460427298676585,8625
12,5.115849524687749,2023-12-31 23:59:59,161.390194296253,61.390194296252986,11070,150,150,1.9771055940383087,11.921598479722462,62.185529021207685,4.703303380781485,0.4697663033791457,0,158.19933973659246,162.18552902120769,2023_FULL_ONLY,exit_ts_filter_from_all_through_2026_single_run,100.0,12,1.808360711363227,3537,2023-01-01 00:00:00,RETEST_SMX2V3_B04_M01_S02D_plus_upper020,anchor_M01_v4_current,12046,8.102274613979745,976
3,5.074920519346662,2023-03-31 23:59:59,115.22476155803999,15.22476155803998,3535,133,133,1.9265124038125525,6.142229640584446,15.263664570941039,5.014642873696189,4.067889043759351,0,113.0049422343609,115.26366457094105,2023_Q1_ONLY,exit_ts_filter_from_all_through_2026_single_run,100.0,3,1.786981850177329,1532,2023-01-01 00:00:00,RETEST_SMX2V3_B04_M01_S02D_plus_upper020,anchor_M01_v4_current,3842,7.990629880270693,307
3,3.6121074930657358,2023-06-30 23:59:59,110.83632247919721,10.836322479197214,1515,43,43,0.8654465138205114,4.212210822348183,10.837209176870633,3.9514916964239006,2.6726199604251235,0,109.87709339025413,110.83720917687063,2023_Q2_ONLY,exit_ts_filter_from_all_through_2026_single_run,100.0,3,2.3395127451921103,337,2023-04-01 00:00:00,RETEST_SMX2V3_B04_M01_S02D_plus_upper020,anchor_M01_v4_current,1672,9.389952153110048,157
3,2.006610360638002,2023-09-30 23:59:59,106.019831081914,6.0198310819139955,1891,150,150,1.9771055940384086,4.4319956038187485,6.12503401466058,1.2199997284222803,0.3678357496729774,0,103.9237070708034,106.12503401466059,2023_Q3_ONLY,exit_ts_filter_from_all_through_2026_single_run,100.0,3,1.5384780930352167,512,2023-07-01 00:00:00,RETEST_SMX2V3_B04_M01_S02D_plus_upper020,anchor_M01_v4_current,2054,7.935735150925025,163
3,6.398705943540269,2023-12-31 23:59:59,119.1961178306208,19.196117830620807,4129,26,26,1.0998294395115238,8.804799221630432,19.783519140866822,7.86112525690281,2.530193352087565,0,117.88516383596479,119.78351914086683,2023_Q4_ONLY,exit_ts_filter_from_all_through_2026_single_run,100.0,3,1.7747579785475958,1156,2023-10-01 00:00:00,RETEST_SMX2V3_B04_M01_S02D_plus_upper020,anchor_M01_v4_current,4478,7.793657882983475,349
12,12.11878023708664,2024-12-31 23:59:59,245.42536284503967,145.42536284503967,22329,197,197,1.8269160985862842,34.38228634366902,145.62716361014716,8.400110067856438,3.2101317805082488,0,240.94164738120983,245.62716361014716,2024_FULL_ONLY,exit_ts_filter_from_all_through_2026_single_run,100.0,12,1.8904940587276715,10562,2024-01-01 00:00:00,RETEST_SMX2V3_B04_M01_S02D_plus_upper020,anchor_M01_v4_current,24041,7.121168004658708,1712
3,10.437732059127597,2024-03-31 23:59:59,131.3131961773828,31.313196177382796,6327,87,87,1.3192317118920882,18.99957239784534,31.317398283702257,9.103491999029202,3.2101317805082488,0,129.5808708515117,131.31739828370226,2024_Q1_ONLY,exit_ts_filter_from_all_through_2026_single_run,100.0,3,1.8003866853096624,2508,2024-01-01 00:00:00,RETEST_SMX2V3_B04_M01_S02D_plus_upper020,anchor_M01_v4_current,6859,7.756232686980609,532
3,5.957571029451334,2024-06-30 23:59:59,117.872713088354,17.872713088354008,4627,197,197,1.3563037395494026,7.214521923049418,17.912318438838405,5.8613516087801685,4.796839556524418,0,116.27400107282833,117.91231843883841,2024_Q2_ONLY,exit_ts_filter_from_all_through_2026_single_run,100.0,3,1.9641021507458674,2428,2024-04-01 00:00:00,RETEST_SMX2V3_B04_M01_S02D_plus_upper020,anchor_M01_v4_current,4949,6.506364922206506,322
3,4.271936196637185,2024-09-30 23:59:59,112.81580858991155,12.815808589911558,4057,106,106,1.4275328042212987,4.636124995410455,12.816711123600545,4.37107579187915,3.8086078026219496,0,111.20532591394306,112.81671112360054,2024_Q3_ONLY,exit_ts_filter_from_all_through_2026_single_run,100.0,3,1.8176912789654793,1794,2024-07-01 00:00:00,RETEST_SMX2V3_B04_M01_S02D_plus_upper020,anchor_M01_v4_current,4350,6.735632183908045,293
3,13.516340799131854,2024-12-31 23:59:59,140.54902239739556,40.549022397395554,7318,127,127,1.8269160985863175,19.6898832189614,40.66458869391085,13.84227208910957,7.016867089324592,0,137.98130968081185,140.66458869391084,2024_Q4_ONLY,exit_ts_filter_from_all_through_2026_single_run,100.0,3,1.9730051483133801,3832,2024-10-01 00:00:00,RETEST_SMX2V3_B04_M01_S02D_plus_upper020,anchor_M01_v4_current,7883,7.167322085500444,565
75,319.5132090426269,2025-12-31 23:59:59,24063.490678197017,23963.490678197017,105429,326,326,5.703235000480511,7126.1787858662865,23963.490678197017,13.954863959897551,-0.2903800887941941,5,22691.09325550072,24063.490678197017,TRAIN_2025_FULL,exit_ts_filter_from_all_through_2026_single_run,93.33333333333333,70,1.987686470447645,48345,,RETEST_SMX2V3_B04_M01_S02D_plus_upper020,anchor_M01_v4_current,113888,7.427472604664231,8459
12,135.61677927619849,2025-12-31 23:59:59,1727.4013513143818,1627.4013513143818,43454,326,326,5.703235000480278,511.5538318622532,1627.4013513143818,46.220751892350236,11.007702857999377,0,1628.8835928474507,1727.4013513143818,2025_FULL_ONLY,exit_ts_filter_from_all_through_2026_single_run,100.0,12,2.073767395439081,24907,2025-01-01 00:00:00,RETEST_SMX2V3_B04_M01_S02D_plus_upper020,anchor_M01_v4_current,47132,7.803615378087074,3678
72,96.08719836901507,2025-09-30 23:59:59,7018.278282569085,6918.278282569085,89842,326,326,5.703235000480511,1717.1819169697774,6920.544039603436,11.851545885735959,-0.2903800887941941,5,6618.009379126483,7020.544039603436,PREQ4_ALL_BEFORE_2025_10_01,exit_ts_filter_from_all_through_2026_single_run,93.05555555555556,67,1.9329509938402882,38696,,RETEST_SMX2V3_B04_M01_S02D_plus_upper020,anchor_M01_v4_current,96936,7.318230585128332,7094
3,20.85166257086081,2025-03-31 23:59:59,162.55498771258243,62.55498771258243,8263,326,326,5.703235000480278,27.023033189166853,62.66597876079405,24.5242516654162,11.007702857999377,0,153.28409475833203,162.66597876079405,2025_Q1_ONLY,exit_ts_filter_from_all_through_2026_single_run,100.0,3,2.098530948836961,5110,2025-01-01 00:00:00,RETEST_SMX2V3_B04_M01_S02D_plus_upper020,anchor_M01_v4_current,8953,7.7069138836144315,690
3,20.515731458809103,2025-06-30 23:59:59,161.5471943764273,61.547194376427306,9224,293,293,2.9386363814182803,25.262139710580882,62.404433390287785,19.655972657015013,16.629082008831418,0,156.7999097493211,162.40443339028778,2025_Q2_ONLY,exit_ts_filter_from_all_through_2026_single_run,100.0,3,1.9398383885883757,5130,2025-04-01 00:00:00,RETEST_SMX2V3_B04_M01_S02D_plus_upper020,anchor_M01_v4_current,9958,7.370958023699538,734
3,30.617209960319098,2025-09-30 23:59:59,191.8516298809573,91.85162988095729,10380,247,247,3.21928074515776,46.940878703966405,91.91356660709627,25.346377813317474,19.56437336367341,0,185.6753873009283,191.91356660709627,2025_Q3_ONLY,exit_ts_filter_from_all_through_2026_single_run,100.0,3,1.9238531998751998,5018,2025-07-01 00:00:00,RETEST_SMX2V3_B04_M01_S02D_plus_upper020,anchor_M01_v4_current,11269,7.888898748779837,889
3,80.95628637753958,2025-12-31 23:59:59,342.86885913261875,242.86885913261872,15587,194,194,2.8216915344116744,101.53742127275149,242.86885913261872,96.53866165901951,44.792776200847754,0,333.19415756033976,342.86885913261875,2025_Q4_ONLY,exit_ts_filter_from_all_through_2026_single_run,100.0,3,2.237201919869973,9649,2025-10-01 00:00:00,RETEST_SMX2V3_B04_M01_S02D_plus_upper020,anchor_M01_v4_current,16952,8.052147239263803,1365
1,7.998288404703629,2026-12-31 23:59:59,107.99828840470363,7.998288404703624,1556,42,42,2.010267680394462,7.998288404703629,8.026409608788754,7.998288404703629,7.998288404703629,0,105.82723371752466,108.02640960878875,2026_FULL_ONLY,exit_ts_filter_from_all_through_2026_single_run,100.0,1,1.8152253181026134,828,2026-01-01 00:00:00,RETEST_SMX2V3_B04_M01_S02D_plus_upper020,anchor_M01_v4_current,1722,9.639953542392567,166
1,7.998288404703629,2026-03-31 23:59:59,107.99828840470363,7.998288404703624,1556,42,42,2.010267680394462,7.998288404703629,8.026409608788754,7.998288404703629,7.998288404703629,0,105.82723371752466,108.02640960878875,2026_Q1_ONLY,exit_ts_filter_from_all_through_2026_single_run,100.0,1,1.8152253181026134,828,2026-01-01 00:00:00,RETEST_SMX2V3_B04_M01_S02D_plus_upper020,anchor_M01_v4_current,1722,9.639953542392567,166
0,0.0,2026-06-30 23:59:59,100.0,0.0,0,0,0,0.0,0.0,0.0,0.0,0.0,0,100.0,100.0,2026_Q2_ONLY,exit_ts_filter_from_all_through_2026_single_run,0.0,0,0.0,0,2026-04-01 00:00:00,RETEST_SMX2V3_B04_M01_S02D_plus_upper020,anchor_M01_v4_current,0,0.0,0
0,0.0,2026-09-30 23:59:59,100.0,0.0,0,0,0,0.0,0.0,0.0,0.0,0.0,0,100.0,100.0,2026_Q3_ONLY,exit_ts_filter_from_all_through_2026_single_run,0.0,0,0.0,0,2026-07-01 00:00:00,RETEST_SMX2V3_B04_M01_S02D_plus_upper020,anchor_M01_v4_current,0,0.0,0
0,0.0,2026-12-31 23:59:59,100.0,0.0,0,0,0,0.0,0.0,0.0,0.0,0.0,0,100.0,100.0,2026_Q4_ONLY,exit_ts_filter_from_all_through_2026_single_run,0.0,0,0.0,0,2026-10-01 00:00:00,RETEST_SMX2V3_B04_M01_S02D_plus_upper020,anchor_M01_v4_current,0,0.0,0
76,5886.828743876738,2026-12-31 23:59:59,447498.9845346321,447398.9845346321,203135,346,346,6.0355563090292,130958.6460271317,447398.9845346321,49.18632718429626,-2.9982573269076056,3,420489.9313407105,447498.9845346321,ALL_TO_2026_END,exit_ts_filter_from_all_through_2026_single_run,96.05263157894737,73,1.9950959155082557,123128,,RETEST_SMX2V4_B06_SOFTFB_02_lower_threshold_fb_bonus,solo_SOFTFB02_exact,217119,6.440707630377811,13984
12,8.612143512379596,2023-12-31 23:59:59,203.34572214855515,103.34572214855515,19887,173,173,3.4431538170408227,22.540927496193774,103.81893352078824,6.78839856490935,-0.35855836986542045,1,196.34421615460795,203.81893352078825,2023_FULL_ONLY,exit_ts_filter_from_all_through_2026_single_run,91.66666666666666,11,1.7877520170174175,8716,2023-01-01 00:00:00,RETEST_SMX2V4_B06_SOFTFB_02_lower_threshold_fb_bonus,solo_SOFTFB02_exact,21488,7.450670141474311,1601
3,7.221234489625625,2023-03-31 23:59:59,121.66370346887688,21.66370346887687,6362,148,148,2.9118738473350336,8.234392801042901,21.8096037764862,7.461754597657702,5.967556070176272,0,118.12100990586741,121.8096037764862,2023_Q1_ONLY,exit_ts_filter_from_all_through_2026_single_run,100.0,3,1.7144003972340638,3434,2023-01-01 00:00:00,RETEST_SMX2V4_B06_SOFTFB_02_lower_threshold_fb_bonus,solo_SOFTFB02_exact,6837,6.947491589878601,475
3,4.726696250683237,2023-06-30 23:59:59,114.18008875204971,14.180088752049702,2865,65,65,1.2210084605589033,6.201288326507537,14.316466553676687,5.026184768183626,2.9526156573585496,0,112.7859402081135,114.31646655367669,2023_Q2_ONLY,exit_ts_filter_from_all_through_2026_single_run,100.0,3,2.1261862165251895,968,2023-04-01 00:00:00,RETEST_SMX2V4_B06_SOFTFB_02_lower_threshold_fb_bonus,solo_SOFTFB02_exact,3133,8.554101500159591,268
3,3.341335219829683,2023-09-30 23:59:59,110.02400565948905,10.024005659489044,3222,173,173,3.4431538170406895,6.639441245832018,10.134316357496953,3.642676568273231,-0.2581121546161995,1,106.23570990896327,110.13431635749694,2023_Q3_ONLY,exit_ts_filter_from_all_through_2026_single_run,66.66666666666666,2,1.56791694803315,1086,2023-07-01 00:00:00,RETEST_SMX2V4_B06_SOFTFB_02_lower_threshold_fb_bonus,solo_SOFTFB02_exact,3487,7.599655864640092,265
3,11.01475713556504,2023-12-31 23:59:59,133.04427140669512,33.044271406695124,7438,48,48,1.8351716471893154,14.747992944603027,33.35388235682917,14.405337479058474,3.890940983033616,0,130.60268065962987,133.35388235682916,2023_Q4_ONLY,exit_ts_filter_from_all_through_2026_single_run,100.0,3,1.838580566976283,3228,2023-10-01 00:00:00,RETEST_SMX2V4_B06_SOFTFB_02_lower_threshold_fb_bonus,solo_SOFTFB02_exact,8031,7.383887436184784,593
12,26.135645911828558,2024-12-31 23:59:59,413.6277509419427,313.6277509419426,44701,238,238,2.843100133988974,73.89299244703398,313.99728668089307,17.39431289197715,6.30421032169923,0,401.8678998006967,413.99728668089307,2024_FULL_ONLY,exit_ts_filter_from_all_through_2026_single_run,100.0,12,1.8776229975980936,28314,2024-01-01 00:00:00,RETEST_SMX2V4_B06_SOFTFB_02_lower_threshold_fb_bonus,solo_SOFTFB02_exact,47597,6.084417085110406,2896
3,16.86301047342523,2024-03-31 23:59:59,150.5890314202757,50.58903142027569,11712,167,167,1.889917889354964,31.597194468382483,50.599874264247035,12.687626630193975,6.30421032169923,0,147.74302237605752,150.59987426424703,2024_Q1_ONLY,exit_ts_filter_from_all_through_2026_single_run,100.0,3,1.8102363371728183,6667,2024-01-01 00:00:00,RETEST_SMX2V4_B06_SOFTFB_02_lower_threshold_fb_bonus,solo_SOFTFB02_exact,12548,6.662416321326107,836
3,10.191498255928025,2024-06-30 23:59:59,130.57449476778407,30.574494767784067,9331,234,234,2.283556073844484,11.759325902950266,30.732934715234485,11.342373773213055,7.472795091620753,0,127.5927529616226,130.73293471523448,2024_Q2_ONLY,exit_ts_filter_from_all_through_2026_single_run,100.0,3,1.924680140594387,5923,2024-04-01 00:00:00,RETEST_SMX2V4_B06_SOFTFB_02_lower_threshold_fb_bonus,solo_SOFTFB02_exact,9893,5.680784393005156,562
3,8.132860202752127,2024-09-30 23:59:59,124.39858060825638,24.39858060825637,8747,206,206,2.21673524384417,11.387987784873303,24.46554645930048,6.5628771730334705,6.447715650349608,0,121.64099342907126,124.46554645930048,2024_Q3_ONLY,exit_ts_filter_from_all_through_2026_single_run,100.0,3,1.8722542865149787,5366,2024-07-01 00:00:00,RETEST_SMX2V4_B06_SOFTFB_02_lower_threshold_fb_bonus,solo_SOFTFB02_exact,9296,5.905765920826162,549
3,23.033195998732726,2024-12-31 23:59:59,169.09958799619818,69.09958799619818,14911,238,238,2.843100133989007,30.2089851325114,69.25066185684734,27.196363442390563,11.694239421296217,0,164.29191738330343,169.25066185684733,2024_Q4_ONLY,exit_ts_filter_from_all_through_2026_single_run,100.0,3,1.915669475863684,10358,2024-10-01 00:00:00,RETEST_SMX2V4_B06_SOFTFB_02_lower_threshold_fb_bonus,solo_SOFTFB02_exact,15860,5.983606557377049,949
75,5338.211885803334,2025-12-31 23:59:59,400465.89143525,400365.89143525,200502,346,346,6.0355563090292,130958.6460271317,400372.2989664033,48.644476819147485,-2.9982573269076056,3,376295.5470592197,400472.2989664033,TRAIN_2025_FULL,exit_ts_filter_from_all_through_2026_single_run,96.0,72,1.9974533465801028,121309,,RETEST_SMX2V4_B06_SOFTFB_02_lower_threshold_fb_bonus,solo_SOFTFB02_exact,214231,6.408502971091952,13729
12,466.1604624493788,2025-12-31 23:59:59,5693.925549392546,5593.925549392546,79900,346,346,6.035556309029177,1862.0032229344201,5594.016653294581,117.94436520862132,26.669409679043767,0,5350.2654666647595,5694.016653294581,2025_FULL_ONLY,exit_ts_filter_from_all_through_2026_single_run,100.0,12,2.0745015187016507,58089,2025-01-01 00:00:00,RETEST_SMX2V4_B06_SOFTFB_02_lower_threshold_fb_bonus,solo_SOFTFB02_exact,85539,6.592314616724535,5639
72,1120.8449891839962,2025-09-30 23:59:59,80800.83922124772,80700.83922124772,172553,346,346,6.0355563090292,25995.202907119827,80702.13205018919,41.33229452896819,-2.9982573269076056,3,75924.05907188116,80802.13205018919,PREQ4_ALL_BEFORE_2025_10_01,exit_ts_filter_from_all_through_2026_single_run,95.83333333333334,69,1.9689536824329006,99430,,RETEST_SMX2V4_B06_SOFTFB_02_lower_threshold_fb_bonus,solo_SOFTFB02_exact,184274,6.3606368776930005,11721
3,38.414972898329914,2025-03-31 23:59:59,215.24491869498974,115.24491869498972,16201,337,337,6.035556309029177,47.268075093195506,115.45681909805059,41.30743392275046,26.669409679043767,0,202.25369042482956,215.45681909805057,2025_Q1_ONLY,exit_ts_filter_from_all_through_2026_single_run,100.0,3,2.1863104541573914,11951,2025-01-01 00:00:00,RETEST_SMX2V4_B06_SOFTFB_02_lower_threshold_fb_bonus,solo_SOFTFB02_exact,17319,6.455338068017784,1118
3,33.07696510914037,2025-06-30 23:59:59,199.2308953274211,99.23089532742111,17085,331,331,3.9133775212469746,40.91433100465673,100.90567154482879,29.164071129210782,29.152493193553596,0,191.43423825429872,200.90567154482878,2025_Q2_ONLY,exit_ts_filter_from_all_through_2026_single_run,100.0,3,1.9363312458279258,12018,2025-04-01 00:00:00,RETEST_SMX2V4_B06_SOFTFB_02_lower_threshold_fb_bonus,solo_SOFTFB02_exact,18232,6.291136463361123,1147
3,55.9666287322158,2025-09-30 23:59:59,267.8998861966474,167.89988619664743,18665,346,346,4.912560615763118,86.18860852926457,167.90417264626387,47.240461131495806,34.470816535887025,0,254.73914189767672,267.9041726462639,2025_Q3_ONLY,exit_ts_filter_from_all_through_2026_single_run,100.0,3,2.0143168084110146,12241,2025-07-01 00:00:00,RETEST_SMX2V4_B06_SOFTFB_02_lower_threshold_fb_bonus,solo_SOFTFB02_exact,20031,6.8194298836802965,1366
3,131.87365184772653,2025-12-31 23:59:59,495.6209555431796,395.6209555431796,27949,328,328,4.505570369644629,162.07584882694863,395.6288855736286,157.26088183688447,76.28422487934651,0,473.29040462447654,495.62888557362857,2025_Q4_ONLY,exit_ts_filter_from_all_through_2026_single_run,100.0,3,2.136835358734536,21879,2025-10-01 00:00:00,RETEST_SMX2V4_B06_SOFTFB_02_lower_threshold_fb_bonus,solo_SOFTFB02_exact,29957,6.702940881930767,2008
1,11.744594010445724,2026-12-31 23:59:59,111.74459401044572,11.74459401044572,2633,56,56,2.310107510004722,11.744594010445724,11.74459401044572,11.744594010445724,11.744594010445724,0,109.16317375218613,111.74459401044572,2026_FULL_ONLY,exit_ts_filter_from_all_through_2026_single_run,100.0,1,1.845637876377798,1819,2026-01-01 00:00:00,RETEST_SMX2V4_B06_SOFTFB_02_lower_threshold_fb_bonus,solo_SOFTFB02_exact,2888,8.829639889196676,255
1,11.744594010445724,2026-03-31 23:59:59,111.74459401044572,11.74459401044572,2633,56,56,2.310107510004722,11.744594010445724,11.74459401044572,11.744594010445724,11.744594010445724,0,109.16317375218613,111.74459401044572,2026_Q1_ONLY,exit_ts_filter_from_all_through_2026_single_run,100.0,1,1.845637876377798,1819,2026-01-01 00:00:00,RETEST_SMX2V4_B06_SOFTFB_02_lower_threshold_fb_bonus,solo_SOFTFB02_exact,2888,8.829639889196676,255
0,0.0,2026-06-30 23:59:59,100.0,0.0,0,0,0,0.0,0.0,0.0,0.0,0.0,0,100.0,100.0,2026_Q2_ONLY,exit_ts_filter_from_all_through_2026_single_run,0.0,0,0.0,0,2026-04-01 00:00:00,RETEST_SMX2V4_B06_SOFTFB_02_lower_threshold_fb_bonus,solo_SOFTFB02_exact,0,0.0,0
0,0.0,2026-09-30 23:59:59,100.0,0.0,0,0,0,0.0,0.0,0.0,0.0,0.0,0,100.0,100.0,2026_Q3_ONLY,exit_ts_filter_from_all_through_2026_single_run,0.0,0,0.0,0,2026-07-01 00:00:00,RETEST_SMX2V4_B06_SOFTFB_02_lower_threshold_fb_bonus,solo_SOFTFB02_exact,0,0.0,0
0,0.0,2026-12-31 23:59:59,100.0,0.0,0,0,0,0.0,0.0,0.0,0.0,0.0,0,100.0,100.0,2026_Q4_ONLY,exit_ts_filter_from_all_through_2026_single_run,0.0,0,0.0,0,2026-10-01 00:00:00,RETEST_SMX2V4_B06_SOFTFB_02_lower_threshold_fb_bonus,solo_SOFTFB02_exact,0,0.0,0
76,5450.789199034904,2026-12-31 23:59:59,414359.9791266527,414259.9791266527,195924,338,338,5.939146234728698,121420.32118562827,414259.9791266527,46.84501910125766,-5.614564438895286,3,389750.5340281295,414359.9791266527,ALL_TO_2026_END,exit_ts_filter_from_all_through_2026_single_run,96.05263157894737,73,2.0089288518030446,117125,,SMX2V4_B07_A01_relaxed_thresholds_only,ablation_relaxed_thresholds_only,209577,6.514550737914942,13653
12,8.547301925968318,2023-12-31 23:59:59,202.5676231116198,102.5676231116198,19207,173,173,3.437746460620228,22.05072021376739,103.03739943618683,6.942412270540167,-0.7001120925793032,1,195.60386181773757,203.03739943618683,2023_FULL_ONLY,exit_ts_filter_from_all_through_2026_single_run,91.66666666666666,11,1.8042013352187103,8268,2023-01-01 00:00:00,SMX2V4_B07_A01_relaxed_thresholds_only,ablation_relaxed_thresholds_only,20767,7.511917946742427,1560
3,7.430120345883357,2023-03-31 23:59:59,122.29036103765007,22.290361037650076,6121,148,148,2.777883204303422,8.405536496569738,22.435053854798447,7.70182379920297,6.183000741877365,0,118.89327763790318,122.43505385479845,2023_Q1_ONLY,exit_ts_filter_from_all_through_2026_single_run,100.0,3,1.7579835506487242,3262,2023-01-01 00:00:00,SMX2V4_B07_A01_relaxed_thresholds_only,ablation_relaxed_thresholds_only,6588,7.088646023072252,467
3,4.691044537920817,2023-06-30 23:59:59,114.07313361376245,14.073133613762456,2749,63,63,1.3677266209441319,6.308594141626202,14.205729010717372,4.778531951939641,2.9860075201966083,0,112.51292499798187,114.20572901071738,2023_Q2_ONLY,exit_ts_filter_from_all_through_2026_single_run,100.0,3,2.142717359896607,896,2023-04-01 00:00:00,SMX2V4_B07_A01_relaxed_thresholds_only,ablation_relaxed_thresholds_only,3013,8.762031198141388,264
3,3.311960882406827,2023-09-30 23:59:59,109.93588264722048,9.935882647220474,3136,173,173,3.437746460620361,6.46651722391762,10.022389161539547,3.9712362831606782,-0.5018708598578172,1,106.1565657325639,110.02238916153954,2023_Q3_ONLY,exit_ts_filter_from_all_through_2026_single_run,66.66666666666666,2,1.5718488438462477,1049,2023-07-01 00:00:00,SMX2V4_B07_A01_relaxed_thresholds_only,ablation_relaxed_thresholds_only,3398,7.710417892878163,262
3,10.69514852342194,2023-12-31 23:59:59,132.08544557026582,32.085445570265826,7201,48,48,1.6619295228079367,14.378305673141426,32.39176606806122,13.899744317204153,3.8073955799202395,0,129.89027855500117,132.39176606806123,2023_Q4_ONLY,exit_ts_filter_from_all_through_2026_single_run,100.0,3,1.839810155146175,3061,2023-10-01 00:00:00,SMX2V4_B07_A01_relaxed_thresholds_only,ablation_relaxed_thresholds_only,7768,7.299176107106076,567
12,25.213941987877963,2024-12-31 23:59:59,402.56730385453557,302.56730385453557,42723,232,232,2.8020504100274124,70.39831455114864,302.9205113656294,16.62121300887985,6.056239130476271,0,391.28716506624323,402.92051136562947,2024_FULL_ONLY,exit_ts_filter_from_all_through_2026_single_run,100.0,12,1.885291064328745,26672,2024-01-01 00:00:00,SMX2V4_B07_A01_relaxed_thresholds_only,ablation_relaxed_thresholds_only,45528,6.161043753294676,2805
3,16.476095448862157,2024-03-31 23:59:59,149.42828634658648,49.42828634658647,11303,166,166,1.825691495492554,31.19616476521125,49.43665459840383,12.175882450898953,6.056239130476271,0,146.7001868308966,149.43665459840383,2024_Q1_ONLY,exit_ts_filter_from_all_through_2026_single_run,100.0,3,1.8078253803650046,6336,2024-01-01 00:00:00,SMX2V4_B07_A01_relaxed_thresholds_only,ablation_relaxed_thresholds_only,12119,6.733228814258601,816
3,9.781257961934983,2024-06-30 23:59:59,129.34377388580495,29.343773885804957,8944,232,232,2.13583499913661,11.330703998235165,29.49761247604661,10.915703847636635,7.097366039933149,0,126.58120429394782,129.4976124760466,2024_Q2_ONLY,exit_ts_filter_from_all_through_2026_single_run,100.0,3,1.9401590147906387,5599,2024-04-01 00:00:00,SMX2V4_B07_A01_relaxed_thresholds_only,ablation_relaxed_thresholds_only,9477,5.6241426611796985,533
3,7.966536657235854,2024-09-30 23:59:59,123.89960997170756,23.89960997170757,8317,203,203,2.072998819498195,11.227055910831155,23.965315487996698,6.761414661061579,5.911139399814829,0,121.33117251963121,123.96531548799669,2024_Q3_ONLY,exit_ts_filter_from_all_through_2026_single_run,100.0,3,1.8869210683373916,5016,2024-07-01 00:00:00,SMX2V4_B07_A01_relaxed_thresholds_only,ablation_relaxed_thresholds_only,8845,5.969474279253816,528
3,22.702903324791368,2024-12-31 23:59:59,168.1087099743741,68.10870997437411,14159,221,221,2.802050410027257,29.39774226632227,68.25620645129786,27.43190686083406,11.279060847217778,0,163.3982191772456,168.25620645129786,2024_Q4_ONLY,exit_ts_filter_from_all_through_2026_single_run,100.0,3,1.9265303352129162,9721,2024-10-01 00:00:00,SMX2V4_B07_A01_relaxed_thresholds_only,ablation_relaxed_thresholds_only,15087,6.150990919334527,928
75,4959.412367169354,2025-12-31 23:59:59,372055.92753770156,371955.92753770156,193366,338,338,5.939146234728698,121420.32118562827,371958.90400893363,46.82648507527756,-5.614564438895286,3,349958.9819262612,372058.90400893363,TRAIN_2025_FULL,exit_ts_filter_from_all_through_2026_single_run,96.0,72,2.0117114634561943,115386,,SMX2V4_B07_A01_relaxed_thresholds_only,ablation_relaxed_thresholds_only,206770,6.482565169028389,13404
12,465.76667087015903,2025-12-31 23:59:59,5689.200050441908,5589.200050441908,77410,338,338,5.939146234728776,1856.6684368815604,5589.245564406424,120.19749528706461,26.36532081942758,0,5351.3101398599,5689.245564406424,2025_FULL_ONLY,exit_ts_filter_from_all_through_2026_single_run,100.0,12,2.095763144144955,55657,2025-01-01 00:00:00,SMX2V4_B07_A01_relaxed_thresholds_only,ablation_relaxed_thresholds_only,82955,6.684346935085288,5545
72,1047.7926082538993,2025-09-30 23:59:59,75541.06779428075,75441.06779428075,166184,338,338,5.939146234728698,24293.97733000433,75442.2764658695,41.85152814971295,-5.614564438895286,3,71054.57331070288,75542.2764658695,PREQ4_ALL_BEFORE_2025_10_01,exit_ts_filter_from_all_through_2026_single_run,95.83333333333334,69,1.9823005944302974,94309,,SMX2V4_B07_A01_relaxed_thresholds_only,ablation_relaxed_thresholds_only,177621,6.438990885086786,11437
3,38.81749253975665,2025-03-31 23:59:59,216.45247761926996,116.45247761926996,15562,338,338,5.939146234728776,49.487169735937215,116.66556681797964,40.59998706390516,26.36532081942758,0,203.59704844476792,216.66556681797965,2025_Q1_ONLY,exit_ts_filter_from_all_through_2026_single_run,100.0,3,2.228369972981963,11340,2025-01-01 00:00:00,SMX2V4_B07_A01_relaxed_thresholds_only,ablation_relaxed_thresholds_only,16660,6.590636254501801,1098
3,32.51791085033039,2025-06-30 23:59:59,197.55373255099116,97.55373255099116,16531,331,331,3.8384911445405234,40.67696666896086,99.39258916069606,29.147478014968556,27.729287867061743,0,189.97065002131208,199.39258916069608,2025_Q2_ONLY,exit_ts_filter_from_all_through_2026_single_run,100.0,3,1.9444364871324493,11461,2025-04-01 00:00:00,SMX2V4_B07_A01_relaxed_thresholds_only,ablation_relaxed_thresholds_only,17655,6.366468422543189,1124
3,56.711135585124374,2025-09-30 23:59:59,270.13340675537313,170.13340675537313,18135,336,336,4.831348061032347,86.87479607335959,170.13772894174735,47.63065374388455,35.62795693812899,0,257.08232164589685,270.13772894174735,2025_Q3_ONLY,exit_ts_filter_from_all_through_2026_single_run,100.0,3,2.037156595158897,11779,2025-07-01 00:00:00,SMX2V4_B07_A01_relaxed_thresholds_only,ablation_relaxed_thresholds_only,19491,6.957057103278435,1356
3,130.84046792971415,2025-12-31 23:59:59,492.5214037891424,392.5214037891425,27182,321,321,4.307849459140045,160.73418702034803,392.5253439918944,156.0209948007102,75.76622196808418,0,471.3043231598629,492.5253439918944,2025_Q4_ONLY,exit_ts_filter_from_all_through_2026_single_run,100.0,3,2.1549704289292673,21077,2025-10-01 00:00:00,SMX2V4_B07_A01_relaxed_thresholds_only,ablation_relaxed_thresholds_only,29149,6.748087412947271,1967
1,11.370347428389408,2026-12-31 23:59:59,111.37034742838941,11.370347428389405,2558,54,54,2.077578180085804,11.370347428389408,11.370347428389405,11.370347428389408,11.370347428389408,0,109.05654139113143,111.37034742838941,2026_FULL_ONLY,exit_ts_filter_from_all_through_2026_single_run,100.0,1,1.8336891470837975,1739,2026-01-01 00:00:00,SMX2V4_B07_A01_relaxed_thresholds_only,ablation_relaxed_thresholds_only,2807,8.87068044175276,249
1,11.370347428389408,2026-03-31 23:59:59,111.37034742838941,11.370347428389405,2558,54,54,2.077578180085804,11.370347428389408,11.370347428389405,11.370347428389408,11.370347428389408,0,109.05654139113143,111.37034742838941,2026_Q1_ONLY,exit_ts_filter_from_all_through_2026_single_run,100.0,1,1.8336891470837975,1739,2026-01-01 00:00:00,SMX2V4_B07_A01_relaxed_thresholds_only,ablation_relaxed_thresholds_only,2807,8.87068044175276,249
0,0.0,2026-06-30 23:59:59,100.0,0.0,0,0,0,0.0,0.0,0.0,0.0,0.0,0,100.0,100.0,2026_Q2_ONLY,exit_ts_filter_from_all_through_2026_single_run,0.0,0,0.0,0,2026-04-01 00:00:00,SMX2V4_B07_A01_relaxed_thresholds_only,ablation_relaxed_thresholds_only,0,0.0,0
0,0.0,2026-09-30 23:59:59,100.0,0.0,0,0,0,0.0,0.0,0.0,0.0,0.0,0,100.0,100.0,2026_Q3_ONLY,exit_ts_filter_from_all_through_2026_single_run,0.0,0,0.0,0,2026-07-01 00:00:00,SMX2V4_B07_A01_relaxed_thresholds_only,ablation_relaxed_thresholds_only,0,0.0,0
0,0.0,2026-12-31 23:59:59,100.0,0.0,0,0,0,0.0,0.0,0.0,0.0,0.0,0,100.0,100.0,2026_Q4_ONLY,exit_ts_filter_from_all_through_2026_single_run,0.0,0,0.0,0,2026-10-01 00:00:00,SMX2V4_B07_A01_relaxed_thresholds_only,ablation_relaxed_thresholds_only,0,0.0,0
76,5853.086082393136,2026-12-31 23:59:59,444934.5422618783,444834.5422618783,202996,346,346,6.035556309029067,129910.43021296023,444834.5422618783,49.253021159965044,-2.9928127037760532,3,418080.26742534194,444934.5422618783,ALL_TO_2026_END,exit_ts_filter_from_all_through_2026_single_run,96.05263157894737,73,1.9946266886826982,122982,,SMX2V4_B07_A02_relaxed_plus_volume,ablation_relaxed_plus_volume,216971,6.440952938411123,13975
12,8.592831780893553,2023-12-31 23:59:59,203.11398137072263,103.11398137072261,19871,173,173,3.4423813560914174,22.515238969206564,103.58665345267544,6.793349820654356,-0.3574454221126473,1,196.12202354440186,203.58665345267545,2023_FULL_ONLY,exit_ts_filter_from_all_through_2026_single_run,91.66666666666666,11,1.7865933941738845,8694,2023-01-01 00:00:00,SMX2V4_B07_A02_relaxed_plus_volume,ablation_relaxed_plus_volume,21471,7.4519118811420055,1600
3,7.224478997808134,2023-03-31 23:59:59,121.6734369934244,21.67343699342441,6352,148,148,2.907213486790494,8.23719958926685,21.819348973571916,7.467833586750714,5.968403817406838,0,118.13613042331004,121.81934897357192,2023_Q1_ONLY,exit_ts_filter_from_all_through_2026_single_run,100.0,3,1.714899328810985,3425,2023-01-01 00:00:00,SMX2V4_B07_A02_relaxed_plus_volume,ablation_relaxed_plus_volume,6827,6.957668082613154,475
3,4.727609706008461,2023-06-30 23:59:59,114.18282911802538,14.182829118025374,2862,65,65,1.2202182223046698,6.201288326507537,14.319210192772026,5.028925134159294,2.9526156573585496,0,112.78954943038423,114.31921019277203,2023_Q2_ONLY,exit_ts_filter_from_all_through_2026_single_run,100.0,3,2.126619041318465,965,2023-04-01 00:00:00,SMX2V4_B07_A02_relaxed_plus_volume,ablation_relaxed_plus_volume,3130,8.562300319488818,268
3,3.341371485559525,2023-09-30 23:59:59,110.02411445667857,10.024114456678568,3221,173,173,3.4423813560914507,6.639061908741937,10.134425263767177,3.6423367759119003,-0.25728422797526207,1,106.23666485341715,110.13442526376717,2023_Q3_ONLY,exit_ts_filter_from_all_through_2026_single_run,66.66666666666666,2,1.567926159287602,1083,2023-07-01 00:00:00,SMX2V4_B07_A02_relaxed_plus_volume,ablation_relaxed_plus_volume,3486,7.601835915088927,265
3,10.9595657854357,2023-12-31 23:59:59,132.8786973563071,32.87869735630711,7436,48,48,1.8351716471892598,14.72963901698894,33.1879229945558,14.257286222107666,3.8917721172104933,0,130.44014517726973,133.1879229945558,2023_Q4_ONLY,exit_ts_filter_from_all_through_2026_single_run,100.0,3,1.8349672616306931,3221,2023-10-01 00:00:00,SMX2V4_B07_A02_relaxed_plus_volume,ablation_relaxed_plus_volume,8028,7.37419033383159,592
12,25.989323063541296,2024-12-31 23:59:59,411.87187676249556,311.8718767624956,44665,238,238,2.8199204793214805,73.0370792537874,312.2398438004559,17.31635716897111,6.2992831542906345,0,400.25741736110433,412.2398438004559,2024_FULL_ONLY,exit_ts_filter_from_all_through_2026_single_run,100.0,12,1.8753757532402389,28272,2024-01-01 00:00:00,SMX2V4_B07_A02_relaxed_plus_volume,ablation_relaxed_plus_volume,47555,6.077173798759331,2890
3,16.76024214905131,2024-03-31 23:59:59,150.28072644715394,50.28072644715393,11707,167,167,1.8899178893549307,31.415884844887117,50.2915470922793,12.565558447976187,6.2992831542906345,0,147.4405441137766,150.2915470922793,2024_Q1_ONLY,exit_ts_filter_from_all_through_2026_single_run,100.0,3,1.8062366213418741,6659,2024-01-01 00:00:00,SMX2V4_B07_A02_relaxed_plus_volume,ablation_relaxed_plus_volume,12541,6.6501873853759665,834
3,10.172203211978314,2024-06-30 23:59:59,130.51660963593494,30.516609635934945,9320,234,234,2.2517190393202546,11.75411286244362,30.674979345187126,11.291233774286042,7.47126299920528,0,127.57774228728731,130.67497934518713,2024_Q2_ONLY,exit_ts_filter_from_all_through_2026_single_run,100.0,3,1.9242885753503922,5911,2024-04-01 00:00:00,SMX2V4_B07_A02_relaxed_plus_volume,ablation_relaxed_plus_volume,9881,5.677562999696387,561
3,8.135182383899513,2024-09-30 23:59:59,124.40554715169854,24.405547151698535,8740,206,206,2.2167352438440813,11.391944558425877,24.472516752950302,6.564582199528729,6.449020393743936,0,121.64780554268977,124.4725167529503,2024_Q3_ONLY,exit_ts_filter_from_all_through_2026_single_run,100.0,3,1.872672721439607,5362,2024-07-01 00:00:00,SMX2V4_B07_A02_relaxed_plus_volume,ablation_relaxed_plus_volume,9289,5.910216384971472,549
3,22.930856375836527,2024-12-31 23:59:59,168.79256912750958,68.79256912750958,14898,238,238,2.819920479321547,29.931920445069238,68.94336869697702,27.13617325360758,11.724475428832761,0,164.03275290310995,168.94336869697702,2024_Q4_ONLY,exit_ts_filter_from_all_through_2026_single_run,100.0,3,1.9129138786023785,10340,2024-10-01 00:00:00,SMX2V4_B07_A02_relaxed_plus_volume,ablation_relaxed_plus_volume,15844,5.970714466043928,946
75,5306.314125912662,2025-12-31 23:59:59,398073.55944344966,397973.55944344966,200364,346,346,6.035556309029067,129910.43021296023,397979.9286968317,48.697749247868956,-2.9928127037760532,3,374047.605611884,398079.9286968317,TRAIN_2025_FULL,exit_ts_filter_from_all_through_2026_single_run,96.0,72,1.9969186331133828,121160,,SMX2V4_B07_A02_relaxed_plus_volume,ablation_relaxed_plus_volume,214084,6.408699389024869,13720
12,465.2651783708847,2025-12-31 23:59:59,5683.182140450616,5583.182140450616,79837,346,346,6.035556309029189,1854.693986399839,5583.273072456046,117.62631424327785,26.671712173563563,0,5340.1704822190295,5683.273072456046,2025_FULL_ONLY,exit_ts_filter_from_all_through_2026_single_run,100.0,12,2.074143251168104,58011,2025-01-01 00:00:00,SMX2V4_B07_A02_relaxed_plus_volume,ablation_relaxed_plus_volume,85473,6.593895148175447,5636
72,1116.515869230263,2025-09-30 23:59:59,80489.14258457893,80389.14258457893,172440,346,346,6.035556309029067,25959.27985739163,80390.43042631437,41.36687220866672,-2.9928127037760532,3,75631.17506123199,80490.43042631437,PREQ4_ALL_BEFORE_2025_10_01,exit_ts_filter_from_all_through_2026_single_run,95.83333333333334,69,1.9685842168999932,99314,,SMX2V4_B07_A02_relaxed_plus_volume,ablation_relaxed_plus_volume,184154,6.3609804837255775,11714
3,38.421496420778624,2025-03-31 23:59:59,215.26448926233587,115.26448926233587,16194,337,337,6.035556309029189,47.281904602150945,115.47640893187304,41.31087248662136,26.671712173563563,0,202.2720797995635,215.476408931873,2025_Q1_ONLY,exit_ts_filter_from_all_through_2026_single_run,100.0,3,2.1866174927214987,11943,2025-01-01 00:00:00,SMX2V4_B07_A02_relaxed_plus_volume,ablation_relaxed_plus_volume,17312,6.457948243992606,1118
3,32.951681149157196,2025-06-30 23:59:59,198.8550434474716,98.85504344747159,17070,331,331,3.9095339641030624,40.83888136465282,100.52666017604213,29.11041066767632,28.905751415142447,0,191.08073798456078,200.52666017604213,2025_Q2_ONLY,exit_ts_filter_from_all_through_2026_single_run,100.0,3,1.9339219171104278,12005,2025-04-01 00:00:00,SMX2V4_B07_A02_relaxed_plus_volume,ablation_relaxed_plus_volume,18215,6.286027998902004,1145
3,56.148584968439195,2025-09-30 23:59:59,268.4457549053176,168.44575490531759,18649,346,346,4.910278480703678,86.5788633640027,168.45005008893824,47.44659036639635,34.420301174918535,0,255.26432076983923,268.4500500889382,2025_Q3_ONLY,exit_ts_filter_from_all_through_2026_single_run,100.0,3,2.0165092309493384,12217,2025-07-01 00:00:00,SMX2V4_B07_A02_relaxed_plus_volume,ablation_relaxed_plus_volume,20016,6.829536370903277,1367
3,131.5226736016575,2025-12-31 23:59:59,494.56802080497243,394.56802080497243,27924,327,327,4.502514486779241,161.40118535421567,394.5759339882635,157.09098520440253,76.07585024635424,0,472.30002402125115,494.57593398826344,2025_Q4_ONLY,exit_ts_filter_from_all_through_2026_single_run,100.0,3,2.135483923646772,21846,2025-10-01 00:00:00,SMX2V4_B07_A02_relaxed_plus_volume,ablation_relaxed_plus_volume,29930,6.702305379218176,2006
1,11.771940563936582,2026-12-31 23:59:59,111.77194056393658,11.771940563936578,2632,56,56,2.310107510004722,11.771940563936582,11.771940563936578,11.771940563936582,11.771940563936582,0,109.18988857089106,111.77194056393658,2026_FULL_ONLY,exit_ts_filter_from_all_through_2026_single_run,100.0,1,1.8490765715760598,1822,2026-01-01 00:00:00,SMX2V4_B07_A02_relaxed_plus_volume,ablation_relaxed_plus_volume,2887,8.832698302736404,255
1,11.771940563936582,2026-03-31 23:59:59,111.77194056393658,11.771940563936578,2632,56,56,2.310107510004722,11.771940563936582,11.771940563936578,11.771940563936582,11.771940563936582,0,109.18988857089106,111.77194056393658,2026_Q1_ONLY,exit_ts_filter_from_all_through_2026_single_run,100.0,1,1.8490765715760598,1822,2026-01-01 00:00:00,SMX2V4_B07_A02_relaxed_plus_volume,ablation_relaxed_plus_volume,2887,8.832698302736404,255
0,0.0,2026-06-30 23:59:59,100.0,0.0,0,0,0,0.0,0.0,0.0,0.0,0.0,0,100.0,100.0,2026_Q2_ONLY,exit_ts_filter_from_all_through_2026_single_run,0.0,0,0.0,0,2026-04-01 00:00:00,SMX2V4_B07_A02_relaxed_plus_volume,ablation_relaxed_plus_volume,0,0.0,0
0,0.0,2026-09-30 23:59:59,100.0,0.0,0,0,0,0.0,0.0,0.0,0.0,0.0,0,100.0,100.0,2026_Q3_ONLY,exit_ts_filter_from_all_through_2026_single_run,0.0,0,0.0,0,2026-07-01 00:00:00,SMX2V4_B07_A02_relaxed_plus_volume,ablation_relaxed_plus_volume,0,0.0,0
0,0.0,2026-12-31 23:59:59,100.0,0.0,0,0,0,0.0,0.0,0.0,0.0,0.0,0,100.0,100.0,2026_Q4_ONLY,exit_ts_filter_from_all_through_2026_single_run,0.0,0,0.0,0,2026-10-01 00:00:00,SMX2V4_B07_A02_relaxed_plus_volume,ablation_relaxed_plus_volume,0,0.0,0
76,5463.721410341694,2026-12-31 23:59:59,415342.8271859687,415242.8271859687,196008,338,338,5.9391462347286765,121700.23493566856,415242.8271859687,47.01664223916396,-5.646626228338619,3,390675.00930393755,415342.8271859687,ALL_TO_2026_END,exit_ts_filter_from_all_through_2026_single_run,96.05263157894737,73,2.0090707700293455,117193,,SMX2V4_B07_A03_relaxed_plus_upper_range,ablation_relaxed_plus_upper_range,209666,6.5141701563439,13658
12,8.553642810330453,2023-12-31 23:59:59,202.64371372396545,102.64371372396543,19219,173,173,3.4385189586488174,22.059003140612475,103.11366651092881,6.96770193618616,-0.7015582936049043,1,195.67577120905685,203.11366651092882,2023_FULL_ONLY,exit_ts_filter_from_all_through_2026_single_run,91.66666666666666,11,1.8043630472439665,8274,2023-01-01 00:00:00,SMX2V4_B07_A03_relaxed_plus_upper_range,ablation_relaxed_plus_upper_range,20781,7.516481401280016,1562
3,7.448234835198799,2023-03-31 23:59:59,122.3447045055964,22.344704505596404,6124,148,148,2.777883204303,8.409300633224078,22.48946162143033,7.681676664312221,6.2537272080600985,0,118.94611150778131,122.48946162143034,2023_Q1_ONLY,exit_ts_filter_from_all_through_2026_single_run,100.0,3,1.7590223964748373,3263,2023-01-01 00:00:00,SMX2V4_B07_A03_relaxed_plus_upper_range,ablation_relaxed_plus_upper_range,6593,7.113605338995904,469
3,4.690131960152584,2023-06-30 23:59:59,114.07039588045775,14.070395880457752,2752,63,63,1.368515679131177,6.308594141626202,14.202988095148616,4.7757942186349425,2.9860075201966083,0,112.50932462758668,114.20298809514861,2023_Q2_ONLY,exit_ts_filter_from_all_through_2026_single_run,100.0,3,2.142271799336707,898,2023-04-01 00:00:00,SMX2V4_B07_A03_relaxed_plus_upper_range,ablation_relaxed_plus_upper_range,3016,8.753315649867375,264
3,3.311201541434992,2023-09-30 23:59:59,109.93360462430498,9.93360462430497,3139,173,173,3.4385189586485843,6.465555484380843,10.020109346089923,3.970745381205276,-0.5026962412811429,1,106.15351678737247,110.02010934608992,2023_Q3_ONLY,exit_ts_filter_from_all_through_2026_single_run,66.66666666666666,2,1.571652771148194,1050,2023-07-01 00:00:00,SMX2V4_B07_A03_relaxed_plus_upper_range,ablation_relaxed_plus_upper_range,3401,7.703616583357836,262
3,10.694091848310535,2023-12-31 23:59:59,132.0822755449316,32.08227554493162,7204,48,48,1.6619295228079922,14.377960596565543,32.38858869109396,13.897749827610511,3.8065651207555504,0,129.8871612132538,132.38858869109396,2023_Q4_ONLY,exit_ts_filter_from_all_through_2026_single_run,100.0,3,1.8396771820424147,3063,2023-10-01 00:00:00,SMX2V4_B07_A03_relaxed_plus_upper_range,ablation_relaxed_plus_upper_range,7771,7.296358255050831,567
12,25.200010526245677,2024-12-31 23:59:59,402.4001263149481,302.4001263149481,42752,232,232,2.8020504100270904,70.36111077319435,302.7531871465622,16.617592700678074,6.056144802371861,0,391.1246719255906,402.7531871465622,2024_FULL_ONLY,exit_ts_filter_from_all_through_2026_single_run,100.0,12,1.8847872688687917,26702,2024-01-01 00:00:00,SMX2V4_B07_A03_relaxed_plus_upper_range,ablation_relaxed_plus_upper_range,45557,6.15712184735606,2805
3,16.474522713820637,2024-03-31 23:59:59,149.4235681414619,49.423568141461914,11308,166,166,1.8256914954923875,31.19328806793635,49.4319361290513,12.174135271153702,6.056144802371861,0,146.69555476564196,149.4319361290513,2024_Q1_ONLY,exit_ts_filter_from_all_through_2026_single_run,100.0,3,1.8077108104933042,6340,2024-01-01 00:00:00,SMX2V4_B07_A03_relaxed_plus_upper_range,ablation_relaxed_plus_upper_range,12124,6.730451996040911,816
3,9.779188502942418,2024-06-30 23:59:59,129.33756550882725,29.337565508827247,8950,232,232,2.136617912456684,11.328032082714742,29.491396714964257,10.914232517667187,7.095300908445324,0,126.57411591663025,129.49139671496425,2024_Q2_ONLY,exit_ts_filter_from_all_through_2026_single_run,100.0,3,1.9398192953859412,5605,2024-04-01 00:00:00,SMX2V4_B07_A03_relaxed_plus_upper_range,ablation_relaxed_plus_upper_range,9483,5.620584203311188,533
3,7.925096575320083,2024-09-30 23:59:59,123.77528972596025,23.775289725960256,8324,204,204,2.0737822355077373,11.215027218439062,23.84092931366468,6.655997283458333,5.904265224062854,0,121.20845975567507,123.84092931366467,2024_Q3_ONLY,exit_ts_filter_from_all_through_2026_single_run,100.0,3,1.8825655781303703,5022,2024-07-01 00:00:00,SMX2V4_B07_A03_relaxed_plus_upper_range,ablation_relaxed_plus_upper_range,8851,5.954129476895266,527
3,22.740354187959714,2024-12-31 23:59:59,168.22106256387914,68.22106256387914,14170,221,221,2.802050410027579,29.41405840458941,68.36865761755794,27.531504199287752,11.27549996000198,0,163.50742359055522,168.36865761755794,2024_Q4_ONLY,exit_ts_filter_from_all_through_2026_single_run,100.0,3,1.9272381203899822,9735,2024-10-01 00:00:00,SMX2V4_B07_A03_relaxed_plus_upper_range,ablation_relaxed_plus_upper_range,15099,6.152725346049407,929
75,4971.012741053531,2025-12-31 23:59:59,372925.9555790148,372825.9555790148,193449,338,338,5.9391462347286765,121700.23493566856,372828.93901052687,47.005333175443184,-5.646626228338619,3,350777.3377299178,372928.93901052687,TRAIN_2025_FULL,exit_ts_filter_from_all_through_2026_single_run,96.0,72,2.0118469761659448,115454,,SMX2V4_B07_A03_relaxed_plus_upper_range,ablation_relaxed_plus_upper_range,206858,6.482224521169111,13409
12,465.17196496572825,2025-12-31 23:59:59,5682.063579588739,5582.063579588739,77442,338,338,5.939146234728709,1854.2782078059026,5582.109036461031,119.72754484363853,26.363298982382034,0,5344.597514446703,5682.109036461031,2025_FULL_ONLY,exit_ts_filter_from_all_through_2026_single_run,100.0,12,2.095299659908448,55687,2025-01-01 00:00:00,SMX2V4_B07_A03_relaxed_plus_upper_range,ablation_relaxed_plus_upper_range,82986,6.680644928060155,5544
72,1048.5610553043152,2025-09-30 23:59:59,75596.3959819107,75496.3959819107,166252,338,338,5.9391462347286765,24312.480531360663,75497.60553876107,41.93831191854885,-5.646626228338619,3,71106.61547636047,75597.60553876107,PREQ4_ALL_BEFORE_2025_10_01,exit_ts_filter_from_all_through_2026_single_run,95.83333333333334,69,1.9822494206053807,94354,,SMX2V4_B07_A03_relaxed_plus_upper_range,ablation_relaxed_plus_upper_range,177692,6.4381063863314045,11440
3,38.64923413328495,2025-03-31 23:59:59,215.94770239985485,115.94770239985483,15567,338,338,5.939146234728709,48.98506595076313,116.1602946666365,40.599337466709684,26.363298982382034,0,203.1222525637907,216.16029466663653,2025_Q1_ONLY,exit_ts_filter_from_all_through_2026_single_run,100.0,3,2.2242634227257874,11338,2025-01-01 00:00:00,SMX2V4_B07_A03_relaxed_plus_upper_range,ablation_relaxed_plus_upper_range,16663,6.577447038348437,1096
3,32.51369648870596,2025-06-30 23:59:59,197.54108946611788,97.54108946611788,16539,331,331,3.8384911445404235,40.67264523480985,99.37982839229531,29.144265454014914,27.72417877729312,0,189.95849224013227,199.3798283922953,2025_Q2_ONLY,exit_ts_filter_from_all_through_2026_single_run,100.0,3,1.94426426149127,11468,2025-04-01 00:00:00,SMX2V4_B07_A03_relaxed_plus_upper_range,ablation_relaxed_plus_upper_range,17663,6.363584894978203,1124
3,56.669728061860155,2025-09-30 23:59:59,270.00918418558047,170.00918418558047,18139,336,336,4.83210941024833,86.83738091656124,170.01350438436975,47.6282916628723,35.54351160614692,0,256.96204498801427,270.01350438436975,2025_Q3_ONLY,exit_ts_filter_from_all_through_2026_single_run,100.0,3,2.036643874424778,11781,2025-07-01 00:00:00,SMX2V4_B07_A03_relaxed_plus_upper_range,ablation_relaxed_plus_upper_range,19494,6.950856673848363,1355
3,131.10393942953453,2025-12-31 23:59:59,493.3118182886036,393.31181828860366,27197,321,321,4.308614996344284,160.98682133575647,393.31576481472206,156.26261510455868,76.06238184828845,0,472.0569113070822,493.3157648147221,2025_Q4_ONLY,exit_ts_filter_from_all_through_2026_single_run,100.0,3,2.156026244701893,21100,2025-10-01 00:00:00,SMX2V4_B07_A03_relaxed_plus_upper_range,ablation_relaxed_plus_upper_range,29166,6.7510114516903235,1969
1,11.374073317341498,2026-12-31 23:59:59,111.3740733173415,11.374073317341505,2559,54,54,2.0743021907576487,11.374073317341498,11.374073317341505,11.374073317341498,11.374073317341498,0,109.06383847458386,111.3740733173415,2026_FULL_ONLY,exit_ts_filter_from_all_through_2026_single_run,100.0,1,1.8341631220819918,1739,2026-01-01 00:00:00,SMX2V4_B07_A03_relaxed_plus_upper_range,ablation_relaxed_plus_upper_range,2808,8.867521367521368,249
1,11.374073317341498,2026-03-31 23:59:59,111.3740733173415,11.374073317341505,2559,54,54,2.0743021907576487,11.374073317341498,11.374073317341505,11.374073317341498,11.374073317341498,0,109.06383847458386,111.3740733173415,2026_Q1_ONLY,exit_ts_filter_from_all_through_2026_single_run,100.0,1,1.8341631220819918,1739,2026-01-01 00:00:00,SMX2V4_B07_A03_relaxed_plus_upper_range,ablation_relaxed_plus_upper_range,2808,8.867521367521368,249
0,0.0,2026-06-30 23:59:59,100.0,0.0,0,0,0,0.0,0.0,0.0,0.0,0.0,0,100.0,100.0,2026_Q2_ONLY,exit_ts_filter_from_all_through_2026_single_run,0.0,0,0.0,0,2026-04-01 00:00:00,SMX2V4_B07_A03_relaxed_plus_upper_range,ablation_relaxed_plus_upper_range,0,0.0,0
0,0.0,2026-09-30 23:59:59,100.0,0.0,0,0,0,0.0,0.0,0.0,0.0,0.0,0,100.0,100.0,2026_Q3_ONLY,exit_ts_filter_from_all_through_2026_single_run,0.0,0,0.0,0,2026-07-01 00:00:00,SMX2V4_B07_A03_relaxed_plus_upper_range,ablation_relaxed_plus_upper_range,0,0.0,0
0,0.0,2026-12-31 23:59:59,100.0,0.0,0,0,0,0.0,0.0,0.0,0.0,0.0,0,100.0,100.0,2026_Q4_ONLY,exit_ts_filter_from_all_through_2026_single_run,0.0,0,0.0,0,2026-10-01 00:00:00,SMX2V4_B07_A03_relaxed_plus_upper_range,ablation_relaxed_plus_upper_range,0,0.0,0
76,5864.819700678443,2026-12-31 23:59:59,445826.29725156166,445726.29725156166,203028,346,346,6.035556309029277,130202.44106913515,445726.29725156166,49.25092461414428,-3.0022752793499876,3,418918.20004048344,445826.29725156166,ALL_TO_2026_END,exit_ts_filter_from_all_through_2026_single_run,96.05263157894737,73,1.994833496650299,123025,,SMX2V4_B07_A04_context_no_failed_break,ablation_context_no_failed_break,217005,6.440865417847514,13977
12,8.592345640923087,2023-12-31 23:59:59,203.10814769107705,103.10814769107704,19875,173,173,3.4431538170406673,22.514592304263743,103.580806197315,6.7921840458119505,-0.35858705579673256,1,196.11482175113113,203.580806197315,2023_FULL_ONLY,exit_ts_filter_from_all_through_2026_single_run,91.66666666666666,11,1.7865365430179772,8698,2023-01-01 00:00:00,SMX2V4_B07_A04_context_no_failed_break,ablation_context_no_failed_break,21475,7.450523864959255,1600
3,7.224154535309457,2023-03-31 23:59:59,121.67246360592837,21.67246360592836,6353,148,148,2.9072134867904498,8.23628594443943,21.818374418780028,7.467773844082103,5.968403817406838,0,118.13518533426661,121.81837441878002,2023_Q1_ONLY,exit_ts_filter_from_all_through_2026_single_run,100.0,3,1.7148494225855797,3426,2023-01-01 00:00:00,SMX2V4_B07_A04_context_no_failed_break,ablation_context_no_failed_break,6828,6.956649091974223,475
3,4.72700073335569,2023-06-30 23:59:59,114.18100220006707,14.181002200067061,2864,65,65,1.2210084605589588,6.201288326507537,14.317381092725245,5.027098216200983,2.9526156573585496,0,112.78684250285323,114.31738109272524,2023_Q2_ONLY,exit_ts_filter_from_all_through_2026_single_run,100.0,3,2.1263304718790392,967,2023-04-01 00:00:00,SMX2V4_B07_A04_context_no_failed_break,ablation_context_no_failed_break,3132,8.55683269476373,268
3,3.341198325318539,2023-09-30 23:59:59,110.02359497595562,10.023594975955618,3222,173,173,3.4431538170406895,6.639030562298586,10.133905262209876,3.642676568273231,-0.2581121546161995,1,106.2353133658956,110.13390526220988,2023_Q3_ONLY,exit_ts_filter_from_all_through_2026_single_run,66.66666666666666,2,1.5678822602730478,1084,2023-07-01 00:00:00,SMX2V4_B07_A04_context_no_failed_break,ablation_context_no_failed_break,3487,7.599655864640092,265
3,10.9595657854357,2023-12-31 23:59:59,132.8786973563071,32.87869735630711,7436,48,48,1.8351716471892598,14.72963901698894,33.1879229945558,14.257286222107666,3.8917721172104933,0,130.44014517726973,133.1879229945558,2023_Q4_ONLY,exit_ts_filter_from_all_through_2026_single_run,100.0,3,1.8349672616306931,3221,2023-10-01 00:00:00,SMX2V4_B07_A04_context_no_failed_break,ablation_context_no_failed_break,8028,7.37419033383159,592
12,26.036898791527534,2024-12-31 23:59:59,412.4427854983304,312.44278549833047,44676,238,238,2.819920479321558,73.1383182772268,312.8112625871303,17.314743908399066,6.299285828858061,0,400.81222692457874,412.81126258713033,2024_FULL_ONLY,exit_ts_filter_from_all_through_2026_single_run,100.0,12,1.876460803856072,28287,2024-01-01 00:00:00,SMX2V4_B07_A04_context_no_failed_break,ablation_context_no_failed_break,47567,6.077742973069565,2891
3,16.760263417924715,2024-03-31 23:59:59,150.28079025377414,50.28079025377414,11708,167,167,1.8899178893548751,31.415898183533173,50.29161090349379,12.565606241382909,6.299285828858061,0,147.44060671450418,150.2916109034938,2024_Q1_ONLY,exit_ts_filter_from_all_through_2026_single_run,100.0,3,1.8062381317938794,6660,2024-01-01 00:00:00,SMX2V4_B07_A04_context_no_failed_break,ablation_context_no_failed_break,12542,6.649657151969383,834
3,10.170811051515045,2024-06-30 23:59:59,130.51243315454514,30.51243315454513,9324,234,234,2.252501025567877,11.75373673534554,30.670797796027415,11.28945312166843,7.469243297531165,0,127.5726392592454,130.67079779602741,2024_Q2_ONLY,exit_ts_filter_from_all_through_2026_single_run,100.0,3,1.9240752117261208,5916,2024-04-01 00:00:00,SMX2V4_B07_A04_context_no_failed_break,ablation_context_no_failed_break,9885,5.675265553869499,561
3,8.134187147484235,2024-09-30 23:59:59,124.40256144245271,24.402561442452697,8743,206,206,2.216735243844048,11.390818650926334,24.469529436446912,6.5628771730334705,6.448865618492903,0,121.64488601871311,124.4695294364469,2024_Q3_ONLY,exit_ts_filter_from_all_through_2026_single_run,100.0,3,1.872493369286242,5364,2024-07-01 00:00:00,SMX2V4_B07_A04_context_no_failed_break,ablation_context_no_failed_break,9292,5.908308222126561,549
3,23.01197730223535,2024-12-31 23:59:59,169.03593190670605,69.03593190670605,14901,238,238,2.8199204793217247,29.975075871778415,69.18694889689607,27.339061972054395,11.721794062873244,0,164.2692530454565,169.18694889689607,2024_Q4_ONLY,exit_ts_filter_from_all_through_2026_single_run,100.0,3,1.9161881313657119,10347,2024-10-01 00:00:00,SMX2V4_B07_A04_context_no_failed_break,ablation_context_no_failed_break,15848,5.975517415446744,947
75,5318.210871785086,2025-12-31 23:59:59,398965.81538388145,398865.81538388145,200396,346,346,6.035556309029277,130202.44106913515,398872.19891352986,48.69658051123673,-3.0022752793499876,3,374886.00894260954,398972.19891352986,TRAIN_2025_FULL,exit_ts_filter_from_all_through_2026_single_run,96.0,72,1.9971853048984107,121205,,SMX2V4_B07_A04_context_no_failed_break,ablation_context_no_failed_break,214118,6.4086158099739405,13722
12,465.69847104212164,2025-12-31 23:59:59,5688.38165250546,5588.38165250546,79850,346,346,6.035556309029144,1856.402599747601,5588.472667704081,117.58382467910127,26.670698799866415,0,5345.05617479601,5688.472667704081,2025_FULL_ONLY,exit_ts_filter_from_all_through_2026_single_run,100.0,12,2.074277488731513,58030,2025-01-01 00:00:00,SMX2V4_B07_A04_context_no_failed_break,ablation_context_no_failed_break,85487,6.593985050358533,5637
72,1117.631109598648,2025-09-30 23:59:59,80569.43989110265,80469.43989110265,172464,346,346,6.035556309029277,25985.177266469545,80470.72901761041,41.36717771102602,-3.0022752793499876,3,75706.62597860566,80570.72901761041,PREQ4_ALL_BEFORE_2025_10_01,exit_ts_filter_from_all_through_2026_single_run,95.83333333333334,69,1.9687334120588087,99345,,SMX2V4_B07_A04_context_no_failed_break,ablation_context_no_failed_break,184179,6.360660010098871,11715
3,38.39973426460748,2025-03-31 23:59:59,215.19920279382245,115.19920279382245,16196,337,337,6.035556309029144,47.21796199431381,115.41105819132432,41.310541999642226,26.670698799866415,0,202.21073373261947,215.41105819132432,2025_Q1_ONLY,exit_ts_filter_from_all_through_2026_single_run,100.0,3,2.1855934865858866,11943,2025-01-01 00:00:00,SMX2V4_B07_A04_context_no_failed_break,ablation_context_no_failed_break,17314,6.457202264063763,1118
3,32.951681149157196,2025-06-30 23:59:59,198.8550434474716,98.85504344747159,17070,331,331,3.9095339641030624,40.83888136465282,100.52666017604213,29.11041066767632,28.905751415142447,0,191.08073798456078,200.52666017604213,2025_Q2_ONLY,exit_ts_filter_from_all_through_2026_single_run,100.0,3,1.9339219171104278,12004,2025-04-01 00:00:00,SMX2V4_B07_A04_context_no_failed_break,ablation_context_no_failed_break,18215,6.286027998902004,1145
3,56.14643741957997,2025-09-30 23:59:59,268.4393122587399,168.4393122587399,18652,346,346,4.911039198475953,86.57678548790386,168.4436073392769,47.4454107936736,34.41711597716244,0,255.25615240959394,268.4436073392769,2025_Q3_ONLY,exit_ts_filter_from_all_through_2026_single_run,100.0,3,2.0164596122325427,12223,2025-07-01 00:00:00,SMX2V4_B07_A04_context_no_failed_break,ablation_context_no_failed_break,20019,6.828512912732903,1367
3,131.72752014623168,2025-12-31 23:59:59,495.182560438695,395.1825604386951,27932,327,327,4.50327846666343,161.60276308872375,395.1904834547381,157.28287949871958,76.29691785125169,0,472.8831108237867,495.1904834547381,2025_Q4_ONLY,exit_ts_filter_from_all_through_2026_single_run,100.0,3,2.1363191602437497,21860,2025-10-01 00:00:00,SMX2V4_B07_A04_context_no_failed_break,ablation_context_no_failed_break,29939,6.703630715788771,2007
1,11.745487974349658,2026-12-31 23:59:59,111.74548797434966,11.745487974349667,2632,56,56,2.310107510004722,11.745487974349658,11.745487974349667,11.745487974349658,11.745487974349658,0,109.16404706456278,111.74548797434966,2026_FULL_ONLY,exit_ts_filter_from_all_through_2026_single_run,100.0,1,1.8457501122971303,1820,2026-01-01 00:00:00,SMX2V4_B07_A04_context_no_failed_break,ablation_context_no_failed_break,2887,8.832698302736404,255
1,11.745487974349658,2026-03-31 23:59:59,111.74548797434966,11.745487974349667,2632,56,56,2.310107510004722,11.745487974349658,11.745487974349667,11.745487974349658,11.745487974349658,0,109.16404706456278,111.74548797434966,2026_Q1_ONLY,exit_ts_filter_from_all_through_2026_single_run,100.0,1,1.8457501122971303,1820,2026-01-01 00:00:00,SMX2V4_B07_A04_context_no_failed_break,ablation_context_no_failed_break,2887,8.832698302736404,255
0,0.0,2026-06-30 23:59:59,100.0,0.0,0,0,0,0.0,0.0,0.0,0.0,0.0,0,100.0,100.0,2026_Q2_ONLY,exit_ts_filter_from_all_through_2026_single_run,0.0,0,0.0,0,2026-04-01 00:00:00,SMX2V4_B07_A04_context_no_failed_break,ablation_context_no_failed_break,0,0.0,0
0,0.0,2026-09-30 23:59:59,100.0,0.0,0,0,0,0.0,0.0,0.0,0.0,0.0,0,100.0,100.0,2026_Q3_ONLY,exit_ts_filter_from_all_through_2026_single_run,0.0,0,0.0,0,2026-07-01 00:00:00,SMX2V4_B07_A04_context_no_failed_break,ablation_context_no_failed_break,0,0.0,0
0,0.0,2026-12-31 23:59:59,100.0,0.0,0,0,0,0.0,0.0,0.0,0.0,0.0,0,100.0,100.0,2026_Q4_ONLY,exit_ts_filter_from_all_through_2026_single_run,0.0,0,0.0,0,2026-10-01 00:00:00,SMX2V4_B07_A04_context_no_failed_break,ablation_context_no_failed_break,0,0.0,0
76,5898.708719849549,2026-12-31 23:59:59,448401.8627085657,448301.8627085658,203129,346,346,6.035556309029067,131222.86942712142,448301.8627085658,49.18672067806412,-2.9982813131566672,3,421338.31579405506,448401.8627085657,ALL_TO_2026_END,exit_ts_filter_from_all_through_2026_single_run,96.05263157894737,73,1.9953667122137084,123122,,SMX2V4_B07_A05_context_plus_FB20_only,ablation_context_plus_FB20_only,217114,6.441316543382738,13985
12,8.612143512379596,2023-12-31 23:59:59,203.34572214855515,103.34572214855515,19887,173,173,3.4431538170408227,22.540927496193774,103.81893352078824,6.78839856490935,-0.35855836986542045,1,196.34421615460795,203.81893352078825,2023_FULL_ONLY,exit_ts_filter_from_all_through_2026_single_run,91.66666666666666,11,1.7877520170174175,8717,2023-01-01 00:00:00,SMX2V4_B07_A05_context_plus_FB20_only,ablation_context_plus_FB20_only,21488,7.450670141474311,1601
3,7.221234489625625,2023-03-31 23:59:59,121.66370346887688,21.66370346887687,6362,148,148,2.9118738473350336,8.234392801042901,21.8096037764862,7.461754597657702,5.967556070176272,0,118.12100990586741,121.8096037764862,2023_Q1_ONLY,exit_ts_filter_from_all_through_2026_single_run,100.0,3,1.7144003972340638,3435,2023-01-01 00:00:00,SMX2V4_B07_A05_context_plus_FB20_only,ablation_context_plus_FB20_only,6837,6.947491589878601,475
3,4.726696250683237,2023-06-30 23:59:59,114.18008875204971,14.180088752049702,2865,65,65,1.2210084605589033,6.201288326507537,14.316466553676687,5.026184768183626,2.9526156573585496,0,112.7859402081135,114.31646655367669,2023_Q2_ONLY,exit_ts_filter_from_all_through_2026_single_run,100.0,3,2.1261862165251895,968,2023-04-01 00:00:00,SMX2V4_B07_A05_context_plus_FB20_only,ablation_context_plus_FB20_only,3133,8.554101500159591,268
3,3.341335219829683,2023-09-30 23:59:59,110.02400565948905,10.024005659489044,3222,173,173,3.4431538170406895,6.639441245832018,10.134316357496953,3.642676568273231,-0.2581121546161995,1,106.23570990896327,110.13431635749694,2023_Q3_ONLY,exit_ts_filter_from_all_through_2026_single_run,66.66666666666666,2,1.56791694803315,1086,2023-07-01 00:00:00,SMX2V4_B07_A05_context_plus_FB20_only,ablation_context_plus_FB20_only,3487,7.599655864640092,265
3,11.01475713556504,2023-12-31 23:59:59,133.04427140669512,33.044271406695124,7438,48,48,1.8351716471893154,14.747992944603027,33.35388235682917,14.405337479058474,3.890940983033616,0,130.60268065962987,133.35388235682916,2023_Q4_ONLY,exit_ts_filter_from_all_through_2026_single_run,100.0,3,1.838580566976283,3228,2023-10-01 00:00:00,SMX2V4_B07_A05_context_plus_FB20_only,ablation_context_plus_FB20_only,8031,7.383887436184784,593
12,26.164070836410193,2024-12-31 23:59:59,413.96885003692233,313.9688500369223,44699,238,238,2.8431001339889295,73.95392847657075,314.3386905143867,17.377108088033907,6.30421032169923,0,402.19930110685016,414.33869051438666,2024_FULL_ONLY,exit_ts_filter_from_all_through_2026_single_run,100.0,12,1.8782657452112104,28312,2024-01-01 00:00:00,SMX2V4_B07_A05_context_plus_FB20_only,ablation_context_plus_FB20_only,47595,6.084672759743671,2896
3,16.813361012752495,2024-03-31 23:59:59,150.44008303825748,50.44008303825749,11712,167,167,1.889917889354964,31.44824608636428,50.450915157516384,12.687626630193975,6.30421032169923,0,147.596888996157,150.4509151575164,2024_Q1_ONLY,exit_ts_filter_from_all_through_2026_single_run,100.0,3,1.8082808038313003,6665,2024-01-01 00:00:00,SMX2V4_B07_A05_context_plus_FB20_only,ablation_context_plus_FB20_only,12547,6.654977285406869,835
3,10.191498255928025,2024-06-30 23:59:59,130.57449476778407,30.574494767784067,9331,234,234,2.283556073844484,11.759325902950266,30.732934715234485,11.342373773213055,7.472795091620753,0,127.5927529616226,130.73293471523448,2024_Q2_ONLY,exit_ts_filter_from_all_through_2026_single_run,100.0,3,1.924680140594387,5923,2024-04-01 00:00:00,SMX2V4_B07_A05_context_plus_FB20_only,ablation_context_plus_FB20_only,9893,5.680784393005156,562
3,8.132860202752127,2024-09-30 23:59:59,124.39858060825638,24.39858060825637,8747,206,206,2.21673524384417,11.387987784873303,24.46554645930048,6.5628771730334705,6.447715650349608,0,121.64099342907126,124.46554645930048,2024_Q3_ONLY,exit_ts_filter_from_all_through_2026_single_run,100.0,3,1.8722542865149787,5366,2024-07-01 00:00:00,SMX2V4_B07_A05_context_plus_FB20_only,ablation_context_plus_FB20_only,9296,5.905765920826162,549
3,23.135532433615737,2024-12-31 23:59:59,169.4065973008472,69.40659730084721,14909,238,238,2.8431001339891293,30.263831153307393,69.55794544413325,27.420972084666573,11.721794062873244,0,164.5901981060004,169.55794544413325,2024_Q4_ONLY,exit_ts_filter_from_all_through_2026_single_run,100.0,3,1.919222019750659,10358,2024-10-01 00:00:00,SMX2V4_B07_A05_context_plus_FB20_only,ablation_context_plus_FB20_only,15859,5.990289425562771,950
75,5348.985002623019,2025-12-31 23:59:59,401273.8751967264,401173.8751967264,200496,346,346,6.035556309029067,131222.86942712142,401180.295655775,48.644865978075075,-2.9982813131566672,3,377054.764505805,401280.295655775,TRAIN_2025_FULL,exit_ts_filter_from_all_through_2026_single_run,96.0,72,1.9977284935138309,121303,,SMX2V4_B07_A05_context_plus_FB20_only,ablation_context_plus_FB20_only,214226,6.409119341256431,13730
12,466.7222463021007,2025-12-31 23:59:59,5700.666955625208,5600.666955625208,79897,346,346,6.035556309029177,1864.2077688181962,5600.758167391038,117.94436520862138,26.669409679043767,0,5356.59999152823,5700.758167391038,2025_FULL_ONLY,exit_ts_filter_from_all_through_2026_single_run,100.0,12,2.0748218418110405,58084,2025-01-01 00:00:00,SMX2V4_B07_A05_context_plus_FB20_only,ablation_context_plus_FB20_only,85537,6.593637840934333,5640
72,1123.0912269483792,2025-09-30 23:59:59,80962.56834028331,80862.56834028331,172549,346,346,6.035556309029067,26111.297619454395,80863.86375692172,41.332625189967914,-2.9982813131566672,3,76076.02693886939,80963.86375692172,PREQ4_ALL_BEFORE_2025_10_01,exit_ts_filter_from_all_through_2026_single_run,95.83333333333334,69,1.9692793943831162,99427,,SMX2V4_B07_A05_context_plus_FB20_only,ablation_context_plus_FB20_only,184271,6.361283110201822,11722
3,38.414972898329914,2025-03-31 23:59:59,215.24491869498974,115.24491869498972,16201,337,337,6.035556309029177,47.268075093195506,115.45681909805059,41.30743392275046,26.669409679043767,0,202.25369042482956,215.45681909805057,2025_Q1_ONLY,exit_ts_filter_from_all_through_2026_single_run,100.0,3,2.1863104541573914,11951,2025-01-01 00:00:00,SMX2V4_B07_A05_context_plus_FB20_only,ablation_context_plus_FB20_only,17319,6.455338068017784,1118
3,33.07696510914037,2025-06-30 23:59:59,199.2308953274211,99.23089532742111,17085,331,331,3.9133775212469746,40.91433100465673,100.90567154482879,29.164071129210782,29.152493193553596,0,191.43423825429872,200.90567154482878,2025_Q2_ONLY,exit_ts_filter_from_all_through_2026_single_run,100.0,3,1.9363312458279258,12016,2025-04-01 00:00:00,SMX2V4_B07_A05_context_plus_FB20_only,ablation_context_plus_FB20_only,18232,6.291136463361123,1147
3,56.07092623993426,2025-09-30 23:59:59,268.21277871980277,168.21277871980277,18664,346,346,4.912560615763118,86.50150105242002,168.21707017575972,47.240461131495806,34.47081653588694,0,255.03666338596992,268.2170701757597,2025_Q3_ONLY,exit_ts_filter_from_all_through_2026_single_run,100.0,3,2.015522482484423,12241,2025-07-01 00:00:00,SMX2V4_B07_A05_context_plus_FB20_only,ablation_context_plus_FB20_only,20031,6.824422145674205,1367
3,131.8762951912087,2025-12-31 23:59:59,495.62888557362606,395.628885573626,27947,327,327,4.504806408095918,162.07844207164902,395.63681573095704,157.26339804118535,76.28704546079169,0,473.30176377593085,495.636815730957,2025_Q4_ONLY,exit_ts_filter_from_all_through_2026_single_run,100.0,3,2.1368595049019548,21876,2025-10-01 00:00:00,SMX2V4_B07_A05_context_plus_FB20_only,ablation_context_plus_FB20_only,29955,6.703388415957269,2008
1,11.744594010445724,2026-12-31 23:59:59,111.74459401044572,11.74459401044572,2633,56,56,2.310107510004722,11.744594010445724,11.74459401044572,11.744594010445724,11.744594010445724,0,109.16317375218613,111.74459401044572,2026_FULL_ONLY,exit_ts_filter_from_all_through_2026_single_run,100.0,1,1.845637876377798,1819,2026-01-01 00:00:00,SMX2V4_B07_A05_context_plus_FB20_only,ablation_context_plus_FB20_only,2888,8.829639889196676,255
1,11.744594010445724,2026-03-31 23:59:59,111.74459401044572,11.74459401044572,2633,56,56,2.310107510004722,11.744594010445724,11.74459401044572,11.744594010445724,11.744594010445724,0,109.16317375218613,111.74459401044572,2026_Q1_ONLY,exit_ts_filter_from_all_through_2026_single_run,100.0,1,1.845637876377798,1819,2026-01-01 00:00:00,SMX2V4_B07_A05_context_plus_FB20_only,ablation_context_plus_FB20_only,2888,8.829639889196676,255
0,0.0,2026-06-30 23:59:59,100.0,0.0,0,0,0,0.0,0.0,0.0,0.0,0.0,0,100.0,100.0,2026_Q2_ONLY,exit_ts_filter_from_all_through_2026_single_run,0.0,0,0.0,0,2026-04-01 00:00:00,SMX2V4_B07_A05_context_plus_FB20_only,ablation_context_plus_FB20_only,0,0.0,0
0,0.0,2026-09-30 23:59:59,100.0,0.0,0,0,0,0.0,0.0,0.0,0.0,0.0,0,100.0,100.0,2026_Q3_ONLY,exit_ts_filter_from_all_through_2026_single_run,0.0,0,0.0,0,2026-07-01 00:00:00,SMX2V4_B07_A05_context_plus_FB20_only,ablation_context_plus_FB20_only,0,0.0,0
0,0.0,2026-12-31 23:59:59,100.0,0.0,0,0,0,0.0,0.0,0.0,0.0,0.0,0,100.0,100.0,2026_Q4_ONLY,exit_ts_filter_from_all_through_2026_single_run,0.0,0,0.0,0,2026-10-01 00:00:00,SMX2V4_B07_A05_context_plus_FB20_only,ablation_context_plus_FB20_only,0,0.0,0
76,5880.797705255622,2026-12-31 23:59:59,447040.62559942727,446940.6255994272,203113,346,346,6.035556309029289,130826.66311300558,446940.6255994272,49.16685183949647,-2.9971057345678673,3,420059.236917137,447040.62559942727,ALL_TO_2026_END,exit_ts_filter_from_all_through_2026_single_run,96.05263157894737,73,1.9949707733210762,123101,,SMX2V4_B07_A06_context_plus_FB50_only,ablation_context_plus_FB50_only,217096,6.440929358440506,13983
12,8.61255021033089,2023-12-31 23:59:59,203.35060252397068,103.35060252397068,19884,173,173,3.443153817040634,22.541468487108517,103.82382525345837,6.7894208071443245,-0.35856410686810136,1,196.34892849119146,203.82382525345838,2023_FULL_ONLY,exit_ts_filter_from_all_through_2026_single_run,91.66666666666666,11,1.7877995479902626,8712,2023-01-01 00:00:00,SMX2V4_B07_A06_context_plus_FB50_only,ablation_context_plus_FB50_only,21485,7.4517104956946705,1601
3,7.221883370497409,2023-03-31 23:59:59,121.66565011149223,21.66565011149222,6360,148,148,2.9103204186754716,8.234392801042901,21.811552753534457,7.463701240273053,5.967556070176272,0,118.12478985378321,121.81155275353446,2023_Q1_ONLY,exit_ts_filter_from_all_through_2026_single_run,100.0,3,1.7145001603226895,3431,2023-01-01 00:00:00,SMX2V4_B07_A06_context_plus_FB50_only,ablation_context_plus_FB50_only,6835,6.949524506217995,475
3,4.726696250683237,2023-06-30 23:59:59,114.18008875204971,14.180088752049702,2865,65,65,1.2210084605589033,6.201288326507537,14.316466553676687,5.026184768183626,2.9526156573585496,0,112.7859402081135,114.31646655367669,2023_Q2_ONLY,exit_ts_filter_from_all_through_2026_single_run,100.0,3,2.1261862165251895,968,2023-04-01 00:00:00,SMX2V4_B07_A06_context_plus_FB50_only,ablation_context_plus_FB50_only,3133,8.554101500159591,268
3,3.341335219829683,2023-09-30 23:59:59,110.02400565948905,10.024005659489044,3222,173,173,3.4431538170406895,6.639441245832018,10.134316357496953,3.642676568273231,-0.2581121546161995,1,106.23570990896327,110.13431635749694,2023_Q3_ONLY,exit_ts_filter_from_all_through_2026_single_run,66.66666666666666,2,1.56791694803315,1086,2023-07-01 00:00:00,SMX2V4_B07_A06_context_plus_FB50_only,ablation_context_plus_FB50_only,3487,7.599655864640092,265
3,11.0151119231271,2023-12-31 23:59:59,133.0453357693813,33.04533576938129,7437,48,48,1.8351716471894264,14.748110929490423,33.354949196422744,14.406283856857257,3.890940983033616,0,130.60372548943363,133.35494919642275,2023_Q4_ONLY,exit_ts_filter_from_all_through_2026_single_run,100.0,3,1.8386236816291686,3227,2023-10-01 00:00:00,SMX2V4_B07_A06_context_plus_FB50_only,ablation_context_plus_FB50_only,8030,7.38480697384807,593
12,26.111145686494655,2024-12-31 23:59:59,413.3337482379359,313.3337482379359,44696,238,238,2.8199204793216914,73.92144685732313,313.70302131436875,17.377987895060173,6.304260755785322,0,401.67806522342636,413.70302131436875,2024_FULL_ONLY,exit_ts_filter_from_all_through_2026_single_run,100.0,12,1.8773347045717972,28306,2024-01-01 00:00:00,SMX2V4_B07_A06_context_plus_FB50_only,ablation_context_plus_FB50_only,47591,6.083082935849215,2895
3,16.813762189516723,2024-03-31 23:59:59,150.44128656855017,50.44128656855016,11711,167,167,1.889917889354853,31.448497674345745,50.45211877446674,12.688528138419102,6.304260755785322,0,147.59806978071555,150.45211877446673,2024_Q1_ONLY,exit_ts_filter_from_all_through_2026_single_run,100.0,3,1.8083093768233789,6662,2024-01-01 00:00:00,SMX2V4_B07_A06_context_plus_FB50_only,ablation_context_plus_FB50_only,12546,6.655507731547903,835
3,10.19184645736641,2024-06-30 23:59:59,130.57553937209923,30.575539372099225,9330,234,234,2.2827743360391506,11.75941997831012,30.73398058707937,11.343264519329352,7.472854874459756,0,127.59479447016824,130.73398058707937,2024_Q2_ONLY,exit_ts_filter_from_all_through_2026_single_run,100.0,3,1.924733433684888,5922,2024-04-01 00:00:00,SMX2V4_B07_A06_context_plus_FB50_only,ablation_context_plus_FB50_only,9892,5.681358673675698,562
3,8.133523669810382,2024-09-30 23:59:59,124.40057100943115,24.40057100943114,8745,206,206,2.216735243844048,11.388931399342042,24.46753793194172,6.5628771730334705,6.448762437055635,0,121.64293970832185,124.46753793194172,2024_Q3_ONLY,exit_ts_filter_from_all_through_2026_single_run,100.0,3,1.8723738202685112,5365,2024-07-01 00:00:00,SMX2V4_B07_A06_context_plus_FB50_only,ablation_context_plus_FB50_only,9294,5.9070367979341505,549
3,23.047094946389638,2024-12-31 23:59:59,169.14128483916892,69.14128483916893,14910,238,238,2.819920479321336,30.24957084176978,69.29239595184869,27.19747457610292,11.694239421296217,0,164.37163510900197,169.29239595184868,2024_Q4_ONLY,exit_ts_filter_from_all_through_2026_single_run,100.0,3,1.916491494940745,10357,2024-10-01 00:00:00,SMX2V4_B07_A06_context_plus_FB50_only,ablation_context_plus_FB50_only,15859,5.983983857746391,949
75,5332.742759960121,2025-12-31 23:59:59,400055.70699700905,399955.70699700905,200480,346,346,6.035556309029289,130826.66311300558,399962.10796513257,48.62462608730027,-2.9971057345678673,3,375910.1195337194,400062.10796513257,TRAIN_2025_FULL,exit_ts_filter_from_all_through_2026_single_run,96.0,72,1.997326220567062,121282,,SMX2V4_B07_A06_context_plus_FB50_only,ablation_context_plus_FB50_only,214208,6.408724230654316,13728
12,466.1900771249428,2025-12-31 23:59:59,5694.2809254993135,5594.2809254993135,79889,346,346,6.035556309029177,1862.1500938035056,5594.3720350874355,117.95097719843423,26.668672076792546,0,5350.599393846495,5694.3720350874355,2025_FULL_ONLY,exit_ts_filter_from_all_through_2026_single_run,100.0,12,2.074535804878085,58073,2025-01-01 00:00:00,SMX2V4_B07_A06_context_plus_FB50_only,ablation_context_plus_FB50_only,85528,6.5931624731082215,5639
72,1119.6417098450797,2025-09-30 23:59:59,80714.20310884574,80614.20310884574,172537,346,346,6.035556309029289,25966.24824397346,80615.49455159278,41.324329856904725,-2.9971057345678673,3,75842.6519308271,80715.49455159278,PREQ4_ALL_BEFORE_2025_10_01,exit_ts_filter_from_all_through_2026_single_run,95.83333333333334,69,1.968787061101026,99409,,SMX2V4_B07_A06_context_plus_FB50_only,ablation_context_plus_FB50_only,184257,6.360681005334939,11720
3,38.41455510438567,2025-03-31 23:59:59,215.243665313157,115.243665313157,16201,337,337,6.035556309029177,47.26779984885039,115.45556448231125,41.307193387514076,26.668672076792546,0,202.2525126915631,215.45556448231125,2025_Q1_ONLY,exit_ts_filter_from_all_through_2026_single_run,100.0,3,2.1862907940651035,11950,2025-01-01 00:00:00,SMX2V4_B07_A06_context_plus_FB50_only,ablation_context_plus_FB50_only,17319,6.455338068017784,1118
3,33.078558981805024,2025-06-30 23:59:59,199.23567694541507,99.23567694541507,17082,331,331,3.9133775212469746,40.916018878285996,100.91049335809505,29.16613164536392,29.15352642176515,0,191.43883274952896,200.91049335809507,2025_Q2_ONLY,exit_ts_filter_from_all_through_2026_single_run,100.0,3,1.9363942352380548,12014,2025-04-01 00:00:00,SMX2V4_B07_A06_context_plus_FB50_only,ablation_context_plus_FB50_only,18229,6.292171814142302,1147
3,55.96629243183738,2025-09-30 23:59:59,267.89887729551214,167.8988772955121,18663,346,346,4.911799910162296,86.18469221279648,167.90316372898607,47.24163906460876,34.4725460181069,0,254.74022048118533,267.90316372898604,2025_Q3_ONLY,exit_ts_filter_from_all_through_2026_single_run,100.0,3,2.014309040345391,12236,2025-07-01 00:00:00,SMX2V4_B07_A06_context_plus_FB50_only,ablation_context_plus_FB50_only,20029,6.820110839283039,1366
3,131.8815820050562,2025-12-31 23:59:59,495.6447460151686,395.6447460151686,27943,327,327,4.504042440435541,162.08629717446303,395.6526764262697,157.26858275333956,76.28986608736602,0,473.3206963008565,495.6526764262697,2025_Q4_ONLY,exit_ts_filter_from_all_through_2026_single_run,100.0,3,2.136907798873934,21873,2025-10-01 00:00:00,SMX2V4_B07_A06_context_plus_FB50_only,ablation_context_plus_FB50_only,29951,6.704283663316751,2008
1,11.744594010445724,2026-12-31 23:59:59,111.74459401044572,11.74459401044572,2633,56,56,2.310107510004722,11.744594010445724,11.74459401044572,11.744594010445724,11.744594010445724,0,109.16317375218613,111.74459401044572,2026_FULL_ONLY,exit_ts_filter_from_all_through_2026_single_run,100.0,1,1.845637876377798,1819,2026-01-01 00:00:00,SMX2V4_B07_A06_context_plus_FB50_only,ablation_context_plus_FB50_only,2888,8.829639889196676,255
1,11.744594010445724,2026-03-31 23:59:59,111.74459401044572,11.74459401044572,2633,56,56,2.310107510004722,11.744594010445724,11.74459401044572,11.744594010445724,11.744594010445724,0,109.16317375218613,111.74459401044572,2026_Q1_ONLY,exit_ts_filter_from_all_through_2026_single_run,100.0,1,1.845637876377798,1819,2026-01-01 00:00:00,SMX2V4_B07_A06_context_plus_FB50_only,ablation_context_plus_FB50_only,2888,8.829639889196676,255
0,0.0,2026-06-30 23:59:59,100.0,0.0,0,0,0,0.0,0.0,0.0,0.0,0.0,0,100.0,100.0,2026_Q2_ONLY,exit_ts_filter_from_all_through_2026_single_run,0.0,0,0.0,0,2026-04-01 00:00:00,SMX2V4_B07_A06_context_plus_FB50_only,ablation_context_plus_FB50_only,0,0.0,0
0,0.0,2026-09-30 23:59:59,100.0,0.0,0,0,0,0.0,0.0,0.0,0.0,0.0,0,100.0,100.0,2026_Q3_ONLY,exit_ts_filter_from_all_through_2026_single_run,0.0,0,0.0,0,2026-07-01 00:00:00,SMX2V4_B07_A06_context_plus_FB50_only,ablation_context_plus_FB50_only,0,0.0,0
0,0.0,2026-12-31 23:59:59,100.0,0.0,0,0,0,0.0,0.0,0.0,0.0,0.0,0,100.0,100.0,2026_Q4_ONLY,exit_ts_filter_from_all_through_2026_single_run,0.0,0,0.0,0,2026-10-01 00:00:00,SMX2V4_B07_A06_context_plus_FB50_only,ablation_context_plus_FB50_only,0,0.0,0
76,5512.09582129512,2026-12-31 23:59:59,419019.2824184291,418919.28241842904,196186,338,338,5.939146234728943,122838.22501157154,418919.28241842904,46.67980278241032,-5.604247308202957,3,394133.11448388675,419019.2824184291,ALL_TO_2026_END,exit_ts_filter_from_all_through_2026_single_run,96.05263157894737,73,2.00954718057311,117379,,SMX2V4_B07_A07_relaxed_plus_FB20_FB50_only,ablation_relaxed_plus_failed_break_only,209858,6.514881491294113,13672
12,8.548592234981086,2023-12-31 23:59:59,202.58310681977304,102.58310681977304,19233,173,173,3.4377464606202945,22.004233058089227,103.05291905274139,6.9152942511495965,-0.7001535224906945,1,195.61881323526165,203.05291905274137,2023_FULL_ONLY,exit_ts_filter_from_all_through_2026_single_run,91.66666666666666,11,1.8032573620212489,8300,2023-01-01 00:00:00,SMX2V4_B07_A07_relaxed_plus_FB20_FB50_only,ablation_relaxed_plus_failed_break_only,20795,7.511421014666987,1562
3,7.384484223878057,2023-03-31 23:59:59,122.15345267163417,22.153452671634177,6131,148,148,2.7825497725772474,8.308822589363572,22.29798350007799,7.662478804399001,6.182151277871597,0,118.75447205212437,122.29798350007799,2023_Q1_ONLY,exit_ts_filter_from_all_through_2026_single_run,100.0,3,1.7528243325117656,3271,2023-01-01 00:00:00,SMX2V4_B07_A07_relaxed_plus_FB20_FB50_only,ablation_relaxed_plus_failed_break_only,6598,7.077902394665051,467
3,4.673228850799873,2023-06-30 23:59:59,114.01968655239962,14.019686552399623,2755,63,63,1.3685156791310549,6.261335277184202,14.152219823996015,4.774545135339977,2.9838061398754405,0,112.45930926463396,114.152219823996,2023_Q2_ONLY,exit_ts_filter_from_all_through_2026_single_run,100.0,3,2.1340512736995345,901,2023-04-01 00:00:00,SMX2V4_B07_A07_relaxed_plus_FB20_FB50_only,ablation_relaxed_plus_failed_break_only,3019,8.744617422987744,264
3,3.33801633074196,2023-09-30 23:59:59,110.01404899222588,10.014048992225888,3139,173,173,3.4377464606205277,6.545511323846597,10.100617014197223,3.9712362831606782,-0.5026986147813943,1,106.23204491681031,110.10061701419723,2023_Q3_ONLY,exit_ts_filter_from_all_through_2026_single_run,66.66666666666666,2,1.5760591716807437,1057,2023-07-01 00:00:00,SMX2V4_B07_A07_relaxed_plus_FB20_FB50_only,ablation_relaxed_plus_failed_break_only,3402,7.730746619635509,263
3,10.737192663595323,2023-12-31 23:59:59,132.21157799078597,32.211577990785976,7208,48,48,1.6619295228080921,14.360597093987295,32.51819100336735,14.04524622856394,3.8057346682347344,0,130.01431474358665,132.51819100336735,2023_Q4_ONLY,exit_ts_filter_from_all_through_2026_single_run,100.0,3,1.8419094002469654,3071,2023-10-01 00:00:00,SMX2V4_B07_A07_relaxed_plus_FB20_FB50_only,ablation_relaxed_plus_failed_break_only,7776,7.304526748971194,568
12,25.381335310324573,2024-12-31 23:59:59,404.5760237238949,304.5760237238949,42782,232,232,2.802050410027501,71.26513953942981,304.9309936606472,16.658324306120292,6.057278603238899,0,393.23959959226653,404.9309936606471,2024_FULL_ONLY,exit_ts_filter_from_all_through_2026_single_run,100.0,12,1.8879691800060676,26722,2024-01-01 00:00:00,SMX2V4_B07_A07_relaxed_plus_FB20_FB50_only,ablation_relaxed_plus_failed_break_only,45594,6.167478176953107,2812
3,16.530080492489287,2024-03-31 23:59:59,149.59024147746786,49.59024147746787,11319,167,167,1.825691495492554,31.23259532192651,49.598618799062734,12.300367552302447,6.057278603238899,0,146.85918516072698,149.59861879906273,2024_Q1_ONLY,exit_ts_filter_from_all_through_2026_single_run,100.0,3,1.809892755646454,6351,2024-01-01 00:00:00,SMX2V4_B07_A07_relaxed_plus_FB20_FB50_only,ablation_relaxed_plus_failed_break_only,12137,6.73972151272967,818
3,9.789654401198808,2024-06-30 23:59:59,129.36896320359642,29.368963203596433,8959,232,232,2.190470875030237,11.355057823896473,29.522831753448962,10.91688203205932,7.097023347640629,0,126.53517374329306,129.52283175344897,2024_Q2_ONLY,exit_ts_filter_from_all_through_2026_single_run,100.0,3,1.9387939287935678,5614,2024-04-01 00:00:00,SMX2V4_B07_A07_relaxed_plus_FB20_FB50_only,ablation_relaxed_plus_failed_break_only,9493,5.625197513957652,534
3,7.979867886268091,2024-09-30 23:59:59,123.93960365880427,23.939603658804277,8327,204,204,2.073782235507604,11.270536471069107,24.00533038424704,6.758852407607776,5.91021478012739,0,121.36936617536945,124.00533038424703,2024_Q3_ONLY,exit_ts_filter_from_all_through_2026_single_run,100.0,3,1.889441161372994,5020,2024-07-01 00:00:00,SMX2V4_B07_A07_relaxed_plus_FB20_FB50_only,ablation_relaxed_plus_failed_break_only,8855,5.962732919254658,528
3,22.89243814574154,2024-12-31 23:59:59,168.67731443722462,68.67731443722462,14177,221,221,2.8020504100272237,29.71212243340716,68.82530980058354,27.55229060533678,11.412901398480685,0,163.95089105641347,168.82530980058354,2024_Q4_ONLY,exit_ts_filter_from_all_through_2026_single_run,100.0,3,1.9317070946675605,9737,2024-10-01 00:00:00,SMX2V4_B07_A07_relaxed_plus_FB20_FB50_only,ablation_relaxed_plus_failed_break_only,15109,6.168508835793236,932
75,5010.05464091025,2025-12-31 23:59:59,375854.09806826874,375754.09806826874,193624,338,338,5.939146234728943,122838.22501157154,375760.1118060026,46.67628239948817,-5.604247308202957,3,353531.57355477277,375860.1118060026,TRAIN_2025_FULL,exit_ts_filter_from_all_through_2026_single_run,96.0,72,2.0122157891914276,115637,,SMX2V4_B07_A07_relaxed_plus_FB20_FB50_only,ablation_relaxed_plus_failed_break_only,207046,6.482617389372409,13422
12,469.09771769003675,2025-12-31 23:59:59,5729.172612280441,5629.172612280441,77518,338,338,5.939146234728843,1872.4324095292504,5629.264280142251,120.85244705981333,26.504930628009262,0,5388.908672797072,5729.264280142251,2025_FULL_ONLY,exit_ts_filter_from_all_through_2026_single_run,100.0,12,2.09694462831838,55785,2025-01-01 00:00:00,SMX2V4_B07_A07_relaxed_plus_FB20_FB50_only,ablation_relaxed_plus_failed_break_only,83072,6.68576656394453,5554
72,1056.313981316985,2025-09-30 23:59:59,76154.60665482293,76054.60665482293,166401,338,338,5.939146234728943,24534.130195705242,76055.82514315125,41.74135309505756,-5.604247308202957,3,71631.67320111039,76155.82514315125,PREQ4_ALL_BEFORE_2025_10_01,exit_ts_filter_from_all_through_2026_single_run,95.83333333333334,69,1.9828949050004863,94502,,SMX2V4_B07_A07_relaxed_plus_FB20_FB50_only,ablation_relaxed_plus_failed_break_only,177853,6.439025487340669,11452
3,38.95350120903148,2025-03-31 23:59:59,216.86050362709443,116.86050362709443,15579,338,338,5.939146234728843,49.57912716932634,117.07399451182785,40.77644582975883,26.504930628009262,0,203.98084119131187,217.07399451182786,2025_Q1_ONLY,exit_ts_filter_from_all_through_2026_single_run,100.0,3,2.2308030865561577,11356,2025-01-01 00:00:00,SMX2V4_B07_A07_relaxed_plus_FB20_FB50_only,ablation_relaxed_plus_failed_break_only,16679,6.595119611487499,1100
3,32.73829356437924,2025-06-30 23:59:59,198.21488069313773,98.21488069313773,16556,331,331,3.8415682758980774,40.83639623314153,100.06149185026176,29.24704768414412,28.13143677585208,0,190.60032071832092,200.06149185026175,2025_Q2_ONLY,exit_ts_filter_from_all_through_2026_single_run,100.0,3,1.9491551517358876,11484,2025-04-01 00:00:00,SMX2V4_B07_A07_relaxed_plus_FB20_FB50_only,ablation_relaxed_plus_failed_break_only,17683,6.373352937849912,1127
3,56.684970279863784,2025-09-30 23:59:59,270.05491083959134,170.05491083959132,18160,336,336,4.832870753372875,87.0014649613907,170.05923177001588,47.425446593326484,35.627999284874164,0,257.0035060355775,270.0592317700159,2025_Q3_ONLY,exit_ts_filter_from_all_through_2026_single_run,100.0,3,2.036478394980004,11810,2025-07-01 00:00:00,SMX2V4_B07_A07_relaxed_plus_FB20_FB50_only,ablation_relaxed_plus_failed_break_only,19517,6.952912845211867,1357
3,131.18028555245732,2025-12-31 23:59:59,493.54085665737193,393.54085665737193,27223,322,322,4.336930469875933,161.30110889856104,393.5487534058393,156.44453803143483,75.79520972737606,0,472.13633286371163,493.5487534058393,2025_Q4_ONLY,exit_ts_filter_from_all_through_2026_single_run,100.0,3,2.1549354053162864,21135,2025-10-01 00:00:00,SMX2V4_B07_A07_relaxed_plus_FB20_FB50_only,ablation_relaxed_plus_failed_break_only,29193,6.7481930599801325,1970
1,11.48455865507691,2026-12-31 23:59:59,111.48455865507691,11.484558655076915,2562,54,54,2.0783615594603733,11.48455865507691,11.484558655076915,11.48455865507691,11.48455865507691,0,109.16750644325575,111.48455865507691,2026_FULL_ONLY,exit_ts_filter_from_all_through_2026_single_run,100.0,1,1.8414052354078259,1742,2026-01-01 00:00:00,SMX2V4_B07_A07_relaxed_plus_FB20_FB50_only,ablation_relaxed_plus_failed_break_only,2812,8.890469416785205,250
1,11.48455865507691,2026-03-31 23:59:59,111.48455865507691,11.484558655076915,2562,54,54,2.0783615594603733,11.48455865507691,11.484558655076915,11.48455865507691,11.48455865507691,0,109.16750644325575,111.48455865507691,2026_Q1_ONLY,exit_ts_filter_from_all_through_2026_single_run,100.0,1,1.8414052354078259,1742,2026-01-01 00:00:00,SMX2V4_B07_A07_relaxed_plus_FB20_FB50_only,ablation_relaxed_plus_failed_break_only,2812,8.890469416785205,250
0,0.0,2026-06-30 23:59:59,100.0,0.0,0,0,0,0.0,0.0,0.0,0.0,0.0,0,100.0,100.0,2026_Q2_ONLY,exit_ts_filter_from_all_through_2026_single_run,0.0,0,0.0,0,2026-04-01 00:00:00,SMX2V4_B07_A07_relaxed_plus_FB20_FB50_only,ablation_relaxed_plus_failed_break_only,0,0.0,0
0,0.0,2026-09-30 23:59:59,100.0,0.0,0,0,0,0.0,0.0,0.0,0.0,0.0,0,100.0,100.0,2026_Q3_ONLY,exit_ts_filter_from_all_through_2026_single_run,0.0,0,0.0,0,2026-07-01 00:00:00,SMX2V4_B07_A07_relaxed_plus_FB20_FB50_only,ablation_relaxed_plus_failed_break_only,0,0.0,0
0,0.0,2026-12-31 23:59:59,100.0,0.0,0,0,0,0.0,0.0,0.0,0.0,0.0,0,100.0,100.0,2026_Q4_ONLY,exit_ts_filter_from_all_through_2026_single_run,0.0,0,0.0,0,2026-10-01 00:00:00,SMX2V4_B07_A07_relaxed_plus_FB20_FB50_only,ablation_relaxed_plus_failed_break_only,0,0.0,0
76,340.5532369612258,2026-12-31 23:59:59,25982.046009053163,25882.046009053163,107012,326,326,5.703235000480323,7124.478526209721,25888.8113608857,14.125323858749525,-0.29037079674247934,5,24500.228867223945,25988.8113608857,ALL_TO_2026_END,exit_ts_filter_from_all_through_2026_single_run,93.42105263157895,71,1.9847280321452614,49191,,SMX2V4_B07_A08_M01_plus_FB20_FB50,ablation_M01_plus_failed_break,115637,7.458685368869826,8625
12,5.115419156000772,2023-12-31 23:59:59,161.38502987200926,61.38502987200924,11074,150,150,1.977105594038353,11.921216993149613,62.180339146558005,4.703152876879457,0.46975127103777936,0,158.19427741846928,162.180339146558,2023_FULL_ONLY,exit_ts_filter_from_all_through_2026_single_run,100.0,12,1.8082631965026443,3540,2023-01-01 00:00:00,SMX2V4_B07_A08_M01_plus_FB20_FB50,ablation_M01_plus_failed_break,12050,8.099585062240664,976
3,5.073691469972019,2023-03-31 23:59:59,115.22107440991606,15.221074409916046,3539,133,133,1.9288661486848713,6.142180502747408,15.259976177935663,5.013802756553105,4.065091150615544,0,112.99861410947217,115.25997617793566,2023_Q1_ONLY,exit_ts_filter_from_all_through_2026_single_run,100.0,3,1.7866649119432918,1535,2023-01-01 00:00:00,SMX2V4_B07_A08_M01_plus_FB20_FB50,ablation_M01_plus_failed_break,3846,7.982319292771711,307
3,3.6121074930657358,2023-06-30 23:59:59,110.83632247919721,10.836322479197214,1515,43,43,0.8654465138205114,4.212210822348183,10.837209176870633,3.9514916964239006,2.6726199604251235,0,109.87709339025413,110.83720917687063,2023_Q2_ONLY,exit_ts_filter_from_all_through_2026_single_run,100.0,3,2.3395127451921103,337,2023-04-01 00:00:00,SMX2V4_B07_A08_M01_plus_FB20_FB50,ablation_M01_plus_failed_break,1672,9.389952153110048,157
3,2.006610360638002,2023-09-30 23:59:59,106.019831081914,6.0198310819139955,1891,150,150,1.9771055940384086,4.4319956038187485,6.12503401466058,1.2199997284222803,0.3678357496729774,0,103.9237070708034,106.12503401466059,2023_Q3_ONLY,exit_ts_filter_from_all_through_2026_single_run,100.0,3,1.5384780930352167,512,2023-07-01 00:00:00,SMX2V4_B07_A08_M01_plus_FB20_FB50,ablation_M01_plus_failed_break,2054,7.935735150925025,163
3,6.398705943540269,2023-12-31 23:59:59,119.1961178306208,19.196117830620807,4129,26,26,1.0998294395115238,8.804799221630432,19.783519140866822,7.86112525690281,2.530193352087565,0,117.88516383596479,119.78351914086683,2023_Q4_ONLY,exit_ts_filter_from_all_through_2026_single_run,100.0,3,1.7747579785475958,1156,2023-10-01 00:00:00,SMX2V4_B07_A08_M01_plus_FB20_FB50,ablation_M01_plus_failed_break,4478,7.793657882983475,349
12,12.118125777305815,2024-12-31 23:59:59,245.4175093276698,145.41750932766976,22333,197,197,1.8269160985862176,34.38146117539765,145.61930363523027,8.40007928094385,3.2101317805082488,0,240.93393734101323,245.6193036352303,2024_FULL_ONLY,exit_ts_filter_from_all_through_2026_single_run,100.0,12,1.8904341700754366,10566,2024-01-01 00:00:00,SMX2V4_B07_A08_M01_plus_FB20_FB50,ablation_M01_plus_failed_break,24045,7.11998336452485,1712
3,10.437381890604456,2024-03-31 23:59:59,131.31214567181337,31.312145671813376,6328,87,87,1.3192317118920882,18.998521892275917,31.316347744515973,9.103491999029202,3.2101317805082488,0,129.57983420454488,131.31634774451598,2024_Q1_ONLY,exit_ts_filter_from_all_through_2026_single_run,100.0,3,1.8003444653471283,2508,2024-01-01 00:00:00,SMX2V4_B07_A08_M01_plus_FB20_FB50,ablation_M01_plus_failed_break,6860,7.755102040816326,532
3,5.957571029451334,2024-06-30 23:59:59,117.872713088354,17.872713088354008,4627,197,197,1.3563037395494026,7.214521923049418,17.912318438838405,5.8613516087801685,4.796839556524418,0,116.27400107282833,117.91231843883841,2024_Q2_ONLY,exit_ts_filter_from_all_through_2026_single_run,100.0,3,1.9641021507458674,2428,2024-04-01 00:00:00,SMX2V4_B07_A08_M01_plus_FB20_FB50,ablation_M01_plus_failed_break,4949,6.506364922206506,322
3,4.271334514731545,2024-09-30 23:59:59,112.81400354419463,12.814003544194641,4059,106,106,1.428321383958897,4.635252937804239,12.814906063443154,4.37107579187915,3.8076748145112447,0,111.20265700747275,112.81490606344315,2024_Q3_ONLY,exit_ts_filter_from_all_through_2026_single_run,100.0,3,1.8174943758273427,1796,2024-07-01 00:00:00,SMX2V4_B07_A08_M01_plus_FB20_FB50,ablation_M01_plus_failed_break,4352,6.732536764705882,293
3,13.515966001738851,2024-12-31 23:59:59,140.54789800521655,40.547898005216545,7319,127,127,1.8269160985863175,19.6898832189614,40.66346337720146,13.841147696930562,7.016867089324592,0,137.98020583033457,140.66346337720145,2024_Q4_ONLY,exit_ts_filter_from_all_through_2026_single_run,100.0,3,1.972960111664292,3834,2024-10-01 00:00:00,SMX2V4_B07_A08_M01_plus_FB20_FB50,ablation_M01_plus_failed_break,7884,7.166412988330796,565
75,319.4377503921211,2025-12-31 23:59:59,24057.83127940908,23957.83127940908,105456,326,326,5.703235000480323,7124.478526209721,23957.83127940908,13.95464068296738,-0.29037079674247934,5,22685.75662552532,24057.83127940908,TRAIN_2025_FULL,exit_ts_filter_from_all_through_2026_single_run,93.33333333333333,70,1.9876059442929745,48363,,SMX2V4_B07_A08_M01_plus_FB20_FB50,ablation_M01_plus_failed_break,113915,7.4257121537988855,8459
12,135.60019526527824,2025-12-31 23:59:59,1727.202343183339,1627.202343183339,43466,326,326,5.703235000480323,511.4931542046709,1627.202343183339,46.21573516728566,11.005926741857863,0,1628.6959346177905,1727.202343183339,2025_FULL_ONLY,exit_ts_filter_from_all_through_2026_single_run,100.0,12,2.0736854998362424,24917,2025-01-01 00:00:00,SMX2V4_B07_A08_M01_plus_FB20_FB50,ablation_M01_plus_failed_break,47144,7.801629051416935,3678
72,96.0681715671908,2025-09-30 23:59:59,7016.908352837738,6916.908352837737,89864,326,326,5.703235000480323,1716.804331571324,6919.173667608647,11.848700589562483,-0.29037079674247934,5,6616.717579707069,7019.173667608646,PREQ4_ALL_BEFORE_2025_10_01,exit_ts_filter_from_all_through_2026_single_run,93.05555555555556,67,1.932872316134684,38709,,SMX2V4_B07_A08_M01_plus_FB20_FB50,ablation_M01_plus_failed_break,96958,7.31657006126364,7094
3,20.850795614394183,2025-03-31 23:59:59,162.55238684318255,62.55238684318254,8265,326,326,5.703235000480323,27.02260082236566,62.66337611554451,24.523859278959023,11.005926741857863,0,153.28164222262598,162.6633761155445,2025_Q1_ONLY,exit_ts_filter_from_all_through_2026_single_run,100.0,3,2.09845519131313,5113,2025-01-01 00:00:00,SMX2V4_B07_A08_M01_plus_FB20_FB50,ablation_M01_plus_failed_break,8955,7.705192629815745,690
3,20.51486987721873,2025-06-30 23:59:59,161.5446096316562,61.54460963165618,9226,293,293,2.939412872327174,25.26173551796225,62.401834929747224,19.65565816271055,16.627215950983384,0,156.7961465815926,162.40183492974722,2025_Q2_ONLY,exit_ts_filter_from_all_through_2026_single_run,100.0,3,1.9397777230707665,5132,2025-04-01 00:00:00,SMX2V4_B07_A08_M01_plus_FB20_FB50,ablation_M01_plus_failed_break,9960,7.3694779116465865,734
3,30.61444652497545,2025-09-30 23:59:59,191.84333957492635,91.84333957492635,10383,247,247,3.21928074515776,46.93769104624889,91.9052736246512,25.343969568088355,19.561678960589106,0,185.66736388312313,191.9052736246512,2025_Q3_ONLY,exit_ts_filter_from_all_through_2026_single_run,100.0,3,1.9237609238832694,5018,2025-07-01 00:00:00,SMX2V4_B07_A08_M01_plus_FB20_FB50,ablation_M01_plus_failed_break,11272,7.886799148332151,889
3,80.95171486589624,2025-12-31 23:59:59,342.8551445976887,242.8551445976887,15592,194,194,2.8216915344117077,101.53301379985228,242.8551445976887,96.53282959581745,44.789301202018976,0,333.1808300072807,342.8551445976887,2025_Q4_ONLY,exit_ts_filter_from_all_through_2026_single_run,100.0,3,2.2371126210042664,9654,2025-10-01 00:00:00,SMX2V4_B07_A08_M01_plus_FB20_FB50,ablation_M01_plus_failed_break,16957,8.049772955121778,1365
1,7.998288404703629,2026-12-31 23:59:59,107.99828840470363,7.998288404703624,1556,42,42,2.010267680394462,7.998288404703629,8.026409608788754,7.998288404703629,7.998288404703629,0,105.82723371752466,108.02640960878875,2026_FULL_ONLY,exit_ts_filter_from_all_through_2026_single_run,100.0,1,1.8152253181026134,828,2026-01-01 00:00:00,SMX2V4_B07_A08_M01_plus_FB20_FB50,ablation_M01_plus_failed_break,1722,9.639953542392567,166
1,7.998288404703629,2026-03-31 23:59:59,107.99828840470363,7.998288404703624,1556,42,42,2.010267680394462,7.998288404703629,8.026409608788754,7.998288404703629,7.998288404703629,0,105.82723371752466,108.02640960878875,2026_Q1_ONLY,exit_ts_filter_from_all_through_2026_single_run,100.0,1,1.8152253181026134,828,2026-01-01 00:00:00,SMX2V4_B07_A08_M01_plus_FB20_FB50,ablation_M01_plus_failed_break,1722,9.639953542392567,166
0,0.0,2026-06-30 23:59:59,100.0,0.0,0,0,0,0.0,0.0,0.0,0.0,0.0,0,100.0,100.0,2026_Q2_ONLY,exit_ts_filter_from_all_through_2026_single_run,0.0,0,0.0,0,2026-04-01 00:00:00,SMX2V4_B07_A08_M01_plus_FB20_FB50,ablation_M01_plus_failed_break,0,0.0,0
0,0.0,2026-09-30 23:59:59,100.0,0.0,0,0,0,0.0,0.0,0.0,0.0,0.0,0,100.0,100.0,2026_Q3_ONLY,exit_ts_filter_from_all_through_2026_single_run,0.0,0,0.0,0,2026-07-01 00:00:00,SMX2V4_B07_A08_M01_plus_FB20_FB50,ablation_M01_plus_failed_break,0,0.0,0
0,0.0,2026-12-31 23:59:59,100.0,0.0,0,0,0,0.0,0.0,0.0,0.0,0.0,0,100.0,100.0,2026_Q4_ONLY,exit_ts_filter_from_all_through_2026_single_run,0.0,0,0.0,0,2026-10-01 00:00:00,SMX2V4_B07_A08_M01_plus_FB20_FB50,ablation_M01_plus_failed_break,0,0.0,0
