candidate_id,profile,trend_state,slippage_bps,stop_atr,target_atr,rr,max_hold_bars,eligible_events,trades,acceptance_rate_pct,wins,losses,flats,win_rate_pct,avg_net_return_pct,avg_gross_return_pct,std_net_return_pct,profit_factor,tp_exit_rate_pct,stop_exit_rate_pct,time_exit_rate_pct,avg_hold_bars,avg_gap_pct,avg_tp_distance_pct,avg_stop_distance_pct,min_net_return_pct,max_net_return_pct,mean_account_contribution_pct,eligible_symbols,positive_symbols,positive_symbol_pct,eligible_quarters,positive_quarter_pct,ex_q4_trades,ex_q4_avg_net_return_pct,ex_q4_profit_factor,ex_q4_win_rate_pct,q4_2025_trades,q4_2025_avg_net_return_pct,q4_2025_profit_factor,q4_2025_win_rate_pct,y2026_trades,y2026_avg_net_return_pct,y2026_profit_factor,y2026_win_rate_pct
bear_body20_range22_vol20_cp20__all__slip0bps__sl0.5atr__tp1atr__h12,bear_body20_range22_vol20_cp20,all,0.0,0.5,1.0,2.0,12,203523,203523,100.0,70051,133472,0,34.419205691740004,-0.0722570907469587,0.0077460076561036975,0.6930410965325428,0.7382175313558377,34.35729622696206,65.54541747124404,0.09728630179390045,1.3709703571586505,0.008136815056136898,0.6793467908237425,0.33967339541187136,-33.28372547820872,52.18700978321109,-0.000722570907469587,595,53,8.907563025210084,25,8.0,181807.0,-0.07326231996688386,0.7264944116091991,34.037193287387176,21716.0,-0.06384128172195735,0.8145754482049472,37.61742494013631,2853.0,-0.1130584737536096,0.5931762436896205,30.07360672975815
bear_body20_range22_vol20_cp20__all__slip0bps__sl0.5atr__tp1atr__h36,bear_body20_range22_vol20_cp20,all,0.0,0.5,1.0,2.0,36,203523,203523,100.0,70020,133503,0,34.403973998024796,-0.07229502013800827,0.007708063087226594,0.6937519905848788,0.7382921320661956,34.40102592827346,65.59553465701666,0.003439414709885369,1.3763997189506838,0.008136815056136898,0.6793467908237425,0.33967339541187136,-33.28372547820872,52.18700978321109,-0.0007229502013800827,595,55,9.243697478991598,25,8.0,181807.0,-0.07328223206411351,0.7266406481261949,34.02399247553725,21716.0,-0.064030052434499,0.8141816138947575,37.58519064284398,2853.0,-0.11355663522186081,0.5920269120307715,30.003505082369436
bear_body20_range22_vol20_cp20__all__slip0bps__sl0.5atr__tp1atr__h72,bear_body20_range22_vol20_cp20,all,0.0,0.5,1.0,2.0,72,203523,203523,100.0,70019,133504,0,34.403482653066234,-0.0722898031660988,0.0077132821467598735,0.6938092756177524,0.7383225127674741,34.40249996314913,65.59651734693375,0.0009826899171101054,1.3769844194513643,0.008136815056136898,0.6793467908237425,0.33967339541187136,-33.28372547820872,52.18700978321109,-0.000722898031660988,595,55,9.243697478991598,25,8.0,181807.0,-0.07327668651860506,0.7266751846477293,34.023442441710166,21716.0,-0.06402758629056472,0.8141887707667006,37.58519064284398,2853.0,-0.113450602790625,0.5924078530326923,30.003505082369436
bear_body20_range22_vol20_cp20__all__slip0bps__sl0.5atr__tp1.5atr__h12,bear_body20_range22_vol20_cp20,all,0.0,0.5,1.5,3.0,12,241597,241597,100.0,66668,174929,0,27.594713510515444,-0.050276501980472094,0.029735392176398454,0.8138263659459778,0.8197017106316358,27.087670790614123,72.255036279424,0.6572929299618786,1.8464881600350997,0.0077989621173176985,0.918701217766878,0.3062337392556264,-33.28372547820872,78.32051467481664,-0.000502765019804721,595,103,17.310924369747898,26,7.6923076923076925,215717.0,-0.05403435447180056,0.8012638557257827,27.199525303986245,25880.0,-0.018953756003969095,0.9437375290728349,30.8887171561051,3618.0,-0.11632268980461107,0.5776813353549035,23.548922056384743
bear_body20_range22_vol20_cp20__all__slip0bps__sl0.5atr__tp1.5atr__h36,bear_body20_range22_vol20_cp20,all,0.0,0.5,1.5,3.0,36,241597,241597,100.0,66268,175329,0,27.429148540751747,-0.05034389505523207,0.029667972133621337,0.817436000393789,0.8202711956124001,27.408039007106876,72.56712624742858,0.02483474546455461,1.8868156475452924,0.0077989621173176985,0.918701217766878,0.3062337392556264,-33.28372547820872,78.32051467481664,-0.0005034389505523207,595,101,16.974789915966387,26,7.6923076923076925,215717.0,-0.05416561625405592,0.8016655606100616,27.03449426795292,25880.0,-0.01848878563302646,0.9453839909216619,30.71870170015456,3618.0,-0.11567521215856909,0.5824769298831908,23.35544499723604
bear_body20_range22_vol20_cp20__all__slip0bps__sl0.5atr__tp1.5atr__h72,bear_body20_range22_vol20_cp20,all,0.0,0.5,1.5,3.0,72,241597,241597,100.0,66250,175347,0,27.42169811711238,-0.050339929186198736,0.029671939589637077,0.817912570951173,0.8203382030517198,27.417972905292697,72.5774740580388,0.004553036668501678,1.890602946228637,0.0077989621173176985,0.918701217766878,0.3062337392556264,-33.28372547820872,78.32051467481664,-0.0005033992918619873,595,101,16.974789915966387,26,7.6923076923076925,215717.0,-0.054138018168395786,0.8018236074219874,27.02846785371575,25880.0,-0.018681800864228198,0.9448324889267158,30.699381761978362,3618.0,-0.11517080742266808,0.5842975499623322,23.35544499723604
bear_body20_range22_vol20_cp20__all__slip0bps__sl0.5atr__tp2atr__h12,bear_body20_range22_vol20_cp20,all,0.0,0.5,2.0,4.0,12,251285,251285,100.0,58362,192923,0,23.225421334341483,-0.041541523774565395,0.03847386577174328,0.9486582311209963,0.8558827567522341,21.30847444137135,76.44069482858109,2.2508307300475554,2.360602503133892,0.007720264349148889,1.1914152863443979,0.29785382158609947,-33.28372547820872,104.45401956642218,-0.000415415237745654,596,121,20.302013422818792,26,11.538461538461538,224539.0,-0.04650940267852493,0.8345287473367463,22.900253408093917,26746.0,0.00016499537656605037,1.0004734581077883,25.955283032976894,3811.0,-0.10279481858740422,0.6283439775346357,20.62450800314878
bear_body20_range22_vol20_cp20__all__slip0bps__sl0.5atr__tp2atr__h36,bear_body20_range22_vol20_cp20,all,0.0,0.5,2.0,4.0,36,251285,251285,100.0,56557,194728,0,22.50711343693416,-0.04199943651962762,0.0380157697882877,0.9592180838947958,0.8562556919232195,22.391308673418628,77.47736633702768,0.131324989553694,2.5228803947708776,0.007720264349148889,1.1914152863443979,0.29785382158609947,-33.28372547820872,104.45401956642218,-0.0004199943651962762,596,123,20.63758389261745,26,11.538461538461538,224539.0,-0.04716069633787312,0.8344738489180628,22.18144732095538,26746.0,0.0013305611745704166,1.0037672081241853,25.241157556270092,3811.0,-0.10123888558815852,0.6397166963744311,19.81107320913146
bear_body20_range22_vol20_cp20__all__slip0bps__sl0.5atr__tp2atr__h72,bear_body20_range22_vol20_cp20,all,0.0,0.5,2.0,4.0,72,251285,251285,100.0,56457,194828,0,22.46731798555425,-0.04185430206385116,0.03816096232107723,0.9608013288571428,0.8568922001809934,22.45139980500229,77.53148815090435,0.01711204409336013,2.541249975127843,0.007720264349148889,1.1914152863443979,0.29785382158609947,-33.28372547820872,104.45401956642218,-0.00041854302063851163,596,125,20.973154362416107,26,11.538461538461538,224539.0,-0.04704488176665378,0.835042282213271,22.143146624862496,26746.0,0.0017218430003672818,1.0048704482612347,25.188813280490542,3811.0,-0.10176051592784129,0.6385058473885911,19.732353712936238
bear_body20_range22_vol20_cp20__all__slip0bps__sl0.5atr__tp3atr__h12,bear_body20_range22_vol20_cp20,all,0.0,0.5,3.0,6.0,12,255414,255414,100.0,50009,205405,0,19.579584517685014,-0.02845302829955721,0.05156759873993871,1.207225007145682,0.9043215148095105,12.452723813103432,79.83861495454438,7.70866123235218,3.181767639988411,0.007672610943146077,1.764509705013205,0.29408495083553415,-33.28372547820872,156.7210293496333,-0.0002845302829955721,596,163,27.348993288590606,26,26.923076923076923,228344.0,-0.036287304344649614,0.874854733531481,19.309024979854954,27070.0,0.037631564579666,1.1045398098423043,21.861839674916883,3883.0,-0.0855825514325308,0.6934855887201015,18.593870718516612
bear_body20_range22_vol20_cp20__all__slip0bps__sl0.5atr__tp3atr__h36,bear_body20_range22_vol20_cp20,all,0.0,0.5,3.0,6.0,36,255414,255414,100.0,43070,212344,0,16.862818796150563,-0.030418154888963198,0.04960168578535101,1.2418247601987258,0.9016369315462427,15.856609269656321,83.06827346973932,1.075117260604352,3.961247229987393,0.007672610943146077,1.764509705013205,0.29408495083553415,-33.28372547820872,156.7210293496333,-0.000304181548889632,596,152,25.503355704697988,26,23.076923076923077,228344.0,-0.037239074863822594,0.8764325473015991,16.623602984970045,27070.0,0.02711845947155735,1.072182875871204,18.880679719246398,3883.0,-0.07527946832205819,0.7395623946083517,16.43059490084986
bear_body20_range22_vol20_cp20__all__slip0bps__sl0.5atr__tp3atr__h72,bear_body20_range22_vol20_cp20,all,0.0,0.5,3.0,6.0,72,255414,255414,100.0,42044,213370,0,16.461118027985936,-0.031169935499914085,0.048849604341822665,1.2490339100377643,0.899859440459236,16.28219283202957,83.52517872943534,0.1926284385350842,4.133966814661687,0.007672610943146077,1.764509705013205,0.29408495083553415,-33.28372547820872,156.7210293496333,-0.00031169935499914084,596,152,25.503355704697988,26,26.923076923076923,228344.0,-0.038000363482180166,0.874725007175983,16.220702098588095,27070.0,0.026446881906165447,1.069942656895164,18.489102327299594,3883.0,-0.07438930594406881,0.7437501970793694,16.19881534895699
bear_body20_range22_vol20_cp20__all__slip0bps__sl0.75atr__tp1atr__h12,bear_body20_range22_vol20_cp20,all,0.0,0.75,1.0,1.3333333333333333,12,203523,203523,100.0,86956,116567,0,42.725392216113164,-0.08871954827933098,-0.008723037494328786,0.8406919941304974,0.7387346702668163,42.560791654997224,57.09821494376557,0.3409934012372066,1.6290099890430074,0.008136815056136898,0.6793467908237425,0.509510093117807,-49.885588217313085,52.18700978321109,-0.0008871954827933099,595,56,9.411764705882353,25,4.0,181807.0,-0.08778508503446969,0.7325206587562065,42.393307188392086,21716.0,-0.09654290244945936,0.7779966724597797,45.50561797752809,2853.0,-0.14136978363550498,0.5862161047869668,37.22397476340694
bear_body20_range22_vol20_cp20__all__slip0bps__sl0.75atr__tp1atr__h36,bear_body20_range22_vol20_cp20,all,0.0,0.75,1.0,1.3333333333333333,36,203523,203523,100.0,86947,116576,0,42.720970111486174,-0.08887747561459214,-0.008881028025802493,0.8440930262171601,0.7390109901662743,42.71212590223218,57.2706770242184,0.017197073549426845,1.6494548527684831,0.008136815056136898,0.6793467908237425,0.509510093117807,-49.885588217313085,52.18700978321109,-0.0008887747561459214,595,55,9.243697478991598,25,4.0,181807.0,-0.08795078075441003,0.7327543631131309,42.389456951602526,21716.0,-0.09663579263637939,0.7785200360802281,45.496408178301714,2853.0,-0.14134381119991127,0.5916449885461444,37.294076410795654
bear_body20_range22_vol20_cp20__all__slip0bps__sl0.75atr__tp1atr__h72,bear_body20_range22_vol20_cp20,all,0.0,0.75,1.0,1.3333333333333333,72,203523,203523,100.0,86949,116574,0,42.721952801403276,-0.08892811587483125,-0.008931688550251369,0.845928943749329,0.738947303196508,42.71998742156906,57.27755585363816,0.002456724792775264,1.6521179424438515,0.008136815056136898,0.6793467908237425,0.509510093117807,-49.885588217313085,52.18700978321109,-0.0008892811587483126,595,54,9.07563025210084,25,4.0,181807.0,-0.08797946559515375,0.7327484199823218,42.391107053083765,21716.0,-0.09687024432377796,0.7780854795076216,45.49180327868852,2853.0,-0.1447267502431022,0.585504426778769,37.294076410795654
bear_body20_range22_vol20_cp20__all__slip0bps__sl0.75atr__tp1.5atr__h12,bear_body20_range22_vol20_cp20,all,0.0,0.75,1.5,2.0,12,241597,241597,100.0,84129,157468,0,34.822038353125244,-0.06551830169987033,0.01448749329744867,0.9562726011991861,0.8125704977291249,33.81043638786905,64.66471024060729,1.524853371523653,2.292184919514729,0.0077989621173176985,0.918701217766878,0.45935060888343915,-49.885588217313085,78.32051467481664,-0.0006551830169987033,595,90,15.126050420168067,26,7.6923076923076925,215717.0,-0.06767438012019102,0.8008045779449926,34.48267869477139,25880.0,-0.04754678823015159,0.8897966635987903,37.65069551777434,3618.0,-0.13681900840026154,0.5978438242870721,30.845771144278604
bear_body20_range22_vol20_cp20__all__slip0bps__sl0.75atr__tp1.5atr__h36,bear_body20_range22_vol20_cp20,all,0.0,0.75,1.5,2.0,36,241597,241597,100.0,83545,158052,0,34.58031349727025,-0.06583443031754486,0.014171238177726241,0.965405582300963,0.8136684890022556,34.5289883566435,65.39650740696284,0.07450423639366384,2.39433850585893,0.0077989621173176985,0.918701217766878,0.45935060888343915,-49.885588217313085,78.32051467481664,-0.0006583443031754487,595,92,15.46218487394958,26,7.6923076923076925,215717.0,-0.06807142141812852,0.8017197127518647,34.243012836262324,25880.0,-0.04718848714735142,0.8919560964640663,37.39180834621329,3618.0,-0.137882783748678,0.6028461129821958,30.597014925373134
bear_body20_range22_vol20_cp20__all__slip0bps__sl0.75atr__tp1.5atr__h72,bear_body20_range22_vol20_cp20,all,0.0,0.75,1.5,2.0,72,241597,241597,100.0,83518,158079,0,34.5691378618112,-0.06591191673290124,0.014093720755400954,0.9675751121464051,0.813620954213192,34.559617876049785,65.42713692636912,0.013245197581095793,2.406511670260806,0.0077989621173176985,0.918701217766878,0.45935060888343915,-49.885588217313085,78.32051467481664,-0.0006591191673290124,595,91,15.294117647058824,26,7.6923076923076925,215717.0,-0.06809260769655236,0.8018279321633416,34.23605928137328,25880.0,-0.047735250867138916,0.8908506870843074,37.34544049459041,3618.0,-0.14018613663757237,0.599571476296924,30.597014925373134
bear_body20_range22_vol20_cp20__all__slip0bps__sl0.75atr__tp2atr__h12,bear_body20_range22_vol20_cp20,all,0.0,0.75,2.0,2.6666666666666665,12,251285,251285,100.0,74937,176348,0,29.821517400561113,-0.056323455212679514,0.023686019194998482,1.0915098856506968,0.8456708355456573,26.641462880792727,69.2345344927075,4.1240026264997915,2.968999343375052,0.007720264349148889,1.1914152863443979,0.4467807323791494,-49.885588217313085,104.45401956642218,-0.0005632345521267952,596,103,17.28187919463087,26,3.8461538461538463,224539.0,-0.059747573947646154,0.8316151344557374,29.54943239259104,26746.0,-0.027577168043357726,0.938716536680475,32.1057354370747,3811.0,-0.11780207870380281,0.6563434405301402,27.578063500393597
bear_body20_range22_vol20_cp20__all__slip0bps__sl0.75atr__tp2atr__h36,bear_body20_range22_vol20_cp20,all,0.0,0.75,2.0,2.6666666666666665,36,251285,251285,100.0,72450,178835,0,28.83180452474282,-0.05707468631085919,0.022934487484134427,1.1147898805074956,0.8475002995802943,28.57910340848041,71.10412479853552,0.3167717929840619,3.2964044809678255,0.007720264349148889,1.1914152863443979,0.4467807323791494,-49.885588217313085,104.45401956642218,-0.0005707468631085919,596,106,17.78523489932886,26,3.8461538461538463,224539.0,-0.06058379914451201,0.83347998775264,28.560294648145756,26746.0,-0.02761485356743711,0.9402134580586208,31.111194197263142,3811.0,-0.11609438355480861,0.6725156431424287,26.580949881920755
bear_body20_range22_vol20_cp20__all__slip0bps__sl0.75atr__tp2atr__h72,bear_body20_range22_vol20_cp20,all,0.0,0.75,2.0,2.6666666666666665,72,251285,251285,100.0,72255,179030,0,28.754203394552004,-0.05705815929643649,0.022951021112008335,1.1187550363476102,0.8479233368617836,28.7120202160893,71.23743956065822,0.05054022325248224,3.3433750522315298,0.007720264349148889,1.1914152863443979,0.4467807323791494,-49.885588217313085,104.45401956642218,-0.0005705815929643649,596,110,18.456375838926174,26,3.8461538461538463,224539.0,-0.0605712804874242,0.8339141487514775,28.487256111410492,26746.0,-0.027564675444525927,0.9405035518763705,30.99528901517984,3811.0,-0.11972185126992671,0.665690580496643,26.475990553660456
bear_body20_range22_vol20_cp20__all__slip0bps__sl0.75atr__tp3atr__h12,bear_body20_range22_vol20_cp20,all,0.0,0.75,3.0,4.0,12,255414,255414,100.0,65450,189964,0,25.625063622197686,-0.0430752844077947,0.03693949138876078,1.3504936010139001,0.8864532214337663,15.367990791420988,72.91143007039551,11.7205791381835,4.001288104802399,0.007672610943146077,1.764509705013205,0.4411274262533012,-49.885588217313085,156.7210293496333,-0.000430752844077947,596,133,22.31543624161074,26,26.923076923076923,228344.0,-0.050233459764591815,0.8638922298598148,25.368741898188695,27070.0,0.0173061856207416,1.0371246717558986,27.787218322866643,3883.0,-0.09799341960296654,0.7174639369925787,25.341231006953386
bear_body20_range22_vol20_cp20__all__slip0bps__sl0.75atr__tp3atr__h36,bear_body20_range22_vol20_cp20,all,0.0,0.75,3.0,4.0,36,255414,255414,100.0,56470,198944,0,22.109203097715866,-0.04529803873066089,0.03471584760838243,1.4044477787408183,0.8875020121455254,20.415873836203183,77.68055000900499,1.9035761547918282,5.260663080332323,0.007672610943146077,1.764509705013205,0.4411274262533012,-49.885588217313085,156.7210293496333,-0.00045298038730660895,596,133,22.31543624161074,26,26.923076923076923,228344.0,-0.0513049194596267,0.86896879820471,21.88233542374663,27070.0,0.005371897478240937,1.0108224721794057,24.02290358330255,3883.0,-0.08110697767581962,0.7797291719745945,22.7143960855009
bear_body20_range22_vol20_cp20__all__slip0bps__sl0.75atr__tp3atr__h72,bear_body20_range22_vol20_cp20,all,0.0,0.75,3.0,4.0,72,255414,255414,100.0,54836,200578,0,21.469457429898124,-0.046913056423102194,0.03310018365035791,1.4161733202100188,0.8848502034907187,21.152325244505,78.4847345877673,0.36294016772768917,5.576424941467578,0.007672610943146077,1.764509705013205,0.4411274262533012,-49.885588217313085,156.7210293496333,-0.00046913056423102193,596,133,22.31543624161074,26,26.923076923076923,228344.0,-0.05290211249194433,0.8664462684471991,21.246890656202922,27070.0,0.0036065231477759928,1.0071741627586095,23.346878463243442,3883.0,-0.08418757719959329,0.7751768956168457,22.14782384754056
bear_body20_range22_vol20_cp20__all__slip0bps__sl1atr__tp1atr__h12,bear_body20_range22_vol20_cp20,all,0.0,1.0,1.0,1.0,12,203523,203523,100.0,100327,103196,0,49.295165656952776,-0.09779990646749183,-0.017807029279203582,0.9731645535196839,0.7469103902763022,48.990531782648645,50.21840283407772,0.7910653832736348,1.9246178564584837,0.008136815056136898,0.6793467908237425,0.6793467908237423,-47.817618334067866,52.18700978321109,-0.0009779990646749182,595,67,11.260504201680673,25,4.0,181807.0,-0.09631322012042677,0.7417709020851988,49.03881588717706,21716.0,-0.11024648892746931,0.7790706800888572,51.44133357892798,2853.0,-0.15884137461355483,0.5937687455912564,43.07746232036453
bear_body20_range22_vol20_cp20__all__slip0bps__sl1atr__tp1atr__h36,bear_body20_range22_vol20_cp20,all,0.0,1.0,1.0,1.0,36,203523,203523,100.0,100491,103032,0,49.375746230155805,-0.09799777796735235,-0.01800497995933611,0.9788993878255543,0.7478441245604572,49.35412705197938,50.59477307233089,0.05109987568972549,1.9785822732565852,0.008136815056136898,0.6793467908237425,0.6793467908237423,-49.500505949757596,52.18700978321109,-0.0009799777796735234,595,67,11.260504201680673,25,4.0,181807.0,-0.09651273590958574,0.7426342564066815,49.11692069062247,21716.0,-0.11043059438825775,0.7803742171927572,51.54264137041813,2853.0,-0.15908963200045556,0.5994194255230549,43.32281808622503
bear_body20_range22_vol20_cp20__all__slip0bps__sl1atr__tp1atr__h72,bear_body20_range22_vol20_cp20,all,0.0,1.0,1.0,1.0,72,203523,203523,100.0,100493,103030,0,49.376728920072914,-0.09815114423150993,-0.01815840759454777,0.9802844433763626,0.7476447686396676,49.37328950536303,50.61639225050732,0.010318244129656108,1.9872446848759109,0.008136815056136898,0.6793467908237425,0.6793467908237423,-51.62394006170119,52.18700978321109,-0.0009815114423150993,595,67,11.260504201680673,25,4.0,181807.0,-0.09651730422090038,0.7427407768453875,49.119670859757875,21716.0,-0.11182970155370957,0.7781958899951057,51.528826671578564,2853.0,-0.15897844598891442,0.5995995767243245,43.32281808622503
bear_body20_range22_vol20_cp20__all__slip0bps__sl1atr__tp1.5atr__h12,bear_body20_range22_vol20_cp20,all,0.0,1.0,1.5,1.5,12,241597,241597,100.0,98599,142998,0,40.811351134327,-0.07427429473593444,0.0057279964626505645,1.091484482942098,0.8161701137903464,39.19088399276481,57.99492543367675,2.8141905735584465,2.7648439343203766,0.0077989621173176985,0.918701217766878,0.6124674785112529,-47.817618334067866,78.32051467481664,-0.0007427429473593444,595,90,15.126050420168067,26,7.6923076923076925,215717.0,-0.07638044439830838,0.805367169450038,40.529953596610376,25880.0,-0.056718951354237934,0.8867357219614753,43.156877897990725,3618.0,-0.14866478696192575,0.619624399112268,36.84355997788833
bear_body20_range22_vol20_cp20__all__slip0bps__sl1atr__tp1.5atr__h36,bear_body20_range22_vol20_cp20,all,0.0,1.0,1.5,1.5,36,241597,241597,100.0,98158,143439,0,40.62881575516252,-0.07478179596725293,0.005220292149606903,1.1064267046051193,0.818317550080573,40.519128962694076,59.290057409653265,0.19081362765266124,2.9738159000318714,0.0077989621173176985,0.918701217766878,0.6124674785112529,-49.500505949757596,78.32051467481664,-0.0007478179596725293,595,92,15.46218487394958,26,7.6923076923076925,215717.0,-0.07708832754659428,0.8071450922911833,40.34823402884334,25880.0,-0.05555621355995878,0.8912100544566827,42.96754250386399,3618.0,-0.1507841742358984,0.6250150943949702,36.78828081813156
bear_body20_range22_vol20_cp20__all__slip0bps__sl1atr__tp1.5atr__h72,bear_body20_range22_vol20_cp20,all,0.0,1.0,1.5,1.5,72,241597,241597,100.0,98133,143464,0,40.618467944552286,-0.07474761497070212,0.0052544868240275,1.1094762984021487,0.8187298041707405,40.59901406060506,59.36538947089575,0.03559646849919494,3.005385000641564,0.0077989621173176985,0.918701217766878,0.6124674785112529,-51.62394006170119,78.32051467481664,-0.0007474761497070213,595,89,14.957983193277311,26,7.6923076923076925,215717.0,-0.07708273555685961,0.8074586013968104,40.339426192650556,25880.0,-0.055283735237930426,0.8921229037047509,42.94435857805255,3618.0,-0.15062877661849003,0.6266531997807923,36.78828081813156
bear_body20_range22_vol20_cp20__all__slip0bps__sl1atr__tp2atr__h12,bear_body20_range22_vol20_cp20,all,0.0,1.0,2.0,2.0,12,251285,251285,100.0,88969,162316,0,35.4056151381897,-0.06522343733266094,0.014782475657602136,1.2358711367934434,0.8466014365361663,30.827546411445173,62.64003024454304,6.53242334401178,3.5813040969417194,0.007720264349148889,1.1914152863443979,0.5957076431721987,-47.817618334067866,104.45401956642218,-0.0006522343733266093,596,116,19.463087248322147,26,7.6923076923076925,224539.0,-0.06891309179409892,0.8332311778773199,35.17696257665706,26746.0,-0.03424791489503169,0.9348441544585642,37.3252075076647,3811.0,-0.12620585804744391,0.6804148511655163,33.45578588297035
bear_body20_range22_vol20_cp20__all__slip0bps__sl1atr__tp2atr__h36,bear_body20_range22_vol20_cp20,all,0.0,1.0,2.0,2.0,36,251285,251285,100.0,86244,165041,0,34.32118908808724,-0.06597207656421776,0.01403353685052248,1.2692762879322013,0.8507256772327463,33.884632986449645,65.4929661539686,0.6224008595817498,4.14412718626261,0.007720264349148889,1.1914152863443979,0.5957076431721987,-49.500505949757596,104.45401956642218,-0.0006597207656421776,596,118,19.798657718120804,26,3.8461538461538463,224539.0,-0.06988182207153039,0.8373099992091402,34.09118237811694,26746.0,-0.03314883770732415,0.9393050982014874,36.2521498541838,3811.0,-0.12876726619468068,0.6896842427052737,32.45867226449751
bear_body20_range22_vol20_cp20__all__slip0bps__sl1atr__tp2atr__h72,bear_body20_range22_vol20_cp20,all,0.0,1.0,2.0,2.0,72,251285,251285,100.0,85977,165308,0,34.214935232902874,-0.06582829293708227,0.014177378014123328,1.275568583936493,0.8517395572742348,34.136140239170665,65.7520345424518,0.11182521837753946,4.241713592136419,0.007720264349148889,1.1914152863443979,0.5957076431721987,-51.62394006170119,104.45401956642218,-0.0006582829293708228,596,117,19.630872483221477,26,3.8461538461538463,224539.0,-0.06980717318777879,0.8381817306458638,33.98830492698373,26746.0,-0.03242465154729932,0.9410337905654257,36.11755028789352,3811.0,-0.12915561214974405,0.6908691751901992,32.35371293623721
bear_body20_range22_vol20_cp20__all__slip0bps__sl1atr__tp3atr__h12,bear_body20_range22_vol20_cp20,all,0.0,1.0,3.0,3.0,12,255414,255414,100.0,78809,176605,0,30.855395553885067,-0.05137341443747235,0.0286380407788392,1.5156944456397106,0.8844012523917049,17.605534543916935,66.32682625071452,16.06763920536854,4.775724901532414,0.007672610943146077,1.764509705013205,0.588169901671068,-47.817618334067866,156.7210293496333,-0.0005137341443747235,596,139,23.322147651006713,26,26.923076923076923,228344.0,-0.05996381753682471,0.8612961785879512,30.623094979504607,27070.0,0.02108934896550237,1.0385937358548016,32.81492427041005,3883.0,-0.10548393695775782,0.7372093894237768,30.878186968838527
bear_body20_range22_vol20_cp20__all__slip0bps__sl1atr__tp3atr__h36,bear_body20_range22_vol20_cp20,all,0.0,1.0,3.0,3.0,36,255414,255414,100.0,68562,186852,0,26.84347764805375,-0.053982733354924047,0.026027677716162472,1.5867555997880471,0.8880233801731461,24.363582262522808,72.66242257667943,2.973995160797764,6.593961176756168,0.007672610943146077,1.764509705013205,0.588169901671068,-49.500505949757596,156.7210293496333,-0.0005398273335492405,596,132,22.14765100671141,26,26.923076923076923,228344.0,-0.06121728097426067,0.8694341324141792,26.631310654100833,27070.0,0.0070429608301447125,1.011863387021878,28.633173254525307,3883.0,-0.08933427633237981,0.7947027253167671,28.071079062580477
bear_body20_range22_vol20_cp20__all__slip0bps__sl1atr__tp3atr__h72,bear_body20_range22_vol20_cp20,all,0.0,1.0,3.0,3.0,72,255414,255414,100.0,66435,188979,0,26.010712020484387,-0.05551338037314335,0.024496418194134298,1.6058551308273898,0.8868782761134629,25.50995638453648,73.87809595401976,0.6119476614437737,7.108122499158229,0.007672610943146077,1.764509705013205,0.588169901671068,-51.62394006170119,156.7210293496333,-0.0005551338037314335,596,134,22.483221476510067,26,30.76923076923077,228344.0,-0.06297615822660275,0.8680241177649667,25.796605122096487,27070.0,0.007437507922768521,1.0122907406665194,27.81677133357961,3883.0,-0.08894327585824209,0.7991818039632521,27.401493690445534
bear_body20_range22_vol20_cp20__all__slip1bps__sl0.5atr__tp1atr__h12,bear_body20_range22_vol20_cp20,all,1.0,0.5,1.0,2.0,12,203506,203506,100.0,67990,135516,0,33.40933436851985,-0.0867537510863811,-0.006756453667848291,0.6944693640678049,0.6967372994829935,33.34889389010643,66.5572513832516,0.09385472664196633,1.3675960413943569,0.008137062310643872,0.6793105471636727,0.33965527358183634,-33.2870813971212,52.181783604850594,-0.000867537510863811,595,45,7.563025210084033,25,0.0,181792.0,-0.08777088164745075,0.6842115534644797,33.02675585284281,21714.0,-0.07823822198267101,0.7790501301960053,36.6123238463664,2853.0,-0.13047601977338383,0.5493259378408669,28.706624605678233
bear_body20_range22_vol20_cp20__all__slip1bps__sl0.5atr__tp1atr__h36,bear_body20_range22_vol20_cp20,all,1.0,0.5,1.0,2.0,36,203506,203506,100.0,67960,135546,0,33.39459278841901,-0.0867856278883832,-0.0067883432256735,0.6952200012568164,0.6968634192832915,33.391644472398845,66.60491582557762,0.0034397020235275616,1.3729718042711272,0.008137062310643872,0.6793105471636727,0.33965527358183634,-33.2870813971212,52.181783604850594,-0.000867856278883832,595,47,7.899159663865546,25,0.0,181792.0,-0.08778947025642354,0.684394490671931,33.01300387255765,21714.0,-0.07838134900053284,0.7788077755126565,36.589297227595104,2853.0,-0.13078131183119662,0.548820515487195,28.671573781983877
bear_body20_range22_vol20_cp20__all__slip1bps__sl0.5atr__tp1atr__h72,bear_body20_range22_vol20_cp20,all,1.0,0.5,1.0,2.0,72,203506,203506,100.0,67959,135547,0,33.39410140241566,-0.08678001521286847,-0.00678272830419017,0.695277920144915,0.6968958703356446,33.39311863040893,66.60589859758434,0.0009827720067221606,1.3735565536151269,0.008137062310643872,0.6793105471636727,0.33965527358183634,-33.2870813971212,52.181783604850594,-0.0008678001521286848,595,47,7.899159663865546,25,0.0,181792.0,-0.08778348171418016,0.6844314293844241,33.01245379334624,21714.0,-0.07837888312267563,0.7788147342217819,36.589297227595104,2853.0,-0.1306753006043266,0.5491862412168276,28.671573781983877
bear_body20_range22_vol20_cp20__all__slip1bps__sl0.5atr__tp1.5atr__h12,bear_body20_range22_vol20_cp20,all,1.0,0.5,1.5,3.0,12,241589,241589,100.0,64284,177305,0,26.60882738866422,-0.06632312060770222,0.01368235233323099,0.8138705868236257,0.7705898139451186,26.112943884034458,73.23553638617652,0.6515197297890218,1.8297646002094465,0.007799109186503088,0.9186298418675196,0.3062099472891732,-33.2870813971212,78.3126754072759,-0.0006632312060770222,595,81,13.61344537815126,26,7.6923076923076925,215709.0,-0.07008167718863494,0.751641165706493,26.212165463657055,25880.0,-0.03499566768975819,0.8990930281599159,29.914992272024733,3618.0,-0.13490191979054494,0.5296642229606302,22.249861802100607
bear_body20_range22_vol20_cp20__all__slip1bps__sl0.5atr__tp1.5atr__h36,bear_body20_range22_vol20_cp20,all,1.0,0.5,1.5,3.0,36,241589,241589,100.0,63900,177689,0,26.449879754459023,-0.06636258775585747,0.01364286939189926,0.8175472417164603,0.7714615390275007,26.429183447921883,73.54722276262578,0.023593789452334337,1.8693566346149866,0.007799109186503088,0.9186298418675196,0.3062099472891732,-33.2870813971212,78.3126754072759,-0.0006636258775585748,595,82,13.781512605042018,26,7.6923076923076925,215709.0,-0.07019995961694099,0.7523005869632797,26.053154944856267,25880.0,-0.034378211914186364,0.901346927041127,29.756568778979908,3618.0,-0.13438160728365817,0.5343931853578859,22.001105583195134
bear_body20_range22_vol20_cp20__all__slip1bps__sl0.5atr__tp1.5atr__h72,bear_body20_range22_vol20_cp20,all,1.0,0.5,1.5,3.0,72,241589,241589,100.0,63882,177707,0,26.44242908410565,-0.06636844265178105,0.013637012153080148,0.8180192606051181,0.7715081865222173,26.437875896667478,73.55715698976361,0.004967113568912492,1.8730736912690562,0.007799109186503088,0.9186298418675196,0.3062099472891732,-33.2870813971212,78.3126754072759,-0.0006636844265178104,595,82,13.781512605042018,26,7.6923076923076925,215709.0,-0.07018502070034864,0.7524242037512424,26.047128307117458,25880.0,-0.03455738259465364,0.9008657906317942,29.73724884080371,3618.0,-0.133866164602279,0.5361790966135904,22.001105583195134
bear_body20_range22_vol20_cp20__all__slip1bps__sl0.5atr__tp2atr__h12,bear_body20_range22_vol20_cp20,all,1.0,0.5,2.0,4.0,12,251284,251284,100.0,56144,195140,0,22.342847137103835,-0.058357391680254445,0.02165126882727647,0.947601603324354,0.804478937056437,20.487973766734054,77.30535967272091,2.206666560545041,2.3256912497413285,0.007720312471300995,1.1912997037977233,0.29782492594943083,-33.2870813971212,104.4435672097012,-0.0005835739168025445,596,96,16.10738255033557,26,7.6923076923076925,224539.0,-0.06338856537537486,0.7824190802562697,22.011320973193964,26745.0,-0.016117918495410763,0.9550277747847239,25.12619181155356,3811.0,-0.1215141067523165,0.5774087010591897,19.496195224350565
bear_body20_range22_vol20_cp20__all__slip1bps__sl0.5atr__tp2atr__h36,bear_body20_range22_vol20_cp20,all,1.0,0.5,2.0,4.0,36,251284,251284,100.0,54413,196871,0,21.653985132360198,-0.0586875872620872,0.021320941114358477,0.9582647134447096,0.8059428996693278,21.543751293357317,78.33089253593543,0.12535617070724758,2.484559303417647,0.007720312471300995,1.1912997037977233,0.29782492594943083,-33.2870813971212,104.4435672097012,-0.000586875872620872,596,96,16.10738255033557,26,7.6923076923076925,224539.0,-0.06395637144183779,0.7833573666468304,21.31656416034631,26745.0,-0.014453243237521885,0.9601775592791637,24.48681996634885,3811.0,-0.11896855538309234,0.5923723629628483,18.735240094463396
bear_body20_range22_vol20_cp20__all__slip1bps__sl0.5atr__tp2atr__h72,bear_body20_range22_vol20_cp20,all,1.0,0.5,2.0,4.0,72,251284,251284,100.0,54320,196964,0,21.61697521529425,-0.05854324235675559,0.02146534378075668,0.9598510726351891,0.8066022583321812,21.600261059199948,78.38183091641329,0.017908024386749655,2.502769774438484,0.007720312471300995,1.1912997037977233,0.29782492594943083,-33.2870813971212,104.4435672097012,-0.0005854324235675559,596,98,16.44295302013423,26,7.6923076923076925,224539.0,-0.06384328119330335,0.7839442629724038,21.2809356058413,26745.0,-0.014046498280494948,0.9613341299351471,24.438212750046738,3811.0,-0.11947163025616821,0.5913620835622204,18.65652059826817
bear_body20_range22_vol20_cp20__all__slip1bps__sl0.5atr__tp3atr__h12,bear_body20_range22_vol20_cp20,all,1.0,0.5,3.0,6.0,12,255412,255412,100.0,48074,207338,0,18.822138349020406,-0.046054080655314016,0.03395950314594438,1.2047455953830677,0.8502285504244085,11.948146524047422,80.56825834338245,7.483595132570121,3.1118467417349223,0.007672701423624212,1.7643447381856687,0.2940574563642778,-33.2870813971212,156.70535081455185,-0.00046054080655314014,596,119,19.966442953020135,26,11.538461538461538,228342.0,-0.05385866084484033,0.820530804772211,18.551120687389968,27070.0,0.019779441680733867,1.0534749230345388,21.108237901736242,3883.0,-0.10577562127634464,0.6351578990398029,17.58949266031419
bear_body20_range22_vol20_cp20__all__slip1bps__sl0.5atr__tp3atr__h36,bear_body20_range22_vol20_cp20,all,1.0,0.5,3.0,6.0,36,255412,255412,100.0,41436,213976,0,16.2232001628741,-0.04777753481118537,0.03223535933254765,1.2393375622630494,0.8504042004854391,15.244389457034124,83.71180680625812,1.0438037367077506,3.868772806289446,0.007672701423624212,1.7643447381856687,0.2940574563642778,-33.2870813971212,156.70535081455185,-0.00047777534811185374,596,121,20.302013422818792,26,15.384615384615385,228342.0,-0.054529170546163866,0.824954437272996,15.98435679813613,27070.0,0.009174146274757012,1.023785281173075,18.23790173623938,3883.0,-0.0953243197603939,0.6821239936226957,15.451970126191089
bear_body20_range22_vol20_cp20__all__slip1bps__sl0.5atr__tp3atr__h72,bear_body20_range22_vol20_cp20,all,1.0,0.5,3.0,6.0,72,255412,255412,100.0,40434,214978,0,15.83089283197344,-0.04850259973151223,0.031510004270195804,1.2465577558931578,0.8490938205645356,15.655098429204578,84.1542292452978,0.19067232549762736,4.038107058399762,0.007672701423624212,1.7643447381856687,0.2940574563642778,-33.2870813971212,156.70535081455185,-0.00048502599731512234,596,123,20.63758389261745,26,15.384615384615385,228342.0,-0.05527026745764923,0.8236975351792322,15.590649114048228,27070.0,0.008584315079036918,1.0221159953789274,17.85740672330994,3883.0,-0.09433815699896102,0.6867369605071721,15.220190574298224
bear_body20_range22_vol20_cp20__all__slip1bps__sl0.75atr__tp1atr__h12,bear_body20_range22_vol20_cp20,all,1.0,0.75,1.0,1.3333333333333333,12,203506,203506,100.0,85068,118438,0,41.801224533920376,-0.10298246239709347,-0.022991659060717744,0.8430113591247143,0.7055118856118077,41.64152408282803,58.01647125883266,0.3420046583393119,1.6312786846579461,0.008137062310643872,0.6793105471636727,0.5094829103727547,-49.885624095681784,52.181783604850594,-0.0010298246239709347,595,46,7.73109243697479,25,0.0,181792.0,-0.10218140994232754,0.6980530074119493,41.458370005280756,21714.0,-0.1096889617918069,0.7530824831790268,44.67164041632127,2853.0,-0.1571110865992785,0.5546825531775327,36.20750087627059
bear_body20_range22_vol20_cp20__all__slip1bps__sl0.75atr__tp1atr__h36,bear_body20_range22_vol20_cp20,all,1.0,0.75,1.0,1.3333333333333333,36,203506,203506,100.0,85069,118437,0,41.80171591992374,-0.10312815564284963,-0.02313741060709248,0.8464550002607099,0.7059135714625198,41.79287097186324,58.189439132015764,0.017689896120998888,1.6517252562578006,0.008137062310643872,0.6793105471636727,0.5094829103727547,-49.885624095681784,52.181783604850594,-0.0010312815564284964,595,46,7.73109243697479,25,0.0,181792.0,-0.10233700476570715,0.6984055291510642,41.45892008449217,21714.0,-0.10975175793894856,0.7537663250611347,44.67164041632127,2853.0,-0.1565132510658148,0.5615945607558592,36.31265334735366
bear_body20_range22_vol20_cp20__all__slip1bps__sl0.75atr__tp1atr__h72,bear_body20_range22_vol20_cp20,all,1.0,0.75,1.0,1.3333333333333333,72,203506,203506,100.0,85072,118434,0,41.80319007793382,-0.10317716604086272,-0.023186440617109578,0.8482866479942681,0.7058679596915441,41.801224533920376,58.19631853606282,0.0024569300168054012,1.6543934822560513,0.008137062310643872,0.6793105471636727,0.5094829103727547,-49.885624095681784,52.181783604850594,-0.0010317716604086272,595,46,7.73109243697479,25,0.0,181792.0,-0.1023640332234295,0.6984161520818315,41.461120401337794,21714.0,-0.10998480356259209,0.7533550374836465,44.66703509256701,2853.0,-0.15989201060917865,0.5558992469829585,36.31265334735366
bear_body20_range22_vol20_cp20__all__slip1bps__sl0.75atr__tp1.5atr__h12,bear_body20_range22_vol20_cp20,all,1.0,0.75,1.5,2.0,12,241589,241589,100.0,81952,159637,0,33.92207426662638,-0.08127021035611703,-0.001270718643574484,0.9571664401746333,0.7741556479974563,32.926995848320914,65.54892813828445,1.5240760133946496,2.2829350674078706,0.007799109186503088,0.9186298418675196,0.45931492093375986,-49.885624095681784,78.3126754072759,-0.0008127021035611704,595,73,12.26890756302521,26,7.6923076923076925,215709.0,-0.08356039415489447,0.7613375908852562,33.56883579266512,25880.0,-0.062181599187242635,0.8589849915461663,36.86630602782071,3618.0,-0.15407596970845677,0.5616519488755252,29.74018794914317
bear_body20_range22_vol20_cp20__all__slip1bps__sl0.75atr__tp1.5atr__h36,bear_body20_range22_vol20_cp20,all,1.0,0.75,1.5,2.0,36,241589,241589,100.0,81422,160167,0,33.70269341733274,-0.08143078495740012,-0.0014313575004003425,0.9663950714000307,0.7760363938262892,33.65136657712065,66.27495457160715,0.07367885127220196,2.3847608955705764,0.007799109186503088,0.9186298418675196,0.45931492093375986,-49.885624095681784,78.3126754072759,-0.0008143078495740012,595,79,13.277310924369749,26,7.6923076923076925,215709.0,-0.08382052792033505,0.7629989710393982,33.35141324654975,25880.0,-0.061512351232835945,0.8621583686332199,36.6306027820711,3618.0,-0.1551045686777894,0.5673099788231631,29.463792150359314
bear_body20_range22_vol20_cp20__all__slip1bps__sl0.75atr__tp1.5atr__h72,bear_body20_range22_vol20_cp20,all,1.0,0.75,1.5,2.0,72,241589,241589,100.0,81391,160198,0,33.68986170727972,-0.08152944705393446,-0.0015300590775655354,0.9685647931949486,0.775972580757312,33.67951355401115,66.30682688367435,0.013659562314509354,2.3967771711460375,0.007799109186503088,0.9186298418675196,0.45931492093375986,-49.885624095681784,78.3126754072759,-0.0008152944705393446,595,79,13.277310924369749,26,7.6923076923076925,215709.0,-0.08386666275166885,0.7630727349922316,33.342605083700725,25880.0,-0.06204882646109919,0.8611440031852965,36.584234930448225,3618.0,-0.1569684727599352,0.5654404330475569,29.4914317302377
bear_body20_range22_vol20_cp20__all__slip1bps__sl0.75atr__tp2atr__h12,bear_body20_range22_vol20_cp20,all,1.0,0.75,2.0,2.6666666666666665,12,251284,251284,100.0,72862,178422,0,28.99587717483007,-0.07283335512587912,0.007169512679192594,1.0912052310512963,0.8058420593122845,25.877493194950734,70.01838557170373,4.104121233345538,2.9445129813279,0.007720312471300995,1.1912997037977233,0.44673738892414655,-49.885624095681784,104.4435672097012,-0.0007283335512587912,596,89,14.93288590604027,26,3.8461538461538463,224539.0,-0.0763358260565192,0.7908906876251882,28.716169574105166,26745.0,-0.04342818330703455,0.9055260780607721,31.344176481585347,3811.0,-0.13598128088450423,0.6157246693012048,26.63342954605091
bear_body20_range22_vol20_cp20__all__slip1bps__sl0.75atr__tp2atr__h36,bear_body20_range22_vol20_cp20,all,1.0,0.75,2.0,2.6666666666666665,36,251284,251284,100.0,70480,180804,0,28.04794575062479,-0.07342027573331503,0.006582357209568765,1.1147311952854906,0.8090583989751576,27.79802932140526,71.88639149329046,0.31557918530427725,3.2699813756546376,0.007720312471300995,1.1912997037977233,0.44673738892414655,-49.885624095681784,104.4435672097012,-0.0007342027573331503,596,94,15.771812080536913,26,3.8461538461538463,224539.0,-0.07703640415925236,0.7940921302388168,27.76934073813458,26745.0,-0.04306088666502061,0.9087145786954891,30.38698822209759,3811.0,-0.132538781822951,0.6369385499203519,25.741275255838364
bear_body20_range22_vol20_cp20__all__slip1bps__sl0.75atr__tp2atr__h72,bear_body20_range22_vol20_cp20,all,1.0,0.75,2.0,2.6666666666666665,72,251284,251284,100.0,70291,180993,0,27.972732048200445,-0.07340038891136696,0.006602251989428845,1.1186703141770018,0.809572183885532,27.93054870186721,72.01811496155744,0.05133633657534901,3.3170556024259406,0.007720312471300995,1.1912997037977233,0.44673738892414655,-49.885624095681784,104.4435672097012,-0.0007340038891136696,596,96,16.10738255033557,26,3.8461538461538463,224539.0,-0.07703649182172138,0.7945770427835941,27.697192915261937,26745.0,-0.04287330304903466,0.9093712311722528,30.28603477285474,3811.0,-0.13588233182349516,0.6312778280981265,25.636315927578064
bear_body20_range22_vol20_cp20__all__slip1bps__sl0.75atr__tp3atr__h12,bear_body20_range22_vol20_cp20,all,1.0,0.75,3.0,4.0,12,255412,255412,100.0,63603,191809,0,24.902118929416,-0.0605879987564946,0.019419769151165833,1.348377322617068,0.8444023875362812,14.896324370037432,73.58072447653203,11.522951153430535,3.944027688597247,0.007672701423624212,1.7643447381856687,0.44108618454641724,-49.885624095681784,156.70535081455185,-0.000605879987564946,596,113,18.959731543624162,26,11.538461538461538,228342.0,-0.0677345255831323,0.8213436206468528,24.64592584807,27070.0,-0.00030531576247524,0.9993584469102907,27.063169560398965,3883.0,-0.11683962341308601,0.6732650956033537,24.568632500643833
bear_body20_range22_vol20_cp20__all__slip1bps__sl0.75atr__tp3atr__h36,bear_body20_range22_vol20_cp20,all,1.0,0.75,3.0,4.0,36,255412,255412,100.0,54956,200456,0,21.516608460056695,-0.062432059953030854,0.01757497003498314,1.402489722728093,0.8487482027423149,19.851455687281724,78.2723599517642,1.8761843609540665,5.184067310854619,0.007672701423624212,1.7643447381856687,0.44108618454641724,-49.885624095681784,156.70535081455185,-0.0006243205995303086,596,117,19.630872483221477,26,7.6923076923076925,228342.0,-0.06833966212878403,0.8298540297120942,21.29218453022221,27070.0,-0.012600006165966536,0.9751250755891601,23.4096786110085,3883.0,-0.10082486409214743,0.7340326721386633,21.890291012104043
bear_body20_range22_vol20_cp20__all__slip1bps__sl0.75atr__tp3atr__h72,bear_body20_range22_vol20_cp20,all,1.0,0.75,3.0,4.0,72,255412,255412,100.0,53352,202060,0,20.888603511189764,-0.06403654603465046,0.015969841902110354,1.4141580973479286,0.8466404183618864,20.574992561038634,79.06441357492992,0.3605938640314472,5.497243669052355,0.007672701423624212,1.7643447381856687,0.44108618454641724,-49.885624095681784,156.70535081455185,-0.0006403654603465047,596,114,19.12751677852349,26,15.384615384615385,228342.0,-0.06994764491002632,0.827825128146192,20.66680680733286,27070.0,-0.014174996740189238,0.9723612489189524,22.759512375323236,3883.0,-0.10350060310156181,0.7312766827116464,21.349472057687354
bear_body20_range22_vol20_cp20__all__slip1bps__sl1atr__tp1atr__h12,bear_body20_range22_vol20_cp20,all,1.0,1.0,1.0,1.0,12,203506,203506,100.0,98611,104895,0,48.456065177439484,-0.1116144990147102,-0.03162714987466001,0.9762599132573982,0.7185063601813383,48.1553369433825,51.050091889182625,0.7945711674348668,1.9302281013827602,0.008137062310643872,0.6793105471636727,0.6793105471636726,-47.82806176605786,52.181783604850594,-0.001116144990147102,595,54,9.07563025210084,25,0.0,181792.0,-0.11019690533193227,0.7123646536454709,48.1896893152614,21714.0,-0.12348274948811769,0.7572348983310423,50.68619323938472,2853.0,-0.17470350318639788,0.5660912852676883,42.09603925692254
bear_body20_range22_vol20_cp20__all__slip1bps__sl1atr__tp1atr__h36,bear_body20_range22_vol20_cp20,all,1.0,1.0,1.0,1.0,36,203506,203506,100.0,98774,104732,0,48.53616109598734,-0.1118445993016294,-0.031857342238524884,0.9820768655392925,0.719530328789408,48.51503149784281,51.433864357807636,0.05110414434955234,1.9845557379143612,0.008137062310643872,0.6793105471636727,0.6793105471636726,-49.51061283787883,52.181783604850594,-0.001118445993016294,595,57,9.57983193277311,25,0.0,181792.0,-0.11042783744237558,0.7133187122422293,48.26945080091533,21714.0,-0.12370588565686029,0.758617497668135,50.769089066961406,2853.0,-0.1756446449277175,0.5706530681117061,42.27129337539432
bear_body20_range22_vol20_cp20__all__slip1bps__sl1atr__tp1atr__h72,bear_body20_range22_vol20_cp20,all,1.0,1.0,1.0,1.0,72,203506,203506,100.0,98776,104730,0,48.53714386799407,-0.11199363941403463,-0.032006441990831136,0.9834537451545363,0.7193658412857526,48.534686937977256,51.45548534195552,0.009827720067221605,1.9930518019124743,0.008137062310643872,0.6793105471636727,0.6793105471636726,-51.63362230546446,52.181783604850594,-0.0011199363941403464,595,57,9.57983193277311,25,0.0,181792.0,-0.11042829746113669,0.7134436504297731,48.27220119697236,21714.0,-0.12509885468074106,0.7565489719747807,50.75527309569863,2853.0,-0.17552997817148475,0.5708258482990344,42.27129337539432
bear_body20_range22_vol20_cp20__all__slip1bps__sl1atr__tp1.5atr__h12,bear_body20_range22_vol20_cp20,all,1.0,1.0,1.5,1.5,12,241589,241589,100.0,96554,145035,0,39.966223627731395,-0.08962819386311788,-0.009632046681790586,1.093255565808063,0.7836614280736758,38.36888268919529,58.80607146848573,2.8250458423189797,2.7608541779634006,0.007799109186503088,0.9186298418675196,0.6124198945783464,-47.82806176605786,78.3126754072759,-0.0008962819386311788,595,83,13.949579831932773,26,7.6923076923076925,215709.0,-0.09184120873543015,0.7719668060191166,39.672429059520006,25880.0,-0.07118278331089146,0.8605627207047049,42.41499227202473,3618.0,-0.16566099750638033,0.5879896580211998,35.9314538419016
bear_body20_range22_vol20_cp20__all__slip1bps__sl1atr__tp1.5atr__h36,bear_body20_range22_vol20_cp20,all,1.0,1.0,1.5,1.5,36,241589,241589,100.0,96199,145390,0,39.81927985131774,-0.08988557194970974,-0.009889527760813996,1.108386253558293,0.7869370903372491,39.714142614109086,60.10124633157966,0.1846110543112476,2.9695143404707998,0.007799109186503088,0.9186298418675196,0.6124198945783464,-49.51061283787883,78.3126754072759,-0.0008988557194970974,595,83,13.949579831932773,26,7.6923076923076925,215709.0,-0.09230486699709668,0.7749040858655936,39.52918051634378,25880.0,-0.06972082251474813,0.8659890733699275,42.23724884080371,3618.0,-0.16790342441796693,0.5941717687553348,35.82089552238806
bear_body20_range22_vol20_cp20__all__slip1bps__sl1atr__tp1.5atr__h72,bear_body20_range22_vol20_cp20,all,1.0,1.0,1.5,1.5,72,241589,241589,100.0,96178,145411,0,39.81058740257214,-0.08985486461428889,-0.009858808137543822,1.1113949668289191,0.7873779792915543,39.79071894829649,60.17285555219816,0.03642549950535827,3.000600192889577,0.007799109186503088,0.9186298418675196,0.6124198945783464,-51.63362230546446,78.3126754072759,-0.000898548646142889,595,85,14.285714285714285,26,7.6923076923076925,215709.0,-0.0923066938037901,0.7752298217478051,39.52129952853149,25880.0,-0.06941894411049691,0.8670285986207951,42.22179289026275,3618.0,-0.16715343758897172,0.5969294973002907,35.82089552238806
bear_body20_range22_vol20_cp20__all__slip1bps__sl1atr__tp2atr__h12,bear_body20_range22_vol20_cp20,all,1.0,1.0,2.0,2.0,12,251284,251284,100.0,86966,164318,0,34.6086499737349,-0.08145343483270993,-0.001454016439285643,1.2365279431869873,0.812917649933844,30.117317457538086,63.374906480317094,6.507776062144824,3.5609151398417724,0.007720312471300995,1.1912997037977233,0.5956498518988617,-47.82806176605786,104.4435672097012,-0.0008145343483270994,596,97,16.2751677852349,26,3.8461538461538463,224539.0,-0.08514863650539872,0.7989073064558847,34.37353867256913,26745.0,-0.050430182322563424,0.9058760862877678,36.582538792297626,3811.0,-0.14604830511600256,0.6408749369525727,32.48491209656258
bear_body20_range22_vol20_cp20__all__slip1bps__sl1atr__tp2atr__h36,bear_body20_range22_vol20_cp20,all,1.0,1.0,2.0,2.0,36,251284,251284,100.0,84420,166864,0,33.59545374954235,-0.08183154264570616,-0.0018322755559285742,1.2701993145758042,0.8190319848097312,33.16725298865029,66.21591506025055,0.6168319510991547,4.12136467104949,0.007720312471300995,1.1912997037977233,0.5956498518988617,-49.51061283787883,104.4435672097012,-0.0008183154264570616,596,100,16.778523489932887,26,3.8461538461538463,224539.0,-0.08580368757241374,0.8049079099695191,33.357679512245085,26745.0,-0.04848319904136946,0.9128151868463162,35.591699383062256,3811.0,-0.14785559442054536,0.6537478240903513,31.409078981894517
bear_body20_range22_vol20_cp20__all__slip1bps__sl1atr__tp2atr__h72,bear_body20_range22_vol20_cp20,all,1.0,1.0,2.0,2.0,72,251284,251284,100.0,84163,167121,0,33.49317903248913,-0.08163372437137649,-0.0016343781226255902,1.2764730777864892,0.8202736151778137,33.416771461772335,66.47060696263988,0.11262157558778116,4.21885197624998,0.007720312471300995,1.1912997037977233,0.5956498518988617,-51.63362230546446,104.4435672097012,-0.0008163372437137649,596,98,16.44295302013423,26,3.8461538461538463,224539.0,-0.08569657873832028,0.8059641289581899,33.25524741804319,26745.0,-0.04752382507434241,0.9150816186260959,35.490745933819404,3811.0,-0.1479605337677881,0.6555110861888778,31.277879821569144
bear_body20_range22_vol20_cp20__all__slip1bps__sl1atr__tp3atr__h12,bear_body20_range22_vol20_cp20,all,1.0,1.0,3.0,3.0,12,255412,255412,100.0,76976,178436,0,30.137973157095203,-0.06860686979166485,0.011397689284048699,1.5148411943127147,0.849025066970296,17.175778741797565,66.96083191079511,15.863389347407326,4.723924482796423,0.007672701423624212,1.7643447381856687,0.5881149127285558,-47.82806176605786,156.70535081455185,-0.0006860686979166485,596,115,19.29530201342282,26,19.230769230769234,228342.0,-0.07718168331012278,0.8255135155443895,29.907769924061277,27070.0,0.0037237570436399066,1.0066925590474354,32.07979312892501,3883.0,-0.12532671159431835,0.6962909857817732,29.976822044810714
bear_body20_range22_vol20_cp20__all__slip1bps__sl1atr__tp3atr__h36,bear_body20_range22_vol20_cp20,all,1.0,1.0,3.0,3.0,36,255412,255412,100.0,67120,188292,0,26.27910983039168,-0.07065661770539505,0.009347121143062213,1.5860850962234827,0.8564341930928453,23.83404068720342,73.2169984182419,2.9489608945546806,6.523002051587239,0.007672701423624212,1.7643447381856687,0.5881149127285558,-49.51061283787883,156.70535081455185,-0.0007065661770539505,596,118,19.798657718120804,26,11.538461538461538,228342.0,-0.07782662814922689,0.8374966112045826,26.067477730772264,27070.0,-0.010175844718122868,0.9831461128969419,28.0642777983007,3883.0,-0.10831921040531385,0.7574998878567143,27.118207571465362
bear_body20_range22_vol20_cp20__all__slip1bps__sl1atr__tp3atr__h72,bear_body20_range22_vol20_cp20,all,1.0,1.0,3.0,3.0,72,255412,255412,100.0,65036,190376,0,25.463173226003477,-0.07209201672576342,0.007911147733329982,1.605217883612846,0.8560579144581173,24.969852630260128,74.42289320783675,0.6072541619031212,7.0333265469124395,0.007672701423624212,1.7643447381856687,0.5881149127285558,-51.63362230546446,156.70535081455185,-0.0007209201672576342,596,119,19.966442953020135,26,15.384615384615385,228342.0,-0.07948642663450704,0.836878233099538,25.247216893957308,27070.0,-0.00971837995508192,0.9842029604095472,27.284817140746213,3883.0,-0.10748253977848839,0.7631819901427306,26.47437548287407
bear_body20_range22_vol20_cp20__all__slip2bps__sl0.5atr__tp1atr__h12,bear_body20_range22_vol20_cp20,all,2.0,0.5,1.0,2.0,12,203497,203497,100.0,65900,137597,0,32.38376978530396,-0.10161758949992672,-0.021626239995925153,0.6956319235543813,0.657133109183001,32.32185241060065,67.58232308092994,0.09582450846941233,1.3666147412492566,0.008137521958865591,0.679259402992258,0.339629701496129,-33.290438643784334,52.17655847151678,-0.0010161758949992672,595,38,6.386554621848739,25,0.0,181784.0,-0.10275102933400321,0.6436320972985811,31.989614047440917,21713.0,-0.0921282869255361,0.7467281039701932,35.68369179754065,2853.0,-0.1460134754723199,0.5138415329451674,27.690150718541883
bear_body20_range22_vol20_cp20__all__slip2bps__sl0.5atr__tp1atr__h36,bear_body20_range22_vol20_cp20,all,2.0,0.5,1.0,2.0,36,203497,203497,100.0,65873,137624,0,32.370501776438964,-0.10161201101448672,-0.021620659278198028,0.6964141781720631,0.6574059872851272,32.36755333002452,67.62900681582529,0.003439854150184032,1.3722069612819845,0.008137521958865591,0.679259402992258,0.339629701496129,-33.290438643784334,52.17655847151678,-0.0010161201101448673,595,38,6.386554621848739,25,0.0,181784.0,-0.10273792606264365,0.6439432266029377,31.977511772213173,21713.0,-0.09218570690569723,0.746750289096622,35.66066411827016,2853.0,-0.14628707667272303,0.5135068470358752,27.655099894847528
bear_body20_range22_vol20_cp20__all__slip2bps__sl0.5atr__tp1atr__h72,bear_body20_range22_vol20_cp20,all,2.0,0.5,1.0,2.0,72,203497,203497,100.0,65872,137625,0,32.37001036870322,-0.10160600290414397,-0.02161464876364947,0.6964727553936233,0.6574402563024541,32.369027553231746,67.62998963129677,0.000982815471481152,1.3727917364875157,0.008137521958865591,0.679259402992258,0.339629701496129,-33.290438643784334,52.17655847151678,-0.0010160600290414397,595,38,6.386554621848739,25,0.0,181784.0,-0.10273149480870289,0.6439822722481304,31.976961668793734,21713.0,-0.09218324140742211,0.7467570622369099,35.66066411827016,2853.0,-0.1461810866459788,0.5138593280852363,27.655099894847528
bear_body20_range22_vol20_cp20__all__slip2bps__sl0.5atr__tp1.5atr__h12,bear_body20_range22_vol20_cp20,all,2.0,0.5,1.5,3.0,12,241583,241583,100.0,61859,179724,0,25.605692453525293,-0.08261761058744005,-0.0026186580506603677,0.8137569295105116,0.7242339944165979,25.123042598196065,74.23576990102781,0.6411875007761308,1.811422989200399,0.007799044346190747,0.9185533594771415,0.30618445315904774,-33.290438643784334,78.30483770727518,-0.0008261761058744005,595,69,11.596638655462185,26,7.6923076923076925,215703.0,-0.0864334135810195,0.7047320206064607,25.198536877094895,25880.0,-0.050813895242615766,0.8575870212717661,28.999227202472955,3618.0,-0.15177797174130775,0.49044899775977924,21.088999447208405
bear_body20_range22_vol20_cp20__all__slip2bps__sl0.5atr__tp1.5atr__h36,bear_body20_range22_vol20_cp20,all,2.0,0.5,1.5,3.0,36,241583,241583,100.0,61493,180090,0,25.45419172706689,-0.08262764658772707,-0.0026286980669539004,0.8174373518422837,0.7253670670966025,25.432667033690286,74.5429107180555,0.024422248254223185,1.8508007599872507,0.007799044346190747,0.9185533594771415,0.30618445315904774,-33.290438643784334,78.30483770727518,-0.0008262764658772707,595,69,11.596638655462185,26,7.6923076923076925,215703.0,-0.08649880118260446,0.7057292611217256,25.04925754393773,25880.0,-0.050362590189781876,0.8595443578229647,28.82921174652241,3618.0,-0.15147736640637574,0.4945169282449636,20.867882808181314
bear_body20_range22_vol20_cp20__all__slip2bps__sl0.5atr__tp1.5atr__h72,bear_body20_range22_vol20_cp20,all,2.0,0.5,1.5,3.0,72,241583,241583,100.0,61473,180110,0,25.445912998845117,-0.08263549054202267,-0.0026365451600867686,0.8179145484885245,0.7254217811823161,25.441773634734233,74.55325912833271,0.004967236933062343,1.8546048356051543,0.007799044346190747,0.9185533594771415,0.30618445315904774,-33.290438643784334,78.30483770727518,-0.0008263549054202267,595,69,11.596638655462185,26,7.6923076923076925,215703.0,-0.08648646462981863,0.7058563197701263,25.042303537734757,25880.0,-0.050538633368149566,0.8590996018587692,28.80989180834621,3618.0,-0.15126742333773463,0.4955675550747696,20.840243228302928
bear_body20_range22_vol20_cp20__all__slip2bps__sl0.5atr__tp2atr__h12,bear_body20_range22_vol20_cp20,all,2.0,0.5,2.0,4.0,12,251282,251282,100.0,53878,197404,0,21.441249273724342,-0.07553321713570336,0.004468570292413655,0.9462812670731242,0.7555214311429285,19.650034622456044,78.20655677684833,2.1434086006956328,2.2877364872931607,0.007720216103121868,1.1911876909046164,0.2977969227261541,-33.290438643784334,104.43311694303354,-0.0007553321713570336,596,79,13.25503355704698,26,3.8461538461538463,224537.0,-0.08052865533714311,0.7332111301355032,21.101644717797065,26745.0,-0.033594136655737385,0.9088767969053053,24.2923911011404,3811.0,-0.13584162797579952,0.5433848900621518,18.76147992652847
bear_body20_range22_vol20_cp20__all__slip2bps__sl0.5atr__tp2atr__h36,bear_body20_range22_vol20_cp20,all,2.0,0.5,2.0,4.0,36,251282,251282,100.0,52228,199054,0,20.784616486656425,-0.07572665412005038,0.00427505590231055,0.9570294066020525,0.7579717220682611,20.673983811017106,79.19866922421821,0.12734696476468668,2.4435892742018925,0.007720216103121868,1.1911876909046164,0.2977969227261541,-33.290438643784334,104.43311694303354,-0.0007572665412005038,596,80,13.422818791946309,26,3.8461538461538463,224537.0,-0.08094049524354123,0.7352238454220095,20.444737392946376,26745.0,-0.03195397719556869,0.9143881197109782,23.638063189381192,3811.0,-0.13234177322368498,0.561217790916361,18.079244292836528
bear_body20_range22_vol20_cp20__all__slip2bps__sl0.5atr__tp2atr__h72,bear_body20_range22_vol20_cp20,all,2.0,0.5,2.0,4.0,72,251282,251282,100.0,52135,199147,0,20.74760627502169,-0.07557469751145586,0.004427073317871387,0.9586400468057205,0.7586833039476892,20.730891985896324,79.25119984718364,0.017908166920034066,2.4621500943163457,0.007720216103121868,1.1911876909046164,0.2977969227261541,-33.290438643784334,104.43311694303354,-0.0007557469751145586,596,80,13.422818791946309,26,3.8461538461538463,224537.0,-0.08082678112739065,0.73584639606932,20.408217799293656,26745.0,-0.031480956667515984,0.9157271745139082,23.596934006356328,3811.0,-0.13282629791395062,0.5603654001113123,18.0005247966413
bear_body20_range22_vol20_cp20__all__slip2bps__sl0.5atr__tp3atr__h12,bear_body20_range22_vol20_cp20,all,2.0,0.5,3.0,6.0,12,255411,255411,100.0,46047,209364,0,18.028589215029893,-0.06410371315123153,0.01590264790793162,1.202054555331839,0.7983378247739894,11.435294486141943,81.3457525321932,7.218952981664846,3.0385065639302926,0.007672666448320144,1.7641740716337977,0.29402901193896597,-33.290438643784334,156.6896754145504,-0.0006410371315123154,596,94,15.771812080536913,26,11.538461538461538,228342.0,-0.07190032490245771,0.7684362247838734,17.7505671317585,27069.0,0.0016650230598765298,1.004380350577691,20.373859396357457,3883.0,-0.1242453943558821,0.5865263235235364,16.71388101983003
bear_body20_range22_vol20_cp20__all__slip2bps__sl0.5atr__tp3atr__h36,bear_body20_range22_vol20_cp20,all,2.0,0.5,3.0,6.0,36,255411,255411,100.0,39748,215663,0,15.562368104740987,-0.06539668339379845,0.014609160270309661,1.236773416193311,0.8016286185951166,14.603129857367145,84.36833182595895,1.02853831667391,3.771900975290806,0.007672666448320144,1.7641740716337977,0.29402901193896597,-33.290438643784334,156.6896754145504,-0.0006539668339379845,596,95,15.939597315436242,26,7.6923076923076925,228342.0,-0.07207016334199857,0.7760505518223254,15.318688633716093,27069.0,-0.00910218569045105,0.977009841278761,17.61793934020466,3883.0,-0.1127207044696739,0.6368126679825127,14.627865052794231
bear_body20_range22_vol20_cp20__all__slip2bps__sl0.5atr__tp3atr__h72,bear_body20_range22_vol20_cp20,all,2.0,0.5,3.0,6.0,72,255411,255411,100.0,38759,216652,0,15.175149073454158,-0.066062405113171,0.01394317215569127,1.2441257219492217,0.800852733879722,15.003660766372631,84.80879836812039,0.1875408655069672,3.938471718132735,0.007672666448320144,1.7641740716337977,0.29402901193896597,-33.290438643784334,156.6896754145504,-0.00066062405113171,596,97,16.2751677852349,26,7.6923076923076925,228342.0,-0.07274898129802532,0.7753444239068104,14.930236224610452,27069.0,-0.009657433403761424,0.9757584327566161,17.24112453359932,3883.0,-0.11198594078839684,0.6408017554543254,14.344578933814061
bear_body20_range22_vol20_cp20__all__slip2bps__sl0.75atr__tp1atr__h12,bear_body20_range22_vol20_cp20,all,2.0,0.75,1.0,1.3333333333333333,12,203497,203497,100.0,83226,120271,0,40.89790021474518,-0.11717924183738329,-0.03719411948517734,0.8452866951681959,0.6743931386916935,40.74114114704393,58.91339921473043,0.345459638225625,1.6334835402978913,0.008137521958865591,0.679259402992258,0.5094445522441935,-49.88566196567648,52.17655847151678,-0.001171792418373833,595,43,7.226890756302522,25,0.0,181784.0,-0.11641718422461184,0.6660691431573313,40.55197377106896,21713.0,-0.12355928517916173,0.7278971047910924,43.794040436604796,2853.0,-0.17078492488272637,0.5295328388729286,35.40133193130038
bear_body20_range22_vol20_cp20__all__slip2bps__sl0.75atr__tp1atr__h36,bear_body20_range22_vol20_cp20,all,2.0,0.75,1.0,1.3333333333333333,36,203497,203497,100.0,83244,120253,0,40.90674555398851,-0.11726317189360594,-0.037278083126856765,0.8487538521358786,0.67502334419242,40.89790021474518,59.0849005145039,0.017199270750920162,1.6542602593650029,0.008137521958865591,0.679259402992258,0.5094445522441935,-49.88566196567648,52.17655847151678,-0.0011726317189360595,595,46,7.73109243697479,25,0.0,181784.0,-0.11651814890810719,0.6666398953501219,40.56077542578005,21713.0,-0.12350059916740128,0.7288791312545132,43.80325150831299,2853.0,-0.17003398621466467,0.5368520104765633,35.50648440238346
bear_body20_range22_vol20_cp20__all__slip2bps__sl0.75atr__tp1atr__h72,bear_body20_range22_vol20_cp20,all,2.0,0.75,1.0,1.3333333333333333,72,203497,203497,100.0,83247,120250,0,40.90821977719573,-0.11730708728922704,-0.03732201609566539,0.8505782876118234,0.6749990215124212,40.90625414625277,59.09128881506853,0.0024570386787028803,1.6568696344417855,0.008137521958865591,0.679259402992258,0.5094445522441935,-49.88566196567648,52.17655847151678,-0.0011730708728922704,595,46,7.73109243697479,25,0.0,181784.0,-0.11653964302512228,0.6666709160314149,40.56297583945781,21713.0,-0.12373222836167376,0.728490511175672,43.79864597245889,2853.0,-0.17340856779453015,0.5315210247851475,35.50648440238346
bear_body20_range22_vol20_cp20__all__slip2bps__sl0.75atr__tp1.5atr__h12,bear_body20_range22_vol20_cp20,all,2.0,0.75,1.5,2.0,12,241583,241583,100.0,79807,161776,0,33.0350231597422,-0.09656383188464249,-0.016570460068669923,0.9583742282522655,0.739090008421508,32.07593249525008,66.41816684120985,1.505900663540067,2.2698906793938316,0.007799044346190747,0.9185533594771415,0.4592766797385707,-49.88566196567648,78.30483770727518,-0.0009656383188464248,595,64,10.756302521008404,26,3.8461538461538463,215703.0,-0.09884570132531587,0.7257273864244197,32.6852199552162,25880.0,-0.07754504966047039,0.8280786629292689,35.95054095826893,3618.0,-0.17038185505620354,0.529901155006716,28.634604754007736
bear_body20_range22_vol20_cp20__all__slip2bps__sl0.75atr__tp1.5atr__h36,bear_body20_range22_vol20_cp20,all,2.0,0.75,1.5,2.0,36,241583,241583,100.0,79340,162243,0,32.84171485576386,-0.09670430839723874,-0.016710992794356533,0.9676168596034783,0.7413280914185226,32.78831705873343,67.13551864162626,0.07616429964028926,2.3714955108596216,0.007799044346190747,0.9185533594771415,0.4592766797385707,-49.88566196567648,78.30483770727518,-0.0009670430839723874,595,73,12.26890756302521,26,3.8461538461538463,215703.0,-0.09907858487605557,0.7277685647592269,32.493289384014126,25880.0,-0.07691533779019835,0.8314585714037659,35.745749613601234,3618.0,-0.17133645813453544,0.5363003101780417,28.35820895522388
bear_body20_range22_vol20_cp20__all__slip2bps__sl0.75atr__tp1.5atr__h72,bear_body20_range22_vol20_cp20,all,2.0,0.75,1.5,2.0,72,241583,241583,100.0,79306,162277,0,32.827641017786846,-0.09679958477055456,-0.01680630729347199,0.9697956741493606,0.7413107805627325,32.81770654392072,67.16863355451336,0.013659901565921444,2.3839632755616083,0.007799044346190747,0.9185533594771415,0.4592766797385707,-49.88566196567648,78.30483770727518,-0.0009679958477055457,595,69,11.596638655462185,26,3.8461538461538463,215703.0,-0.09912093830830554,0.7278842696453317,32.483090174916434,25880.0,-0.07745171297173387,0.8305125349513534,35.69938176197836,3618.0,-0.17381523999567747,0.5334188555109683,28.35820895522388
bear_body20_range22_vol20_cp20__all__slip2bps__sl0.75atr__tp2atr__h12,bear_body20_range22_vol20_cp20,all,2.0,0.75,2.0,2.6666666666666665,12,251282,251282,100.0,70798,180484,0,28.174720035657153,-0.08909279531187021,-0.009096433885424384,1.0911960587654557,0.7688183987736218,25.133515333370475,70.81207567593381,4.054408990695713,2.914725288719447,0.007720216103121868,1.1911876909046164,0.4466953840892311,-49.88566196567648,104.43311694303354,-0.0008909279531187021,596,79,13.25503355704698,26,3.8461538461538463,224537.0,-0.09255735775833762,0.753395033572632,27.895625219896942,26745.0,-0.06000614517006945,0.8722691513807703,30.51785380444943,3811.0,-0.15114735867179066,0.5848574341210488,25.819994752033587
bear_body20_range22_vol20_cp20__all__slip2bps__sl0.75atr__tp2atr__h36,bear_body20_range22_vol20_cp20,all,2.0,0.75,2.0,2.6666666666666665,36,251282,251282,100.0,68534,182748,0,27.273740259946994,-0.08957672590022996,-0.00958055812347937,1.1148600543030054,0.7731220597913981,27.027005515715413,72.65820870575688,0.3147857785277099,3.238103007776124,0.007720216103121868,1.1911876909046164,0.4466953840892311,-49.88566196567648,104.43311694303354,-0.0008957672590022995,596,85,14.261744966442953,26,3.8461538461538463,224537.0,-0.09313976643403647,0.7577229240150997,27.00134053630359,26745.0,-0.05966330536034192,0.8762274683094068,29.560665544961672,3811.0,-0.14705727215637457,0.6080988778552012,24.90160062975597
bear_body20_range22_vol20_cp20__all__slip2bps__sl0.75atr__tp2atr__h72,bear_body20_range22_vol20_cp20,all,2.0,0.75,2.0,2.6666666666666665,72,251282,251282,100.0,68358,182924,0,27.203699429326416,-0.08951525568620615,-0.009519063311530858,1.1188223519532863,0.7738088402650538,27.161117787983223,72.7879434261109,0.05093878590587467,3.2850860785889955,0.007720216103121868,1.1911876909046164,0.4466953840892311,-49.88566196567648,104.43311694303354,-0.0008951525568620615,596,86,14.429530201342283,26,3.8461538461538463,224537.0,-0.09310840693975574,0.7583597167522989,26.933645679776607,26745.0,-0.05934904132770027,0.8772090435862491,29.4709291456347,3811.0,-0.15026268326358347,0.6031746993618325,24.822881133560745
bear_body20_range22_vol20_cp20__all__slip2bps__sl0.75atr__tp3atr__h12,bear_body20_range22_vol20_cp20,all,2.0,0.75,3.0,4.0,12,255411,255411,100.0,61698,193713,0,24.15635974958009,-0.07790493123555951,0.0020959071272914896,1.3467599888581832,0.8050095796110657,14.431250024470362,74.27244715380309,11.29630282172655,3.882440458711645,0.007672666448320144,1.7641740716337977,0.4410435179084494,-49.88566196567648,156.6896754145504,-0.0007790493123555951,596,99,16.610738255033556,26,3.8461538461538463,228342.0,-0.08506606081314098,0.781492458247506,23.900990619334156,27069.0,-0.017496838952721916,0.9639837480078722,26.310539731796517,3883.0,-0.13693883200871976,0.6282962581531828,23.590007725985064
bear_body20_range22_vol20_cp20__all__slip2bps__sl0.75atr__tp3atr__h36,bear_body20_range22_vol20_cp20,all,2.0,0.75,3.0,4.0,36,255411,255411,100.0,53418,201993,0,20.914525999271763,-0.07928529394752071,0.0007149920492991323,1.4011280251291676,0.8125336105869247,19.272858255909103,78.8709178539687,1.8562238901221952,5.100261930770405,0.007672666448320144,1.7641740716337977,0.4410435179084494,-49.88566196567648,156.6896754145504,-0.0007928529394752071,596,99,16.610738255033556,26,7.6923076923076925,228342.0,-0.08515963265192328,0.7932141119188052,20.689579665589335,27069.0,-0.029731995028435532,0.9424481318267157,22.81207285086261,3883.0,-0.1195198408728845,0.6934933370360888,20.937419520988925
bear_body20_range22_vol20_cp20__all__slip2bps__sl0.75atr__tp3atr__h72,bear_body20_range22_vol20_cp20,all,2.0,0.75,3.0,4.0,72,255411,255411,100.0,51856,203555,0,20.302962675844032,-0.08078895829771617,-0.0007892740073189967,1.412932790207539,0.8111210849111299,19.99013354945558,79.6492711746949,0.3605952758495131,5.410992478789089,0.007672666448320144,1.7641740716337977,0.4410435179084494,-49.88566196567648,156.6896754145504,-0.0008078895829771617,596,98,16.44295302013423,26,7.6923076923076925,228342.0,-0.08669211836438806,0.7918293232285197,20.079967767646774,27069.0,-0.030992535232807285,0.9407289217553862,22.18404817318704,3883.0,-0.12246058265655736,0.6909586861890146,20.37084728302859
bear_body20_range22_vol20_cp20__all__slip2bps__sl1atr__tp1atr__h12,bear_body20_range22_vol20_cp20,all,2.0,1.0,1.0,1.0,12,203497,203497,100.0,96782,106715,0,47.55942348044443,-0.12620943133270107,-0.046227922501701685,0.9792878803151028,0.6899957013485548,47.26556165447157,51.93786640589296,0.7965719396354737,1.936308643370664,0.008137521958865591,0.679259402992258,0.6792594029922581,-47.8385031097791,52.17655847151678,-0.0012620943133270107,595,49,8.235294117647058,25,0.0,181784.0,-0.12487665703999032,0.6828960449258502,47.282489107952294,21713.0,-0.1373675873694581,0.7351295172430257,49.87795329986644,2853.0,-0.19128381655667634,0.5387428432190814,41.1496670171749
bear_body20_range22_vol20_cp20__all__slip2bps__sl1atr__tp1atr__h36,bear_body20_range22_vol20_cp20,all,2.0,1.0,1.0,1.0,36,203497,203497,100.0,96967,106530,0,47.65033391155644,-0.1263783085813561,-0.04639686732828745,0.9851473204689241,0.6912906312388862,47.62920337891959,52.31969021656339,0.05110640451701991,1.9905502292417088,0.008137521958865591,0.679259402992258,0.6792594029922581,-49.52071770502664,52.17655847151678,-0.001263783085813561,595,50,8.403361344537815,25,0.0,181784.0,-0.12508179819684112,0.6840435142803579,47.36885534480482,21713.0,-0.13723285856241138,0.7372750898007452,50.00690830378115,2853.0,-0.1918758201330821,0.5441241384461916,41.32492113564668
bear_body20_range22_vol20_cp20__all__slip2bps__sl1atr__tp1atr__h72,bear_body20_range22_vol20_cp20,all,2.0,1.0,1.0,1.0,72,203497,203497,100.0,96970,106527,0,47.651808134763655,-0.12652370375031172,-0.04654232067858321,0.9865192054878202,0.6911571611266162,47.64935109608495,52.34180356467172,0.008845339243330369,1.9985896597984245,0.008137521958865591,0.679259402992258,0.6792594029922581,-51.643302613166206,52.17655847151678,-0.0012652370375031172,595,51,8.571428571428571,25,0.0,181784.0,-0.1250789188671702,0.6841831662911648,47.37215596532148,21713.0,-0.1386196267087692,0.735311783142952,49.993091696218855,2853.0,-0.19175767402876334,0.5442901112678961,41.32492113564668
bear_body20_range22_vol20_cp20__all__slip2bps__sl1atr__tp1.5atr__h12,bear_body20_range22_vol20_cp20,all,2.0,1.0,1.5,1.5,12,241583,241583,100.0,94370,147213,0,39.06317911442444,-0.10565415572532277,-0.025664421493920276,1.0949612306091072,0.7514238740074329,37.512573318486815,59.678868132277515,2.8085585492356664,2.7519072120140904,0.007799044346190747,0.9185533594771415,0.6123689063180952,-47.8385031097791,78.30483770727518,-0.0010565415572532278,595,74,12.436974789915967,26,3.8461538461538463,215703.0,-0.10798467282090295,0.7389028897208135,38.757921772066226,25880.0,-0.08622990807973002,0.8343414207903167,41.607418856259656,3618.0,-0.18213418255276018,0.5592395698975218,34.9640685461581
bear_body20_range22_vol20_cp20__all__slip2bps__sl1atr__tp1.5atr__h36,bear_body20_range22_vol20_cp20,all,2.0,1.0,1.5,1.5,36,241583,241583,100.0,94100,147483,0,38.95141628343054,-0.10583672769259694,-0.025847066519204764,1.110124906172963,0.7553542766172747,38.847104307836226,60.968280052818294,0.18461563934548375,2.9594466498056566,0.007799044346190747,0.9185533594771415,0.6123689063180952,-49.52071770502664,78.30483770727518,-0.0010583672769259695,595,74,12.436974789915967,26,3.8461538461538463,215703.0,-0.10836729267447506,0.7425239562209675,38.64851207447277,25880.0,-0.0847451334775264,0.8402156790122544,41.476043276661514,3618.0,-0.18378757675219495,0.5670843906637767,34.90878938640133
bear_body20_range22_vol20_cp20__all__slip2bps__sl1atr__tp1.5atr__h72,bear_body20_range22_vol20_cp20,all,2.0,1.0,1.5,1.5,72,241583,241583,100.0,94076,147507,0,38.941481809564415,-0.10581993466447216,-0.025830266771180735,1.1131332622679213,0.7558108017658938,38.92285467106543,61.04071892475878,0.03642640417579051,2.99008622295443,0.007799044346190747,0.9185533594771415,0.6123689063180952,-51.643302613166206,78.30483770727518,-0.0010581993466447217,595,74,12.436974789915967,26,3.8461538461538463,215703.0,-0.10838017654587742,0.7428671080154443,38.63831286537508,25880.0,-0.08448099128948218,0.8412551070606444,41.46831530139104,3618.0,-0.1834789873965142,0.5691782268436562,34.88114980652294
bear_body20_range22_vol20_cp20__all__slip2bps__sl1atr__tp2atr__h12,bear_body20_range22_vol20_cp20,all,2.0,1.0,2.0,2.0,12,251282,251282,100.0,84837,166445,0,33.76167015544289,-0.09852600166777921,-0.018533415033792654,1.2368739226687062,0.7791086417767713,29.36621007473675,64.16814574860116,6.465644176662076,3.5349368438646622,0.007720216103121868,1.1911876909046164,0.5955938454523081,-47.8385031097791,104.43311694303354,-0.0009852600166777921,596,85,14.261744966442953,26,3.8461538461538463,224537.0,-0.10226568260101747,0.7644320381926442,33.51919728151708,26745.0,-0.06712960093094851,0.8770666851382678,35.79734529818658,3811.0,-0.16218847110644258,0.6113620627188291,31.671477302545263
bear_body20_range22_vol20_cp20__all__slip2bps__sl1atr__tp2atr__h36,bear_body20_range22_vol20_cp20,all,2.0,1.0,2.0,2.0,36,251282,251282,100.0,82451,168831,0,32.81213934941619,-0.09869652820634488,-0.01870400981026892,1.2707160400124982,0.7867871406902233,32.3891086508385,66.99684020343678,0.6140511457247236,4.093042876131199,0.007720216103121868,1.1911876909046164,0.5955938454523081,-49.52071770502664,104.43311694303354,-0.0009869652820634488,596,88,14.76510067114094,26,3.8461538461538463,224537.0,-0.1027161304049781,0.772022480259769,32.57102392924106,26745.0,-0.06495005526282183,0.8853617940077843,34.8364180220602,3811.0,-0.16266165208145977,0.6278815788226451,30.67436368407242
bear_body20_range22_vol20_cp20__all__slip2bps__sl1atr__tp2atr__h72,bear_body20_range22_vol20_cp20,all,2.0,1.0,2.0,2.0,72,251282,251282,100.0,82193,169089,0,32.70946585907467,-0.09851702953514582,-0.018524439310870115,1.2770057602776737,0.7881105338710169,32.635445435805195,67.2535239292906,0.1110306349042112,4.189965855095073,0.007720216103121868,1.1911876909046164,0.5955938454523081,-51.643302613166206,104.43311694303354,-0.0009851702953514582,596,88,14.76510067114094,26,3.8461538461538463,224537.0,-0.10263159021592304,0.7731509100553021,32.46680947906136,26745.0,-0.06397333495374018,0.8877823268789442,34.74668162273322,3811.0,-0.16266893779865332,0.6299703646707646,30.543164523747045
bear_body20_range22_vol20_cp20__all__slip2bps__sl1atr__tp3atr__h12,bear_body20_range22_vol20_cp20,all,2.0,1.0,3.0,3.0,12,255411,255411,100.0,74950,180461,0,29.34485985333443,-0.08691642455781452,-0.006919192234708416,1.5134217174209827,0.8130540558574919,16.71071332088281,67.67210496024056,15.617181718876635,4.665742665742666,0.007672666448320144,1.7641740716337977,0.588058023877932,-47.8385031097791,156.6896754145504,-0.0008691642455781452,596,96,16.10738255033557,26,7.6923076923076925,228342.0,-0.0956425460879153,0.7888244016721577,29.106340489266103,27069.0,-0.013306758798966214,0.9765042399154537,31.356902730060217,3883.0,-0.14616080761948053,0.6552804268612201,29.04970383723925
bear_body20_range22_vol20_cp20__all__slip2bps__sl1atr__tp3atr__h36,bear_body20_range22_vol20_cp20,all,2.0,1.0,3.0,3.0,36,255411,255411,100.0,65536,189875,0,25.659035828527355,-0.08821173467964086,-0.00821502068791596,1.584844692607314,0.8244760947867688,23.25232664215715,73.82610772441281,2.92156563343004,6.440924627365305,0.007672666448320144,1.7641740716337977,0.588058023877932,-49.52071770502664,156.6896754145504,-0.0008821173467964086,596,106,17.78523489932886,26,11.538461538461538,228342.0,-0.09549583001869767,0.8048637193667463,25.441662068301056,27069.0,-0.02676635812672328,0.9563897280263524,27.492703830950532,3883.0,-0.12621878090059635,0.7240302375924307,26.319855781612155
bear_body20_range22_vol20_cp20__all__slip2bps__sl1atr__tp3atr__h72,bear_body20_range22_vol20_cp20,all,2.0,1.0,3.0,3.0,72,255411,255411,100.0,63487,191924,0,24.85679943307062,-0.08955088580723385,-0.00955470769030992,1.6042011801285503,0.8248600186066166,24.37130742215488,75.02613434816826,0.6025582296768738,6.947093116584642,0.007672666448320144,1.7641740716337977,0.588058023877932,-51.643302613166206,156.6896754145504,-0.0008955088580723385,596,102,17.114093959731544,26,11.538461538461538,228342.0,-0.09707820121208299,0.8049873988655046,24.632349721032487,27069.0,-0.026053813356309075,0.958329733798542,26.750157006169417,3883.0,-0.1257490739765459,0.729424992195956,25.624517125933554
bear_body20_range22_vol20_cp20__long_counter_trend__slip0bps__sl0.5atr__tp1atr__h12,bear_body20_range22_vol20_cp20,long_counter_trend,0.0,0.5,1.0,2.0,12,154684,154684,100.0,53321,101363,0,34.47092136226112,-0.06892390006556136,0.01108053214729755,0.6840397193737361,0.7415204519804891,34.43019316800704,65.50580538387939,0.06400144811357349,1.3115965452147604,0.008579015305033242,0.6543961570347248,0.32719807851736243,-18.028383536374466,52.18700978321109,-0.0006892390006556136,595,67,11.260504201680673,25,4.0,138068.0,-0.07028545269731168,0.729962831030374,33.980357504997535,16616.0,-0.05761029578291192,0.819735083577671,38.54718343765045,1863.0,-0.0790102606449009,0.6666958246548825,32.15244229736983
bear_body20_range22_vol20_cp20__long_counter_trend__slip0bps__sl0.5atr__tp1atr__h36,bear_body20_range22_vol20_cp20,long_counter_trend,0.0,0.5,1.0,2.0,36,154684,154684,100.0,53304,101380,0,34.45993121460526,-0.06892972801440157,0.011074701866344927,0.6846308600334692,0.7416240061200585,34.45863825605751,65.54006878539475,0.0012929585477489591,1.315178040392025,0.008579015305033242,0.6543961570347248,0.32719807851736243,-18.028383536374466,52.18700978321109,-0.0006892972801440157,595,67,11.260504201680673,25,4.0,138068.0,-0.07028833958483842,0.7300918260410088,33.96949329315989,16616.0,-0.05764056201132796,0.8196868547382931,38.53514684641309,1863.0,-0.07924112511074095,0.6659145764757101,32.098765432098766
bear_body20_range22_vol20_cp20__long_counter_trend__slip0bps__sl0.5atr__tp1atr__h72,bear_body20_range22_vol20_cp20,long_counter_trend,0.0,0.5,1.0,2.0,72,154684,154684,100.0,53304,101380,0,34.45993121460526,-0.0689115305831072,0.011092906579524584,0.6846825957409227,0.7416922173190896,34.45993121460526,65.54006878539475,0.0,1.3152362235266737,0.008579015305033242,0.6543961570347248,0.32719807851736243,-18.028383536374466,52.18700978321109,-0.000689115305831072,595,67,11.260504201680673,25,4.0,138068.0,-0.07026795215645285,0.7301701140415472,33.96949329315989,16616.0,-0.05764056201132796,0.8196868547382931,38.53514684641309,1863.0,-0.07924112511074095,0.6659145764757101,32.098765432098766
bear_body20_range22_vol20_cp20__long_counter_trend__slip0bps__sl0.5atr__tp1.5atr__h12,bear_body20_range22_vol20_cp20,long_counter_trend,0.0,0.5,1.5,3.0,12,184366,184366,100.0,51238,133128,0,27.79145829491338,-0.04400072465935007,0.03601368081297511,0.8189867123262388,0.8365300785051141,27.399303559224585,72.0989770348112,0.5017194059642233,1.7551283859279911,0.008090331736181533,0.8851522291393851,0.29505074304646195,-18.028383536374466,78.32051467481664,-0.00044000724659350074,595,108,18.15126050420168,26,19.230769230769234,164389.0,-0.048901197763215144,0.8148997512066404,27.24878185280037,19977.0,-0.003675156602520887,0.9881501088853809,32.257095660009014,2441.0,-0.08888160314481124,0.6320147606582079,24.8258910282671
bear_body20_range22_vol20_cp20__long_counter_trend__slip0bps__sl0.5atr__tp1.5atr__h36,bear_body20_range22_vol20_cp20,long_counter_trend,0.0,0.5,1.5,3.0,36,184366,184366,100.0,50991,133375,0,27.657485653536984,-0.04416255996577422,0.03585178074652428,0.8214305244195643,0.8364753358530377,27.646095267023203,72.34034474903181,0.01355998394497901,1.7847813588188712,0.008090331736181533,0.8851522291393851,0.29505074304646195,-18.028383536374466,78.32051467481664,-0.0004416255996577422,595,105,17.647058823529413,26,19.230769230769234,164389.0,-0.04912807811015226,0.8146580172768914,27.11251969414012,19977.0,-0.0033017419132065364,0.9893905243639889,32.14196325774641,2441.0,-0.08649043263524309,0.6420352047753185,24.8258910282671
bear_body20_range22_vol20_cp20__long_counter_trend__slip0bps__sl0.5atr__tp1.5atr__h72,bear_body20_range22_vol20_cp20,long_counter_trend,0.0,0.5,1.5,3.0,72,184366,184366,100.0,50984,133382,0,27.653688858032393,-0.04416311133919919,0.035851229152461694,0.8215475441151787,0.8364903964106306,27.650976861243397,72.3457687426098,0.0032543961467949626,1.786766540468416,0.008090331736181533,0.8851522291393851,0.29505074304646195,-18.028383536374466,78.32051467481664,-0.00044163111339199187,595,105,17.647058823529413,26,19.230769230769234,164389.0,-0.049119987089118106,0.814704788866565,27.109478128098598,19977.0,-0.0033734108009099055,0.9891626490800272,32.13195174450618,2441.0,-0.08629199382309109,0.6428564991843335,24.8258910282671
bear_body20_range22_vol20_cp20__long_counter_trend__slip0bps__sl0.5atr__tp2atr__h12,bear_body20_range22_vol20_cp20,long_counter_trend,0.0,0.5,2.0,4.0,12,191755,191755,100.0,44815,146940,0,23.37096816249902,-0.034097147781728,0.045921220706554564,0.966435800106087,0.8777381586825718,21.69330656306224,76.35263748011786,1.9540559568199005,2.260832833563662,0.008001463650509612,1.148434870106268,0.287108717526567,-18.028383536374466,104.45401956642218,-0.00034097147781728,596,140,23.48993288590604,26,23.076923076923077,171109.0,-0.04070487895884099,0.8513003372074731,22.904113752052783,20646.0,0.020666112606948565,1.0642709909799624,27.24014336917563,2579.0,-0.0779280817891261,0.6813145924153327,21.636293136874755
bear_body20_range22_vol20_cp20__long_counter_trend__slip0bps__sl0.5atr__tp2atr__h36,bear_body20_range22_vol20_cp20,long_counter_trend,0.0,0.5,2.0,4.0,36,191755,191755,100.0,43614,148141,0,22.744648118693124,-0.034594753649866965,0.04542341571641957,0.974592701352835,0.8773327802656521,22.650256838152853,77.24335740919402,0.10638575265312508,2.398221689134573,0.008001463650509612,1.148434870106268,0.287108717526567,-18.028383536374466,104.45401956642218,-0.00034594753649866964,596,142,23.825503355704697,26,23.076923076923077,171109.0,-0.041449414703027036,0.8502868879856015,22.271768288050307,20646.0,0.022215001176499775,1.0683949992921258,26.663760534728276,2579.0,-0.0736683557547347,0.7014197868387484,21.1709965102753
bear_body20_range22_vol20_cp20__long_counter_trend__slip0bps__sl0.5atr__tp2atr__h72,bear_body20_range22_vol20_cp20,long_counter_trend,0.0,0.5,2.0,4.0,72,191755,191755,100.0,43551,148204,0,22.71179369507966,-0.034462208830038824,0.04555601357539132,0.9757490247160792,0.8778872466703943,22.698234726604262,77.28716330734531,0.014601966050428933,2.413100049542385,0.008001463650509612,1.148434870106268,0.287108717526567,-18.028383536374466,104.45401956642218,-0.00034462208830038826,596,141,23.657718120805367,26,23.076923076923077,171109.0,-0.0413705767122395,0.8506785839019627,22.238456188745186,20646.0,0.022792655063958753,1.070136979766609,26.634699215344376,2579.0,-0.07513788123765944,0.696376187273519,21.054672353625435
bear_body20_range22_vol20_cp20__long_counter_trend__slip0bps__sl0.5atr__tp3atr__h12,bear_body20_range22_vol20_cp20,long_counter_trend,0.0,0.5,3.0,6.0,12,194871,194871,100.0,38361,156510,0,19.685330295426205,-0.01821167473227891,0.0618130504879162,1.2590899734988483,0.9368129978504719,12.773065258555661,79.82203611619994,7.4048986252443925,3.105957274299408,0.00794414062066948,1.7013124679324154,0.28355207798873633,-18.028383536374466,156.7210293496333,-0.00018211674732278912,596,195,32.718120805369125,26,26.923076923076923,174000.0,-0.028556640149214517,0.8990366736522181,19.287931034482757,20871.0,0.06803354507255983,1.2042766489777537,22.998418858703467,2635.0,-0.058438236820374884,0.7631942139597728,19.772296015180267
bear_body20_range22_vol20_cp20__long_counter_trend__slip0bps__sl0.5atr__tp3atr__h36,bear_body20_range22_vol20_cp20,long_counter_trend,0.0,0.5,3.0,6.0,36,194871,194871,100.0,33352,161519,0,17.11491191608808,-0.020315114526824964,0.05970876898076738,1.2876272886447286,0.9320077713275138,16.13477633921928,82.8235088853652,1.0417147754155314,3.8565050725864802,0.00794414062066948,1.7013124679324154,0.28355207798873633,-18.028383536374466,156.7210293496333,-0.00020315114526824965,596,187,31.3758389261745,26,26.923076923076923,174000.0,-0.02991222783698656,0.8979380694480301,16.74712643678161,20871.0,0.05969531697948137,1.172349655171993,20.18111254851229,2635.0,-0.03549201806106892,0.8596368642619083,17.988614800759013
bear_body20_range22_vol20_cp20__long_counter_trend__slip0bps__sl0.5atr__tp3atr__h72,bear_body20_range22_vol20_cp20,long_counter_trend,0.0,0.5,3.0,6.0,72,194871,194871,100.0,32579,162292,0,16.718239245449553,-0.02129838804762432,0.058725101993172976,1.2937479837360857,0.929163131386778,16.54427800955504,83.26841859486532,0.18730339557963988,4.0247240482165125,0.00794414062066948,1.7013124679324154,0.28355207798873633,-18.028383536374466,156.7210293496333,-0.0002129838804762432,596,190,31.879194630872483,26,26.923076923076923,174000.0,-0.03108783812533417,0.8946103980132136,16.341954022988507,20871.0,0.06031554101765859,1.1732764556006738,19.855301614680656,2635.0,-0.03430103120247223,0.8651906845564087,17.722960151802656
bear_body20_range22_vol20_cp20__long_counter_trend__slip0bps__sl0.75atr__tp1atr__h12,bear_body20_range22_vol20_cp20,long_counter_trend,0.0,0.75,1.0,1.3333333333333333,12,154684,154684,100.0,66145,88539,0,42.76137157042746,-0.08579796019844034,-0.005800280310564621,0.8244602268710832,0.7384720295710224,42.64759121822554,57.11838328463189,0.2340254971425616,1.5280507356934137,0.008579015305033242,0.6543961570347248,0.4907971177760427,-27.002575304561688,52.18700978321109,-0.0008579796019844034,595,67,11.260504201680673,25,8.0,138068.0,-0.08469270528126477,0.7342450874673173,42.353043427876116,16616.0,-0.09498189952827912,0.7660430394432078,46.154309099662974,1863.0,-0.10764348498094592,0.634565020825254,39.130434782608695
bear_body20_range22_vol20_cp20__long_counter_trend__slip0bps__sl0.75atr__tp1atr__h36,bear_body20_range22_vol20_cp20,long_counter_trend,0.0,0.75,1.0,1.3333333333333333,36,154684,154684,100.0,66153,88531,0,42.766543404618446,-0.0857892683068878,-0.00579158494086418,0.8255656748568598,0.7388955912373396,42.76137157042746,57.22828476119055,0.010343668381991673,1.5412195185022368,0.008579015305033242,0.6543961570347248,0.4907971177760427,-27.002575304561688,52.18700978321109,-0.000857892683068878,595,66,11.092436974789916,25,8.0,138068.0,-0.0847265632677684,0.7345425306056488,42.35521627024365,16616.0,-0.09461964621620068,0.7672892310412172,46.18440057775638,1863.0,-0.1089369915843475,0.6325834526931479,39.18411164787977
bear_body20_range22_vol20_cp20__long_counter_trend__slip0bps__sl0.75atr__tp1atr__h72,bear_body20_range22_vol20_cp20,long_counter_trend,0.0,0.75,1.0,1.3333333333333333,72,154684,154684,100.0,66154,88530,0,42.76718988389232,-0.08580860240835839,-0.0058109267790700725,0.8257164916044075,0.7388750061321455,42.766543404618446,57.23281011610768,0.0006464792738744796,1.5425641953918958,0.008579015305033242,0.6543961570347248,0.4907971177760427,-27.002575304561688,52.18700978321109,-0.0008580860240835839,595,66,11.092436974789916,25,8.0,138068.0,-0.08473025523084,0.7345608733232986,42.35594055103282,16616.0,-0.09476895617013122,0.7670075720793523,46.18440057775638,1863.0,-0.1089369915843475,0.6325834526931479,39.18411164787977
bear_body20_range22_vol20_cp20__long_counter_trend__slip0bps__sl0.75atr__tp1.5atr__h12,bear_body20_range22_vol20_cp20,long_counter_trend,0.0,0.75,1.5,2.0,12,184366,184366,100.0,64470,119896,0,34.96848659731187,-0.059230248845098164,0.020778062379853787,0.9528807364703824,0.8245422689343183,34.1733291387783,64.65508824837552,1.1715826128461864,2.147961120814033,0.008090331736181533,0.8851522291393851,0.4425761145696925,-27.002575304561688,78.32051467481664,-0.0005923024884509817,595,100,16.80672268907563,26,15.384615384615385,164389.0,-0.06226621235431911,0.8114108663630965,34.504741801458735,19977.0,-0.034247568496831665,0.9140646363867534,38.784602292636535,2441.0,-0.10538423429301522,0.6470947002367344,32.2818517001229
bear_body20_range22_vol20_cp20__long_counter_trend__slip0bps__sl0.75atr__tp1.5atr__h36,bear_body20_range22_vol20_cp20,long_counter_trend,0.0,0.75,1.5,2.0,36,184366,184366,100.0,64117,120249,0,34.777019624008766,-0.05951666677401996,0.02049152983791519,0.9572316975044036,0.8250029377482189,34.74393326318302,65.20833559333066,0.047731143486326115,2.222752568260959,0.008090331736181533,0.8851522291393851,0.4425761145696925,-27.002575304561688,78.32051467481664,-0.0005951666677401997,595,103,17.310924369747898,26,15.384615384615385,164389.0,-0.06276277921046311,0.8113395128479786,34.30947326159293,19977.0,-0.032804689134011585,0.9182339464766415,38.62441808079291,2441.0,-0.10262901428866879,0.6597069216551035,32.199918066366244
bear_body20_range22_vol20_cp20__long_counter_trend__slip0bps__sl0.75atr__tp1.5atr__h72,bear_body20_range22_vol20_cp20,long_counter_trend,0.0,0.75,1.5,2.0,72,184366,184366,100.0,64106,120260,0,34.771053231072976,-0.05952373172903074,0.020484462055791575,0.9575738763993563,0.8250564649362818,34.76617163685278,65.22731957085362,0.006508792293589925,2.2301671674820738,0.008090331736181533,0.8851522291393851,0.4425761145696925,-27.002575304561688,78.32051467481664,-0.0005952373172903074,595,102,17.142857142857142,26,15.384615384615385,164389.0,-0.06275295421545439,0.8114321945478438,34.305215069134796,19977.0,-0.032950740022533516,0.9179550449747668,38.604395054312455,2441.0,-0.1024305754765168,0.660364896933521,32.199918066366244
bear_body20_range22_vol20_cp20__long_counter_trend__slip0bps__sl0.75atr__tp2atr__h12,bear_body20_range22_vol20_cp20,long_counter_trend,0.0,0.75,2.0,2.6666666666666665,12,191755,191755,100.0,57298,134457,0,29.88083752705275,-0.049046833277635454,0.030965552943542002,1.0995653709842772,0.8612674637123773,27.090297515058275,69.3582957419624,3.5514067429793226,2.815045240019817,0.008001463650509612,1.148434870106268,0.43066307628985,-27.002575304561688,104.45401956642218,-0.0004904683327763545,596,130,21.812080536912752,26,15.384615384615385,171109.0,-0.053782307647333036,0.8445237985531001,29.492311918134057,20646.0,-0.009800379537221397,0.9764780955454214,33.100842778262134,2579.0,-0.08840661134854085,0.7085352228311148,28.73206669251648
bear_body20_range22_vol20_cp20__long_counter_trend__slip0bps__sl0.75atr__tp2atr__h36,bear_body20_range22_vol20_cp20,long_counter_trend,0.0,0.75,2.0,2.6666666666666665,36,191755,191755,100.0,55628,136127,0,29.009934551902166,-0.049596426057687985,0.030415740238407405,1.117392730534497,0.8625296353030962,28.803942530833616,70.94730254752157,0.24875492164480717,3.089082422883367,0.008001463650509612,1.148434870106268,0.43066307628985,-27.002575304561688,104.45401956642218,-0.0004959642605768798,596,131,21.97986577181208,26,15.384615384615385,171109.0,-0.05474894235989134,0.8449549291217933,28.607495806766448,20646.0,-0.006893630748489635,0.9837523930782567,32.34524847428073,2579.0,-0.08342205928312112,0.7313789802527596,27.995347033734003
bear_body20_range22_vol20_cp20__long_counter_trend__slip0bps__sl0.75atr__tp2atr__h72,bear_body20_range22_vol20_cp20,long_counter_trend,0.0,0.75,2.0,2.6666666666666665,72,191755,191755,100.0,55507,136248,0,28.946833198612815,-0.04955287325690519,0.030459310467281765,1.1190362324762733,0.8628803359407494,28.91397877499935,71.04743031472451,0.03859091027613361,3.125050194258298,0.008001463650509612,1.148434870106268,0.43066307628985,-27.002575304561688,104.45401956642218,-0.0004955287325690519,596,135,22.651006711409398,26,15.384615384615385,171109.0,-0.05470040540966497,0.8453405914220667,28.546715836104468,20646.0,-0.006891385359657515,0.9837929572056056,32.26290806935968,2579.0,-0.0850275492386917,0.7270013231994795,27.917797595967432
bear_body20_range22_vol20_cp20__long_counter_trend__slip0bps__sl0.75atr__tp3atr__h12,bear_body20_range22_vol20_cp20,long_counter_trend,0.0,0.75,3.0,4.0,12,194871,194871,100.0,49905,144966,0,25.609249195621718,-0.03261779110020439,0.04740116936754263,1.3943460256268043,0.9114440509227311,15.730919428750301,73.16070631340733,11.108374257842367,3.877010945702542,0.00794414062066948,1.7013124679324154,0.42532811698310385,-27.002575304561688,156.7210293496333,-0.00032617791100204385,596,167,28.02013422818792,26,23.076923076923077,174000.0,-0.04219190153278329,0.8830102210434436,25.244252873563216,20871.0,0.0472008670986709,1.1091631563122692,28.652196828134734,2635.0,-0.06304388321901302,0.7939734154571779,26.907020872865274
bear_body20_range22_vol20_cp20__long_counter_trend__slip0bps__sl0.75atr__tp3atr__h36,bear_body20_range22_vol20_cp20,long_counter_trend,0.0,0.75,3.0,4.0,36,194871,194871,100.0,43401,151470,0,22.271656634388904,-0.03482486351705932,0.045193213768448065,1.4370602109965853,0.9104061091759738,20.667005352258673,77.55181632977714,1.7811783179641918,5.064955791267043,0.00794414062066948,1.7013124679324154,0.42532811698310385,-27.002575304561688,156.7210293496333,-0.00034824863517059315,596,165,27.684563758389263,26,23.076923076923077,174000.0,-0.04375980608257716,0.8849939436173335,21.92471264367816,20871.0,0.03966509893802705,1.0867882014237946,25.16410330123137,2635.0,-0.031136129605157357,0.9028170661626927,24.554079696394687
bear_body20_range22_vol20_cp20__long_counter_trend__slip0bps__sl0.75atr__tp3atr__h72,bear_body20_range22_vol20_cp20,long_counter_trend,0.0,0.75,3.0,4.0,72,194871,194871,100.0,42209,152662,0,21.65996992882471,-0.036673260013026655,0.04334407761802056,1.4447215385624685,0.9066528222412428,21.36592925576407,78.30308255204726,0.3309881921886787,5.357790538356143,0.00794414062066948,1.7013124679324154,0.42532811698310385,-27.002575304561688,156.7210293496333,-0.00036673260013026654,596,160,26.845637583892618,26,23.076923076923077,174000.0,-0.04579535856293748,0.8809374082083614,21.310344827586206,20871.0,0.03937700819091559,1.0853166172885966,24.574768817977098,2635.0,-0.029294313142860837,0.9093872005695146,24.13662239089184
bear_body20_range22_vol20_cp20__long_counter_trend__slip0bps__sl1atr__tp1atr__h12,bear_body20_range22_vol20_cp20,long_counter_trend,0.0,1.0,1.0,1.0,12,154684,154684,100.0,76319,78365,0,49.33865170282641,-0.09566842039640931,-0.01567469027251821,0.9578166846540653,0.7441987464268436,49.12919241809108,50.33099738822373,0.5398101936851905,1.77786325670399,0.008579015305033242,0.6543961570347248,0.654396157034725,-31.807908648610635,52.18700978321109,-0.0009566842039640932,595,73,12.26890756302521,25,8.0,138068.0,-0.09372999099212877,0.7415055160343382,49.03525798881711,16616.0,-0.11177549014786518,0.7615123200489048,51.859653346172365,1863.0,-0.13156626065037255,0.6156358897562529,44.87385936661299
bear_body20_range22_vol20_cp20__long_counter_trend__slip0bps__sl1atr__tp1atr__h36,bear_body20_range22_vol20_cp20,long_counter_trend,0.0,1.0,1.0,1.0,36,154684,154684,100.0,76421,78263,0,49.4045925887616,-0.09566542212612521,-0.01567169080244624,0.9598061567356614,0.745034636734505,49.39230948255799,50.57601303302216,0.0316774844198495,1.8125985880892659,0.008579015305033242,0.6543961570347248,0.654396157034725,-31.807908648610635,52.18700978321109,-0.0009566542212612521,595,76,12.773109243697478,25,8.0,138068.0,-0.09380950523547602,0.7421001240142251,49.09247617116203,16616.0,-0.11108686731498867,0.7638865834934868,51.998074145402015,1863.0,-0.13268748079519918,0.6146215392556791,44.98121309715513
bear_body20_range22_vol20_cp20__long_counter_trend__slip0bps__sl1atr__tp1atr__h72,bear_body20_range22_vol20_cp20,long_counter_trend,0.0,1.0,1.0,1.0,72,154684,154684,100.0,76423,78261,0,49.40588554730935,-0.09577159639516629,-0.0157779075581896,0.9603039350788171,0.7448816248617675,49.40394610948773,50.59152853559515,0.004525354917121357,1.8177898166584778,0.008579015305033242,0.6543961570347248,0.654396157034725,-31.807908648610635,52.18700978321109,-0.0009577159639516629,595,76,12.773109243697478,25,8.0,138068.0,-0.09384341054116595,0.7420973376165799,49.09464901352957,16616.0,-0.11179354900049349,0.7627474351605233,51.992055849783334,1863.0,-0.13186465960579885,0.6167113005234208,44.98121309715513
bear_body20_range22_vol20_cp20__long_counter_trend__slip0bps__sl1atr__tp1.5atr__h12,bear_body20_range22_vol20_cp20,long_counter_trend,0.0,1.0,1.5,1.5,12,184366,184366,100.0,75497,108869,0,40.949524315763206,-0.06814736763439737,0.011857375315728953,1.0882181850821846,0.8257052445120813,39.64830825640303,58.171246325244354,2.1804454183526247,2.5695518696505864,0.008090331736181533,0.8851522291393851,0.5901014860929239,-31.807908648610635,78.32051467481664,-0.0006814736763439737,595,106,17.81512605042017,26,23.076923076923077,164389.0,-0.07099799886600608,0.8141648720254331,40.56658292221499,19977.0,-0.044689770521070475,0.903802549283654,44.10071582319668,2441.0,-0.11739695861277222,0.6595423475023975,38.71364195002048
bear_body20_range22_vol20_cp20__long_counter_trend__slip0bps__sl1atr__tp1.5atr__h36,bear_body20_range22_vol20_cp20,long_counter_trend,0.0,1.0,1.5,1.5,36,184366,184366,100.0,75190,109176,0,40.78300771291887,-0.06868269912494256,0.011321829606900124,1.0956696441449678,0.8266600650156349,40.71412299447837,59.16112515322782,0.12475185229380689,2.7227091763123354,0.008090331736181533,0.8851522291393851,0.5901014860929239,-31.807908648610635,78.32051467481664,-0.0006868269912494256,595,99,16.63865546218487,26,15.384615384615385,164389.0,-0.07179869249715999,0.8145682622600193,40.39443028426476,19977.0,-0.043041459976650154,0.9085333070820617,43.98057766431396,2441.0,-0.11470155952590201,0.6719271648387438,38.67267513314216
bear_body20_range22_vol20_cp20__long_counter_trend__slip0bps__sl1atr__tp1.5atr__h72,bear_body20_range22_vol20_cp20,long_counter_trend,0.0,1.0,1.5,1.5,72,184366,184366,100.0,75179,109187,0,40.77704131998308,-0.06876113377216711,0.011243363573262112,1.096707640624492,0.826662101913871,40.76619333282709,59.216449887723336,0.01735677944957313,2.740906674766497,0.008090331736181533,0.8851522291393851,0.5901014860929239,-31.807908648610635,78.32051467481664,-0.0006876113377216711,595,98,16.470588235294116,26,15.384615384615385,164389.0,-0.07179853498231456,0.8147317473539756,40.39138871822324,19977.0,-0.043766622707697135,0.907270996889982,43.95054312459328,2441.0,-0.11294825766971123,0.6767827361703129,38.67267513314216
bear_body20_range22_vol20_cp20__long_counter_trend__slip0bps__sl1atr__tp2atr__h12,bear_body20_range22_vol20_cp20,long_counter_trend,0.0,1.0,2.0,2.0,12,191755,191755,100.0,67949,123806,0,35.43532111287841,-0.05787982429849891,0.022129027312426042,1.2460318972871416,0.859848731590228,31.381711037521836,63.000182524575635,5.618106437902532,3.3766212093556884,0.008001463650509612,1.148434870106268,0.5742174350531339,-31.807908648610635,104.45401956642218,-0.0005787982429849891,596,133,22.31543624161074,26,15.384615384615385,171109.0,-0.06286941545481654,0.8443327695726996,35.1121215131875,20646.0,-0.016527312762784845,0.9661663044197341,38.11392037198489,2579.0,-0.09644372487304896,0.7256077594590299,34.93602171384257
bear_body20_range22_vol20_cp20__long_counter_trend__slip0bps__sl1atr__tp2atr__h36,bear_body20_range22_vol20_cp20,long_counter_trend,0.0,1.0,2.0,2.0,36,191755,191755,100.0,66054,125701,0,34.44708091053688,-0.05854183395742246,0.021466752743675044,1.2697222645293376,0.8626159194925471,34.09976271805168,65.41628640713411,0.48395087481421606,3.8446820161143127,0.008001463650509612,1.148434870106268,0.5742174350531339,-31.807908648610635,104.45401956642218,-0.0005854183395742246,596,140,23.48993288590604,26,19.230769230769234,171109.0,-0.06403032012220868,0.8464062535093041,34.10282334652181,20646.0,-0.013054602572630532,0.9740295804963031,37.30020342923569,2579.0,-0.09229915731831201,0.7457966553422609,34.16052733617681
bear_body20_range22_vol20_cp20__long_counter_trend__slip0bps__sl1atr__tp2atr__h72,bear_body20_range22_vol20_cp20,long_counter_trend,0.0,1.0,2.0,2.0,72,191755,191755,100.0,65888,125867,0,34.360512111809335,-0.058604382675429244,0.02140417899616926,1.2729143414271114,0.8629307907954976,34.30210424760762,65.62123543062762,0.07666032176475189,3.915892675549529,0.008001463650509612,1.148434870106268,0.5742174350531339,-31.807908648610635,104.45401956642218,-0.0005860438267542925,596,135,22.651006711409398,26,19.230769230769234,171109.0,-0.06406517950418102,0.8468010604041469,34.0215885780409,20646.0,-0.013346633737577227,0.9735821156662572,37.16942749200814,2579.0,-0.09144376111915752,0.7488461164991412,34.121752617293524
bear_body20_range22_vol20_cp20__long_counter_trend__slip0bps__sl1atr__tp3atr__h12,bear_body20_range22_vol20_cp20,long_counter_trend,0.0,1.0,3.0,3.0,12,194871,194871,100.0,59995,134876,0,30.78703347342601,-0.04028541948771531,0.039730472701365226,1.5651220754792927,0.9069177340058558,18.036547254337485,66.85140426230686,15.112048483355656,4.607714847257929,0.00794414062066948,1.7013124679324154,0.5671041559774727,-31.807908648610635,156.7210293496333,-0.0004028541948771531,596,171,28.691275167785236,26,30.76923076923077,174000.0,-0.05147571567060823,0.8785076768444338,30.46551724137931,20871.0,0.05300726106536591,1.104212225106015,33.46749077667577,2635.0,-0.06699014140508706,0.8113492209011706,32.86527514231499
bear_body20_range22_vol20_cp20__long_counter_trend__slip0bps__sl1atr__tp3atr__h36,bear_body20_range22_vol20_cp20,long_counter_trend,0.0,1.0,3.0,3.0,36,194871,194871,100.0,52474,142397,0,26.92755720450965,-0.04329350803913404,0.0367211804330392,1.6201380170617197,0.9070323606404522,24.607560899261564,72.65832268526358,2.734116415474853,6.302641234457667,0.00794414062066948,1.7013124679324154,0.5671041559774727,-31.807908648610635,156.7210293496333,-0.0004329350803913404,596,163,27.348993288590606,26,30.76923076923077,174000.0,-0.05374249890324194,0.8821198975537333,26.602298850574712,20871.0,0.04381896430789196,1.080081274450752,29.63921230415409,2635.0,-0.027567842955997506,0.9267669851219859,30.474383301707782
bear_body20_range22_vol20_cp20__long_counter_trend__slip0bps__sl1atr__tp3atr__h72,bear_body20_range22_vol20_cp20,long_counter_trend,0.0,1.0,3.0,3.0,72,194871,194871,100.0,50917,143954,0,26.128567103365818,-0.04554035706110572,0.03447343231181905,1.6322261918778196,0.9037667858670914,25.683144233877798,73.78778781860821,0.5290679475139964,6.763946405570865,0.00794414062066948,1.7013124679324154,0.5671041559774727,-31.807908648610635,156.7210293496333,-0.0004554035706110572,596,161,27.01342281879195,26,30.76923076923077,174000.0,-0.056272411518816574,0.878548940385465,25.798275862068966,20871.0,0.04393199575580322,1.079053712888318,28.88218101672177,2635.0,-0.022244338542325257,0.9415584958708827,29.98102466793169
bear_body20_range22_vol20_cp20__long_counter_trend__slip1bps__sl0.5atr__tp1atr__h12,bear_body20_range22_vol20_cp20,long_counter_trend,1.0,0.5,1.0,2.0,12,154669,154669,100.0,51718,102951,0,33.4378576185273,-0.08334059230798653,-0.003341929079618387,0.6855962463640023,0.6987957717936759,33.398418558340715,66.5388668705429,0.06271457111638402,1.30967420750118,0.008579142231998158,0.6543650884433001,0.3271825442216499,-18.034790218598953,52.181783604850594,-0.0008334059230798653,595,59,9.915966386554622,25,0.0,138055.0,-0.0847578065833953,0.686511146496025,32.94846256926587,16614.0,-0.07156416779904502,0.7826272227414856,37.504514265077646,1863.0,-0.09885823895188041,0.6040199301580798,30.434782608695656
bear_body20_range22_vol20_cp20__long_counter_trend__slip1bps__sl0.5atr__tp1atr__h36,bear_body20_range22_vol20_cp20,long_counter_trend,1.0,0.5,1.0,2.0,36,154669,154669,100.0,51703,102966,0,33.42815948897322,-0.08335302974447502,-0.003354371493072267,0.6861950264133894,0.6988966651632633,33.42686640503268,66.57184051102676,0.0012930839405440005,1.3132172574982706,0.008579142231998158,0.6543650884433001,0.3271825442216499,-18.034790218598953,52.181783604850594,-0.0008335302974447502,595,59,9.915966386554622,25,0.0,138055.0,-0.08477282081176199,0.6866221078454421,32.93832168338706,16614.0,-0.07155519323344214,0.7826901573266077,37.498495244974116,1863.0,-0.09883153550489063,0.6041268917317041,30.434782608695656
bear_body20_range22_vol20_cp20__long_counter_trend__slip1bps__sl0.5atr__tp1atr__h72,bear_body20_range22_vol20_cp20,long_counter_trend,1.0,0.5,1.0,2.0,72,154669,154669,100.0,51703,102966,0,33.42815948897322,-0.0833345721688637,-0.0033359065314762897,0.6862475210933524,0.6989633410547889,33.42815948897322,66.57184051102676,0.0,1.313275446275595,0.008579142231998158,0.6543650884433001,0.3271825442216499,-18.034790218598953,52.181783604850594,-0.000833345721688637,595,59,9.915966386554622,25,0.0,138055.0,-0.08475214198982703,0.686698550808743,32.93832168338706,16614.0,-0.07155519323344214,0.7826901573266077,37.498495244974116,1863.0,-0.09883153550489063,0.6041268917317041,30.434782608695656
bear_body20_range22_vol20_cp20__long_counter_trend__slip1bps__sl0.5atr__tp1.5atr__h12,bear_body20_range22_vol20_cp20,long_counter_trend,1.0,0.5,1.5,3.0,12,184360,184360,100.0,49378,134982,0,26.783467129529182,-0.060064944472299715,0.01994303274079662,0.8191944170714217,0.7850363180113157,26.394554133217618,73.09828596224777,0.5071599045346062,1.741321327836841,0.008090534957653439,0.8850827640121628,0.2950275880040541,-18.034790218598953,78.3126754072759,-0.0006006494447229971,595,88,14.789915966386555,26,7.6923076923076925,164383.0,-0.06506996204554996,0.7629622546265667,26.238722982303525,19977.0,-0.01888059228009908,0.9409590747412553,31.26595584922661,2441.0,-0.10909839611460255,0.5693566047945224,23.392052437525603
bear_body20_range22_vol20_cp20__long_counter_trend__slip1bps__sl0.5atr__tp1.5atr__h36,bear_body20_range22_vol20_cp20,long_counter_trend,1.0,0.5,1.5,3.0,36,184360,184360,100.0,49140,135220,0,26.65437188110219,-0.06023385243389061,0.01977405718898507,0.821676732456274,0.7851475365583165,26.642438706877847,73.34345845085703,0.014102842265133433,1.771409199392493,0.008090534957653439,0.8850827640121628,0.2950275880040541,-18.034790218598953,78.3126754072759,-0.0006023385243389061,595,89,14.957983193277311,26,7.6923076923076925,164383.0,-0.065291845177847,0.7629348434660096,26.107930868763802,19977.0,-0.01861358806838042,0.9420024973911658,31.15082344696401,2441.0,-0.10699037430846246,0.5782305769477945,23.310118803768948
bear_body20_range22_vol20_cp20__long_counter_trend__slip1bps__sl0.5atr__tp1.5atr__h72,bear_body20_range22_vol20_cp20,long_counter_trend,1.0,0.5,1.5,3.0,72,184360,184360,100.0,49132,135228,0,26.650032545020615,-0.06024564540533108,0.019762259498468368,0.8217917482244359,0.7851316423503719,26.647320459969627,73.3494250379692,0.0032545020611846383,1.7734541115209372,0.008090534957653439,0.8850827640121628,0.2950275880040541,-18.034790218598953,78.3126754072759,-0.0006024564540533108,595,88,14.789915966386555,26,7.6923076923076925,164383.0,-0.06529835451996528,0.7629368577145831,26.104280856292927,19977.0,-0.018668857980246163,0.9418429549810837,31.140811933723782,2441.0,-0.1067837114264737,0.5790452678493462,23.310118803768948
bear_body20_range22_vol20_cp20__long_counter_trend__slip1bps__sl0.5atr__tp2atr__h12,bear_body20_range22_vol20_cp20,long_counter_trend,1.0,0.5,2.0,4.0,12,191754,191754,100.0,43112,148642,0,22.482972975791903,-0.05082979393610615,0.029181878815419993,0.96555725393268,0.8241568027238321,20.850673258445717,77.22394317719579,1.9253835643585009,2.228636690760036,0.00800152817863508,1.1483244622373778,0.28708111555934446,-18.034790218598953,104.4435672097012,-0.0005082979393610615,596,109,18.288590604026847,26,15.384615384615385,171109.0,-0.05756804443717702,0.7972868283606525,22.008193607583472,20645.0,0.005017883709218793,1.0151538323816915,26.418018890772583,2579.0,-0.09889830274143847,0.6140073957611385,20.240403257076387
bear_body20_range22_vol20_cp20__long_counter_trend__slip1bps__sl0.5atr__tp2atr__h36,bear_body20_range22_vol20_cp20,long_counter_trend,1.0,0.5,2.0,4.0,36,191754,191754,100.0,41951,149803,0,21.877509726003108,-0.05126175851971025,0.02874974137684049,0.973825436418991,0.8245958439257205,21.785725460746583,78.1094527363184,0.10482180293501049,2.36490503457555,0.00800152817863508,1.1483244622373778,0.28708111555934446,-18.034790218598953,104.4435672097012,-0.0005126175851971025,596,113,18.959731543624162,26,7.6923076923076925,171109.0,-0.05825239627687912,0.7971447266627725,21.393380827425794,20645.0,0.006677744313489425,1.0199686352050625,25.890046015984503,2579.0,-0.09392181886799827,0.6362471360772292,19.852656068243505
bear_body20_range22_vol20_cp20__long_counter_trend__slip1bps__sl0.5atr__tp2atr__h72,bear_body20_range22_vol20_cp20,long_counter_trend,1.0,0.5,2.0,4.0,72,191754,191754,100.0,41893,149861,0,21.847262638589026,-0.05112408689355669,0.02888746809368075,0.9749936487123106,0.8251841778866249,21.832139094881985,78.15117285688956,0.01668804822845938,2.380367554262232,0.00800152817863508,1.1483244622373778,0.28708111555934446,-18.034790218598953,104.4435672097012,-0.000511240868935567,596,116,19.463087248322147,26,11.538461538461538,171109.0,-0.058169104195220915,0.7975751372715038,21.36240641929998,20645.0,0.007266122138676546,1.0217170083771359,25.86582707677404,2579.0,-0.09537160775187806,0.6317061990245275,19.73633191159364
bear_body20_range22_vol20_cp20__long_counter_trend__slip1bps__sl0.5atr__tp3atr__h12,bear_body20_range22_vol20_cp20,long_counter_trend,1.0,0.5,3.0,6.0,12,194869,194869,100.0,36883,157986,0,18.927074085667808,-0.035810658192105306,0.04420702461774173,1.2568401835810155,0.879944804439146,12.249254627467684,80.55206318090615,7.19868219162617,3.038964637782305,0.007944261998924803,1.7011567341257863,0.283526122354298,-18.034790218598953,156.70535081455185,-0.0003581065819210531,596,150,25.16778523489933,26,23.076923076923077,173998.0,-0.0462594617280386,0.8421019983654032,18.528948608604697,20871.0,0.051299251138799566,1.1497393307403463,22.24617890853337,2635.0,-0.08038358898200697,0.6884127269457223,18.59582542694497
bear_body20_range22_vol20_cp20__long_counter_trend__slip1bps__sl0.5atr__tp3atr__h36,bear_body20_range22_vol20_cp20,long_counter_trend,1.0,0.5,3.0,6.0,36,194869,194869,100.0,32071,162798,0,16.457722880499208,-0.0377982737061973,0.04221861373929844,1.2853137068599505,0.8776431206057368,15.50066968065726,83.48121045420257,1.018119865140171,3.769537484156023,0.007944261998924803,1.7011567341257863,0.283526122354298,-18.034790218598953,156.70535081455185,-0.00037798273706197305,596,148,24.832214765100673,26,23.076923076923077,173998.0,-0.047387663859825103,0.8437295110083257,16.091564270853688,20871.0,0.04214685148909463,1.118308213868545,19.510325331800104,2635.0,-0.056861153054259796,0.7845032120221083,16.888045540796963
bear_body20_range22_vol20_cp20__long_counter_trend__slip1bps__sl0.5atr__tp3atr__h72,bear_body20_range22_vol20_cp20,long_counter_trend,1.0,0.5,3.0,6.0,72,194869,194869,100.0,31321,163548,0,16.072848939544002,-0.03871820289962811,0.04129831642694267,1.291499416105897,0.8754316887642623,15.899912248741463,83.91278243332701,0.1873053179315335,3.9351153852074985,0.007944261998924803,1.7011567341257863,0.283526122354298,-18.034790218598953,156.70535081455185,-0.0003871820289962811,596,152,25.503355704697988,26,23.076923076923077,173998.0,-0.04851141306854035,0.8410320424655617,15.697306865596156,20871.0,0.04292613531945084,1.1199194390389426,19.203679747017393,2635.0,-0.055559267582764964,0.7907073048650162,16.622390891840606
bear_body20_range22_vol20_cp20__long_counter_trend__slip1bps__sl0.75atr__tp1atr__h12,bear_body20_range22_vol20_cp20,long_counter_trend,1.0,0.75,1.0,1.3333333333333333,12,154669,154669,100.0,64710,89959,0,41.83773089630113,-0.09985303822564083,-0.019860982618688208,0.8268160294078072,0.704675544760506,41.725232593473805,58.04071921328773,0.23404819323846407,1.5325372246539384,0.008579142231998158,0.6543650884433001,0.4907738163324751,-27.007187327898443,52.181783604850594,-0.0009985303822564082,595,55,9.243697478991598,25,0.0,138055.0,-0.09893143526613439,0.6991656966839074,41.413929231103545,16614.0,-0.10751115165856764,0.7409539342204168,45.35933550018057,1863.0,-0.12344668515995239,0.5962872473094752,38.00322061191627
bear_body20_range22_vol20_cp20__long_counter_trend__slip1bps__sl0.75atr__tp1atr__h36,bear_body20_range22_vol20_cp20,long_counter_trend,1.0,0.75,1.0,1.3333333333333333,36,154669,154669,100.0,64720,89949,0,41.84419631600385,-0.09985444768093776,-0.019862392637992898,0.8279342732673373,0.7051113422499855,41.83902398024168,58.14933826429343,0.011637755464896003,1.5457525425262981,0.008579142231998158,0.6543650884433001,0.4907738163324751,-27.007187327898443,52.181783604850594,-0.0009985444768093777,595,54,9.07563025210084,25,0.0,138055.0,-0.09898465817930706,0.6994501596578414,41.41755097606026,16614.0,-0.10708201416989986,0.7423841816283622,45.389430600698205,1863.0,-0.12391650003602717,0.5967183178479393,38.110574342458406
bear_body20_range22_vol20_cp20__long_counter_trend__slip1bps__sl0.75atr__tp1atr__h72,bear_body20_range22_vol20_cp20,long_counter_trend,1.0,0.75,1.0,1.3333333333333333,72,154669,154669,100.0,64722,89947,0,41.8454893999444,-0.09987372732609712,-0.019881679998096313,0.8280880298712789,0.7050988986013428,41.84484285797412,58.154510600055595,0.0006465419702720003,1.547252519897329,0.008579142231998158,0.6543650884433001,0.4907738163324751,-27.007187327898443,52.181783604850594,-0.0009987372732609711,595,54,9.07563025210084,25,0.0,138055.0,-0.09898843575622836,0.6994746549291873,41.41899967404296,16614.0,-0.10723010915336469,0.7421197762119768,45.389430600698205,1863.0,-0.12391650003602717,0.5967183178479393,38.110574342458406
bear_body20_range22_vol20_cp20__long_counter_trend__slip1bps__sl0.75atr__tp1.5atr__h12,bear_body20_range22_vol20_cp20,long_counter_trend,1.0,0.75,1.5,2.0,12,184360,184360,100.0,62795,121565,0,34.06107615534823,-0.07487921966246361,0.005122829469324123,0.9538545949883879,0.7847214887565148,33.269689737470166,65.54512909524843,1.185181167281406,2.1421132566717294,0.008090534957653439,0.8850827640121628,0.4425413820060812,-27.007187327898443,78.3126754072759,-0.0007487921966246361,595,90,15.126050420168067,26,11.538461538461538,164383.0,-0.07813226781784566,0.7705686901729889,33.58011473205867,19977.0,-0.048111145631018835,0.8819958375734486,38.018721529759226,2441.0,-0.1220004794328457,0.606036943748468,31.21671446128636
bear_body20_range22_vol20_cp20__long_counter_trend__slip1bps__sl0.75atr__tp1.5atr__h36,bear_body20_range22_vol20_cp20,long_counter_trend,1.0,0.75,1.5,2.0,36,184360,184360,100.0,62476,121884,0,33.888045129095254,-0.07500710956112866,0.004994888394229069,0.958293911225102,0.7858988312301498,33.85441527446301,66.09839444564982,0.047190279887177264,2.217346495986114,0.008090534957653439,0.8850827640121628,0.4425413820060812,-27.007187327898443,78.3126754072759,-0.0007500710956112866,595,91,15.294117647058824,26,11.538461538461538,164383.0,-0.07846444191420308,0.7712627771810575,33.403089127221186,19977.0,-0.046558059944297396,0.8865595158172991,37.87856034439606,2441.0,-0.11962704289812344,0.6174688089468497,31.052847193773044
bear_body20_range22_vol20_cp20__long_counter_trend__slip1bps__sl0.75atr__tp1.5atr__h72,bear_body20_range22_vol20_cp20,long_counter_trend,1.0,0.75,1.5,2.0,72,184360,184360,100.0,62461,121899,0,33.87990887394229,-0.07503682112657227,0.0049651649394035265,0.9586431358583393,0.7859099740991086,33.87502712085051,66.11900629203731,0.0059665871121718375,2.224376220438273,0.008090534957653439,0.8850827640121628,0.4425413820060812,-27.007187327898443,78.3126754072759,-0.0007503682112657228,595,90,15.126050420168067,26,11.538461538461538,164383.0,-0.07848125643557796,0.7712959813289769,33.397005773103054,19977.0,-0.04669389629299932,0.8863487945840535,37.85353156129549,2441.0,-0.11942038001613464,0.6181296544921246,31.052847193773044
bear_body20_range22_vol20_cp20__long_counter_trend__slip1bps__sl0.75atr__tp2atr__h12,bear_body20_range22_vol20_cp20,long_counter_trend,1.0,0.75,2.0,2.6666666666666665,12,191754,191754,100.0,55735,136019,0,29.065886500411985,-0.06532929240183125,0.01467657822946051,1.0993521841931009,0.8203400504333263,26.316009053266164,70.13830219969336,3.545688747040479,2.7939026043785264,0.00800152817863508,1.1483244622373778,0.4306216733390167,-27.007187327898443,104.4435672097012,-0.0006532929240183125,596,107,17.953020134228186,26,7.6923076923076925,171109.0,-0.07022476123421535,0.802800091742376,28.665938086249117,20645.0,-0.024754878430389923,0.9418814350212764,32.38072172438847,2579.0,-0.1061346438322675,0.6624967046218689,27.723924001550987
bear_body20_range22_vol20_cp20__long_counter_trend__slip1bps__sl0.75atr__tp2atr__h36,bear_body20_range22_vol20_cp20,long_counter_trend,1.0,0.75,2.0,2.6666666666666665,36,191754,191754,100.0,54118,137636,0,28.222618563367647,-0.06575631557904986,0.014249384174620069,1.1174440693055836,0.8227474370504634,28.019232975583297,71.73357531003265,0.24719171438405454,3.0673727797073336,0.00800152817863508,1.1483244622373778,0.4306216733390167,-27.007187327898443,104.4435672097012,-0.0006575631557904986,596,111,18.624161073825505,26,11.538461538461538,171109.0,-0.07109101250222973,0.8043715983254273,27.808589846238362,20645.0,-0.021541510259195564,0.950339434979629,31.654153548074593,2579.0,-0.0998831759531741,0.6888132675309614,27.103528499418378
bear_body20_range22_vol20_cp20__long_counter_trend__slip1bps__sl0.75atr__tp2atr__h72,bear_body20_range22_vol20_cp20,long_counter_trend,1.0,0.75,2.0,2.6666666666666665,72,191754,191754,100.0,54003,137751,0,28.162645890046623,-0.06567032765627881,0.014335406506323822,1.119115437107424,0.8232622568091925,28.129791295096844,71.83057459036057,0.039634114542591026,3.103570199317876,0.00800152817863508,1.1483244622373778,0.4306216733390167,-27.007187327898443,104.4435672097012,-0.0006567032765627881,596,109,18.288590604026847,26,11.538461538461538,171109.0,-0.07100820249646755,0.8049004037897307,27.750147566755697,20645.0,-0.02142918326151652,0.950697532080557,31.58149673044321,2579.0,-0.10135796496414173,0.685106288691979,26.987204342768518
bear_body20_range22_vol20_cp20__long_counter_trend__slip1bps__sl0.75atr__tp3atr__h12,bear_body20_range22_vol20_cp20,long_counter_trend,1.0,0.75,3.0,4.0,12,194869,194869,100.0,48520,146349,0,24.89877815352878,-0.0499100027758004,0.030102038039415357,1.3923606425645163,0.8680563213280287,15.253324027936715,73.81625604893543,10.930419923127845,3.823835499745983,0.007944261998924803,1.7011567341257863,0.4252891835314464,-27.007187327898443,156.70535081455185,-0.000499100027758004,596,139,23.322147651006713,26,19.230769230769234,173998.0,-0.05960930352317109,0.8391816193027457,24.530741732663593,20871.0,0.03095142846568356,1.070078025171493,27.96703559963586,2635.0,-0.0819921144763505,0.7412288608580082,26.034155597722958
bear_body20_range22_vol20_cp20__long_counter_trend__slip1bps__sl0.75atr__tp3atr__h36,bear_body20_range22_vol20_cp20,long_counter_trend,1.0,0.75,3.0,4.0,36,194869,194869,100.0,42246,152623,0,21.679179346124833,-0.051748040443072386,0.02826326486287284,1.4353241550271651,0.8702258451431052,20.101709353463097,78.14480497154499,1.7534856749919177,4.993877938512539,0.007944261998924803,1.7011567341257863,0.4252891835314464,-27.007187327898443,156.70535081455185,-0.0005174804044307239,596,141,23.657718120805367,26,23.076923076923077,173998.0,-0.06069149859841948,0.8446145940962505,21.33185438913091,20871.0,0.022812058838902367,1.0488640411754178,24.574768817977098,2635.0,-0.04987503480044708,0.8492740280832364,23.68121442125237
bear_body20_range22_vol20_cp20__long_counter_trend__slip1bps__sl0.75atr__tp3atr__h72,bear_body20_range22_vol20_cp20,long_counter_trend,1.0,0.75,3.0,4.0,72,194869,194869,100.0,41077,153792,0,21.079289163489317,-0.05352014189772099,0.02649045428399258,1.4430171996713153,0.8671804982172642,20.788324464127182,78.88273660766977,0.32893892820304926,5.2841498647809555,0.007944261998924803,1.7011567341257863,0.4252891835314464,-27.007187327898443,156.70535081455185,-0.0005352014189772099,596,136,22.818791946308725,26,23.076923076923077,173998.0,-0.06268738810688433,0.8411998004477816,20.727249738502742,20871.0,0.022905640570871286,1.048601406551949,24.014182358296203,2635.0,-0.04778471637240487,0.8568156040854623,23.263757115749524
bear_body20_range22_vol20_cp20__long_counter_trend__slip1bps__sl1atr__tp1atr__h12,bear_body20_range22_vol20_cp20,long_counter_trend,1.0,1.0,1.0,1.0,12,154669,154669,100.0,74984,79685,0,48.480303098875666,-0.10946917478748523,-0.029480967174355086,0.9609053902005515,0.7150067043430375,48.273409668388624,51.18737432840453,0.5392160032068481,1.7841584286443954,0.008579142231998158,0.6543650884433001,0.6543650884433,-31.811559701375636,52.181783604850594,-0.0010946917478748524,595,67,11.260504201680673,25,4.0,138055.0,-0.10760124977301726,0.7113451385033873,48.168483575386624,16614.0,-0.12499080641577397,0.7387159657101722,51.07138557842783,1863.0,-0.14822158996950158,0.5816143079224599,43.74664519592056
bear_body20_range22_vol20_cp20__long_counter_trend__slip1bps__sl1atr__tp1atr__h36,bear_body20_range22_vol20_cp20,long_counter_trend,1.0,1.0,1.0,1.0,36,154669,154669,100.0,75084,79585,0,48.54495729590286,-0.10949151764098405,-0.02950331896857149,0.9629260479355488,0.7158617629380981,48.532672998467696,51.43435336104844,0.03297364048387201,1.8191363492361106,0.008579142231998158,0.6543650884433001,0.6543650884433,-31.811559701375636,52.181783604850594,-0.0010949151764098406,595,68,11.428571428571429,25,4.0,138055.0,-0.10771677486983292,0.7119423139588746,48.22643149469415,16614.0,-0.12423884599485842,0.741228566546023,51.191765980498374,1863.0,-0.14897917022816468,0.5816517227785422,43.853998926462694
bear_body20_range22_vol20_cp20__long_counter_trend__slip1bps__sl1atr__tp1atr__h72,bear_body20_range22_vol20_cp20,long_counter_trend,1.0,1.0,1.0,1.0,72,154669,154669,100.0,75087,79582,0,48.54689692181368,-0.10959636488526767,-0.029608208168535082,0.9634272420197091,0.715733164296591,48.54560383787314,51.45051691030523,0.0038792518216320014,1.8242698924800704,0.008579142231998158,0.6543650884433001,0.6543650884433,-31.811559701375636,52.181783604850594,-0.0010959636488526766,595,68,11.428571428571429,25,4.0,138055.0,-0.10774970946524254,0.7119555620777571,48.22932889065952,16614.0,-0.12494125558055895,0.7401540216527159,51.18574696039485,1863.0,-0.14815114912009555,0.5836555635605835,43.853998926462694
bear_body20_range22_vol20_cp20__long_counter_trend__slip1bps__sl1atr__tp1.5atr__h12,bear_body20_range22_vol20_cp20,long_counter_trend,1.0,1.0,1.5,1.5,12,184360,184360,100.0,73910,110450,0,40.09004122369277,-0.08350839421827531,-0.0035097981375303063,1.0900274705812858,0.7918802793232458,38.80342807550445,58.99761336515513,2.198958559340421,2.5677316120633544,0.008090534957653439,0.8850827640121628,0.5900551760081083,-31.811559701375636,78.3126754072759,-0.0008350839421827532,595,97,16.30252100840336,26,7.6923076923076925,164383.0,-0.08650352373152867,0.7795443450371535,39.69631896242312,19977.0,-0.0588626328538497,0.8758725572315741,43.32982930369925,2441.0,-0.133010376437508,0.6256639991686813,37.81237197869726
bear_body20_range22_vol20_cp20__long_counter_trend__slip1bps__sl1atr__tp1.5atr__h36,bear_body20_range22_vol20_cp20,long_counter_trend,1.0,1.0,1.5,1.5,36,184360,184360,100.0,73672,110688,0,39.96094597526578,-0.08374003661923848,-0.00374153323253159,1.0976304678059705,0.7939794450105562,39.8947711000217,59.98481232371448,0.12041657626383163,2.72167498372749,0.008090534957653439,0.8850827640121628,0.5900551760081083,-31.811559701375636,78.3126754072759,-0.0008374003661923849,595,88,14.789915966386555,26,7.6923076923076925,164383.0,-0.08699594674125781,0.7811565866970817,39.563093507236154,19977.0,-0.05694841257219029,0.8813613592634364,43.234719927917105,2441.0,-0.13082882455768416,0.6371857514894957,37.64850471118394
bear_body20_range22_vol20_cp20__long_counter_trend__slip1bps__sl1atr__tp1.5atr__h72,bear_body20_range22_vol20_cp20,long_counter_trend,1.0,1.0,1.5,1.5,72,184360,184360,100.0,73663,110697,0,39.95606422217401,-0.08380664866773456,-0.0038081719365092885,1.0986754500699056,0.794042415466242,39.94521588197006,60.03688435669342,0.017899761336515514,2.739623562594923,0.008090534957653439,0.8850827640121628,0.5900551760081083,-31.811559701375636,78.3126754072759,-0.0008380664866773456,595,86,14.453781512605044,26,7.6923076923076925,164383.0,-0.08698641817897848,0.7813623772156185,39.56126850100071,19977.0,-0.05764155623309556,0.8802694012155987,43.204685388196424,2441.0,-0.12901359108450303,0.642011508912236,37.64850471118394
bear_body20_range22_vol20_cp20__long_counter_trend__slip1bps__sl1atr__tp2atr__h12,bear_body20_range22_vol20_cp20,long_counter_trend,1.0,1.0,2.0,2.0,12,191754,191754,100.0,66445,125309,0,34.65116764187449,-0.07383747483128433,0.006164991165181723,1.2468603025822607,0.8254738507824085,30.663767118286973,63.73530669503636,5.60092618667668,3.3583393306006655,0.00800152817863508,1.1483244622373778,0.5741622311186889,-31.811559701375636,104.4435672097012,-0.0007383747483128433,596,113,18.959731543624162,26,15.384615384615385,171109.0,-0.07889347687740399,0.8094345314486212,34.32139747178699,20645.0,-0.03193253639052466,0.9359180669364461,37.38435456527004,2579.0,-0.11539764764395304,0.6819472410413396,33.8891043039938
bear_body20_range22_vol20_cp20__long_counter_trend__slip1bps__sl1atr__tp2atr__h36,bear_body20_range22_vol20_cp20,long_counter_trend,1.0,1.0,2.0,2.0,36,191754,191754,100.0,64659,127095,0,33.719765950123595,-0.07415493016899748,0.005847408794520384,1.2708276384928654,0.8300155156089145,33.37713945993304,66.14255765199162,0.4803028880753466,3.8255160257413143,0.00800152817863508,1.1483244622373778,0.5741622311186889,-31.811559701375636,104.4435672097012,-0.0007415493016899747,596,117,19.630872483221477,26,15.384615384615385,171109.0,-0.07980918273861978,0.8131305651184793,33.36528177945052,20645.0,-0.027291597500772327,0.9467132668242569,36.65778638895617,2579.0,-0.1107871868410502,0.7043249973305276,32.99728576967817
bear_body20_range22_vol20_cp20__long_counter_trend__slip1bps__sl1atr__tp2atr__h72,bear_body20_range22_vol20_cp20,long_counter_trend,1.0,1.0,2.0,2.0,72,191754,191754,100.0,64494,127260,0,33.6337182014456,-0.07418218012213222,0.005820147937042605,1.2740297926412416,0.8305066701554529,33.57687453716741,66.3438572337474,0.07926822908518205,3.8972433430332614,0.00800152817863508,1.1483244622373778,0.5741622311186889,-31.811559701375636,104.4435672097012,-0.0007418218012213222,596,114,19.12751677852349,26,15.384615384615385,171109.0,-0.07981641839665439,0.8136832260718142,33.281124896995486,20645.0,-0.02748472907271532,0.9465878450347429,36.55606684427222,2579.0,-0.11011476493277336,0.7068701727159968,32.919736331911594
bear_body20_range22_vol20_cp20__long_counter_trend__slip1bps__sl1atr__tp3atr__h12,bear_body20_range22_vol20_cp20,long_counter_trend,1.0,1.0,3.0,3.0,12,194869,194869,100.0,58639,136230,0,30.09149736489642,-0.05729181908623114,0.022717267820897242,1.564353893823342,0.8705750397668522,17.598489241490437,67.46378336215612,14.937727396353448,4.559411707352119,0.007944261998924803,1.7011567341257863,0.567052244708596,-31.811559701375636,156.70535081455185,-0.0005729181908623115,596,143,23.993288590604024,26,23.076923076923077,173998.0,-0.0685473134912245,0.8419092515927374,29.77045713169117,20871.0,0.03654333569696272,1.070509334034775,32.76795553639021,2635.0,-0.08763065302869404,0.7607669161575635,31.87855787476281
bear_body20_range22_vol20_cp20__long_counter_trend__slip1bps__sl1atr__tp3atr__h36,bear_body20_range22_vol20_cp20,long_counter_trend,1.0,1.0,3.0,3.0,36,194869,194869,100.0,51393,143476,0,26.373101930014524,-0.059722165518090044,0.020285948861454534,1.6196123166133871,0.874441129000446,24.079766407176102,73.20866838748083,2.7115652053430765,6.2394429077995985,0.007944261998924803,1.7011567341257863,0.567052244708596,-31.811559701375636,156.70535081455185,-0.0005972216551809004,596,145,24.328859060402685,26,26.923076923076923,173998.0,-0.07015390598703386,0.8494203241957599,26.04972470947942,20871.0,0.02724549190681954,1.0489142519582737,29.06904316994873,2635.0,-0.04648839010707552,0.8800090129208124,29.449715370018975
bear_body20_range22_vol20_cp20__long_counter_trend__slip1bps__sl1atr__tp3atr__h72,bear_body20_range22_vol20_cp20,long_counter_trend,1.0,1.0,3.0,3.0,72,194869,194869,100.0,49855,145014,0,25.583853768429048,-0.06189804534333662,0.01810919833599776,1.6317770073050561,0.8719159424370997,25.146636971503934,74.32890813828777,0.5244548902082937,6.697781586604334,0.007944261998924803,1.7011567341257863,0.567052244708596,-31.811559701375636,156.70535081455185,-0.0006189804534333663,596,139,23.322147651006713,26,26.923076923076923,173998.0,-0.07262297652144978,0.8465904458059472,25.251439671720366,20871.0,0.027513893477483044,1.0486513678671427,28.35513391787648,2635.0,-0.041889759914190076,0.8930514727344784,28.95635673624288
bear_body20_range22_vol20_cp20__long_counter_trend__slip2bps__sl0.5atr__tp1atr__h12,bear_body20_range22_vol20_cp20,long_counter_trend,2.0,0.5,1.0,2.0,12,154662,154662,100.0,50161,104501,0,32.43265960610881,-0.09791761475705589,-0.017924784670924333,0.6868449560654303,0.6586856492449804,32.38998590474713,67.54471040074485,0.06530369450802395,1.3094619234201033,0.008579661728398332,0.6543157013130266,0.32715785065651337,-18.041197618543478,52.17655847151678,-0.0009791761475705589,595,47,7.899159663865546,25,0.0,138049.0,-0.09952700487933998,0.645406700639031,31.924896232497158,16613.0,-0.08454407012386618,0.7501968199180244,36.65201950279901,1863.0,-0.11464466222428965,0.5601078150362487,29.253891572732154
bear_body20_range22_vol20_cp20__long_counter_trend__slip2bps__sl0.5atr__tp1atr__h36,bear_body20_range22_vol20_cp20,long_counter_trend,2.0,0.5,1.0,2.0,36,154662,154662,100.0,50145,104517,0,32.42231446638476,-0.09790547635722528,-0.017912641413790918,0.6874718973999397,0.6588895661967528,32.421021323919256,67.57768553361524,0.0012931424655054247,1.3132702279810167,0.008579661728398332,0.6543157013130266,0.32715785065651337,-18.041197618543478,52.17655847151678,-0.0009790547635722528,595,46,7.73109243697479,25,0.0,138049.0,-0.09952636066790804,0.645593145012617,31.914030525393155,16613.0,-0.08443641849859518,0.7505542861628844,36.64600012038765,1863.0,-0.11460721122642656,0.5602515147162813,29.253891572732154
bear_body20_range22_vol20_cp20__long_counter_trend__slip2bps__sl0.5atr__tp1atr__h72,bear_body20_range22_vol20_cp20,long_counter_trend,2.0,0.5,1.0,2.0,72,154662,154662,100.0,50145,104517,0,32.42231446638476,-0.09788675960669149,-0.017893917173561032,0.6875251738110038,0.6589547768379908,32.42231446638476,67.57768553361524,0.0,1.3133284193919643,0.008579661728398332,0.6543157013130266,0.32715785065651337,-18.041197618543478,52.17655847151678,-0.000978867596066915,595,46,7.73109243697479,25,0.0,138049.0,-0.09950539151875769,0.6456678147800261,31.914030525393155,16613.0,-0.08443641849859518,0.7505542861628844,36.64600012038765,1863.0,-0.11460721122642656,0.5602515147162813,29.253891572732154
bear_body20_range22_vol20_cp20__long_counter_trend__slip2bps__sl0.5atr__tp1.5atr__h12,bear_body20_range22_vol20_cp20,long_counter_trend,2.0,0.5,1.5,3.0,12,184354,184354,100.0,47515,136839,0,25.773783047831888,-0.0763703552738571,0.003631097165008884,0.8190967559275927,0.7365692339242325,25.389739305900605,74.10796619547175,0.5022944986276403,1.7263688338739598,0.008090459473733646,0.8850133128365025,0.2950044376121677,-18.041197618543478,78.30483770727518,-0.0007637035527385711,595,74,12.436974789915967,26,7.6923076923076925,164377.0,-0.08146882692873035,0.7142229934760735,25.21946501031166,19977.0,-0.03441853692209785,0.8955864120768608,30.33488511788557,2441.0,-0.12797523312644282,0.5171639007544976,21.917247029905777
bear_body20_range22_vol20_cp20__long_counter_trend__slip2bps__sl0.5atr__tp1.5atr__h36,bear_body20_range22_vol20_cp20,long_counter_trend,2.0,0.5,1.5,3.0,36,184354,184354,100.0,47279,137075,0,25.64576846718813,-0.07652128228292286,0.0034801097609815737,0.8215699108023073,0.7368977036909656,25.63275003525825,74.3520617941569,0.015188170584853054,1.7567668724302157,0.008090459473733646,0.8850133128365025,0.2950044376121677,-18.041197618543478,78.30483770727518,-0.0007652128228292286,595,74,12.436974789915967,26,7.6923076923076925,164377.0,-0.08164876553196271,0.7144920320056388,25.091101553136998,19977.0,-0.034330747466512365,0.8962422818786666,30.20974120238274,2441.0,-0.12609332106255366,0.5248417212740306,21.876280213027446
bear_body20_range22_vol20_cp20__long_counter_trend__slip2bps__sl0.5atr__tp1.5atr__h72,bear_body20_range22_vol20_cp20,long_counter_trend,2.0,0.5,1.5,3.0,72,184354,184354,100.0,47269,137085,0,25.64034412055068,-0.07653770376528576,0.0034636817073972347,0.8216886322519186,0.7368760864801399,25.638174381895702,74.35857101012184,0.0032546079824685116,1.75892576239192,0.008090459473733646,0.8850133128365025,0.2950044376121677,-18.041197618543478,78.30483770727518,-0.0007653770376528576,595,73,12.26890756302521,26,7.6923076923076925,164377.0,-0.08166077144632987,0.714484632407847,25.086234692201465,19977.0,-0.034383501622471946,0.8961049536016709,30.19972968914251,2441.0,-0.12634759794290926,0.5244358788650811,21.835313396149118
bear_body20_range22_vol20_cp20__long_counter_trend__slip2bps__sl0.5atr__tp2atr__h12,bear_body20_range22_vol20_cp20,long_counter_trend,2.0,0.5,2.0,4.0,12,191753,191753,100.0,41380,150373,0,21.579844904642954,-0.06793586491064495,0.012068962674424845,0.964413579652648,0.7731841956752181,19.99812258478355,78.1317632579412,1.8701141572752447,2.1934832831820104,0.008001299417198552,1.1482140763251698,0.28705351908129245,-18.041197618543478,104.43311694303354,-0.0006793586491064495,596,88,14.76510067114094,26,3.8461538461538463,171108.0,-0.07467440205906503,0.7464207211037194,21.099539472146247,20645.0,-0.012086137887546691,0.9645858159245579,25.560668442722207,2579.0,-0.11432157589665658,0.5708833897546791,19.34858472276076
bear_body20_range22_vol20_cp20__long_counter_trend__slip2bps__sl0.5atr__tp2atr__h36,bear_body20_range22_vol20_cp20,long_counter_trend,2.0,0.5,2.0,4.0,36,191753,191753,100.0,40262,151491,0,20.996803179089767,-0.06823358345605864,0.011771124993938939,0.9727611475485273,0.7745738326665527,20.90345392249404,78.98859470256006,0.10795137494589394,2.3276037402283145,0.008001299417198552,1.1482140763251698,0.28705351908129245,-18.041197618543478,104.43311694303354,-0.0006823358345605864,596,91,15.268456375838927,26,3.8461538461538463,171108.0,-0.07517892981276646,0.7474081222905793,20.51277555695818,20645.0,-0.010669799275697361,0.9690371648349232,25.008476628723663,2579.0,-0.10870267633551593,0.5949147296175392,18.99961225281117
bear_body20_range22_vol20_cp20__long_counter_trend__slip2bps__sl0.5atr__tp2atr__h72,bear_body20_range22_vol20_cp20,long_counter_trend,2.0,0.5,2.0,4.0,72,191753,191753,100.0,40202,151551,0,20.965512925482262,-0.06809177450772173,0.011912990688553672,0.973954222167739,0.7751966391502926,20.9503893029053,79.03292256183735,0.01668813525733626,2.3438068765547344,0.008001299417198552,1.1482140763251698,0.28705351908129245,-18.041197618543478,104.43311694303354,-0.0006809177450772173,596,90,15.100671140939598,26,3.8461538461538463,171108.0,-0.07509555433844532,0.7478684181163818,20.48063211538911,20645.0,-0.010043687354636056,0.9708682112959623,24.9842576895132,2579.0,-0.11013273489196877,0.5907514079119592,18.8832880961613
bear_body20_range22_vol20_cp20__long_counter_trend__slip2bps__sl0.5atr__tp3atr__h12,bear_body20_range22_vol20_cp20,long_counter_trend,2.0,0.5,3.0,6.0,12,194868,194868,100.0,35353,159515,0,18.142024344684607,-0.05376859662088261,0.026241900139173074,1.2545071098774228,0.8257775008591406,11.719215058398506,81.32530738756492,6.955477554036578,2.9683888580988156,0.00794421755080191,1.7009938419414081,0.28349897365690163,-18.041197618543478,156.6896754145504,-0.0005376859662088261,596,116,19.463087248322147,26,11.538461538461538,173998.0,-0.06425410853619803,0.7881763830203897,17.738709640340694,20870.0,0.033651532858803866,1.0954215970380985,21.50455198850024,2635.0,-0.10006069657575152,0.6277499942074382,17.533206831119543
bear_body20_range22_vol20_cp20__long_counter_trend__slip2bps__sl0.5atr__tp3atr__h36,bear_body20_range22_vol20_cp20,long_counter_trend,2.0,0.5,3.0,6.0,36,194868,194868,100.0,30761,164107,0,15.785557402959952,-0.05540368332437565,0.024606159139280045,1.2830761866241962,0.8264275134636396,14.843894328468501,84.15234928259129,1.0037563889402057,3.6778383315885623,0.00794421755080191,1.7009938419414081,0.28349897365690163,-18.041197618543478,156.6896754145504,-0.0005540368332437565,596,118,19.798657718120804,26,19.230769230769234,173998.0,-0.06496364910578266,0.7928093674107699,15.41684387176864,20870.0,0.024299954722258075,1.066337252492507,18.859607091518924,2635.0,-0.07647624694296258,0.7216331958966294,15.825426944971538
bear_body20_range22_vol20_cp20__long_counter_trend__slip2bps__sl0.5atr__tp3atr__h72,bear_body20_range22_vol20_cp20,long_counter_trend,2.0,0.5,3.0,6.0,72,194868,194868,100.0,30014,164854,0,15.402220990619291,-0.05623926237541279,0.02377024572287634,1.2893997837888693,0.82486822405003,15.232875587577233,84.58289714062853,0.1842272717942402,3.840538210480941,0.00794421755080191,1.7009938419414081,0.28349897365690163,-18.041197618543478,156.6896754145504,-0.0005623926237541279,596,123,20.63758389261745,26,19.230769230769234,173998.0,-0.0660038879593536,0.7907936800138957,15.024885343509695,20870.0,0.025170671613783262,1.068388560005809,18.548155246765692,2635.0,-0.07573076155226806,0.7261252693507488,15.521821631878558
bear_body20_range22_vol20_cp20__long_counter_trend__slip2bps__sl0.75atr__tp1atr__h12,bear_body20_range22_vol20_cp20,long_counter_trend,2.0,0.75,1.0,1.3333333333333333,12,154662,154662,100.0,63299,91363,0,40.927312462013944,-0.1139092896233293,-0.03392285876683605,0.8291357253562578,0.6728974948139739,40.814809067514965,58.94789929006479,0.23729164242024545,1.5343070696098589,0.008579661728398332,0.6543157013130266,0.4907367759847706,-27.011800427815203,52.17655847151678,-0.001139092896233293,595,47,7.899159663865546,25,0.0,138049.0,-0.11311500506348,0.6663937939387216,40.49721475707901,16613.0,-0.1205095538262211,0.7160712434389236,44.50129416721844,1863.0,-0.1373589091887767,0.5654764186952379,37.0907139023081
bear_body20_range22_vol20_cp20__long_counter_trend__slip2bps__sl0.75atr__tp1atr__h36,bear_body20_range22_vol20_cp20,long_counter_trend,2.0,0.75,1.0,1.3333333333333333,36,154662,154662,100.0,63316,91346,0,40.93830417297074,-0.1138741815879298,-0.033887736682602705,0.8302825664729272,0.6734702279620836,40.93313160310871,59.05587668593449,0.010991710956796111,1.5478204083743905,0.008579661728398332,0.6543157013130266,0.4907367759847706,-27.011800427815203,52.17655847151678,-0.0011387418158792981,595,46,7.73109243697479,25,0.0,138049.0,-0.11314532339587262,0.6667891343532931,40.50445856181501,16613.0,-0.11993077248393243,0.7178248023999729,44.543429844098,1863.0,-0.13768048963200427,0.5663610629887124,37.19806763285024
bear_body20_range22_vol20_cp20__long_counter_trend__slip2bps__sl0.75atr__tp1atr__h72,bear_body20_range22_vol20_cp20,long_counter_trend,2.0,0.75,1.0,1.3333333333333333,72,154662,154662,100.0,63318,91344,0,40.939597315436245,-0.11388819513344606,-0.03390175583578027,0.830434430189358,0.6734732914117649,40.93895074420349,59.06040268456376,0.0006465712327527124,1.5492557965111016,0.008579661728398332,0.6543157013130266,0.4907367759847706,-27.011800427815203,52.17655847151678,-0.0011388819513344607,595,46,7.73109243697479,25,0.0,138049.0,-0.11314334865478048,0.6668283814135421,40.505907322762205,16613.0,-0.12007764385031226,0.7175768354771608,44.543429844098,1863.0,-0.13768048963200427,0.5663610629887124,37.19806763285024
bear_body20_range22_vol20_cp20__long_counter_trend__slip2bps__sl0.75atr__tp1.5atr__h12,bear_body20_range22_vol20_cp20,long_counter_trend,2.0,0.75,1.5,2.0,12,184354,184354,100.0,61129,123225,0,33.15848856005294,-0.09032389548943365,-0.0103280267001137,0.9550401685948962,0.7477992918186197,32.394198118836584,66.43414300747476,1.1716588736886642,2.1311064582271064,0.008090459473733646,0.8850133128365025,0.44250665641825104,-27.011800427815203,78.30483770727518,-0.0009032389548943365,595,75,12.605042016806722,26,3.8461538461538463,164377.0,-0.09357390322274138,0.7333324231400585,32.68218789733357,19977.0,-0.06358181603916979,0.8477928435700376,37.07763928517795,2441.0,-0.13978958223341786,0.5646885825222382,29.905776321179843
bear_body20_range22_vol20_cp20__long_counter_trend__slip2bps__sl0.75atr__tp1.5atr__h36,bear_body20_range22_vol20_cp20,long_counter_trend,2.0,0.75,1.5,2.0,36,184354,184354,100.0,60846,123508,0,33.00497955021318,-0.0904598740280939,-0.010464059651954674,0.9594785796527089,0.749188104894722,32.96972129706977,66.98091714852946,0.049361554400772424,2.206521149527539,0.008090459473733646,0.8850133128365025,0.44250665641825104,-27.011800427815203,78.30483770727518,-0.000904598740280939,595,76,12.773109243697478,26,3.8461538461538463,164377.0,-0.09391960426710352,0.7342396918698529,32.521581486460995,19977.0,-0.061992132250164846,0.8525667546857258,36.98252990939581,2441.0,-0.13706666824125532,0.5769980593415378,29.823842687423184
bear_body20_range22_vol20_cp20__long_counter_trend__slip2bps__sl0.75atr__tp1.5atr__h72,bear_body20_range22_vol20_cp20,long_counter_trend,2.0,0.75,1.5,2.0,72,184354,184354,100.0,60829,123525,0,32.99575816092952,-0.09049145447849238,-0.010495652739588203,0.959832875508339,0.7492130290761441,32.99141868361956,67.0020721004155,0.006509215964937023,2.21391453399438,0.008090459473733646,0.8850133128365025,0.44250665641825104,-27.011800427815203,78.30483770727518,-0.0009049145447849238,595,76,12.773109243697478,26,3.8461538461538463,164377.0,-0.09394004257483451,0.7342787392271043,32.514281195057706,19977.0,-0.06211539373301319,0.8524254590828084,36.95750112629524,2441.0,-0.13745457295357214,0.5763785893180536,29.782875870544856
bear_body20_range22_vol20_cp20__long_counter_trend__slip2bps__sl0.75atr__tp2atr__h12,bear_body20_range22_vol20_cp20,long_counter_trend,2.0,0.75,2.0,2.6666666666666665,12,191753,191753,100.0,54159,137594,0,28.24414741881483,-0.08158628729460937,-0.0015869220634347097,1.0993912185227301,0.7817863679082807,25.56361569310519,70.93813395357569,3.4982503533191136,2.7666894390179033,0.008001299417198552,1.1482140763251698,0.4305802786219384,-27.011800427815203,104.43311694303354,-0.0008158628729460938,596,90,15.100671140939598,26,7.6923076923076925,171108.0,-0.08644116330947615,0.7640742237072871,27.844986791967646,20645.0,-0.04134854812523046,0.9051576180158576,31.55243400339065,2579.0,-0.12214804452355804,0.6238884561846777,26.832105467235362
bear_body20_range22_vol20_cp20__long_counter_trend__slip2bps__sl0.75atr__tp2atr__h36,bear_body20_range22_vol20_cp20,long_counter_trend,2.0,0.75,2.0,2.6666666666666665,36,191753,191753,100.0,52624,139129,0,27.443638430689482,-0.08190985008897103,-0.0019106143347049126,1.1176343463867724,0.7851673468047556,27.241294790694276,72.5078616762189,0.2508435330868357,3.038706043712484,0.008001299417198552,1.1482140763251698,0.4305802786219384,-27.011800427815203,104.43311694303354,-0.0008190985008897103,596,98,16.44295302013423,26,7.6923076923076925,171108.0,-0.0871805975723955,0.766710382078718,27.03555649063749,20645.0,-0.03822532306577951,0.9139122841334584,30.825865827076775,2579.0,-0.11480058101249538,0.6532658915204894,26.25048468398604
bear_body20_range22_vol20_cp20__long_counter_trend__slip2bps__sl0.75atr__tp2atr__h72,bear_body20_range22_vol20_cp20,long_counter_trend,2.0,0.75,2.0,2.6666666666666665,72,191753,191753,100.0,52516,139237,0,27.38731597419597,-0.08179356881797861,-0.0017942865325916108,1.1193279245560346,0.7858035173402104,27.353418199454506,72.60590447085573,0.04067732968975713,3.0755816075889295,0.008001299417198552,1.1482140763251698,0.4305802786219384,-27.011800427815203,104.43311694303354,-0.0008179356881797862,596,96,16.10738255033557,26,7.6923076923076925,171108.0,-0.08707454783326535,0.7673422349146057,26.980620426864903,20645.0,-0.038024241748582266,0.9145271861502203,30.758052797287476,2579.0,-0.11624004870412345,0.6498872374223099,26.134160527336174
bear_body20_range22_vol20_cp20__long_counter_trend__slip2bps__sl0.75atr__tp3atr__h12,bear_body20_range22_vol20_cp20,long_counter_trend,2.0,0.75,3.0,4.0,12,194868,194868,100.0,47077,147791,0,24.158404663669767,-0.06721154093662698,0.012793576493970551,1.3909696424178462,0.8269558025771462,14.773590327811647,74.50992466695403,10.716485005234313,3.764974238972022,0.00794421755080191,1.7009938419414081,0.42524846048535214,-27.011800427815203,156.6896754145504,-0.0006721154093662699,596,108,18.120805369127517,26,19.230769230769234,173998.0,-0.07698281965069668,0.7978706629289086,23.786480304371317,20870.0,0.014253861731829742,1.0315817182299893,27.259223766171537,2635.0,-0.10326554284614893,0.6849143291237397,24.93358633776091
bear_body20_range22_vol20_cp20__long_counter_trend__slip2bps__sl0.75atr__tp3atr__h36,bear_body20_range22_vol20_cp20,long_counter_trend,2.0,0.75,3.0,4.0,36,194868,194868,100.0,41067,153801,0,21.074265656752264,-0.06856359543497224,0.011440980957410713,1.434186735374902,0.8323172072882464,19.513722109325286,78.74458607878154,1.7416918118931788,4.916343370897223,0.00794421755080191,1.7009938419414081,0.42524846048535214,-27.011800427815203,156.6896754145504,-0.0006856359543497225,596,113,18.959731543624162,26,19.230769230769234,173998.0,-0.07751679186804841,0.8065696244066368,20.72610030000345,20870.0,0.006081266709847142,1.0127553699616423,23.977000479156686,2635.0,-0.0695377249111329,0.7964818171942106,22.69449715370019
bear_body20_range22_vol20_cp20__long_counter_trend__slip2bps__sl0.75atr__tp3atr__h72,bear_body20_range22_vol20_cp20,long_counter_trend,2.0,0.75,3.0,4.0,72,194868,194868,100.0,39920,154948,0,20.485662089209107,-0.07029200349978075,0.009711881252720333,1.4419396678564702,0.8298502760095557,20.193669560933554,79.47585031919043,0.3304801198760186,5.205698216228421,0.00794421755080191,1.7009938419414081,0.42524846048535214,-27.011800427815203,156.6896754145504,-0.0007029200349978075,596,113,18.959731543624162,26,19.230769230769234,173998.0,-0.07948480225835991,0.803719011807017,20.132415315118564,20870.0,0.006350478454951057,1.0131975335484869,23.430761859127934,2635.0,-0.06785996683796876,0.8031935752012003,22.23908918406072
bear_body20_range22_vol20_cp20__long_counter_trend__slip2bps__sl1atr__tp1atr__h12,bear_body20_range22_vol20_cp20,long_counter_trend,2.0,1.0,1.0,1.0,12,154662,154662,100.0,73614,81048,0,47.59669472785817,-0.1237269935343694,-0.04374449133090163,0.9638943638099371,0.6863933580250665,47.38849879091179,52.05674309138638,0.5547581177018271,1.7908342062044975,0.008579661728398332,0.6543157013130266,0.6543157013130269,-31.81521202287633,52.17655847151678,-0.001237269935343694,595,61,10.252100840336134,25,0.0,138049.0,-0.12201345752096865,0.6816733219396218,47.273794087606575,16613.0,-0.13796595898997333,0.7172082088944053,50.279901282128456,1863.0,-0.164264552770714,0.5512879446248641,42.619431025228124
bear_body20_range22_vol20_cp20__long_counter_trend__slip2bps__sl1atr__tp1atr__h36,bear_body20_range22_vol20_cp20,long_counter_trend,2.0,1.0,1.0,1.0,36,154662,154662,100.0,73727,80935,0,47.66975727715923,-0.12372668107466726,-0.04374417874616568,0.9659492416335816,0.6873874149592952,47.65682585250417,52.30955244339269,0.03362170410314105,1.8265508011017573,0.008579661728398332,0.6543157013130266,0.6543157013130269,-31.81521202287633,52.17655847151678,-0.0012372668107466726,595,63,10.588235294117647,25,0.0,138049.0,-0.12212699095317957,0.6823707048160226,47.33753956928337,16613.0,-0.13701962163815667,0.7201270258733742,50.430385842412576,1863.0,-0.16491988791303835,0.5516750289977949,42.72678475577026
bear_body20_range22_vol20_cp20__long_counter_trend__slip2bps__sl1atr__tp1atr__h72,bear_body20_range22_vol20_cp20,long_counter_trend,2.0,1.0,1.0,1.0,72,154662,154662,100.0,73730,80932,0,47.671696990857484,-0.12382891889842296,-0.0438464574814154,0.9664463757621614,0.6872801072097906,47.67040384839198,52.3257167242115,0.0038794273965162738,1.8315552624432634,0.008579661728398332,0.6543157013130266,0.6543157013130269,-31.81521202287633,52.17655847151678,-0.0012382891889842296,595,63,10.588235294117647,25,0.0,138049.0,-0.12215752242389848,0.6823970065508903,47.340437091177776,16613.0,-0.1377177175447612,0.7191118295946588,50.4243664600012,1863.0,-0.16408666899896954,0.5536001229184366,42.72678475577026
bear_body20_range22_vol20_cp20__long_counter_trend__slip2bps__sl1atr__tp1.5atr__h12,bear_body20_range22_vol20_cp20,long_counter_trend,2.0,1.0,1.5,1.5,12,184354,184354,100.0,72230,112124,0,39.18005576228343,-0.09950601877538968,-0.01951382430511163,1.0917382860358633,0.7584552255953488,37.922692211723096,59.87285331481823,2.204454473458672,2.5621901341983357,0.008090459473733646,0.8850133128365025,0.5900088752243355,-31.81521202287633,78.30483770727518,-0.000995060187753897,595,89,14.957983193277311,26,3.8461538461538463,164377.0,-0.10266359507104053,0.7453757058912683,38.778539576704766,19977.0,-0.0735244940844844,0.8481025906547127,42.48385643490013,2441.0,-0.15031135540666962,0.5900127066509435,36.62433428922573
bear_body20_range22_vol20_cp20__long_counter_trend__slip2bps__sl1atr__tp1.5atr__h36,bear_body20_range22_vol20_cp20,long_counter_trend,2.0,1.0,1.5,1.5,36,184354,184354,100.0,72046,112308,0,39.080247784154395,-0.09965314338958062,-0.019661007792697752,1.0994019105075874,0.7611334101566343,39.014070755177535,60.864966314807376,0.12096293001507968,2.7168382568319647,0.008090459473733646,0.8850133128365025,0.5900088752243355,-31.81521202287633,78.30483770727518,-0.0009965314338958062,595,81,13.61344537815126,26,3.8461538461538463,164377.0,-0.10303794478994223,0.7476639469622876,38.67207699374,19977.0,-0.0718019395157642,0.8534824549805389,42.438804625319115,2441.0,-0.14711354546207078,0.6039491429002235,36.66530110610405
bear_body20_range22_vol20_cp20__long_counter_trend__slip2bps__sl1atr__tp1.5atr__h72,bear_body20_range22_vol20_cp20,long_counter_trend,2.0,1.0,1.5,1.5,72,184354,184354,100.0,72037,112317,0,39.0753658721807,-0.09972197934524167,-0.019729871293759197,1.100438060645902,0.7612249003880581,39.065059613569545,60.915955173199386,0.018985213231066316,2.734901331134665,0.008090459473733646,0.8850133128365025,0.5900088752243355,-31.81521202287633,78.30483770727518,-0.0009972197934524168,595,80,13.445378151260504,26,3.8461538461538463,164377.0,-0.10303622896758821,0.7478781413218012,38.66903520565529,19977.0,-0.07245129755255766,0.8525596758840698,42.41878159883866,2441.0,-0.14600622520929546,0.6073125480981624,36.62433428922573
bear_body20_range22_vol20_cp20__long_counter_trend__slip2bps__sl1atr__tp2atr__h12,bear_body20_range22_vol20_cp20,long_counter_trend,2.0,1.0,2.0,2.0,12,191753,191753,100.0,64837,126916,0,33.81276955249722,-0.09069803545388834,-0.010702316380440599,1.2473171319280696,0.7908320503785368,29.90618138960016,64.51789541754236,5.575923192857478,3.3355045292642096,0.008001299417198552,1.1482140763251698,0.5741070381625852,-31.81521202287633,104.43311694303354,-0.0009069803545388834,596,95,15.939597315436242,26,3.8461538461538463,171108.0,-0.09586312195205281,0.774227698545864,33.47827103349931,20645.0,-0.04788923814083874,0.9057874164533113,36.58512957132478,2579.0,-0.13166387193772783,0.647131077848731,32.99728576967817
bear_body20_range22_vol20_cp20__long_counter_trend__slip2bps__sl1atr__tp2atr__h36,bear_body20_range22_vol20_cp20,long_counter_trend,2.0,1.0,2.0,2.0,36,191753,191753,100.0,63169,128584,0,32.94290050220857,-0.09079586635838939,-0.010800186432962577,1.2714944018808367,0.7968159194626749,32.60183673788676,66.91890087769161,0.4792623844216257,3.8022195219892256,0.008001299417198552,1.1482140763251698,0.5741070381625852,-31.81521202287633,104.43311694303354,-0.0009079586635838939,596,95,15.939597315436242,26,3.8461538461538463,171108.0,-0.09652676364246847,0.7794916984387086,32.58643663651027,20645.0,-0.04329756786072885,0.9171242742576252,35.89731169774764,2579.0,-0.12468691549551386,0.6755760328570147,32.33811554866227
bear_body20_range22_vol20_cp20__long_counter_trend__slip2bps__sl1atr__tp2atr__h72,bear_body20_range22_vol20_cp20,long_counter_trend,2.0,1.0,2.0,2.0,72,191753,191753,100.0,63000,128753,0,32.854766287880764,-0.09081731815684253,-0.010821646815568723,1.2747005646087433,0.797417887413831,32.79948683984084,67.12176602191361,0.07874713824555549,3.8739159230885565,0.008001299417198552,1.1482140763251698,0.5741070381625852,-31.81521202287633,104.43311694303354,-0.0009081731815684253,596,93,15.604026845637584,26,3.8461538461538463,171108.0,-0.09653991419871287,0.7801279088698181,32.49935713116862,20645.0,-0.04338782125529947,0.9173191520168223,35.80043594090579,2579.0,-0.1239483905450197,0.6782972960355903,32.260566110895695
bear_body20_range22_vol20_cp20__long_counter_trend__slip2bps__sl1atr__tp3atr__h12,bear_body20_range22_vol20_cp20,long_counter_trend,2.0,1.0,3.0,3.0,12,194868,194868,100.0,57128,137740,0,29.316255106020485,-0.07544268879265166,0.00455913486129287,1.5633093687613835,0.8334820920467668,17.114662232896112,68.16049838865284,14.724839378451055,4.5053779994663055,0.00794421755080191,1.7009938419414081,0.5669979473138035,-31.81521202287633,156.6896754145504,-0.0007544268879265166,596,121,20.302013422818792,26,19.230769230769234,173998.0,-0.08701644669273793,0.8040650232218608,28.982517040425755,20870.0,0.02105039827487195,1.0398913701177133,32.09870627695256,2635.0,-0.10932301888284858,0.7105133399529722,30.740037950664135
bear_body20_range22_vol20_cp20__long_counter_trend__slip2bps__sl1atr__tp3atr__h36,bear_body20_range22_vol20_cp20,long_counter_trend,2.0,1.0,3.0,3.0,36,194868,194868,100.0,50182,144686,0,25.751790955929145,-0.07720020708410952,0.0028009132812029667,1.6186668952688452,0.8411544245370319,23.488207401933618,73.81817435392163,2.6936182441447545,6.166399819364903,0.00794421755080191,1.7009938419414081,0.5669979473138035,-31.81521202287633,156.6896754145504,-0.0007720020708410952,596,126,21.140939597315437,26,19.230769230769234,173998.0,-0.08787472697770521,0.8155179303811367,25.420981850366097,20870.0,0.011795725471993266,1.0208155832703665,28.509822712026832,2635.0,-0.06399090453529363,0.8392023145631214,28.61480075901328
bear_body20_range22_vol20_cp20__long_counter_trend__slip2bps__sl1atr__tp3atr__h72,bear_body20_range22_vol20_cp20,long_counter_trend,2.0,1.0,3.0,3.0,72,194868,194868,100.0,48670,146198,0,24.975881109263707,-0.07927186594418119,0.0007284254259891168,1.6309758358818174,0.8394260502148543,24.540201572346408,74.9338013424472,0.5259970852063961,6.623396350349981,0.00794421755080191,1.7009938419414081,0.5669979473138035,-31.81521202287633,156.6896754145504,-0.0007927186594418119,596,125,20.973154362416107,26,23.076923076923077,173998.0,-0.09026231018845271,0.8134703674923759,24.633616478350326,20870.0,0.012358000735969077,1.0214856740868348,27.829420220412075,2635.0,-0.060082728405761336,0.8507148320759789,28.083491461100568
bear_body20_range22_vol20_cp20__below_ema_slope_up__slip0bps__sl0.5atr__tp1atr__h12,bear_body20_range22_vol20_cp20,below_ema_slope_up,0.0,0.5,1.0,2.0,12,0,0,0.0,0,0,0,,,,,,,,,,,,,,,,0,0,,0,,,,,,,,,,,,,
bear_body20_range22_vol20_cp20__below_ema_slope_up__slip0bps__sl0.5atr__tp1atr__h36,bear_body20_range22_vol20_cp20,below_ema_slope_up,0.0,0.5,1.0,2.0,36,0,0,0.0,0,0,0,,,,,,,,,,,,,,,,0,0,,0,,,,,,,,,,,,,
bear_body20_range22_vol20_cp20__below_ema_slope_up__slip0bps__sl0.5atr__tp1atr__h72,bear_body20_range22_vol20_cp20,below_ema_slope_up,0.0,0.5,1.0,2.0,72,0,0,0.0,0,0,0,,,,,,,,,,,,,,,,0,0,,0,,,,,,,,,,,,,
bear_body20_range22_vol20_cp20__below_ema_slope_up__slip0bps__sl0.5atr__tp1.5atr__h12,bear_body20_range22_vol20_cp20,below_ema_slope_up,0.0,0.5,1.5,3.0,12,0,0,0.0,0,0,0,,,,,,,,,,,,,,,,0,0,,0,,,,,,,,,,,,,
bear_body20_range22_vol20_cp20__below_ema_slope_up__slip0bps__sl0.5atr__tp1.5atr__h36,bear_body20_range22_vol20_cp20,below_ema_slope_up,0.0,0.5,1.5,3.0,36,0,0,0.0,0,0,0,,,,,,,,,,,,,,,,0,0,,0,,,,,,,,,,,,,
bear_body20_range22_vol20_cp20__below_ema_slope_up__slip0bps__sl0.5atr__tp1.5atr__h72,bear_body20_range22_vol20_cp20,below_ema_slope_up,0.0,0.5,1.5,3.0,72,0,0,0.0,0,0,0,,,,,,,,,,,,,,,,0,0,,0,,,,,,,,,,,,,
bear_body20_range22_vol20_cp20__below_ema_slope_up__slip0bps__sl0.5atr__tp2atr__h12,bear_body20_range22_vol20_cp20,below_ema_slope_up,0.0,0.5,2.0,4.0,12,0,0,0.0,0,0,0,,,,,,,,,,,,,,,,0,0,,0,,,,,,,,,,,,,
bear_body20_range22_vol20_cp20__below_ema_slope_up__slip0bps__sl0.5atr__tp2atr__h36,bear_body20_range22_vol20_cp20,below_ema_slope_up,0.0,0.5,2.0,4.0,36,0,0,0.0,0,0,0,,,,,,,,,,,,,,,,0,0,,0,,,,,,,,,,,,,
bear_body20_range22_vol20_cp20__below_ema_slope_up__slip0bps__sl0.5atr__tp2atr__h72,bear_body20_range22_vol20_cp20,below_ema_slope_up,0.0,0.5,2.0,4.0,72,0,0,0.0,0,0,0,,,,,,,,,,,,,,,,0,0,,0,,,,,,,,,,,,,
bear_body20_range22_vol20_cp20__below_ema_slope_up__slip0bps__sl0.5atr__tp3atr__h12,bear_body20_range22_vol20_cp20,below_ema_slope_up,0.0,0.5,3.0,6.0,12,0,0,0.0,0,0,0,,,,,,,,,,,,,,,,0,0,,0,,,,,,,,,,,,,
bear_body20_range22_vol20_cp20__below_ema_slope_up__slip0bps__sl0.5atr__tp3atr__h36,bear_body20_range22_vol20_cp20,below_ema_slope_up,0.0,0.5,3.0,6.0,36,0,0,0.0,0,0,0,,,,,,,,,,,,,,,,0,0,,0,,,,,,,,,,,,,
bear_body20_range22_vol20_cp20__below_ema_slope_up__slip0bps__sl0.5atr__tp3atr__h72,bear_body20_range22_vol20_cp20,below_ema_slope_up,0.0,0.5,3.0,6.0,72,0,0,0.0,0,0,0,,,,,,,,,,,,,,,,0,0,,0,,,,,,,,,,,,,
bear_body20_range22_vol20_cp20__below_ema_slope_up__slip0bps__sl0.75atr__tp1atr__h12,bear_body20_range22_vol20_cp20,below_ema_slope_up,0.0,0.75,1.0,1.3333333333333333,12,0,0,0.0,0,0,0,,,,,,,,,,,,,,,,0,0,,0,,,,,,,,,,,,,
bear_body20_range22_vol20_cp20__below_ema_slope_up__slip0bps__sl0.75atr__tp1atr__h36,bear_body20_range22_vol20_cp20,below_ema_slope_up,0.0,0.75,1.0,1.3333333333333333,36,0,0,0.0,0,0,0,,,,,,,,,,,,,,,,0,0,,0,,,,,,,,,,,,,
bear_body20_range22_vol20_cp20__below_ema_slope_up__slip0bps__sl0.75atr__tp1atr__h72,bear_body20_range22_vol20_cp20,below_ema_slope_up,0.0,0.75,1.0,1.3333333333333333,72,0,0,0.0,0,0,0,,,,,,,,,,,,,,,,0,0,,0,,,,,,,,,,,,,
bear_body20_range22_vol20_cp20__below_ema_slope_up__slip0bps__sl0.75atr__tp1.5atr__h12,bear_body20_range22_vol20_cp20,below_ema_slope_up,0.0,0.75,1.5,2.0,12,0,0,0.0,0,0,0,,,,,,,,,,,,,,,,0,0,,0,,,,,,,,,,,,,
bear_body20_range22_vol20_cp20__below_ema_slope_up__slip0bps__sl0.75atr__tp1.5atr__h36,bear_body20_range22_vol20_cp20,below_ema_slope_up,0.0,0.75,1.5,2.0,36,0,0,0.0,0,0,0,,,,,,,,,,,,,,,,0,0,,0,,,,,,,,,,,,,
bear_body20_range22_vol20_cp20__below_ema_slope_up__slip0bps__sl0.75atr__tp1.5atr__h72,bear_body20_range22_vol20_cp20,below_ema_slope_up,0.0,0.75,1.5,2.0,72,0,0,0.0,0,0,0,,,,,,,,,,,,,,,,0,0,,0,,,,,,,,,,,,,
bear_body20_range22_vol20_cp20__below_ema_slope_up__slip0bps__sl0.75atr__tp2atr__h12,bear_body20_range22_vol20_cp20,below_ema_slope_up,0.0,0.75,2.0,2.6666666666666665,12,0,0,0.0,0,0,0,,,,,,,,,,,,,,,,0,0,,0,,,,,,,,,,,,,
bear_body20_range22_vol20_cp20__below_ema_slope_up__slip0bps__sl0.75atr__tp2atr__h36,bear_body20_range22_vol20_cp20,below_ema_slope_up,0.0,0.75,2.0,2.6666666666666665,36,0,0,0.0,0,0,0,,,,,,,,,,,,,,,,0,0,,0,,,,,,,,,,,,,
bear_body20_range22_vol20_cp20__below_ema_slope_up__slip0bps__sl0.75atr__tp2atr__h72,bear_body20_range22_vol20_cp20,below_ema_slope_up,0.0,0.75,2.0,2.6666666666666665,72,0,0,0.0,0,0,0,,,,,,,,,,,,,,,,0,0,,0,,,,,,,,,,,,,
bear_body20_range22_vol20_cp20__below_ema_slope_up__slip0bps__sl0.75atr__tp3atr__h12,bear_body20_range22_vol20_cp20,below_ema_slope_up,0.0,0.75,3.0,4.0,12,0,0,0.0,0,0,0,,,,,,,,,,,,,,,,0,0,,0,,,,,,,,,,,,,
bear_body20_range22_vol20_cp20__below_ema_slope_up__slip0bps__sl0.75atr__tp3atr__h36,bear_body20_range22_vol20_cp20,below_ema_slope_up,0.0,0.75,3.0,4.0,36,0,0,0.0,0,0,0,,,,,,,,,,,,,,,,0,0,,0,,,,,,,,,,,,,
bear_body20_range22_vol20_cp20__below_ema_slope_up__slip0bps__sl0.75atr__tp3atr__h72,bear_body20_range22_vol20_cp20,below_ema_slope_up,0.0,0.75,3.0,4.0,72,0,0,0.0,0,0,0,,,,,,,,,,,,,,,,0,0,,0,,,,,,,,,,,,,
bear_body20_range22_vol20_cp20__below_ema_slope_up__slip0bps__sl1atr__tp1atr__h12,bear_body20_range22_vol20_cp20,below_ema_slope_up,0.0,1.0,1.0,1.0,12,0,0,0.0,0,0,0,,,,,,,,,,,,,,,,0,0,,0,,,,,,,,,,,,,
bear_body20_range22_vol20_cp20__below_ema_slope_up__slip0bps__sl1atr__tp1atr__h36,bear_body20_range22_vol20_cp20,below_ema_slope_up,0.0,1.0,1.0,1.0,36,0,0,0.0,0,0,0,,,,,,,,,,,,,,,,0,0,,0,,,,,,,,,,,,,
bear_body20_range22_vol20_cp20__below_ema_slope_up__slip0bps__sl1atr__tp1atr__h72,bear_body20_range22_vol20_cp20,below_ema_slope_up,0.0,1.0,1.0,1.0,72,0,0,0.0,0,0,0,,,,,,,,,,,,,,,,0,0,,0,,,,,,,,,,,,,
bear_body20_range22_vol20_cp20__below_ema_slope_up__slip0bps__sl1atr__tp1.5atr__h12,bear_body20_range22_vol20_cp20,below_ema_slope_up,0.0,1.0,1.5,1.5,12,0,0,0.0,0,0,0,,,,,,,,,,,,,,,,0,0,,0,,,,,,,,,,,,,
bear_body20_range22_vol20_cp20__below_ema_slope_up__slip0bps__sl1atr__tp1.5atr__h36,bear_body20_range22_vol20_cp20,below_ema_slope_up,0.0,1.0,1.5,1.5,36,0,0,0.0,0,0,0,,,,,,,,,,,,,,,,0,0,,0,,,,,,,,,,,,,
bear_body20_range22_vol20_cp20__below_ema_slope_up__slip0bps__sl1atr__tp1.5atr__h72,bear_body20_range22_vol20_cp20,below_ema_slope_up,0.0,1.0,1.5,1.5,72,0,0,0.0,0,0,0,,,,,,,,,,,,,,,,0,0,,0,,,,,,,,,,,,,
bear_body20_range22_vol20_cp20__below_ema_slope_up__slip0bps__sl1atr__tp2atr__h12,bear_body20_range22_vol20_cp20,below_ema_slope_up,0.0,1.0,2.0,2.0,12,0,0,0.0,0,0,0,,,,,,,,,,,,,,,,0,0,,0,,,,,,,,,,,,,
bear_body20_range22_vol20_cp20__below_ema_slope_up__slip0bps__sl1atr__tp2atr__h36,bear_body20_range22_vol20_cp20,below_ema_slope_up,0.0,1.0,2.0,2.0,36,0,0,0.0,0,0,0,,,,,,,,,,,,,,,,0,0,,0,,,,,,,,,,,,,
bear_body20_range22_vol20_cp20__below_ema_slope_up__slip0bps__sl1atr__tp2atr__h72,bear_body20_range22_vol20_cp20,below_ema_slope_up,0.0,1.0,2.0,2.0,72,0,0,0.0,0,0,0,,,,,,,,,,,,,,,,0,0,,0,,,,,,,,,,,,,
bear_body20_range22_vol20_cp20__below_ema_slope_up__slip0bps__sl1atr__tp3atr__h12,bear_body20_range22_vol20_cp20,below_ema_slope_up,0.0,1.0,3.0,3.0,12,0,0,0.0,0,0,0,,,,,,,,,,,,,,,,0,0,,0,,,,,,,,,,,,,
bear_body20_range22_vol20_cp20__below_ema_slope_up__slip0bps__sl1atr__tp3atr__h36,bear_body20_range22_vol20_cp20,below_ema_slope_up,0.0,1.0,3.0,3.0,36,0,0,0.0,0,0,0,,,,,,,,,,,,,,,,0,0,,0,,,,,,,,,,,,,
bear_body20_range22_vol20_cp20__below_ema_slope_up__slip0bps__sl1atr__tp3atr__h72,bear_body20_range22_vol20_cp20,below_ema_slope_up,0.0,1.0,3.0,3.0,72,0,0,0.0,0,0,0,,,,,,,,,,,,,,,,0,0,,0,,,,,,,,,,,,,
bear_body20_range22_vol20_cp20__below_ema_slope_up__slip1bps__sl0.5atr__tp1atr__h12,bear_body20_range22_vol20_cp20,below_ema_slope_up,1.0,0.5,1.0,2.0,12,0,0,0.0,0,0,0,,,,,,,,,,,,,,,,0,0,,0,,,,,,,,,,,,,
bear_body20_range22_vol20_cp20__below_ema_slope_up__slip1bps__sl0.5atr__tp1atr__h36,bear_body20_range22_vol20_cp20,below_ema_slope_up,1.0,0.5,1.0,2.0,36,0,0,0.0,0,0,0,,,,,,,,,,,,,,,,0,0,,0,,,,,,,,,,,,,
bear_body20_range22_vol20_cp20__below_ema_slope_up__slip1bps__sl0.5atr__tp1atr__h72,bear_body20_range22_vol20_cp20,below_ema_slope_up,1.0,0.5,1.0,2.0,72,0,0,0.0,0,0,0,,,,,,,,,,,,,,,,0,0,,0,,,,,,,,,,,,,
bear_body20_range22_vol20_cp20__below_ema_slope_up__slip1bps__sl0.5atr__tp1.5atr__h12,bear_body20_range22_vol20_cp20,below_ema_slope_up,1.0,0.5,1.5,3.0,12,0,0,0.0,0,0,0,,,,,,,,,,,,,,,,0,0,,0,,,,,,,,,,,,,
bear_body20_range22_vol20_cp20__below_ema_slope_up__slip1bps__sl0.5atr__tp1.5atr__h36,bear_body20_range22_vol20_cp20,below_ema_slope_up,1.0,0.5,1.5,3.0,36,0,0,0.0,0,0,0,,,,,,,,,,,,,,,,0,0,,0,,,,,,,,,,,,,
bear_body20_range22_vol20_cp20__below_ema_slope_up__slip1bps__sl0.5atr__tp1.5atr__h72,bear_body20_range22_vol20_cp20,below_ema_slope_up,1.0,0.5,1.5,3.0,72,0,0,0.0,0,0,0,,,,,,,,,,,,,,,,0,0,,0,,,,,,,,,,,,,
bear_body20_range22_vol20_cp20__below_ema_slope_up__slip1bps__sl0.5atr__tp2atr__h12,bear_body20_range22_vol20_cp20,below_ema_slope_up,1.0,0.5,2.0,4.0,12,0,0,0.0,0,0,0,,,,,,,,,,,,,,,,0,0,,0,,,,,,,,,,,,,
bear_body20_range22_vol20_cp20__below_ema_slope_up__slip1bps__sl0.5atr__tp2atr__h36,bear_body20_range22_vol20_cp20,below_ema_slope_up,1.0,0.5,2.0,4.0,36,0,0,0.0,0,0,0,,,,,,,,,,,,,,,,0,0,,0,,,,,,,,,,,,,
bear_body20_range22_vol20_cp20__below_ema_slope_up__slip1bps__sl0.5atr__tp2atr__h72,bear_body20_range22_vol20_cp20,below_ema_slope_up,1.0,0.5,2.0,4.0,72,0,0,0.0,0,0,0,,,,,,,,,,,,,,,,0,0,,0,,,,,,,,,,,,,
bear_body20_range22_vol20_cp20__below_ema_slope_up__slip1bps__sl0.5atr__tp3atr__h12,bear_body20_range22_vol20_cp20,below_ema_slope_up,1.0,0.5,3.0,6.0,12,0,0,0.0,0,0,0,,,,,,,,,,,,,,,,0,0,,0,,,,,,,,,,,,,
bear_body20_range22_vol20_cp20__below_ema_slope_up__slip1bps__sl0.5atr__tp3atr__h36,bear_body20_range22_vol20_cp20,below_ema_slope_up,1.0,0.5,3.0,6.0,36,0,0,0.0,0,0,0,,,,,,,,,,,,,,,,0,0,,0,,,,,,,,,,,,,
bear_body20_range22_vol20_cp20__below_ema_slope_up__slip1bps__sl0.5atr__tp3atr__h72,bear_body20_range22_vol20_cp20,below_ema_slope_up,1.0,0.5,3.0,6.0,72,0,0,0.0,0,0,0,,,,,,,,,,,,,,,,0,0,,0,,,,,,,,,,,,,
bear_body20_range22_vol20_cp20__below_ema_slope_up__slip1bps__sl0.75atr__tp1atr__h12,bear_body20_range22_vol20_cp20,below_ema_slope_up,1.0,0.75,1.0,1.3333333333333333,12,0,0,0.0,0,0,0,,,,,,,,,,,,,,,,0,0,,0,,,,,,,,,,,,,
bear_body20_range22_vol20_cp20__below_ema_slope_up__slip1bps__sl0.75atr__tp1atr__h36,bear_body20_range22_vol20_cp20,below_ema_slope_up,1.0,0.75,1.0,1.3333333333333333,36,0,0,0.0,0,0,0,,,,,,,,,,,,,,,,0,0,,0,,,,,,,,,,,,,
bear_body20_range22_vol20_cp20__below_ema_slope_up__slip1bps__sl0.75atr__tp1atr__h72,bear_body20_range22_vol20_cp20,below_ema_slope_up,1.0,0.75,1.0,1.3333333333333333,72,0,0,0.0,0,0,0,,,,,,,,,,,,,,,,0,0,,0,,,,,,,,,,,,,
bear_body20_range22_vol20_cp20__below_ema_slope_up__slip1bps__sl0.75atr__tp1.5atr__h12,bear_body20_range22_vol20_cp20,below_ema_slope_up,1.0,0.75,1.5,2.0,12,0,0,0.0,0,0,0,,,,,,,,,,,,,,,,0,0,,0,,,,,,,,,,,,,
bear_body20_range22_vol20_cp20__below_ema_slope_up__slip1bps__sl0.75atr__tp1.5atr__h36,bear_body20_range22_vol20_cp20,below_ema_slope_up,1.0,0.75,1.5,2.0,36,0,0,0.0,0,0,0,,,,,,,,,,,,,,,,0,0,,0,,,,,,,,,,,,,
bear_body20_range22_vol20_cp20__below_ema_slope_up__slip1bps__sl0.75atr__tp1.5atr__h72,bear_body20_range22_vol20_cp20,below_ema_slope_up,1.0,0.75,1.5,2.0,72,0,0,0.0,0,0,0,,,,,,,,,,,,,,,,0,0,,0,,,,,,,,,,,,,
bear_body20_range22_vol20_cp20__below_ema_slope_up__slip1bps__sl0.75atr__tp2atr__h12,bear_body20_range22_vol20_cp20,below_ema_slope_up,1.0,0.75,2.0,2.6666666666666665,12,0,0,0.0,0,0,0,,,,,,,,,,,,,,,,0,0,,0,,,,,,,,,,,,,
bear_body20_range22_vol20_cp20__below_ema_slope_up__slip1bps__sl0.75atr__tp2atr__h36,bear_body20_range22_vol20_cp20,below_ema_slope_up,1.0,0.75,2.0,2.6666666666666665,36,0,0,0.0,0,0,0,,,,,,,,,,,,,,,,0,0,,0,,,,,,,,,,,,,
bear_body20_range22_vol20_cp20__below_ema_slope_up__slip1bps__sl0.75atr__tp2atr__h72,bear_body20_range22_vol20_cp20,below_ema_slope_up,1.0,0.75,2.0,2.6666666666666665,72,0,0,0.0,0,0,0,,,,,,,,,,,,,,,,0,0,,0,,,,,,,,,,,,,
bear_body20_range22_vol20_cp20__below_ema_slope_up__slip1bps__sl0.75atr__tp3atr__h12,bear_body20_range22_vol20_cp20,below_ema_slope_up,1.0,0.75,3.0,4.0,12,0,0,0.0,0,0,0,,,,,,,,,,,,,,,,0,0,,0,,,,,,,,,,,,,
bear_body20_range22_vol20_cp20__below_ema_slope_up__slip1bps__sl0.75atr__tp3atr__h36,bear_body20_range22_vol20_cp20,below_ema_slope_up,1.0,0.75,3.0,4.0,36,0,0,0.0,0,0,0,,,,,,,,,,,,,,,,0,0,,0,,,,,,,,,,,,,
bear_body20_range22_vol20_cp20__below_ema_slope_up__slip1bps__sl0.75atr__tp3atr__h72,bear_body20_range22_vol20_cp20,below_ema_slope_up,1.0,0.75,3.0,4.0,72,0,0,0.0,0,0,0,,,,,,,,,,,,,,,,0,0,,0,,,,,,,,,,,,,
bear_body20_range22_vol20_cp20__below_ema_slope_up__slip1bps__sl1atr__tp1atr__h12,bear_body20_range22_vol20_cp20,below_ema_slope_up,1.0,1.0,1.0,1.0,12,0,0,0.0,0,0,0,,,,,,,,,,,,,,,,0,0,,0,,,,,,,,,,,,,
bear_body20_range22_vol20_cp20__below_ema_slope_up__slip1bps__sl1atr__tp1atr__h36,bear_body20_range22_vol20_cp20,below_ema_slope_up,1.0,1.0,1.0,1.0,36,0,0,0.0,0,0,0,,,,,,,,,,,,,,,,0,0,,0,,,,,,,,,,,,,
bear_body20_range22_vol20_cp20__below_ema_slope_up__slip1bps__sl1atr__tp1atr__h72,bear_body20_range22_vol20_cp20,below_ema_slope_up,1.0,1.0,1.0,1.0,72,0,0,0.0,0,0,0,,,,,,,,,,,,,,,,0,0,,0,,,,,,,,,,,,,
bear_body20_range22_vol20_cp20__below_ema_slope_up__slip1bps__sl1atr__tp1.5atr__h12,bear_body20_range22_vol20_cp20,below_ema_slope_up,1.0,1.0,1.5,1.5,12,0,0,0.0,0,0,0,,,,,,,,,,,,,,,,0,0,,0,,,,,,,,,,,,,
bear_body20_range22_vol20_cp20__below_ema_slope_up__slip1bps__sl1atr__tp1.5atr__h36,bear_body20_range22_vol20_cp20,below_ema_slope_up,1.0,1.0,1.5,1.5,36,0,0,0.0,0,0,0,,,,,,,,,,,,,,,,0,0,,0,,,,,,,,,,,,,
bear_body20_range22_vol20_cp20__below_ema_slope_up__slip1bps__sl1atr__tp1.5atr__h72,bear_body20_range22_vol20_cp20,below_ema_slope_up,1.0,1.0,1.5,1.5,72,0,0,0.0,0,0,0,,,,,,,,,,,,,,,,0,0,,0,,,,,,,,,,,,,
bear_body20_range22_vol20_cp20__below_ema_slope_up__slip1bps__sl1atr__tp2atr__h12,bear_body20_range22_vol20_cp20,below_ema_slope_up,1.0,1.0,2.0,2.0,12,0,0,0.0,0,0,0,,,,,,,,,,,,,,,,0,0,,0,,,,,,,,,,,,,
bear_body20_range22_vol20_cp20__below_ema_slope_up__slip1bps__sl1atr__tp2atr__h36,bear_body20_range22_vol20_cp20,below_ema_slope_up,1.0,1.0,2.0,2.0,36,0,0,0.0,0,0,0,,,,,,,,,,,,,,,,0,0,,0,,,,,,,,,,,,,
bear_body20_range22_vol20_cp20__below_ema_slope_up__slip1bps__sl1atr__tp2atr__h72,bear_body20_range22_vol20_cp20,below_ema_slope_up,1.0,1.0,2.0,2.0,72,0,0,0.0,0,0,0,,,,,,,,,,,,,,,,0,0,,0,,,,,,,,,,,,,
bear_body20_range22_vol20_cp20__below_ema_slope_up__slip1bps__sl1atr__tp3atr__h12,bear_body20_range22_vol20_cp20,below_ema_slope_up,1.0,1.0,3.0,3.0,12,0,0,0.0,0,0,0,,,,,,,,,,,,,,,,0,0,,0,,,,,,,,,,,,,
bear_body20_range22_vol20_cp20__below_ema_slope_up__slip1bps__sl1atr__tp3atr__h36,bear_body20_range22_vol20_cp20,below_ema_slope_up,1.0,1.0,3.0,3.0,36,0,0,0.0,0,0,0,,,,,,,,,,,,,,,,0,0,,0,,,,,,,,,,,,,
bear_body20_range22_vol20_cp20__below_ema_slope_up__slip1bps__sl1atr__tp3atr__h72,bear_body20_range22_vol20_cp20,below_ema_slope_up,1.0,1.0,3.0,3.0,72,0,0,0.0,0,0,0,,,,,,,,,,,,,,,,0,0,,0,,,,,,,,,,,,,
bear_body20_range22_vol20_cp20__below_ema_slope_up__slip2bps__sl0.5atr__tp1atr__h12,bear_body20_range22_vol20_cp20,below_ema_slope_up,2.0,0.5,1.0,2.0,12,0,0,0.0,0,0,0,,,,,,,,,,,,,,,,0,0,,0,,,,,,,,,,,,,
bear_body20_range22_vol20_cp20__below_ema_slope_up__slip2bps__sl0.5atr__tp1atr__h36,bear_body20_range22_vol20_cp20,below_ema_slope_up,2.0,0.5,1.0,2.0,36,0,0,0.0,0,0,0,,,,,,,,,,,,,,,,0,0,,0,,,,,,,,,,,,,
bear_body20_range22_vol20_cp20__below_ema_slope_up__slip2bps__sl0.5atr__tp1atr__h72,bear_body20_range22_vol20_cp20,below_ema_slope_up,2.0,0.5,1.0,2.0,72,0,0,0.0,0,0,0,,,,,,,,,,,,,,,,0,0,,0,,,,,,,,,,,,,
bear_body20_range22_vol20_cp20__below_ema_slope_up__slip2bps__sl0.5atr__tp1.5atr__h12,bear_body20_range22_vol20_cp20,below_ema_slope_up,2.0,0.5,1.5,3.0,12,0,0,0.0,0,0,0,,,,,,,,,,,,,,,,0,0,,0,,,,,,,,,,,,,
bear_body20_range22_vol20_cp20__below_ema_slope_up__slip2bps__sl0.5atr__tp1.5atr__h36,bear_body20_range22_vol20_cp20,below_ema_slope_up,2.0,0.5,1.5,3.0,36,0,0,0.0,0,0,0,,,,,,,,,,,,,,,,0,0,,0,,,,,,,,,,,,,
bear_body20_range22_vol20_cp20__below_ema_slope_up__slip2bps__sl0.5atr__tp1.5atr__h72,bear_body20_range22_vol20_cp20,below_ema_slope_up,2.0,0.5,1.5,3.0,72,0,0,0.0,0,0,0,,,,,,,,,,,,,,,,0,0,,0,,,,,,,,,,,,,
bear_body20_range22_vol20_cp20__below_ema_slope_up__slip2bps__sl0.5atr__tp2atr__h12,bear_body20_range22_vol20_cp20,below_ema_slope_up,2.0,0.5,2.0,4.0,12,0,0,0.0,0,0,0,,,,,,,,,,,,,,,,0,0,,0,,,,,,,,,,,,,
bear_body20_range22_vol20_cp20__below_ema_slope_up__slip2bps__sl0.5atr__tp2atr__h36,bear_body20_range22_vol20_cp20,below_ema_slope_up,2.0,0.5,2.0,4.0,36,0,0,0.0,0,0,0,,,,,,,,,,,,,,,,0,0,,0,,,,,,,,,,,,,
bear_body20_range22_vol20_cp20__below_ema_slope_up__slip2bps__sl0.5atr__tp2atr__h72,bear_body20_range22_vol20_cp20,below_ema_slope_up,2.0,0.5,2.0,4.0,72,0,0,0.0,0,0,0,,,,,,,,,,,,,,,,0,0,,0,,,,,,,,,,,,,
bear_body20_range22_vol20_cp20__below_ema_slope_up__slip2bps__sl0.5atr__tp3atr__h12,bear_body20_range22_vol20_cp20,below_ema_slope_up,2.0,0.5,3.0,6.0,12,0,0,0.0,0,0,0,,,,,,,,,,,,,,,,0,0,,0,,,,,,,,,,,,,
bear_body20_range22_vol20_cp20__below_ema_slope_up__slip2bps__sl0.5atr__tp3atr__h36,bear_body20_range22_vol20_cp20,below_ema_slope_up,2.0,0.5,3.0,6.0,36,0,0,0.0,0,0,0,,,,,,,,,,,,,,,,0,0,,0,,,,,,,,,,,,,
bear_body20_range22_vol20_cp20__below_ema_slope_up__slip2bps__sl0.5atr__tp3atr__h72,bear_body20_range22_vol20_cp20,below_ema_slope_up,2.0,0.5,3.0,6.0,72,0,0,0.0,0,0,0,,,,,,,,,,,,,,,,0,0,,0,,,,,,,,,,,,,
bear_body20_range22_vol20_cp20__below_ema_slope_up__slip2bps__sl0.75atr__tp1atr__h12,bear_body20_range22_vol20_cp20,below_ema_slope_up,2.0,0.75,1.0,1.3333333333333333,12,0,0,0.0,0,0,0,,,,,,,,,,,,,,,,0,0,,0,,,,,,,,,,,,,
bear_body20_range22_vol20_cp20__below_ema_slope_up__slip2bps__sl0.75atr__tp1atr__h36,bear_body20_range22_vol20_cp20,below_ema_slope_up,2.0,0.75,1.0,1.3333333333333333,36,0,0,0.0,0,0,0,,,,,,,,,,,,,,,,0,0,,0,,,,,,,,,,,,,
bear_body20_range22_vol20_cp20__below_ema_slope_up__slip2bps__sl0.75atr__tp1atr__h72,bear_body20_range22_vol20_cp20,below_ema_slope_up,2.0,0.75,1.0,1.3333333333333333,72,0,0,0.0,0,0,0,,,,,,,,,,,,,,,,0,0,,0,,,,,,,,,,,,,
bear_body20_range22_vol20_cp20__below_ema_slope_up__slip2bps__sl0.75atr__tp1.5atr__h12,bear_body20_range22_vol20_cp20,below_ema_slope_up,2.0,0.75,1.5,2.0,12,0,0,0.0,0,0,0,,,,,,,,,,,,,,,,0,0,,0,,,,,,,,,,,,,
bear_body20_range22_vol20_cp20__below_ema_slope_up__slip2bps__sl0.75atr__tp1.5atr__h36,bear_body20_range22_vol20_cp20,below_ema_slope_up,2.0,0.75,1.5,2.0,36,0,0,0.0,0,0,0,,,,,,,,,,,,,,,,0,0,,0,,,,,,,,,,,,,
bear_body20_range22_vol20_cp20__below_ema_slope_up__slip2bps__sl0.75atr__tp1.5atr__h72,bear_body20_range22_vol20_cp20,below_ema_slope_up,2.0,0.75,1.5,2.0,72,0,0,0.0,0,0,0,,,,,,,,,,,,,,,,0,0,,0,,,,,,,,,,,,,
bear_body20_range22_vol20_cp20__below_ema_slope_up__slip2bps__sl0.75atr__tp2atr__h12,bear_body20_range22_vol20_cp20,below_ema_slope_up,2.0,0.75,2.0,2.6666666666666665,12,0,0,0.0,0,0,0,,,,,,,,,,,,,,,,0,0,,0,,,,,,,,,,,,,
bear_body20_range22_vol20_cp20__below_ema_slope_up__slip2bps__sl0.75atr__tp2atr__h36,bear_body20_range22_vol20_cp20,below_ema_slope_up,2.0,0.75,2.0,2.6666666666666665,36,0,0,0.0,0,0,0,,,,,,,,,,,,,,,,0,0,,0,,,,,,,,,,,,,
bear_body20_range22_vol20_cp20__below_ema_slope_up__slip2bps__sl0.75atr__tp2atr__h72,bear_body20_range22_vol20_cp20,below_ema_slope_up,2.0,0.75,2.0,2.6666666666666665,72,0,0,0.0,0,0,0,,,,,,,,,,,,,,,,0,0,,0,,,,,,,,,,,,,
bear_body20_range22_vol20_cp20__below_ema_slope_up__slip2bps__sl0.75atr__tp3atr__h12,bear_body20_range22_vol20_cp20,below_ema_slope_up,2.0,0.75,3.0,4.0,12,0,0,0.0,0,0,0,,,,,,,,,,,,,,,,0,0,,0,,,,,,,,,,,,,
bear_body20_range22_vol20_cp20__below_ema_slope_up__slip2bps__sl0.75atr__tp3atr__h36,bear_body20_range22_vol20_cp20,below_ema_slope_up,2.0,0.75,3.0,4.0,36,0,0,0.0,0,0,0,,,,,,,,,,,,,,,,0,0,,0,,,,,,,,,,,,,
bear_body20_range22_vol20_cp20__below_ema_slope_up__slip2bps__sl0.75atr__tp3atr__h72,bear_body20_range22_vol20_cp20,below_ema_slope_up,2.0,0.75,3.0,4.0,72,0,0,0.0,0,0,0,,,,,,,,,,,,,,,,0,0,,0,,,,,,,,,,,,,
bear_body20_range22_vol20_cp20__below_ema_slope_up__slip2bps__sl1atr__tp1atr__h12,bear_body20_range22_vol20_cp20,below_ema_slope_up,2.0,1.0,1.0,1.0,12,0,0,0.0,0,0,0,,,,,,,,,,,,,,,,0,0,,0,,,,,,,,,,,,,
bear_body20_range22_vol20_cp20__below_ema_slope_up__slip2bps__sl1atr__tp1atr__h36,bear_body20_range22_vol20_cp20,below_ema_slope_up,2.0,1.0,1.0,1.0,36,0,0,0.0,0,0,0,,,,,,,,,,,,,,,,0,0,,0,,,,,,,,,,,,,
bear_body20_range22_vol20_cp20__below_ema_slope_up__slip2bps__sl1atr__tp1atr__h72,bear_body20_range22_vol20_cp20,below_ema_slope_up,2.0,1.0,1.0,1.0,72,0,0,0.0,0,0,0,,,,,,,,,,,,,,,,0,0,,0,,,,,,,,,,,,,
bear_body20_range22_vol20_cp20__below_ema_slope_up__slip2bps__sl1atr__tp1.5atr__h12,bear_body20_range22_vol20_cp20,below_ema_slope_up,2.0,1.0,1.5,1.5,12,0,0,0.0,0,0,0,,,,,,,,,,,,,,,,0,0,,0,,,,,,,,,,,,,
bear_body20_range22_vol20_cp20__below_ema_slope_up__slip2bps__sl1atr__tp1.5atr__h36,bear_body20_range22_vol20_cp20,below_ema_slope_up,2.0,1.0,1.5,1.5,36,0,0,0.0,0,0,0,,,,,,,,,,,,,,,,0,0,,0,,,,,,,,,,,,,
bear_body20_range22_vol20_cp20__below_ema_slope_up__slip2bps__sl1atr__tp1.5atr__h72,bear_body20_range22_vol20_cp20,below_ema_slope_up,2.0,1.0,1.5,1.5,72,0,0,0.0,0,0,0,,,,,,,,,,,,,,,,0,0,,0,,,,,,,,,,,,,
bear_body20_range22_vol20_cp20__below_ema_slope_up__slip2bps__sl1atr__tp2atr__h12,bear_body20_range22_vol20_cp20,below_ema_slope_up,2.0,1.0,2.0,2.0,12,0,0,0.0,0,0,0,,,,,,,,,,,,,,,,0,0,,0,,,,,,,,,,,,,
bear_body20_range22_vol20_cp20__below_ema_slope_up__slip2bps__sl1atr__tp2atr__h36,bear_body20_range22_vol20_cp20,below_ema_slope_up,2.0,1.0,2.0,2.0,36,0,0,0.0,0,0,0,,,,,,,,,,,,,,,,0,0,,0,,,,,,,,,,,,,
bear_body20_range22_vol20_cp20__below_ema_slope_up__slip2bps__sl1atr__tp2atr__h72,bear_body20_range22_vol20_cp20,below_ema_slope_up,2.0,1.0,2.0,2.0,72,0,0,0.0,0,0,0,,,,,,,,,,,,,,,,0,0,,0,,,,,,,,,,,,,
bear_body20_range22_vol20_cp20__below_ema_slope_up__slip2bps__sl1atr__tp3atr__h12,bear_body20_range22_vol20_cp20,below_ema_slope_up,2.0,1.0,3.0,3.0,12,0,0,0.0,0,0,0,,,,,,,,,,,,,,,,0,0,,0,,,,,,,,,,,,,
bear_body20_range22_vol20_cp20__below_ema_slope_up__slip2bps__sl1atr__tp3atr__h36,bear_body20_range22_vol20_cp20,below_ema_slope_up,2.0,1.0,3.0,3.0,36,0,0,0.0,0,0,0,,,,,,,,,,,,,,,,0,0,,0,,,,,,,,,,,,,
bear_body20_range22_vol20_cp20__below_ema_slope_up__slip2bps__sl1atr__tp3atr__h72,bear_body20_range22_vol20_cp20,below_ema_slope_up,2.0,1.0,3.0,3.0,72,0,0,0.0,0,0,0,,,,,,,,,,,,,,,,0,0,,0,,,,,,,,,,,,,
bear_range25_body08_vol15_cp20__all__slip0bps__sl0.5atr__tp1atr__h12,bear_range25_body08_vol15_cp20,all,0.0,0.5,1.0,2.0,12,214122,214122,100.0,73686,140436,0,34.413091601983915,-0.07427291201283541,0.005729379739060194,0.7060434556307784,0.7330352853275345,34.347241292347356,65.5490794967355,0.10367921091714069,1.3687150316174892,0.00707423231067298,0.6839416083684261,0.34197080418421305,-33.28372547820872,68.87636843396216,-0.0007427291201283541,595,57,9.57983193277311,26,0.0,190528.0,-0.07598794116285959,0.7183434020843291,34.03751679543164,23594.0,-0.06042358278100548,0.8254822397297824,37.445960837501055,2900.0,-0.11210267613601092,0.5997029856296796,29.48275862068965
bear_range25_body08_vol15_cp20__all__slip0bps__sl0.5atr__tp1atr__h36,bear_range25_body08_vol15_cp20,all,0.0,0.5,1.0,2.0,36,214122,214122,100.0,73653,140469,0,34.397679827388124,-0.07430369882645874,0.005698580605783536,0.7067603839498583,0.7331499468650089,34.39394363960733,65.60138612566668,0.004670234725997329,1.3746041976069718,0.00707423231067298,0.6839416083684261,0.34197080418421305,-33.28372547820872,68.87636843396216,-0.0007430369882645873,595,57,9.57983193277311,26,0.0,190528.0,-0.07599302116028062,0.7185598939095901,34.0249202216997,23594.0,-0.060661959163052906,0.824950634603173,37.40781554632534,2900.0,-0.11248568196737553,0.599061916464061,29.413793103448278
bear_range25_body08_vol15_cp20__all__slip0bps__sl0.5atr__tp1atr__h72,bear_range25_body08_vol15_cp20,all,0.0,0.5,1.0,2.0,72,214122,214122,100.0,73652,140470,0,34.39721280391552,-0.07428956962716633,0.005712715459017255,0.7068231905795513,0.7332112847451533,34.396278756970325,65.60278719608448,0.0009340469451994658,1.3753234137547754,0.00707423231067298,0.6839416083684261,0.34197080418421305,-33.28372547820872,68.87636843396216,-0.0007428956962716633,595,57,9.57983193277311,26,0.0,190528.0,-0.07597742336032882,0.7186306104070466,34.02439536446087,23594.0,-0.060659689315563,0.8249571845954272,37.40781554632534,2900.0,-0.11238136799278389,0.5994337277410814,29.413793103448278
bear_range25_body08_vol15_cp20__all__slip0bps__sl0.5atr__tp1.5atr__h12,bear_range25_body08_vol15_cp20,all,0.0,0.5,1.5,3.0,12,255067,255067,100.0,70208,184859,0,27.525316877526297,-0.053320853690447007,0.02668982223844838,0.8315888909112438,0.8100104718054666,27.01133427687627,72.32099801228696,0.6676677108367606,1.83662331857904,0.006748268828536695,0.9225582863827547,0.30751942879425176,-33.28372547820872,103.35455265094326,-0.0005332085369044701,595,86,14.453781512605044,26,7.6923076923076925,226987.0,-0.05704112313831767,0.7911421521283998,27.18613841321309,28080.0,-0.023247748235895094,0.9319476972093041,30.267094017094013,3768.0,-0.11283343999709501,0.5875840338036845,23.35456475583864
bear_range25_body08_vol15_cp20__all__slip0bps__sl0.5atr__tp1.5atr__h36,bear_range25_body08_vol15_cp20,all,0.0,0.5,1.5,3.0,36,255067,255067,100.0,69755,185312,0,27.347716482336015,-0.0535443661912967,0.02646622029682204,0.8348417020748649,0.8100845593201231,27.326153520447573,72.6479709252863,0.025875554266133995,1.8773851576252514,0.006748268828536695,0.9225582863827547,0.30751942879425176,-33.28372547820872,103.35455265094326,-0.000535443661912967,595,86,14.453781512605044,26,7.6923076923076925,226987.0,-0.057352074237878775,0.7909693633537025,27.00771409816421,28080.0,-0.022764443599789262,0.9336508635401073,30.096153846153843,3768.0,-0.11295688157143208,0.5904366545272276,23.062632696390658
bear_range25_body08_vol15_cp20__all__slip0bps__sl0.5atr__tp1.5atr__h72,bear_range25_body08_vol15_cp20,all,0.0,0.5,1.5,3.0,72,255067,255067,100.0,69732,185335,0,27.338699243728122,-0.05355567399969063,0.02645490796349472,0.8352819304920257,0.8101045297398097,27.33556281290798,72.66012459471433,0.0043125923776889995,1.881619339232437,0.006748268828536695,0.9225582863827547,0.30751942879425176,-33.28372547820872,103.35455265094326,-0.0005355567399969063,595,86,14.453781512605044,26,7.6923076923076925,226987.0,-0.05732773343836245,0.7911179885003478,27.001546344063758,28080.0,-0.0230639198755529,0.9328121058682384,30.064102564102562,3768.0,-0.11247255664189658,0.5921927382263953,23.062632696390658
bear_range25_body08_vol15_cp20__all__slip0bps__sl0.5atr__tp2atr__h12,bear_range25_body08_vol15_cp20,all,0.0,0.5,2.0,4.0,12,265761,265761,100.0,61544,204217,0,23.15764916597996,-0.04510358814763831,0.03491037600276284,0.9747753453636746,0.8443310677492238,21.250672596806904,76.50821602868743,2.2411113745056648,2.3461531225424346,0.006675008911002394,1.1948763293167535,0.2987190823291883,-33.28372547820872,137.83273686792435,-0.0004510358814763831,596,109,18.288590604026847,26,7.6923076923076925,236686.0,-0.049798804343905545,0.8233650255962838,22.899537784237346,29075.0,-0.006882025271293877,0.9805216634515228,25.258813413585557,3989.0,-0.10208023005210974,0.6285449843643292,20.30584106292304
bear_range25_body08_vol15_cp20__all__slip0bps__sl0.5atr__tp2atr__h36,bear_range25_body08_vol15_cp20,all,0.0,0.5,2.0,4.0,36,265761,265761,100.0,59613,206148,0,22.431056475555103,-0.04543029582487235,0.034583537590163735,0.9847865828751442,0.8452775657038286,22.315915427771568,77.5542686850215,0.12981588720692652,2.5085019999172187,0.006675008911002394,1.1948763293167535,0.2987190823291883,-33.28372547820872,137.83273686792435,-0.00045430295824872355,596,105,17.61744966442953,26,3.8461538461538463,236686.0,-0.050324831688765,0.8238802055504847,22.168611578209106,29075.0,-0.00558616459593726,0.9843871051029482,24.56749785038693,3989.0,-0.1000812191130459,0.6418206966462953,19.4785660566558
bear_range25_body08_vol15_cp20__all__slip0bps__sl0.5atr__tp2atr__h72,bear_range25_body08_vol15_cp20,all,0.0,0.5,2.0,4.0,72,265761,265761,100.0,59499,206262,0,22.38816079108673,-0.04533871936208662,0.034675150698192665,0.9862404633275029,0.8457454068908485,22.373485951663337,77.6099578192436,0.016556229093057297,2.527078841515497,0.006675008911002394,1.1948763293167535,0.2987190823291883,-33.28372547820872,137.83273686792435,-0.00045338719362086617,596,106,17.78523489932886,26,3.8461538461538463,236686.0,-0.05026463222429477,0.8242669312617561,22.128474011982117,29075.0,-0.005239162639658817,0.985372617318125,24.502149613069648,3989.0,-0.10114535661332284,0.6389469491496841,19.353221358736526
bear_range25_body08_vol15_cp20__all__slip0bps__sl0.5atr__tp3atr__h12,bear_range25_body08_vol15_cp20,all,0.0,0.5,3.0,6.0,12,270421,270421,100.0,52788,217633,0,19.520673320489163,-0.03142547027407679,0.0485939673128483,1.2536937929044094,0.8947623424084877,12.559305675224927,79.88580768505405,7.554886639721027,3.1501066855014956,0.0066277718211406045,1.7681108961340004,0.29468514935566686,-33.28372547820872,206.78910530188654,-0.00031425470274076795,596,142,23.825503355704697,26,26.923076923076923,240975.0,-0.03918040491619685,0.8651702641654125,19.296192551094514,29446.0,0.03203800100843622,1.0879516950393677,21.35773959111594,4073.0,-0.08544117628483015,0.6922689678922715,18.14387429413209
bear_range25_body08_vol15_cp20__all__slip0bps__sl0.5atr__tp3atr__h36,bear_range25_body08_vol15_cp20,all,0.0,0.5,3.0,6.0,36,270421,270421,100.0,45513,224908,0,16.830423672717725,-0.03339424660396992,0.046624403157293035,1.2880903092206566,0.89237232423778,15.850100399007475,83.10819056212351,1.0417090388690229,3.9147662348708128,0.0066277718211406045,1.7681108961340004,0.29468514935566686,-33.28372547820872,206.78910530188654,-0.0003339424660396992,596,144,24.161073825503358,26,26.923076923076923,240975.0,-0.04018271381349727,0.866871426633877,16.630770826849258,29446.0,0.022160018349363673,1.0584142370372596,18.464307546016435,4073.0,-0.078686427013408,0.7269760120328196,15.762337343481464
bear_range25_body08_vol15_cp20__all__slip0bps__sl0.5atr__tp3atr__h72,bear_range25_body08_vol15_cp20,all,0.0,0.5,3.0,6.0,72,270421,270421,100.0,44396,226025,0,16.417364036077082,-0.03435552165011137,0.04566274344726747,1.2938005605933829,0.8899978332194367,16.260571479286,83.56969318211233,0.16973533860166187,4.081007022383616,0.0066277718211406045,1.7681108961340004,0.29468514935566686,-33.28372547820872,206.78910530188654,-0.0003435552165011137,596,137,22.986577181208055,26,26.923076923076923,240975.0,-0.041008541899944566,0.8650113844035403,16.22242971262579,29446.0,0.020090296277740855,1.0525820157496855,18.0126332948448,4073.0,-0.07858044545827446,0.7287887641241909,15.394058433587038
bear_range25_body08_vol15_cp20__all__slip0bps__sl0.75atr__tp1atr__h12,bear_range25_body08_vol15_cp20,all,0.0,0.75,1.0,1.3333333333333333,12,214122,214122,100.0,91304,122818,0,42.64111114224601,-0.09147374636697041,-0.01147833770205118,0.8524855411879455,0.733163401921264,42.47158162169231,57.18235398511129,0.34606439319640203,1.6266334145954175,0.00707423231067298,0.6839416083684261,0.5129562062763195,-49.885588217313085,68.87636843396216,-0.0009147374636697041,595,65,10.92436974789916,26,0.0,190528.0,-0.09166970217931128,0.7233112330505038,42.28092458851192,23594.0,-0.08989134961297836,0.7936662418956639,45.549716029499024,2900.0,-0.138020989720163,0.5981295168659793,37.03448275862069
bear_range25_body08_vol15_cp20__all__slip0bps__sl0.75atr__tp1atr__h36,bear_range25_body08_vol15_cp20,all,0.0,0.75,1.0,1.3333333333333333,36,214122,214122,100.0,91294,122828,0,42.63644090752001,-0.09161229497546951,-0.011616941752170363,0.8556295323979561,0.7334850711389774,42.62663341459542,57.35561969344579,0.01774689195878985,1.6476448006276796,0.00707423231067298,0.6839416083684261,0.5129562062763195,-49.885588217313085,68.87636843396216,-0.0009161229497546951,595,65,10.92436974789916,26,0.0,190528.0,-0.09180056722929567,0.7236286315412672,42.277775445078944,23594.0,-0.09009194505697384,0.7939513695463527,45.53276256675426,2900.0,-0.13847350405675007,0.601897717342838,37.137931034482754
bear_range25_body08_vol15_cp20__all__slip0bps__sl0.75atr__tp1atr__h72,bear_range25_body08_vol15_cp20,all,0.0,0.75,1.0,1.3333333333333333,72,214122,214122,100.0,91295,122827,0,42.636907930992614,-0.09165083311861416,-0.011655495316740825,0.8573930374945201,0.7334606908117887,42.63503983710221,57.362625045534784,0.0023351173629986644,1.650115354797732,0.00707423231067298,0.6839416083684261,0.5129562062763195,-49.885588217313085,68.87636843396216,-0.0009165083311861417,595,65,10.92436974789916,26,0.0,190528.0,-0.09183483346045508,0.723620437846143,42.27830030231777,23594.0,-0.09016498005723095,0.7938339126598392,45.53276256675426,2900.0,-0.14135384857720243,0.5970742987924996,37.137931034482754
bear_range25_body08_vol15_cp20__all__slip0bps__sl0.75atr__tp1.5atr__h12,bear_range25_body08_vol15_cp20,all,0.0,0.75,1.5,2.0,12,255067,255067,100.0,88548,166519,0,34.71558453269141,-0.06970709271514691,0.010297026095291251,0.9723437599577646,0.8021902987243427,33.69781273155681,64.77670572829885,1.5254815401443542,2.2799813382366203,0.006748268828536695,0.9225582863827547,0.46127914319137747,-49.885588217313085,103.35455265094326,-0.0006970709271514691,595,86,14.453781512605044,26,3.8461538461538463,226987.0,-0.07238312808978997,0.7884011541638857,34.386110217765776,28080.0,-0.04807513966727939,0.8896847214933792,37.37891737891738,3768.0,-0.12821890019024187,0.6188362728040622,31.024416135881104
bear_range25_body08_vol15_cp20__all__slip0bps__sl0.75atr__tp1.5atr__h36,bear_range25_body08_vol15_cp20,all,0.0,0.75,1.5,2.0,36,255067,255067,100.0,87879,167188,0,34.45330050535741,-0.07038020147436203,0.009623647984831991,0.9806468660607356,0.802419821519283,34.40115734297263,65.52239215578652,0.07645050124085044,2.383801118921695,0.006748268828536695,0.9225582863827547,0.46127914319137747,-49.885588217313085,103.35455265094326,-0.0007038020147436203,595,89,14.957983193277311,26,3.8461538461538463,226987.0,-0.07320841572098352,0.7882404930256637,34.123980668496436,28080.0,-0.04751809794167336,0.8922628148538193,37.11538461538461,3768.0,-0.13007865365579807,0.6216167334498248,30.73248407643312
bear_range25_body08_vol15_cp20__all__slip0bps__sl0.75atr__tp1.5atr__h72,bear_range25_body08_vol15_cp20,all,0.0,0.75,1.5,2.0,72,255067,255067,100.0,87847,167220,0,34.440754782076866,-0.07044994391432494,0.00955387763672985,0.9827953534308143,0.8024065229444578,34.432129597321484,65.55493262554545,0.012937777133066998,2.396503663743252,0.006748268828536695,0.9225582863827547,0.46127914319137747,-49.885588217313085,103.35455265094326,-0.0007044994391432494,595,89,14.957983193277311,26,3.8461538461538463,226987.0,-0.07321893325997893,0.7883947282611315,34.11649125280302,28080.0,-0.048066589761832416,0.891154867655845,37.06196581196581,3768.0,-0.13194569313857613,0.6192834094865363,30.73248407643312
bear_range25_body08_vol15_cp20__all__slip0bps__sl0.75atr__tp2atr__h12,bear_range25_body08_vol15_cp20,all,0.0,0.75,2.0,2.6666666666666665,12,265761,265761,100.0,79006,186755,0,29.728214448320106,-0.06120652620750724,0.01880099419016885,1.1137298220813996,0.8334269223005426,26.57011374881943,69.34200277693115,4.087883474249419,2.9495938079703192,0.006675008911002394,1.1948763293167535,0.4480786234937821,-49.885588217313085,137.83273686792435,-0.0006120652620750724,596,106,17.78523489932886,26,3.8461538461538463,236686.0,-0.06478059257581777,0.8183737174212762,29.49139366079954,29075.0,-0.03211172062023419,0.9294505488700967,31.656061908856405,3989.0,-0.11267158732663322,0.6678141247509807,27.500626723489596
bear_range25_body08_vol15_cp20__all__slip0bps__sl0.75atr__tp2atr__h36,bear_range25_body08_vol15_cp20,all,0.0,0.75,2.0,2.6666666666666665,36,265761,265761,100.0,76314,189447,0,28.715274250172147,-0.06204209095172538,0.017965095086309103,1.1356382995466394,0.8352945288675035,28.471446148983485,71.22151105692708,0.3070427940894262,3.2754768382117767,0.006675008911002394,1.1948763293167535,0.4480786234937821,-49.885588217313085,137.83273686792435,-0.0006204209095172538,596,107,17.953020134228186,26,3.8461538461538463,236686.0,-0.06575274807689241,0.820146557983356,28.47950449118241,29075.0,-0.031835363786556894,0.9318299098186503,30.634565778159935,3989.0,-0.10958087384476281,0.6877754548031825,26.598144898470792
bear_range25_body08_vol15_cp20__all__slip0bps__sl0.75atr__tp2atr__h72,bear_range25_body08_vol15_cp20,all,0.0,0.75,2.0,2.6666666666666665,72,265761,265761,100.0,76111,189650,0,28.638889829583725,-0.0620052754488963,0.018001925321232265,1.139492247978215,0.8357862376773716,28.59900436858681,71.35132694413402,0.04966868727917189,3.321902009700445,0.006675008911002394,1.1948763293167535,0.4480786234937821,-49.885588217313085,137.83273686792435,-0.000620052754488963,596,105,17.61744966442953,26,7.6923076923076925,236686.0,-0.06572314755550346,0.8206413816982611,28.40936937545947,29075.0,-0.03173981448846836,0.9322366952931487,30.5073086844368,3989.0,-0.11322395453684757,0.680885877400462,26.422662321383804
bear_range25_body08_vol15_cp20__all__slip0bps__sl0.75atr__tp3atr__h12,bear_range25_body08_vol15_cp20,all,0.0,0.75,3.0,4.0,12,270421,270421,100.0,69116,201305,0,25.558665932009717,-0.04647110151485594,0.03354231541130858,1.3924458186305442,0.8781476371957786,15.537624666723367,72.98841436131069,11.473960971965935,3.961430510204459,0.0066277718211406045,1.7681108961340004,0.44202772403350016,-49.885588217313085,206.78910530188654,-0.00046471101514855947,596,122,20.469798657718123,26,19.230769230769234,240975.0,-0.053690500607692,0.8550365690861347,25.331673410104784,29446.0,0.012609748053716171,1.0267502737941478,27.41628744141819,4073.0,-0.09232244593227695,0.7315329799019873,24.944758163515836
bear_range25_body08_vol15_cp20__all__slip0bps__sl0.75atr__tp3atr__h36,bear_range25_body08_vol15_cp20,all,0.0,0.75,3.0,4.0,36,270421,270421,100.0,59636,210785,0,22.053021030171475,-0.049385386982769355,0.030626863762735775,1.4453105645679107,0.8778964236255975,20.422600315803876,77.74544136734943,1.8319583168466946,5.193428025190351,0.0066277718211406045,1.7681108961340004,0.44202772403350016,-49.885588217313085,206.78910530188654,-0.0004938538698276935,596,126,21.140939597315437,26,19.230769230769234,240975.0,-0.05567715632852913,0.8582077264150314,21.849569457412596,29446.0,0.002104089282070101,1.0042004339850295,23.71799225701284,4073.0,-0.07640361380650569,0.7910279332737059,22.31770193960226
bear_range25_body08_vol15_cp20__all__slip0bps__sl0.75atr__tp3atr__h72,bear_range25_body08_vol15_cp20,all,0.0,0.75,3.0,4.0,72,270421,270421,100.0,57931,212490,0,21.422522659113014,-0.05101996710249047,0.028991629549329295,1.4553771887784048,0.8752798571076926,21.12335950240551,78.53310208896498,0.3435384086295073,5.499691222205376,0.0066277718211406045,1.7681108961340004,0.44202772403350016,-49.885588217313085,206.78910530188654,-0.0005101996710249047,596,122,20.469798657718123,26,15.384615384615385,240975.0,-0.057199568914506636,0.8559480727635078,21.22917315074178,29446.0,-0.00044842778813171613,0.9991160073504974,23.004822386741832,4073.0,-0.08103091447077776,0.7823865608856085,21.581144119813406
bear_range25_body08_vol15_cp20__all__slip0bps__sl1atr__tp1atr__h12,bear_range25_body08_vol15_cp20,all,0.0,1.0,1.0,1.0,12,214122,214122,100.0,105418,108704,0,49.23268043451864,-0.09978002852936436,-0.019787943706847288,0.9843164909999514,0.7440222326603837,48.906698050644025,50.28581836523104,0.8074835841249381,1.9261729294514343,0.00707423231067298,0.6839416083684261,0.683941608368426,-47.817618334067866,68.87636843396216,-0.0009978002852936436,595,62,10.420168067226891,26,0.0,190528.0,-0.0996012908242981,0.735295234557534,48.94398723547195,23594.0,-0.10122338436012246,0.7971594926689797,51.563956938204626,2900.0,-0.15546899032420364,0.6043745535796627,42.931034482758626
bear_range25_body08_vol15_cp20__all__slip0bps__sl1atr__tp1atr__h36,bear_range25_body08_vol15_cp20,all,0.0,1.0,1.0,1.0,36,214122,214122,100.0,105572,108550,0,49.30460204929899,-0.09992259732725081,-0.01993056955507291,0.9897245131408092,0.7450794647532772,49.28171789914161,50.66644249539982,0.051839605458570345,1.9814544979030646,0.00707423231067298,0.6839416083684261,0.683941608368426,-49.500505949757596,68.87636843396216,-0.0009992259732725082,595,62,10.420168067226891,26,0.0,190528.0,-0.09975250114906928,0.7362823955065855,49.01431810547531,23594.0,-0.10129617046603967,0.7985246714874501,51.648724251928456,2900.0,-0.15645765237311224,0.6081281434359916,43.103448275862064
bear_range25_body08_vol15_cp20__all__slip0bps__sl1atr__tp1atr__h72,bear_range25_body08_vol15_cp20,all,0.0,1.0,1.0,1.0,72,214122,214122,100.0,105576,108546,0,49.306470143189394,-0.09998226587519732,-0.019990261979989328,0.9909001304670085,0.7450834062710369,49.3036680023538,50.686991528194206,0.009340469451994658,1.9899636655738318,0.00707423231067298,0.6839416083684261,0.683941608368426,-51.62394006170119,68.87636843396216,-0.0009998226587519731,595,62,10.420168067226891,26,0.0,190528.0,-0.09972237203986564,0.7364781895499607,49.0174672489083,23594.0,-0.10208097964387065,0.797299566180941,51.64024752055607,2900.0,-0.15519663376879395,0.6108561837544005,43.137931034482754
bear_range25_body08_vol15_cp20__all__slip0bps__sl1atr__tp1.5atr__h12,bear_range25_body08_vol15_cp20,all,0.0,1.0,1.5,1.5,12,255067,255067,100.0,103901,151166,0,40.734787330387704,-0.0780868038863811,0.0019139616982981125,1.1063835222986993,0.8082524189008299,39.09835454998098,58.09061932747082,2.8110261225481934,2.7525591315223057,0.006748268828536695,0.9225582863827547,0.6150388575885036,-47.817618334067866,103.35455265094326,-0.000780868038863811,595,95,15.966386554621847,26,3.8461538461538463,226987.0,-0.08051751159353057,0.7961389394340649,40.47544573037222,28080.0,-0.05843797730793685,0.8846152575162296,42.83119658119658,3768.0,-0.13609340690142435,0.6459085164912668,37.42038216560509
bear_range25_body08_vol15_cp20__all__slip0bps__sl1atr__tp1.5atr__h36,bear_range25_body08_vol15_cp20,all,0.0,1.0,1.5,1.5,36,255067,255067,100.0,103366,151701,0,40.525038519291016,-0.07880413803519756,0.0011963405010028579,1.1207989900019346,0.8100446004850131,40.415263440586195,59.38988579471276,0.19485076470103932,2.963154778940435,0.006748268828536695,0.9225582863827547,0.6150388575885036,-49.500505949757596,103.35455265094326,-0.0007880413803519757,595,90,15.126050420168067,26,3.8461538461538463,226987.0,-0.08157951646886274,0.7972108245853821,40.26177710617789,28080.0,-0.056369137161893984,0.8908539196109987,42.653133903133906,3768.0,-0.13949538102181358,0.648373548686487,37.23460721868365
bear_range25_body08_vol15_cp20__all__slip0bps__sl1atr__tp1.5atr__h72,bear_range25_body08_vol15_cp20,all,0.0,1.0,1.5,1.5,72,255067,255067,100.0,103337,151730,0,40.51366895756801,-0.07873624348577098,0.0012642622191166946,1.1236401800962341,0.8105337484345528,40.49524242649971,59.46751245751116,0.037245115989132264,2.9956952486993615,0.006748268828536695,0.9225582863827547,0.6150388575885036,-51.62394006170119,103.35455265094326,-0.0007873624348577097,595,92,15.46218487394958,26,3.8461538461538463,226987.0,-0.081559674395526,0.7975837342306334,40.25208492116288,28080.0,-0.055912806451847236,0.8920041627824108,42.628205128205124,3768.0,-0.13926670480835784,0.6501424478248496,37.20806794055201
bear_range25_body08_vol15_cp20__all__slip0bps__sl1atr__tp2atr__h12,bear_range25_body08_vol15_cp20,all,0.0,1.0,2.0,2.0,12,265761,265761,100.0,93950,171811,0,35.35131189301666,-0.06963148163421075,0.010372667432762344,1.2559940626304866,0.8373099687739645,30.792704723416904,62.723273919047564,6.48402135753553,3.5614631191183057,0.006675008911002394,1.1948763293167535,0.5974381646583766,-47.817618334067866,137.83273686792435,-0.0006963148163421075,596,117,19.630872483221477,26,3.8461538461538463,236686.0,-0.07328299710495367,0.8234927971288757,35.17107053226638,29075.0,-0.039906199064709304,0.9250356923550995,36.81857265692175,3989.0,-0.11461551713651136,0.7040186350063299,33.91827525695663
bear_range25_body08_vol15_cp20__all__slip0bps__sl1atr__tp2atr__h36,bear_range25_body08_vol15_cp20,all,0.0,1.0,2.0,2.0,36,265761,265761,100.0,90995,174766,0,34.239410598244284,-0.07043818104236856,0.009565645215717754,1.2884519867168829,0.8415996759631192,33.811582587362324,65.56417232024262,0.6242450923950467,4.121624316585202,0.006675008911002394,1.1948763293167535,0.5974381646583766,-49.500505949757596,137.83273686792435,-0.0007043818104236855,596,112,18.79194630872483,26,3.8461538461538463,236686.0,-0.07446027278796492,0.8274004740655808,34.055246191156215,29075.0,-0.03769621003985005,0.9318071890172211,35.73860705073087,3989.0,-0.11389769286117066,0.7204676020520839,33.06593131110554
bear_range25_body08_vol15_cp20__all__slip0bps__sl1atr__tp2atr__h72,bear_range25_body08_vol15_cp20,all,0.0,1.0,2.0,2.0,72,265761,265761,100.0,90720,175041,0,34.13593416641268,-0.07027625321603961,0.009727637839096075,1.294562396857086,0.8426903094524436,34.059549745824256,65.82907198573153,0.11137826844420362,4.219990894073999,0.006675008911002394,1.1948763293167535,0.5974381646583766,-51.62394006170119,137.83273686792435,-0.0007027625321603962,596,111,18.624161073825505,26,7.6923076923076925,236686.0,-0.07437347989664028,0.8283503111947567,33.95553602663444,29075.0,-0.036922643787848146,0.9336213934239679,35.604471195184864,3989.0,-0.11547577727022157,0.7192897040879549,32.84031085485084
bear_range25_body08_vol15_cp20__all__slip0bps__sl1atr__tp3atr__h12,bear_range25_body08_vol15_cp20,all,0.0,1.0,3.0,3.0,12,270421,270421,100.0,83418,187003,0,30.847456373580457,-0.0540772078623698,0.02593316540379169,1.5522142918706465,0.8789208167787834,17.863257661202347,66.35727254909936,15.779469789698286,4.736292669578177,0.0066277718211406045,1.7681108961340004,0.5893702987113337,-47.817618334067866,206.78910530188654,-0.0005407720786236981,596,129,21.644295302013422,26,19.230769230769234,240975.0,-0.06232285191973421,0.8562615470249545,30.660856935366738,29446.0,0.013402044896014369,1.024219609134298,32.374516063302316,4073.0,-0.09056584235873809,0.7702021308670753,31.05818806776332
bear_range25_body08_vol15_cp20__all__slip0bps__sl1atr__tp3atr__h36,bear_range25_body08_vol15_cp20,all,0.0,1.0,3.0,3.0,36,270421,270421,100.0,72645,197776,0,26.863668132282626,-0.056900742497084836,0.023108500903276402,1.6229874517443281,0.8824116029031716,24.449284633959643,72.64006863372298,2.9106467323173866,6.521409210083537,0.0066277718211406045,1.7681108961340004,0.5893702987113337,-49.500505949757596,206.78910530188654,-0.0005690074249708484,596,132,22.14765100671141,26,23.076923076923077,240975.0,-0.064227898112247,0.8632825073367527,26.681190994916488,29446.0,0.0030619459619141264,1.00510847497759,28.35699246077566,4073.0,-0.07476259129588739,0.8257440232604519,28.136508715934198
bear_range25_body08_vol15_cp20__all__slip0bps__sl1atr__tp3atr__h72,bear_range25_body08_vol15_cp20,all,0.0,1.0,3.0,3.0,72,270421,270421,100.0,70423,199998,0,26.04198638419353,-0.05832979163004704,0.02167887992192169,1.6405722009306256,0.8815523870935659,25.557186756945647,73.84966404236357,0.5931492006907748,7.0254159255383275,0.0066277718211406045,1.7681108961340004,0.5893702987113337,-51.62394006170119,206.78910530188654,-0.0005832979163004704,596,128,21.476510067114095,26,23.076923076923077,240975.0,-0.06566796986321069,0.8625990918059794,25.869073555348066,29446.0,0.0017231017930527865,1.0028187521952114,27.457040005433676,4073.0,-0.07605691687592425,0.8262639972721478,27.301743186840167
bear_range25_body08_vol15_cp20__all__slip1bps__sl0.5atr__tp1atr__h12,bear_range25_body08_vol15_cp20,all,1.0,0.5,1.0,2.0,12,214103,214103,100.0,71500,142603,0,33.39514159072969,-0.08890864230835967,-0.0089122071912361,0.7073607095031794,0.6916251118839195,33.33208782688706,66.56889441063414,0.09901776247880692,1.3657445248315063,0.007074035803270196,0.6839072878743128,0.34195364393715627,-33.2870813971212,68.86947348661351,-0.0008890864230835967,595,52,8.739495798319327,26,0.0,190512.0,-0.09059259836218961,0.6763454830003041,33.01944234483917,23591.0,-0.0753096496532256,0.7885839132723181,36.42914670849053,2900.0,-0.12891765511927478,0.5575142491197124,28.27586206896552
bear_range25_body08_vol15_cp20__all__slip1bps__sl0.5atr__tp1atr__h36,bear_range25_body08_vol15_cp20,all,1.0,0.5,1.0,2.0,36,214103,214103,100.0,71469,142634,0,33.38066257829176,-0.08893168645873255,-0.00893526056295766,0.7081183906377749,0.691797618663878,33.37692605895293,66.61840329187353,0.004670649173528629,1.371475411367426,0.007074035803270196,0.6839072878743128,0.34195364393715627,-33.2870813971212,68.86947348661351,-0.0008893168645873255,595,52,8.739495798319327,26,0.0,190512.0,-0.0905913901188858,0.6766126074987284,33.00736961451247,23591.0,-0.07552854696896386,0.7881514985529987,36.39523547115425,2900.0,-0.1292625643027905,0.5571069877350976,28.206896551724135
bear_range25_body08_vol15_cp20__all__slip1bps__sl0.5atr__tp1atr__h72,bear_range25_body08_vol15_cp20,all,1.0,0.5,1.0,2.0,72,214103,214103,100.0,71468,142635,0,33.3801955133744,-0.08891694763603743,-0.0089205158423743,0.7081820060414886,0.6918604554081,33.3792613835397,66.6198044866256,0.0009341298347057257,1.3721946913401493,0.007074035803270196,0.6839072878743128,0.34195364393715627,-33.2870813971212,68.86947348661351,-0.0008891694763603743,595,52,8.739495798319327,26,0.0,190512.0,-0.09057510724912586,0.6766850141016099,33.006844713193914,23591.0,-0.07552627728680576,0.7881578647388086,36.39523547115425,2900.0,-0.12915827118890771,0.557464327786451,28.206896551724135
bear_range25_body08_vol15_cp20__all__slip1bps__sl0.5atr__tp1.5atr__h12,bear_range25_body08_vol15_cp20,all,1.0,0.5,1.5,3.0,12,255059,255059,100.0,67736,187323,0,26.556992695807637,-0.06920650219494817,0.010797816931824546,0.8315618262980247,0.762050009288387,26.054755958425307,73.28226018293806,0.6629838586366291,1.8207904837704219,0.006748389600114498,0.9224855639594066,0.3074951879864685,-33.2870813971212,103.34421022992026,-0.0006920650219494817,595,69,11.596638655462185,26,7.6923076923076925,226979.0,-0.07294877458351341,0.7425411574469473,26.213878816983073,28080.0,-0.03895660032585468,0.8891690326886013,29.33048433048433,3768.0,-0.13035126322308177,0.5419604355527377,22.23991507430998
bear_range25_body08_vol15_cp20__all__slip1bps__sl0.5atr__tp1.5atr__h36,bear_range25_body08_vol15_cp20,all,1.0,0.5,1.5,3.0,36,255059,255059,100.0,67307,187752,0,26.388796317714725,-0.0693943209919551,0.010609922977235757,0.8348993010244554,0.7624703038497103,26.366448547198885,73.60767508694067,0.02587636586044797,1.8612517103885768,0.006748389600114498,0.9224855639594066,0.3074951879864685,-33.2870813971212,103.34421022992026,-0.000693943209919551,595,69,11.596638655462185,26,7.6923076923076925,226979.0,-0.07322696512523172,0.7427220923932546,26.04381903171659,28080.0,-0.03841391740481178,0.8911791503484261,29.17735042735043,3768.0,-0.13034067276162115,0.5456432237499466,21.92144373673036
bear_range25_body08_vol15_cp20__all__slip1bps__sl0.5atr__tp1.5atr__h72,bear_range25_body08_vol15_cp20,all,1.0,0.5,1.5,3.0,72,255059,255059,100.0,67282,187777,0,26.378994663979704,-0.06941832033442064,0.010585914031191801,0.8353356559543109,0.7624651121848276,26.3750740024857,73.62022120372148,0.004704793792808723,1.8655448347245147,0.006748389600114498,0.9224855639594066,0.3074951879864685,-33.2870813971212,103.34421022992026,-0.0006941832033442064,595,68,11.428571428571429,26,7.6923076923076925,226979.0,-0.07321864237373109,0.7428276584740247,26.036769921446478,28080.0,-0.03869918585576552,0.8904259462714172,29.14529914529915,3768.0,-0.12984574929526502,0.5473684859102497,21.92144373673036
bear_range25_body08_vol15_cp20__all__slip1bps__sl0.5atr__tp2atr__h12,bear_range25_body08_vol15_cp20,all,1.0,0.5,2.0,4.0,12,265761,265761,100.0,59234,206527,0,22.288447138594453,-0.06174836437628824,0.018258939199391474,0.9736967274184752,0.7941176963001082,20.443932706454294,77.36123810491381,2.194829188631891,2.311482873709837,0.006675008911002394,1.1947568536313906,0.29868921340784765,-33.2870813971212,137.81894697322699,-0.0006174836437628824,596,93,15.604026845637584,26,3.8461538461538463,236686.0,-0.06653447172819105,0.7722632838948698,22.018623830729318,29075.0,-0.022786899038628527,0.9372496464922933,24.484952708512466,3989.0,-0.11918338527728427,0.582404661913513,19.32815241915267
bear_range25_body08_vol15_cp20__all__slip1bps__sl0.5atr__tp2atr__h36,bear_range25_body08_vol15_cp20,all,1.0,0.5,2.0,4.0,36,265761,265761,100.0,57395,208366,0,21.596472018091443,-0.0619253484392844,0.01808188431444139,0.9838519830054594,0.7961771246537112,21.486222583449038,78.38885314248516,0.12492427406579597,2.4705618958387423,0.006675008911002394,1.1947568536313906,0.29868921340784765,-33.2870813971212,137.81894697322699,-0.000619253484392844,596,87,14.597315436241612,26,3.8461538461538463,236686.0,-0.06693880983561716,0.7738534830585042,21.318962676288418,29075.0,-0.021113099976604446,0.9425484226278671,23.85554600171969,3989.0,-0.11631421141003037,0.598675509209712,18.601153171220858
bear_range25_body08_vol15_cp20__all__slip1bps__sl0.5atr__tp2atr__h72,bear_range25_body08_vol15_cp20,all,1.0,0.5,2.0,4.0,72,265761,265761,100.0,57287,208474,0,21.555834001226664,-0.061846570381433874,0.018160693896124583,0.9852773482355516,0.7966365418223806,21.54078288386934,78.44228460910367,0.016932507026990416,2.488732357268373,0.006675008911002394,1.1947568536313906,0.29868921340784765,-33.2870813971212,137.81894697322699,-0.0006184657038143387,596,86,14.429530201342283,26,3.8461538461538463,236686.0,-0.06689482103779754,0.7742217717878436,21.280937613547064,29075.0,-0.020751118795807176,0.9435930355964787,23.79363714531384,3989.0,-0.11735549751337632,0.5961080234627607,18.47580847330158
bear_range25_body08_vol15_cp20__all__slip1bps__sl0.5atr__tp3atr__h12,bear_range25_body08_vol15_cp20,all,1.0,0.5,3.0,6.0,12,270420,270420,100.0,50741,219679,0,18.763774868722727,-0.04894959089040525,0.031062834243292002,1.2513135790873375,0.8414496466066909,12.046446268767102,80.62162561940684,7.331928111826048,3.0806375268101474,0.0066278250433498215,1.767939531088854,0.29465658851480864,-33.2870813971212,206.76842045984057,-0.0004894959089040526,596,104,17.449664429530202,26,7.6923076923076925,240974.0,-0.056729732258126005,0.8113659941126117,18.53394972071676,29446.0,0.014719898546024889,1.039343380280398,20.644569720844935,4073.0,-0.10389828907968476,0.6394259005383734,17.284556837711758
bear_range25_body08_vol15_cp20__all__slip1bps__sl0.5atr__tp3atr__h36,bear_range25_body08_vol15_cp20,all,1.0,0.5,3.0,6.0,36,270420,270420,100.0,43768,226652,0,16.185193402854818,-0.05071749375380542,0.029294223935768873,1.285615867014881,0.8417085578325811,15.230752163301531,83.75416019525183,1.0150876414466385,3.823548554101028,0.0066278250433498215,1.767939531088854,0.29465658851480864,-33.2870813971212,206.76842045984057,-0.0005071749375380542,596,109,18.288590604026847,26,11.538461538461538,240974.0,-0.05750376962218317,0.8156847168793079,15.983052113506021,29446.0,0.004818607621812689,1.0123772812768115,17.839434897778986,4073.0,-0.09651652825698301,0.6767448723392154,14.976675669040022
bear_range25_body08_vol15_cp20__all__slip1bps__sl0.5atr__tp3atr__h72,bear_range25_body08_vol15_cp20,all,1.0,0.5,3.0,6.0,72,270420,270420,100.0,42677,227743,0,15.781746912210634,-0.05162879583199774,0.0283825571908786,1.2913624180344159,0.8398923644564998,15.630130907477257,84.20346128244952,0.16640781007321942,3.9860365357591894,0.0066278250433498215,1.767939531088854,0.29465658851480864,-33.2870813971212,206.76842045984057,-0.0005162879583199774,596,102,17.114093959731544,26,7.6923076923076925,240974.0,-0.05828820240213045,0.8143453009495344,15.583423937852217,29446.0,0.0028690591850217472,1.0073181669701774,17.4047408816138,4073.0,-0.09630908016043385,0.6791269219682919,14.632948686471888
bear_range25_body08_vol15_cp20__all__slip1bps__sl0.75atr__tp1atr__h12,bear_range25_body08_vol15_cp20,all,1.0,0.75,1.0,1.3333333333333333,12,214103,214103,100.0,89306,124797,0,41.711699509114766,-0.10589933979607641,-0.025909703677547493,0.8547322951112923,0.7000266596351569,41.550562112628036,58.11081582229114,0.3386220650808256,1.6286880613536476,0.007074035803270196,0.6839072878743128,0.5129304659057339,-49.885624095681784,68.86947348661351,-0.0010589933979607642,595,53,8.907563025210084,26,0.0,190512.0,-0.10615518523494455,0.6892284841930951,41.343327454438565,23591.0,-0.10383322872619286,0.7668975194990464,44.68653299987284,2900.0,-0.15548492567186195,0.562672122054729,35.82758620689655
bear_range25_body08_vol15_cp20__all__slip1bps__sl0.75atr__tp1atr__h36,bear_range25_body08_vol15_cp20,all,1.0,0.75,1.0,1.3333333333333333,36,214103,214103,100.0,89309,124794,0,41.71310070386683,-0.10600433086555953,-0.026014736760263682,0.8579052545261459,0.7005046413638966,41.703292340602424,58.278492127620815,0.018215531776761655,1.6493790371923793,0.007074035803270196,0.6839072878743128,0.5129304659057339,-49.885624095681784,68.86947348661351,-0.0010600433086555953,595,53,8.907563025210084,26,0.0,190512.0,-0.10626335138266348,0.6896732046533149,41.34490215839422,23591.0,-0.10391257906383461,0.7675163361319479,44.68653299987284,2900.0,-0.15562533865478248,0.5674243091071378,35.93103448275862
bear_range25_body08_vol15_cp20__all__slip1bps__sl0.75atr__tp1atr__h72,bear_range25_body08_vol15_cp20,all,1.0,0.75,1.0,1.3333333333333333,72,214103,214103,100.0,89311,124792,0,41.71403483370153,-0.10604108672476449,-0.026051507327695594,0.8596649952986232,0.7004976550602432,41.712166574032125,58.28549810138111,0.0023353245867643144,1.6518544812543496,0.007074035803270196,0.6839072878743128,0.5129304659057339,-49.885624095681784,68.86947348661351,-0.001060410867247645,595,53,8.907563025210084,26,0.0,190512.0,-0.10629572039108491,0.689683550827437,41.345951961031325,23591.0,-0.10398476147199735,0.7674091155676654,44.68653299987284,2900.0,-0.15850166095669052,0.5630493889469961,35.93103448275862
bear_range25_body08_vol15_cp20__all__slip1bps__sl0.75atr__tp1.5atr__h12,bear_range25_body08_vol15_cp20,all,1.0,0.75,1.5,2.0,12,255059,255059,100.0,86205,168854,0,33.79806240908966,-0.08551911404841273,-0.005521322577443735,0.9731864686038479,0.7642349787029853,32.80064612501421,65.67304035536876,1.5263135196170297,2.2698120826945924,0.006748389600114498,0.9224855639594066,0.4612427819797034,-49.885624095681784,103.34421022992026,-0.0008551911404841273,595,76,12.773109243697478,26,3.8461538461538463,226979.0,-0.08826602803925013,0.7495786762306391,33.46432929918627,28080.0,-0.06331499044704969,0.8579318969519802,36.495726495726494,3768.0,-0.14769616854035109,0.5764009879694673,29.750530785562635
bear_range25_body08_vol15_cp20__all__slip1bps__sl0.75atr__tp1.5atr__h36,bear_range25_body08_vol15_cp20,all,1.0,0.75,1.5,2.0,36,255059,255059,100.0,85604,169455,0,33.56243065329983,-0.08604188386155179,-0.006044301582184582,0.9815717645377855,0.7652476668291466,33.50989378928013,66.41404537773613,0.07606083298374101,2.373466531273156,0.006748389600114498,0.9224855639594066,0.4612427819797034,-49.885624095681784,103.34421022992026,-0.0008604188386155179,595,80,13.445378151260504,26,3.8461538461538463,226979.0,-0.08895489748919455,0.7501899409836711,33.225100119394305,28080.0,-0.06249512744457404,0.861382373093507,36.28917378917379,3768.0,-0.14942038359175985,0.5801447571506543,29.458598726114648
bear_range25_body08_vol15_cp20__all__slip1bps__sl0.75atr__tp1.5atr__h72,bear_range25_body08_vol15_cp20,all,1.0,0.75,1.5,2.0,72,255059,255059,100.0,85570,169489,0,33.5491004042202,-0.08612106442929963,-0.006123513834833486,0.9837235647854942,0.7652466962328996,33.53929875048518,66.4469789342858,0.013722315229025442,2.38618907782121,0.006748389600114498,0.9224855639594066,0.4612427819797034,-49.885624095681784,103.34421022992026,-0.0008612106442929964,595,79,13.277310924369749,26,3.8461538461538463,226979.0,-0.08897926358099044,0.7503368653382793,33.21672930094854,28080.0,-0.0630173897408507,0.8603995852826969,36.23575498575499,3768.0,-0.15086553716594242,0.5792027709607095,29.485138004246288
bear_range25_body08_vol15_cp20__all__slip1bps__sl0.75atr__tp2atr__h12,bear_range25_body08_vol15_cp20,all,1.0,0.75,2.0,2.6666666666666665,12,265761,265761,100.0,76783,188978,0,28.89174860118678,-0.077682603136072,0.0023183241936054924,1.1134342013376233,0.7942904357971249,25.79987281805833,70.13594921753004,4.064177964411633,2.9234424915619672,0.006675008911002394,1.1947568536313906,0.4480338201117722,-49.885624095681784,137.81894697322699,-0.00077682603136072,596,91,15.268456375838927,26,3.8461538461538463,236686.0,-0.08132865456145341,0.7783412412138133,28.64765976863862,29075.0,-0.0480018008087173,0.8967535902679019,30.87876182287188,3989.0,-0.13209420668724395,0.6237988291127089,26.34745550263224
bear_range25_body08_vol15_cp20__all__slip1bps__sl0.75atr__tp2atr__h36,bear_range25_body08_vol15_cp20,all,1.0,0.75,2.0,2.6666666666666665,36,265761,265761,100.0,74229,191532,0,27.930734757921595,-0.07826480713521164,0.0017358872196762975,1.135613646438318,0.7977219378923903,27.689540602270462,72.00454543744192,0.30591396028762685,3.24738392766433,0.006675008911002394,1.1947568536313906,0.4480338201117722,-49.885624095681784,137.81894697322699,-0.0007826480713521164,596,93,15.604026845637584,26,3.8461538461538463,236686.0,-0.08207397342072756,0.7816448515554932,27.68562568128237,29075.0,-0.04725616288917093,0.9008918578902488,29.92605331040413,3989.0,-0.1282078965284029,0.6461841648146434,25.545249435948858
bear_range25_body08_vol15_cp20__all__slip1bps__sl0.75atr__tp2atr__h72,bear_range25_body08_vol15_cp20,all,1.0,0.75,2.0,2.6666666666666665,72,265761,265761,100.0,74031,191730,0,27.856231727002832,-0.07822313067325506,0.0017775803588885157,1.1394432438779378,0.7983010318957632,27.81634626600592,72.13285621291311,0.05079752108097125,3.293794048035641,0.006675008911002394,1.1947568536313906,0.4480338201117722,-49.885624095681784,137.81894697322699,-0.0007822313067325507,596,95,15.939597315436242,26,3.8461538461538463,236686.0,-0.08205482916932556,0.7821887632786959,27.61591306625656,29075.0,-0.047031062221287744,0.9016403500793311,29.81255374032674,3989.0,-0.131448216483689,0.6407993021636671,25.394835798445726
bear_range25_body08_vol15_cp20__all__slip1bps__sl0.75atr__tp3atr__h12,bear_range25_body08_vol15_cp20,all,1.0,0.75,3.0,4.0,12,270420,270420,100.0,67124,203296,0,24.822128540788405,-0.06395731476461701,0.01604910487733401,1.3905054049172934,0.8366070625926528,15.051401523555949,73.66836772428074,11.280230752163302,3.9031099770727016,0.0066278250433498215,1.767939531088854,0.4419848827722136,-49.885624095681784,206.76842045984057,-0.0006395731476461701,596,105,17.61744966442953,26,7.6923076923076925,240974.0,-0.07113556289522514,0.8130233914173194,24.59974935055234,29446.0,-0.005213472985591728,0.9891678360351266,26.641988725123955,4073.0,-0.11201231132507286,0.6848928601456816,23.987232997790326
bear_range25_body08_vol15_cp20__all__slip1bps__sl0.75atr__tp3atr__h36,bear_range25_body08_vol15_cp20,all,1.0,0.75,3.0,4.0,36,270420,270420,100.0,58020,212400,0,21.455513645440426,-0.06630134239443598,0.013704139261268537,1.4435808938726202,0.8400510569398774,19.84690481473264,78.34035944086976,1.8127357443976038,5.11769839508912,0.0066278250433498215,1.767939531088854,0.4419848827722136,-49.885624095681784,206.76842045984057,-0.0006630134239443598,596,105,17.61744966442953,26,15.384615384615385,240974.0,-0.07249325320698556,0.8199894461982123,21.256235112501763,29446.0,-0.015629281124880594,0.969418732714057,23.086327514772805,4073.0,-0.09769172286930397,0.7408383544555946,21.384728701203045
bear_range25_body08_vol15_cp20__all__slip1bps__sl0.75atr__tp3atr__h72,bear_range25_body08_vol15_cp20,all,1.0,0.75,3.0,4.0,72,270420,270420,100.0,56345,214075,0,20.836106796834553,-0.06786843994354348,0.012136414622305434,1.4536944175557367,0.8380927107087928,20.54285925597219,79.11729901634494,0.3398417276828637,5.4216736927742035,0.0066278250433498215,1.767939531088854,0.4419848827722136,-49.885624095681784,206.76842045984057,-0.0006786843994354349,596,100,16.778523489932887,26,11.538461538461538,240974.0,-0.07393869383008335,0.8184097780961588,20.643720899350136,29446.0,-0.018191969113717496,0.9648427553261696,22.410514161515994,4073.0,-0.10198965212431758,0.7340845677882258,20.69727473606678
bear_range25_body08_vol15_cp20__all__slip1bps__sl1atr__tp1atr__h12,bear_range25_body08_vol15_cp20,all,1.0,1.0,1.0,1.0,12,214103,214103,100.0,103577,110526,0,48.37718294465748,-0.11391533070261367,-0.03392890226351906,0.9873951985437207,0.7152708678044664,48.05911173594018,51.13940486588231,0.8014833981775127,1.930500740297894,0.007074035803270196,0.6839072878743128,0.6839072878743125,-47.82806176605786,68.86947348661351,-0.0011391533070261367,595,48,8.067226890756302,26,0.0,190512.0,-0.1137619670052374,0.7057289431002404,48.07781137146216,23591.0,-0.11515383796023464,0.7737896809748639,50.79479462506888,2900.0,-0.1715064991056805,0.5760646217360653,42.03448275862069
bear_range25_body08_vol15_cp20__all__slip1bps__sl1atr__tp1atr__h36,bear_range25_body08_vol15_cp20,all,1.0,1.0,1.0,1.0,36,214103,214103,100.0,103734,110369,0,48.45051213668188,-0.11405709527288901,-0.03407072356231391,0.9928484129934108,0.7164632734761643,48.427625955731585,51.52006277352489,0.05231127074352064,1.9855583527554495,0.007074035803270196,0.6839072878743128,0.6839072878743125,-49.51061283787883,68.86947348661351,-0.0011405709527288902,595,48,8.067226890756302,26,0.0,190512.0,-0.11392456371079125,0.7068234155106365,48.150247753422356,23591.0,-0.11512737007931337,0.7754623595648366,50.87533381374253,2900.0,-0.17344562873659974,0.5784028802235005,42.137931034482754
bear_range25_body08_vol15_cp20__all__slip1bps__sl1atr__tp1atr__h72,bear_range25_body08_vol15_cp20,all,1.0,1.0,1.0,1.0,72,214103,214103,100.0,103739,110364,0,48.45284746126865,-0.11410621765291487,-0.03411986559915455,0.9940179924228951,0.7165061415506967,48.45004507176453,51.54014656497107,0.00980836326441012,1.994203724375651,0.007074035803270196,0.6839072878743128,0.6839072878743125,-51.63362230546446,68.86947348661351,-0.0011410621765291487,595,48,8.067226890756302,26,0.0,190512.0,-0.1138832239144066,0.7070505367158063,48.15392206265222,23591.0,-0.11590703080668933,0.7743076745520576,50.866856004408454,2900.0,-0.17211071374399917,0.5811156606219404,42.172413793103445
bear_range25_body08_vol15_cp20__all__slip1bps__sl1atr__tp1.5atr__h12,bear_range25_body08_vol15_cp20,all,1.0,1.0,1.5,1.5,12,255059,255059,100.0,101676,153383,0,39.86371780646831,-0.09368064661289847,-0.01368612106132299,1.1080793907357698,0.775684637739926,38.25585452777593,58.922837461136446,2.8213080110876305,2.7479720378422248,0.006748389600114498,0.9224855639594066,0.6149903759729369,-47.82806176605786,103.34421022992026,-0.0009368064661289848,595,80,13.445378151260504,26,3.8461538461538463,226979.0,-0.09613107585346631,0.7628552356207114,39.59793637296842,28080.0,-0.07387309751764033,0.8570384839347807,42.01210826210826,3768.0,-0.15435415818777903,0.6103791878405495,36.438428874734605
bear_range25_body08_vol15_cp20__all__slip1bps__sl1atr__tp1.5atr__h36,bear_range25_body08_vol15_cp20,all,1.0,1.0,1.5,1.5,36,255059,255059,100.0,101215,153844,0,39.68297531159457,-0.09427164854840381,-0.014277359492200664,1.1226307848488024,0.778337269925107,39.58025398045158,60.231554267836074,0.18819175171234892,2.958060683998604,0.006748389600114498,0.9224855639594066,0.6149903759729369,-49.51061283787883,103.34421022992026,-0.0009427164854840381,595,81,13.61344537815126,26,3.8461538461538463,226979.0,-0.09709101844731613,0.7647839636378831,39.41245665898607,28080.0,-0.07148184227043985,0.8642297130660649,41.86965811965812,3768.0,-0.15820785181148223,0.6132187381387841,36.19957537154989
bear_range25_body08_vol15_cp20__all__slip1bps__sl1atr__tp1.5atr__h72,bear_range25_body08_vol15_cp20,all,1.0,1.0,1.5,1.5,72,255059,255059,100.0,101195,153864,0,39.67513398860656,-0.09420923043772218,-0.014214916404283831,1.1254359109015437,0.7788468986824049,39.65553068113652,60.30604683622221,0.03842248264127124,2.9899670272368355,0.006748389600114498,0.9224855639594066,0.6149903759729369,-51.63362230546446,103.34421022992026,-0.0009420923043772218,595,79,13.277310924369749,26,3.8461538461538463,226979.0,-0.09708032685440197,0.7651660414765938,39.40584811810785,28080.0,-0.07100130331658347,0.8654689454653236,41.85185185185185,3768.0,-0.15735922333577185,0.6161705563750708,36.17303609341826
bear_range25_body08_vol15_cp20__all__slip1bps__sl1atr__tp2atr__h12,bear_range25_body08_vol15_cp20,all,1.0,1.0,2.0,2.0,12,265761,265761,100.0,91764,173997,0,34.52876832943886,-0.0860940497147045,-0.0060964883100285165,1.2566013981498911,0.8035841501054424,30.064983199190248,63.48297906765854,6.452037733151215,3.539277772133609,0.006675008911002394,1.1947568536313906,0.5973784268156954,-47.82806176605786,137.81894697322699,-0.000860940497147045,596,97,16.2751677852349,26,3.8461538461538463,236686.0,-0.08970104828763999,0.7891802215300496,34.34043416171637,29075.0,-0.05673115842549372,0.895491465176501,36.06190885640584,3989.0,-0.13567315543570227,0.6606283178257628,32.79017297568313
bear_range25_body08_vol15_cp20__all__slip1bps__sl1atr__tp2atr__h36,bear_range25_body08_vol15_cp20,all,1.0,1.0,2.0,2.0,36,265761,265761,100.0,88979,176782,0,33.480834283435115,-0.08664774092745449,-0.006650401087889541,1.289257466911725,0.8095970900415395,33.066176000240816,66.31973841158033,0.6140855881788524,4.09553696742562,0.006675008911002394,1.1947568536313906,0.5973784268156954,-49.51061283787883,137.81894697322699,-0.0008664774092745449,596,102,17.114093959731544,26,3.8461538461538463,236686.0,-0.0906669872567394,0.7947832480654229,33.28671742308375,29075.0,-0.05392893313061343,0.9042214942711764,35.061049011177985,3989.0,-0.13536397207525455,0.6780406423405669,31.86262221108047
bear_range25_body08_vol15_cp20__all__slip1bps__sl1atr__tp2atr__h72,bear_range25_body08_vol15_cp20,all,1.0,1.0,2.0,2.0,72,265761,265761,100.0,88717,177044,0,33.38224946474464,-0.08645094443559556,-0.006453525845933847,1.2953361998290598,0.8108699703233077,33.308498989693746,66.58012274186204,0.11137826844420362,4.192989189534958,0.006675008911002394,1.1947568536313906,0.5973784268156954,-51.63362230546446,137.81894697322699,-0.0008645094443559556,596,101,16.946308724832214,26,3.8461538461538463,236686.0,-0.09056824563283303,0.79586943354571,33.18911976204761,29075.0,-0.052933917740174585,0.9065338377241684,34.954428202923474,3989.0,-0.13665867481616895,0.6776692890140896,31.611932815241918
bear_range25_body08_vol15_cp20__all__slip1bps__sl1atr__tp3atr__h12,bear_range25_body08_vol15_cp20,all,1.0,1.0,3.0,3.0,12,270420,270420,100.0,81365,189055,0,30.088381036905552,-0.07160948059841482,0.008393876952366172,1.5513797860842304,0.8432339743559163,17.405147548258267,67.02758671695881,15.567265734782932,4.681672953183936,0.0066278250433498215,1.767939531088854,0.5893131770296174,-47.82806176605786,206.76842045984057,-0.0007160948059841483,596,110,18.456375838926174,26,7.6923076923076925,240974.0,-0.07980567174951074,0.8201491508355081,29.900736179006866,29446.0,-0.0045352101900672315,0.9919540854070245,31.623989676017118,4073.0,-0.11194805618407537,0.724298332540652,30.027007120058926
bear_range25_body08_vol15_cp20__all__slip1bps__sl1atr__tp3atr__h36,bear_range25_body08_vol15_cp20,all,1.0,1.0,3.0,3.0,36,270420,270420,100.0,70974,199446,0,26.245839804748172,-0.07397719794437468,0.006025212140481467,1.6222683568733647,0.8502906406474858,23.884328082242437,73.24495229642778,2.870719621329783,6.444726721396346,0.0066278250433498215,1.767939531088854,0.5893131770296174,-49.51061283787883,206.76842045984057,-0.0007397719794437469,596,115,19.29530201342282,26,15.384615384615385,240974.0,-0.08121719831237462,0.8308006378599934,26.062977748636783,29446.0,-0.01472800115437258,0.9758467024261924,27.742307953542078,4073.0,-0.09545893388984539,0.7835321295595628,27.154431622882395
bear_range25_body08_vol15_cp20__all__slip1bps__sl1atr__tp3atr__h72,bear_range25_body08_vol15_cp20,all,1.0,1.0,3.0,3.0,72,270420,270420,100.0,68815,201605,0,25.44745211153021,-0.07532151991368127,0.004680352227209588,1.6398810233537149,0.8501664255604969,24.97596331632276,74.44197914355448,0.582057540122772,6.94156127505362,0.0066278250433498215,1.767939531088854,0.5893131770296174,-51.63362230546446,206.76842045984057,-0.0007532151991368127,596,110,18.456375838926174,26,15.384615384615385,240974.0,-0.08256424321200868,0.8308704627600245,25.27036111779694,29446.0,-0.01605003977746083,0.9741796937102924,26.896692250220745,4073.0,-0.09642734368452298,0.7853561990944974,26.319666093788364
bear_range25_body08_vol15_cp20__all__slip2bps__sl0.5atr__tp1atr__h12,bear_range25_body08_vol15_cp20,all,2.0,0.5,1.0,2.0,12,214088,214088,100.0,69331,144757,0,32.384346623818246,-0.10354706126854046,-0.023556483862085295,0.7086396830490553,0.6531558730412801,32.32082134449386,67.57921976009865,0.09995889540749599,1.3640465602929637,0.007074091788833628,0.6838658054191645,0.3419329027095823,-33.290438643784334,68.8625799179786,-0.0010354706126854047,595,47,7.899159663865546,26,0.0,190500.0,-0.10534948071310767,0.6369850774781642,31.9994750656168,23588.0,-0.08899046875582031,0.7567529089488262,35.49262336781414,2900.0,-0.144108671688091,0.5231891542031573,27.241379310344826
bear_range25_body08_vol15_cp20__all__slip2bps__sl0.5atr__tp1atr__h36,bear_range25_body08_vol15_cp20,all,2.0,0.5,1.0,2.0,36,214088,214088,100.0,69302,144786,0,32.3708007921976,-0.1035482129775676,-0.023557636031980408,0.7094221474196701,0.6534256002292526,32.36753110870296,67.62826501251821,0.004203878778819925,1.3699646874182578,0.007074091788833628,0.6838658054191645,0.3419329027095823,-33.290438643784334,68.8625799179786,-0.001035482129775676,595,47,7.899159663865546,26,0.0,190500.0,-0.10533673068660379,0.6373156868849582,31.987926509186355,23588.0,-0.08910389283294404,0.7566333842204063,35.462947261319314,2900.0,-0.14440189769973544,0.5227716218591858,27.206896551724135
bear_range25_body08_vol15_cp20__all__slip2bps__sl0.5atr__tp1atr__h72,bear_range25_body08_vol15_cp20,all,2.0,0.5,1.0,2.0,72,214088,214088,100.0,69301,144787,0,32.37033369455551,-0.10353907481009617,-0.02354849420777929,0.7094786059038137,0.6534688999580902,32.36939949927133,67.62966630544449,0.0009341952841822055,1.370632637046448,0.007074091788833628,0.6838658054191645,0.3419329027095823,-33.290438643784334,68.8625799179786,-0.0010353907481009616,595,47,7.899159663865546,26,0.0,190500.0,-0.10532674203235927,0.637365460865245,31.987401574803147,23588.0,-0.08910162331606905,0.75663958287934,35.462947261319314,2900.0,-0.14429762544239016,0.5231162273044787,27.206896551724135
bear_range25_body08_vol15_cp20__all__slip2bps__sl0.5atr__tp1.5atr__h12,bear_range25_body08_vol15_cp20,all,2.0,0.5,1.5,3.0,12,255048,255048,100.0,65252,189796,0,25.58420375772404,-0.08515234648071371,-0.005154408244011347,0.8315893901899722,0.7173168801511841,25.09606034942442,74.25857093566701,0.6453687149085663,1.8018843511809541,0.006748587917941081,0.9224201775711331,0.30747339252371053,-33.290438643784334,103.33386987696784,-0.0008515234648071371,595,62,10.420168067226891,26,0.0,226968.0,-0.08891367501730439,0.6973322756784482,25.237478411053544,28080.0,-0.05474988154863038,0.8485675128529786,28.386752136752136,3768.0,-0.14624809205841438,0.5049139683547248,21.17834394904459
bear_range25_body08_vol15_cp20__all__slip2bps__sl0.5atr__tp1.5atr__h36,bear_range25_body08_vol15_cp20,all,2.0,0.5,1.5,3.0,36,255048,255048,100.0,64840,190208,0,25.42266553746746,-0.08530568169659647,-0.005307804818523823,0.8349405800597449,0.7180258564453219,25.400316803111572,74.57341363194378,0.026269564944637874,1.841570998400301,0.006748587917941081,0.9224201775711331,0.30747339252371053,-33.290438643784334,103.33386987696784,-0.0008530568169659648,595,64,10.756302521008404,26,0.0,226968.0,-0.08913279499538847,0.6978852248941813,25.07710338021219,28080.0,-0.05437148471653132,0.8502808910119679,28.215811965811966,3768.0,-0.14637516496937678,0.5080615913962833,20.912951167728238
bear_range25_body08_vol15_cp20__all__slip2bps__sl0.5atr__tp1.5atr__h72,bear_range25_body08_vol15_cp20,all,2.0,0.5,1.5,3.0,72,255048,255048,100.0,64814,190234,0,25.4124713779367,-0.08533942589284366,-0.005341562517850726,0.8353688835671496,0.7180059104794675,25.408942630406827,74.58635237288668,0.004704996706502306,1.8458956745396944,0.006748587917941081,0.9224201775711331,0.30747339252371053,-33.290438643784334,103.33386987696784,-0.0008533942589284366,595,64,10.756302521008404,26,0.0,226968.0,-0.08913595682453766,0.6979648354417721,25.069172746818936,28080.0,-0.05465242331076619,0.8495815757635945,28.187321937321936,3768.0,-0.14617357950697138,0.5090685242414006,20.886411889596605
bear_range25_body08_vol15_cp20__all__slip2bps__sl0.5atr__tp2atr__h12,bear_range25_body08_vol15_cp20,all,2.0,0.5,2.0,4.0,12,265759,265759,100.0,56887,208872,0,21.405483915878673,-0.07850833320933769,0.0014922636961407732,0.9726394292629948,0.7469968142842615,19.62755729815359,78.24231728746722,2.1301254143791932,2.2736200843621477,0.006674909925847017,1.1946441347077947,0.29866103367694874,-33.290438643784334,137.80515983595717,-0.0007850833320933769,596,74,12.416107382550337,26,3.8461538461538463,236684.0,-0.08330393621553665,0.7246826017064939,21.12732588599145,29075.0,-0.039469898061644054,0.8942517404835698,23.66981943250215,3989.0,-0.13316158364496303,0.5492827590629259,18.601153171220858
bear_range25_body08_vol15_cp20__all__slip2bps__sl0.5atr__tp2atr__h36,bear_range25_body08_vol15_cp20,all,2.0,0.5,2.0,4.0,36,265759,265759,100.0,55126,210633,0,20.74285348755828,-0.0786102536762748,0.00139030244470307,0.9828620429676203,0.7498101916361293,20.634860907814975,79.24096643951852,0.12417265266651364,2.4287681696574714,0.006674909925847017,1.1946441347077947,0.29866103367694874,-33.290438643784334,137.80515983595717,-0.0007861025367627481,596,72,12.080536912751679,26,3.8461538461538463,236684.0,-0.08364806030472278,0.7270092391901732,20.46103665647023,29075.0,-0.03760016858435468,0.9004254059235471,23.036973344797936,3989.0,-0.1297087693270957,0.5670472835682302,17.949360742040614
bear_range25_body08_vol15_cp20__all__slip2bps__sl0.5atr__tp2atr__h72,bear_range25_body08_vol15_cp20,all,2.0,0.5,2.0,4.0,72,265759,265759,100.0,55022,210737,0,20.703720287930043,-0.07851739994446932,0.0014831933328638871,0.9842970315101647,0.7503445625355156,20.68904533806945,79.29439830824168,0.016556353688868486,2.446773204294116,0.006674909925847017,1.1946441347077947,0.29866103367694874,-33.290438643784334,137.80515983595717,-0.0007851739994446933,596,74,12.416107382550337,26,3.8461538461538463,236684.0,-0.08359630940807743,0.7274377109888754,20.423433776681144,29075.0,-0.03717271868962367,0.9016543120937194,22.9853826311264,3989.0,-0.1307272111082662,0.5647348073010031,17.824016044121333
bear_range25_body08_vol15_cp20__all__slip2bps__sl0.5atr__tp3atr__h12,bear_range25_body08_vol15_cp20,all,2.0,0.5,3.0,6.0,12,270420,270420,100.0,48666,221754,0,17.99644996671844,-0.06652717708737342,0.013478214198305952,1.2489335943447555,0.7914557534844112,11.535019599142075,81.37563789660528,7.0893425042526435,3.0089231565712593,0.0066278250433498215,1.7677627724874652,0.2946271287479105,-33.290438643784334,206.74773975393578,-0.0006652717708737343,596,84,14.093959731543624,26,3.8461538461538463,240974.0,-0.07432975552004518,0.7610315790190295,17.75959232116328,29446.0,-0.00267407190382891,0.9930394491328927,19.93479589757522,4073.0,-0.12147118557644423,0.5934785355797065,16.42523938129143
bear_range25_body08_vol15_cp20__all__slip2bps__sl0.5atr__tp3atr__h36,bear_range25_body08_vol15_cp20,all,2.0,0.5,3.0,6.0,36,270420,270420,100.0,42000,228420,0,15.531395606833815,-0.06788682747322301,0.01211801973467087,1.2834886803570438,0.7946819655812586,14.608756748761188,84.40315065453738,0.9880925967014275,3.72803786702167,0.0066278250433498215,1.7677627724874652,0.2946271287479105,-33.290438643784334,206.74773975393578,-0.0006788682747322301,596,81,13.590604026845638,26,3.8461538461538463,240974.0,-0.07464332330737353,0.7683611987590852,15.325304804667725,29446.0,-0.012594433696866584,0.9684667755085956,17.217958296542825,4073.0,-0.11346163396150725,0.6328275223308796,14.191013994598576
bear_range25_body08_vol15_cp20__all__slip2bps__sl0.5atr__tp3atr__h72,bear_range25_body08_vol15_cp20,all,2.0,0.5,3.0,6.0,72,270420,270420,100.0,40940,229480,0,15.139412765328009,-0.06874813204084096,0.01125637050736197,1.289326874231941,0.7933685712917137,14.992234302196582,84.84468604393166,0.16307965387175505,3.8861178906885585,0.0066278250433498215,1.7677627724874652,0.2946271287479105,-33.290438643784334,206.74773975393578,-0.0006874813204084096,596,84,14.093959731543624,26,3.8461538461538463,240974.0,-0.07537745462679092,0.7675112548128968,14.938126104890983,29446.0,-0.014496472024991429,0.9639553491217339,16.78666032737893,4073.0,-0.11328129900748697,0.6353497282793116,13.82273508470415
bear_range25_body08_vol15_cp20__all__slip2bps__sl0.75atr__tp1atr__h12,bear_range25_body08_vol15_cp20,all,2.0,0.75,1.0,1.3333333333333333,12,214088,214088,100.0,87351,126737,0,40.801446134299916,-0.12012288320009273,-0.04013893877560302,0.8569894630309334,0.6692954001601588,40.64310003363103,59.01498449235828,0.34191547401068717,1.629885841336273,0.007074091788833628,0.6838658054191645,0.5128993540643737,-49.88566196567648,68.8625799179786,-0.0012012288320009273,595,44,7.394957983193278,26,0.0,190500.0,-0.12035957722469397,0.6578770195883569,40.433595800524934,23588.0,-0.11821130902311573,0.7405099154355871,43.77225707987112,2900.0,-0.1700387981622994,0.5356950925417967,34.93103448275862
bear_range25_body08_vol15_cp20__all__slip2bps__sl0.75atr__tp1atr__h36,bear_range25_body08_vol15_cp20,all,2.0,0.75,1.0,1.3333333333333333,36,214088,214088,100.0,87368,126720,0,40.80938679421546,-0.12017619670111815,-0.04019227361056228,0.8601911799825157,0.6699718944799298,40.80004484137364,59.18267254586899,0.0172826127573708,1.6508631964425844,0.007074091788833628,0.6838658054191645,0.5128993540643737,-49.88566196567648,68.8625799179786,-0.0012017619670111816,595,43,7.226890756302522,26,0.0,190500.0,-0.12042150220565555,0.6585098200131877,40.44146981627297,23588.0,-0.11819507500303456,0.7413939323318194,43.78073596744107,2900.0,-0.17002841541316074,0.540923522006306,35.03448275862069
bear_range25_body08_vol15_cp20__all__slip2bps__sl0.75atr__tp1atr__h72,bear_range25_body08_vol15_cp20,all,2.0,0.75,1.0,1.3333333333333333,72,214088,214088,100.0,87371,126717,0,40.81078808714174,-0.12020585797928081,-0.04022194675798395,0.8619437886260869,0.6699887635537182,40.80891969657337,59.188744815216175,0.002335488210455514,1.6532594073465117,0.007074091788833628,0.6838658054191645,0.5128993540643737,-49.88566196567648,68.8625799179786,-0.0012020585797928082,595,43,7.226890756302522,26,0.0,190500.0,-0.12044600400654853,0.6585459968229677,40.44304461942257,23588.0,-0.11826640494407138,0.7412964164987678,43.78073596744107,2900.0,-0.17290071699004883,0.5368902072163583,35.03448275862069
bear_range25_body08_vol15_cp20__all__slip2bps__sl0.75atr__tp1.5atr__h12,bear_range25_body08_vol15_cp20,all,2.0,0.75,1.5,2.0,12,255048,255048,100.0,83907,171141,0,32.898513221040744,-0.10097433454492546,-0.020982727635979772,0.9743094695684215,0.7293362908188918,31.933596813148895,66.55688341018161,1.5095197766694897,2.2570378909068096,0.006748587917941081,0.9224201775711331,0.4612100887855665,-49.88566196567648,103.33386987696784,-0.0010097433454492547,595,70,11.76470588235294,26,0.0,226968.0,-0.10366160565128749,0.7142807187294803,32.56846780162842,28080.0,-0.07925337484162108,0.8261733752306937,35.56623931623932,3768.0,-0.16346339752786265,0.5452291342920453,28.795116772823782
bear_range25_body08_vol15_cp20__all__slip2bps__sl0.75atr__tp1.5atr__h36,bear_range25_body08_vol15_cp20,all,2.0,0.75,1.5,2.0,36,255048,255048,100.0,83370,171678,0,32.68796461842477,-0.10143107288396715,-0.02143964874346449,0.982726329436948,0.7308459412108838,32.63503340547661,67.28929456416047,0.07567203036291208,2.3598577522662403,0.006748587917941081,0.9224201775711331,0.4612100887855665,-49.88566196567648,103.33386987696784,-0.0010143107288396714,595,69,11.596638655462185,26,0.0,226968.0,-0.10427824617988035,0.715413917218721,32.354340700010574,28080.0,-0.07841763881605995,0.829956042524859,35.38461538461539,3768.0,-0.16502966421409127,0.5497769559800665,28.52972399150743
bear_range25_body08_vol15_cp20__all__slip2bps__sl0.75atr__tp1.5atr__h72,bear_range25_body08_vol15_cp20,all,2.0,0.75,1.5,2.0,72,255048,255048,100.0,83336,171712,0,32.67463379442301,-0.10150194467096056,-0.021510548890516745,0.9848847146488079,0.7308969057699711,32.66483171795113,67.32144537498824,0.013722907060631723,2.3727023932749916,0.006748587917941081,0.9224201775711331,0.4612100887855665,-49.88566196567648,103.33386987696784,-0.0010150194467096055,595,67,11.260504201680673,26,0.0,226968.0,-0.1042934633676537,0.715608544315647,32.345528885129184,28080.0,-0.07893836149606594,0.8290422497017031,35.33475783475784,3768.0,-0.16706528685189134,0.5478134697111691,28.52972399150743
bear_range25_body08_vol15_cp20__all__slip2bps__sl0.75atr__tp2atr__h12,bear_range25_body08_vol15_cp20,all,2.0,0.75,2.0,2.6666666666666665,12,265759,265759,100.0,74574,191185,0,28.06076181803815,-0.0940478043297426,-0.014053425700022675,1.1133704455191025,0.7575670539965901,25.044871481304494,70.936826222254,4.018302296441513,2.8931851790532024,0.006674909925847017,1.1946441347077947,0.44799155051542394,-49.88566196567648,137.80515983595717,-0.000940478043297426,596,80,13.422818791946309,26,3.8461538461538463,236684.0,-0.09767050923587352,0.7410877726767554,27.813033411637456,29075.0,-0.06455730431245392,0.864098414290246,30.077386070507306,3989.0,-0.14772757956095606,0.591514247433207,25.570318375532715
bear_range25_body08_vol15_cp20__all__slip2bps__sl0.75atr__tp2atr__h36,bear_range25_body08_vol15_cp20,all,2.0,0.75,2.0,2.6666666666666665,36,265759,265759,100.0,72143,193616,0,27.146023276728165,-0.09454238316734935,-0.01454820244832861,1.1356614085573438,0.7620226259175373,26.908966394364818,72.78775130851636,0.30328229711881816,3.214419831501473,0.006674909925847017,1.1946441347077947,0.44799155051542394,-49.88566196567648,137.80515983595717,-0.0009454238316734936,596,83,13.926174496644295,26,3.8461538461538463,236684.0,-0.09834080984175585,0.7453948731027509,26.899156681482484,29075.0,-0.06362142636579315,0.8693696570614035,29.155631986242476,3989.0,-0.14321720601960625,0.6156576632175027,24.79318124843319
bear_range25_body08_vol15_cp20__all__slip2bps__sl0.75atr__tp2atr__h72,bear_range25_body08_vol15_cp20,all,2.0,0.75,2.0,2.6666666666666665,72,265759,265759,100.0,71961,193798,0,27.07754017737875,-0.09445769906419443,-0.0144634844579776,1.1395180867804013,0.7627715856863841,27.03727813545355,72.91230024194853,0.05042162259791766,3.2604653087948106,0.006674909925847017,1.1946441347077947,0.44799155051542394,-49.88566196567648,137.80515983595717,-0.0009445769906419444,596,82,13.758389261744966,26,3.8461538461538463,236684.0,-0.09828740427564761,0.7460902679853932,26.834091024319346,29075.0,-0.0632821204479404,0.8704128736399742,29.05932932072227,3989.0,-0.1464265697729276,0.6107567590706217,24.667836550513915
bear_range25_body08_vol15_cp20__all__slip2bps__sl0.75atr__tp3atr__h12,bear_range25_body08_vol15_cp20,all,2.0,0.75,3.0,4.0,12,270420,270420,100.0,65078,205342,0,24.065527697655497,-0.08133726230348866,-0.0013377974224576539,1.3889534815815419,0.7974803078127681,14.585459655350935,74.37615560979218,11.038384734856889,3.8396938096294653,0.0066278250433498215,1.7677627724874652,0.44194069312186623,-49.88566196567648,206.74773975393578,-0.0008133726230348866,596,90,15.100671140939598,26,3.8461538461538463,240974.0,-0.08860495484577544,0.7732115595754596,23.837426444346693,29446.0,-0.021861444104582056,0.9554838721099058,25.932214901854238,4073.0,-0.1311459154895104,0.6419073704039177,23.22612325067518
bear_range25_body08_vol15_cp20__all__slip2bps__sl0.75atr__tp3atr__h36,bear_range25_body08_vol15_cp20,all,2.0,0.75,3.0,4.0,36,270420,270420,100.0,56345,214075,0,20.836106796834553,-0.08325286857940908,-0.0032541702475080785,1.442218169438341,0.8039791803293141,19.258560757340433,78.95495895274018,1.7864802899193848,5.0304563271947345,0.0066278250433498215,1.7677627724874652,0.44194069312186623,-49.88566196567648,206.74773975393578,-0.0008325286857940908,596,91,15.268456375838927,26,3.8461538461538463,240974.0,-0.08948803447802924,0.7832934553847527,20.630026475885366,29446.0,-0.032226825407022035,0.9381472385116276,22.522583712558582,4073.0,-0.11580419574106626,0.7012360018343441,20.5990670267616
bear_range25_body08_vol15_cp20__all__slip2bps__sl0.75atr__tp3atr__h72,bear_range25_body08_vol15_cp20,all,2.0,0.75,3.0,4.0,72,270420,270420,100.0,54724,215696,0,20.236668885437467,-0.08472407741251943,-0.004725967799639187,1.4524497832737706,0.8026881817858741,19.945640115376083,79.71562754234154,0.3387323422823756,5.330670808372162,0.0066278250433498215,1.7677627724874652,0.44194069312186623,-49.88566196567648,206.74773975393578,-0.0008472407741251944,596,89,14.93288590604027,26,3.8461538461538463,240974.0,-0.09085748507539158,0.7823365028245642,20.036186476549336,29446.0,-0.034530781951234935,0.9345201255919733,21.877334782313387,4073.0,-0.12007601629153013,0.6955159732701087,19.93616498895163
bear_range25_body08_vol15_cp20__all__slip2bps__sl1atr__tp1atr__h12,bear_range25_body08_vol15_cp20,all,2.0,1.0,1.0,1.0,12,214088,214088,100.0,101691,112397,0,47.49962632188633,-0.1282711886841354,-0.048290504886089824,0.9903947562113078,0.6875695492181371,47.18947348753784,52.00478307985501,0.8057434326071523,1.9351388214192295,0.007074091788833628,0.6838658054191645,0.6838658054191645,-47.8385031097791,68.8625799179786,-0.001282711886841354,595,45,7.563025210084033,26,0.0,190500.0,-0.1281229177494513,0.6773468965233669,47.19737532808399,23588.0,-0.12946864557142201,0.7506973582521697,49.94064778701034,2900.0,-0.18805520756815455,0.548590270857088,41.06896551724138
bear_range25_body08_vol15_cp20__all__slip2bps__sl1atr__tp1atr__h36,bear_range25_body08_vol15_cp20,all,2.0,1.0,1.0,1.0,36,214088,214088,100.0,101871,112217,0,47.583703897462726,-0.12832936270123582,-0.048348702182108495,0.995890067597672,0.6890652506562841,47.56128321064235,52.38593475580136,0.05278203355629461,1.9900928590112477,0.007074091788833628,0.6838658054191645,0.6838658054191645,-49.52071770502664,68.8625799179786,-0.0012832936270123583,595,44,7.394957983193278,26,0.0,190500.0,-0.1282362357361998,0.6786734280403544,47.276115485564304,23588.0,-0.12908146914685736,0.7531235576877948,50.0678311005596,2900.0,-0.18970470466803765,0.5517816723709166,41.172413793103445
bear_range25_body08_vol15_cp20__all__slip2bps__sl1atr__tp1atr__h72,bear_range25_body08_vol15_cp20,all,2.0,1.0,1.0,1.0,72,214088,214088,100.0,101878,112210,0,47.58697358095736,-0.1283728241830647,-0.048392181055486774,0.997056252877204,0.6891325725453403,47.583703897462726,52.406487052053365,0.009809050483913158,1.998692126602145,0.007074091788833628,0.6838658054191645,0.6838658054191645,-51.643302613166206,68.8625799179786,-0.001283728241830647,595,46,7.73109243697479,26,0.0,190500.0,-0.1281891773439517,0.6789159283521214,47.28083989501312,23588.0,-0.12985598184166255,0.7520356640392545,50.05935221298966,2900.0,-0.18836661111367653,0.5543822867327973,41.206896551724135
bear_range25_body08_vol15_cp20__all__slip2bps__sl1atr__tp1.5atr__h12,bear_range25_body08_vol15_cp20,all,2.0,1.0,1.5,1.5,12,255048,255048,100.0,99393,155655,0,38.97031147078197,-0.10960787914831444,-0.02961972703913005,1.1097688263991206,0.7441115736535509,37.40433173363446,59.791098146231306,2.8045701201342492,2.7379944167372416,0.006748587917941081,0.9224201775711331,0.614946785047421,-47.8385031097791,103.33386987696784,-0.0010960787914831443,595,68,11.428571428571429,26,0.0,226968.0,-0.11212296427524339,0.7305650800398921,38.6962038701491,28080.0,-0.08927868252834235,0.8305792700622285,41.18589743589743,3768.0,-0.1714208665725696,0.5793420800085896,35.403397027600846
bear_range25_body08_vol15_cp20__all__slip2bps__sl1atr__tp1.5atr__h36,bear_range25_body08_vol15_cp20,all,2.0,1.0,1.5,1.5,36,255048,255048,100.0,99022,156026,0,38.82484865593928,-0.11008922909301483,-0.030101269600855136,1.124342777440904,0.7474904288290063,38.721730811455096,61.09163765252031,0.18663153602459145,2.946755120604749,0.006748587917941081,0.9224201775711331,0.614946785047421,-49.52071770502664,103.33386987696784,-0.0011008922909301483,595,71,11.932773109243698,26,0.0,226968.0,-0.11297263158867395,0.7332504872257698,38.543759472701,28080.0,-0.08678295780972582,0.8383119566671037,41.096866096866094,3768.0,-0.1742355193611375,0.5850835847738663,35.24416135881104
bear_range25_body08_vol15_cp20__all__slip2bps__sl1atr__tp1.5atr__h72,bear_range25_body08_vol15_cp20,all,2.0,1.0,1.5,1.5,72,255048,255048,100.0,98999,156049,0,38.815830745585146,-0.11001795619657956,-0.030029968183853048,1.127165412011227,0.748058694856691,38.79740284181801,61.16495718452997,0.037639973652018446,2.978145290298297,0.006748587917941081,0.9224201775711331,0.614946785047421,-51.643302613166206,103.33386987696784,-0.0011001795619657957,595,70,11.76470588235294,26,0.0,226968.0,-0.11294872061369171,0.7337001967339601,38.53494765781961,28080.0,-0.08632886295501525,0.8395487779128114,41.08618233618234,3768.0,-0.17381610996452992,0.5873565899881902,35.19108280254777
bear_range25_body08_vol15_cp20__all__slip2bps__sl1atr__tp2atr__h12,bear_range25_body08_vol15_cp20,all,2.0,1.0,2.0,2.0,12,265759,265759,100.0,89519,176240,0,33.68427786076859,-0.10303674412228611,-0.023045962507288974,1.256954242187641,0.7704881549960311,29.321302382986087,64.26950733559352,6.4091902814203845,3.512460537554702,0.006674909925847017,1.1946441347077947,0.5973220673538974,-47.8385031097791,137.80515983595717,-0.0010303674412228611,596,88,14.76510067114094,26,3.8461538461538463,236684.0,-0.10668077352401419,0.7553907378628045,33.48895573845296,29075.0,-0.073372652809522,0.86737389797865,35.274290627687016,3989.0,-0.15241481893465753,0.629007872610045,31.86262221108047
bear_range25_body08_vol15_cp20__all__slip2bps__sl1atr__tp2atr__h36,bear_range25_body08_vol15_cp20,all,2.0,1.0,2.0,2.0,36,265759,265759,100.0,86918,178841,0,32.70557158929707,-0.10343597091230972,-0.023445349051930454,1.2897391217842802,0.7779188103389385,32.29392043166929,67.09537588567085,0.6107036826598535,4.066180261063595,0.006674909925847017,1.1946441347077947,0.5973220673538974,-49.52071770502664,137.80515983595717,-0.0010343597091230972,596,92,15.436241610738255,26,3.8461538461538463,236684.0,-0.10754967073319394,0.7623429019535094,32.504943299927334,29075.0,-0.06994854431192545,0.8779986766993915,34.33877901977644,3989.0,-0.150858092511397,0.649838998196908,31.035347204813235
bear_range25_body08_vol15_cp20__all__slip2bps__sl1atr__tp2atr__h72,bear_range25_body08_vol15_cp20,all,2.0,1.0,2.0,2.0,72,265759,265759,100.0,86655,179104,0,32.60660974792952,-0.10319957504666723,-0.023208858590103177,1.2958646134995326,0.7793861404086846,32.535116402454854,67.35500961397356,0.10987398357158178,4.162688751839072,0.006674909925847017,1.1946441347077947,0.5973220673538974,-51.643302613166206,137.80515983595717,-0.0010319957504666723,596,91,15.268456375838927,26,3.8461538461538463,236684.0,-0.10740958414531498,0.7636298664559911,32.40523229284616,29075.0,-0.06892814620730779,0.8804639014489981,34.24591573516767,3989.0,-0.15203663615909205,0.6499808452322562,30.78465780897468
bear_range25_body08_vol15_cp20__all__slip2bps__sl1atr__tp3atr__h12,bear_range25_body08_vol15_cp20,all,2.0,1.0,3.0,3.0,12,270420,270420,100.0,79210,191210,0,29.29147252422158,-0.08973875652224936,-0.009742653583682915,1.5501062929522,0.8079529699806083,16.945492197322682,67.73685378300421,15.317654019673101,4.6226055765106135,0.0066278250433498215,1.7677627724874652,0.589254257495821,-47.8385031097791,206.74773975393578,-0.0008973875652224936,596,99,16.610738255033556,26,3.8461538461538463,240974.0,-0.09806129751780632,0.7841292963815185,29.09567007228996,29446.0,-0.021630490752252773,0.9623023188395988,30.89383957073966,4073.0,-0.13229703202085186,0.6831312650275337,29.118585808986
bear_range25_body08_vol15_cp20__all__slip2bps__sl1atr__tp3atr__h36,bear_range25_body08_vol15_cp20,all,2.0,1.0,3.0,3.0,36,270420,270420,100.0,69291,201129,0,25.62347459507433,-0.09144870632978919,-0.011453287644847062,1.6211070429238224,0.8187496713252264,23.307817469122107,73.8602913985652,2.8318911323126987,6.359755195621625,0.0066278250433498215,1.7677627724874652,0.589254257495821,-49.52071770502664,206.74773975393578,-0.0009144870632978918,596,99,16.610738255033556,26,3.8461538461538463,240974.0,-0.09882999749722919,0.7985013028089509,25.433864234315735,29446.0,-0.03104324352388297,0.9499043160744218,27.175168104326563,4073.0,-0.11373965868862275,0.7482360448701131,26.319666093788364
bear_range25_body08_vol15_cp20__all__slip2bps__sl1atr__tp3atr__h72,bear_range25_body08_vol15_cp20,all,2.0,1.0,3.0,3.0,72,270420,270420,100.0,67186,203234,0,24.845055839065157,-0.09268985671208534,-0.012694934685959664,1.6388857286670349,0.8193632512787795,24.37837438059315,75.04067746468456,0.5809481547222838,6.851741735078766,0.0066278250433498215,1.7677627724874652,0.589254257495821,-51.643302613166206,206.74773975393578,-0.0009268985671208534,596,92,15.436241610738255,26,3.8461538461538463,240974.0,-0.10009026395445775,0.7992796914876384,24.657846904645314,29446.0,-0.032127955780771315,0.9491300262427772,26.377097059023296,4073.0,-0.11512123272529073,0.749809096356377,25.48490056469433
bear_range25_body08_vol15_cp20__long_counter_trend__slip0bps__sl0.5atr__tp1atr__h12,bear_range25_body08_vol15_cp20,long_counter_trend,0.0,0.5,1.0,2.0,12,153998,153998,100.0,53577,100421,0,34.7907115676827,-0.06788257434785679,0.012122274561968044,0.7036941266786509,0.7451182307690494,34.75304874089274,65.18266470993129,0.06428654917596333,1.309107910492344,0.007717781913115673,0.6552806163939026,0.32764030819695134,-18.028383536374466,68.87636843396216,-0.0006788257434785679,594,66,11.11111111111111,25,0.0,137167.0,-0.0700884382381868,0.7302579822742856,34.26115610897665,16831.0,-0.0499055241283271,0.8436829240193783,39.1064107896144,1778.0,-0.08657369674709053,0.6392025078206689,30.483689538807653
bear_range25_body08_vol15_cp20__long_counter_trend__slip0bps__sl0.5atr__tp1atr__h36,bear_range25_body08_vol15_cp20,long_counter_trend,0.0,0.5,1.0,2.0,36,153998,153998,100.0,53567,100431,0,34.78421797685684,-0.06787805604522118,0.012126794672647908,0.7042970855600572,0.7452646893047246,34.78291925869167,65.21513266406058,0.0019480772477564645,1.3126209431291316,0.007717781913115673,0.6552806163939026,0.32764030819695134,-18.028383536374466,68.87636843396216,-0.0006787805604522118,594,67,11.27946127946128,25,0.0,137167.0,-0.07008137867662102,0.7304333173410887,34.25459476404675,16831.0,-0.04992171623289688,0.8436688532976919,39.100469371992155,1778.0,-0.08657369674709053,0.6392025078206689,30.483689538807653
bear_range25_body08_vol15_cp20__long_counter_trend__slip0bps__sl0.5atr__tp1atr__h72,bear_range25_body08_vol15_cp20,long_counter_trend,0.0,0.5,1.0,2.0,72,153998,153998,100.0,53568,100430,0,34.78486733593943,-0.06785270669638105,0.012152154165285088,0.7043498007955854,0.745357398453143,34.78486733593943,65.21513266406058,0.0,1.3127832828997779,0.007717781913115673,0.6552806163939026,0.32764030819695134,-18.028383536374466,68.87636843396216,-0.0006785270669638105,594,67,11.27946127946128,25,0.0,137167.0,-0.07005291885011261,0.7305398372817333,34.25532380237229,16831.0,-0.04992171623289688,0.8436688532976919,39.100469371992155,1778.0,-0.08657369674709053,0.6392025078206689,30.483689538807653
bear_range25_body08_vol15_cp20__long_counter_trend__slip0bps__sl0.5atr__tp1.5atr__h12,bear_range25_body08_vol15_cp20,long_counter_trend,0.0,0.5,1.5,3.0,12,184443,184443,100.0,51613,132830,0,27.983170952543606,-0.04349810251742994,0.036516504084203705,0.8471278757508972,0.8379977258782367,27.56786649534002,71.90297273412382,0.5291607705361548,1.7491474330823074,0.0072436005645779055,0.8837560243746604,0.2945853414582205,-18.028383536374466,103.35455265094326,-0.0004349810251742994,594,107,18.013468013468014,26,15.384615384615385,164109.0,-0.0488797458318301,0.8143336193412432,27.442736230188476,20334.0,-6.463626962369153e-05,0.9997920092134507,32.34484115274909,2409.0,-0.08853524592990748,0.6286106676463036,24.117891241178913
bear_range25_body08_vol15_cp20__long_counter_trend__slip0bps__sl0.5atr__tp1.5atr__h36,bear_range25_body08_vol15_cp20,long_counter_trend,0.0,0.5,1.5,3.0,36,184443,184443,100.0,51348,133095,0,27.83949512857631,-0.04368392412042798,0.036330608122821156,0.8495072732010834,0.8378763705366993,27.825940805560524,72.15779400682052,0.01626518761893918,1.779812733473214,0.0072436005645779055,0.8837560243746604,0.2945853414582205,-18.028383536374466,103.35455265094326,-0.0004368392412042798,594,106,17.845117845117844,26,19.230769230769234,164109.0,-0.04915739235681785,0.8139407466300526,27.295882614603705,20334.0,0.0004906307534632617,1.0015736360513163,32.226812235664404,2409.0,-0.08659819458318216,0.637024192711815,24.117891241178913
bear_range25_body08_vol15_cp20__long_counter_trend__slip0bps__sl0.5atr__tp1.5atr__h72,bear_range25_body08_vol15_cp20,long_counter_trend,0.0,0.5,1.5,3.0,72,184443,184443,100.0,51338,133105,0,27.834073399369995,-0.043697641267334934,0.03631688548685981,0.849623367729257,0.837849059551484,27.83190470768747,72.16538442770938,0.0027108646031565307,1.7822091377824043,0.0072436005645779055,0.8837560243746604,0.2945853414582205,-18.028383536374466,103.35455265094326,-0.0004369764126733494,594,106,17.845117845117844,26,19.230769230769234,164109.0,-0.04914975571609472,0.8139898808661129,27.29222650799164,20334.0,0.00030457423731334774,1.000976495650984,32.20714074948363,2409.0,-0.08639711980507381,0.6378669964245306,24.117891241178913
bear_range25_body08_vol15_cp20__long_counter_trend__slip0bps__sl0.5atr__tp2atr__h12,bear_range25_body08_vol15_cp20,long_counter_trend,0.0,0.5,2.0,4.0,12,192255,192255,100.0,45271,146984,0,23.5473719799225,-0.03378763650969933,0.04623085583263374,1.0081485450253316,0.8784244126354506,21.828821096980572,76.18735533536189,1.9838235676575382,2.256747548828379,0.007150875909092913,1.1449077714694158,0.286226942867354,-18.028383536374466,137.83273686792435,-0.0003378763650969933,595,141,23.697478991596636,26,23.076923076923077,171186.0,-0.040738009066607225,0.850476287102734,23.101188181276505,21069.0,0.022684264222506086,1.0703824202104293,27.172623285395602,2568.0,-0.0792869690157854,0.6708007411274439,20.87227414330218
bear_range25_body08_vol15_cp20__long_counter_trend__slip0bps__sl0.5atr__tp2atr__h36,bear_range25_body08_vol15_cp20,long_counter_trend,0.0,0.5,2.0,4.0,36,192255,192255,100.0,44001,148254,0,22.88679098072872,-0.03440347174439033,0.045614774165275845,1.0152137516482316,0.8776364096669763,22.79160489974253,77.10124574133313,0.10714935892434527,2.398371953915373,0.007150875909092913,1.1449077714694158,0.286226942867354,-18.028383536374466,137.83273686792435,-0.00034403471744390334,595,137,23.025210084033613,26,23.076923076923077,171186.0,-0.041621993698062125,0.8490300264931357,22.426483474115873,21069.0,0.024247147609222388,1.0744862610269854,26.626797664815605,2568.0,-0.07668383024224396,0.6846851952443659,20.443925233644862
bear_range25_body08_vol15_cp20__long_counter_trend__slip0bps__sl0.5atr__tp2atr__h72,bear_range25_body08_vol15_cp20,long_counter_trend,0.0,0.5,2.0,4.0,72,192255,192255,100.0,43932,148323,0,22.850901146914254,-0.03432994935449692,0.04568832597589349,1.0163117187306239,0.8779933685067898,22.8389378689761,77.14805856804765,0.013003562976255493,2.413300044212114,0.007150875909092913,1.1449077714694158,0.286226942867354,-18.028383536374466,137.83273686792435,-0.00034329949354496925,595,138,23.19327731092437,26,23.076923076923077,171186.0,-0.04159643310419035,0.8492430831903982,22.39084971901908,21069.0,0.02471036044544757,1.0758581524450177,26.58882718686221,2568.0,-0.07873109052140076,0.6775027600724819,20.28816199376947
bear_range25_body08_vol15_cp20__long_counter_trend__slip0bps__sl0.5atr__tp3atr__h12,bear_range25_body08_vol15_cp20,long_counter_trend,0.0,0.5,3.0,6.0,12,195543,195543,100.0,38797,156746,0,19.84064885984157,-0.016881534168744414,0.0631437233205838,1.3330009473269564,0.9411781175978386,12.912249479654092,79.66125097804576,7.426499542300159,3.09736477398833,0.007089586253767014,1.6950179999130917,0.2825029999855155,-18.028383536374466,206.78910530188654,-0.00016881534168744416,595,191,32.10084033613445,26,30.76923076923077,174215.0,-0.02787864456018964,0.9009010771423595,19.458140803030737,21328.0,0.07294693483189463,1.2188421887594931,22.96511627906977,2627.0,-0.05780472384358131,0.7618794798027098,18.995051389417586
bear_range25_body08_vol15_cp20__long_counter_trend__slip0bps__sl0.5atr__tp3atr__h36,bear_range25_body08_vol15_cp20,long_counter_trend,0.0,0.5,3.0,6.0,36,195543,195543,100.0,33701,161842,0,17.23457244698097,-0.019336348730353867,0.06068792644022218,1.3605155851823632,0.9350407337216948,16.253202620395513,82.70559416598907,1.0412032136154195,3.853801977058754,0.007089586253767014,1.6950179999130917,0.2825029999855155,-18.028383536374466,206.78910530188654,-0.00019336348730353867,595,188,31.596638655462183,26,26.923076923076923,174215.0,-0.029572419019644917,0.8986137809062141,16.879143586947162,21328.0,0.06427566296548448,1.185456490500388,20.137846961740436,2627.0,-0.04360242513326213,0.8255231312399125,17.053673391701558
bear_range25_body08_vol15_cp20__long_counter_trend__slip0bps__sl0.5atr__tp3atr__h72,bear_range25_body08_vol15_cp20,long_counter_trend,0.0,0.5,3.0,6.0,72,195543,195543,100.0,32877,162666,0,16.813181755419524,-0.020618151843277283,0.05940561040088312,1.3650157221636192,0.9311917817477384,16.66078560725774,83.17454472929228,0.16466966344998288,4.019034176626113,0.007089586253767014,1.6950179999130917,0.2825029999855155,-18.028383536374466,206.78910530188654,-0.00020618151843277284,595,189,31.76470588235294,26,30.76923076923077,174215.0,-0.030941774834906004,0.8946329395666545,16.451511063915277,21328.0,0.06370902273880254,1.1827713306923935,19.767441860465116,2627.0,-0.043008687453368666,0.8289476737593825,16.711077274457555
bear_range25_body08_vol15_cp20__long_counter_trend__slip0bps__sl0.75atr__tp1atr__h12,bear_range25_body08_vol15_cp20,long_counter_trend,0.0,0.75,1.0,1.3333333333333333,12,153998,153998,100.0,66185,87813,0,42.97783088092053,-0.08578080949166533,-0.005783122740761666,0.8413994171503512,0.7386677584096646,42.868089195963584,56.89879089338823,0.2331199106481902,1.5225002922115871,0.007717781913115673,0.6552806163939026,0.4914604622954273,-27.002575304561688,68.87636843396216,-0.0008578080949166534,594,68,11.447811447811448,25,0.0,137167.0,-0.08572877118624493,0.731115519114702,42.50657957088804,16831.0,-0.08620490421209832,0.7871259382583123,46.81837086328798,1778.0,-0.10715460869279947,0.6352173758453148,38.30146231721035
bear_range25_body08_vol15_cp20__long_counter_trend__slip0bps__sl0.75atr__tp1atr__h36,bear_range25_body08_vol15_cp20,long_counter_trend,0.0,0.75,1.0,1.3333333333333333,36,153998,153998,100.0,66198,87800,0,42.986272548994144,-0.08577937995824664,-0.00578169263530077,0.8424580357262907,0.7390685518297172,42.9791295990857,57.009181937427755,0.011688463486538786,1.5362796919440511,0.007717781913115673,0.6552806163939026,0.4914604622954273,-27.002575304561688,68.87636843396216,-0.0008577937995824664,594,67,11.27946127946128,25,0.0,137167.0,-0.08576544011850529,0.7313963428744006,42.51168283916685,16831.0,-0.08589298497267286,0.7882798700002794,46.85401936902145,1778.0,-0.10809733032068297,0.6341872948142793,38.41394825646794
bear_range25_body08_vol15_cp20__long_counter_trend__slip0bps__sl0.75atr__tp1atr__h72,bear_range25_body08_vol15_cp20,long_counter_trend,0.0,0.75,1.0,1.3333333333333333,72,153998,153998,100.0,66197,87801,0,42.98562318991156,-0.08581790161387999,-0.005820229705762311,0.8426329297795174,0.7390057962309287,42.98432447174639,57.01437681008844,0.0012987181651709762,1.5377342562890428,0.007717781913115673,0.6552806163939026,0.4914604622954273,-27.002575304561688,68.87636843396216,-0.0008581790161388,594,67,11.27946127946128,25,0.0,137167.0,-0.08579573541800502,0.7313509979119592,42.510953800841314,16831.0,-0.08599854866928883,0.7880966553110967,46.85401936902145,1778.0,-0.10809733032068297,0.6341872948142793,38.41394825646794
bear_range25_body08_vol15_cp20__long_counter_trend__slip0bps__sl0.75atr__tp1.5atr__h12,bear_range25_body08_vol15_cp20,long_counter_trend,0.0,0.75,1.5,2.0,12,184443,184443,100.0,64800,119643,0,35.13280525690864,-0.05982063667625492,0.020187438299064678,0.9766756743129061,0.8225485683035232,34.30219634250148,64.48604717988755,1.2117564776109693,2.1386769896390754,0.0072436005645779055,0.8837560243746604,0.44187801218733,-27.002575304561688,103.35455265094326,-0.0005982063667625491,594,101,17.003367003367003,26,11.538461538461538,164109.0,-0.06366201231108833,0.8068042431429949,34.633079233923795,20334.0,-0.02881816229556885,0.9276578963292698,39.16592898593489,2409.0,-0.09669663948775664,0.6671700242169732,32.33706932337069
bear_range25_body08_vol15_cp20__long_counter_trend__slip0bps__sl0.75atr__tp1.5atr__h36,bear_range25_body08_vol15_cp20,long_counter_trend,0.0,0.75,1.5,2.0,36,184443,184443,100.0,64420,120023,0,34.92677954706874,-0.06017491027281107,0.01983302293636351,0.9808712221841435,0.8228635316925957,34.89099613430708,65.05695526531233,0.05204860038060539,2.2170643505039496,0.0072436005645779055,0.8837560243746604,0.44187801218733,-27.002575304561688,103.35455265094326,-0.0006017491027281107,594,102,17.17171717171717,26,11.538461538461538,164109.0,-0.06426543318736606,0.806491224680382,34.419196997117766,20334.0,-0.02716165046240921,0.932277528016598,39.023310711124225,2409.0,-0.09412030277149198,0.6797188714442032,32.25404732254047
bear_range25_body08_vol15_cp20__long_counter_trend__slip0bps__sl0.75atr__tp1.5atr__h72,bear_range25_body08_vol15_cp20,long_counter_trend,0.0,0.75,1.5,2.0,72,184443,184443,100.0,64404,120039,0,34.918104780338645,-0.060225376299287356,0.019782536715398858,0.9812364506038381,0.8228101751377253,34.91376739697359,65.08026870089947,0.0059639021269443674,2.224893327477866,0.0072436005645779055,0.8837560243746604,0.44187801218733,-27.002575304561688,103.35455265094326,-0.0006022537629928736,594,101,17.003367003367003,26,11.538461538461538,164109.0,-0.06428004300543198,0.8065317437720078,34.41371283719967,20334.0,-0.027501500107750907,0.9315129519092921,38.98888561030786,2409.0,-0.09391922799338365,0.6804031069912668,32.25404732254047
bear_range25_body08_vol15_cp20__long_counter_trend__slip0bps__sl0.75atr__tp2atr__h12,bear_range25_body08_vol15_cp20,long_counter_trend,0.0,0.75,2.0,2.6666666666666665,12,192255,192255,100.0,57740,134515,0,30.033029049959687,-0.05000418448047475,0.03000781864698403,1.1341714385030413,0.8582082899221807,27.19565160854074,69.22160672024134,3.5827416712179136,2.805315856544693,0.007150875909092913,1.1449077714694158,0.42934041430103026,-27.002575304561688,137.83273686792435,-0.0005000418448047475,595,127,21.34453781512605,26,19.230769230769234,171186.0,-0.05533066381462122,0.8394984149100391,29.64319512109635,21069.0,-0.006726445086331655,0.9838709072277801,33.200436660496464,2568.0,-0.0816626420813654,0.7228496804692072,28.77725856697819
bear_range25_body08_vol15_cp20__long_counter_trend__slip0bps__sl0.75atr__tp2atr__h36,bear_range25_body08_vol15_cp20,long_counter_trend,0.0,0.75,2.0,2.6666666666666665,36,192255,192255,100.0,55969,136286,0,29.11185664872175,-0.05092122901766016,0.029090407145197957,1.1505334993312208,0.8585876254756573,28.909521208811213,70.84497152219708,0.24550726899170372,3.084039426802944,0.007150875909092913,1.1449077714694158,0.42934041430103026,-27.002575304561688,137.83273686792435,-0.0005092122901766016,595,125,21.008403361344538,26,19.230769230769234,171186.0,-0.05665781435914313,0.8390888096068573,28.700361010830328,21069.0,-0.0043113710145699854,0.9898546960597523,32.455266030661164,2568.0,-0.07775433843695619,0.7429158378695043,27.998442367601246
bear_range25_body08_vol15_cp20__long_counter_trend__slip0bps__sl0.75atr__tp2atr__h72,bear_range25_body08_vol15_cp20,long_counter_trend,0.0,0.75,2.0,2.6666666666666665,72,192255,192255,100.0,55844,136411,0,29.04683883384047,-0.050936956339364514,0.029074673530047584,1.1520952745402677,0.8587903915214065,29.015110140178408,70.94691945593092,0.03797040389066604,3.1201737276013626,0.007150875909092913,1.1449077714694158,0.42934041430103026,-27.002575304561688,137.83273686792435,-0.0005093695633936452,595,123,20.672268907563023,26,15.384615384615385,171186.0,-0.056670024489861484,0.8393244909262423,28.639024219270265,21069.0,-0.004355675575636243,0.9897725988295288,32.36033983577769,2568.0,-0.08038949894103202,0.7354564774390895,27.842679127725855
bear_range25_body08_vol15_cp20__long_counter_trend__slip0bps__sl0.75atr__tp3atr__h12,bear_range25_body08_vol15_cp20,long_counter_trend,0.0,0.75,3.0,4.0,12,195543,195543,100.0,50394,145149,0,25.77131372639266,-0.031406414016900135,0.04861303119557809,1.4603016830278601,0.9143940908817906,15.91823793232179,73.01667663889783,11.065085428780371,3.859913164879336,0.007089586253767014,1.6950179999130917,0.42375449997827286,-27.002575304561688,206.78910530188654,-0.00031406414016900137,595,152,25.546218487394956,26,26.923076923076923,174215.0,-0.04172231019767193,0.8837328674563378,25.410555922279944,21328.0,0.05285764511349949,1.1222397756003657,28.71811702925731,2627.0,-0.054478307204192444,0.8169921150436126,26.684430909783025
bear_range25_body08_vol15_cp20__long_counter_trend__slip0bps__sl0.75atr__tp3atr__h36,bear_range25_body08_vol15_cp20,long_counter_trend,0.0,0.75,3.0,4.0,36,195543,195543,100.0,43781,151762,0,22.389448868023912,-0.034682089322949895,0.04533604509508822,1.5010590877021994,0.9104693473993932,20.802585620554048,77.43514214264893,1.7622722367970218,5.047611011388799,0.007089586253767014,1.6950179999130917,0.42375449997827286,-27.002575304561688,206.78910530188654,-0.00034682089322949895,595,154,25.882352941176475,26,26.923076923076923,174215.0,-0.04447349317200166,0.8826127346069674,22.035990012341074,21328.0,0.04529772226569206,1.0991341429733603,25.27663165791448,2627.0,-0.028979775756208817,0.9075094382083729,24.210125618576324
bear_range25_body08_vol15_cp20__long_counter_trend__slip0bps__sl0.75atr__tp3atr__h72,bear_range25_body08_vol15_cp20,long_counter_trend,0.0,0.75,3.0,4.0,72,195543,195543,100.0,42560,152983,0,21.765033777736868,-0.0367362154858463,0.0432810969529349,1.5070810378833592,0.9061881162479395,21.482231529637982,78.19814567639854,0.31962279396347604,5.338881985036539,0.007089586253767014,1.6950179999130917,0.42375449997827286,-27.002575304561688,206.78910530188654,-0.00036736215485846306,595,156,26.218487394957986,26,26.923076923076923,174215.0,-0.046656886527885626,0.8781881590657885,21.410900324311914,21328.0,0.04429949839210215,1.0959695703284547,24.657726931732935,2627.0,-0.02893836051121419,0.908580719149121,23.639132089836316
bear_range25_body08_vol15_cp20__long_counter_trend__slip0bps__sl1atr__tp1atr__h12,bear_range25_body08_vol15_cp20,long_counter_trend,0.0,1.0,1.0,1.0,12,153998,153998,100.0,76153,77845,0,49.45064221613268,-0.09666363627134415,-0.016670304393101427,0.9733840986829428,0.7421080841070808,49.2350550007143,50.22273016532682,0.5422148339588826,1.7695944103170171,0.007717781913115673,0.6552806163939026,0.6552806163939026,-31.807908648610635,68.87636843396216,-0.0009666363627134415,594,73,12.289562289562289,25,0.0,137167.0,-0.09565502444533573,0.7366993848576905,49.08469238227854,16831.0,-0.10488348407231292,0.7762675000527675,52.43301051630919,1778.0,-0.13390869739924985,0.6092824823656645,43.7570303712036
bear_range25_body08_vol15_cp20__long_counter_trend__slip0bps__sl1atr__tp1atr__h36,bear_range25_body08_vol15_cp20,long_counter_trend,0.0,1.0,1.0,1.0,36,153998,153998,100.0,76242,77756,0,49.508435174482784,-0.09675403790727662,-0.01676074220415825,0.9753108630664292,0.7427387639694426,49.49414927466591,50.47273341212224,0.03311731321185989,1.8048351277289316,0.007717781913115673,0.6552806163939026,0.6552806163939026,-31.807908648610635,68.87636843396216,-0.0009675403790727661,594,75,12.626262626262626,25,0.0,137167.0,-0.09580261607354962,0.7371577156572664,49.13353795009003,16831.0,-0.1045078064692653,0.7779610871532135,52.56372170399858,1778.0,-0.1344927649064287,0.6096069976840072,43.925759280089984
bear_range25_body08_vol15_cp20__long_counter_trend__slip0bps__sl1atr__tp1atr__h72,bear_range25_body08_vol15_cp20,long_counter_trend,0.0,1.0,1.0,1.0,72,153998,153998,100.0,76242,77756,0,49.508435174482784,-0.09685718413533877,-0.016863929707221625,0.9757810456578725,0.7425936244839826,49.505837738152444,50.48831803010428,0.005844231743269393,1.8104001350666892,0.007717781913115673,0.6552806163939026,0.6552806163939026,-31.807908648610635,68.87636843396216,-0.0009685718413533877,594,74,12.457912457912458,25,0.0,137167.0,-0.0958379473234824,0.7371506561688695,49.13426698841558,16831.0,-0.10516362200426507,0.7769044731066541,52.557780286376335,1778.0,-0.13236722609277046,0.6147041557327249,43.98200224971879
bear_range25_body08_vol15_cp20__long_counter_trend__slip0bps__sl1atr__tp1.5atr__h12,bear_range25_body08_vol15_cp20,long_counter_trend,0.0,1.0,1.5,1.5,12,184443,184443,100.0,75716,108727,0,41.051164858519975,-0.06959367050974975,0.010410493687725357,1.109527428401519,0.8219724359170005,39.72121468421138,58.08678019767625,2.192005118112371,2.5510266044252154,0.0072436005645779055,0.8837560243746604,0.589170682916441,-31.807908648610635,103.35455265094326,-0.0006959367050974975,594,104,17.50841750841751,26,11.538461538461538,164109.0,-0.07310959116040318,0.8084509440193379,40.6431091530629,20334.0,-0.04121783584573449,0.9114518199327134,44.344447723025475,2409.0,-0.10582324214258221,0.6827244783206813,39.061851390618514
bear_range25_body08_vol15_cp20__long_counter_trend__slip0bps__sl1atr__tp1.5atr__h36,bear_range25_body08_vol15_cp20,long_counter_trend,0.0,1.0,1.5,1.5,36,184443,184443,100.0,75382,109061,0,40.87007910302912,-0.07012429342843195,0.009879658434942025,1.1167619795437607,0.8229903734184019,40.80013879626768,59.073534913225224,0.12632629050709435,2.705432030491805,0.0072436005645779055,0.8837560243746604,0.589170682916441,-31.807908648610635,103.35455265094326,-0.0007012429342843194,594,103,17.34006734006734,26,11.538461538461538,164109.0,-0.07397311229297303,0.8087806921647545,40.44567939601119,20334.0,-0.039061747198424604,0.9171207922835473,44.29526900757352,2409.0,-0.10329233999927712,0.695287373745346,39.061851390618514
bear_range25_body08_vol15_cp20__long_counter_trend__slip0bps__sl1atr__tp1.5atr__h72,bear_range25_body08_vol15_cp20,long_counter_trend,0.0,1.0,1.5,1.5,72,184443,184443,100.0,75370,109073,0,40.863573027981545,-0.07022687000064125,0.00977704081568506,1.1177311352479107,0.8229370709933769,40.85164522372766,59.129378724050255,0.018976052222095714,2.723930970543745,0.0072436005645779055,0.8837560243746604,0.589170682916441,-31.807908648610635,103.35455265094326,-0.0007022687000064125,594,103,17.34006734006734,26,11.538461538461538,164109.0,-0.07397645525922528,0.8089460267170981,40.44202328939912,20334.0,-0.03996520543877589,0.9154425017400462,44.26576177830235,2409.0,-0.10137615247563614,0.7005610197117452,39.061851390618514
bear_range25_body08_vol15_cp20__long_counter_trend__slip0bps__sl1atr__tp2atr__h12,bear_range25_body08_vol15_cp20,long_counter_trend,0.0,1.0,2.0,2.0,12,192255,192255,100.0,68373,123882,0,35.56370445502068,-0.05920099495415934,0.020807327977031515,1.2767354149927252,0.8563930718552915,31.487347533224103,62.92528152713843,5.587370939637461,3.356302826974591,0.007150875909092913,1.1449077714694158,0.5724538857347079,-31.807908648610635,137.83273686792435,-0.0005920099495415935,595,127,21.34453781512605,26,19.230769230769234,171186.0,-0.06457569431311108,0.8396271440477391,35.25288282920332,21069.0,-0.015531467000221375,0.9683102339232579,38.089135696995584,2568.0,-0.08456115600101059,0.7500267068358555,35.47507788161994
bear_range25_body08_vol15_cp20__long_counter_trend__slip0bps__sl1atr__tp2atr__h36,bear_range25_body08_vol15_cp20,long_counter_trend,0.0,1.0,2.0,2.0,36,192255,192255,100.0,66371,125884,0,34.52237913188213,-0.060506550285170234,0.019501250214915708,1.2988856638006296,0.8577999536044993,34.18012535434709,65.33354139034095,0.4863332553119555,3.824093001482406,0.007150875909092913,1.1449077714694158,0.5724538857347079,-31.807908648610635,137.83273686792435,-0.0006050655028517023,595,121,20.33613445378151,26,15.384615384615385,171186.0,-0.06640208472527913,0.8403004618276532,34.17744441718365,21069.0,-0.012605228026663908,0.9750089813506781,37.32497982818359,2568.0,-0.07948324540128256,0.7729923913700446,34.77414330218069
bear_range25_body08_vol15_cp20__long_counter_trend__slip0bps__sl1atr__tp2atr__h72,bear_range25_body08_vol15_cp20,long_counter_trend,0.0,1.0,2.0,2.0,72,192255,192255,100.0,66206,126049,0,34.43655561623885,-0.06061001602595889,0.0193977430712696,1.301982935747993,0.8580478220297522,34.37829965410523,65.54471925307534,0.07698109281943252,3.896694494291436,0.007150875909092913,1.1449077714694158,0.5724538857347079,-31.807908648610635,137.83273686792435,-0.000606100160259589,595,121,20.33613445378151,26,15.384615384615385,171186.0,-0.06648028952091622,0.8406328728222229,34.09449370859767,21069.0,-0.012913939396419967,0.9745180346454551,37.21581470406759,2568.0,-0.07949597660693619,0.7740706847029963,34.65732087227414
bear_range25_body08_vol15_cp20__long_counter_trend__slip0bps__sl1atr__tp3atr__h12,bear_range25_body08_vol15_cp20,long_counter_trend,0.0,1.0,3.0,3.0,12,195543,195543,100.0,60560,134983,0,30.970170243884976,-0.03865335106573697,0.041363194211947785,1.62407829651421,0.9103518201907975,18.292651744117663,66.7372393795738,14.970108876308535,4.580133269920171,0.007089586253767014,1.6950179999130917,0.565005999971031,-31.807908648610635,206.78910530188654,-0.0003865335106573697,595,168,28.235294117647058,26,30.76923076923077,174215.0,-0.05027398226350548,0.8807419669244644,30.671296960652068,21328.0,0.05626826671929876,1.1104009952296892,33.41147786946736,2627.0,-0.05048038645735967,0.8525180454555717,33.15569090216977
bear_range25_body08_vol15_cp20__long_counter_trend__slip0bps__sl1atr__tp3atr__h36,bear_range25_body08_vol15_cp20,long_counter_trend,0.0,1.0,3.0,3.0,36,195543,195543,100.0,52974,142569,0,27.090716619873888,-0.04244241689195521,0.03757261215290599,1.6772515992201036,0.90849657868275,24.796080657451302,72.48993827444603,2.713981068102668,6.263149281743657,0.007089586253767014,1.6950179999130917,0.565005999971031,-31.807908648610635,206.78910530188654,-0.0004244241689195521,595,157,26.38655462184874,26,26.923076923076923,174215.0,-0.053701402664396006,0.8816187448140358,26.766925924862957,21328.0,0.04952514717151926,1.0905101059655689,29.73555888972243,2627.0,-0.01694358669804907,0.9535897871499386,30.567186905215078
bear_range25_body08_vol15_cp20__long_counter_trend__slip0bps__sl1atr__tp3atr__h72,bear_range25_body08_vol15_cp20,long_counter_trend,0.0,1.0,3.0,3.0,72,195543,195543,100.0,51404,144139,0,26.28782416143764,-0.04476238012630831,0.03525172056191653,1.6876292381067102,0.9050451201097078,25.850068782825257,73.63086379977806,0.5190674173966852,6.723037899592417,0.007089586253767014,1.6950179999130917,0.565005999971031,-31.807908648610635,206.78910530188654,-0.0004476238012630831,595,152,25.546218487394956,26,30.76923076923077,174215.0,-0.05623847872530655,0.8780282465927685,25.95930315988864,21328.0,0.048978641883466886,1.0881263409076558,28.97130532633158,2627.0,-0.01130700344555546,0.9693564963261028,30.072325846973737
bear_range25_body08_vol15_cp20__long_counter_trend__slip1bps__sl0.5atr__tp1atr__h12,bear_range25_body08_vol15_cp20,long_counter_trend,1.0,0.5,1.0,2.0,12,153981,153981,100.0,51969,102012,0,33.750267890194245,-0.08235963577311375,-0.0023605800051157482,0.7051865133898012,0.7020029942934711,33.71389976685435,66.22375487884868,0.06234535429695872,1.3078301868412336,0.007717526595883657,0.6552543128882236,0.32762715644411183,-18.034790218598953,68.86947348661351,-0.0008235963577311376,594,55,9.25925925925926,25,0.0,137152.0,-0.08458694202753088,0.6866260086591848,33.22299346710219,16829.0,-0.06420766551903914,0.8048260320620902,38.04741814724583,1778.0,-0.10445983410875519,0.5850377955839599,29.07761529808774
bear_range25_body08_vol15_cp20__long_counter_trend__slip1bps__sl0.5atr__tp1atr__h36,bear_range25_body08_vol15_cp20,long_counter_trend,1.0,0.5,1.0,2.0,36,153981,153981,100.0,51959,102022,0,33.74377358245498,-0.08236801514011985,-0.002368962725209944,0.7057958927384548,0.7021257626691448,33.742474720907126,66.25557698677109,0.00194829232177996,1.3113046414817413,0.007717526595883657,0.6552543128882236,0.32762715644411183,-18.034790218598953,68.86947348661351,-0.0008236801514011985,594,55,9.25925925925926,25,0.0,137152.0,-0.08459494690822399,0.6867709181235475,33.21643140457303,16829.0,-0.06421909685269847,0.8048349753996494,38.04147602353081,1778.0,-0.10445983410875519,0.5850377955839599,29.07761529808774
bear_range25_body08_vol15_cp20__long_counter_trend__slip1bps__sl0.5atr__tp1atr__h72,bear_range25_body08_vol15_cp20,long_counter_trend,1.0,0.5,1.0,2.0,72,153981,153981,100.0,51960,102021,0,33.744423013228904,-0.08234227454612235,-0.0023432118308547053,0.7058494409638879,0.7022159805351431,33.744423013228904,66.25557698677109,0.0,1.311466999175223,0.007717526595883657,0.6552543128882236,0.32762715644411183,-18.034790218598953,68.86947348661351,-0.0008234227454612235,594,55,9.25925925925926,25,0.0,137152.0,-0.08456604785896236,0.6868744534379227,33.21716052263182,16829.0,-0.06421909685269847,0.8048349753996494,38.04147602353081,1778.0,-0.10445983410875519,0.5850377955839599,29.07761529808774
bear_range25_body08_vol15_cp20__long_counter_trend__slip1bps__sl0.5atr__tp1.5atr__h12,bear_range25_body08_vol15_cp20,long_counter_trend,1.0,0.5,1.5,3.0,12,184439,184439,100.0,49764,134675,0,26.981278363036015,-0.059397887690348455,0.02061035645223242,0.8473485108609736,0.7868689088774061,26.56921800703756,72.89673008420128,0.5340519087611623,1.7367259635977206,0.007243983303355881,0.8836803159434073,0.2945601053144691,-18.034790218598953,103.34421022992026,-0.0005939788769034846,594,84,14.14141414141414,26,11.538461538461538,164105.0,-0.0648864435304036,0.7627815203409994,26.437951311660218,20334.0,-0.015102645429492485,0.952855429550454,31.366184715255237,2409.0,-0.1068652408780486,0.571813096453974,22.95558322955583
bear_range25_body08_vol15_cp20__long_counter_trend__slip1bps__sl0.5atr__tp1.5atr__h36,bear_range25_body08_vol15_cp20,long_counter_trend,1.0,0.5,1.5,3.0,36,184439,184439,100.0,49508,134931,0,26.84247908522601,-0.059595046808908196,0.020413118438467187,0.8497689673870819,0.7869090135481961,26.827297914215542,73.15480999137927,0.017892094405196297,1.7681509875893926,0.007243983303355881,0.8836803159434073,0.2945601053144691,-18.034790218598953,103.34421022992026,-0.000595950468089082,594,82,13.804713804713806,26,7.6923076923076925,164105.0,-0.06516730296838535,0.7625908185521251,26.2959690442095,20334.0,-0.014624303371758674,0.9545039647837109,31.253073669715747,2409.0,-0.10509005665945063,0.5794889313551539,22.91407222914072
bear_range25_body08_vol15_cp20__long_counter_trend__slip1bps__sl0.5atr__tp1.5atr__h72,bear_range25_body08_vol15_cp20,long_counter_trend,1.0,0.5,1.5,3.0,72,184439,184439,100.0,49496,134943,0,26.835972869078667,-0.059622233655458365,0.020385920712826775,0.8498839500740718,0.7868481249954512,26.833804130362882,73.16348494624239,0.002710923394726712,1.7707643177419092,0.007243983303355881,0.8836803159434073,0.2945601053144691,-18.034790218598953,103.34421022992026,-0.0005962223365545837,594,82,13.804713804713806,26,7.6923076923076925,164105.0,-0.06517692547955517,0.7625886683274155,26.291094116571706,20334.0,-0.014793242714502079,0.9539963191776341,31.233402183534963,2409.0,-0.10488064856690826,0.58032686430121,22.91407222914072
bear_range25_body08_vol15_cp20__long_counter_trend__slip1bps__sl0.5atr__tp2atr__h12,bear_range25_body08_vol15_cp20,long_counter_trend,1.0,0.5,2.0,4.0,12,192255,192255,100.0,43571,148684,0,22.663129697537123,-0.050355584826325975,0.029656277684747934,1.0073216579237836,0.8251803685195955,20.99191178382877,77.05443291461862,1.9536553015526255,2.22485761098541,0.007150875909092913,1.1447932921402004,0.28619832303505,-18.034790218598953,137.81894697322699,-0.0005035558482632598,595,109,18.319327731092436,26,11.538461538461538,171186.0,-0.05747188571662173,0.7966759790543032,22.202750224901568,21069.0,0.007464486567958138,1.0224991168452333,26.403721106839434,2568.0,-0.09810142421809742,0.6105475273561518,19.74299065420561
bear_range25_body08_vol15_cp20__long_counter_trend__slip1bps__sl0.5atr__tp2atr__h36,bear_range25_body08_vol15_cp20,long_counter_trend,1.0,0.5,2.0,4.0,36,192255,192255,100.0,42348,149907,0,22.02699539673871,-0.050938133182447935,0.029073496216038528,1.01448015745648,0.8251588195681034,21.932849600790615,77.96000104028505,0.10714935892434527,2.365249278302255,0.007150875909092913,1.1447932921402004,0.28619832303505,-18.034790218598953,137.81894697322699,-0.0005093813318244794,595,114,19.15966386554622,26,11.538461538461538,171186.0,-0.05831252158602169,0.7960808711802092,21.553748554204198,21069.0,0.008978903850832439,1.0267982792875965,25.872134415491953,2568.0,-0.09494194698627072,0.6264022255159886,19.353582554517136
bear_range25_body08_vol15_cp20__long_counter_trend__slip1bps__sl0.5atr__tp2atr__h72,bear_range25_body08_vol15_cp20,long_counter_trend,1.0,0.5,2.0,4.0,72,192255,192255,100.0,42281,149974,0,21.99214584796234,-0.05085858959072538,0.029153071637929847,1.0155957780509948,0.8255664926529467,21.979142284986086,78.0062937244805,0.014563990533406151,2.380765129645523,0.007150875909092913,1.1447932921402004,0.28619832303505,-18.034790218598953,137.81894697322699,-0.0005085858959072539,595,112,18.823529411764707,26,11.538461538461538,171186.0,-0.05828052902476297,0.7963531933155258,21.518698959027024,21069.0,0.009444800411418397,1.0281701571951214,25.838910247282737,2568.0,-0.09696538010334577,0.619856916059857,19.197819314641745
bear_range25_body08_vol15_cp20__long_counter_trend__slip1bps__sl0.5atr__tp3atr__h12,bear_range25_body08_vol15_cp20,long_counter_trend,1.0,0.5,3.0,6.0,12,195542,195542,100.0,37306,158236,0,19.078254288081332,-0.03443014722506105,0.045588088010142976,1.3308569239533834,0.884092315498312,12.38404025733602,80.39909584641663,7.216863896247354,3.0304742715120025,0.007089662217827159,1.6948556483266082,0.2824759413877681,-18.034790218598953,206.76842045984057,-0.0003443014722506105,595,142,23.865546218487395,26,23.076923076923077,174214.0,-0.045583253096865735,0.8435965284922996,18.689083540932415,21328.0,0.056672027678848276,1.165319755006282,22.257126781695426,2627.0,-0.07671122498758935,0.6971911776332013,18.081461743433575
bear_range25_body08_vol15_cp20__long_counter_trend__slip1bps__sl0.5atr__tp3atr__h36,bear_range25_body08_vol15_cp20,long_counter_trend,1.0,0.5,3.0,6.0,36,195542,195542,100.0,32401,163141,0,16.56984177312291,-0.0368119827360523,0.043205299383701226,1.358275249094354,0.8804004684200956,15.611479886673962,83.36879033660288,1.0197297767231592,3.7669861206288164,0.007089662217827159,1.6948556483266082,0.2824759413877681,-18.034790218598953,206.76842045984057,-0.00036811982736052306,595,144,24.201680672268907,26,23.076923076923077,174214.0,-0.047104409036492455,0.843945771705858,16.213392723891307,21328.0,0.04725988314470921,1.1326134996853037,19.481432858214554,2627.0,-0.061612731973785334,0.763273500680203,16.178149980966882
bear_range25_body08_vol15_cp20__long_counter_trend__slip1bps__sl0.5atr__tp3atr__h72,bear_range25_body08_vol15_cp20,long_counter_trend,1.0,0.5,3.0,6.0,72,195542,195542,100.0,31600,163942,0,16.160211105542544,-0.03801240944549932,0.04200439231142519,1.3628556499555375,0.8772965543003626,16.009859774370724,83.82598111914575,0.16415910648351761,3.929447382148081,0.007089662217827159,1.6948556483266082,0.2824759413877681,-18.034790218598953,206.76842045984057,-0.0003801240944549932,595,143,24.03361344537815,26,23.076923076923077,174214.0,-0.048404195455008334,0.8406947685476672,15.796089866486046,21328.0,0.04687105866499381,1.1307954720368418,19.134471117779444,2627.0,-0.06091531112738839,0.7673500945011312,15.87362009897221
bear_range25_body08_vol15_cp20__long_counter_trend__slip1bps__sl0.75atr__tp1atr__h12,bear_range25_body08_vol15_cp20,long_counter_trend,1.0,0.75,1.0,1.3333333333333333,12,153981,153981,100.0,64749,89232,0,42.04999318097688,-0.0998809600839668,-0.01988891565022682,0.8437221090059761,0.7047723561090234,41.94413596482683,57.82791383352491,0.22795020164825527,1.5272208908891356,0.007717526595883657,0.6552543128882236,0.49144073466616783,-27.007187327898443,68.86947348661351,-0.000998809600839668,594,61,10.26936026936027,25,0.0,137152.0,-0.09992077182113232,0.696272584250158,41.56993700419972,16829.0,-0.0995565047167002,0.7597634470618622,45.9623269356468,1778.0,-0.12502068800810956,0.5916416368433761,36.895388076490434
bear_range25_body08_vol15_cp20__long_counter_trend__slip1bps__sl0.75atr__tp1atr__h36,bear_range25_body08_vol15_cp20,long_counter_trend,1.0,0.75,1.0,1.3333333333333333,36,153981,153981,100.0,64764,89217,0,42.059734642585774,-0.0998799579959177,-0.019887913161182047,0.8447818838862758,0.7051995951788406,42.05259090407258,57.93442048044889,0.012988615478533066,1.5409303745267273,0.007717526595883657,0.6552543128882236,0.49144073466616783,-27.007187327898443,68.86947348661351,-0.0009987995799591771,594,61,10.26936026936027,25,0.0,137152.0,-0.09997521056331544,0.6965346612513645,41.575769948670086,16829.0,-0.09910367419273536,0.7612465711509561,46.003921801651906,1778.0,-0.1251340195957365,0.5929774578099715,37.06411698537683
bear_range25_body08_vol15_cp20__long_counter_trend__slip1bps__sl0.75atr__tp1atr__h72,bear_range25_body08_vol15_cp20,long_counter_trend,1.0,0.75,1.0,1.3333333333333333,72,153981,153981,100.0,64764,89217,0,42.059734642585774,-0.09991835842242724,-0.01992632895400871,0.8449596018526837,0.7051486573196651,42.05843578103792,57.94026535741422,0.0012988615478533065,1.5425409628460653,0.007717526595883657,0.6552543128882236,0.49144073466616783,-27.007187327898443,68.86947348661351,-0.0009991835842242725,594,61,10.26936026936027,25,0.0,137152.0,-0.10000551662382938,0.6965003069983373,41.575769948670086,16829.0,-0.09920804160985812,0.7610792897499651,46.003921801651906,1778.0,-0.1251340195957365,0.5929774578099715,37.06411698537683
bear_range25_body08_vol15_cp20__long_counter_trend__slip1bps__sl0.75atr__tp1.5atr__h12,bear_range25_body08_vol15_cp20,long_counter_trend,1.0,0.75,1.5,2.0,12,184439,184439,100.0,63083,121356,0,34.202636101909036,-0.07552410560061253,0.004477685473576896,0.9776106932084188,0.7825902544264746,33.37580446651739,65.39560505099247,1.228590482490146,2.1326129506232414,0.007243983303355881,0.8836803159434073,0.4418401579717035,-27.007187327898443,103.34421022992026,-0.0007552410560061253,594,85,14.309764309764308,26,11.538461538461538,164105.0,-0.07947660425367718,0.7661590912880859,33.698546662197984,20334.0,-0.04362557154626122,0.8930652313158337,38.27087636470935,2409.0,-0.1161497152141219,0.616612936179278,31.008717310087174
bear_range25_body08_vol15_cp20__long_counter_trend__slip1bps__sl0.75atr__tp1.5atr__h36,bear_range25_body08_vol15_cp20,long_counter_trend,1.0,0.75,1.5,2.0,36,184439,184439,100.0,62740,121699,0,34.01666675703078,-0.07571758667792285,0.004284126972866286,0.9818962490985875,0.7836435547682911,33.97925601418355,65.96869425663769,0.05204972917875287,2.2118207103703664,0.007243983303355881,0.8836803159434073,0.4418401579717035,-27.007187327898443,103.34421022992026,-0.0007571758667792285,594,88,14.814814814814813,26,11.538461538461538,164105.0,-0.07992474582707042,0.7666095533537053,33.501112092867366,20334.0,-0.041763821940494994,0.8982920708905628,38.177436805350645,2409.0,-0.11354120808298712,0.628907455319693,30.92569530925695
bear_range25_body08_vol15_cp20__long_counter_trend__slip1bps__sl0.75atr__tp1.5atr__h72,bear_range25_body08_vol15_cp20,long_counter_trend,1.0,0.75,1.5,2.0,72,184439,184439,100.0,62720,121719,0,34.00582306345187,-0.07578496090072992,0.004216725789585938,0.9822687937931408,0.7835702235139717,34.00094340134137,65.99309256719023,0.005964031468398766,2.2197149192958103,0.007243983303355881,0.8836803159434073,0.4418401579717035,-27.007187327898443,103.34421022992026,-0.0007578496090072992,594,86,14.47811447811448,26,11.538461538461538,164105.0,-0.07996222279323768,0.7666051486912729,33.49379970141068,20334.0,-0.04207248116875432,0.8976660767066454,38.138093832989085,2409.0,-0.11333179999044475,0.6295918745120748,30.92569530925695
bear_range25_body08_vol15_cp20__long_counter_trend__slip1bps__sl0.75atr__tp2atr__h12,bear_range25_body08_vol15_cp20,long_counter_trend,1.0,0.75,2.0,2.6666666666666665,12,192255,192255,100.0,56139,136116,0,29.20028087696029,-0.06628110905239273,0.013724380699887259,1.133974836868156,0.8172842194719575,26.40867597721776,70.01690463186914,3.5744193909131106,2.782923721099581,0.007150875909092913,1.1447932921402004,0.429297484552576,-27.007187327898443,137.81894697322699,-0.0006628110905239274,595,101,16.974789915966387,26,7.6923076923076925,171186.0,-0.0716999221940967,0.7979717549475681,28.802588996763756,21069.0,-0.022253155828426664,0.9478330040193921,32.4315344819403,2568.0,-0.10114027822279505,0.670274547879448,27.49221183800623
bear_range25_body08_vol15_cp20__long_counter_trend__slip1bps__sl0.75atr__tp2atr__h36,bear_range25_body08_vol15_cp20,long_counter_trend,1.0,0.75,2.0,2.6666666666666665,36,192255,192255,100.0,54439,137816,0,28.316038594574916,-0.066995592686944,0.013009611157519063,1.1506293809628902,0.8190594149895247,28.116303867259628,71.63974929130582,0.24394684143455309,3.0611739616654963,0.007150875909092913,1.1447932921402004,0.429297484552576,-27.007187327898443,137.81894697322699,-0.00066995592686944,595,106,17.81512605042017,26,7.6923076923076925,171186.0,-0.07282478973205764,0.7990144629913152,27.89830944119262,21069.0,-0.01963326294348993,0.9548296638382032,31.71009540082586,2568.0,-0.09652373720601297,0.6924341609430998,26.830218068535828
bear_range25_body08_vol15_cp20__long_counter_trend__slip1bps__sl0.75atr__tp2atr__h72,bear_range25_body08_vol15_cp20,long_counter_trend,1.0,0.75,2.0,2.6666666666666665,72,192255,192255,100.0,54318,137937,0,28.25310134976984,-0.06698046429865626,0.013024745599583568,1.1522148222776687,0.8194034940018088,28.221372656107775,71.73961665496346,0.03901068892876648,3.09745910379444,0.007150875909092913,1.1447932921402004,0.429297484552576,-27.007187327898443,137.81894697322699,-0.0006698046429865626,595,105,17.647058823529413,26,7.6923076923076925,171186.0,-0.0728160420973663,0.7993657428361334,27.8381409694718,21069.0,-0.019566290818663276,0.9550739288768796,31.624661825430728,2568.0,-0.09883889085957767,0.6863193170537981,26.674454828660437
bear_range25_body08_vol15_cp20__long_counter_trend__slip1bps__sl0.75atr__tp3atr__h12,bear_range25_body08_vol15_cp20,long_counter_trend,1.0,0.75,3.0,4.0,12,195542,195542,100.0,48955,146587,0,25.035542236450482,-0.048851446209046905,0.031161018198232446,1.4584008483502406,0.8703686068856803,15.422262224995142,73.690562641274,10.887175133730862,3.805509813748453,0.007089662217827159,1.6948556483266082,0.42371391208165204,-27.007187327898443,206.76842045984057,-0.0004885144620904691,595,128,21.51260504201681,26,23.076923076923077,174214.0,-0.0591907235241724,0.8395331016602711,24.679417268417005,21328.0,0.03560311390804216,1.0805393331665278,27.94448612153038,2627.0,-0.07488363465037212,0.7578972211091297,25.580510087552337
bear_range25_body08_vol15_cp20__long_counter_trend__slip1bps__sl0.75atr__tp3atr__h36,bear_range25_body08_vol15_cp20,long_counter_trend,1.0,0.75,3.0,4.0,36,195542,195542,100.0,42589,152953,0,21.779975657403526,-0.051600263802990085,0.02841110063726484,1.499468958203217,0.8701653838578419,20.218162849924827,78.04256885988687,1.739268290188297,4.9766802016958,0.007089662217827159,1.6948556483266082,0.42371391208165204,-27.007187327898443,206.76842045984057,-0.0005160026380299008,595,127,21.34453781512605,26,23.076923076923077,174214.0,-0.061284749453323316,0.842419836637003,21.435705511612156,21328.0,0.02750574628174154,1.0588965729939164,24.592085521380344,2627.0,-0.04970938621651541,0.8467709636648575,23.182337266844307
bear_range25_body08_vol15_cp20__long_counter_trend__slip1bps__sl0.75atr__tp3atr__h72,bear_range25_body08_vol15_cp20,long_counter_trend,1.0,0.75,3.0,4.0,72,195542,195542,100.0,41390,154152,0,21.16680815374702,-0.05358317200176149,0.02642739895782168,1.5055644308879608,0.8666064092964997,20.89065264751307,78.79534831391722,0.31399903856971906,5.265058146076035,0.007089662217827159,1.6948556483266082,0.42371391208165204,-27.007187327898443,206.76842045984057,-0.0005358317200176149,595,125,21.008403361344538,26,23.076923076923077,174214.0,-0.06340329668749455,0.8387212454035181,20.81692630902224,21328.0,0.026630781580398305,1.0564638957437218,24.02475618904726,2627.0,-0.049360102056098476,0.8493099660234652,22.649409973353634
bear_range25_body08_vol15_cp20__long_counter_trend__slip1bps__sl1atr__tp1atr__h12,bear_range25_body08_vol15_cp20,long_counter_trend,1.0,1.0,1.0,1.0,12,153981,153981,100.0,74829,79152,0,48.59625538215754,-0.11048793654478473,-0.030500136599424556,0.9764353539730112,0.7129872640771283,48.38389151908352,51.07837980010521,0.5377286808112689,1.7752904579136386,0.007717526595883657,0.6552543128882236,0.6552543128882236,-31.811559701375636,68.86947348661351,-0.0011048793654478473,594,65,10.942760942760943,25,0.0,137152.0,-0.10953228172651043,0.7067234746194968,48.219493700419974,16829.0,-0.11827627629378679,0.7528295876009051,51.66676570206191,1778.0,-0.14870794340975715,0.5795118204360719,42.857142857142854
bear_range25_body08_vol15_cp20__long_counter_trend__slip1bps__sl1atr__tp1atr__h36,bear_range25_body08_vol15_cp20,long_counter_trend,1.0,1.0,1.0,1.0,36,153981,153981,100.0,74913,79068,0,48.65080756716738,-0.11059683316299797,-0.030609076793715547,0.978376920345933,0.713650326185715,48.63652009014099,51.32841064806697,0.03506926179203928,1.8105350660146382,0.007717526595883657,0.6552543128882236,0.6552543128882236,-31.811559701375636,68.86947348661351,-0.0011059683316299797,594,64,10.774410774410773,25,0.0,137152.0,-0.10971390784787295,0.7071838836465019,48.26615725618292,16829.0,-0.11779244626062894,0.7547604702727346,51.78560817636223,1778.0,-0.14894469326320203,0.5807411032047383,43.02587176602925
bear_range25_body08_vol15_cp20__long_counter_trend__slip1bps__sl1atr__tp1atr__h72,bear_range25_body08_vol15_cp20,long_counter_trend,1.0,1.0,1.0,1.0,72,153981,153981,100.0,74915,79066,0,48.65210642871523,-0.11069580846871534,-0.030708091705397615,0.9788512724235757,0.7135362530541578,48.649508705619525,51.34464641741514,0.005844876965339879,1.8162630454406712,0.007717526595883657,0.6552543128882236,0.6552543128882236,-31.811559701375636,68.86947348661351,-0.0011069580846871535,594,64,10.774410774410773,25,0.0,137152.0,-0.10974507425073524,0.7072009494899824,48.26834461035931,16829.0,-0.11844404659720882,0.7537671242644393,51.77966605264721,1778.0,-0.14681395859185292,0.5856006037691471,43.082114735658045
bear_range25_body08_vol15_cp20__long_counter_trend__slip1bps__sl1atr__tp1.5atr__h12,bear_range25_body08_vol15_cp20,long_counter_trend,1.0,1.0,1.5,1.5,12,184439,184439,100.0,74089,110350,0,40.16992067838147,-0.08508335484410665,-0.0050853889997065065,1.111254160940781,0.7879452984060156,38.84807443111273,58.93384804732188,2.218077521565396,2.549422844409263,0.007243983303355881,0.8836803159434073,0.5891202106289385,-31.811559701375636,103.34421022992026,-0.0008508335484410665,594,91,15.31986531986532,26,11.538461538461538,164105.0,-0.08867806899209627,0.7738024797179175,39.75686298406508,20334.0,-0.05607231101328895,0.8820622362668918,43.50349168879709,2409.0,-0.12127701997429648,0.6476864183156898,38.14860938148609
bear_range25_body08_vol15_cp20__long_counter_trend__slip1bps__sl1atr__tp1.5atr__h36,bear_range25_body08_vol15_cp20,long_counter_trend,1.0,1.0,1.5,1.5,36,184439,184439,100.0,73803,110636,0,40.0148558602031,-0.08542948107646238,-0.00543165373795761,1.1186249072196397,0.7898458166752361,39.948167144692825,59.92875693318658,0.12307592212059272,2.7052738303721013,0.007243983303355881,0.8836803159434073,0.5891202106289385,-31.811559701375636,103.34421022992026,-0.0008542948107646239,594,90,15.151515151515152,26,7.6923076923076925,164105.0,-0.08938342073605526,0.7750099795599866,39.583803052923436,20334.0,-0.053519317417689456,0.8887354801688073,43.4936559457067,2409.0,-0.11934560906159722,0.6588974942581621,38.06558738065588
bear_range25_body08_vol15_cp20__long_counter_trend__slip1bps__sl1atr__tp1.5atr__h72,bear_range25_body08_vol15_cp20,long_counter_trend,1.0,1.0,1.5,1.5,72,184439,184439,100.0,73793,110646,0,40.009434013413646,-0.0855360777799016,-0.00553829309714049,1.1196023594559277,0.7898218109674224,39.99696376579791,59.98297540108112,0.020060833120977666,2.7237731716177165,0.007243983303355881,0.8836803159434073,0.5891202106289385,-31.811559701375636,103.34421022992026,-0.000855360777799016,594,90,15.151515151515152,26,7.6923076923076925,164105.0,-0.08939444712028374,0.7751821252189706,39.581974955059266,20334.0,-0.05439721181140484,0.8872218077024477,43.459230844890335,2409.0,-0.11737092175714073,0.6640889328557987,38.06558738065588
bear_range25_body08_vol15_cp20__long_counter_trend__slip1bps__sl1atr__tp2atr__h12,bear_range25_body08_vol15_cp20,long_counter_trend,1.0,1.0,2.0,2.0,12,192255,192255,100.0,66807,125448,0,34.74916127018803,-0.07532809170657749,0.00467377780454431,1.2774971511320368,0.8216643119608266,30.743023588463238,63.68364931991366,5.573327091623105,3.3373748407063535,0.007150875909092913,1.1447932921402004,0.5723966460701003,-31.811559701375636,137.81894697322699,-0.0007532809170657749,595,104,17.478991596638654,26,7.6923076923076925,171186.0,-0.08076662787389448,0.8043616563595231,34.42746486278083,21069.0,-0.031139888548462457,0.9377274822601923,37.36295030613698,2568.0,-0.10358583399980825,0.7040002501025822,34.30685358255452
bear_range25_body08_vol15_cp20__long_counter_trend__slip1bps__sl1atr__tp2atr__h36,bear_range25_body08_vol15_cp20,long_counter_trend,1.0,1.0,2.0,2.0,36,192255,192255,100.0,64912,127343,0,33.763491196587864,-0.07635003794073425,0.003651422628317021,1.2999185327029925,0.824779191935782,33.429559699357625,66.09138904059712,0.4790512600452524,3.803823047515019,0.007150875909092913,1.1447932921402004,0.5723966460701003,-31.811559701375636,137.81894697322699,-0.0007635003794073425,595,106,17.81512605042017,26,7.6923076923076925,171186.0,-0.08239859484351499,0.806622825283826,33.40576916336616,21069.0,-0.02720540544942403,0.9470717638591936,36.669989083487586,2568.0,-0.09892439762784752,0.7268406451809959,33.48909657320872
bear_range25_body08_vol15_cp20__long_counter_trend__slip1bps__sl1atr__tp2atr__h72,bear_range25_body08_vol15_cp20,long_counter_trend,1.0,1.0,2.0,2.0,72,192255,192255,100.0,64750,127505,0,33.67922810850173,-0.0764154210278167,0.0035860133775343535,1.3030209859461008,0.8252118636037099,33.62357285896336,66.29736547814102,0.0790616628956334,3.8764661517255727,0.007150875909092913,1.1447932921402004,0.5723966460701003,-31.811559701375636,137.81894697322699,-0.000764154210278167,595,107,17.983193277310924,26,7.6923076923076925,171186.0,-0.08244612996462249,0.8071231377971912,33.32223429486056,21069.0,-0.027415803577721887,0.9468972539116235,36.579809198348286,2568.0,-0.09919698974729252,0.7273585234305624,33.33333333333333
bear_range25_body08_vol15_cp20__long_counter_trend__slip1bps__sl1atr__tp3atr__h12,bear_range25_body08_vol15_cp20,long_counter_trend,1.0,1.0,3.0,3.0,12,195542,195542,100.0,59106,136436,0,30.226754354563212,-0.05601726586416712,0.02399233106826021,1.6232734118875995,0.873020933328962,17.822769532888074,67.39012590645488,14.787104560657047,4.52933896554193,0.007089662217827159,1.6948556483266082,0.5649518827755365,-31.811559701375636,206.76842045984057,-0.0005601726586416712,595,129,21.680672268907564,26,23.076923076923077,174214.0,-0.06771694242319178,0.8430897032904695,29.924116316713928,21328.0,0.03954947513611049,1.076133034817644,32.69879969992498,2627.0,-0.0715151360122845,0.7978479181736018,32.08983631518843
bear_range25_body08_vol15_cp20__long_counter_trend__slip1bps__sl1atr__tp3atr__h36,bear_range25_body08_vol15_cp20,long_counter_trend,1.0,1.0,3.0,3.0,36,195542,195542,100.0,51774,143768,0,26.47717625880885,-0.05928604132392079,0.020722247575109223,1.6767099849365745,0.874914847019806,24.227020282087736,73.09222571110044,2.680754006811836,6.195599922267339,0.007089662217827159,1.6948556483266082,0.5649518827755365,-31.811559701375636,206.76842045984057,-0.0005928604132392079,595,135,22.689075630252102,26,23.076923076923077,174214.0,-0.0705597907938313,0.8478604144812093,26.153466426349205,21328.0,0.032801589497111615,1.0588752643690384,29.12134283570893,2627.0,-0.036278282614086735,0.9035607836713315,29.53939855348306
bear_range25_body08_vol15_cp20__long_counter_trend__slip1bps__sl1atr__tp3atr__h72,bear_range25_body08_vol15_cp20,long_counter_trend,1.0,1.0,3.0,3.0,72,195542,195542,100.0,50233,145309,0,25.68911026787084,-0.06158985046067367,0.01841751654594471,1.687141186730884,0.8721142772772439,25.264137627721922,74.2259974839165,0.5098648883615796,6.649727424287366,0.007089662217827159,1.6948556483266082,0.5649518827755365,-31.811559701375636,206.76842045984057,-0.0006158985046067366,595,134,22.521008403361346,26,23.076923076923077,174214.0,-0.0730851810043017,0.8449305291674403,25.3555971391507,21328.0,0.03230772621447689,1.0571120242941248,28.413353338334584,2627.0,-0.03156228587532632,0.9169910622021172,29.006471259992388
bear_range25_body08_vol15_cp20__long_counter_trend__slip2bps__sl0.5atr__tp1atr__h12,bear_range25_body08_vol15_cp20,long_counter_trend,2.0,0.5,1.0,2.0,12,153973,153973,100.0,50422,103551,0,32.74729985127263,-0.09683464695076457,-0.01684138350416623,0.7064698898891637,0.662025460636352,32.70638358673274,67.22802049710013,0.06559591616712021,1.3071122859202589,0.0077180399889938715,0.6552072560562187,0.3276036280281094,-18.041197618543478,68.8625799179786,-0.0009683464695076458,594,51,8.585858585858585,25,0.0,137146.0,-0.09924079273686645,0.6457843777473322,32.20655359981334,16827.0,-0.07722370798477377,0.771676697290486,37.15457300766625,1778.0,-0.12052814229207987,0.5417039699747472,27.78402699662542
bear_range25_body08_vol15_cp20__long_counter_trend__slip2bps__sl0.5atr__tp1atr__h36,bear_range25_body08_vol15_cp20,long_counter_trend,2.0,0.5,1.0,2.0,36,153973,153973,100.0,50409,103564,0,32.73885681255805,-0.09682634619959857,-0.016833079431371068,0.7071046260284073,0.6622276332402544,32.73755788352503,67.26049372292545,0.001948393549518422,1.3109636105031401,0.0077180399889938715,0.6552072560562187,0.3276036280281094,-18.041197618543478,68.8625799179786,-0.0009682634619959857,594,51,8.585858585858585,25,0.0,137146.0,-0.09924209721411041,0.6459769106742904,32.19780380032958,16827.0,-0.07713712122567298,0.7719815512153191,37.14863017769062,1778.0,-0.12052814229207987,0.5417039699747472,27.78402699662542
bear_range25_body08_vol15_cp20__long_counter_trend__slip2bps__sl0.5atr__tp1atr__h72,bear_range25_body08_vol15_cp20,long_counter_trend,2.0,0.5,1.0,2.0,72,153973,153973,100.0,50410,103563,0,32.739506277074554,-0.09680021587918076,-0.01680693865464257,0.7071590188450371,0.6623154951881688,32.739506277074554,67.26049372292545,0.0,1.3111259766322667,0.0077180399889938715,0.6552072560562187,0.3276036280281094,-18.041197618543478,68.8625799179786,-0.0009680021587918076,594,51,8.585858585858585,25,0.0,137146.0,-0.09921276085850622,0.6460776001728508,32.198532950286555,16827.0,-0.07713712122567298,0.7719815512153191,37.14863017769062,1778.0,-0.12052814229207987,0.5417039699747472,27.78402699662542
bear_range25_body08_vol15_cp20__long_counter_trend__slip2bps__sl0.5atr__tp1.5atr__h12,bear_range25_body08_vol15_cp20,long_counter_trend,2.0,0.5,1.5,3.0,12,184431,184431,100.0,47923,136508,0,25.98424342979217,-0.07549041655624224,0.0045113879989573105,0.8473689425610579,0.7388799014462711,25.580298322950046,73.89701297504216,0.5226887020077969,1.7215218699676302,0.0072440792444356805,0.883617280174153,0.2945390933913846,-18.041197618543478,103.33386987696784,-0.0007549041655624224,594,71,11.952861952861953,26,3.8461538461538463,164097.0,-0.08101943074563202,0.7147187698615594,25.439221923618348,20334.0,-0.03087083155396573,0.9065343089220304,30.382610406216187,2409.0,-0.12488355062400651,0.5215824861077573,21.5857202158572
bear_range25_body08_vol15_cp20__long_counter_trend__slip2bps__sl0.5atr__tp1.5atr__h36,bear_range25_body08_vol15_cp20,long_counter_trend,2.0,0.5,1.5,3.0,36,184431,184431,100.0,47674,136757,0,25.849233588713393,-0.07565820805350569,0.004343529358237598,0.8497854651315472,0.7391800367114397,25.83350955099739,74.14751316210399,0.018977286898623335,1.7529807895635767,0.0072440792444356805,0.883617280174153,0.2945390933913846,-18.041197618543478,103.33386987696784,-0.0007565820805350569,594,68,11.447811447811448,26,3.8461538461538463,164097.0,-0.08124475584102119,0.7148783366383377,25.303936086582933,20334.0,-0.030574322330680553,0.907764955692008,30.249827874495917,2409.0,-0.1233263533391275,0.5280687394102843,21.5857202158572
bear_range25_body08_vol15_cp20__long_counter_trend__slip2bps__sl0.5atr__tp1.5atr__h72,bear_range25_body08_vol15_cp20,long_counter_trend,2.0,0.5,1.5,3.0,72,184431,184431,100.0,47661,136770,0,25.84218488215105,-0.0756894220029358,0.004312302918231495,0.8499041894610048,0.7391193101412382,25.84055825755974,74.15673070145475,0.002711040985517619,1.7557080967950074,0.0072440792444356805,0.883617280174153,0.2945390933913846,-18.041197618543478,103.33386987696784,-0.0007568942200293579,594,68,11.447811447811448,26,3.8461538461538463,164097.0,-0.08125933450329434,0.7148701549543095,25.29784212995972,20334.0,-0.03073978437279242,0.9073010741336692,30.235074259860333,2409.0,-0.12358400791154263,0.5276472969821283,21.54420921544209
bear_range25_body08_vol15_cp20__long_counter_trend__slip2bps__sl0.5atr__tp2atr__h12,bear_range25_body08_vol15_cp20,long_counter_trend,2.0,0.5,2.0,4.0,12,192254,192254,100.0,41853,150401,0,21.76963808295276,-0.06709829102905443,0.01290687171963343,1.0064404432588543,0.7751281969668197,20.15406701551073,77.94376189832201,1.9021710861672578,2.1906956422233086,0.0071506433191649635,1.1446832293815103,0.2861708073453776,-18.041197618543478,137.80515983595717,-0.0006709829102905443,595,85,14.285714285714285,26,3.8461538461538463,171185.0,-0.07423192355884789,0.7466877450075159,21.305605047171188,21069.0,-0.009137738339667356,0.9732633244827036,25.539892733399782,2568.0,-0.11275175689859669,0.5696667284476741,18.886292834890966
bear_range25_body08_vol15_cp20__long_counter_trend__slip2bps__sl0.5atr__tp2atr__h36,bear_range25_body08_vol15_cp20,long_counter_trend,2.0,0.5,2.0,4.0,36,192254,192254,100.0,40676,151578,0,21.157427153661303,-0.06759756461589139,0.012407398343445949,1.013658328448151,0.7759379054970204,21.06224057756926,78.82748863482685,0.11027078760389901,2.3286225514163554,0.0071506433191649635,1.1446832293815103,0.2861708073453776,-18.041197618543478,137.80515983595717,-0.0006759756461589139,595,87,14.6218487394958,26,3.8461538461538463,171185.0,-0.07497383307824254,0.7470087466942303,20.68463942518328,21069.0,-0.007665602172131748,0.9777868125816904,24.998813422563956,2568.0,-0.10917132066606557,0.5867331709354662,18.53582554517134
bear_range25_body08_vol15_cp20__long_counter_trend__slip2bps__sl0.5atr__tp2atr__h72,bear_range25_body08_vol15_cp20,long_counter_trend,2.0,0.5,2.0,4.0,72,192254,192254,100.0,40608,151646,0,21.122057278392127,-0.06750481675391856,0.012500183319409174,1.0148014275461548,0.7764199860458626,21.10905364777846,78.87638228593423,0.014564066287307416,2.3449187013014035,0.0071506433191649635,1.1446832293815103,0.2861708073453776,-18.041197618543478,137.80515983595717,-0.0006750481675391857,595,85,14.285714285714285,26,3.8461538461538463,171185.0,-0.07493168159162797,0.7473536820430428,20.64842129859509,21069.0,-0.007161760261285829,0.9792599758501016,24.970335564098914,2568.0,-0.11117093449893445,0.5806916333781541,18.38006230529595
bear_range25_body08_vol15_cp20__long_counter_trend__slip2bps__sl0.5atr__tp3atr__h12,bear_range25_body08_vol15_cp20,long_counter_trend,2.0,0.5,3.0,6.0,12,195542,195542,100.0,35802,159740,0,18.309110063311206,-0.05201694361984271,0.02799425408179009,1.3287961154284265,0.8307168464030169,11.857299199149033,81.15085250227573,6.991848298575243,2.9614609649077948,0.007089662217827159,1.694686196652109,0.2824476994420188,-18.041197618543478,206.74773975393578,-0.0005201694361984271,595,118,19.831932773109244,26,11.538461538461538,174214.0,-0.06322399780188248,0.790452245464824,17.916470547717175,21328.0,0.039525898525219295,1.1120652415868852,21.516316579144785,2627.0,-0.09495710452580827,0.6404387221604508,17.053673391701558
bear_range25_body08_vol15_cp20__long_counter_trend__slip2bps__sl0.5atr__tp3atr__h36,bear_range25_body08_vol15_cp20,long_counter_trend,2.0,0.5,3.0,6.0,36,195542,195542,100.0,31113,164429,0,15.911159750846366,-0.05396147810442301,0.026048941472165917,1.3564213001305847,0.8303043569955437,14.978879217763957,84.02440396436572,0.9967168178703297,3.6767497519714434,0.007089662217827159,1.694686196652109,0.2824476994420188,-18.041197618543478,206.74773975393578,-0.0005396147810442302,595,121,20.33613445378151,26,15.384615384615385,174214.0,-0.0642240401164518,0.7941994202100309,15.55500706028218,21328.0,0.029866446612549787,1.0815243144432638,18.82033008252063,2627.0,-0.08003325371421875,0.7046173906269618,15.188427864484202
bear_range25_body08_vol15_cp20__long_counter_trend__slip2bps__sl0.5atr__tp3atr__h72,bear_range25_body08_vol15_cp20,long_counter_trend,2.0,0.5,3.0,6.0,72,195542,195542,100.0,30326,165216,0,15.508688670464657,-0.05508811847256615,0.024921850267540884,1.3611118860696165,0.8278520980766778,15.360894334720928,84.47699215513803,0.1621135101410439,3.8355135981016866,0.007089662217827159,1.694686196652109,0.2824476994420188,-18.041197618543478,206.74773975393578,-0.0005508811847256616,595,120,20.168067226890756,26,19.230769230769234,174214.0,-0.06546628286220603,0.7915644102250404,15.14574029641705,21328.0,0.02968408384254672,1.0805831472950205,18.47336834208552,2627.0,-0.07966426677244463,0.7078445504467724,14.845831747240199
bear_range25_body08_vol15_cp20__long_counter_trend__slip2bps__sl0.75atr__tp1atr__h12,bear_range25_body08_vol15_cp20,long_counter_trend,2.0,0.75,1.0,1.3333333333333333,12,153973,153973,100.0,63348,90625,0,41.142278191631,-0.11387396449316953,-0.03388751950096989,0.8460044320489806,0.6731514675689555,41.03511654640749,58.73237515668331,0.2325082969091984,1.5290148272749118,0.0077180399889938715,0.6552072560562187,0.49140544204216446,-27.011800427815203,68.8625799179786,-0.0011387396449316952,594,56,9.427609427609427,25,0.0,137146.0,-0.11402181852598378,0.6637940381819888,40.658859901127265,16827.0,-0.11266890184478591,0.7341761404549861,45.08230819516253,1778.0,-0.14015230135574375,0.5581993130456919,35.826771653543304
bear_range25_body08_vol15_cp20__long_counter_trend__slip2bps__sl0.75atr__tp1atr__h36,bear_range25_body08_vol15_cp20,long_counter_trend,2.0,0.75,1.0,1.3333333333333333,36,153973,153973,100.0,63367,90606,0,41.15461801744462,-0.11385434203791642,-0.03386788919359385,0.8470946360191766,0.6736733089020386,41.14747390776305,58.84018626642333,0.012339825813616673,1.5429133679281433,0.0077180399889938715,0.6552072560562187,0.49140544204216446,-27.011800427815203,68.8625799179786,-0.001138543420379164,594,55,9.25925925925926,25,0.0,137146.0,-0.11406958616293987,0.6641258232669478,40.66615140069707,16827.0,-0.11210002630900005,0.7359283796707604,45.13579366494325,1778.0,-0.14012727050717516,0.559897580204745,35.9955005624297
bear_range25_body08_vol15_cp20__long_counter_trend__slip2bps__sl0.75atr__tp1atr__h72,bear_range25_body08_vol15_cp20,long_counter_trend,2.0,0.75,1.0,1.3333333333333333,72,153973,153973,100.0,63367,90606,0,41.15461801744462,-0.11388738504285185,-0.03390094542102023,0.8472704216315049,0.6736412514614459,41.15331908841161,58.84538198255538,0.0012989290330122814,1.5444590934774278,0.0077180399889938715,0.6552072560562187,0.49140544204216446,-27.011800427815203,68.8625799179786,-0.0011388738504285185,594,55,9.25925925925926,25,0.0,137146.0,-0.1140940248384076,0.6641106365346345,40.66615140069707,16827.0,-0.11220319764157417,0.7357755953880444,45.13579366494325,1778.0,-0.14012727050717516,0.559897580204745,35.9955005624297
bear_range25_body08_vol15_cp20__long_counter_trend__slip2bps__sl0.75atr__tp1.5atr__h12,bear_range25_body08_vol15_cp20,long_counter_trend,2.0,0.75,1.5,2.0,12,184431,184431,100.0,61390,123041,0,33.28616122018533,-0.09097028602372033,-0.010974675894077983,0.9787924679483968,0.7456786519274307,32.48586192126053,66.29579625984786,1.218341818891618,2.1230704165785577,0.0072440792444356805,0.883617280174153,0.4418086400870765,-27.011800427815203,103.33386987696784,-0.0009097028602372033,594,73,12.289562289562289,26,0.0,164097.0,-0.09489451383854446,0.729045358321047,32.78731481989311,20334.0,-0.05930145491674752,0.8581388311118602,37.31189141339628,2409.0,-0.13276822070788738,0.5771572761059167,29.8879202988792
bear_range25_body08_vol15_cp20__long_counter_trend__slip2bps__sl0.75atr__tp1.5atr__h36,bear_range25_body08_vol15_cp20,long_counter_trend,2.0,0.75,1.5,2.0,36,184431,184431,100.0,61088,123343,0,33.122414344660065,-0.09116233632208223,-0.01116680304329966,0.9830832047639358,0.7469862916894215,33.08391756266571,66.86403045041234,0.05205198692193829,2.202151482126107,0.0072440792444356805,0.883617280174153,0.4418086400870765,-27.011800427815203,103.33386987696784,-0.0009116233632208223,594,76,12.794612794612794,26,0.0,164097.0,-0.09532767373875163,0.729803431476832,32.61180886914447,20334.0,-0.05754773151913245,0.8632452831249705,37.24304121176355,2409.0,-0.1299803709520886,0.5896665815074804,29.8879202988792
bear_range25_body08_vol15_cp20__long_counter_trend__slip2bps__sl0.75atr__tp1.5atr__h72,bear_range25_body08_vol15_cp20,long_counter_trend,2.0,0.75,1.5,2.0,72,184431,184431,100.0,61066,123365,0,33.11048576432378,-0.09123192511531232,-0.011236419683185665,0.9834572947021195,0.7469296041625418,33.10560589054985,66.8878876110849,0.006506498365242286,2.2101165205415576,0.0072440792444356805,0.883617280174153,0.4418086400870765,-27.011800427815203,103.33386987696784,-0.0009123192511531232,594,76,12.794612794612794,26,0.0,164097.0,-0.09536917251394357,0.7298051759320165,32.60266793420964,20334.0,-0.05784400899584861,0.862705716320565,37.20861611094718,2409.0,-0.1303734284044611,0.5890066372633636,29.846409298464096
bear_range25_body08_vol15_cp20__long_counter_trend__slip2bps__sl0.75atr__tp2atr__h12,bear_range25_body08_vol15_cp20,long_counter_trend,2.0,0.75,2.0,2.6666666666666665,12,192254,192254,100.0,54557,137697,0,28.377563015593953,-0.08239212917033792,-0.0023930864048998775,1.1340963028436453,0.7790777619758912,25.652522184193828,70.81465145068503,3.532826365121142,2.7562911564908923,0.0071506433191649635,1.1446832293815103,0.42925621101806527,-27.011800427815203,137.80515983595717,-0.0008239212917033793,595,91,15.294117647058824,26,7.6923076923076925,171185.0,-0.08781235649896338,0.7595045250681791,27.97558197271957,21069.0,-0.03835294291324233,0.9121242615533747,31.64364706440742,2568.0,-0.1174630452735016,0.629923904703105,26.557632398753896
bear_range25_body08_vol15_cp20__long_counter_trend__slip2bps__sl0.75atr__tp2atr__h36,bear_range25_body08_vol15_cp20,long_counter_trend,2.0,0.75,2.0,2.6666666666666665,36,192254,192254,100.0,52940,139314,0,27.536488187501952,-0.08305288765313144,-0.003054109296850244,1.1508615693635182,0.7817405955221485,27.336752421276024,72.4161785970643,0.2470689816596794,3.033143653708115,0.0071506433191649635,1.1446832293815103,0.42925621101806527,-27.011800427815203,137.80515983595717,-0.0008305288765313144,595,91,15.294117647058824,26,7.6923076923076925,171185.0,-0.08888399212383108,0.7614687859270796,27.117446037912202,21069.0,-0.03567533680512239,0.9197688004014095,30.941193222269685,2568.0,-0.11208688988417322,0.6542134981995731,25.97352024922118
bear_range25_body08_vol15_cp20__long_counter_trend__slip2bps__sl0.75atr__tp2atr__h72,bear_range25_body08_vol15_cp20,long_counter_trend,2.0,0.75,2.0,2.6666666666666665,72,192254,192254,100.0,52826,139428,0,27.47719163190363,-0.08299849657791045,-0.0029996964564930444,1.152476590253859,0.7822379796890278,27.444422482757187,72.51552633495272,0.0400511822900954,3.0701207777211397,0.0071506433191649635,1.1446832293815103,0.42925621101806527,-27.011800427815203,137.80515983595717,-0.0008299849657791044,595,91,15.294117647058824,26,7.6923076923076925,171185.0,-0.08884208808897524,0.7619592522140624,27.059613868037502,21069.0,-0.035519488897354665,0.9202705988163612,30.869998576107076,2568.0,-0.11436644974249327,0.6485626402665537,25.817757009345794
bear_range25_body08_vol15_cp20__long_counter_trend__slip2bps__sl0.75atr__tp3atr__h12,bear_range25_body08_vol15_cp20,long_counter_trend,2.0,0.75,3.0,4.0,12,195542,195542,100.0,47488,148054,0,24.285319777848237,-0.06613636970291092,0.013869177968276341,1.4571193533493314,0.8290941475149063,14.945126878113141,74.39373638399934,10.661136737887512,3.7456761207310962,0.007089662217827159,1.694686196652109,0.42367154916302735,-27.011800427815203,206.74773975393578,-0.0006613636970291092,595,105,17.647058823529413,26,15.384615384615385,174214.0,-0.07659774354879004,0.79792915412103,23.919432422193395,21328.0,0.01931551435494589,1.042771255467688,27.27400600150037,2627.0,-0.0949242279346507,0.703629066771734,24.628854206318994
bear_range25_body08_vol15_cp20__long_counter_trend__slip2bps__sl0.75atr__tp3atr__h36,bear_range25_body08_vol15_cp20,long_counter_trend,2.0,0.75,3.0,4.0,36,195542,195542,100.0,41381,154161,0,21.162205561976457,-0.06845146212431294,0.011553159139342758,1.498406608543178,0.8320507789060075,19.622894314264965,78.65522496445776,1.7218807212772704,4.896712726677645,0.007089662217827159,1.694686196652109,0.42367154916302735,-27.011800427815203,206.74773975393578,-0.0006845146212431294,595,111,18.65546218487395,26,23.076923076923077,174214.0,-0.07820216766852285,0.8040524099589735,20.812334255570736,21328.0,0.011195453464536395,1.0234804505584372,24.02006751687922,2627.0,-0.0692418526742875,0.7934352736507148,22.268747620860296
bear_range25_body08_vol15_cp20__long_counter_trend__slip2bps__sl0.75atr__tp3atr__h72,bear_range25_body08_vol15_cp20,long_counter_trend,2.0,0.75,3.0,4.0,72,195542,195542,100.0,40207,155335,0,20.561823035460414,-0.07039448059722883,0.009609363148030348,1.5045474426525212,0.8290864530184451,20.28464473105522,79.39931063403259,0.3160446349121928,5.183392826093627,0.007089662217827159,1.694686196652109,0.42367154916302735,-27.011800427815203,206.74773975393578,-0.0007039448059722883,595,112,18.823529411764707,26,23.076923076923077,174214.0,-0.08029485077795286,0.800934902803302,20.20503518660957,21328.0,0.01047494413385958,1.0217592717448543,23.476181545386346,2627.0,-0.0686793014363189,0.7970440653641465,21.77388656261896
bear_range25_body08_vol15_cp20__long_counter_trend__slip2bps__sl1atr__tp1atr__h12,bear_range25_body08_vol15_cp20,long_counter_trend,2.0,1.0,1.0,1.0,12,153973,153973,100.0,73484,80489,0,47.72525053093724,-0.12467061627498925,-0.04468849167165793,0.9793702678253474,0.684639348558543,47.51157670500672,51.937027920479565,0.5513953745137135,1.7805978970338956,0.0077180399889938715,0.6552072560562187,0.655207256056219,-31.81521202287633,68.8625799179786,-0.0012467061627498925,594,55,9.25925925925926,25,0.0,137146.0,-0.12379541768170134,0.6775422917306764,47.34443585667829,16827.0,-0.13180379427909392,0.7301112763619005,50.82902478160099,1778.0,-0.165465329188889,0.5478850429284106,41.61979752530934
bear_range25_body08_vol15_cp20__long_counter_trend__slip2bps__sl1atr__tp1atr__h36,bear_range25_body08_vol15_cp20,long_counter_trend,2.0,1.0,1.0,1.0,36,153973,153973,100.0,73578,80395,0,47.78630019548882,-0.12475927755058298,-0.04477718842595337,0.9813498548707001,0.6854425737664828,47.771362511609176,52.19421586901599,0.034421619374825456,1.816272982925578,0.0077180399889938715,0.6552072560562187,0.655207256056219,-31.81521202287633,68.8625799179786,-0.00124759277550583,594,53,8.922558922558922,25,0.0,137146.0,-0.123976997265666,0.6781065470062326,47.39547635366689,16827.0,-0.131135138485701,0.7324302770142566,50.971652701016225,1778.0,-0.16561193157249537,0.5493661526926692,41.78852643419573
bear_range25_body08_vol15_cp20__long_counter_trend__slip2bps__sl1atr__tp1atr__h72,bear_range25_body08_vol15_cp20,long_counter_trend,2.0,1.0,1.0,1.0,72,153973,153973,100.0,73579,80394,0,47.78694966000533,-0.12485725727988785,-0.04487520736283294,0.9818193067982788,0.6853445930266833,47.7843518019393,52.20980301741215,0.005845180648555266,1.821786936670715,0.0077180399889938715,0.6552072560562187,0.655207256056219,-31.81521202287633,68.8625799179786,-0.0012485725727988785,594,54,9.090909090909092,25,0.0,137146.0,-0.12400756815771004,0.6781309842398103,47.39693465358086,16827.0,-0.1317825240743369,0.7314965484685543,50.96570987104059,1778.0,-0.16347600320660383,0.5539735693627504,41.84476940382452
bear_range25_body08_vol15_cp20__long_counter_trend__slip2bps__sl1atr__tp1.5atr__h12,bear_range25_body08_vol15_cp20,long_counter_trend,2.0,1.0,1.5,1.5,12,184431,184431,100.0,72409,112022,0,39.26075334406905,-0.10102143278267153,-0.021029844720559746,1.1129338991390063,0.7547502128557854,37.96650237758294,59.807190765109986,2.226306857307069,2.543883620432574,0.0072440792444356805,0.883617280174153,0.589078186782769,-31.81521202287633,103.33386987696784,-0.0010102143278267154,594,81,13.636363636363635,26,0.0,164097.0,-0.1046941976411731,0.7400717721468221,38.84470770337057,20334.0,-0.07138192776715402,0.8530033026957322,42.618274810661944,2409.0,-0.13876835132947324,0.6095496687101252,36.986301369863014
bear_range25_body08_vol15_cp20__long_counter_trend__slip2bps__sl1atr__tp1.5atr__h36,bear_range25_body08_vol15_cp20,long_counter_trend,2.0,1.0,1.5,1.5,36,184431,184431,100.0,72187,112244,0,39.14038312431207,-0.10128206902884931,-0.021290585262954395,1.1203435557691765,0.7572383209059358,39.07314930787123,60.80539605597758,0.12145463615118933,2.700288996969056,0.0072440792444356805,0.883617280174153,0.589078186782769,-31.81521202287633,103.33386987696784,-0.0010128206902884932,594,79,13.299663299663301,26,0.0,164097.0,-0.10525892243847436,0.7420225504145119,38.70576549236123,20334.0,-0.06918854517917579,0.8591973342633862,42.64778203993312,2409.0,-0.1356051023060672,0.6240666595800737,37.06932337069323
bear_range25_body08_vol15_cp20__long_counter_trend__slip2bps__sl1atr__tp1.5atr__h72,bear_range25_body08_vol15_cp20,long_counter_trend,2.0,1.0,1.5,1.5,72,184431,184431,100.0,72176,112255,0,39.134418834143936,-0.10137910981452204,-0.021387664880474177,1.12132681030301,0.7572714813483173,39.122490253807655,60.85690583470241,0.020603911489933905,2.718707809424663,0.0072440792444356805,0.883617280174153,0.589078186782769,-31.81521202287633,103.33386987696784,-0.0010137910981452205,594,80,13.468013468013467,26,0.0,164097.0,-0.10526572498576646,0.7422299906383122,38.701499722724975,20334.0,-0.07001381573781741,0.8578881381133864,42.628110553752336,2409.0,-0.13435198628657913,0.6276476463951395,37.02781237027813
bear_range25_body08_vol15_cp20__long_counter_trend__slip2bps__sl1atr__tp2atr__h12,bear_range25_body08_vol15_cp20,long_counter_trend,2.0,1.0,2.0,2.0,12,192254,192254,100.0,65189,127065,0,33.9077470429744,-0.09203679482019678,-0.01204161146478272,1.2779883542793218,0.7873858257055908,29.987932630790514,64.46679913031718,5.545268238892299,3.313777606707793,0.0071506433191649635,1.1446832293815103,0.5723416146907551,-31.81521202287633,137.80515983595717,-0.0009203679482019677,595,88,14.789915966386555,26,7.6923076923076925,171185.0,-0.09752936935209487,0.7696254641855967,33.58179747057277,21069.0,-0.04740978968265015,0.9070971863605335,36.55607764962742,2568.0,-0.12023557534024497,0.6666082079458884,33.372274143302185
bear_range25_body08_vol15_cp20__long_counter_trend__slip2bps__sl1atr__tp2atr__h36,bear_range25_body08_vol15_cp20,long_counter_trend,2.0,1.0,2.0,2.0,36,192254,192254,100.0,63424,128830,0,32.98969072164948,-0.09290230302343354,-0.012907466009837488,1.3005478867854807,0.7918444114694848,32.654197051816865,66.86518876070198,0.4806141874811447,3.779739303213457,0.0071506433191649635,1.1446832293815103,0.5723416146907551,-31.81521202287633,137.80515983595717,-0.0009290230302343354,595,97,16.30252100840336,26,7.6923076923076925,171185.0,-0.09900783765216029,0.7732910756045243,32.63136372929871,21069.0,-0.04329501528226943,0.9174173052574888,35.90108690493142,2568.0,-0.11403427258962252,0.6937092947125474,32.67133956386293
bear_range25_body08_vol15_cp20__long_counter_trend__slip2bps__sl1atr__tp2atr__h72,bear_range25_body08_vol15_cp20,long_counter_trend,2.0,1.0,2.0,2.0,72,192254,192254,100.0,63260,128994,0,32.90438690482383,-0.09291630427037925,-0.012921472859523064,1.3036937722305904,0.7924897372491437,32.850811946695515,67.07116626962247,0.07802178368200402,3.852356778012421,0.0071506433191649635,1.1446832293815103,0.5723416146907551,-31.81521202287633,137.80515983595717,-0.0009291630427037925,595,94,15.798319327731091,26,7.6923076923076925,171185.0,-0.09900375190316296,0.7740034807683341,32.5449075561527,21069.0,-0.043455972834711795,0.917463315376375,35.82514594902463,2568.0,-0.11422080888635293,0.6945924685701408,32.51557632398754
bear_range25_body08_vol15_cp20__long_counter_trend__slip2bps__sl1atr__tp3atr__h12,bear_range25_body08_vol15_cp20,long_counter_trend,2.0,1.0,3.0,3.0,12,195542,195542,100.0,57553,137989,0,29.432551574597788,-0.07412010280443039,0.005882250095607839,1.6223082397927355,0.8358527073378815,17.342054392406748,68.09381104826585,14.564134559327407,4.473754998926062,0.007089662217827159,1.694686196652109,0.5648953988840375,-31.81521202287633,206.74773975393578,-0.0007412010280443039,595,116,19.495798319327733,26,19.230769230769234,174214.0,-0.08605069825513331,0.8053322278050935,29.11935894933817,21328.0,0.023332858366272566,1.0440902243004484,31.99081020255064,2627.0,-0.09248521097086981,0.7466675876815794,31.100114198705747
bear_range25_body08_vol15_cp20__long_counter_trend__slip2bps__sl1atr__tp3atr__h36,bear_range25_body08_vol15_cp20,long_counter_trend,2.0,1.0,3.0,3.0,36,195542,195542,100.0,50556,144986,0,25.854292172525597,-0.07670144851458885,0.0032998714339847225,1.6758304822189962,0.8416274994440067,23.638399934540917,73.70488181567131,2.6567182497877693,6.118890059424574,0.007089662217827159,1.694686196652109,0.5648953988840375,-31.81521202287633,206.74773975393578,-0.0007670144851458885,595,120,20.168067226890756,26,23.076923076923077,174214.0,-0.08815088662823244,0.8141049994859697,25.526651130219157,21328.0,0.016821263954011054,1.0296714051536002,28.530570142535634,2627.0,-0.05512318056809555,0.8575957100422461,28.66387514274838
bear_range25_body08_vol15_cp20__long_counter_trend__slip2bps__sl1atr__tp3atr__h72,bear_range25_body08_vol15_cp20,long_counter_trend,2.0,1.0,3.0,3.0,72,195542,195542,100.0,49051,146491,0,25.084636548669852,-0.07888178178244,0.0011186656838335165,1.686370971905068,0.8396628515263992,24.65761831217846,74.82638001043253,0.5160016773890008,6.5720919290996305,0.007089662217827159,1.694686196652109,0.5648953988840375,-31.81521202287633,206.74773975393578,-0.0007888178178244,595,116,19.495798319327733,26,23.076923076923077,174214.0,-0.09056776970326712,0.8120036624659536,24.7431320100566,21328.0,0.016573145995081126,1.0287994256581705,27.87415603900975,2627.0,-0.050803975830448614,0.8701065890361553,28.13094784925771
bear_range25_body08_vol15_cp20__below_ema_slope_up__slip0bps__sl0.5atr__tp1atr__h12,bear_range25_body08_vol15_cp20,below_ema_slope_up,0.0,0.5,1.0,2.0,12,0,0,0.0,0,0,0,,,,,,,,,,,,,,,,0,0,,0,,,,,,,,,,,,,
bear_range25_body08_vol15_cp20__below_ema_slope_up__slip0bps__sl0.5atr__tp1atr__h36,bear_range25_body08_vol15_cp20,below_ema_slope_up,0.0,0.5,1.0,2.0,36,0,0,0.0,0,0,0,,,,,,,,,,,,,,,,0,0,,0,,,,,,,,,,,,,
bear_range25_body08_vol15_cp20__below_ema_slope_up__slip0bps__sl0.5atr__tp1atr__h72,bear_range25_body08_vol15_cp20,below_ema_slope_up,0.0,0.5,1.0,2.0,72,0,0,0.0,0,0,0,,,,,,,,,,,,,,,,0,0,,0,,,,,,,,,,,,,
bear_range25_body08_vol15_cp20__below_ema_slope_up__slip0bps__sl0.5atr__tp1.5atr__h12,bear_range25_body08_vol15_cp20,below_ema_slope_up,0.0,0.5,1.5,3.0,12,0,0,0.0,0,0,0,,,,,,,,,,,,,,,,0,0,,0,,,,,,,,,,,,,
bear_range25_body08_vol15_cp20__below_ema_slope_up__slip0bps__sl0.5atr__tp1.5atr__h36,bear_range25_body08_vol15_cp20,below_ema_slope_up,0.0,0.5,1.5,3.0,36,0,0,0.0,0,0,0,,,,,,,,,,,,,,,,0,0,,0,,,,,,,,,,,,,
bear_range25_body08_vol15_cp20__below_ema_slope_up__slip0bps__sl0.5atr__tp1.5atr__h72,bear_range25_body08_vol15_cp20,below_ema_slope_up,0.0,0.5,1.5,3.0,72,0,0,0.0,0,0,0,,,,,,,,,,,,,,,,0,0,,0,,,,,,,,,,,,,
bear_range25_body08_vol15_cp20__below_ema_slope_up__slip0bps__sl0.5atr__tp2atr__h12,bear_range25_body08_vol15_cp20,below_ema_slope_up,0.0,0.5,2.0,4.0,12,0,0,0.0,0,0,0,,,,,,,,,,,,,,,,0,0,,0,,,,,,,,,,,,,
bear_range25_body08_vol15_cp20__below_ema_slope_up__slip0bps__sl0.5atr__tp2atr__h36,bear_range25_body08_vol15_cp20,below_ema_slope_up,0.0,0.5,2.0,4.0,36,0,0,0.0,0,0,0,,,,,,,,,,,,,,,,0,0,,0,,,,,,,,,,,,,
bear_range25_body08_vol15_cp20__below_ema_slope_up__slip0bps__sl0.5atr__tp2atr__h72,bear_range25_body08_vol15_cp20,below_ema_slope_up,0.0,0.5,2.0,4.0,72,0,0,0.0,0,0,0,,,,,,,,,,,,,,,,0,0,,0,,,,,,,,,,,,,
bear_range25_body08_vol15_cp20__below_ema_slope_up__slip0bps__sl0.5atr__tp3atr__h12,bear_range25_body08_vol15_cp20,below_ema_slope_up,0.0,0.5,3.0,6.0,12,0,0,0.0,0,0,0,,,,,,,,,,,,,,,,0,0,,0,,,,,,,,,,,,,
bear_range25_body08_vol15_cp20__below_ema_slope_up__slip0bps__sl0.5atr__tp3atr__h36,bear_range25_body08_vol15_cp20,below_ema_slope_up,0.0,0.5,3.0,6.0,36,0,0,0.0,0,0,0,,,,,,,,,,,,,,,,0,0,,0,,,,,,,,,,,,,
bear_range25_body08_vol15_cp20__below_ema_slope_up__slip0bps__sl0.5atr__tp3atr__h72,bear_range25_body08_vol15_cp20,below_ema_slope_up,0.0,0.5,3.0,6.0,72,0,0,0.0,0,0,0,,,,,,,,,,,,,,,,0,0,,0,,,,,,,,,,,,,
bear_range25_body08_vol15_cp20__below_ema_slope_up__slip0bps__sl0.75atr__tp1atr__h12,bear_range25_body08_vol15_cp20,below_ema_slope_up,0.0,0.75,1.0,1.3333333333333333,12,0,0,0.0,0,0,0,,,,,,,,,,,,,,,,0,0,,0,,,,,,,,,,,,,
bear_range25_body08_vol15_cp20__below_ema_slope_up__slip0bps__sl0.75atr__tp1atr__h36,bear_range25_body08_vol15_cp20,below_ema_slope_up,0.0,0.75,1.0,1.3333333333333333,36,0,0,0.0,0,0,0,,,,,,,,,,,,,,,,0,0,,0,,,,,,,,,,,,,
bear_range25_body08_vol15_cp20__below_ema_slope_up__slip0bps__sl0.75atr__tp1atr__h72,bear_range25_body08_vol15_cp20,below_ema_slope_up,0.0,0.75,1.0,1.3333333333333333,72,0,0,0.0,0,0,0,,,,,,,,,,,,,,,,0,0,,0,,,,,,,,,,,,,
bear_range25_body08_vol15_cp20__below_ema_slope_up__slip0bps__sl0.75atr__tp1.5atr__h12,bear_range25_body08_vol15_cp20,below_ema_slope_up,0.0,0.75,1.5,2.0,12,0,0,0.0,0,0,0,,,,,,,,,,,,,,,,0,0,,0,,,,,,,,,,,,,
bear_range25_body08_vol15_cp20__below_ema_slope_up__slip0bps__sl0.75atr__tp1.5atr__h36,bear_range25_body08_vol15_cp20,below_ema_slope_up,0.0,0.75,1.5,2.0,36,0,0,0.0,0,0,0,,,,,,,,,,,,,,,,0,0,,0,,,,,,,,,,,,,
bear_range25_body08_vol15_cp20__below_ema_slope_up__slip0bps__sl0.75atr__tp1.5atr__h72,bear_range25_body08_vol15_cp20,below_ema_slope_up,0.0,0.75,1.5,2.0,72,0,0,0.0,0,0,0,,,,,,,,,,,,,,,,0,0,,0,,,,,,,,,,,,,
bear_range25_body08_vol15_cp20__below_ema_slope_up__slip0bps__sl0.75atr__tp2atr__h12,bear_range25_body08_vol15_cp20,below_ema_slope_up,0.0,0.75,2.0,2.6666666666666665,12,0,0,0.0,0,0,0,,,,,,,,,,,,,,,,0,0,,0,,,,,,,,,,,,,
bear_range25_body08_vol15_cp20__below_ema_slope_up__slip0bps__sl0.75atr__tp2atr__h36,bear_range25_body08_vol15_cp20,below_ema_slope_up,0.0,0.75,2.0,2.6666666666666665,36,0,0,0.0,0,0,0,,,,,,,,,,,,,,,,0,0,,0,,,,,,,,,,,,,
bear_range25_body08_vol15_cp20__below_ema_slope_up__slip0bps__sl0.75atr__tp2atr__h72,bear_range25_body08_vol15_cp20,below_ema_slope_up,0.0,0.75,2.0,2.6666666666666665,72,0,0,0.0,0,0,0,,,,,,,,,,,,,,,,0,0,,0,,,,,,,,,,,,,
bear_range25_body08_vol15_cp20__below_ema_slope_up__slip0bps__sl0.75atr__tp3atr__h12,bear_range25_body08_vol15_cp20,below_ema_slope_up,0.0,0.75,3.0,4.0,12,0,0,0.0,0,0,0,,,,,,,,,,,,,,,,0,0,,0,,,,,,,,,,,,,
bear_range25_body08_vol15_cp20__below_ema_slope_up__slip0bps__sl0.75atr__tp3atr__h36,bear_range25_body08_vol15_cp20,below_ema_slope_up,0.0,0.75,3.0,4.0,36,0,0,0.0,0,0,0,,,,,,,,,,,,,,,,0,0,,0,,,,,,,,,,,,,
bear_range25_body08_vol15_cp20__below_ema_slope_up__slip0bps__sl0.75atr__tp3atr__h72,bear_range25_body08_vol15_cp20,below_ema_slope_up,0.0,0.75,3.0,4.0,72,0,0,0.0,0,0,0,,,,,,,,,,,,,,,,0,0,,0,,,,,,,,,,,,,
bear_range25_body08_vol15_cp20__below_ema_slope_up__slip0bps__sl1atr__tp1atr__h12,bear_range25_body08_vol15_cp20,below_ema_slope_up,0.0,1.0,1.0,1.0,12,0,0,0.0,0,0,0,,,,,,,,,,,,,,,,0,0,,0,,,,,,,,,,,,,
bear_range25_body08_vol15_cp20__below_ema_slope_up__slip0bps__sl1atr__tp1atr__h36,bear_range25_body08_vol15_cp20,below_ema_slope_up,0.0,1.0,1.0,1.0,36,0,0,0.0,0,0,0,,,,,,,,,,,,,,,,0,0,,0,,,,,,,,,,,,,
bear_range25_body08_vol15_cp20__below_ema_slope_up__slip0bps__sl1atr__tp1atr__h72,bear_range25_body08_vol15_cp20,below_ema_slope_up,0.0,1.0,1.0,1.0,72,0,0,0.0,0,0,0,,,,,,,,,,,,,,,,0,0,,0,,,,,,,,,,,,,
bear_range25_body08_vol15_cp20__below_ema_slope_up__slip0bps__sl1atr__tp1.5atr__h12,bear_range25_body08_vol15_cp20,below_ema_slope_up,0.0,1.0,1.5,1.5,12,0,0,0.0,0,0,0,,,,,,,,,,,,,,,,0,0,,0,,,,,,,,,,,,,
bear_range25_body08_vol15_cp20__below_ema_slope_up__slip0bps__sl1atr__tp1.5atr__h36,bear_range25_body08_vol15_cp20,below_ema_slope_up,0.0,1.0,1.5,1.5,36,0,0,0.0,0,0,0,,,,,,,,,,,,,,,,0,0,,0,,,,,,,,,,,,,
bear_range25_body08_vol15_cp20__below_ema_slope_up__slip0bps__sl1atr__tp1.5atr__h72,bear_range25_body08_vol15_cp20,below_ema_slope_up,0.0,1.0,1.5,1.5,72,0,0,0.0,0,0,0,,,,,,,,,,,,,,,,0,0,,0,,,,,,,,,,,,,
bear_range25_body08_vol15_cp20__below_ema_slope_up__slip0bps__sl1atr__tp2atr__h12,bear_range25_body08_vol15_cp20,below_ema_slope_up,0.0,1.0,2.0,2.0,12,0,0,0.0,0,0,0,,,,,,,,,,,,,,,,0,0,,0,,,,,,,,,,,,,
bear_range25_body08_vol15_cp20__below_ema_slope_up__slip0bps__sl1atr__tp2atr__h36,bear_range25_body08_vol15_cp20,below_ema_slope_up,0.0,1.0,2.0,2.0,36,0,0,0.0,0,0,0,,,,,,,,,,,,,,,,0,0,,0,,,,,,,,,,,,,
bear_range25_body08_vol15_cp20__below_ema_slope_up__slip0bps__sl1atr__tp2atr__h72,bear_range25_body08_vol15_cp20,below_ema_slope_up,0.0,1.0,2.0,2.0,72,0,0,0.0,0,0,0,,,,,,,,,,,,,,,,0,0,,0,,,,,,,,,,,,,
bear_range25_body08_vol15_cp20__below_ema_slope_up__slip0bps__sl1atr__tp3atr__h12,bear_range25_body08_vol15_cp20,below_ema_slope_up,0.0,1.0,3.0,3.0,12,0,0,0.0,0,0,0,,,,,,,,,,,,,,,,0,0,,0,,,,,,,,,,,,,
bear_range25_body08_vol15_cp20__below_ema_slope_up__slip0bps__sl1atr__tp3atr__h36,bear_range25_body08_vol15_cp20,below_ema_slope_up,0.0,1.0,3.0,3.0,36,0,0,0.0,0,0,0,,,,,,,,,,,,,,,,0,0,,0,,,,,,,,,,,,,
bear_range25_body08_vol15_cp20__below_ema_slope_up__slip0bps__sl1atr__tp3atr__h72,bear_range25_body08_vol15_cp20,below_ema_slope_up,0.0,1.0,3.0,3.0,72,0,0,0.0,0,0,0,,,,,,,,,,,,,,,,0,0,,0,,,,,,,,,,,,,
bear_range25_body08_vol15_cp20__below_ema_slope_up__slip1bps__sl0.5atr__tp1atr__h12,bear_range25_body08_vol15_cp20,below_ema_slope_up,1.0,0.5,1.0,2.0,12,0,0,0.0,0,0,0,,,,,,,,,,,,,,,,0,0,,0,,,,,,,,,,,,,
bear_range25_body08_vol15_cp20__below_ema_slope_up__slip1bps__sl0.5atr__tp1atr__h36,bear_range25_body08_vol15_cp20,below_ema_slope_up,1.0,0.5,1.0,2.0,36,0,0,0.0,0,0,0,,,,,,,,,,,,,,,,0,0,,0,,,,,,,,,,,,,
bear_range25_body08_vol15_cp20__below_ema_slope_up__slip1bps__sl0.5atr__tp1atr__h72,bear_range25_body08_vol15_cp20,below_ema_slope_up,1.0,0.5,1.0,2.0,72,0,0,0.0,0,0,0,,,,,,,,,,,,,,,,0,0,,0,,,,,,,,,,,,,
bear_range25_body08_vol15_cp20__below_ema_slope_up__slip1bps__sl0.5atr__tp1.5atr__h12,bear_range25_body08_vol15_cp20,below_ema_slope_up,1.0,0.5,1.5,3.0,12,0,0,0.0,0,0,0,,,,,,,,,,,,,,,,0,0,,0,,,,,,,,,,,,,
bear_range25_body08_vol15_cp20__below_ema_slope_up__slip1bps__sl0.5atr__tp1.5atr__h36,bear_range25_body08_vol15_cp20,below_ema_slope_up,1.0,0.5,1.5,3.0,36,0,0,0.0,0,0,0,,,,,,,,,,,,,,,,0,0,,0,,,,,,,,,,,,,
bear_range25_body08_vol15_cp20__below_ema_slope_up__slip1bps__sl0.5atr__tp1.5atr__h72,bear_range25_body08_vol15_cp20,below_ema_slope_up,1.0,0.5,1.5,3.0,72,0,0,0.0,0,0,0,,,,,,,,,,,,,,,,0,0,,0,,,,,,,,,,,,,
bear_range25_body08_vol15_cp20__below_ema_slope_up__slip1bps__sl0.5atr__tp2atr__h12,bear_range25_body08_vol15_cp20,below_ema_slope_up,1.0,0.5,2.0,4.0,12,0,0,0.0,0,0,0,,,,,,,,,,,,,,,,0,0,,0,,,,,,,,,,,,,
bear_range25_body08_vol15_cp20__below_ema_slope_up__slip1bps__sl0.5atr__tp2atr__h36,bear_range25_body08_vol15_cp20,below_ema_slope_up,1.0,0.5,2.0,4.0,36,0,0,0.0,0,0,0,,,,,,,,,,,,,,,,0,0,,0,,,,,,,,,,,,,
bear_range25_body08_vol15_cp20__below_ema_slope_up__slip1bps__sl0.5atr__tp2atr__h72,bear_range25_body08_vol15_cp20,below_ema_slope_up,1.0,0.5,2.0,4.0,72,0,0,0.0,0,0,0,,,,,,,,,,,,,,,,0,0,,0,,,,,,,,,,,,,
bear_range25_body08_vol15_cp20__below_ema_slope_up__slip1bps__sl0.5atr__tp3atr__h12,bear_range25_body08_vol15_cp20,below_ema_slope_up,1.0,0.5,3.0,6.0,12,0,0,0.0,0,0,0,,,,,,,,,,,,,,,,0,0,,0,,,,,,,,,,,,,
bear_range25_body08_vol15_cp20__below_ema_slope_up__slip1bps__sl0.5atr__tp3atr__h36,bear_range25_body08_vol15_cp20,below_ema_slope_up,1.0,0.5,3.0,6.0,36,0,0,0.0,0,0,0,,,,,,,,,,,,,,,,0,0,,0,,,,,,,,,,,,,
bear_range25_body08_vol15_cp20__below_ema_slope_up__slip1bps__sl0.5atr__tp3atr__h72,bear_range25_body08_vol15_cp20,below_ema_slope_up,1.0,0.5,3.0,6.0,72,0,0,0.0,0,0,0,,,,,,,,,,,,,,,,0,0,,0,,,,,,,,,,,,,
bear_range25_body08_vol15_cp20__below_ema_slope_up__slip1bps__sl0.75atr__tp1atr__h12,bear_range25_body08_vol15_cp20,below_ema_slope_up,1.0,0.75,1.0,1.3333333333333333,12,0,0,0.0,0,0,0,,,,,,,,,,,,,,,,0,0,,0,,,,,,,,,,,,,
bear_range25_body08_vol15_cp20__below_ema_slope_up__slip1bps__sl0.75atr__tp1atr__h36,bear_range25_body08_vol15_cp20,below_ema_slope_up,1.0,0.75,1.0,1.3333333333333333,36,0,0,0.0,0,0,0,,,,,,,,,,,,,,,,0,0,,0,,,,,,,,,,,,,
bear_range25_body08_vol15_cp20__below_ema_slope_up__slip1bps__sl0.75atr__tp1atr__h72,bear_range25_body08_vol15_cp20,below_ema_slope_up,1.0,0.75,1.0,1.3333333333333333,72,0,0,0.0,0,0,0,,,,,,,,,,,,,,,,0,0,,0,,,,,,,,,,,,,
bear_range25_body08_vol15_cp20__below_ema_slope_up__slip1bps__sl0.75atr__tp1.5atr__h12,bear_range25_body08_vol15_cp20,below_ema_slope_up,1.0,0.75,1.5,2.0,12,0,0,0.0,0,0,0,,,,,,,,,,,,,,,,0,0,,0,,,,,,,,,,,,,
bear_range25_body08_vol15_cp20__below_ema_slope_up__slip1bps__sl0.75atr__tp1.5atr__h36,bear_range25_body08_vol15_cp20,below_ema_slope_up,1.0,0.75,1.5,2.0,36,0,0,0.0,0,0,0,,,,,,,,,,,,,,,,0,0,,0,,,,,,,,,,,,,
bear_range25_body08_vol15_cp20__below_ema_slope_up__slip1bps__sl0.75atr__tp1.5atr__h72,bear_range25_body08_vol15_cp20,below_ema_slope_up,1.0,0.75,1.5,2.0,72,0,0,0.0,0,0,0,,,,,,,,,,,,,,,,0,0,,0,,,,,,,,,,,,,
bear_range25_body08_vol15_cp20__below_ema_slope_up__slip1bps__sl0.75atr__tp2atr__h12,bear_range25_body08_vol15_cp20,below_ema_slope_up,1.0,0.75,2.0,2.6666666666666665,12,0,0,0.0,0,0,0,,,,,,,,,,,,,,,,0,0,,0,,,,,,,,,,,,,
bear_range25_body08_vol15_cp20__below_ema_slope_up__slip1bps__sl0.75atr__tp2atr__h36,bear_range25_body08_vol15_cp20,below_ema_slope_up,1.0,0.75,2.0,2.6666666666666665,36,0,0,0.0,0,0,0,,,,,,,,,,,,,,,,0,0,,0,,,,,,,,,,,,,
bear_range25_body08_vol15_cp20__below_ema_slope_up__slip1bps__sl0.75atr__tp2atr__h72,bear_range25_body08_vol15_cp20,below_ema_slope_up,1.0,0.75,2.0,2.6666666666666665,72,0,0,0.0,0,0,0,,,,,,,,,,,,,,,,0,0,,0,,,,,,,,,,,,,
bear_range25_body08_vol15_cp20__below_ema_slope_up__slip1bps__sl0.75atr__tp3atr__h12,bear_range25_body08_vol15_cp20,below_ema_slope_up,1.0,0.75,3.0,4.0,12,0,0,0.0,0,0,0,,,,,,,,,,,,,,,,0,0,,0,,,,,,,,,,,,,
bear_range25_body08_vol15_cp20__below_ema_slope_up__slip1bps__sl0.75atr__tp3atr__h36,bear_range25_body08_vol15_cp20,below_ema_slope_up,1.0,0.75,3.0,4.0,36,0,0,0.0,0,0,0,,,,,,,,,,,,,,,,0,0,,0,,,,,,,,,,,,,
bear_range25_body08_vol15_cp20__below_ema_slope_up__slip1bps__sl0.75atr__tp3atr__h72,bear_range25_body08_vol15_cp20,below_ema_slope_up,1.0,0.75,3.0,4.0,72,0,0,0.0,0,0,0,,,,,,,,,,,,,,,,0,0,,0,,,,,,,,,,,,,
bear_range25_body08_vol15_cp20__below_ema_slope_up__slip1bps__sl1atr__tp1atr__h12,bear_range25_body08_vol15_cp20,below_ema_slope_up,1.0,1.0,1.0,1.0,12,0,0,0.0,0,0,0,,,,,,,,,,,,,,,,0,0,,0,,,,,,,,,,,,,
bear_range25_body08_vol15_cp20__below_ema_slope_up__slip1bps__sl1atr__tp1atr__h36,bear_range25_body08_vol15_cp20,below_ema_slope_up,1.0,1.0,1.0,1.0,36,0,0,0.0,0,0,0,,,,,,,,,,,,,,,,0,0,,0,,,,,,,,,,,,,
bear_range25_body08_vol15_cp20__below_ema_slope_up__slip1bps__sl1atr__tp1atr__h72,bear_range25_body08_vol15_cp20,below_ema_slope_up,1.0,1.0,1.0,1.0,72,0,0,0.0,0,0,0,,,,,,,,,,,,,,,,0,0,,0,,,,,,,,,,,,,
bear_range25_body08_vol15_cp20__below_ema_slope_up__slip1bps__sl1atr__tp1.5atr__h12,bear_range25_body08_vol15_cp20,below_ema_slope_up,1.0,1.0,1.5,1.5,12,0,0,0.0,0,0,0,,,,,,,,,,,,,,,,0,0,,0,,,,,,,,,,,,,
bear_range25_body08_vol15_cp20__below_ema_slope_up__slip1bps__sl1atr__tp1.5atr__h36,bear_range25_body08_vol15_cp20,below_ema_slope_up,1.0,1.0,1.5,1.5,36,0,0,0.0,0,0,0,,,,,,,,,,,,,,,,0,0,,0,,,,,,,,,,,,,
bear_range25_body08_vol15_cp20__below_ema_slope_up__slip1bps__sl1atr__tp1.5atr__h72,bear_range25_body08_vol15_cp20,below_ema_slope_up,1.0,1.0,1.5,1.5,72,0,0,0.0,0,0,0,,,,,,,,,,,,,,,,0,0,,0,,,,,,,,,,,,,
bear_range25_body08_vol15_cp20__below_ema_slope_up__slip1bps__sl1atr__tp2atr__h12,bear_range25_body08_vol15_cp20,below_ema_slope_up,1.0,1.0,2.0,2.0,12,0,0,0.0,0,0,0,,,,,,,,,,,,,,,,0,0,,0,,,,,,,,,,,,,
bear_range25_body08_vol15_cp20__below_ema_slope_up__slip1bps__sl1atr__tp2atr__h36,bear_range25_body08_vol15_cp20,below_ema_slope_up,1.0,1.0,2.0,2.0,36,0,0,0.0,0,0,0,,,,,,,,,,,,,,,,0,0,,0,,,,,,,,,,,,,
bear_range25_body08_vol15_cp20__below_ema_slope_up__slip1bps__sl1atr__tp2atr__h72,bear_range25_body08_vol15_cp20,below_ema_slope_up,1.0,1.0,2.0,2.0,72,0,0,0.0,0,0,0,,,,,,,,,,,,,,,,0,0,,0,,,,,,,,,,,,,
bear_range25_body08_vol15_cp20__below_ema_slope_up__slip1bps__sl1atr__tp3atr__h12,bear_range25_body08_vol15_cp20,below_ema_slope_up,1.0,1.0,3.0,3.0,12,0,0,0.0,0,0,0,,,,,,,,,,,,,,,,0,0,,0,,,,,,,,,,,,,
bear_range25_body08_vol15_cp20__below_ema_slope_up__slip1bps__sl1atr__tp3atr__h36,bear_range25_body08_vol15_cp20,below_ema_slope_up,1.0,1.0,3.0,3.0,36,0,0,0.0,0,0,0,,,,,,,,,,,,,,,,0,0,,0,,,,,,,,,,,,,
bear_range25_body08_vol15_cp20__below_ema_slope_up__slip1bps__sl1atr__tp3atr__h72,bear_range25_body08_vol15_cp20,below_ema_slope_up,1.0,1.0,3.0,3.0,72,0,0,0.0,0,0,0,,,,,,,,,,,,,,,,0,0,,0,,,,,,,,,,,,,
bear_range25_body08_vol15_cp20__below_ema_slope_up__slip2bps__sl0.5atr__tp1atr__h12,bear_range25_body08_vol15_cp20,below_ema_slope_up,2.0,0.5,1.0,2.0,12,0,0,0.0,0,0,0,,,,,,,,,,,,,,,,0,0,,0,,,,,,,,,,,,,
bear_range25_body08_vol15_cp20__below_ema_slope_up__slip2bps__sl0.5atr__tp1atr__h36,bear_range25_body08_vol15_cp20,below_ema_slope_up,2.0,0.5,1.0,2.0,36,0,0,0.0,0,0,0,,,,,,,,,,,,,,,,0,0,,0,,,,,,,,,,,,,
bear_range25_body08_vol15_cp20__below_ema_slope_up__slip2bps__sl0.5atr__tp1atr__h72,bear_range25_body08_vol15_cp20,below_ema_slope_up,2.0,0.5,1.0,2.0,72,0,0,0.0,0,0,0,,,,,,,,,,,,,,,,0,0,,0,,,,,,,,,,,,,
bear_range25_body08_vol15_cp20__below_ema_slope_up__slip2bps__sl0.5atr__tp1.5atr__h12,bear_range25_body08_vol15_cp20,below_ema_slope_up,2.0,0.5,1.5,3.0,12,0,0,0.0,0,0,0,,,,,,,,,,,,,,,,0,0,,0,,,,,,,,,,,,,
bear_range25_body08_vol15_cp20__below_ema_slope_up__slip2bps__sl0.5atr__tp1.5atr__h36,bear_range25_body08_vol15_cp20,below_ema_slope_up,2.0,0.5,1.5,3.0,36,0,0,0.0,0,0,0,,,,,,,,,,,,,,,,0,0,,0,,,,,,,,,,,,,
bear_range25_body08_vol15_cp20__below_ema_slope_up__slip2bps__sl0.5atr__tp1.5atr__h72,bear_range25_body08_vol15_cp20,below_ema_slope_up,2.0,0.5,1.5,3.0,72,0,0,0.0,0,0,0,,,,,,,,,,,,,,,,0,0,,0,,,,,,,,,,,,,
bear_range25_body08_vol15_cp20__below_ema_slope_up__slip2bps__sl0.5atr__tp2atr__h12,bear_range25_body08_vol15_cp20,below_ema_slope_up,2.0,0.5,2.0,4.0,12,0,0,0.0,0,0,0,,,,,,,,,,,,,,,,0,0,,0,,,,,,,,,,,,,
bear_range25_body08_vol15_cp20__below_ema_slope_up__slip2bps__sl0.5atr__tp2atr__h36,bear_range25_body08_vol15_cp20,below_ema_slope_up,2.0,0.5,2.0,4.0,36,0,0,0.0,0,0,0,,,,,,,,,,,,,,,,0,0,,0,,,,,,,,,,,,,
bear_range25_body08_vol15_cp20__below_ema_slope_up__slip2bps__sl0.5atr__tp2atr__h72,bear_range25_body08_vol15_cp20,below_ema_slope_up,2.0,0.5,2.0,4.0,72,0,0,0.0,0,0,0,,,,,,,,,,,,,,,,0,0,,0,,,,,,,,,,,,,
bear_range25_body08_vol15_cp20__below_ema_slope_up__slip2bps__sl0.5atr__tp3atr__h12,bear_range25_body08_vol15_cp20,below_ema_slope_up,2.0,0.5,3.0,6.0,12,0,0,0.0,0,0,0,,,,,,,,,,,,,,,,0,0,,0,,,,,,,,,,,,,
bear_range25_body08_vol15_cp20__below_ema_slope_up__slip2bps__sl0.5atr__tp3atr__h36,bear_range25_body08_vol15_cp20,below_ema_slope_up,2.0,0.5,3.0,6.0,36,0,0,0.0,0,0,0,,,,,,,,,,,,,,,,0,0,,0,,,,,,,,,,,,,
bear_range25_body08_vol15_cp20__below_ema_slope_up__slip2bps__sl0.5atr__tp3atr__h72,bear_range25_body08_vol15_cp20,below_ema_slope_up,2.0,0.5,3.0,6.0,72,0,0,0.0,0,0,0,,,,,,,,,,,,,,,,0,0,,0,,,,,,,,,,,,,
bear_range25_body08_vol15_cp20__below_ema_slope_up__slip2bps__sl0.75atr__tp1atr__h12,bear_range25_body08_vol15_cp20,below_ema_slope_up,2.0,0.75,1.0,1.3333333333333333,12,0,0,0.0,0,0,0,,,,,,,,,,,,,,,,0,0,,0,,,,,,,,,,,,,
bear_range25_body08_vol15_cp20__below_ema_slope_up__slip2bps__sl0.75atr__tp1atr__h36,bear_range25_body08_vol15_cp20,below_ema_slope_up,2.0,0.75,1.0,1.3333333333333333,36,0,0,0.0,0,0,0,,,,,,,,,,,,,,,,0,0,,0,,,,,,,,,,,,,
bear_range25_body08_vol15_cp20__below_ema_slope_up__slip2bps__sl0.75atr__tp1atr__h72,bear_range25_body08_vol15_cp20,below_ema_slope_up,2.0,0.75,1.0,1.3333333333333333,72,0,0,0.0,0,0,0,,,,,,,,,,,,,,,,0,0,,0,,,,,,,,,,,,,
bear_range25_body08_vol15_cp20__below_ema_slope_up__slip2bps__sl0.75atr__tp1.5atr__h12,bear_range25_body08_vol15_cp20,below_ema_slope_up,2.0,0.75,1.5,2.0,12,0,0,0.0,0,0,0,,,,,,,,,,,,,,,,0,0,,0,,,,,,,,,,,,,
bear_range25_body08_vol15_cp20__below_ema_slope_up__slip2bps__sl0.75atr__tp1.5atr__h36,bear_range25_body08_vol15_cp20,below_ema_slope_up,2.0,0.75,1.5,2.0,36,0,0,0.0,0,0,0,,,,,,,,,,,,,,,,0,0,,0,,,,,,,,,,,,,
bear_range25_body08_vol15_cp20__below_ema_slope_up__slip2bps__sl0.75atr__tp1.5atr__h72,bear_range25_body08_vol15_cp20,below_ema_slope_up,2.0,0.75,1.5,2.0,72,0,0,0.0,0,0,0,,,,,,,,,,,,,,,,0,0,,0,,,,,,,,,,,,,
bear_range25_body08_vol15_cp20__below_ema_slope_up__slip2bps__sl0.75atr__tp2atr__h12,bear_range25_body08_vol15_cp20,below_ema_slope_up,2.0,0.75,2.0,2.6666666666666665,12,0,0,0.0,0,0,0,,,,,,,,,,,,,,,,0,0,,0,,,,,,,,,,,,,
bear_range25_body08_vol15_cp20__below_ema_slope_up__slip2bps__sl0.75atr__tp2atr__h36,bear_range25_body08_vol15_cp20,below_ema_slope_up,2.0,0.75,2.0,2.6666666666666665,36,0,0,0.0,0,0,0,,,,,,,,,,,,,,,,0,0,,0,,,,,,,,,,,,,
bear_range25_body08_vol15_cp20__below_ema_slope_up__slip2bps__sl0.75atr__tp2atr__h72,bear_range25_body08_vol15_cp20,below_ema_slope_up,2.0,0.75,2.0,2.6666666666666665,72,0,0,0.0,0,0,0,,,,,,,,,,,,,,,,0,0,,0,,,,,,,,,,,,,
bear_range25_body08_vol15_cp20__below_ema_slope_up__slip2bps__sl0.75atr__tp3atr__h12,bear_range25_body08_vol15_cp20,below_ema_slope_up,2.0,0.75,3.0,4.0,12,0,0,0.0,0,0,0,,,,,,,,,,,,,,,,0,0,,0,,,,,,,,,,,,,
bear_range25_body08_vol15_cp20__below_ema_slope_up__slip2bps__sl0.75atr__tp3atr__h36,bear_range25_body08_vol15_cp20,below_ema_slope_up,2.0,0.75,3.0,4.0,36,0,0,0.0,0,0,0,,,,,,,,,,,,,,,,0,0,,0,,,,,,,,,,,,,
bear_range25_body08_vol15_cp20__below_ema_slope_up__slip2bps__sl0.75atr__tp3atr__h72,bear_range25_body08_vol15_cp20,below_ema_slope_up,2.0,0.75,3.0,4.0,72,0,0,0.0,0,0,0,,,,,,,,,,,,,,,,0,0,,0,,,,,,,,,,,,,
bear_range25_body08_vol15_cp20__below_ema_slope_up__slip2bps__sl1atr__tp1atr__h12,bear_range25_body08_vol15_cp20,below_ema_slope_up,2.0,1.0,1.0,1.0,12,0,0,0.0,0,0,0,,,,,,,,,,,,,,,,0,0,,0,,,,,,,,,,,,,
bear_range25_body08_vol15_cp20__below_ema_slope_up__slip2bps__sl1atr__tp1atr__h36,bear_range25_body08_vol15_cp20,below_ema_slope_up,2.0,1.0,1.0,1.0,36,0,0,0.0,0,0,0,,,,,,,,,,,,,,,,0,0,,0,,,,,,,,,,,,,
bear_range25_body08_vol15_cp20__below_ema_slope_up__slip2bps__sl1atr__tp1atr__h72,bear_range25_body08_vol15_cp20,below_ema_slope_up,2.0,1.0,1.0,1.0,72,0,0,0.0,0,0,0,,,,,,,,,,,,,,,,0,0,,0,,,,,,,,,,,,,
bear_range25_body08_vol15_cp20__below_ema_slope_up__slip2bps__sl1atr__tp1.5atr__h12,bear_range25_body08_vol15_cp20,below_ema_slope_up,2.0,1.0,1.5,1.5,12,0,0,0.0,0,0,0,,,,,,,,,,,,,,,,0,0,,0,,,,,,,,,,,,,
bear_range25_body08_vol15_cp20__below_ema_slope_up__slip2bps__sl1atr__tp1.5atr__h36,bear_range25_body08_vol15_cp20,below_ema_slope_up,2.0,1.0,1.5,1.5,36,0,0,0.0,0,0,0,,,,,,,,,,,,,,,,0,0,,0,,,,,,,,,,,,,
bear_range25_body08_vol15_cp20__below_ema_slope_up__slip2bps__sl1atr__tp1.5atr__h72,bear_range25_body08_vol15_cp20,below_ema_slope_up,2.0,1.0,1.5,1.5,72,0,0,0.0,0,0,0,,,,,,,,,,,,,,,,0,0,,0,,,,,,,,,,,,,
bear_range25_body08_vol15_cp20__below_ema_slope_up__slip2bps__sl1atr__tp2atr__h12,bear_range25_body08_vol15_cp20,below_ema_slope_up,2.0,1.0,2.0,2.0,12,0,0,0.0,0,0,0,,,,,,,,,,,,,,,,0,0,,0,,,,,,,,,,,,,
bear_range25_body08_vol15_cp20__below_ema_slope_up__slip2bps__sl1atr__tp2atr__h36,bear_range25_body08_vol15_cp20,below_ema_slope_up,2.0,1.0,2.0,2.0,36,0,0,0.0,0,0,0,,,,,,,,,,,,,,,,0,0,,0,,,,,,,,,,,,,
bear_range25_body08_vol15_cp20__below_ema_slope_up__slip2bps__sl1atr__tp2atr__h72,bear_range25_body08_vol15_cp20,below_ema_slope_up,2.0,1.0,2.0,2.0,72,0,0,0.0,0,0,0,,,,,,,,,,,,,,,,0,0,,0,,,,,,,,,,,,,
bear_range25_body08_vol15_cp20__below_ema_slope_up__slip2bps__sl1atr__tp3atr__h12,bear_range25_body08_vol15_cp20,below_ema_slope_up,2.0,1.0,3.0,3.0,12,0,0,0.0,0,0,0,,,,,,,,,,,,,,,,0,0,,0,,,,,,,,,,,,,
bear_range25_body08_vol15_cp20__below_ema_slope_up__slip2bps__sl1atr__tp3atr__h36,bear_range25_body08_vol15_cp20,below_ema_slope_up,2.0,1.0,3.0,3.0,36,0,0,0.0,0,0,0,,,,,,,,,,,,,,,,0,0,,0,,,,,,,,,,,,,
bear_range25_body08_vol15_cp20__below_ema_slope_up__slip2bps__sl1atr__tp3atr__h72,bear_range25_body08_vol15_cp20,below_ema_slope_up,2.0,1.0,3.0,3.0,72,0,0,0.0,0,0,0,,,,,,,,,,,,,,,,0,0,,0,,,,,,,,,,,,,
