{
  "load_sec": 181.84389999999993,
  "feature_sec": 63.6933,
  "backtest_sec": 2813.1481000000013,
  "wall_sec": 3156.3933
}