rank,factor,residual_mode,profile,side,horizon,reversion_net_n,reversion_net_avg_pct,reversion_net_std_pct,reversion_net_win_rate_pct,reversion_net_profit_factor,reversion_net_min_pct,reversion_net_max_pct,continuation_net_n,continuation_net_avg_pct,continuation_net_std_pct,continuation_net_win_rate_pct,continuation_net_profit_factor,continuation_net_min_pct,continuation_net_max_pct,relative_reversion_n,relative_reversion_avg_pct,relative_reversion_std_pct,relative_reversion_win_rate_pct,relative_reversion_profit_factor,relative_reversion_min_pct,relative_reversion_max_pct,dominant_hypothesis,dominant_net_edge_pct,reversion_minus_continuation_pct,relative_hypothesis,relative_edge_abs_pct,eligible_symbols,positive_reversion_symbols,positive_reversion_symbol_pct,positive_continuation_symbols,positive_continuation_symbol_pct,positive_relative_reversion_symbols,positive_relative_reversion_symbol_pct,mean_symbol_reversion_avg_pct,mean_symbol_continuation_avg_pct,mean_symbol_relative_reversion_avg_pct,ex_2025q4_reversion_net_n,ex_2025q4_reversion_net_avg_pct,ex_2025q4_reversion_net_profit_factor,ex_2025q4_continuation_net_avg_pct,ex_2025q4_continuation_net_profit_factor,ex_2025q4_relative_reversion_avg_pct,2025q4_reversion_net_n,2025q4_reversion_net_avg_pct,2025q4_reversion_net_profit_factor,2025q4_continuation_net_avg_pct,2025q4_continuation_net_profit_factor,2025q4_relative_reversion_avg_pct,2026_reversion_net_n,2026_reversion_net_avg_pct,2026_reversion_net_profit_factor,2026_continuation_net_avg_pct,2026_continuation_net_profit_factor,2026_relative_reversion_avg_pct,pre_2025q4_reversion_net_n,pre_2025q4_reversion_net_avg_pct,pre_2025q4_reversion_net_profit_factor,pre_2025q4_continuation_net_avg_pct,pre_2025q4_continuation_net_profit_factor,pre_2025q4_relative_reversion_avg_pct,eligible_quarters,positive_reversion_quarter_pct,positive_continuation_quarter_pct,preferred_direction,robust_pass
1,btc,rolling_beta,z4,positive_residual,72,297232,0.06721122651628934,5.2404745170103055,51.64215158529364,1.0465692982201567,-84.24340675127833,425.8924830656983,297232,0.0019161890433998798,5.722798174617027,44.42523012327071,1.0012746192918724,-81.0226989219741,533.3869148153632,297232,0.22938309475238522,4.741019427821614,57.3104510954406,1.1987216437950328,-84.164728521157,425.85575958470906,mean_reversion,0.06721122651628934,0.06529503747288946,mean_reversion,0.22938309475238522,596,371,62.24832214765101,275,46.14093959731544,486,81.54362416107382,0.23762655112072842,0.008298704669823432,0.37912067727265747,262987,0.012102410387687825,1.0086046584053536,0.005165189605379353,1.003609045753492,0.18865226653967926,34245,0.49042343931268395,1.2842164972790913,-0.023034750094964855,0.9888046436733336,0.542178490260486,4309,0.03852175779125966,1.0300626450803119,-0.02259102885124462,0.9826673800590984,0.21259002886104988,258678,0.011662322834969817,1.0082794935568256,0.005627546455709083,1.0039262658014585,0.18825351667365736,26,57.692307692307686,30.76923076923077,mean_reversion,True
2,market_mom,rolling_beta,z4,positive_residual,72,355446,0.11680748380378306,5.044276479597768,52.428498281032844,1.085769496098637,-84.24340675127833,425.8924830656983,355446,-0.06953586160103659,5.441310945484386,43.61872126849085,0.9529854238500898,-81.0226989219741,533.3869148153632,355446,0.07550696510836948,4.142946787273014,58.07464424975946,1.0753319517365223,-84.3926351603208,424.3684546020096,mean_reversion,0.11680748380378306,0.18634334540481964,mean_reversion,0.07550696510836948,597,425,71.1892797319933,205,34.33835845896147,399,66.83417085427136,0.260995271528738,-0.04008846943056039,0.24301020376750454,316936,0.05270936121893961,1.0393778657675228,-0.05139439404952745,0.9635954791190061,0.03274091781513189,38510,0.6443328688868767,1.4146738790061355,-0.2188395271399911,0.892337856708529,0.42747009065834524,5040,0.023277762997974176,1.0190872994436653,-0.050980872912854795,0.9596584222970872,0.26821903137458525,311896,0.05318495325934305,1.0396761652942625,-0.05140107623374537,0.9636523318255947,0.028935772214227645,23,69.56521739130434,30.434782608695656,mean_reversion,True
3,btc,unit_beta,z3_abs050,negative_residual,288,564136,0.1251898354331234,8.526698829855729,47.3607427996086,1.0516362080628114,-91.96308328826662,1156.4051941980565,564136,0.2974347678068286,8.542705495268129,48.237481741991296,1.1272920226352445,-92.05668678234136,1141.7722297953158,564136,0.038733199534046366,7.736616421701214,46.508820568089966,1.0187405224449808,-91.96227142729376,1156.754849410815,continuation,0.2974347678068286,-0.1722449323737052,mean_reversion,0.038733199534046366,596,302,50.671140939597315,482,80.87248322147651,258,43.288590604026844,-0.032749002867959946,0.7275176561234412,-0.05517259802761037,497723,0.23963491057218475,1.1028219650078015,0.12716956664632006,1.0535830076862607,0.09381796558762769,66413,-0.7325028773405661,0.7658246061098547,1.5734636584940724,1.7631885398227205,-0.37409192528318336,8497,0.7729063366204769,1.5368314441046975,-0.6310194909473492,0.7033020179033733,0.5300090050716931,489226,0.2303729185539105,1.0981959567168897,0.14033798456027666,1.059025050723154,0.08624209009757589,26,73.07692307692307,46.15384615384615,mean_reversion,True
4,btc,rolling_beta,z4,negative_residual,288,261877,0.12330710287277091,9.117977874634173,48.822538825479135,1.0501428255296998,-91.96308328826662,1156.4051941980565,261877,0.3468442014727307,9.1258787466141,48.65528473290896,1.1474368136878226,-92.05668678234136,1141.7722297953158,261877,0.037294177991608085,8.301016869199119,46.51229393952123,1.0183422609096815,-91.9554288357207,1157.6622278588036,continuation,0.3468442014727307,-0.2235370985999598,mean_reversion,0.037294177991608085,596,301,50.50335570469799,459,77.01342281879195,269,45.13422818791946,-0.051890669596174804,0.8863518599688845,-0.04231358583675452,232213,0.2709738605602507,1.1178238356864614,0.11257036907332604,1.04750812859607,0.0986005437951245,29664,-1.032644245660222,0.7213663078518735,2.1807650969339947,1.9825959725980207,-0.4426186834678033,3677,0.6639385092325301,1.4014944989121128,-0.4667011176619595,0.7897200778810859,0.5466507932286955,228536,0.2646513073818982,1.1145568391774094,0.12189048168895616,1.0513891347969595,0.09139169806768004,26,57.692307692307686,53.84615384615385,mean_reversion,True
5,market_mom,rolling_beta,z3_abs050,negative_residual,288,418945,0.1156190322219106,9.555170405886114,47.11477640263042,1.0428342730892306,-91.96308328826662,1156.4051941980565,418945,0.4330466521537753,9.296791340300066,51.32368210624306,1.171583680971616,-92.05668678234136,1141.7722297953158,418945,0.6378381273455646,7.9457672954247816,49.028870138084955,1.4063588931776303,-91.92942865005062,1154.970107370261,continuation,0.4330466521537753,-0.3174276199318647,mean_reversion,0.6378381273455646,596,284,47.651006711409394,486,81.54362416107382,434,72.81879194630872,-0.03475751436938718,0.8151625014220606,0.46640146589695197,367317,0.214574991487198,1.0830037942805004,0.25545859885743977,1.1005232437419756,0.6750452683337373,51628,-0.5884215288970072,0.8324047909238576,1.696529858411045,1.7070199976126368,0.3731210086047125,6260,0.7184718348010601,1.4122787798104923,-0.48911630243670595,0.7895643925946161,-0.032281326348958195,361057,0.20583843676275063,1.079176886357051,0.26836802557427764,1.1054470155682379,0.6873088845569753,23,69.56521739130434,69.56521739130434,mean_reversion,False
6,btc,rolling_beta,z4,positive_residual,288,297128,0.44346692706106927,8.704966739696326,51.98500309630866,1.1840958359237732,-90.40110189782104,1035.8792241676304,297128,0.07140096857179458,9.471013185273364,45.659782989149456,1.0271133454131343,-91.21383702292668,939.7047535636324,297128,0.6093420835313241,7.737470109355983,57.823564255135835,1.3192466671771284,-89.88999533520507,1037.5352718342822,mean_reversion,0.44346692706106927,0.3720659584892747,mean_reversion,0.6093420835313241,596,498,83.55704697986577,245,41.10738255033557,543,91.10738255033557,0.9104024025960253,-0.05588809609602394,0.9836445351848875,262987,0.2784925153375658,1.1153738809693647,0.16146846408308882,1.0642688702533598,0.5344552010779823,34141,1.7142593940634692,1.7230477359824183,-0.6223859867613434,0.825454699163321,1.186193275814999,4309,-0.4385446244726475,0.8102669683974242,0.7055097884995988,1.399130334348111,-0.02205645002834289,258678,0.2904367588969031,1.1202371347089715,0.15240594594505322,1.0603636624352835,0.54372544711598,26,65.38461538461539,57.692307692307686,mean_reversion,False
7,btc,rolling_beta,z3_abs050,positive_residual,288,602265,0.42292141004538175,8.4802074449953,51.67708566826895,1.1733084179218551,-93.33188153795577,1035.8792241676304,602265,0.06169205984131578,9.302673965555545,46.71996546370784,1.0233152678639914,-91.21383702292668,1396.6770675440025,602265,0.580189745665408,7.380037011393897,57.20604717192598,1.3048133015476033,-93.32521008403361,1037.5352718342822,mean_reversion,0.42292141004538175,0.361229350204066,mean_reversion,0.580189745665408,595,521,87.56302521008404,249,41.84873949579832,556,93.4453781512605,0.8233472454601288,-0.051492928965606144,0.8929929100649889,533985,0.25410888048735536,1.103019352186919,0.17151475552168147,1.067527485260726,0.5090895325211754,68280,1.7431229126236338,1.7801444244454145,-0.7971783583320879,0.7706296911897093,1.136230274602474,8308,-0.5410996253833336,0.7593025038791668,0.7355299176249772,1.447205443950355,-0.16770244947521118,525677,0.26667665930737927,1.1079633150401569,0.1626008445711278,1.0636633455604694,0.5197858113890466,26,61.53846153846154,61.53846153846154,mean_reversion,False
8,market_mom,unit_beta,z3_abs050,negative_residual,288,459916,0.10082970943923532,9.150121710667445,44.53400186120944,1.0399606518411562,-91.96308328826662,1156.4051941980565,459916,0.394057052848172,9.048724765620472,48.09660894598144,1.1666312337635665,-92.05668678234136,1141.7722297953158,459916,0.5702518684576885,7.77057060029528,48.76564416110768,1.3555221582283317,-91.63033863411363,1155.6165677180024,continuation,0.394057052848172,-0.2932273434089367,mean_reversion,0.5702518684576885,597,280,46.901172529313236,479,80.23450586264657,431,72.19430485762145,-0.04291765103591765,0.7637894175773448,0.4096839202925895,398304,0.20749583071365035,1.0850107945955187,0.22406752341891312,1.0929373815389958,0.6243048650078812,61612,-0.5887363291260521,0.8073484796063071,1.492990856811547,1.72237534078845,0.22081466891981158,6905,0.6326084379454963,1.3901267147875986,-0.4406988565692796,0.7939498353877987,0.06338169532687617,391399,0.1999960605227812,1.081455801905697,0.23579522802167993,1.0976073453779291,0.6342005839204157,23,69.56521739130434,65.21739130434783,mean_reversion,False
9,btc,rolling_beta,z3_abs025,positive_residual,288,686806,0.3970968970389099,8.248852232966355,51.40345308573309,1.172452839658911,-93.33188153795577,1035.8792241676304,686806,0.027811262218190233,8.832158949288706,46.84001013386604,1.011096914467688,-91.21383702292668,1396.6770675440025,686806,0.5593843226476936,7.195774514964868,57.19708331027976,1.3160146699715747,-93.32521008403361,1037.5352718342822,mean_reversion,0.3970968970389099,0.36928563482071963,mean_reversion,0.5593843226476936,596,523,87.75167785234899,232,38.92617449664429,563,94.46308724832215,0.8016243199402266,-0.06534595957673113,0.8785074197995625,610144,0.23609813331107388,1.1013859163458228,0.1362113329125093,1.056670188075897,0.4920795753072065,76662,1.6784674547592524,1.8011099868206195,-0.8349323752255862,0.7487475731570961,1.0950550299252806,9279,-0.6240705464298378,0.7195656683080065,0.8014794048107317,1.5201227543530935,-0.21200093203682202,600865,0.24938149176815821,1.107016757803584,0.12593777322914707,1.0521071182230917,0.5029525052126674,26,65.38461538461539,61.53846153846154,mean_reversion,False
10,btc,rolling_beta,z3_abs025_vol15,positive_residual,288,593201,0.40072526696938476,8.33224208713174,51.67219879939515,1.1723400290411619,-93.33188153795577,1035.8792241676304,593201,0.04168302145999655,9.034941781234995,46.594156112346404,1.0164782684111076,-91.21383702292668,1396.6770675440025,593201,0.5573353107516837,7.3323644071377645,57.21955964335866,1.3079354021896803,-93.32521008403361,1037.5352718342822,mean_reversion,0.40072526696938476,0.35904224550938824,mean_reversion,0.5573353107516837,596,519,87.08053691275168,242,40.604026845637584,559,93.79194630872483,0.8192222014956436,-0.05946185246324607,0.8932769083303483,526503,0.2418057939828456,1.1030205489232703,0.14415457190825895,1.0594142665680875,0.4858859328758388,66698,1.655209348738434,1.7692004324518291,-0.7672104794794853,0.7706474695328831,1.1213449032397091,8195,-0.537484770754924,0.7585041513431015,0.7354445472616941,1.4553143785769285,-0.14540148578721626,518308,0.25412720553355683,1.108181494169422,0.13480564936023473,1.0552689441717449,0.49586725748580707,26,69.23076923076923,61.53846153846154,mean_reversion,False
11,market_mom,rolling_beta,z3_abs025,negative_residual,288,605700,0.029245904868179455,8.416447816242426,47.649826646854876,1.0120910061380468,-91.96308328826662,1156.4051941980565,605700,0.36720019914555974,8.327085782850943,50.54763084035001,1.1635911596003092,-92.05668678234136,1141.7722297953158,605700,0.5549172332622312,6.788281734450167,50.46788839359419,1.4370626521407972,-91.92942865005062,1154.970107370261,continuation,0.36720019914555974,-0.3379542942773803,mean_reversion,0.5549172332622312,597,262,43.88609715242881,504,84.42211055276383,456,76.38190954773869,-0.08841480616467753,0.7816660619084784,0.43067255020849154,536441,0.12646310850216255,1.0546265805340336,0.20867464124212828,1.0922529267856074,0.5862865986051008,69259,-0.7237435107257141,0.7754121368705953,1.595049414515042,1.7558975071582228,0.3119478904491045,8118,0.8422042204305322,1.561817769267985,-0.6746072550839622,0.6987832245259709,0.10370312038316572,528323,0.11546531672206858,1.049607344698494,0.22224679773422734,1.0982381058252377,0.5937017833996407,23,65.21739130434783,69.56521739130434,mean_reversion,False
12,btc,rolling_beta,z3,positive_residual,288,694782,0.39178903899111645,8.205613600056646,51.12956294204513,1.171670875259422,-93.33188153795577,1035.8792241676304,694782,0.026581403247294362,8.785186655479922,46.640097181561984,1.0107031207981898,-91.21383702292668,1396.6770675440025,694782,0.5537942058212801,7.1581613714013566,57.15303505272157,1.3158080070824631,-93.32521008403361,1037.5352718342822,mean_reversion,0.39178903899111645,0.3652076357438221,mean_reversion,0.5537942058212801,596,521,87.41610738255034,233,39.09395973154363,563,94.46308724832215,0.7979892975357638,-0.06402029378915806,0.8755510037978063,617532,0.23245662071232268,1.1007581762317906,0.1336913523325648,1.0561472021659095,0.4871523453332362,77250,1.6654831092117,1.7993882151692218,-0.8296492903258494,0.7487705545504795,1.0865253565125796,9379,-0.625264668321186,0.717197786562353,0.7989199555903836,1.5232619821235267,-0.2138897037661078,608153,0.2456844893076356,1.1064234115726606,0.12343212633194489,1.0515533204309206,0.4979638900900694,26,65.38461538461539,61.53846153846154,mean_reversion,False
13,btc,unit_beta,z4,positive_residual,288,304596,0.36731205996135113,8.61442547142368,49.25475055483329,1.1578516057395287,-90.40110189782104,1035.8792241676304,304596,0.12277682442494448,9.288018425443108,43.76452743962495,1.049306457742724,-91.21383702292668,939.7047535636324,304596,0.5520960606300034,7.820325904760391,56.82641925698302,1.288221603314844,-89.67844694434872,1041.3669785884417,mean_reversion,0.36731205996135113,0.24453523553640666,mean_reversion,0.5520960606300034,596,476,79.86577181208054,276,46.308724832214764,529,88.75838926174497,0.7783091342144273,0.02974804080663032,0.907931173098511,264987,0.2426995951185633,1.103908451742943,0.18006294800789363,1.0748205905822588,0.494638556927202,39609,1.2009782272792804,1.5294534263918877,-0.26047137749570254,0.9145592487971318,0.9364908076242239,4730,-0.4658011910265277,0.7791556729048763,0.6787607237169953,1.4330394079771476,-0.007830206870578992,260257,0.25557613145943486,1.1092288354575952,0.17099944355228214,1.0706070262920084,0.5037705966139873,26,69.23076923076923,57.692307692307686,mean_reversion,False
14,market_mom,rolling_beta,z3_abs025_vol15,negative_residual,288,529361,0.024301061849264543,8.565738204928454,47.61042086591192,1.00995058554351,-91.96308328826662,1156.4051941980565,529361,0.3872081941813103,8.412004498009688,50.60289669998357,1.1716312243969536,-92.05668678234136,1141.7722297953158,529361,0.549997255027128,6.989988575654993,50.36279589920678,1.4208443374931927,-91.92942865005062,1154.970107370261,continuation,0.3872081941813103,-0.36290713233204575,mean_reversion,0.549997255027128,597,256,42.88107202680067,512,85.76214405360135,449,75.20938023450586,-0.08791221208207206,0.797234489032286,0.42862062215185387,468379,0.11899309836109037,1.0510169190764684,0.22462014273061454,1.0990342408665719,0.5794659984162354,60982,-0.7029916043370266,0.7860073097755617,1.6359837172934648,1.7561984059168536,0.32365931006227916,7246,0.7879149288850599,1.506533626926619,-0.6039865967554408,0.730043372738462,0.06486638272140045,461133,0.10848201460873104,1.0462682409615884,0.23764043066124618,1.104752517914771,0.5875521445287986,23,60.86956521739131,69.56521739130434,mean_reversion,False
15,btc,unit_beta,z3_abs050,positive_residual,288,621045,0.3808733414837894,8.462942043856058,50.3433728634801,1.159723765265312,-93.33188153795577,1035.8792241676304,621045,0.0865807162635144,9.137326935665275,45.787503321015386,1.0338493088199143,-91.21383702292668,1396.6770675440025,621045,0.5468217379413948,7.533358289375549,56.24954713426563,1.2861634639345112,-93.34063825901418,1041.3669785884417,mean_reversion,0.3808733414837894,0.294292625220275,mean_reversion,0.5468217379413948,596,516,86.57718120805369,268,44.966442953020135,555,93.12080536912751,0.7308837209155341,0.0013146547605468475,0.8516370007255006,543963,0.2494854110601316,1.103500990844624,0.1643313759921698,1.0662186829119285,0.478359245415377,77082,1.308069999549797,1.5940695580957818,-0.46210097489627044,0.8507153996842836,1.0299573963562063,8550,-0.5214401846690935,0.7613846481504968,0.7066912648534253,1.4404903777527276,-0.1279466236396588,535413,0.26179630721596847,1.1084464779587315,0.1556704412562486,1.0623765475523752,0.48804133229115443,26,61.53846153846154,61.53846153846154,mean_reversion,False
16,market_mom,rolling_beta,z3,negative_residual,288,625507,0.023914497198873633,8.301760799848022,47.44455297862374,1.0100708074310458,-91.96308328826662,1156.4051941980565,625507,0.3568682279226804,8.214360811746927,50.209030434511526,1.1619660918740873,-92.05668678234136,1141.7722297953158,625507,0.5437142782206342,6.6883465713228265,50.624213637896936,1.4382809801631329,-91.92942865005062,1154.970107370261,continuation,0.3568682279226804,-0.3329537307238068,mean_reversion,0.5437142782206342,597,262,43.88609715242881,504,84.42211055276383,459,76.88442211055276,-0.09058747145823386,0.7792363347124142,0.42711753233222116,554925,0.11791621817265936,1.0519067167587866,0.20273438689423418,1.0914067856306995,0.5736078649075347,70582,-0.7151394402267863,0.7753937348018395,1.5686888299559265,1.7510405682372046,0.30868695408376695,8265,0.8349221259585141,1.564577412444409,-0.6733829474024039,0.6960865964716131,0.10729290354014934,546660,0.10707574360373144,1.0468873271935693,0.21598048093433558,1.0973775679058053,0.5806581212930411,23,65.21739130434783,69.56521739130434,mean_reversion,False
17,market_mom,rolling_beta,z4,negative_residual,288,257677,0.07628407203002334,9.519798744067673,47.363559805492926,1.0306583140001266,-91.96308328826662,1156.4051941980565,257677,0.41806533112120714,9.21502265565868,50.06733235795201,1.1811846235588541,-92.05668678234136,1141.7722297953158,257677,0.5429426395825484,7.828821761457646,50.367708410141375,1.397094310631284,-91.92942865005062,1154.970107370261,continuation,0.41806533112120714,-0.3417812590911838,mean_reversion,0.5429426395825484,597,273,45.7286432160804,479,80.23450586264657,441,73.86934673366834,-0.021940257981045645,0.8622982763528091,0.47099181035586624,226484,0.15943306023859702,1.0679035539941353,0.23082098210508523,1.1003005830150574,0.5563466363609548,31193,-0.5274384120346883,0.849589046169851,1.7775962881489877,1.755863787724621,0.4456198169505254,3645,0.6562144251535084,1.3889467170026029,-0.4423062263345125,0.8016034817730407,-0.08576534446305405,222839,0.15130715734406383,1.0641473867849887,0.24183139174954726,1.1050313621089738,0.5668497267989098,23,65.21739130434783,56.52173913043478,mean_reversion,False
18,btc,unit_beta,z3_abs025_vol15,positive_residual,288,595720,0.36238950209313037,8.25298317800201,51.4317128852481,1.1551404076201648,-93.33188153795577,1035.8792241676304,595720,0.08024504826600345,9.030494295787506,46.709863694353054,1.032023521733076,-91.21383702292668,1396.6770675440025,595720,0.5331714552249447,7.353880287110499,56.51379842879205,1.28877973118725,-93.34063825901418,1041.3669785884417,mean_reversion,0.36238950209313037,0.28214445382712694,mean_reversion,0.5331714552249447,596,509,85.40268456375838,267,44.79865771812081,560,93.95973154362416,0.7632763063064334,-0.0017128251946655446,0.8856269230127161,525056,0.2217913592354024,1.0943732521844942,0.1624131251875106,1.0673573108991106,0.4538489523748134,70664,1.4070784313400884,1.6310189028443276,-0.5302899029977073,0.8347343330581392,1.1225628858894767,8312,-0.5360649575802884,0.7560878340203621,0.7272277789970865,1.4570509848182958,-0.0826274645913763,516744,0.23398173146105414,1.0994565896034436,0.15332789264980307,1.063243414050627,0.4624783548987387,26,61.53846153846154,61.53846153846154,mean_reversion,False
19,market_mom,rolling_beta,z2,negative_residual,288,1915008,-0.027121800828744665,7.402540870798709,47.71933067642537,0.987957192692295,-91.96308328826662,889.1235442829288,1915008,0.3143866285012892,7.364556440862418,50.08678814918789,1.1510625636786915,-89.91023917740884,1141.7722297953158,1915008,0.5311460710642112,5.79173123490801,51.156914226990175,1.4829828631331308,-91.92942865005062,895.3723588809049,continuation,0.3143866285012892,-0.34150842933003384,mean_reversion,0.5311460710642112,597,223,37.3534338358459,539,90.28475711892797,488,81.74204355108878,-0.1042528933931202,0.6605457758061989,0.4290545796329758,1707862,0.05406450555926468,1.0248032492426435,0.19784227467728055,1.0941599903706951,0.5617732481062103,207146,-0.6964806472483647,0.7555247968008683,1.2752628858781145,1.6653778951374685,0.2786333899730828,24352,0.9162204856818441,1.7041249614599354,-0.8085723380522385,0.6225767875030352,0.24636322017289988,1683510,0.0415934050443019,1.01897126334704,0.2124000786993468,1.101117248301544,0.5663356593780361,23,65.21739130434783,60.86956521739131,mean_reversion,False
20,market_mom,unit_beta,z3_abs025_vol15,negative_residual,288,528874,0.03050192862120606,8.579948227749293,47.59564660013538,1.012416259691516,-91.96308328826662,1156.4051941980565,528874,0.3870455931682655,8.444188562691368,50.512598463906336,1.170175470314092,-92.05668678234136,1141.7722297953158,528874,0.5242966986116959,7.086441168396475,49.894870990065684,1.3817607908988356,-91.63033863411363,1155.6165677180024,continuation,0.3870455931682655,-0.35654366454705944,mean_reversion,0.5242966986116959,597,261,43.71859296482412,511,85.59463986599665,434,72.69681742043551,-0.08725063351837634,0.8008406000419026,0.3839359242913292,466902,0.13563948920655525,1.0578257419652102,0.2163123029847461,1.0943835082385278,0.5731614016191451,61972,-0.7616128540616304,0.7686850219042723,1.6733638442052754,1.7808880954875832,0.15614612151907098,7391,0.7874165812392175,1.5097333990841262,-0.6123942087426232,0.7249752751386612,0.15295354581441106,459511,0.12515598720722687,1.0530649964733751,0.22964162443336658,1.100153690669233,0.5799202305965864,23,65.21739130434783,69.56521739130434,mean_reversion,False
21,market_mom,unit_beta,z3_abs025,negative_residual,288,635464,0.02488238559210938,8.186890837847375,45.2127893948359,1.0108025523652135,-91.96308328826662,1156.4051941980565,635464,0.3427563908124548,8.12255357079468,47.873050243601526,1.16012213207589,-92.05668678234136,1141.7722297953158,635464,0.5195778382641523,6.769948405779382,50.12447597346191,1.389338589729626,-91.63033863411363,1155.6165677180024,continuation,0.3427563908124548,-0.3178740052203454,mean_reversion,0.5195778382641523,597,256,42.88107202680067,505,84.5896147403685,443,74.20435510887772,-0.09857800173596366,0.7484942864537933,0.37866527721024185,555903,0.12651055670537273,1.0568167196578122,0.18984430087169596,1.0869875802414628,0.5634872997262056,79561,-0.6852067938598383,0.7586919813174823,1.4111729458373785,1.7635074630702625,0.21277675035499954,9067,0.7458860223005087,1.5524354179752624,-0.6218105997581852,0.6915826491557417,0.09475604067696991,546836,0.11624079146213512,1.051865989409113,0.2033022205843906,1.0930365198990937,0.571259257545002,23,69.56521739130434,65.21739130434783,mean_reversion,False
22,market_mom,unit_beta,z3,negative_residual,288,645548,0.021202123084625955,8.135349452074479,45.24651923636972,1.0092680867943362,-91.96308328826662,1156.4051941980565,645548,0.33955932010788353,8.071240051145498,47.85778904124867,1.159805339290983,-92.05668678234136,1141.7722297953158,645548,0.5157160499641659,6.7213268195871905,50.21532093663058,1.3907347944708168,-91.63033863411363,1155.6165677180024,continuation,0.33955932010788353,-0.3183571970232576,mean_reversion,0.5157160499641659,597,253,42.3785594639866,506,84.7571189279732,445,74.5393634840871,-0.10170764600835905,0.7484486071020011,0.37549864591886867,565197,0.1208783185035738,1.0546546077770789,0.18909077087233364,1.087324845001748,0.5585903954656447,80351,-0.6799302414435447,0.7590643439319559,1.3979702001502605,1.759906473065869,0.21413359978433727,9093,0.745479463546142,1.5531580569412122,-0.6222076522726545,0.6910258698057102,0.09416166703372406,556104,0.11066530401011203,1.0497192476489576,0.20235652073505225,1.0933443115372936,0.5661843894445252,23,65.21739130434783,65.21739130434783,mean_reversion,False
23,market_mom,unit_beta,z2,negative_residual,288,2010604,-0.02470453635319677,7.259691709230209,45.4868785698228,0.98852684585779,-91.96308328826662,889.1235442829288,2010604,0.29192239364996264,7.1847343494547005,47.71392079196102,1.1463999032143188,-89.91023917740884,1141.7722297953158,2010604,0.5122946074493805,5.840383381914901,50.78881768861496,1.437612201001047,-91.63033863411363,897.694016114479,continuation,0.29192239364996264,-0.3166269300031594,mean_reversion,0.5122946074493805,597,231,38.69346733668342,534,89.44723618090453,478,80.06700167504188,-0.1067592569475103,0.6320780124278146,0.38496886573154604,1780169,0.05227437199977851,1.0249035676950202,0.18421308114862422,1.0909344365639642,0.5468050880364481,230435,-0.619386187594578,0.7591592797653298,1.124004235063791,1.642818124000128,0.245692365098173,27512,0.8274552388867324,1.7104146406392087,-0.7539341210322461,0.6107282391533574,0.22967222469179413,1752657,0.04010611773793842,1.0189740254597626,0.19893946847164287,1.0981362523180336,0.5517832208578376,23,65.21739130434783,60.86956521739131,mean_reversion,False
24,btc,unit_beta,z3_abs025,positive_residual,288,716829,0.3450062934981331,8.030441288732927,48.92854502259256,1.1561389520440701,-93.33188153795577,1035.8792241676304,716829,0.0520054777943661,8.61056805726721,44.83719269170193,1.0218748828095718,-91.21383702292668,1396.6770675440025,716829,0.5119918708837782,7.134722921265544,56.10612851879598,1.2898033813287326,-93.34063825901418,1041.3669785884417,mean_reversion,0.3450062934981331,0.293000815703767,mean_reversion,0.5119918708837782,596,522,87.58389261744966,260,43.624161073825505,564,94.63087248322148,0.710720935223447,-0.024130295104781544,0.8269133771962234,628262,0.22007951755477814,1.0982997001614196,0.13043262204329442,1.0565339856930325,0.4511811251058649,88567,1.23119128460909,1.6149473530081422,-0.5043280832398825,0.8246270886132971,0.9433611253908015,10189,-0.580153910693049,0.7141998701272639,0.723329400189705,1.5151267251942953,-0.17715875525855734,618073,0.23327145184153258,1.1040319045080287,0.12065865477319242,1.0519623529967825,0.46153937573488946,26,65.38461538461539,61.53846153846154,mean_reversion,False
25,btc,unit_beta,z3,positive_residual,288,724820,0.3410320005581786,7.987646504228014,48.56805827653762,1.1558013351310814,-93.33188153795577,1035.8792241676304,724820,0.04963570103981373,8.564358427436035,44.51201677657901,1.0210711141657869,-91.21383702292668,1396.6770675440025,724820,0.5089391512171133,7.097987354138502,56.09709996964764,1.2902482393187653,-93.34063825901418,1041.3669785884417,mean_reversion,0.3410320005581786,0.2913962995183649,mean_reversion,0.5089391512171133,596,521,87.41610738255034,257,43.12080536912752,563,94.46308724832215,0.7073931622572243,-0.02675885540865826,0.8240792456001326,635147,0.21755184000138872,1.0980643810878201,0.12724883103150275,1.0556447838935483,0.44931637264912766,89673,1.2156325329052988,1.614125293255442,-0.5000921621389738,0.8241023553867971,0.9312427313261773,10556,-0.5667988264586291,0.7118360232585808,0.6981960610709198,1.5135773964592352,-0.1323900904613327,624591,0.23080788377267597,1.1038407405038428,0.11759944613755446,1.0510751529573568,0.45914759568083047,26,65.38461538461539,61.53846153846154,mean_reversion,False
26,market_mom,unit_beta,z4,negative_residual,288,260242,0.06328907723094258,9.311991907777497,45.41042568071257,1.0260717186697317,-91.49160933922144,1156.4051941980565,260242,0.4135020412632915,9.091497401855216,47.97496176635593,1.184060707806776,-92.05668678234136,1072.9621245312203,260242,0.489243460699946,7.859780977816448,49.75791763051314,1.3331546009555835,-91.17670252411394,1155.6165677180024,continuation,0.4135020412632915,-0.3502129640323489,mean_reversion,0.489243460699946,597,280,46.901172529313236,471,78.89447236180905,405,67.8391959798995,-0.07333436182458831,0.8632706065134939,0.37250255852928216,224720,0.17299825787822243,1.0746636162524439,0.21621304080927722,1.094745864223508,0.5271787321713299,35522,-0.6307553762079625,0.7982432742671324,1.661595734806055,1.8217159189435637,0.24925657355819084,3967,0.6243150030632348,1.4160233443782493,-0.4546058948410388,0.7764979200948914,-0.19168311163415555,220753,0.16488795573895884,1.070715588755832,0.2282678655125645,1.0998333789514068,0.5400969028615423,23,65.21739130434783,52.17391304347826,mean_reversion,False
27,btc,rolling_beta,z2,positive_residual,288,2018234,0.3523243520795984,7.3614969280174565,50.60364655436386,1.1666282410908826,-93.33188153795577,1035.8792241676304,2018234,-0.044816076983805346,7.68097612737877,47.261070817358146,0.9806718310850805,-91.21383702292668,1396.6770675440025,2018234,0.47465044559558645,6.247460046664449,56.42081146190184,1.2990866935038021,-93.32521008403361,1037.5352718342822,mean_reversion,0.3523243520795984,0.39714042906340374,mean_reversion,0.47465044559558645,596,552,92.61744966442953,201,33.7248322147651,576,96.64429530201342,0.6873483537489485,-0.11037089437226931,0.7430985992979066,1799583,0.23292466654545946,1.108958868616916,0.04032452819318114,1.0179561454803394,0.4312367299163825,218651,1.335030327778681,1.6943542732315804,-0.7455564609116945,0.7446076066834892,0.8319622562121743,26023,-0.7881588392075973,0.6284163575696954,0.8896655724514644,1.679491609129207,-0.41408338477330775,1773560,0.2479067681209416,1.1159540330500322,0.027862360578477813,1.0123314098218925,0.4436398994424042,26,65.38461538461539,57.692307692307686,mean_reversion,False
28,btc,unit_beta,z2,positive_residual,288,2119193,0.3149388054902207,7.249300202030229,48.19315654591158,1.1546480916477992,-93.33188153795577,1035.8792241676304,2119193,-0.025389481494275893,7.562218028365152,45.27614993065757,0.9885277520651852,-91.21383702292668,1396.6770675440025,2119193,0.45081718453199643,6.304543397846275,55.555487395437794,1.2820153307765116,-93.34063825901418,1041.3669785884417,mean_reversion,0.3149388054902207,0.3403282869844966,mean_reversion,0.45081718453199643,596,544,91.2751677852349,210,35.23489932885906,580,97.31543624161074,0.6330046893265597,-0.08414042495038117,0.7247680048438095,1875297,0.2119905495968806,1.1025002080390136,0.04729848609201071,1.0218819582632466,0.40159358421316615,243896,1.1064997799712022,1.6172337142083224,-0.5842814992012512,0.7761214716396327,0.8292935433369851,29814,-0.6995511839780999,0.6264082544796673,0.7640150732329865,1.6558568080268736,-0.2638402288236123,1845483,0.2267166160222034,1.1094531427117649,0.03571984335782074,1.0164030863370879,0.41234374755895625,26,57.692307692307686,57.692307692307686,mean_reversion,False
29,market_mom,rolling_beta,z2,positive_residual,288,2016773,0.3618221839029684,7.3773504527457865,50.84984775182928,1.1731680807904343,-93.33188153795577,1035.8792241676304,2016773,-0.057440533030749745,7.683269277107414,46.98486145937098,0.9750951457103225,-91.21383702292668,1396.6770675440025,2016773,-0.22838980641877296,5.472000389467883,50.845881018835534,0.8461698241860829,-93.30047091933625,1032.709384051186,mean_reversion,0.3618221839029684,0.41926271693371814,continuation,0.22838980641877296,597,553,92.62981574539363,189,31.65829145728643,292,48.91122278056952,0.6906535875850385,-0.11529124391074001,0.15312503430549104,1801309,0.25250806857970026,1.1198571411060505,0.016656927955827783,1.007444115288271,-0.28813224413035177,215464,1.2757033879966464,1.6559972273279044,-0.6769056100379119,0.7650935378582103,0.271065279961346,25793,-0.7869834805175571,0.6318793189016038,0.8920233669667422,1.673195945393254,0.03613349278127308,1775516,0.26760880860449643,1.1270522032235106,0.003940440714142264,1.0017506431264158,-0.29284286693080025,23,69.56521739130434,56.52173913043478,continuation,False
30,btc,rolling_beta,z3_abs050,positive_residual,72,602561,0.07969637521811417,4.968624888492881,51.20029341427673,1.0569385944255616,-84.24340675127833,425.8924830656983,602561,-0.04721866307774811,5.093658711197297,45.67421389701624,0.9679870688988622,-81.0226989219741,533.3869148153632,602561,0.21991762151078098,4.392080273287875,56.36640937598019,1.200637099829686,-84.164728521157,425.85575958470906,mean_reversion,0.07969637521811417,0.12691503829586226,mean_reversion,0.21991762151078098,595,420,70.58823529411765,208,34.95798319327731,543,91.26050420168067,0.22273568207001523,-0.06879923033125643,0.3434962140316307,533985,0.010074140965846846,1.0072650718514602,-0.013713342713080775,0.9902922348553249,0.1708450119297508,68576,0.6218281524754196,1.4142214759199927,-0.30811662293144104,0.8428504051177079,0.602034359540507,8308,-0.1269537766417782,0.9015551007027068,0.08910138449855884,1.0749981669000974,0.052934586250983504,525677,0.012239782489984589,1.008817092821691,-0.015338265914351324,0.9891691533205818,0.17270851331280376,26,57.692307692307686,38.46153846153847,mean_reversion,False
31,market_mom,unit_beta,z2,positive_residual,288,2134549,0.3355203664367272,7.248220496282684,48.36084812295243,1.16787855730534,-93.33188153795577,1359.2605330391261,2134549,-0.05352135461880403,7.512940564584863,44.800236490237516,0.9756733590922184,-93.16090597953503,1396.6770675440025,2134549,-0.21037417057043092,5.52300524511897,50.866014319652535,0.862799262648009,-93.31287506465861,1318.504298112236,mean_reversion,0.3355203664367272,0.38904172105553125,continuation,0.21037417057043092,597,547,91.62479061976549,196,32.83082077051926,305,51.08877721943048,0.6500667962191573,-0.10726743375098785,0.16885862732713605,1892565,0.23576555588861292,1.1163325425658668,0.015068132816152864,1.0070119984103907,-0.27023843166088374,241984,1.1157060936955172,1.6271127213883507,-0.5899620419673028,0.7731434292225359,0.25782622817763673,30511,-0.6890389133494176,0.626008974843564,0.7502659967223385,1.654731259908924,0.08112610509695092,1862054,0.25091909556088976,1.1236255031524724,0.00302142416772397,1.0013953567197709,-0.2759957745634085,23,69.56521739130434,56.52173913043478,continuation,False
32,btc,rolling_beta,z3_abs025,positive_residual,72,687104,0.07119529543993468,4.857851461492902,50.79842352831594,1.0543235968651987,-84.24340675127833,832.5110309691635,687104,-0.06020042743113156,4.828406983740883,45.70763668964233,0.9565549200017766,-89.29769230135958,533.3869148153632,687104,0.20930583205103115,4.313085978775671,56.264844914307005,1.206870530528927,-84.164728521157,834.4900972993621,mean_reversion,0.07119529543993468,0.13139572287106624,mean_reversion,0.20930583205103115,596,423,70.97315436241611,192,32.214765100671144,547,91.77852348993288,0.2164417952707495,-0.07401149816136932,0.33543912692359384,610144,0.006248294557500676,1.0048127568912135,-0.027405914164077262,0.9793386895295376,0.16398766576887402,76960,0.5860994392342672,1.416236108602056,-0.32019751036789823,0.8274104200488487,0.5685912692659552,9279,-0.15805567975780244,0.8728448320514992,0.10860444016382648,1.0975945649103491,0.024670706929869543,600865,0.00878559757510312,1.0067626723728207,-0.029506286257323846,0.9778104066971969,0.16613910088502676,26,50.0,38.46153846153847,mean_reversion,False
33,btc,rolling_beta,z3,positive_residual,72,695081,0.06938924232685384,4.831104264826608,50.51627076556545,1.0534323398950034,-84.24340675127833,832.5110309691635,695081,-0.0606767930914294,4.802491449752274,45.481749609038374,0.9558069424200628,-89.29769230135958,533.3869148153632,695081,0.20709056694992112,4.289140844362387,56.25545799698165,1.206715355788142,-84.164728521157,834.4900972993621,mean_reversion,0.06938924232685384,0.13006603541828324,mean_reversion,0.20709056694992112,596,422,70.80536912751678,189,31.711409395973153,546,91.61073825503355,0.21539286957710346,-0.07367231857683432,0.33440749293430594,617532,0.005135027735114999,1.0039931493216117,-0.02828402050149609,0.9784734745840692,0.16222899610380861,77549,0.5810532695259886,1.4151580264724937,-0.3186243313318542,0.8271583719535966,0.564328643104888,9379,-0.15998494194726975,0.8703593361634848,0.10897711421981886,1.0988511669683771,0.02316235809732658,608153,0.007681525402069014,1.0059696658907935,-0.030400876264028206,0.9769196595938926,0.16437369652929826,26,50.0,38.46153846153847,mean_reversion,False
34,btc,rolling_beta,z3_abs025_vol15,positive_residual,72,593465,0.06496613728036747,4.917586705235713,51.17016167760525,1.0487284479500851,-84.24340675127833,832.5110309691635,593465,-0.047959144553902266,4.940809100207988,45.37386366508556,0.9658268536425397,-89.29769230135958,533.3869148153632,593465,0.2059380598576836,4.425896041701637,56.53560024601282,1.1972220687727197,-84.164728521157,834.4900972993621,mean_reversion,0.06496613728036747,0.11292528183426974,mean_reversion,0.2059380598576836,596,402,67.4496644295302,213,35.738255033557046,535,89.76510067114094,0.21074003542252648,-0.0584311223357326,0.3343970881304947,526503,0.006738410098445452,1.0051143510181981,-0.02196614454647398,0.983676344611158,0.16468017690796022,66962,0.522794055270623,1.3589372421873611,-0.25233464831590147,0.864154332769866,0.5303369599305353,8195,-0.12491662630833054,0.9010018064800073,0.08498012840059575,1.0732351698053906,0.04326764037354513,518308,0.008820016061219571,1.006689783381079,-0.023657078714577184,0.9824579548720775,0.16659983806869758,26,57.692307692307686,42.30769230769231,mean_reversion,False
35,market_mom,rolling_beta,z3_abs050,negative_residual,72,419270,0.007418091623209752,5.354978334764106,47.8464950986238,1.0050333232777855,-85.5924838528486,634.0210748197492,419270,0.058017397711071575,5.756311623502735,49.04119064087581,1.039950276554647,-86.40363290896089,592.6953878709762,419270,0.18344826198259293,4.330041775617785,48.7814534786653,1.1941463961637535,-83.36660222649172,650.7593779122416,continuation,0.058017397711071575,-0.050599306087861826,mean_reversion,0.18344826198259293,596,277,46.47651006711409,359,60.23489932885906,424,71.14093959731544,-0.018008731019650153,0.1893571196194066,0.16162939057178394,367317,0.03680061908246822,1.0262633330523179,-0.029821550425741097,0.9791735577745705,0.1905682284956974,51953,-0.20032163156414107,0.8991810870437551,0.6790544680009409,1.4254748290690729,0.13310882557480103,6260,0.015269607584573373,1.0131018773228562,-0.05498273236267691,0.9546963605816787,-0.12985019437185844,361057,0.03717392338615661,1.0264525789431782,-0.029385306289980775,0.9795323079556613,0.19612363755064138,23,43.47826086956522,43.47826086956522,mean_reversion,False
36,market_mom,rolling_beta,z3_abs025,positive_residual,288,730300,0.4295686920665496,8.187687066082635,51.97631110502533,1.1892417028400115,-93.33188153795577,1035.8792241676304,730300,-0.012493159700868681,8.7542196823283,46.27262768725181,0.9950268146436233,-91.21383702292668,1396.6770675440025,730300,-0.1823562436900923,6.364116896878012,52.86019444064083,0.8921733841130907,-93.30047091933625,1032.709384051186,mean_reversion,0.4295686920665496,0.44206185176741825,continuation,0.1823562436900923,597,527,88.2747068676717,224,37.52093802345058,314,52.596314907872696,0.8095437698555712,-0.08758037978586602,0.2662518336069343,651898,0.28699936568558065,1.1253429518207951,0.07748919984197736,1.032003579460624,-0.262843979523368,78402,1.6150060371483186,1.7670049502488387,-0.7606796883769503,0.7671912194127554,0.48688426056031925,9944,-0.6513868285065679,0.708670741499228,0.8232303676762411,1.5384480416681365,0.23076734356017323,641954,0.30153516157601323,1.131643343573318,0.06593751518397391,1.0270780643791433,-0.27049012083059987,23,69.56521739130434,65.21739130434783,continuation,False
37,market_mom,rolling_beta,z3,positive_residual,288,750849,0.4197755682608668,8.093096141177265,51.64913318123884,1.1879570713909908,-93.33188153795577,1035.8792241676304,750849,-0.01677053130699542,8.6498566415932,46.125918793259366,0.9932156657065421,-91.21383702292668,1396.6770675440025,750849,-0.18187693033220495,6.282984415000521,52.714593746545575,0.8903995518581653,-93.30047091933625,1032.709384051186,mean_reversion,0.4197755682608668,0.4365460995678622,continuation,0.18187693033220495,597,529,88.60971524288107,222,37.185929648241206,314,52.596314907872696,0.8066350563522698,-0.0894307489245838,0.2660089617213935,671108,0.28017369696196315,1.1244698011374994,0.07099080194102894,1.0298105782670612,-0.26032433462362065,79741,1.594678474465509,1.7646807517024932,-0.7553784348122832,0.7664297957269599,0.47834404255756785,10092,-0.6510941677119017,0.7062408845740678,0.8179654138687494,1.5411255528893466,0.22221502896331236,661016,0.2943917420475414,1.1307556908420864,0.059586436867302243,1.0248828818787374,-0.2676914592580005,23,69.56521739130434,65.21739130434783,continuation,False
38,btc,unit_beta,z3_abs025_vol15,positive_residual,72,596058,0.03786537829581044,4.937339249861807,50.83817346634052,1.0280801912201472,-84.24340675127833,832.5110309691635,596058,-0.01423607919503857,5.044013278988148,45.5395280325069,0.9897589133840803,-89.29769230135958,533.3869148153632,596058,0.17871682800652153,4.49428913368559,55.76000993191938,1.1656668229576534,-84.19328262086803,837.8427981228475,mean_reversion,0.03786537829581044,0.052101457490849004,mean_reversion,0.17871682800652153,596,367,61.577181208053695,254,42.61744966442953,505,84.73154362416108,0.17291868630432217,-0.011784925791034347,0.29931764518917614,525056,-0.00996769296850283,0.9924735653354384,-0.005319658358988869,0.99601907028636,0.14613486550428992,71002,0.39158838702451215,1.2564760913769084,-0.08017253532997724,0.9551610392862308,0.4196587015251797,8312,-0.14052838190143327,0.8879998113191852,0.0967454107278284,1.0848394064162958,0.043417095593380466,516744,-0.007867580637424928,0.9940643450013457,-0.006961409118068078,0.9948027362675994,0.14778711517433835,26,53.84615384615385,38.46153846153847,mean_reversion,False
39,btc,unit_beta,z3_abs050,positive_residual,72,621429,0.03415778743509286,5.008959564221693,49.67968987607595,1.0247479029247852,-84.24340675127833,832.5110309691635,621429,-0.0040746730783359645,5.095547340445703,44.91856672282755,0.9971177129564802,-89.29769230135958,533.3869148153632,621429,0.17398096189505477,4.5487575202646395,55.25603085790976,1.155380141129638,-84.19328262086803,837.8427981228475,mean_reversion,0.03415778743509286,0.03823246051342882,mean_reversion,0.17398096189505477,596,360,60.40268456375839,267,44.79865771812081,508,85.23489932885906,0.1520595590695736,-0.006304302182916209,0.27954165767766653,543963,-0.008233304725587634,0.9939641253533985,0.0020588514834180885,1.0015006172736052,0.14589535436309195,77466,0.33182625702175367,1.2221415389967762,-0.04714402506740748,0.9723730299216707,0.37119691895891743,8550,-0.13856203842986375,0.8905403290273203,0.09711678894203553,1.0841766199778493,0.05016699904736281,535413,-0.006152087659189231,0.9954950538118125,0.0005408730905303931,1.0003932224862429,0.14742403864597142,26,53.84615384615385,34.61538461538461,mean_reversion,False
40,btc,unit_beta,z4,positive_residual,72,304733,0.012973283151358664,5.269097117635733,48.79845635359479,1.0091949969670748,-84.24340675127833,519.3213391707321,304733,0.05159184041172111,5.61981505512978,42.701315577899344,1.0363423461019368,-83.88555446971746,533.3869148153632,304733,0.16984471613506907,4.877203748648116,56.16227976622158,1.1438860107805873,-84.19328262086803,531.1973817860105,continuation,0.05159184041172111,-0.038618557260362445,mean_reversion,0.16984471613506907,596,311,52.18120805369127,321,53.85906040268456,437,73.32214765100672,0.15227504157324553,0.08193100622902548,0.2965493582561226,264987,-0.017790318564932774,0.9870377800417186,0.03022007597551498,1.0220786818464327,0.15561180943869263,39746,0.2180745393279529,1.1308080673286867,0.19407761867008588,1.1103525376342163,0.26473565476418226,4730,-0.015094008379634594,0.9872751206039349,0.011481367815277652,1.0098473575318256,0.24305520949803516,260257,-0.01783932223121823,0.9870340612040875,0.03056063968599316,1.022267531311106,0.15402258308827477,26,50.0,50.0,mean_reversion,False
41,market_mom,rolling_beta,z3_abs025_vol15,positive_residual,288,635846,0.44282503078242796,8.25467407336604,52.17694221556792,1.1938134524968977,-93.33188153795577,1035.8792241676304,635846,-0.010017224711037881,8.951617014621801,46.07483573066434,0.9960502475549319,-91.21383702292668,1396.6770675440025,635846,-0.1663386143338571,6.508723278705984,53.15941281379453,0.9036339997479192,-93.30047091933625,1032.709384051186,mean_reversion,0.44282503078242796,0.45284225549346585,continuation,0.1663386143338571,597,524,87.77219430485762,223,37.3534338358459,316,52.93132328308208,0.8331529155329104,-0.08603760070218701,0.29130842988033273,567710,0.2956268759038594,1.1284269794258461,0.0798649033600718,1.032729031439417,-0.25061360845576486,68136,1.66928188921427,1.7792107972600482,-0.7589162344452411,0.7724982891362466,0.5358416855509059,8878,-0.5567760494555575,0.7483410172381714,0.7424863948766304,1.4670836905999425,0.30395167032402276,558832,0.3091687510494149,1.134226980043779,0.06933803016439932,1.0282585834772868,-0.2594238243077686,23,73.91304347826086,65.21739130434783,continuation,False
42,market_mom,unit_beta,z3,positive_residual,288,781727,0.3892269821605411,7.877308853711893,49.43042775802806,1.1809273398331641,-93.33188153795577,1035.8792241676304,781727,-0.009933178317151094,8.505862913399515,44.22375074674407,0.995814161287203,-91.21383702292668,1396.6770675440025,781727,-0.16389430799339189,6.188537202351464,52.624381657535174,0.9035270053455295,-93.31287506465861,995.2176347001085,mean_reversion,0.3892269821605411,0.39916016047769215,continuation,0.16389430799339189,597,527,88.2747068676717,230,38.52596314907873,322,53.93634840871022,0.7450346129409016,-0.07923105221606105,0.26442930501976286,692401,0.26393858015102933,1.121114260221772,0.06796191869790442,1.0295048896522945,-0.2393133651266573,89326,1.360386721091965,1.7032128278393288,-0.6137287481212547,0.7892983894613539,0.4207085016939316,11902,-0.5773108826562215,0.6937272809215864,0.6789406972596264,1.528506007130563,0.23654966974756841,680499,0.278652122869434,1.1275646061789715,0.05727583477648552,1.0246747729467884,-0.2476362602978078,23,69.56521739130434,65.21739130434783,continuation,False
43,market_mom,unit_beta,z3_abs025,positive_residual,288,770698,0.39146543420197694,7.921634620511457,49.462175845791734,1.1806944832084545,-93.33188153795577,1035.8792241676304,770698,-0.005688064179468567,8.556283925695984,44.20317686045637,0.9976177833390221,-91.21383702292668,1396.6770675440025,770698,-0.16305844720445342,6.229613379171002,52.71935310588584,0.9048658438496413,-93.31287506465861,995.2176347001085,mean_reversion,0.39146543420197694,0.3971534983814455,continuation,0.16305844720445342,597,527,88.2747068676717,232,38.860971524288104,321,53.768844221105525,0.74422959299089,-0.07533824429727731,0.263422880705885,682221,0.2648592627644063,1.120653581909375,0.07317436013858004,1.0315711223264181,-0.23968960128954597,88477,1.3676896380550825,1.7032808688989156,-0.6137738037579271,0.7903158682614717,0.4278226017809989,11798,-0.5802397099812876,0.6943468070670311,0.6844300758924803,1.5289058059049723,0.22760934690589998,670423,0.2797311834479953,1.1271257985073537,0.0624175768324217,1.0267223978507207,-0.24791305572176203,23,69.56521739130434,65.21739130434783,continuation,False
44,btc,unit_beta,z3_abs025,positive_residual,72,717228,0.025239377133759545,4.713905055751937,48.16599463489992,1.0198735867797935,-84.24340675127833,832.5110309691635,717228,-0.021334553004728234,4.790234778607898,43.88716001048481,0.9836584602601582,-89.29769230135958,533.3869148153632,717228,0.1627723847590495,4.271573316269302,55.2156357532054,1.1584261036376535,-84.19328262086803,837.8427981228475,mean_reversion,0.025239377133759545,0.046573930138487776,mean_reversion,0.1627723847590495,596,361,60.57046979865772,243,40.77181208053691,513,86.0738255033557,0.14619311534761517,-0.01710516236811697,0.2716119330890558,628262,-0.014784610433043166,0.9882410165544321,-0.013100346405585207,0.9896664874364508,0.1372000116049989,88966,0.30788162784408235,1.2264453046997352,-0.07948304913123524,0.9494508435185319,0.3433599159789556,10189,-0.17780118905279174,0.8453781116503076,0.11376678115996978,1.1129175363338057,0.023324851454162403,618073,-0.012097264570084238,0.9903919340466465,-0.015191764672950777,0.9880571965532137,0.13907725588969805,26,53.84615384615385,34.61538461538461,mean_reversion,False
45,btc,unit_beta,z3,positive_residual,72,725221,0.02418386175380025,4.6883911490969234,47.803772918875765,1.019222062233959,-84.24340675127833,832.5110309691635,725221,-0.022476442184170907,4.764282962402575,43.55417176281437,0.9826248331759201,-89.29769230135958,533.3869148153632,725221,0.16138003767261602,4.248915870239844,55.20303466115846,1.1583686874938894,-84.19328262086803,837.8427981228475,mean_reversion,0.02418386175380025,0.04666030393797116,mean_reversion,0.16138003767261602,596,359,60.23489932885906,244,40.939597315436245,514,86.24161073825503,0.14510902674103493,-0.01790250876174415,0.27016248541792043,635149,-0.01537865757336829,0.9876562678417286,-0.014320764785985847,0.9886028689077967,0.13650006161474088,90072,0.30316173043809475,1.2254657992685982,-0.07998677107416866,0.9485619702300044,0.3368229268410958,10556,-0.17612444537539862,0.8419895330548982,0.10738114895062312,1.1100162297427913,0.0326956885659213,624593,-0.012661956399902963,0.9898548974155309,-0.016377600839869947,0.9870149289093249,0.13825441839091887,26,53.84615384615385,34.61538461538461,mean_reversion,False
46,market_mom,rolling_beta,z3_abs025,negative_residual,72,606071,-0.024657238037098444,4.685624204681235,48.15112420821983,0.9809000927825107,-85.5924838528486,634.0210748197492,606071,0.03186929422165741,5.087969851263435,48.11795977698983,1.0251041607995632,-86.40363290896089,592.6953878709762,606071,0.16070625418343557,3.671577769048295,49.87534463783946,1.212932762542828,-83.36660222649172,650.7593779122416,continuation,0.03186929422165741,-0.056526532258755854,mean_reversion,0.16070625418343557,597,242,40.53601340033501,356,59.63149078726968,444,74.37185929648241,-0.034661085969398917,0.171390586866205,0.15685390176943845,536442,0.009272337607578394,1.0075671229315353,-0.048839286537832705,0.9610638385708781,0.1675681925332306,69629,-0.28606052428250994,0.8407665866898794,0.6536715961329639,1.471581979394765,0.10783989200329744,8119,0.08338653487209079,1.082538034213931,-0.15225271164178364,0.8665582861822357,-0.05816059762159286,528323,0.008133388200510058,1.0066197753142514,-0.0472500814522714,0.9623830511355803,0.1710370781340224,23,47.82608695652174,34.78260869565217,mean_reversion,False
47,market_mom,rolling_beta,z3_abs025_vol15,negative_residual,72,529688,-0.03044510976733536,4.81216897129759,48.14891030191358,0.9768961411872403,-85.5924838528486,634.0210748197492,529688,0.04876116202345769,5.263789037738904,48.17194272854964,1.0379035147474933,-86.40363290896089,592.6953878709762,529688,0.1591953112665812,3.81633805525725,49.914477956834965,1.2036949214043688,-83.36660222649172,650.7593779122416,continuation,0.04876116202345769,-0.07920627179079305,mean_reversion,0.1591953112665812,597,239,40.03350083752094,367,61.47403685092127,436,73.03182579564489,-0.04024094025367453,0.19119720107293683,0.15427814388208036,468380,0.0033963752300391102,1.0027254403856511,-0.0375317843628021,0.9703836327899001,0.1658084094072258,61308,-0.2889868130209117,0.8450114554548183,0.7080208056000924,1.4940615690319494,0.10867265668455146,7247,0.08007155289685214,1.0770240902379014,-0.13970081932191716,0.8799884493250196,-0.07105081748293283,461133,0.0021913757774920336,1.0017539118519267,-0.035926132639007236,0.9716868906483909,0.16953080363464587,23,47.82608695652174,34.78260869565217,mean_reversion,False
48,market_mom,rolling_beta,z3,negative_residual,72,625883,-0.026298345040259404,4.618781932733915,47.87683960101169,0.9792141713814306,-85.5924838528486,634.0210748197492,625883,0.027622136473571944,5.012620100181122,47.75413296095277,1.0221884690746996,-86.40363290896089,592.6953878709762,625883,0.15752964387635648,3.6162323267897336,50.01286182880826,1.2139643501904427,-83.36660222649172,650.7593779122416,continuation,0.027622136473571944,-0.053920481513831345,mean_reversion,0.15752964387635648,597,241,40.36850921273032,356,59.63149078726968,444,74.37185929648241,-0.03511793112247864,0.1698386736011002,0.15545193559737833,554927,0.006171877492306505,1.0051410273522647,-0.0502988035085765,0.9590663800390092,0.1639284285824206,70956,-0.28023885999782766,0.8417745492553725,0.6370199810740803,1.4647132570867845,0.10748654110024203,8267,0.08217327237444505,1.0824010938261537,-0.15325488061595413,0.8640983298003445,-0.05566126801300915,546660,0.005022527747509681,1.0041729606755636,-0.0487418249671674,0.9603827566276879,0.16724922765635025,23,47.82608695652174,34.78260869565217,mean_reversion,False
49,market_mom,rolling_beta,z4,negative_residual,72,257850,0.0074591177043287285,5.619341215026338,47.8999418266434,1.005394183018772,-85.5924838528486,634.0210748197492,257850,0.07060741708987217,6.036390635290138,47.81927477215435,1.051974375490654,-86.40363290896089,592.6953878709762,257850,0.15709102653714807,4.407438517863879,49.98060888113244,1.1847838752520738,-83.26986086545496,650.7593779122416,continuation,0.07060741708987217,-0.06314829938554345,mean_reversion,0.15709102653714807,597,279,46.733668341708544,346,57.95644891122278,404,67.67169179229481,0.01790412504818356,0.23428752723974647,0.17943812119445238,226485,0.027488948061207975,1.0213719703446862,-0.03394495320732248,0.97426635802776,0.1527413881604533,31365,-0.13717522402619262,0.9340598378459777,0.8255745328800883,1.5024420623097472,0.18849953435623656,3646,0.05661400523389581,1.0497865854627622,-0.061654100588898295,0.9491711234462622,-0.08792434034960127,222839,0.027012415863291003,1.0209617261947146,-0.03349158754263529,0.9746434288862968,0.15667906175505578,23,52.17391304347826,43.47826086956522,mean_reversion,False
50,market_mom,rolling_beta,z2,negative_residual,72,1916128,-0.05219978848171645,3.922454026255151,47.75897017318258,0.9547278787525746,-93.75368054899282,725.2166489017629,1916128,0.0002911371173149153,4.320438765001535,47.78208971425708,1.000257460185992,-87.90618197161888,1497.7440897934182,1916128,0.15362533899317257,3.0313194136579615,50.10776941832696,1.2464711632728542,-93.72788331580342,692.6819973557867,continuation,0.0002911371173149153,-0.05249092559903137,mean_reversion,0.15362533899317257,597,147,24.623115577889447,352,58.96147403685092,488,81.74204355108878,-0.05165945712509773,0.09893226145627024,0.14684719445384012,1707864,-0.02721226666019136,0.9756075410090758,-0.046736271679670385,0.9584511602808797,0.16169937182720598,208264,-0.2571093694376048,0.8238849580051829,0.38593828927829565,1.3271712001133196,0.08741442394273785,24354,0.16391925605026525,1.191026479980156,-0.2608660973308617,0.7583112095844778,0.05743818987842128,1683510,-0.029977214361179488,0.9732185307751683,-0.04363862582433889,0.9612276769127989,0.16320763541054123,23,47.82608695652174,39.130434782608695,mean_reversion,False
51,market_mom,unit_beta,z3_abs050,negative_residual,72,460262,-0.0029289126141976442,5.144582213617549,45.222503704411835,0.9978833419740366,-85.5924838528486,634.0210748197492,460262,0.04899560612438057,5.557925881025857,45.884517948472826,1.0359205697475458,-86.40363290896089,592.6953878709762,460262,0.15362162012183284,4.302707676384323,48.48890414589951,1.159422392735039,-83.21767417937686,651.0498096303265,continuation,0.04899560612438057,-0.051924518738578215,mean_reversion,0.15362162012183284,597,261,43.71859296482412,349,58.45896147403685,406,68.00670016750419,-0.0258829838978829,0.17647221947542088,0.13744512599875486,398305,0.038127701562127185,1.0287934017519187,-0.04351652882287441,0.9680644859466147,0.16988061139386412,61957,-0.26687091609243313,0.848939736432115,0.6437314053103709,1.4689361083411097,0.04909690913507729,6905,0.041302017799404386,1.0386895023568339,-0.09483401238638844,0.9173550398771446,-0.13321511207389158,391400,0.03807170091414961,1.0286531349309804,-0.0426111961095222,0.9688157473794261,0.1752277651254555,23,52.17391304347826,43.47826086956522,mean_reversion,False
52,btc,rolling_beta,z4,positive_residual,36,297260,-0.005048499209625423,4.709200644621428,51.267577205140284,0.9956159805907249,-91.62794172268165,1259.7136325577208,297260,-0.011834120713992076,5.1056433939824455,43.76505416134024,0.9899766088787652,-92.66020451156672,1092.062890059706,297260,0.15166303689499264,4.3795492284001325,57.28991455291664,1.1641553584226898,-91.63248912762934,1260.4988533105577,mean_reversion,-0.005048499209625423,0.006785621504366653,mean_reversion,0.15166303689499264,596,308,51.67785234899329,257,43.12080536912752,472,79.19463087248322,0.0808516365967552,0.01936180632776749,0.22736334953976128,262987,-0.020885462093430344,0.981135498066548,-0.03611919722443745,0.9680820031349375,0.1346377175648173,34273,0.11647326304997249,1.0780360539773948,0.17451254915011377,1.1120941959850799,0.28230341429658673,4309,0.060423086678836044,1.060733968855728,-0.10073040418632453,0.9059734453487994,0.1959995050593039,258678,-0.022239881629145346,0.9799460065002773,-0.035042918256768134,0.9690605700756499,0.13361556669650324,26,38.46153846153847,34.61538461538461,mean_reversion,False
53,btc,rolling_beta,z2,positive_residual,72,2019312,0.03317494911063598,4.060137450675775,49.24494085114138,1.028845393780344,-90.89327155998576,832.5110309691635,2019312,-0.08141941407741272,4.058711910618521,46.48657562575768,0.9327304956518637,-89.29769230135958,995.8952000761318,2019312,0.15070956284699694,3.4794685363729547,54.87987987987988,1.1755325217701278,-91.47920065243227,834.4900972993621,mean_reversion,0.03317494911063598,0.1145943631880487,mean_reversion,0.15070956284699694,596,412,69.12751677852349,106,17.78523489932886,572,95.97315436241611,0.13576931961677827,-0.08564877385455433,0.24009208745427887,1799583,-0.010564085613920074,0.9907642865179936,-0.05642669545954178,0.9518629581555766,0.123135291401776,219729,0.3913981391616571,1.3257829198885358,-0.2861100627787869,0.8121022283766857,0.3765431584588863,26023,-0.2615246005259662,0.7628504948794276,0.1618526520356346,1.181220516222975,-0.08680820372800416,1773560,-0.006881805071081842,0.993986707949557,-0.05962945344904704,0.9493078030142706,0.12621573952518997,26,42.30769230769231,38.46153846153847,mean_reversion,False
54,market_mom,rolling_beta,z3_abs050,positive_residual,288,530624,0.497027535723832,8.874825283455838,52.89187824146665,1.1972101579598924,-93.33188153795577,1035.8792241676304,530624,0.053518877225120616,9.804093629394387,45.57426727777108,1.019253722743938,-91.21383702292668,1396.6770675440025,530624,-0.15028584990097008,7.046505256820976,54.37221083102159,0.9241523137741878,-93.30047091933625,1032.709384051186,mean_reversion,0.497027535723832,0.4435086584987114,continuation,0.15028584990097008,596,510,85.57046979865771,254,42.61744966442953,331,55.53691275167785,0.8582543494143694,-0.05739886591959859,0.3066841895528116,471069,0.34239662079366057,1.134861586884203,0.14243348244222984,1.0531091181153645,-0.25155109277533405,59555,1.7201293821723398,1.724776115511797,-0.6497791525795732,0.8171149339359676,0.650703432201018,7769,-0.46493745817941784,0.7967006404175636,0.6866646307604165,1.392769283744286,0.4275219548394082,463300,0.35593467056603695,1.1399610163868366,0.1333073615890377,1.0494177810190521,-0.2629383548235079,23,69.56521739130434,60.86956521739131,continuation,False
55,market_mom,unit_beta,z2,negative_residual,72,2011729,-0.05298626974567978,3.8507720884725853,45.53481110030228,0.952093427640996,-89.94558249599541,725.2166489017629,2011729,-0.0064503790013242385,4.045165179553418,45.51363528586604,0.9940597717110105,-87.90618197161888,892.6005143344643,2011729,0.14716720100044398,3.0681284042619743,49.72265151021833,1.2238090465720268,-89.77880384658951,681.1941561307506,continuation,-0.0064503790013242385,-0.04653589074435554,mean_reversion,0.14716720100044398,597,149,24.958123953098827,344,57.6214405360134,481,80.56951423785594,-0.05348602984295295,0.08809341504167212,0.1352396841369417,1780171,-0.028597015039617014,0.9734455354971798,-0.05016962651963365,0.9538414859800699,0.15598261959592588,231558,-0.24048591967937438,0.8191640623746437,0.32965434022200757,1.305786326654051,0.07939604847478025,27513,0.1724218025757496,1.226394971847512,-0.2804752270515464,0.7182262248636873,0.03495266495508707,1752658,-0.03175258259988923,0.9706502566215058,-0.04655431880561615,0.9572242794296206,0.15788253226687105,23,47.82608695652174,39.130434782608695,mean_reversion,False
56,market_mom,unit_beta,z3_abs025_vol15,negative_residual,72,529190,-0.030908733595987215,4.834789122421283,48.13960959201799,0.9767672369602826,-85.5924838528486,634.0210748197492,529190,0.05236648013580989,5.332237439390584,48.07233696781874,1.0403099101770388,-86.40363290896089,592.6953878709762,529190,0.14620317904038704,3.885315885144643,49.5419414576995,1.178725922965295,-83.21767417937686,651.0498096303265,continuation,0.05236648013580989,-0.08327521373179711,mean_reversion,0.14620317904038704,597,233,39.028475711892796,374,62.6465661641541,412,69.01172529313233,-0.046791788698685804,0.1995150651906826,0.13145971411554758,466902,0.012530546118771581,1.0099880870524407,-0.04383059226867676,0.9658342030790764,0.16361882375726008,62288,-0.3565234037953882,0.8122491909194146,0.7734460701017687,1.5444264474265803,0.01565798013213034,7391,0.12063057925875091,1.1181234624821814,-0.18093398652575785,0.8473848823857281,-0.0442559358690015,459511,0.010791812236584679,1.0085764877973442,-0.041625354119961995,0.9675927221107048,0.16696238321154472,23,47.82608695652174,34.78260869565217,mean_reversion,False
57,market_mom,unit_beta,z3_abs025_vol15,positive_residual,288,640341,0.4269313529437092,8.12989984379129,52.03243271944167,1.1867695760194727,-93.33188153795577,1035.8792241676304,640341,0.0034731725267463246,8.967511616926899,46.09840694255092,1.0013749666952303,-91.21383702292668,1396.6770675440025,640341,-0.14542699539976958,6.399622532935544,53.21851950757487,0.9172186194396583,-93.31287506465861,995.2176347001085,mean_reversion,0.4269313529437092,0.42345818041696287,continuation,0.14542699539976958,597,518,86.76716917922948,237,39.698492462311556,334,55.9463986599665,0.802665813156959,-0.05838693067887706,0.31082959706350455,570633,0.287720741113303,1.1252325176843172,0.08315625910843567,1.0341958537479703,-0.2375325257961065,69708,1.5665160356289112,1.7150597783856882,-0.6488163601720711,0.8032376367263138,0.6085532525868715,8980,-0.5789621389095326,0.7360225349051439,0.750023648919014,1.480881890708696,0.17846845408335418,561653,0.3015777173292319,1.1311686895258528,0.07249403677454097,1.0296413336609196,-0.24418376561734412,23,69.56521739130434,65.21739130434783,continuation,False
58,market_mom,unit_beta,z3_abs025,negative_residual,72,635830,-0.029699693348976094,4.578742251642378,45.717094191843735,0.9759790504412372,-85.5924838528486,634.0210748197492,635830,0.02851368838209659,5.015566489918758,45.4973813755249,1.023453897103588,-86.40363290896089,592.6953878709762,635830,0.14061557771588884,3.72690884231271,49.34762436500323,1.1773371127389998,-83.21767417937686,651.0498096303265,continuation,0.02851368838209659,-0.05821338173107268,mean_reversion,0.14061557771588884,597,225,37.688442211055275,352,58.96147403685092,416,69.68174204355108,-0.04377836704955016,0.1679119105315853,0.1304856459542008,555904,0.011882449722139506,1.0100554595584192,-0.05623236225452445,0.9537399572293003,0.15551456813198336,79926,-0.31891321162595054,0.8027716752030376,0.6179422664805891,1.5078152456388536,0.03698961910081185,9067,0.10313774387670914,1.1139607891914618,-0.18431694218984473,0.8260798087803032,-0.07618282138452794,546837,0.010369363094681084,1.0087410854095658,-0.05410861626390283,0.9555814673148358,0.15935629835643095,23,47.82608695652174,30.434782608695656,mean_reversion,False
59,market_mom,unit_beta,z3,negative_residual,72,645915,-0.030481941478101373,4.547969715280196,45.71901875633791,0.975146935884299,-85.5924838528486,634.0210748197492,645915,0.026658202708517324,4.98095854456293,45.47378525038124,1.0221000405663752,-86.40363290896089,592.6953878709762,645915,0.1393656581275159,3.6990324754324346,49.394270143904386,1.1777549799590479,-83.21767417937686,651.0498096303265,continuation,0.026658202708517324,-0.0571401441866187,mean_reversion,0.1393656581275159,597,224,37.52093802345058,352,58.96147403685092,416,69.68174204355108,-0.044112937592629506,0.1670250918549148,0.12933071169139904,565199,0.010223596211014159,1.0087207218208123,-0.05663359718151509,0.9530252783937825,0.1544608593999875,80716,-0.3155150104650489,0.803500626770272,0.6098937694616565,1.5037605752032288,0.03366427718693747,9094,0.10286241474635224,1.1138402772771052,-0.1843449223352865,0.8257889063108149,-0.07588702642403253,556105,0.008708671123556994,1.0074007458213918,-0.05454513045140404,0.9548478606892894,0.15822774456319166,23,47.82608695652174,30.434782608695656,mean_reversion,False
60,btc,unit_beta,z2,positive_residual,72,2120348,0.01942044377650732,4.030069623095101,46.9920031994748,1.0175083602239876,-90.89327155998576,832.5110309691635,2120348,-0.07132469846615014,4.016930973749052,44.43463997419292,0.9383975575212223,-89.29769230135958,995.8952000761318,2120348,0.1361871028795785,3.558631768266593,54.08711211555839,1.1562970524077631,-91.12163035247265,837.8427981228475,mean_reversion,0.01942044377650732,0.09074514224265745,mean_reversion,0.1361871028795785,596,382,64.09395973154362,130,21.812080536912752,565,94.79865771812081,0.10849065360549077,-0.06327238040630903,0.2157312803672558,1875302,-0.01554389302399644,0.9859593526037914,-0.05514550642954922,0.9512849617260987,0.11264708029777383,245046,0.2869975139211262,1.2549656565947889,-0.19514174173403312,0.8560292153009802,0.3163355298186177,29814,-0.2546095362195703,0.7408029004988284,0.14190703902880247,1.1804980415934734,-0.05912119482430837,1845488,-0.011681769246311176,0.9894671478938015,-0.058328905395186134,0.9487258173850446,0.11542200993941319,26,38.46153846153847,38.46153846153847,mean_reversion,False
61,btc,rolling_beta,z3_abs050,positive_residual,36,602612,0.008868130455501626,4.071253898014447,50.81262902165904,1.0082031231658894,-91.62794172268165,1259.7136325577208,602612,-0.06637168936305135,4.2028037888026955,44.969233934936575,0.9413051853453765,-92.66020451156672,1092.062890059706,602612,0.13526158749476222,3.6896550933826786,56.10442540141916,1.1588193599502559,-91.63248912762934,1260.4988533105577,mean_reversion,0.008868130455501626,0.07523981981855297,mean_reversion,0.13526158749476222,595,337,56.63865546218487,176,29.57983193277311,524,88.0672268907563,0.0883431995476502,-0.07278525110590539,0.20643343140618112,533985,-0.01932648614801764,0.9817802438801171,-0.06095816778997555,0.9441773269165812,0.11235706286714983,68627,0.22824974916286586,1.1841898101993877,-0.10849416764709247,0.9242712214695666,0.31348113057949095,8308,-0.05208287887317183,0.9458974879825024,-0.03907102609908724,0.9595250083873047,0.07905906151076035,525677,-0.01880879161171387,0.9822941648927992,-0.06130408053329109,0.9439632984600692,0.11288331719303593,26,38.46153846153847,30.76923076923077,mean_reversion,False
62,btc,rolling_beta,z3_abs025_vol15,positive_residual,36,593516,0.006827277456954188,3.959054498943539,50.87664022536882,1.0066249746227696,-91.62794172268165,1259.7136325577208,593516,-0.07252654947200164,4.115635098481016,44.472095107798275,0.9330744012329835,-92.66020451156672,1092.062890059706,593516,0.13059378217302006,3.61811493780374,56.38769637212813,1.1605573968745801,-91.63248912762934,1260.4988533105577,mean_reversion,0.006827277456954188,0.07935382692895583,mean_reversion,0.13059378217302006,596,349,58.557046979865774,151,25.335570469798657,522,87.58389261744966,0.08794484230670613,-0.071068899000054,0.20415475820556606,526503,-0.019727790755771416,0.9804289693616853,-0.06839855004740791,0.9344657535319815,0.10774657760441471,67013,0.2154632597171821,1.1784342736335294,-0.10495912346580756,0.9249122132449199,0.31009808353222335,8195,-0.0455609423688569,0.9518334682836131,-0.04500999289387009,0.9526895957977425,0.08065953366513141,518308,-0.019319341190128507,0.980852825486053,-0.06876834797812327,0.934203472028312,0.10817485253955451,26,38.46153846153847,23.076923076923077,mean_reversion,False
63,btc,rolling_beta,z3_abs025,positive_residual,36,687155,0.0028786828995462305,3.849100188420488,50.393433795868475,1.0028523287426638,-91.62794172268165,1259.7136325577208,687155,-0.07515169761962172,3.970550908454031,44.839956050672704,0.9290458993401474,-92.66020451156672,1092.062890059706,687155,0.1270605855065051,3.4766223061413917,56.00832417722348,1.1620526440861374,-91.63248912762934,1260.4988533105577,mean_reversion,0.0028786828995462305,0.07803038051916796,mean_reversion,0.1270605855065051,596,333,55.87248322147651,147,24.664429530201343,528,88.59060402684564,0.08249814283975296,-0.07603686959602447,0.1987673232055334,610144,-0.023893468645804383,0.9758752233352653,-0.06867861993898138,0.9328128960942447,0.10548713700854123,77011,0.2149895194357086,1.1855907534138612,-0.1264367024679768,0.9064807425431225,0.29798305321036056,9279,-0.07416989556114219,0.9199172048759781,-0.02406959511853426,0.9734455792767676,0.05881635938803019,600865,-0.02311706302166679,0.9766825035370609,-0.06936750536467418,0.932257456100444,0.10620786153990962,26,38.46153846153847,30.76923076923077,mean_reversion,False
64,btc,rolling_beta,z3,positive_residual,36,695132,0.0017794075088492817,3.8278750379361655,50.09264427475645,1.0017792714478522,-91.62794172268165,1259.7136325577208,695132,-0.07542627384758663,3.9492985111487178,44.597428977517936,0.9281315574250616,-92.66020451156672,1092.062890059706,695132,0.1257134547531081,3.457384142098792,55.99037305144922,1.1619475588656052,-91.63248912762934,1260.4988533105577,mean_reversion,0.0017794075088492817,0.0772056813564359,mean_reversion,0.1257134547531081,596,333,55.87248322147651,145,24.328859060402685,527,88.42281879194631,0.08159751865087916,-0.07554197034303682,0.1979384121232441,617532,-0.0247183238000697,0.9748049073224548,-0.06903930153247899,0.931817982155628,0.1043494122673541,77600,0.21264534836786128,1.1847045749836727,-0.12625307523538504,0.9060197471252989,0.29572608212827145,9379,-0.0756706626747921,0.9176413409175028,-0.023645411676570537,0.9736654424185757,0.057717458938329365,608153,-0.023932531431527498,0.9756297159998576,-0.06973937091133346,0.9312467019831064,0.10506857519226422,26,34.61538461538461,30.76923076923077,mean_reversion,False
65,market_mom,unit_beta,z4,negative_residual,72,260406,-0.011512173082073468,5.510517396716764,45.968218858244434,0.9915553061366161,-85.5924838528486,634.0210748197492,260406,0.08722355215499332,6.1526983492892,45.80424414184005,1.0656825015477338,-86.40363290896089,592.6953878709762,260406,0.12543756329527747,4.535476874147779,49.25692956383494,1.1371957605073812,-83.21767417937686,651.0498096303265,continuation,0.08722355215499332,-0.0987357252370668,mean_reversion,0.12543756329527747,597,259,43.38358458961474,351,58.79396984924623,369,61.80904522613066,-0.015355693773146805,0.25241175313038317,0.13307599443319915,224720,0.03208197895105632,1.0250789486881207,-0.035830770582306,0.9727642282010195,0.13452341660101794,35686,-0.2860309716272993,0.8488391327196273,0.8621147533410576,1.613206036721135,0.06822260631310013,3967,0.06768817823106027,1.066186224737785,-0.0899578024889322,0.9194978377511475,-0.14077124775271183,220753,0.031442124486819045,1.024490504404009,-0.03485809100117421,0.9735750958396727,0.13947054725605426,23,56.52173913043478,39.130434782608695,mean_reversion,False
66,market_mom,unit_beta,z3_abs050,positive_residual,288,578397,0.4410954635228467,8.62286862564826,49.983315957724535,1.1854838208409972,-93.33188153795577,1035.8792241676304,578397,0.059492039259597534,9.474099295233787,43.53670575746416,1.0228386258615718,-91.21383702292668,1396.6770675440025,578397,-0.1239682344780801,6.97532589122393,54.06338552931637,0.9369160116845873,-93.31287506465861,995.2176347001085,mean_reversion,0.4410954635228467,0.3816034242632491,continuation,0.1239682344780801,597,507,84.92462311557789,259,43.38358458961474,341,57.11892797319933,0.7673479188380693,-0.03259438468615818,0.2890011581580162,509120,0.30716387573608744,1.1276871849780719,0.13550990488227674,1.0535479978076991,-0.2184016518890687,69277,1.4253651341782565,1.6550804830995682,-0.49916690592882623,0.8415665794683602,0.5700274852020817,9102,-0.4234931351151724,0.7887727896655212,0.5839740878695447,1.38076024577543,0.3285255826422337,500018,0.3204642771471729,1.1328134389273117,0.12734635678290812,1.0499638023943905,-0.22835755685389794,23,69.56521739130434,65.21739130434783,continuation,False
67,market_mom,rolling_beta,z4,positive_residual,288,355298,0.4838880737516417,8.450438847674992,52.51676057844401,1.207801921215255,-90.40110189782104,1035.8792241676304,355298,-0.006899337253415025,9.144461760578649,45.18939031460914,0.9973543864967704,-91.21383702292668,939.7047535636324,355298,-0.11264973381949528,6.6947774326657505,54.46498432301899,0.9366798333984256,-90.27676019717188,1032.709384051186,mean_reversion,0.4838880737516417,0.49078741100505674,continuation,0.11264973381949528,597,515,86.26465661641541,241,40.36850921273032,346,57.95644891122278,0.9068095949643946,-0.10128505875718821,0.38607700356594565,316934,0.3210963508976594,1.1370364521468777,0.09047696386319579,1.036241800185441,-0.21305308180995838,38364,1.8287486693882846,1.8280654439699244,-0.811347794611666,0.7700134282806608,0.7168058675778961,5038,-0.4358560227539768,0.8043558803021577,0.6466418720233049,1.3750400515014474,0.4570847149788657,311896,0.3333232664671347,1.1421415914145538,0.08149333211636142,1.0324809786741285,-0.22387769713116182,23,69.56521739130434,65.21739130434783,continuation,False
68,market_mom,rolling_beta,z3_abs050,negative_residual,36,419332,0.007588767813443233,4.183570200546322,47.82964333749869,1.0068443641247349,-92.94174781637093,380.1445091876137,419332,-0.04612398970618974,4.766371138037861,47.884492478513444,0.959359647893486,-79.21454938078077,1313.9506107412951,419332,0.11220736332277034,3.314115986967877,49.52328942222392,1.1526505472986273,-92.93217710893374,379.7408111448438,mean_reversion,0.007588767813443233,0.053712757519632975,mean_reversion,0.11220736332277034,596,268,44.966442953020135,264,44.29530201342282,416,69.79865771812081,-0.0031029612558913277,0.02970566466759538,0.10274088896825329,367317,0.010198201185114055,1.0095855559423377,-0.08043953224048649,0.9275803081998366,0.11185011794386836,52015,-0.010838401998764985,0.9923966023079539,0.19620384144002365,1.1502611241741425,0.11473014138375388,6260,-0.0698044825670361,0.9280136981739332,-0.01283207979317224,0.9865200059979325,-0.07685920694626804,361057,0.01158528632759423,1.0108726187960901,-0.08161170907771777,0.9267066818346451,0.11512195694383864,23,56.52173913043478,21.73913043478261,mean_reversion,False
69,market_mom,rolling_beta,z4,negative_residual,36,257890,0.0359829523268309,4.55256524322895,47.90104308038311,1.0344735797450517,-92.94174781637093,380.1445091876137,257890,-0.05885244065826022,5.0817072560556635,46.37170886812207,0.9459461788045863,-79.21454938078077,1313.9506107412951,257890,0.10421466047910345,3.4834112761039964,50.74062584822987,1.154726698875684,-92.93217710893374,379.7408111448438,mean_reversion,0.0359829523268309,0.09483539298509112,mean_reversion,0.10421466047910345,597,295,49.413735343383586,246,41.20603015075377,401,67.16917922948073,0.05901755008834371,0.02699209394528729,0.13478865952305466,226485,0.02333633828746691,1.0237516813708654,-0.09463832443247583,0.9095018447992863,0.09174680359801338,31405,0.12718716760163917,1.0856104575664343,0.19922639667984537,1.1423992737108926,0.19412972386753427,3646,-0.010708486573373992,0.9887416544416366,-0.03860609354434823,0.9605652106252229,-0.019221840543160836,222839,0.023893365699376994,1.024305932239979,-0.09555510073203792,0.9087205219816036,0.09356242688001837,23,60.86956521739131,26.08695652173913,mean_reversion,False
70,btc,unit_beta,z3_abs025_vol15,positive_residual,36,596112,-0.023964439055085406,3.9920101021106382,50.57573073516386,0.9771192287685736,-91.62794172268165,1259.7136325577208,596112,-0.03683835195262287,4.2233825236448945,44.623996832809944,0.9655793246310213,-92.66020451156672,1092.062890059706,596112,0.10186565775320183,3.697862625397533,55.586534074133716,1.120592441262814,-91.62471737606475,1256.272900700014,mean_reversion,-0.023964439055085406,0.012873912897537462,mean_reversion,0.10186565775320183,596,283,47.48322147651007,210,35.23489932885906,478,80.20134228187919,0.051115215129874866,-0.027336366283345025,0.16715613954514982,525056,-0.0364898472073179,0.9641343217107071,-0.050638261265855154,0.9511241920828376,0.09648496123617299,71056,0.06858989418600032,1.0540616388630364,0.06513368678257851,1.0492392282144947,0.14162538234289285,8312,-0.054800524878621255,0.9413355325091964,-0.03944121756249078,0.9577159164112556,0.08182685532654495,516744,-0.03619531383527314,0.964470590916528,-0.05081836945726591,0.9510288857457859,0.09672074177028801,26,38.46153846153847,30.76923076923077,mean_reversion,False
71,market_mom,rolling_beta,z3_abs025,negative_residual,36,606140,-0.018902160725650045,3.626142877508431,47.98874847394991,0.9803168610139407,-92.94174781637093,380.1445091876137,606140,-0.05870999954206667,4.107487367793258,46.83868413237866,0.9402072132762197,-79.21454938078077,1313.9506107412951,606140,0.09774534697460101,2.8030041947827375,50.37862540007259,1.1674761587293172,-92.93217710893374,379.7408111448438,mean_reversion,-0.018902160725650045,0.03980783881641663,mean_reversion,0.09774534697460101,597,228,38.19095477386934,229,38.358458961474035,433,72.52931323283082,-0.017893192595032924,0.0188260047019368,0.09919010200220418,536442,-0.011822650838471052,0.9871683152010716,-0.08983247619466835,0.9067217592383845,0.09855973199502373,69698,-0.07339076072705726,0.9417613915036708,0.18082920704169392,1.160475691785215,0.09147730012783818,8119,-0.041982058626153236,0.9505942968386957,-0.06364188888024354,0.9270013433338955,-0.03948709037361073,528323,-0.011359176350651687,0.9876860563330032,-0.09023495986167852,0.9064400471876628,0.10068116557033838,23,47.82608695652174,21.73913043478261,mean_reversion,False
72,market_mom,rolling_beta,z3_abs025_vol15,negative_residual,36,529750,-0.019738017241431417,3.7207951390018015,48.05361019348749,0.9798963481005468,-92.94174781637093,380.1445091876137,529750,-0.051377937963217345,4.26216143185354,46.846814535158096,0.9486250454347938,-79.21454938078077,1313.9506107412951,529750,0.09698666497057959,2.919817601689653,50.47210948560642,1.1598241592247651,-92.93217710893374,379.7408111448438,mean_reversion,-0.019738017241431417,0.031639920721785925,mean_reversion,0.09698666497057959,597,240,40.20100502512563,250,41.87604690117253,425,71.1892797319933,-0.018180713279223132,0.02772201991350525,0.09798886030133891,468380,-0.013556349326312724,0.9855580670053353,-0.08419334286399191,0.9138880796319686,0.09720411225763008,61370,-0.06691692579745677,0.9489575426047666,0.19907145665018952,1.1700674568400555,0.09532709253602419,7247,-0.0452616401285844,0.948228214018475,-0.0530309709364637,0.9404396039217511,-0.049289581731235335,461133,-0.01305808040510331,0.986103874950733,-0.0846830794678758,0.9135086163832128,0.09950635434470095,23,47.82608695652174,21.73913043478261,mean_reversion,False
73,btc,unit_beta,z3_abs050,positive_residual,36,621487,-0.03075703184792686,4.035191855671604,49.373679578173,0.9713070280227448,-91.62794172268165,1259.7136325577208,621487,-0.026930047241028862,4.239301887046342,44.137850027434204,0.975185301182935,-92.66020451156672,1092.062890059706,621487,0.09647382270910039,3.7252333249118426,55.184098782436315,1.1102500070688774,-91.62471737606475,1256.272900700014,continuation,-0.026930047241028862,-0.003826984606897999,mean_reversion,0.09647382270910039,596,267,44.79865771812081,229,38.422818791946305,467,78.35570469798658,0.034864786675273936,-0.02195028947937122,0.15321993073750478,543963,-0.0405101796820846,0.9613615209943799,-0.04187434715452363,0.9604898691824705,0.09287519829165618,77524,0.03767792449219994,1.0304642483725563,0.07792968927726697,1.0616765070892138,0.12172430686866569,8550,-0.05651282082246988,0.940018342406595,-0.03682944254444585,0.9608413556454675,0.0640080942745515,535413,-0.0402546338104859,0.9616673074667746,-0.04195490914016119,0.9604848971536777,0.0933361765259281,26,42.30769230769231,34.61538461538461,mean_reversion,False
74,market_mom,rolling_beta,z3,negative_residual,36,625952,-0.02106941698732629,3.574236180047307,47.68624431266295,0.9776161526338396,-92.94174781637093,380.1445091876137,625952,-0.06001047870748203,4.046830887844178,46.46266806400491,0.9376511004813467,-79.21454938078077,1313.9506107412951,625952,0.0957232982229122,2.7608261660525537,50.49636393844895,1.168183482566639,-92.93217710893374,379.7408111448438,mean_reversion,-0.02106941698732629,0.03894106172015574,mean_reversion,0.0957232982229122,597,226,37.85594639865997,228,38.19095477386934,435,72.8643216080402,-0.01887617939954177,0.018570509684811224,0.09815265028664788,554927,-0.014503622038892394,0.983932855468836,-0.08999741199277596,0.9045785599289721,0.09635529578013637,71025,-0.07236877486623627,0.9417687432160707,0.17428109365729527,1.1565051560942257,0.09078542411608062,8267,-0.041149914105217525,0.9509193761831388,-0.0660697012364182,0.9233648460228476,-0.03738445085514307,546660,-0.014100656948137065,0.9843960630270351,-0.09035926467053339,0.9043192029268223,0.09837780791827319,23,47.82608695652174,21.73913043478261,mean_reversion,False
75,market_mom,unit_beta,z4,positive_residual,288,361528,0.4586258958414906,8.423432770478813,50.658316921510924,1.202519690846905,-89.66699216410113,1035.8792241676304,361528,0.0037582957614202134,9.019451858897305,43.711137173330975,1.0014879019580742,-91.21383702292668,865.8388094060941,361528,-0.09363810800123842,6.803494451820919,54.321380363346684,0.9486967681767473,-89.51188608194985,995.2176347001085,mean_reversion,0.4586258958414906,0.4548676000800704,continuation,0.09363810800123842,597,510,85.42713567839196,246,41.20603015075377,350,58.62646566164154,0.867737781824696,-0.10077903115191617,0.39722850794886105,320054,0.31505806468472886,1.1379568208898287,0.08358536626273949,1.034320777332432,-0.1845181653172144,41474,1.5665358787957786,1.7400289515372078,-0.6122655558619887,0.8101024429288336,0.6076814142104446,5817,-0.43981874277921046,0.7739091638884551,0.5906440678423368,1.40222969435986,0.366455304404995,314237,0.3290319709688958,1.1436815324466652,0.07419894624508243,1.0302443451352978,-0.19471751381333052,23,69.56521739130434,65.21739130434783,continuation,False
76,btc,unit_beta,z4,positive_residual,36,304765,-0.04729138973592546,4.730896979764606,48.53575705871737,0.9581473038084733,-83.59386807544105,1259.7136325577208,304765,0.0255621459829674,4.653225889070473,41.97201122176103,1.0228487736135727,-92.66020451156672,508.31035808440265,304765,0.09358227155165806,4.4794609006319535,56.01693107804374,1.098124130093534,-83.0704482986596,1256.272900700014,continuation,0.0255621459829674,-0.07285353571889286,mean_reversion,0.09358227155165806,596,261,43.79194630872483,306,51.34228187919463,403,67.61744966442953,0.017539729484596898,0.06937490599957556,0.14833885900891802,264987,-0.044191602188304334,0.9591915018578138,-0.01630503940799949,0.984969511000094,0.10367893248522625,39778,-0.06794108059221537,0.9529283884260898,0.3044665618710497,1.2263766886547998,0.026321879103485584,4730,0.022060068811794484,1.0239831624953928,-0.07668413882070309,0.9206494987393571,0.20204056203039145,260257,-0.04539568278490875,0.9581940268332755,-0.015207688942028981,0.9860088359165862,0.10189127448659929,26,42.30769230769231,50.0,mean_reversion,False
77,btc,unit_beta,z3_abs025,positive_residual,36,717287,-0.035073953307398306,3.7855030155470444,47.8472354859352,0.9643671601141836,-91.62794172268165,1259.7136325577208,717287,-0.039392825099356474,3.9743639299525477,42.998966940708534,0.9606035298636916,-92.66020451156672,1092.062890059706,717287,0.09051877121822192,3.4889913574083162,55.06582441895643,1.1130785650371893,-91.62471737606475,1256.272900700014,mean_reversion,-0.035073953307398306,0.004318871791958168,mean_reversion,0.09051877121822192,596,247,41.442953020134226,206,34.56375838926174,476,79.86577181208054,0.03182905032359572,-0.029254178407544157,0.1486241544779231,628263,-0.045219111089755126,0.953122390173469,-0.05074088614090161,0.9480580045096132,0.08760783072141055,89024,0.03652277638141395,1.0325136548195308,0.04069307167167509,1.03500640942103,0.11106195293717552,10189,-0.09241778436039456,0.8919214340430329,-0.016307491657211143,0.9801692153371898,0.0596802299451889,618074,-0.04444103713428285,0.954015071808692,-0.05130852344063323,0.9476135529198395,0.08806821948442098,26,42.30769230769231,30.76923076923077,mean_reversion,False
78,btc,unit_beta,z3,positive_residual,36,725280,-0.035647755005473215,3.764935377239319,47.47394109861019,0.9634495152870229,-91.62794172268165,1259.7136325577208,725280,-0.04017542149809971,3.952737098691646,42.66972755349658,0.9594539356669534,-92.66020451156672,1092.062890059706,725280,0.09008914448482862,3.4703627130743078,55.10023714979042,1.1135149265066877,-91.62471737606475,1256.272900700014,mean_reversion,-0.035647755005473215,0.004527666492626495,mean_reversion,0.09008914448482862,596,247,41.442953020134226,204,34.22818791946309,477,80.03355704697987,0.031097015993200503,-0.029552221468723435,0.14789425896660693,635150,-0.045664576131581064,0.9522353678325721,-0.05139544922161905,0.9469221150762241,0.08744477721943093,90130,0.0349412157950081,1.0314477345672468,0.03889259812459347,1.0338251413809347,0.10872411473465998,10556,-0.09303455444538344,0.8877969526595659,-0.01886071476798152,0.9763385210484659,0.06097748503079588,624594,-0.04486399608905657,0.9531777783336662,-0.05194530505899921,0.946514077050019,0.0878920897718142,26,42.30769230769231,30.76923076923077,mean_reversion,False
79,market_mom,rolling_beta,z2,negative_residual,36,1916333,-0.055876193123390115,2.948868211148906,47.33671026903988,0.9336131676561717,-92.94174781637093,1039.7056107396618,1916333,-0.06350035740561395,3.161440522491947,46.4956247165811,0.9250544396949739,-91.24333521589718,1313.9506107412951,1916333,0.08958726207636214,2.305494236527831,50.38936343526934,1.1917455602986664,-92.93217710893374,1051.1772281223264,mean_reversion,-0.055876193123390115,0.007624164282223837,mean_reversion,0.08958726207636214,597,112,18.76046901172529,195,32.663316582914575,485,81.23953098827471,-0.05300372961195138,-0.0075113888059787715,0.08857918944373332,1707864,-0.04569885605965466,0.9442494229064948,-0.08444457196608261,0.8994940925669436,0.09310428654917569,208469,-0.13925313447687382,0.8637038304427761,0.10808328359664707,1.1193787071035708,0.06077434752198119,24354,0.03035061609574938,1.0439280877306505,-0.1581154627762429,0.8009604549414816,0.03980130175847652,1683510,-0.046799003278781816,0.9430367599624646,-0.08337883379120356,0.9008407327915419,0.09387537842958787,23,39.130434782608695,17.391304347826086,mean_reversion,False
80,market_mom,rolling_beta,z4,positive_residual,36,355489,0.02247779584393462,4.408092648973257,52.328764040518834,1.0208044528871194,-91.62794172268165,1259.7136325577208,355489,-0.060356003126807146,4.724328163349942,42.60356860549834,0.9473561789061657,-92.66020451156672,1092.062890059706,355489,0.08933863757143191,3.904390343651181,59.08340342457854,1.1133153471258777,-91.55503739736173,1258.1769393775855,mean_reversion,0.02247779584393462,0.08283379897074176,mean_reversion,0.08933863757143191,597,347,58.12395309882747,201,33.66834170854271,427,71.52428810720268,0.0979136007207594,-0.021614992746941036,0.18345269496076444,316936,-0.005955679468232134,0.994341661662653,-0.06465906096907625,0.9412580657265667,0.061507918419163636,38553,0.2562233391618834,1.1956425707058422,-0.02498148129199756,0.9835943242344953,0.3181290509048503,5040,0.04247022368846467,1.044905298562921,-0.12076550445799038,0.8835322581187391,0.20243600206357257,311896,-0.006738204899496906,0.9936086814586318,-0.06375242390036068,0.9421359556754703,0.059230628740655995,23,47.82608695652174,21.73913043478261,mean_reversion,False
81,btc,rolling_beta,z2,positive_residual,36,2019480,-0.022192827118264,3.118233500909147,48.57735654722998,0.9742488191121844,-91.62794172268165,1259.7136325577208,2019480,-0.09156894706006014,3.117934456979467,45.560045160140234,0.8982929204625137,-92.66020451156672,1092.062890059706,2019480,0.08816850879784761,2.715859589467937,54.58702240180641,1.1375273923214488,-91.63248912762934,1260.4988533105577,mean_reversion,-0.022192827118264,0.06937611994179613,mean_reversion,0.08816850879784761,596,281,47.147651006711406,70,11.74496644295302,557,93.45637583892618,0.034621099262009083,-0.09201244925333249,0.13936233753539645,1799583,-0.04234630701820015,0.9504048370241631,-0.08179080471907188,0.9068482936698011,0.07403238157526343,219897,0.14273829890331347,1.153960315971141,-0.17159086063060863,0.8415109798318866,0.20385509949985672,26023,-0.17327851338310554,0.7846675029530465,0.03556971502492007,1.0507745221531004,-0.03281644630305126,1773560,-0.040425171671082546,0.9526947774247084,-0.08351280612037654,0.9051683835787873,0.07560014756450403,26,30.76923076923077,19.230769230769234,mean_reversion,False
82,market_mom,unit_beta,z3_abs025_vol15,negative_residual,36,529248,-0.02459892890449994,3.7521653195924896,48.084262954229395,0.9753181423553049,-92.94174781637093,430.6690654884933,529248,-0.044132282905160414,4.32013441638246,46.746704758449724,0.9563513588883747,-81.19351468768666,1313.9506107412951,529248,0.08685958918758516,2.980961012525887,50.10108682508012,1.1370133485992346,-92.90339243530433,379.8106078601034,mean_reversion,-0.02459892890449994,0.019533354000660474,mean_reversion,0.08685958918758516,597,230,38.52596314907873,270,45.22613065326633,407,68.17420435510888,-0.03086041520545479,0.04042313879843143,0.08161390226323903,466902,-0.0067538858293197815,0.992866320667198,-0.0890723410388115,0.9101623570969261,0.09536648155594993,62346,-0.15823839738503984,0.8845129122527319,0.2924186269000883,1.2525519280745174,0.02315245383689307,7391,-0.02689794630311425,0.9689225911493468,-0.0726488117906589,0.9193260524944514,-0.040373291820919,459511,-0.006429878893769129,0.9932179088256832,-0.08933650512775192,0.9100286826909953,0.0975497865585036,23,52.17391304347826,21.73913043478261,mean_reversion,False
83,market_mom,unit_beta,z3_abs050,negative_residual,36,460323,-0.005037269562320338,4.028949502262661,45.17480117222038,0.9951847896070077,-92.94174781637093,430.6690654884933,460323,-0.04487750257179338,4.617094073522207,44.79137475207626,0.9579935665102255,-81.19351468768666,1313.9506107412951,460323,0.08565690689802383,3.2725627934028587,49.192197652517905,1.114836316635507,-92.90339243530433,379.8106078601034,mean_reversion,-0.005037269562320338,0.03984023300947304,mean_reversion,0.08565690689802383,597,257,43.04857621440536,263,44.0536013400335,393,65.82914572864321,-0.01701795461324005,0.027674519838084305,0.08101237784897818,398306,0.012065902156711075,1.0119808443072154,-0.09036739002600663,0.9147323835963335,0.09988884798349167,62017,-0.11488289116156777,0.911403792103779,0.2472826327513896,1.2201605813243215,-0.005748151811497714,6905,-0.05898862958845963,0.9341980509294845,-0.03428041877321468,0.9616421751375096,-0.09645145750153672,391401,0.013319428697778695,1.0131999505146765,-0.09135686255290502,0.9140364455331594,0.10335263527420922,23,52.17391304347826,21.73913043478261,mean_reversion,False
84,btc,rolling_beta,z4,positive_residual,12,297279,-0.05041574640438352,3.0806850752582626,50.70758445769799,0.9389934548493356,-69.53055830967142,234.07436068249083,297279,-0.054869083745639854,3.2465230394046554,42.22666249550086,0.9350659814583087,-70.12635161399425,227.54193815688444,297279,0.08522647738337286,2.8189096268336473,57.28187998479543,1.128490897192897,-69.55854998631352,226.01990049751248,mean_reversion,-0.05041574640438352,0.004453337341256337,mean_reversion,0.08522647738337286,596,258,43.288590604026844,208,34.899328859060404,434,72.81879194630872,0.00025188499245854,-0.045093829783088214,0.13304118527161765,262987,-0.07424405437360722,0.9068585731441045,-0.055852425453694704,0.9303768920172693,0.06477971657662593,34292,0.13232469532844768,1.12590241377492,-0.04732778881457159,0.9596567914693981,0.24203367102282072,4309,-0.04389043770782995,0.9414973948534741,-0.03957652334299981,0.9480423000153304,0.06684949735738151,258678,-0.07474967809967908,0.9063160344029949,-0.056123545773918926,0.9300977182252547,0.06474523863345227,26,23.076923076923077,26.923076923076923,mean_reversion,False
85,market_mom,unit_beta,z2,negative_residual,36,2011936,-0.05820843863214323,2.8376223854723066,45.15133682184722,0.9282367308221261,-92.94174781637093,430.6690654884933,2011936,-0.0640189648604101,3.091863829857537,44.278346826141586,0.9215600783002728,-81.19351468768666,1313.9506107412951,2011936,0.08428342003533618,2.231872814326125,50.02882795476596,1.1713508960810715,-92.90339243530433,379.8106078601034,mean_reversion,-0.05820843863214323,0.005810526228266874,mean_reversion,0.08428342003533618,597,108,18.09045226130653,202,33.835845896147404,475,79.5644891122278,-0.05804566362972305,-0.008936244620026547,0.07914990561696365,1780173,-0.046781323335384054,0.9410668755974775,-0.08552391101356051,0.8949636817712947,0.0889435146325257,231763,-0.1459801801058801,0.8453772542926794,0.10116065616750208,1.1217470735323154,0.048489205344628125,27513,0.029901650226596042,1.047909213215455,-0.1661293052653832,0.7726239817291961,0.005183304869701296,1752660,-0.04798508142400984,0.9397525832879303,-0.08425857933939067,0.8966842101649839,0.09025837013855915,23,43.47826086956522,13.043478260869565,mean_reversion,False
86,market_mom,unit_beta,z3_abs025,negative_residual,36,635894,-0.027153898643730818,3.5529991969084613,45.55775019106958,0.9706481208624277,-92.94174781637093,430.6690654884933,635894,-0.05524439543166338,4.04709997322406,44.303924867981145,0.9413938312746052,-81.19351468768666,1313.9506107412951,635894,0.07913468299949825,2.828230366697255,49.898410741412874,1.129502227649002,-92.90339243530433,379.8106078601034,mean_reversion,-0.027153898643730818,0.028090496787932562,mean_reversion,0.07913468299949825,597,211,35.34338358458962,255,42.71356783919598,407,68.17420435510888,-0.0306315239402182,0.022240833877751706,0.07849286284914808,555905,-0.00994891308332084,0.9888333561189081,-0.09457611989763332,0.8989347687790434,0.09050367445357817,79989,-0.1467245583339351,0.8737927579576911,0.2181019683090384,1.2202584266088667,0.00012282894106212055,9067,-0.02866587517244293,0.9626640118559415,-0.08663990742757276,0.8926466025074007,-0.06843186364298594,546838,-0.009638571272287092,0.9892064241291904,-0.0947077084823075,0.8990244831236215,0.0931389494782133,23,47.82608695652174,21.73913043478261,mean_reversion,False
87,market_mom,unit_beta,z3,negative_residual,36,645979,-0.02804525750992238,3.528504181096034,45.54435980117001,0.9694338893438502,-92.94174781637093,430.6690654884933,645979,-0.05595104647041831,4.018340411179854,44.26707369744218,0.9401561589376158,-81.19351468768666,1313.9506107412951,645979,0.07847584174753436,2.806839102236271,49.944967251257395,1.1299273099405454,-92.90339243530433,379.8106078601034,mean_reversion,-0.02804525750992238,0.027905788960495934,mean_reversion,0.07847584174753436,597,209,35.00837520938023,250,41.87604690117253,405,67.8391959798995,-0.031097489748587465,0.021972576590239525,0.07793050453608082,565200,-0.01133921841086942,0.987168245886456,-0.09450217639405858,0.8981433239445549,0.08988129970064265,80779,-0.14493520785326375,0.8744418439155983,0.2137861207740565,1.2170385138180646,-0.001326642005629639,9094,-0.02890846203019607,0.9622975251198292,-0.08661375373230587,0.8925188803027843,-0.06845921248916523,556106,-0.011051908614761923,0.9875203775118363,-0.0946311757497317,0.8982230401935372,0.09247064169273417,23,47.82608695652174,21.73913043478261,mean_reversion,False
88,btc,rolling_beta,z4,positive_residual,6,297283,-0.05091443396534723,2.9924813909430523,50.11453732638597,0.9243729785075854,-60.11356323411772,244.00684577637568,297283,-0.07035207514432872,2.8630750738930035,41.27952153335374,0.8984709158246278,-70.98889133068012,150.2108685312552,297283,0.07682761420196191,2.7025105350988476,57.157321474823654,1.142713092208983,-58.581192277303494,244.35102469784553,mean_reversion,-0.05091443396534723,0.019437641178981488,mean_reversion,0.07682761420196191,596,236,39.59731543624161,193,32.38255033557047,416,69.79865771812081,-0.01391940392530204,-0.057131549056712264,0.11359346749535358,262987,-0.08055074725874273,0.8747319249588511,-0.07384036653583838,0.8867420835419763,0.04847139273252314,34296,0.17634137207880454,1.1948872497798126,-0.04360332053215859,0.9566999563003972,0.294267479363593,4309,-0.06983515220989721,0.8911794468164184,-0.04631864315773777,0.9261550907314888,0.043264276466706705,258678,-0.0807292452333114,0.8744585006988332,-0.07429881721984025,0.8861108467505904,0.04855813170525913,26,19.230769230769234,19.230769230769234,mean_reversion,False
89,btc,unit_beta,z2,positive_residual,36,2120541,-0.03394440695911921,3.1054497523176834,46.36934631303993,0.9592614452788037,-86.04432965338714,1259.7136325577208,2120541,-0.08182611107635726,3.0263913258104767,43.52582666404469,0.9050076859515381,-92.66020451156672,615.1229384141055,2120541,0.07680557976485111,2.7815150098034076,53.84399547096708,1.1178326371028242,-86.30269822546572,1256.272900700014,mean_reversion,-0.03394440695911921,0.04788170411723805,mean_reversion,0.07680557976485111,596,247,41.442953020134226,92,15.436241610738255,541,90.77181208053692,0.015805239255975222,-0.07692045142780037,0.12025475656461751,1875303,-0.04881111272486281,0.941091725173517,-0.07779135953171523,0.9082150238366417,0.06737376246472589,245238,0.07973935299087336,1.0917985784205477,-0.11267932989204521,0.8835196591940865,0.14892945648206649,29814,-0.1845297235911551,0.7471570519812185,0.03925158939412118,1.0635620075956216,-0.029754641131969118,1845489,-0.04661856935865059,0.943845965045306,-0.07968219631225146,0.9063944360682608,0.0689428784143912,26,30.76923076923077,23.076923076923077,mean_reversion,False
90,btc,rolling_beta,z4,negative_residual,36,262024,0.02411363064777975,4.143300780733047,50.657191707629835,1.0224745712249417,-92.94174781637093,380.1445091876137,262024,-0.05107685819103055,5.194562445509889,43.89750557200867,0.9548734137665676,-79.21454938078077,1313.9506107412951,262024,0.07659848233135236,3.728843405905804,52.59785363172839,1.0886299146665552,-92.93523530648478,382.3155017539607,mean_reversion,0.02411363064777975,0.0751904888388103,mean_reversion,0.07659848233135236,596,285,47.81879194630873,270,45.30201342281879,342,57.38255033557047,0.0017149571925696432,0.08144034981107635,0.06152419389688543,232213,0.0844464922554732,1.0861311883535798,-0.15335188975399605,0.8621131716606778,0.12041222560164012,29811,-0.4458496309840787,0.7513906698470468,0.7455952395021346,1.5800905585589053,-0.26468898759663917,3677,0.031450834326846075,1.034289275695336,-0.08331600652027225,0.9159362154504702,0.12450360971731682,228536,0.08529915894345032,1.0869106995910178,-0.15447872291223122,0.8613427995952768,0.12034639781348715,26,73.07692307692307,23.076923076923077,mean_reversion,False
91,market_mom,rolling_beta,z4,positive_residual,12,355515,-0.04398230105786847,2.9010337733160494,51.616387494198555,0.9428660285713794,-69.53055830967142,234.07436068249083,355515,-0.0714761627375855,3.082382702475935,41.03343037565222,0.9107964761150392,-70.12635161399425,227.54193815688444,355515,0.07649866263746333,2.461966700372303,59.693683810809674,1.1364555481695224,-69.39890957212904,201.524041148636,mean_reversion,-0.04398230105786847,0.027493861679717034,mean_reversion,0.07649866263746333,597,247,41.37353433835846,168,28.14070351758794,460,77.05192629815745,-0.0052080803077475465,-0.04944622816074061,0.11857994580091549,316936,-0.06567938886702554,0.9116498723343242,-0.07204890473730968,0.9055980623447829,0.05832132383112036,38579,0.13426462659404115,1.1360629220693024,-0.06677094595061278,0.9400573066631207,0.22582998413172473,5040,-0.08343597993487087,0.8847099382320346,-0.03194565526530695,0.9556267435325128,0.04994031208873818,311896,-0.06539245598240404,0.9120734869747111,-0.07269694247212807,0.9048361833663122,0.058456754548993024,23,21.73913043478261,13.043478260869565,mean_reversion,False
92,market_mom,unit_beta,z4,positive_residual,36,361701,0.010021068597073954,4.40373095093641,50.382498251318076,1.0094387769452464,-91.62794172268165,1259.7136325577208,361701,-0.04720744042795581,4.748130163427941,41.37229369009209,0.9576842421879588,-92.66020451156672,1092.062890059706,361701,0.07617273556316352,3.8700375744312,58.696824172451834,1.0927588975368998,-91.57621844797154,1232.7469405859906,mean_reversion,0.010021068597073954,0.05722850902502977,mean_reversion,0.07617273556316352,597,315,52.76381909547739,224,37.52093802345058,409,68.50921273031825,0.07361340069630444,-0.0016942584829053792,0.15553799067660184,320056,-0.005197233544281428,0.9949587921127665,-0.06745961275917443,0.9375208056702333,0.0647099497945351,41645,0.12697890051335753,1.0978303956324467,0.1084373973110405,1.0779341255210364,0.16426814586365937,5819,0.009955985667010636,1.01192319666701,-0.1029703980797096,0.8858572146087299,0.2317933213373429,314237,-0.005477838891807363,0.9947052455164754,-0.06680202864342681,0.9383177176153524,0.061615921596049325,23,47.82608695652174,26.08695652173913,mean_reversion,False
93,market_mom,unit_beta,z4,negative_residual,36,260443,0.021340932355322098,4.447051481209557,46.03310513240901,1.0206789809720627,-91.54731537771033,430.6690654884933,260443,-0.04879353260614142,4.873350525531786,44.37938435665386,0.9543764789994357,-81.19351468768666,1080.6923399805032,260443,0.0698506962065973,3.5251427972975757,50.13150670204229,1.0966055929590746,-91.38063046713509,379.8106078601034,mean_reversion,0.021340932355322098,0.07013446496146353,mean_reversion,0.0698506962065973,597,287,48.073701842546065,261,43.71859296482412,351,58.79396984924623,0.03350779891690059,0.03713816647199084,0.09425227521902782,224720,0.03258961634966003,1.0334087554829272,-0.10358811240207687,0.9010941957748636,0.08125564563617113,35723,-0.049420321380579224,0.9643847510397928,0.295898625716022,1.24479480070731,-0.0018935647965057588,3967,0.004789491479473915,1.0055816806065605,-0.06788528436309535,0.9252069050443597,-0.03339372570400735,220753,0.03308919323133331,1.0338476804648864,-0.1042297033151365,0.9007195784625774,0.08331593046177481,23,65.21739130434783,21.73913043478261,mean_reversion,False
94,market_mom,unit_beta,z4,positive_residual,72,361665,0.09859734268565229,5.263222166162812,50.46272102636418,1.073800259505986,-84.24340675127833,997.1709929780976,361665,-0.05157890670463034,5.4393533872960695,42.297429942073464,0.9640657850267282,-90.90386088432834,533.3869148153632,361665,0.06879399690442428,4.447963405241843,57.64174028451744,1.0661005783905013,-84.37980938348534,972.112201283708,mean_reversion,0.09859734268565229,0.15017624939028262,mean_reversion,0.06879399690442428,597,388,64.99162479061977,238,39.86599664991625,380,63.651591289782246,0.2305220833378625,-0.01705595631642975,0.22055890751244006,320056,0.05256330047869615,1.0400702685458247,-0.05158553377612353,0.9626838799547218,0.04157984909743797,41609,0.45269072182452846,1.2973654994001365,-0.05152793133887239,0.9720393553018166,0.27812494190461234,5819,-0.011596043426281904,0.9891994429680055,-0.03798364227028269,0.9653183714122245,0.3211640241776912,314237,0.053751394885729935,1.0408387009702889,-0.05183741183845383,0.9626453777148222,0.0364025456137871,23,65.21739130434783,30.434782608695656,mean_reversion,False
95,market_mom,rolling_beta,z3_abs050,positive_residual,36,531017,0.03108526043649291,4.280387543038603,52.70810539022291,1.0276952544241214,-91.62794172268165,1259.7136325577208,531017,-0.07406414143750276,4.447266307048148,43.30840632220814,0.93801505852417,-92.66020451156672,1092.062890059706,531017,0.06790647038961443,3.714640558768043,58.4037799166505,1.0813381092356449,-91.55503739736173,1258.1769393775855,mean_reversion,0.03108526043649291,0.10514940187399567,mean_reversion,0.06790647038961443,596,367,61.577181208053695,173,29.026845637583893,429,71.97986577181209,0.09474636294918921,-0.07099485941637408,0.14214562161860572,471070,0.005073106865682293,1.0046054781229246,-0.0732286053739727,0.9367470923999273,0.046047865977326394,59947,0.23549157238874652,1.183066186187244,-0.08062987405876969,0.9457729845493126,0.23967374449001194,7770,0.0014880958845105213,1.0015344544312599,-0.08457342057943673,0.9174786668644528,0.1706472422471837,463300,0.005133231051574168,1.0046507313174857,-0.07303834158345589,0.9370326129531775,0.04395821099434172,23,47.82608695652174,17.391304347826086,mean_reversion,False
96,btc,rolling_beta,z3_abs050,positive_residual,12,602651,-0.04805895286225769,2.6878263057837755,50.03492900534472,0.9354328990447643,-69.9186715109381,310.1698297772943,602651,-0.08308133476724687,2.684508381041905,43.473917740118246,0.8921441325986305,-75.66856638083999,231.76792672030126,602651,0.06691909753360274,2.41595917434936,55.97949725462996,1.1143173492800669,-69.95914304315527,310.58020477815705,mean_reversion,-0.04805895286225769,0.03502238190498918,mean_reversion,0.06691909753360274,595,236,39.66386554621849,114,19.159663865546218,478,80.33613445378151,-0.0027645515725344487,-0.09347964970130933,0.10824182771074421,533985,-0.07654673591540147,0.895764650512033,-0.06771419476522401,0.908322473793442,0.045329875634374274,68666,0.17347788973281006,1.211097619313198,-0.20258476082934695,0.8007455785150137,0.23480889242276975,8308,-0.061880714103012095,0.90537352973782,-0.07449477112945195,0.8899680593936188,0.04424727385295012,525677,-0.07677852332329127,0.8956296515897588,-0.06760703194768784,0.9085880176873397,0.045346985486241616,26,23.076923076923077,26.923076923076923,mean_reversion,False
97,btc,rolling_beta,z3_abs050,positive_residual,6,602660,-0.045136257897366264,2.8098169522018592,49.43865529485946,0.9238592698610325,-60.11356323411772,774.6038858315494,602660,-0.09852024864538644,2.2790095439402056,42.26047854511665,0.841682459336153,-88.58909713587693,150.2108685312552,602660,0.06668510267077986,2.5060723846259276,56.17711479109282,1.1452665279690695,-58.581192277303494,715.0426899393412,mean_reversion,-0.045136257897366264,0.05338399074802018,mean_reversion,0.06668510267077986,595,229,38.48739495798319,92,15.46218487394958,470,78.99159663865547,-0.009266158578942257,-0.10905489171828116,0.10005560003144646,533985,-0.0813814283491205,0.8601662623998803,-0.08376985389374529,0.8584171551556161,0.035287406750778634,68675,0.23668940418752588,1.3496770092572867,-0.21321248805499946,0.752207711115161,0.31081904742275535,8308,-0.10113348793892134,0.8147319686636109,-0.06153548230334142,0.8853054986485612,0.010551887046962421,525677,-0.08106925925845827,0.8608391101196494,-0.0841212543909575,0.8580323790138539,0.035678336347659,26,19.230769230769234,11.538461538461538,mean_reversion,False
98,btc,rolling_beta,z3_abs025_vol15,positive_residual,12,593553,-0.04652490365905182,2.626019431560606,49.91348708539928,0.9348503241049309,-69.9186715109381,310.1698297772943,593553,-0.08733084079236858,2.6399694734878665,42.890019930823364,0.8825870903847085,-75.66856638083999,231.76792672030126,593553,0.06635521416092108,2.3727911749178197,56.231372767048605,1.1181382573102476,-69.95914304315527,310.58020477815705,mean_reversion,-0.04652490365905182,0.04080593713331676,mean_reversion,0.06635521416092108,596,229,38.422818791946305,110,18.456375838926174,482,80.87248322147651,-0.001190549940871488,-0.09261518044652008,0.1087875082939549,526503,-0.07426707545896127,0.894189205719949,-0.07315625906508015,0.8970858811588676,0.044649340334091944,67050,0.1713175524060879,1.2114460786695316,-0.19863523755840184,0.8018578214679433,0.2367982818335097,8195,-0.07327205208204715,0.8870075583077763,-0.06250394378632709,0.9051508710370125,0.04000682116487234,518308,-0.07428280783541254,0.8942939874260624,-0.07332468348397668,0.8969678051402656,0.04472274349320142,26,19.230769230769234,23.076923076923077,mean_reversion,False
99,market_mom,rolling_beta,z4,positive_residual,6,355520,-0.021684675875645678,3.4927116089057866,50.807549504950494,0.9651052672405018,-66.47751131891758,774.6038858315494,355520,-0.09710745433732311,2.751100120012151,40.02897164716472,0.8537024764605164,-88.58909713587693,197.71118966595026,355520,0.06588503491198695,2.2924672860144018,59.5752700270027,1.1444335697751877,-72.68928551015958,442.5913932350822,mean_reversion,-0.021684675875645678,0.07542277846167743,mean_reversion,0.06588503491198695,597,263,44.0536013400335,127,21.273031825795645,437,73.19932998324958,0.02173903012126739,-0.0871531199414226,0.09335298158781145,316936,-0.07327108795407206,0.8777741385794583,-0.08428798370362753,0.8637480358273237,0.0490834950348364,38584,0.4020555039524735,1.5014405259924495,-0.20240891983496243,0.8043647999775345,0.20389594208865502,5040,-0.09342210935274882,0.8442698960139043,-0.058327533717793346,0.902260724466695,0.020461459370322507,311896,-0.0729454629128746,0.8783159311798298,-0.08470748465243293,0.8631480260213874,0.04954600516561449,23,21.73913043478261,13.043478260869565,mean_reversion,False
100,market_mom,unit_beta,z4,positive_residual,12,361739,-0.053058387400080204,2.862193809414989,49.76018621160561,0.9298090892867552,-69.53055830967142,234.07436068249083,361739,-0.06364677205826116,3.0727987765411187,39.823740321060214,0.9183515758438504,-70.12635161399425,227.54193815688444,361739,0.06496596424956731,2.4396255845884403,59.34942043849295,1.1117364981001034,-69.31024562342084,132.570865138349,mean_reversion,-0.053058387400080204,0.01058838465818096,mean_reversion,0.06496596424956731,597,221,37.018425460636514,186,31.155778894472363,428,71.69179229480737,-0.022471423482980396,-0.03624310635643648,0.09492133112930336,320056,-0.06369136169438436,0.9126222667046229,-0.07535373739579637,0.8996072055675706,0.05746790561924488,41683,0.028585141634246077,1.0296773847878626,0.02624321901892165,1.026199163586708,0.12253856346235105,5819,-0.09812944723034214,0.8476080363656702,-0.02875693241148564,0.9542401468641617,0.05591643463033253,314237,-0.0630536416940861,0.9136835230058872,-0.07621661098548731,0.8987627157701717,0.0574966355577451,23,21.73913043478261,26.08695652173913,mean_reversion,False
101,btc,rolling_beta,z3_abs025_vol15,positive_residual,6,593562,-0.045167127626433025,2.778649961255161,49.13640024125534,0.9207280295225521,-60.11356323411772,774.6038858315494,593562,-0.10033252644340213,2.2404849693230022,41.55100899316331,0.833032214047626,-88.58909713587693,150.2108685312552,593562,0.06476950921548674,2.4814689849094016,56.354685778402256,1.146798546227943,-58.581192277303494,715.0426899393412,mean_reversion,-0.045167127626433025,0.0551653988169691,mean_reversion,0.06476950921548674,596,237,39.76510067114094,91,15.268456375838927,475,79.69798657718121,-0.007155611693406245,-0.10884213867483276,0.10024645830472775,526503,-0.0821970017408434,0.8525935308950857,-0.08523723947869466,0.8500648424453309,0.03236996534399125,67059,0.24556699920008315,1.3691679769912455,-0.21885075476144134,0.7441581994010291,0.31914933961817615,8195,-0.09733432622685957,0.8175407986269803,-0.06547256566920374,0.8758959240299372,0.015274462257526024,518308,-0.08195766456263483,0.853123372790284,-0.08554973996463884,0.8496862630881751,0.03264026340574907,26,15.384615384615385,15.384615384615385,mean_reversion,False
102,btc,rolling_beta,z3_abs050,negative_residual,36,541285,0.0009955702360850674,3.684050863915182,49.934138208152824,1.0009608749071692,-92.94174781637093,380.1445091876137,541285,-0.06426757743556659,4.388820896070358,45.59113960298179,0.9405696184032301,-79.21454938078077,1313.9506107412951,541285,0.06323285913312912,3.2865445537671683,51.06533526700352,1.0767614413680144,-92.93523530648478,382.3155017539607,mean_reversion,0.0009955702360850674,0.06526314767165166,mean_reversion,0.06323285913312912,595,267,44.87394957983193,255,42.857142857142854,350,58.8235294117647,-0.026930013741704343,0.03656586576389858,0.041375168943077564,480084,0.040091632233084804,1.0409468482113682,-0.12974752652950347,0.8788760031135093,0.08955520918108544,61201,-0.30568886021060054,0.7938978789470428,0.44938213222299417,1.3869380876098483,-0.14324969998229434,7768,-0.0005193515743801727,0.9993988641504357,-0.10091327393361955,0.8911836527763429,0.09136978038608848,472316,0.0407595454992379,1.0415486351659646,-0.1302217524167587,0.8787011477357748,0.08952536562482123,26,57.692307692307686,23.076923076923077,mean_reversion,False
103,btc,rolling_beta,z3_abs025,positive_residual,12,687194,-0.051683773827708605,2.5350009207927187,49.34661827664386,0.925345464130944,-69.9186715109381,310.1698297772943,687194,-0.08701042850635594,2.5319817731202425,43.197263072727644,0.8787780867297287,-75.66856638083999,231.76792672030126,687194,0.06189398221170636,2.2726506360341348,55.798217097355334,1.1153195466635477,-69.95914304315527,310.58020477815705,mean_reversion,-0.051683773827708605,0.03532665467864734,mean_reversion,0.06189398221170636,596,217,36.40939597315436,97,16.2751677852349,483,81.04026845637584,-0.0069570082753838015,-0.09434305269338565,0.10279408378493174,610144,-0.07768718316810448,0.8862575555797401,-0.07262157727278681,0.8945025494851699,0.04263715498591998,77050,0.15423217930125255,1.2013682181090368,-0.20095294955833146,0.788611292560204,0.21438506061339674,9279,-0.07195804003967535,0.8840081626305828,-0.07061994094207286,0.8885895807162756,0.035437392140922355,600865,-0.07777565681707493,0.8862890620716216,-0.07265248801565374,0.8945865297061859,0.04274833902799052,26,15.384615384615385,26.923076923076923,mean_reversion,False
104,btc,rolling_beta,z2,negative_residual,288,1954983,-0.03142592241219671,7.378919387526635,47.815402998389246,0.9860922942540793,-91.96308328826662,889.1235442829288,1954983,0.31726633409347094,7.3402227754593445,50.01327377271311,1.152071101879837,-89.91023917740884,1141.7722297953158,1954983,-0.06179522998129293,6.4956734444633435,44.94182302352501,0.9660914841250668,-91.9554288357207,896.462701046958,continuation,0.31726633409347094,-0.34869225650566765,continuation,0.06179522998129293,596,222,37.24832214765101,537,90.1006711409396,201,33.7248322147651,-0.10806684859499675,0.6582373702925869,-0.07260435508385843,1745378,0.040840405601601154,1.0185970772515744,0.21358464050587467,1.1014420961100493,-0.04924927347394934,209605,-0.6331866583491567,0.7729452218273108,1.1806223942567835,1.612805764894123,-0.16626524012835167,26006,0.9736392771999488,1.7648109159588297,-0.870652271655683,0.5998578221601218,0.7480215269188343,1719372,0.026731552220955992,1.0120955785222425,0.22998403815668764,1.1092862451249115,-0.06130822548376153,26,57.692307692307686,57.692307692307686,continuation,False
105,btc,rolling_beta,z3,positive_residual,12,695172,-0.05221054760035073,2.520893185804106,49.02542104687761,0.9239062929968521,-69.9186715109381,310.1698297772943,695172,-0.08715546560735357,2.5182320980048067,42.93455432612361,0.8774812219341549,-75.66856638083999,231.76792672030126,695172,0.06122783833183055,2.259971037476253,55.760301047798244,1.115246600012305,-69.95914304315527,310.58020477815705,mean_reversion,-0.05221054760035073,0.03494491800700284,mean_reversion,0.06122783833183055,596,217,36.40939597315436,96,16.107382550335572,482,80.87248322147651,-0.007418588883794257,-0.09417416287207918,0.10235075576576028,617532,-0.07792921259683488,0.884836733251411,-0.07293954792666489,0.893056235399347,0.04217239615792777,77640,0.15235022819316754,1.2001184459523293,-0.20022584269636629,0.7880378524098698,0.2127907610074435,9379,-0.0726256298464235,0.8819916168147042,-0.07055965413620388,0.8876975452888368,0.03487154533113764,608153,-0.0780110050119279,0.8848765832743953,-0.07297625090085195,0.8931322740741333,0.0422849906529059,26,15.384615384615385,19.230769230769234,mean_reversion,False
106,btc,rolling_beta,z3_abs025,positive_residual,6,687203,-0.050685148012448625,2.639350403267545,48.5869532001461,0.9079680059557586,-60.11356323411772,774.6038858315494,687203,-0.0994785399345642,2.1433229465954127,41.80162193704044,0.8279213928015743,-88.58909713587693,150.2108685312552,687203,0.06085767707425541,2.351585455333873,56.03366108704415,1.145060308078796,-58.581192277303494,715.0426899393412,mean_reversion,-0.050685148012448625,0.04879339192211557,mean_reversion,0.06085767707425541,596,209,35.06711409395973,87,14.59731543624161,479,80.36912751677852,-0.014057181674616876,-0.10866738157117377,0.09445053467202667,610144,-0.08324571872837437,0.8461117935174511,-0.08582820919514506,0.8439789370604348,0.033020420913440644,77059,0.2071255795975366,1.3297085922621394,-0.20756023576077762,0.7404664760225252,0.281269761619658,9279,-0.11041265929695931,0.7869171400401231,-0.05597039753708405,0.8878809050788491,0.003240380433122572,600865,-0.0828261868176524,0.8469868542162526,-0.08628929551965232,0.8433645810459228,0.03348030623812567,26,19.230769230769234,11.538461538461538,mean_reversion,False
107,market_mom,unit_beta,z3_abs050,positive_residual,36,578810,0.016664301594046298,4.1394236811762095,49.71493236122389,1.0156982713885159,-91.62794172268165,1259.7136325577208,578810,-0.06760949285137924,4.348776273909677,41.362277776817955,0.9397874909714407,-92.66020451156672,1092.062890059706,578810,0.06072267887991762,3.561651754194431,58.01420155145903,1.0730225474436486,-91.57621844797154,1232.7469405859906,mean_reversion,0.016664301594046298,0.08427379444542554,mean_reversion,0.06072267887991762,597,341,57.11892797319933,191,31.99329983249581,425,71.1892797319933,0.07293393148122165,-0.0564799692859501,0.12310473309534113,509121,-0.0020761969245585475,0.9980091047673139,-0.07508423575616321,0.9314230717319391,0.04780363009563058,69689,0.1535751676746419,1.1281833307952056,-0.013001899365656037,0.9902027253367873,0.1551042747717364,9103,-0.008606892821534469,0.98989425442835,-0.09158041803236444,0.8987280539063773,0.18164433417613468,500018,-0.0019573033552267023,0.9981293562396967,-0.07478391707311531,0.9319131315553986,0.045367013955322076,23,47.82608695652174,17.391304347826086,mean_reversion,False
108,btc,rolling_beta,z3,positive_residual,6,695181,-0.051189917777366714,2.624022480831169,48.24498943440629,0.9062278508439929,-60.11356323411772,774.6038858315494,695181,-0.09955994375702339,2.130337650955906,41.52098518227627,0.8262586435777255,-88.58909713587693,150.2108685312552,695181,0.060274386082561617,2.337840778256367,55.98340576051417,1.1451790548551724,-58.581192277303494,715.0426899393412,mean_reversion,-0.051189917777366714,0.04837002597965667,mean_reversion,0.060274386082561617,596,210,35.23489932885906,86,14.429530201342281,479,80.36912751677852,-0.014071971412114257,-0.10887505298984458,0.09443651337261572,617532,-0.08338482821369018,0.8444378230631322,-0.0860757197321555,0.842109419887624,0.03274673655830202,77649,0.20485185264548156,1.3280643291730279,-0.20679815455851117,0.7397848538096646,0.2791980614166297,9379,-0.11055616580068939,0.7849613743150248,-0.05618131478856526,0.8865197905296027,0.0030595815590114647,608153,-0.0829657889666117,0.8453170452051528,-0.08653675441251693,0.8414883213418656,0.03320457500806445,26,15.384615384615385,11.538461538461538,mean_reversion,False
109,market_mom,rolling_beta,z3_abs050,positive_residual,12,531062,-0.03933835313240831,2.832979889117734,51.9148423347933,0.9492300331576562,-69.9186715109381,310.1698297772943,531062,-0.08437440851168392,2.8582299077774054,41.97438340532744,0.8960232292096414,-75.66856638083999,231.76792672030126,531062,0.059853583803883316,2.37751203854274,58.88540321092452,1.1048361085346912,-69.81761435174789,309.0030055917557,mean_reversion,-0.03933835313240831,0.0450360553792756,mean_reversion,0.059853583803883316,596,243,40.77181208053691,130,21.812080536912752,456,76.51006711409396,-0.0066066565213214416,-0.08484782912068044,0.08833148433729963,471070,-0.058315536091791964,0.9229159007543426,-0.08123744708132996,0.8961425796244887,0.046937321210706845,59992,0.1096745415314943,1.1193850570263888,-0.10900649980713653,0.8953192673431615,0.1612748369670987,7770,-0.06164741844224434,0.9094975249913926,-0.07024885351142425,0.900157772347368,0.07268260763785449,463300,-0.058259657123816526,0.9231181881355264,-0.08142173668210306,0.8960821096127557,0.046505547250985504,23,17.391304347826086,8.695652173913043,mean_reversion,False
110,btc,rolling_beta,z3_abs050,negative_residual,72,541225,-0.005351902043541894,4.840504084319479,49.63259272945633,0.9961235593085068,-87.89688990366096,634.0210748197492,541225,0.04060827788265166,5.593920327697009,47.0903967850709,1.0294661034886878,-86.40363290896089,724.5830952845059,541225,0.05656177950399111,4.302961527794788,49.65162363157651,1.0517055912434665,-87.30452597148626,635.1697657207806,continuation,0.04060827788265166,-0.04596017992619355,mean_reversion,0.05656177950399111,595,252,42.35294117647059,368,61.84873949579832,314,52.773109243697476,-0.05129167901565391,0.2118112856865278,0.018587656971299445,480084,0.06190217289379573,1.0478189190019065,-0.08252123156958376,0.9397731445785517,0.10188821766181078,61141,-0.5334362531699018,0.7406436335642328,1.007430989579663,1.69928754824606,-0.299345021767802,7768,0.15826987034338505,1.15543651699985,-0.22136952880670463,0.8184799364353669,0.12305754858915728,472316,0.0603172503550962,1.0464315974465104,-0.0802376469081749,0.9415454809719015,0.10154005379981233,26,57.692307692307686,30.76923076923077,mean_reversion,False
111,btc,rolling_beta,z4,negative_residual,12,262038,-0.01073507050477971,2.924907718153406,50.98230027705905,0.9858421669666824,-82.091677860474,234.49646690475063,262038,-0.09684702671070526,3.4713459440252543,41.463070241720665,0.8822303272492519,-70.16404962910937,457.2839212994269,262038,0.05521118865114137,2.62841810815557,55.13933093673437,1.0911954596400861,-80.70953029779369,234.46356806859936,mean_reversion,-0.01073507050477971,0.08611195620592554,mean_reversion,0.05521118865114137,596,255,42.785234899328856,210,35.23489932885906,347,58.22147651006711,-0.033466805662489066,-0.018577427087900254,0.03246450811389529,232213,0.01780874077706945,1.0253856912780748,-0.1490285799894186,0.8136349280703392,0.08278232321583827,29825,-0.23297292630333888,0.80582724762753,0.3094307614371533,1.3097556140925901,-0.15945355135462422,3677,-0.1130534329389329,0.8334955087307949,0.0027514994792739653,1.004304810582311,-0.0018402641298631455,228536,0.01991423055878322,1.0283723172884671,-0.15147062567240238,0.8111907585529813,0.08414384723686846,26,46.15384615384615,23.076923076923077,mean_reversion,False
112,btc,unit_beta,z2,negative_residual,288,2050004,-0.007109475959328302,7.239776783320591,45.67713038608705,0.9966961226512563,-91.96308328826662,889.1235442829288,2050004,0.2730857404872445,7.221084503557991,47.50449267416064,1.135774598204,-89.91023917740884,1141.7722297953158,2050004,-0.05467844856375592,6.444195808267986,45.50517950208878,0.9698283638820068,-91.96227142729376,897.2703312813893,continuation,0.2730857404872445,-0.2801952164465728,continuation,0.05467844856375592,596,233,39.09395973154363,526,88.25503355704699,196,32.88590604026846,-0.08882608413897701,0.6111847490706563,-0.0830075915049978,1820740,0.061155482169936826,1.0290503139638252,0.1775719932787575,1.0869965340793732,-0.031495867988291716,229264,-0.5492475345480213,0.7822815403288527,1.0316248050258547,1.5813668724746535,-0.2387869512374018,29838,0.8810198770971592,1.798969426576982,-0.8181653585766091,0.5773303826117057,0.5933378095842801,1790902,0.047495821386801605,1.0223840583617991,0.19416185196709498,1.095042489747711,-0.04190614575413836,26,57.692307692307686,53.84615384615385,continuation,False
113,btc,unit_beta,z3_abs050,negative_residual,36,564491,-0.017898668300835918,3.6675994869494284,48.690413133247475,0.982572403099169,-92.94174781637093,380.1445091876137,564491,-0.045670629490403736,4.372922068660174,44.2111565994852,0.9567345531520125,-79.21454938078077,1313.9506107412951,564491,0.05419864272654613,3.316178381551535,51.29134034023571,1.0645407347678186,-92.94495732063643,381.63158368781626,mean_reversion,-0.017898668300835918,0.027771961189567818,mean_reversion,0.05419864272654613,596,237,39.76510067114094,267,44.79865771812081,342,57.38255033557047,-0.03799346154358961,0.04644956437868106,0.04284954956666819,497723,0.023474708976120185,1.0241266070156005,-0.11394811688074374,0.8915175867138804,0.08289857682310325,66768,-0.3263170941697914,0.7717978139221369,0.4633048656027879,1.423335887722289,-0.15974542177052964,8497,0.047102642736243594,1.0587535108728179,-0.1528518131313438,0.8330444116656727,0.09288581967183067,489226,0.02306433309021107,1.0236325791785703,-0.11327242771655098,0.8924008033071553,0.08272511588176819,26,57.692307692307686,19.230769230769234,mean_reversion,False
114,btc,unit_beta,z4,negative_residual,36,275830,-0.010954597618348187,4.103250102373725,47.65181452343835,0.9896132900282878,-92.94174781637093,380.1445091876137,275830,-0.016308517048191053,5.180274380058287,41.46938331581046,0.9849242493194852,-79.21454938078077,1313.9506107412951,275830,0.05386896710038673,3.7527054949607432,52.545770945872455,1.0610055546866275,-92.94495732063643,381.63158368781626,mean_reversion,-0.010954597618348187,0.0053539194298428665,mean_reversion,0.05386896710038673,596,257,43.12080536912752,300,50.33557046979866,312,52.348993288590606,-0.031427202839517755,0.11038573227653266,0.04301123460121394,240918,0.05736425412603089,1.059385025633929,-0.12901188265023106,0.8796942815152266,0.10715289037962424,34912,-0.482403988216203,0.7105785814843651,0.7614260565686821,1.6640329274005674,-0.31382856465337483,4505,0.055489125652977686,1.07249661286489,-0.13226342596423787,0.8490314731182307,0.04375349959446429,236413,0.0573999858910823,1.059187833524301,-0.12894992242541437,0.8801699816360041,0.10836100607329224,26,73.07692307692307,15.384615384615385,mean_reversion,False
115,market_mom,rolling_beta,z3_abs050,negative_residual,12,419373,-0.026385536496101942,2.90994069868705,47.796830029591796,0.9643150418112785,-85.99375087133095,369.69813414500214,419373,-0.09289266048806412,3.160284310966056,45.583764333898465,0.8803926115541991,-78.75226819034494,612.5405163171439,419373,0.05297979668939826,2.21641047871575,51.11702470116102,1.1062536325670138,-85.70955504324176,233.8216174293416,mean_reversion,-0.026385536496101942,0.06650712399196218,mean_reversion,0.05297979668939826,596,213,35.738255033557046,189,31.711409395973153,388,65.1006711409396,-0.03702787832012724,-0.04893795680798015,0.0518219800022336,367317,-0.026281822742741538,0.9627452673396176,-0.11506065531641024,0.8473387426653974,0.049994223454740874,52056,-0.027117360392349923,0.9722977343783363,0.06352891159514712,1.0676870906413864,0.07404656716416838,6260,-0.11977949614616697,0.8203564377427632,-0.015659914765813205,0.9749182614209011,-0.06306665149646902,361057,-0.024660761703887753,0.9650763538957637,-0.11678406363101633,0.8455118081206041,0.05195447094251859,23,26.08695652173913,4.3478260869565215,mean_reversion,False
116,btc,unit_beta,z3_abs050,negative_residual,72,564433,-0.010451541180449504,4.751987237987937,48.35560642272865,0.992241546481691,-85.5924838528486,634.0210748197492,564433,0.03533319396727878,5.385909423513735,45.68832793263328,1.0263108712673807,-86.40363290896089,592.6953878709762,564433,0.05259690978361813,4.298669019120477,49.98750958926923,1.0474402663053166,-84.1354639558959,635.00093435957,continuation,0.03533319396727878,-0.04578473514772828,mean_reversion,0.05259690978361813,596,237,39.76510067114094,362,60.738255033557046,313,52.51677852348993,-0.04745515255558682,0.1932600160574215,0.02638686206554293,497723,0.053523601197962456,1.0420904025092523,-0.07828724711067571,0.9416457080729679,0.0980374456675675,66710,-0.48776978117460806,0.744661788644463,0.8830547768580401,1.6527534681839107,-0.2864347172852911,8497,0.2366757818120466,1.2582411989562208,-0.3085660326494373,0.7431845407029953,0.1566542301651045,489226,0.050342568140279764,1.0393977676276878,-0.07428770734638915,0.9447271466356996,0.09701937463725516,26,57.692307692307686,38.46153846153847,mean_reversion,False
117,market_mom,unit_beta,z3_abs050,positive_residual,12,578872,-0.04732094864466649,2.7256370089421065,49.057131801158114,0.9353795077642828,-69.9186715109381,310.1698297772943,578872,-0.0808716990187355,2.797082598884581,39.94561837504664,0.8940390359574367,-75.66856638083999,231.76792672030126,578872,0.05245159065446982,2.2980942647316804,58.46370182009149,1.092433419421644,-69.75422540040461,307.16735617879215,mean_reversion,-0.04732094864466649,0.033550750374069016,mean_reversion,0.05245159065446982,597,218,36.515912897822446,141,23.618090452261306,428,71.69179229480737,-0.0182972704609799,-0.07653932256047644,0.07521776964777216,509121,-0.05918573479309424,0.9174001681663564,-0.0844766573992559,0.8861836649202194,0.04582813414992908,69751,0.03928156298489683,1.0463617949177764,-0.054558671024168885,0.9404720300814884,0.10079700217614358,9103,-0.0601791345989198,0.8999107874450519,-0.08131409469904037,0.8705387814103116,0.07002926072646404,500018,-0.05916764960729607,0.9176665618574665,-0.08453423294305648,0.8864240188677847,0.0453875443007113,23,21.73913043478261,8.695652173913043,mean_reversion,False
118,market_mom,unit_beta,z4,positive_residual,6,361745,-0.03822949737573414,3.7457388763150616,48.95437393744212,0.937694413292182,-63.83426075279163,863.4228876513346,361745,-0.0819871303601528,2.7573777683103713,38.8718572475086,0.8723390169354005,-89.64108065759365,175.9523292912852,361745,0.052367556254872695,2.3837793755250263,59.4153340059987,1.1097685132240416,-56.880060186040595,390.7807113722547,mean_reversion,-0.03822949737573414,0.04375763298441866,mean_reversion,0.052367556254872695,597,228,38.19095477386934,160,26.80067001675042,400,67.00167504187604,-0.0033717386519862306,-0.06304179104058337,0.06814993504364178,320056,-0.07125724918864754,0.8788496187166499,-0.0878842277277224,0.8558400257458172,0.04844022686182751,41689,0.21533211682066786,1.2662863272112037,-0.036713763403045434,0.958862700767972,0.08251856338434235,5819,-0.09568785028930979,0.819580630986275,-0.06263839006022173,0.8810411210904202,0.04206485680454087,314237,-0.07080484648684993,0.8798374851049989,-0.08835172687450389,0.8554379634071612,0.048558285137470965,23,21.73913043478261,13.043478260869565,mean_reversion,False
119,btc,rolling_beta,z3_abs025,negative_residual,36,627048,-0.011185074103656514,3.461664005093988,49.65425294395325,0.9883954300045209,-92.94174781637093,380.1445091876137,627048,-0.06809102092907876,4.110873503976274,45.29063165818247,0.9321787509170294,-79.21454938078077,1313.9506107412951,627048,0.05195325065972517,3.0761024713885874,50.96978221762927,1.0686367090493272,-92.93523530648478,382.3155017539607,mean_reversion,-0.011185074103656514,0.05690594682542224,mean_reversion,0.05195325065972517,596,245,41.10738255033557,247,41.442953020134226,345,57.88590604026846,-0.03189212641354826,0.03259599736843785,0.03603101206438095,558338,0.023218724878965154,1.0254644803941402,-0.12566643677948855,0.8734770933070612,0.07532266555540451,68710,-0.2907506150199572,0.7903364476144226,0.39976726076334,1.366319470709317,-0.13794679844555505,8874,0.0032693779279496745,1.0040460198924432,-0.11525301056108062,0.8692179217259283,0.09377237889330306,549464,0.023540912510626733,1.0257704685148463,-0.12583461657700418,0.8735380146160988,0.07502469743345194,26,61.53846153846154,19.230769230769234,mean_reversion,False
120,market_mom,rolling_beta,z4,negative_residual,12,257910,0.0010898454150045694,3.3261717399010706,47.913613275948975,1.0015233395917824,-82.091677860474,369.69813414500214,257910,-0.10361226544533263,3.412516140816306,43.84707843821488,0.865751186404656,-78.75226819034494,457.2839212994269,257910,0.05180908083706298,2.4069855874667394,52.310883641580396,1.109183370637231,-77.75307903433344,233.8216174293416,mean_reversion,0.0010898454150045694,0.10470211086033719,mean_reversion,0.05180908083706298,597,271,45.39363484087102,193,32.32830820770519,377,63.14907872696818,0.008600764365853974,-0.0508490300115932,0.07206327943164437,226485,-0.009596995871847345,0.9856203198458903,-0.1282107451038292,0.8250427321201149,0.04217592425844973,31425,0.07811161944372864,1.0735787923704292,0.07367291086189327,1.0699823777186803,0.12123678068454831,3646,-0.08994258343511247,0.8674262558765958,-0.01783004495940529,0.9729787816311904,-0.03238415157121127,222839,-0.008282414437467966,0.98758666785594,-0.13001674868815052,0.8228667882543279,0.04339584553109475,23,47.82608695652174,8.695652173913043,mean_reversion,False
121,market_mom,rolling_beta,z3_abs025_vol15,positive_residual,36,636229,0.01601078775464948,3.8831349614762343,51.67086064923164,1.015986012758331,-91.62794172268165,1259.7136325577208,636229,-0.08676653738929131,4.031248040929425,43.577391159472455,0.9188266676037681,-92.66020451156672,1092.062890059706,636229,0.05170362668949919,3.349087017881154,57.715225178355595,1.0724969890702807,-91.55503739736173,1258.1769393775855,mean_reversion,0.01601078775464948,0.10277732514394079,mean_reversion,0.05170362668949919,597,362,60.63651591289782,138,23.115577889447238,426,71.35678391959799,0.08658709615581539,-0.07423248948220723,0.13198018316646473,567712,-0.008802876782051194,0.9910423043385621,-0.08296488549801431,0.9197400337810028,0.0339416473866748,68517,0.22160961901491197,1.191439575376649,-0.11826592292135808,0.9130769666971924,0.1988742382744343,8880,-0.0045996977171016366,0.9948868496577625,-0.09113625102000407,0.9040941262109156,0.150560952561015,558832,-0.008869666497201275,0.9909864565890638,-0.08283504016733308,0.9199682919927596,0.03208853333818052,23,47.82608695652174,13.043478260869565,mean_reversion,False
122,btc,rolling_beta,z3,negative_residual,36,635297,-0.012276776358874772,3.4407091132566268,49.35471126103224,0.9871324546086128,-92.94174781637093,380.1445091876137,635297,-0.06848099373244025,4.084959489829895,45.008712460471244,0.931089193050874,-79.21454938078077,1313.9506107412951,635297,0.051304692766020246,3.0575278605865703,50.999296392081185,1.0685420707842515,-92.93523530648478,382.3155017539607,mean_reversion,-0.012276776358874772,0.05620421737356548,mean_reversion,0.051304692766020246,596,243,40.77181208053691,246,41.2751677852349,346,58.053691275167786,-0.03237686781020671,0.03273824499437489,0.03551266694899001,565952,0.021581602266541766,1.023915454783772,-0.12524906138891362,0.8725526784255095,0.07429904412840936,69345,-0.2886084094948145,0.7902307175611921,0.39482568196611684,1.3643550149350876,-0.1363613126020219,8991,0.0034138778292330998,1.0042693308014328,-0.11651209775099393,0.8666304892441054,0.09291702847516141,556961,0.02187488314332817,1.0241959628983974,-0.12539010185686117,0.8726375101386823,0.0739984947232236,26,61.53846153846154,19.230769230769234,mean_reversion,False
123,market_mom,rolling_beta,z3_abs050,positive_residual,72,530943,0.12571476854628216,5.203681951010595,52.805291716813294,1.0872158187423757,-84.24340675127833,425.8924830656983,530943,-0.07145984239274968,5.370438052596036,44.21642247849581,0.9541800101880734,-81.0226989219741,533.3869148153632,530943,0.05109701688353531,4.238783343439082,57.52896261933955,1.0470422768446905,-84.3926351603208,424.3684546020096,mean_reversion,0.12571476854628216,0.19717461093903182,mean_reversion,0.05109701688353531,596,445,74.66442953020135,206,34.56375838926174,399,66.94630872483222,0.24414049244710886,-0.08167011144221104,0.18489515241002813,471070,0.06598145248153726,1.0462915173231775,-0.05049437541660105,0.9664155479161639,0.01317394408139631,59873,0.5956857604561467,1.3799263695398771,-0.236412367378207,0.8818383031628413,0.34946893586043015,7770,-0.018971274038528375,0.9848052232883359,-0.011712367540842266,0.9906675030029298,0.24633652799333253,463300,0.06740619386953837,1.047192914524215,-0.05114478811074022,0.9660769802901277,0.009263576550647905,23,65.21739130434783,39.130434782608695,mean_reversion,False
124,market_mom,unit_beta,z3_abs050,positive_residual,72,578728,0.10073477495676288,5.119831654739229,49.8278984255125,1.0738964897813035,-84.24340675127833,832.5110309691635,578728,-0.06120057833043155,5.223898588381931,42.25059095118951,0.9581673261120466,-89.29769230135958,533.3869148153632,578728,0.05099729883993226,4.259890795703329,57.05132635711422,1.0471703178461933,-84.37980938348534,827.5221741608385,mean_reversion,0.10073477495676288,0.16193535328719444,mean_reversion,0.05099729883993226,597,419,70.18425460636516,214,35.845896147403685,403,67.50418760469012,0.2079786948133746,-0.0611786990439427,0.1710519291288346,509121,0.05284919377733149,1.0391094501421103,-0.05029007930734376,0.9645927387160541,0.020273694762912558,69607,0.45098051138633716,1.3110157486306877,-0.14100238236067944,0.9205600939024158,0.27571653729721884,9103,-0.03389262189034225,0.9692370141022836,-0.021122730265087784,0.9808713397455674,0.25013974318916016,500018,0.05442835842344983,1.0401430845875712,-0.050821080947948,0.9643632636472503,0.0160889041377268,23,65.21739130434783,34.78260869565217,mean_reversion,False
125,market_mom,rolling_beta,z3_abs050,positive_residual,6,531076,-0.03061356115053815,3.165238631515613,51.19775700653014,0.9503142434768879,-66.47751131891758,774.6038858315494,531076,-0.1027726896797489,2.4570607872522165,40.969277466878566,0.8435646827037256,-88.58909713587693,197.71118966595026,531076,0.050635848632000637,2.0893243430165196,58.95860479479396,1.11146600034204,-72.68928551015958,442.5913932350822,mean_reversion,-0.03061356115053815,0.07215912852921075,mean_reversion,0.050635848632000637,596,247,41.442953020134226,96,16.107382550335572,429,71.97986577181209,0.003789760323465231,-0.10940705863178915,0.06579056544250662,471070,-0.07050716240546173,0.882675729467616,-0.09090992548831973,0.8542135446924528,0.039954755399279125,60006,0.2825664332359706,1.3842649135611278,-0.19589991575141785,0.7868422281237544,0.13448650671849458,7770,-0.08815710544964994,0.8423589941196562,-0.07232684769211156,0.8718720414702182,0.02793248346119614,463300,-0.07021115537448104,0.8833041948006475,-0.09122158211356579,0.8539458841959098,0.04015638081037101,23,21.73913043478261,8.695652173913043,mean_reversion,False
126,market_mom,unit_beta,z3_abs025_vol15,positive_residual,36,640731,0.01015130395567785,3.8858378238996045,51.383653982716616,1.0101031961124969,-91.62794172268165,1259.7136325577208,640731,-0.07833547510887237,4.095021452970235,43.71600562482539,0.92650725450295,-92.66020451156672,1092.062890059706,640731,0.04994962330769386,3.2988194243478386,57.57580014077671,1.0684079401194666,-91.57621844797154,1232.7469405859906,mean_reversion,0.01015130395567785,0.08848677906455021,mean_reversion,0.04994962330769386,597,341,57.11892797319933,163,27.30318257956449,411,68.84422110552764,0.07633194901325616,-0.059489545317447004,0.12584828733807263,570635,-0.00872133455243009,0.9911045687524493,-0.08372795870096014,0.918822835124155,0.0351278378952112,70096,0.16378900189955725,1.1361672301208428,-0.03443653829976787,0.9744254849366135,0.17061028181676802,8982,-0.01758219181494327,0.9802565678383334,-0.0833149826650894,0.9106251410776375,0.14390137968234973,561653,-0.008579631009616475,0.9912619136858256,-0.08373456304697827,0.9189411393203806,0.03338832265656368,23,43.47826086956522,13.043478260869565,mean_reversion,False
127,market_mom,rolling_beta,z3_abs025_vol15,positive_residual,12,636279,-0.04814800186128923,2.5405442706229544,50.62150408861521,0.9302516196116893,-69.9186715109381,310.1698297772943,636279,-0.08943477600892724,2.587706937589037,41.93899217167312,0.8762944791349071,-75.66856638083999,231.76792672030126,636279,0.04737589679024288,2.1304101126504436,58.4820495411604,1.0973049444143599,-69.81761435174789,309.0030055917557,mean_reversion,-0.04814800186128923,0.04128677414763801,mean_reversion,0.04737589679024288,597,220,36.85092127303182,107,17.922948073701843,448,75.04187604690117,-0.01310232315967169,-0.08441594469785067,0.07877491278114568,567712,-0.06528493991737308,0.9031234584135016,-0.08514971378754933,0.8776484698834228,0.037473708077881654,68567,0.09374015684035328,1.1134603886775605,-0.12491366882650548,0.8680532671118697,0.12936273241484414,8880,-0.07730579994588974,0.8775911791660879,-0.063053497957523,0.90147858398471,0.05414090459223162,558832,-0.0650939250201353,0.903503291409974,-0.085500828964509,0.8773006870305884,0.037208861567575496,23,13.043478260869565,8.695652173913043,mean_reversion,False
128,btc,rolling_beta,z4,negative_residual,72,261987,-0.019389799285780683,5.362075817129792,49.9303400550409,0.9863874579833936,-85.5924838528486,634.0210748197492,261987,0.1094564285058608,6.390314049811809,45.8648711577292,1.0782872901494946,-86.40363290896089,592.6953878709762,261987,0.047326103615693005,4.807362252635313,50.79259657921958,1.0419519095446048,-83.28431987358404,635.1697657207806,continuation,0.1094564285058608,-0.12884622779164148,mean_reversion,0.047326103615693005,596,241,40.43624161073826,384,64.42953020134229,280,46.97986577181208,-0.08062932440182564,0.36232295269040704,-0.007676048523718688,232213,0.09078797048297771,1.0709165062541703,-0.0941381111453193,0.931860452241452,0.13039472633751742,29774,-0.8786868521276133,0.6552859761817347,1.69732835824387,2.1111664569766417,-0.6005416362950681,3677,0.16299102076345964,1.1507066109499637,-0.16992749498758425,0.8655317646010738,0.12098145958384145,228536,0.08962626897476327,1.0698346855636622,-0.09291870779360226,0.9328352678796005,0.1305461798584213,26,61.53846153846154,34.61538461538461,mean_reversion,False
129,market_mom,rolling_beta,z3_abs025,negative_residual,12,606190,-0.04088596476251123,2.4959104547622704,47.42819907949653,0.9352238925117755,-85.99375087133095,369.69813414500214,606190,-0.09954396551300128,2.7016568484270196,44.39548656361867,0.8503344971058041,-78.75226819034494,612.5405163171439,606190,0.04707779919427393,1.8672755912590404,51.81329286197397,1.12017448580542,-85.70955504324176,233.8216174293416,mean_reversion,-0.04088596476251123,0.05865800075049005,mean_reversion,0.04707779919427393,597,169,28.30820770519263,153,25.628140703517587,416,69.68174204355108,-0.043648289583036626,-0.05598217582141006,0.051696268421708796,536442,-0.038847916512816216,0.9356662106966444,-0.11753587794315468,0.8185241454733876,0.04497567721203078,69748,-0.056560889909653286,0.9327825996205257,0.03883444659711406,1.0485876854986402,0.06324552472616646,8119,-0.09377161700006142,0.8378266356504768,-0.055076461136187964,0.9030366078597241,-0.03492992994645224,528323,-0.03800387693048504,0.9371050015486279,-0.11849572259321854,0.8173872766255982,0.04620362607005838,23,21.73913043478261,4.3478260869565215,mean_reversion,False
130,btc,rolling_beta,z3_abs025_vol15,negative_residual,36,556579,-0.011756513126474749,3.5397773775351853,49.85563594745759,0.9880711188192802,-92.94174781637093,380.1445091876137,556579,-0.061390924653031934,4.256362611427551,45.176156484524206,0.9400420956232024,-79.21454938078077,1313.9506107412951,556579,0.04683001475684265,3.168735194171891,50.983059008694184,1.0601410111523601,-92.93523530648478,382.3155017539607,mean_reversion,-0.011756513126474749,0.04963441152655718,mean_reversion,0.04683001475684265,596,245,41.10738255033557,259,43.45637583892618,330,55.369127516778526,-0.03186164202024756,0.04119950394066324,0.031855705446347894,494941,0.02498360611479591,1.0269296537798063,-0.12405513929969611,0.8772472312359506,0.0706389654110981,61638,-0.3067724344314124,0.7884020441531142,0.44179037684011646,1.390749701401368,-0.1443511696710716,7968,-0.00692134288809416,0.9917339330230326,-0.09839263033498355,0.8903679631088013,0.0895145426761933,486973,0.025505644572071818,1.0274485845241013,-0.12447503705877276,0.8770569265893173,0.07033011748801342,26,57.692307692307686,19.230769230769234,mean_reversion,False
131,btc,unit_beta,z4,negative_residual,12,275869,-0.034516807501038985,2.918862059837258,47.89519663318459,0.9537415138369093,-82.091677860474,234.49646690475063,275869,-0.07177298301197405,3.515434373638286,39.24942635816275,0.9088500527678438,-70.16404962910937,457.2839212994269,275869,0.04679552175700558,2.671850528602569,54.71292533775089,1.075860723796926,-80.67602530437284,234.2201160180689,mean_reversion,-0.034516807501038985,0.03725617551093506,mean_reversion,0.04679552175700558,596,212,35.57046979865772,233,39.09395973154363,335,56.20805369127517,-0.05248770112589023,0.0026201266300369987,0.029384107262310617,240918,-0.004393520887328418,0.9936883178810532,-0.1268809303886228,0.8357639629316062,0.07474731594717145,34951,-0.24215727456641412,0.7781157705781676,0.3080872918324491,1.3462135086150713,-0.145876801000752,4505,-0.09281813058657597,0.8395945866681065,-0.03289134751858927,0.9421499673301947,-0.07885962413226004,236413,-0.0027085337390112324,0.9961214212944426,-0.12867196163829817,0.8342794691212546,0.07767439383653381,26,53.84615384615385,19.230769230769234,mean_reversion,False
132,market_mom,rolling_beta,z3_abs025_vol15,negative_residual,12,529797,-0.04015156962988065,2.5860847176897317,47.680526692299125,0.9383068195287025,-85.99375087133095,369.69813414500214,529797,-0.09594809580476676,2.8065048742131053,44.35491329697979,0.8597387986103896,-78.75226819034494,612.5405163171439,529797,0.046623522968452354,1.9518754795203141,51.918753786827786,1.1135901059747662,-85.70955504324176,233.8216174293416,mean_reversion,-0.04015156962988065,0.05579652617488611,mean_reversion,0.046623522968452354,597,180,30.150753768844222,168,28.14070351758794,403,67.50418760469012,-0.042845443925612084,-0.05209109425905101,0.0517043787676157,468380,-0.03859764583723548,0.9377728254041845,-0.11514435116875699,0.8265308776045763,0.04400300911107567,61417,-0.052002145626740354,0.9411646975186949,0.05044691025846813,1.0601399174504837,0.06660815719868418,7247,-0.0932280817021364,0.844086564439057,-0.050948778249972355,0.9132693561721476,-0.03718187606763898,461133,-0.03773909360021719,0.9391913761668548,-0.1161532256516988,0.8253266727306995,0.04527888150123234,23,21.73913043478261,4.3478260869565215,mean_reversion,False
133,market_mom,rolling_beta,z3,negative_residual,12,626003,-0.04269317035478025,2.458865068626854,47.03827297952246,0.9309991756442727,-85.99375087133095,369.69813414500214,626003,-0.09947738395656291,2.661374260972875,43.97407041180314,0.8473688157393973,-78.75226819034494,612.5405163171439,626003,0.04601119234965628,1.8383709843705318,51.88058204193909,1.1205016080655035,-85.70955504324176,233.8216174293416,mean_reversion,-0.04269317035478025,0.056784213601782665,mean_reversion,0.04601119234965628,597,166,27.80569514237856,151,25.293132328308207,417,69.84924623115577,-0.04468524832526591,-0.05554054186455605,0.05098250628125736,554927,-0.04082075644561708,0.9310027733803742,-0.11686281782307481,0.8157218835393131,0.043920570811708165,71076,-0.05731207171909716,0.9309791620212441,0.03625966735811213,1.0459540353409753,0.062333753244880344,8267,-0.09181434051106967,0.8391704337513378,-0.05784180357897399,0.8972625432080511,-0.032365046268378585,546660,-0.0400495934567957,0.9323421145738368,-0.11775537759469881,0.8146289872536127,0.045074218776441424,23,21.73913043478261,4.3478260869565215,mean_reversion,False
134,btc,unit_beta,z3_abs025,negative_residual,36,662767,-0.03064315140344181,3.4186436530283,47.11625654264621,0.9673598086450709,-92.94174781637093,380.1445091876137,662767,-0.050823055028143785,4.064841476556794,42.900747924987215,0.9471674823812956,-79.21454938078077,1313.9506107412951,662767,0.04424559727471797,3.0851186639646078,51.082054477667114,1.0577950563410365,-92.94495732063643,381.63158368781626,mean_reversion,-0.03064315140344181,0.020179903624701973,mean_reversion,0.04424559727471797,596,209,35.06711409395973,259,43.45637583892618,338,56.711409395973156,-0.04357519565606873,0.04155307184851585,0.03872233545363053,585207,0.005711685448931007,1.006401363567918,-0.11022158417748075,0.8849720736869282,0.06899809802294798,77560,-0.3049482701484977,0.7636224912943537,0.3973517135110011,1.401261358770531,-0.14251738242318632,10242,0.042452326600029545,1.0599773220475208,-0.16296163252373297,0.8023052756217083,0.06898802791192042,574965,0.005057214921734469,1.0056470713876757,-0.10928211207889689,0.8862357087024587,0.0689982774044358,26,61.53846153846154,19.230769230769234,mean_reversion,False
135,market_mom,rolling_beta,z3_abs025,positive_residual,12,730798,-0.050396063377831035,2.4819460152827255,50.27435762002633,0.9246885859522525,-69.9186715109381,310.1698297772943,730798,-0.0911316196239998,2.4930920240060037,42.08030125971883,0.8699066893155435,-75.66856638083999,231.76792672030126,730798,0.04414408347560634,2.0423433525467827,58.20349809386452,1.0954292653821824,-69.81761435174789,309.0030055917557,mean_reversion,-0.050396063377831035,0.04073555624616876,mean_reversion,0.04414408347560634,597,216,36.18090452261306,104,17.42043551088777,448,75.04187604690117,-0.017776862945289216,-0.0861943794886545,0.07386495327172693,651900,-0.06604402056557773,0.8991523842376783,-0.08721627334904264,0.8711201739446214,0.035066992514444624,78898,0.07889622908448882,1.1002294364902079,-0.12348242999491581,0.8623426074116506,0.11914415442266868,9946,-0.0850160243526626,0.8613005400185834,-0.060316196650047844,0.9019351761743936,0.04748744810780779,641954,-0.06575008120284101,0.8997007357746523,-0.08763304489785807,0.8706868604653321,0.0348745583971534,23,8.695652173913043,8.695652173913043,mean_reversion,False
136,market_mom,rolling_beta,z3_abs025,positive_residual,36,730742,0.009753383438246258,3.784133250916463,51.31482794200963,1.0099313662485323,-91.62794172268165,1259.7136325577208,730742,-0.08676888252979874,3.897042964959633,43.837086139841425,0.9169395303105818,-92.66020451156672,1092.062890059706,730742,0.044134772609811274,3.200129963546413,57.38619102227599,1.0642887418771876,-91.55503739736173,1258.1769393775855,mean_reversion,0.009753383438246258,0.096522265968045,mean_reversion,0.044134772609811274,597,334,55.9463986599665,131,21.943048576214405,423,70.85427135678393,0.07661049634972832,-0.07442799424885596,0.12019213764951844,651900,-0.014137456269662329,0.9853629736202247,-0.08219827178956093,0.9188335676371432,0.027735020403922728,78842,0.2072932531217349,1.1857292997563955,-0.12456068311275136,0.9048207341448168,0.1797350676685204,9946,-0.04346556130604146,0.9514587781356789,-0.05746480856210845,0.9368412012969211,0.12087344135513942,641954,-0.013683066496108743,0.9858494074445948,-0.08258147529831728,0.9185833026238331,0.02629199686207889,23,39.130434782608695,17.391304347826086,mean_reversion,False
137,btc,rolling_beta,z3_abs050,negative_residual,12,541326,-0.031998382641474456,2.4944985611317616,50.02697080871785,0.9543307578192518,-85.99375087133095,234.49646690475063,541326,-0.10161312854296231,2.9155215553659093,43.2055729819,0.8643418958956213,-70.16404962910937,612.5405163171439,541326,0.044042995834897423,2.2254081718994345,53.33625209208499,1.080510884504418,-85.91562381410591,234.46356806859936,mean_reversion,-0.031998382641474456,0.06961474590148786,mean_reversion,0.044042995834897423,595,196,32.94117647058823,166,27.899159663865547,366,61.51260504201681,-0.051091714695855266,-0.04758447762432337,0.027461161655992227,480084,-0.016211204920914955,0.9757933594424427,-0.13007626775566022,0.8235617860919349,0.05725126714283098,61242,-0.15575612126524727,0.8348833285069291,0.12151312020444771,1.1443879552569949,-0.05949836013972696,7768,-0.09918473759820023,0.8383828895565191,-0.046587645138633726,0.9219892424162242,0.00575841914205409,472316,-0.014846571070193916,0.9778614820282238,-0.1314493730929536,0.822254565078998,0.0580981502534392,26,42.30769230769231,7.6923076923076925,mean_reversion,False
138,btc,unit_beta,z3,negative_residual,36,670911,-0.03165896797787889,3.398214939015545,46.711858949994856,0.9659415133809589,-92.94174781637093,380.1445091876137,670911,-0.05121908635065407,4.04042248300834,42.548117410506016,0.9462116429230655,-79.21454938078077,1313.9506107412951,670911,0.043312338574791824,3.067003901897905,51.09112833147765,1.057074632600666,-92.94495732063643,381.63158368781626,mean_reversion,-0.03165896797787889,0.01956011837277518,mean_reversion,0.043312338574791824,596,205,34.395973154362416,258,43.288590604026844,338,56.711409395973156,-0.043964709643916626,0.040800107986155555,0.03826672257445477,592013,0.00428811252516419,1.0048500060780907,-0.10986702273856154,0.8842433726881043,0.06780377464980941,78898,-0.3013887326087699,0.7627265639558852,0.38884708471596746,1.3985757492123168,-0.14045972846213403,10407,0.041154575627668916,1.0589475990701105,-0.1629054698685163,0.7998440001585052,0.06613959332842255,581606,0.003628440373384867,1.0040885040462295,-0.10891797627191331,0.8855351143398755,0.06783355277281991,26,61.53846153846154,19.230769230769234,mean_reversion,False
139,btc,rolling_beta,z3_abs025,negative_residual,72,626988,-0.017619195454380586,4.556814394170451,49.52375484060301,0.9863193470678184,-87.89688990366096,634.0210748197492,626988,0.02629404683522971,5.257745003949668,46.777928764186875,1.0204688651315041,-86.40363290896089,724.5830952845059,626988,0.04326865014313149,4.0322507554498035,49.51928904540438,1.042866096917301,-87.30452597148626,635.1697657207806,continuation,0.02629404683522971,-0.0439132422896103,mean_reversion,0.04326865014313149,596,238,39.93288590604027,366,61.40939597315436,302,50.671140939597315,-0.05369090691839281,0.1987096775674446,0.014388513002704084,558338,0.04138024904004432,1.0341956845230182,-0.08145523725442644,0.9361428786354637,0.08220010798375764,68650,-0.49746816617729683,0.7409782686597571,0.902630824403336,1.6647751589363817,-0.2733651780843929,8874,0.17399412929086364,1.184083567586995,-0.25048801901205164,0.7856075599656955,0.14096012418616408,549464,0.039238497126641854,1.0323115508242229,-0.07872530971537546,0.938366686279155,0.08125111699657718,26,57.692307692307686,38.46153846153847,mean_reversion,False
140,market_mom,rolling_beta,z3,positive_residual,12,751350,-0.05179875925863653,2.4501488134141396,49.82338457443269,0.9212233648972377,-69.9186715109381,310.1698297772943,751350,-0.09120351883145665,2.461438149244836,41.82617954348839,0.8674313712577124,-75.66856638083999,231.76792672030126,751350,0.04279026022798006,2.0150565440386257,58.05616556864311,1.0945826365305318,-69.81761435174789,309.0030055917557,mean_reversion,-0.05179875925863653,0.03940475957282012,mean_reversion,0.04279026022798006,597,213,35.678391959798994,102,17.08542713567839,449,75.20938023450586,-0.01826588712128101,-0.08629226987045457,0.07329704115876799,671110,-0.06695824426695193,0.8958721238295565,-0.08750892863960244,0.8682731388051483,0.03395906827845946,80240,0.07499189358197428,1.0962887462761173,-0.12210427186803825,0.8621512364747724,0.11665243905702811,10094,-0.08525187438636142,0.8594837842244288,-0.06086074192949431,0.900012864969197,0.0462615248259991,661016,-0.06667889262882926,0.8963959406645662,-0.08791585796756402,0.867829617434934,0.03377120445006365,23,8.695652173913043,8.695652173913043,mean_reversion,False
141,btc,rolling_beta,z3,negative_residual,72,635237,-0.018638310457030988,4.529094501143123,49.23926030757025,0.985378811191991,-87.89688990366096,634.0210748197492,635237,0.024756031646711484,5.2248354589166945,46.499652885458495,1.019469950414724,-86.40363290896089,724.5830952845059,635237,0.042680041999762296,4.007700545397818,49.577244398547315,1.0427513945375946,-87.30452597148626,635.1697657207806,continuation,0.024756031646711484,-0.043394342103742475,mean_reversion,0.042680041999762296,596,239,40.100671140939596,366,61.40939597315436,302,50.671140939597315,-0.05410133626298739,0.19845945642514723,0.013989495242232204,565952,0.03945205878558738,1.0329433581070602,-0.08151334253118596,0.9354142555841575,0.08099849887798155,69285,-0.4931473766849064,0.741149076277068,0.8928135456068681,1.6621674605944134,-0.27032287792723436,8991,0.17197870081957584,1.1837567908681148,-0.2500154331610079,0.7840651400528603,0.13981757599538944,556961,0.037312686300749846,1.0310474226845086,-0.07879321976342893,0.9376526484857787,0.08004898477849773,26,57.692307692307686,38.46153846153847,mean_reversion,False
142,market_mom,unit_beta,z3_abs025_vol15,positive_residual,12,640777,-0.05244880097560839,2.5356673093662137,50.41644753166858,0.9242224349233883,-69.9186715109381,310.1698297772943,640777,-0.08414453122052624,2.6347358292492746,42.00478481593441,0.8832838269604365,-75.66856638083999,231.76792672030126,640777,0.04263121983035427,2.1130337205893306,58.29251049897234,1.0854337109057135,-69.75422540040461,307.16735617879215,mean_reversion,-0.05244880097560839,0.031695730244917855,mean_reversion,0.04263121983035427,597,213,35.678391959798994,134,22.445561139028477,426,71.35678391959799,-0.019357639496472987,-0.07564299517570959,0.07245771070596542,570635,-0.06386861356267802,0.9050790542478708,-0.08670455517225152,0.8754132526101441,0.03593380869299158,70142,0.04045623103976703,1.047651849536819,-0.06331764764588105,0.9314954270084911,0.09711750770878635,8982,-0.07706939480629708,0.877409272885439,-0.06414337805972345,0.8994196971381795,0.049957042203988535,561653,-0.06365750560611014,0.9054920577300443,-0.08706535533324915,0.8750619178185404,0.035709548013540475,23,8.695652173913043,8.695652173913043,mean_reversion,False
143,market_mom,rolling_beta,z3,positive_residual,36,751293,0.006769777204989956,3.736480395183182,50.91835009776479,1.007013777801902,-91.62794172268165,1259.7136325577208,751293,-0.08679895354925074,3.848302856318852,43.64249367423894,0.9153967253017372,-92.66020451156672,1092.062890059706,751293,0.04243158447359015,3.157646634525496,57.2494353068643,1.0631463081641508,-91.55503739736173,1258.1769393775855,mean_reversion,0.006769777204989956,0.0935687307542407,mean_reversion,0.04243158447359015,597,331,55.44388609715243,132,22.110552763819097,422,70.68676716917923,0.07524000551472013,-0.07407669697833864,0.11937751232614201,671110,-0.016445941570490858,0.9826623506310808,-0.08248749328065741,0.9170224078278002,0.026443663329275256,80183,0.2010790575688193,1.1820527854125784,-0.12288470864516568,0.9049324574425127,0.17624615563158103,10094,-0.04517117295976519,0.9490555696964795,-0.057131499291965454,0.9365101775486285,0.11810012325852623,661016,-0.016007294872614677,0.9831415782837902,-0.08287469026729888,0.9167534219692103,0.025044029573774877,23,39.130434782608695,17.391304347826086,mean_reversion,False
144,btc,unit_beta,z3_abs025_vol15,negative_residual,36,566650,-0.031242372512288716,3.574378284407287,49.822288890849734,0.9689635215185212,-92.94174781637093,380.1445091876137,566650,-0.038492303995420606,4.300456775106545,45.16244595429277,0.9624794025770488,-79.21454938078077,1313.9506107412951,566650,0.04228018513455187,3.2336604563405165,51.293214506309006,1.0525301960968603,-92.94495732063643,381.63158368781626,mean_reversion,-0.031242372512288716,0.00724993148313189,mean_reversion,0.04228018513455187,596,213,35.738255033557046,280,46.97986577181208,325,54.53020134228188,-0.04607298280974324,0.06088159566293635,0.03469609743168505,504164,0.007405050330861419,1.0078310841492084,-0.10494846677777127,0.8962377119870346,0.06985747368490834,62486,-0.34306644975029316,0.771152578761894,0.49770468177740945,1.4355827635843177,-0.18022527376347164,8239,0.05798408982952388,1.072200056494665,-0.1625142528316518,0.8252176357504183,0.12438331709313545,495925,0.006564760556340112,1.006925113018433,-0.1039921033935944,0.8973209279549491,0.06895161408145944,26,61.53846153846154,19.230769230769234,mean_reversion,False
145,btc,unit_beta,z3_abs025_vol15,positive_residual,12,596161,-0.07365130629136621,2.575988739651668,49.924600904789145,0.8981301332936888,-69.9186715109381,310.1698297772943,596161,-0.06054339427806481,2.685815246185743,42.77401574406914,0.9169693791605938,-75.66856638083999,231.76792672030126,596161,0.041754204562528534,2.3870489529082426,55.77989838315489,1.071748998237505,-69.97048277948362,310.6535163578008,continuation,-0.06054339427806481,-0.013107912013301401,mean_reversion,0.041754204562528534,596,179,30.033557046979865,161,27.013422818791945,410,68.79194630872483,-0.03397229325325728,-0.05942521991268879,0.07549920039769015,525056,-0.08420559750272925,0.8805466504355058,-0.06382870518604852,0.9094717751397988,0.036534830454613025,71105,0.0042840558670389235,1.0050022636178415,-0.03628388785654371,0.9600013641018216,0.08029528735003597,8312,-0.07574892365110178,0.8828106130410907,-0.059370418763582136,0.9090632300610032,0.04324614795619125,516744,-0.08434162592890289,0.8805133027948868,-0.06390041821366671,0.9094778530154275,0.036426876668844546,26,15.384615384615385,23.076923076923077,mean_reversion,False
146,market_mom,rolling_beta,z3_abs025_vol15,positive_residual,6,636294,-0.03752209216505266,2.9714225958230074,49.68395112950932,0.9315746169380086,-66.47751131891758,774.6038858315494,636294,-0.10543333772324971,2.2417433630802903,40.64504772950868,0.8199216901210103,-88.58909713587693,197.71118966595026,636294,0.041464795305577576,1.8978418756129827,58.64380302187354,1.1071416980479731,-72.68928551015958,442.5913932350822,mean_reversion,-0.03752209216505266,0.06791124555819705,mean_reversion,0.041464795305577576,597,229,38.358458961474035,81,13.5678391959799,429,71.85929648241206,-0.0013616521008731001,-0.10779834900915558,0.05788288025255203,567712,-0.07571328811431145,0.8584783178787663,-0.0924350867376346,0.8332041814102698,0.033172076805616735,68582,0.2786191728133035,1.4227607074407491,-0.21303100275992828,0.7477801025837747,0.11011073454691939,8880,-0.08536724828770506,0.832480224224978,-0.07984692099879633,0.846218091171739,0.024853237205255552,558832,-0.07555988393140899,0.8588715253561282,-0.09263511628454832,0.8330106258720079,0.03330426554150025,23,17.391304347826086,8.695652173913043,mean_reversion,False
147,market_mom,rolling_beta,z2,negative_residual,12,1916477,-0.06855235209392006,1.8035309344528867,45.97811505173294,0.8705918339140116,-85.99375087133095,234.49646690475063,1916477,-0.09794126822182941,2.000637247026815,43.941043905040345,0.8212274154425933,-70.16404962910937,612.5405163171439,1916477,0.04111775905155511,1.3609700827298525,51.39811226537026,1.1389942597296836,-85.70955504324176,233.8216174293416,mean_reversion,-0.06855235209392006,0.02938891612790935,mean_reversion,0.04111775905155511,597,54,9.045226130653266,72,12.06030150753769,482,80.73701842546063,-0.07077859275593956,-0.06995628103409963,0.04018541128547712,1707864,-0.0634159790218705,0.8772803824073163,-0.10871031778206916,0.7994801451457436,0.04258055752253517,208613,-0.11060259182165874,0.8261024126382193,-0.009777673152733903,0.9835562407448278,0.029142182995211933,24354,-0.05276039678045794,0.8863642447651761,-0.11264098221011586,0.7760449290379058,0.013346052926164888,1683510,-0.06357012485403513,0.8771624872010854,-0.10865345598648699,0.7997943348214953,0.04300346984556269,23,4.3478260869565215,0.0,mean_reversion,False
148,btc,unit_beta,z3_abs025,negative_residual,72,662708,-0.025097804390180483,4.4359253745225065,46.94179035110486,0.9796593300884555,-85.5924838528486,634.0210748197492,662708,0.02108503616978939,5.016907844697313,44.31514332104034,1.0171802715834193,-86.40363290896089,592.6953878709762,662708,0.041112222403050125,4.002434546875097,49.759320847190615,1.040549757661653,-84.1354639558959,635.00093435957,continuation,0.02108503616978939,-0.04618284055996987,mean_reversion,0.041112222403050125,596,214,35.90604026845637,350,58.7248322147651,316,53.02013422818792,-0.052357044683890956,0.18052218358383232,0.023622962625633785,585206,0.030765670565418915,1.026311726286059,-0.07690310602875021,0.9373441663140395,0.07842917718853305,77502,-0.44691454105331774,0.740412805823749,0.7609788291485319,1.620462599922314,-0.24066251685778647,10242,0.22838217298689098,1.2838247831450311,-0.3184675815228903,0.7075534406196425,0.13565329795702136,574964,0.027245470661075823,1.023172428620919,-0.07260004817119566,0.940968610572644,0.0774098273772217,26,53.84615384615385,34.61538461538461,mean_reversion,False
149,market_mom,unit_beta,z3_abs050,positive_residual,6,578890,-0.045002273800189424,3.3322177719841983,48.289485048973035,0.9230161644969447,-63.83426075279163,863.4228876513346,578890,-0.09289149120397164,2.4055298540228462,39.00032821434124,0.8489040057368397,-89.64108065759365,175.9523292912852,578890,0.04108925967516823,2.120583226106638,58.500924182487175,1.0906324480870602,-56.880060186040595,390.7807113722547,mean_reversion,-0.045002273800189424,0.047889217403782214,mean_reversion,0.04108925967516823,597,208,34.84087102177554,118,19.765494137353432,409,68.50921273031825,-0.013595315928643647,-0.09494083204341376,0.05377364629728457,509121,-0.07094830535688137,0.8754755899888164,-0.09319201186776244,0.8426706618783725,0.03672226488191321,69769,0.14433209436009053,1.2083717144732418,-0.09069852038785195,0.8835091203700721,0.07295626015011826,9103,-0.0782756237887397,0.8407255531345798,-0.08785477557882665,0.8271497518515212,0.04150756521411556,500018,-0.07081490899977985,0.8760199194218934,-0.09328917809365467,0.8429124983609513,0.03663514684031464,23,21.73913043478261,4.3478260869565215,mean_reversion,False
150,btc,unit_beta,z3_abs050,negative_residual,12,564562,-0.045679844548717576,2.4909932160810007,48.78985833265434,0.9343578944586316,-85.99375087133095,234.49646690475063,564562,-0.0872459960962391,2.9448041628411827,41.883265256960264,0.8807729937844319,-70.16404962910937,612.5405163171439,564562,0.0403743391225761,2.256548687690974,53.44568001388687,1.072320934720239,-85.95839884278158,234.2201160180689,mean_reversion,-0.045679844548717576,0.04156615154752153,mean_reversion,0.0403743391225761,596,161,27.013422818791945,174,29.19463087248322,362,60.738255033557046,-0.05793778626746386,-0.0396253950463599,0.030411563277132358,497723,-0.02786540648778327,0.9582014464931223,-0.11867305829794692,0.8360536436278658,0.05372783903197369,66839,-0.17833675974796337,0.8047929819658193,0.14677862546034626,1.1856378869043245,-0.05906377388637276,8497,-0.07676940115742559,0.867297338265969,-0.07364611736912767,0.8753404280846501,-0.018549024527731568,489226,-0.02701602962983226,0.9595683810592033,-0.1194550975130993,0.8354985171693321,0.05498316174513042,26,46.15384615384615,7.6923076923076925,mean_reversion,False
151,market_mom,unit_beta,z3_abs025,positive_residual,36,771149,-0.0009697474011165258,3.695759828237871,48.676066492986436,0.9989713399789739,-91.62794172268165,1259.7136325577208,771149,-0.07986354964046216,3.8574151837277584,41.96530112857567,0.9198520844202799,-92.66020451156672,1092.062890059706,771149,0.04032078286128643,3.1191861924262336,57.068608012199974,1.0575957248342172,-91.57621844797154,1232.7469405859906,mean_reversion,-0.0009697474011165258,0.07889380223934564,mean_reversion,0.04032078286128643,597,314,52.596314907872696,157,26.298157453936348,415,69.5142378559464,0.05940541217457755,-0.06212755849661945,0.10849760622691346,682223,-0.0183634221373871,0.9802230207141724,-0.082718431489955,0.9149540281570263,0.02992332512452969,88926,0.1324711468210759,1.1259594913219297,-0.057961450591739676,0.950846572686043,0.12008805913080768,11800,-0.05959262557110244,0.9225011243392776,-0.06010449847596844,0.922604662487611,0.13613180160047003,670423,-0.01763775401365347,0.9810618342745646,-0.0831164554383653,0.9148468919624806,0.02805396798371542,23,43.47826086956522,17.391304347826086,mean_reversion,False
152,market_mom,unit_beta,z3_abs025_vol15,negative_residual,12,529310,-0.04217469461063144,2.6133086398181673,47.70002456027659,0.9361399400513163,-85.99375087133095,384.7150424981494,529310,-0.09252145797454069,2.8626522439153756,44.28444578791257,0.8664022488228436,-79.41054204884408,612.5405163171439,529310,0.03994175162142911,2.009401220160321,51.594717651281854,1.0933206869834957,-85.87141813735396,233.84424390107577,mean_reversion,-0.04217469461063144,0.050346763363909246,mean_reversion,0.03994175162142911,597,161,26.96817420435511,183,30.65326633165829,387,64.82412060301507,-0.052207172857550735,-0.04188356010377951,0.036988153631740864,466902,-0.03369431682515277,0.9462075815366245,-0.11857053945281526,0.8241496344273463,0.04291584211441743,62408,-0.1056201719339803,0.8845863096530091,0.10236330424135062,1.1234469563917389,0.017691258105258033,7391,-0.08047107375097214,0.8651724575529728,-0.063797828682224,0.89350518041029,-0.02219572874176683,459511,-0.03294193655473763,0.9474485963427313,-0.11945153056141855,0.8231602751912112,0.0439631285127801,23,30.434782608695656,4.3478260869565215,mean_reversion,False
153,market_mom,rolling_beta,z4,negative_residual,6,257915,-0.0328016971863774,3.2063563129325887,47.54822325184654,0.9446400340163241,-87.07411590040913,368.85863792669113,257915,-0.05559989448669669,4.491527664176389,41.83587616075064,0.9114547873925742,-78.71422390778513,672.0957351090811,257915,0.039789153993076844,2.084045691194409,53.526161719946494,1.1037488319802042,-75.68941958734379,250.14155894427955,mean_reversion,-0.0328016971863774,0.02279819730031929,mean_reversion,0.039789153993076844,597,230,38.52596314907873,228,38.19095477386934,389,65.15912897822446,-0.04385557452762962,0.026697378909205958,0.0483448185306609,226485,-0.028087381698938034,0.9473463601873283,-0.12944582989853223,0.7817161917220475,0.034715037810683316,31430,-0.06677311758639991,0.9344234706575445,0.4765349028963642,1.5418299783421938,0.07635330300896588,3646,-0.07713564487539684,0.8576319974004785,-0.047142069309478854,0.9145468972605862,-0.0015215565944131442,222839,-0.027284874204552514,0.9488376387904892,-0.13079245015399776,0.779696695314297,0.03530792605376906,23,39.130434782608695,8.695652173913043,mean_reversion,False
154,btc,unit_beta,z4,positive_residual,12,304795,-0.08661537578454792,3.086697109906226,48.3206745517479,0.8926885596127697,-74.48906100075025,471.46229440758106,304795,-0.021791097530664282,3.235560751033536,40.23425581128299,0.9725390020024156,-82.53599566677552,291.2055132938032,304795,0.03961661366234583,2.919601812851343,56.4986302268738,1.0581063835649502,-74.7639808889881,477.65945105386197,continuation,-0.021791097530664282,-0.06482427825388364,mean_reversion,0.03961661366234583,596,192,32.214765100671144,248,41.61073825503356,371,62.24832214765101,-0.046743715930673974,0.0016409132302278905,0.07361927817297553,264987,-0.09306519616419955,0.8804009316548708,-0.03974040624628287,0.9480982252264717,0.040925260904584516,39808,-0.04368132853417755,0.9563257728812968,0.0976907520630258,1.0997988589589311,0.030905437346552773,4730,-0.06252671583251936,0.9101945870401686,-0.030622941925074997,0.9557812036409663,0.07394771600392877,260257,-0.09362021298207117,0.879917365163032,-0.03990611017063188,0.9479721514394057,0.04032509947714966,26,23.076923076923077,34.61538461538461,mean_reversion,False
155,market_mom,unit_beta,z3,positive_residual,36,782178,-0.0019631554457950787,3.67268713253042,48.599679356872734,0.9979014320220455,-91.62794172268165,1259.7136325577208,782178,-0.08033126252180528,3.832892281936416,41.977912955874494,0.9187523961815787,-92.66020451156672,1092.062890059706,782178,0.03954059928313345,3.09772404362761,57.00237030445755,1.0570770443779707,-91.57621844797154,1232.7469405859906,mean_reversion,-0.0019631554457950787,0.0783681070760102,mean_reversion,0.03954059928313345,597,313,52.428810720268004,155,25.963149078726968,412,69.01172529313233,0.05920740480042637,-0.06252763284797365,0.10838237469378544,692403,-0.0190294919823252,0.9793409042038386,-0.08329175579224896,0.9136886626185535,0.02923426010942858,89775,0.1296634958146121,1.1239393191869105,-0.05749801916970171,0.9509218570519834,0.11902976846041903,11904,-0.059332082369000595,0.9223008279831733,-0.06103235441119906,0.9209255500102937,0.13681049038602386,680499,-0.018324476933128952,0.9801656226509906,-0.08368114051440137,0.9135877631584524,0.02735242421369234,23,43.47826086956522,17.391304347826086,mean_reversion,False
156,btc,unit_beta,z3,negative_residual,72,670852,-0.026360734743884732,4.409611902331908,46.53872985397673,0.9784206923032107,-85.5924838528486,634.0210748197492,670852,0.02003382093505488,4.987059175809697,43.954553314292866,1.0164930819861744,-86.40363290896089,592.6953878709762,670852,0.03952720353250828,3.979208543331994,49.76224264070167,1.039312704421957,-84.1354639558959,635.00093435957,continuation,0.02003382093505488,-0.04639455567893962,mean_reversion,0.03952720353250828,596,212,35.57046979865772,349,58.557046979865774,313,52.51677852348993,-0.05309862767813667,0.1793543892082394,0.0222393729451014,592012,0.028853620721293046,1.0249041894041666,-0.07668874641016263,0.9369120995390042,0.07706977746506935,78840,-0.440967038747573,0.739775756261577,0.7463265725735233,1.6178805837119037,-0.24238114602309044,10407,0.22455286652314985,1.2829636035552248,-0.3163407289568596,0.705690445215941,0.1296281173332662,581605,0.025351859128700274,1.0217590792744018,-0.0724005126735829,0.9405629360348139,0.07612932020798209,26,53.84615384615385,34.61538461538461,mean_reversion,False
157,market_mom,unit_beta,z3_abs025,positive_residual,12,771220,-0.05537264128328664,2.4219717036760096,47.75135499598039,0.9139276166211779,-69.9186715109381,310.1698297772943,771220,-0.08804775905674955,2.473831930121642,40.22419024402894,0.8687285047037638,-75.66856638083999,231.76792672030126,771220,0.0393347074831361,2.0093744040257,57.79842327740463,1.0834427750050273,-69.75422540040461,307.16735617879215,mean_reversion,-0.05537264128328664,0.032675117773462915,mean_reversion,0.0393347074831361,597,187,31.32328308207705,115,19.262981574539364,429,71.85929648241206,-0.0257941812969478,-0.07969404146659931,0.0654795136713374,682223,-0.06611784256350409,0.8952602968937654,-0.08912433828670098,0.863543080072022,0.03444576989343729,88997,0.026996690862670057,1.0366885350923136,-0.07979504141463699,0.900953860350347,0.07681176479132762,11800,-0.08387587094188254,0.8427978903703982,-0.07007861341632021,0.8699520030312925,0.04379004547403626,670423,-0.0658052865580195,0.8960386401206341,-0.08945955881682965,0.8634502980163248,0.034281302904907586,23,13.043478260869565,8.695652173913043,mean_reversion,False
158,market_mom,rolling_beta,z3_abs025,positive_residual,6,730814,-0.044060633294707864,2.766454901790705,49.33074626375521,0.9166407103808569,-66.47751131891758,774.6038858315494,730814,-0.10518885693073685,2.1317925875445596,40.684633846642235,0.8132209145022405,-88.58909713587693,197.71118966595026,730814,0.03919492368622195,1.792825407379164,58.482869786293094,1.1072898026553013,-72.68928551015958,442.5913932350822,mean_reversion,-0.044060633294707864,0.06112822363602898,mean_reversion,0.03919492368622195,597,217,36.348408710217754,78,13.06532663316583,432,72.36180904522612,-0.010813447462964454,-0.10743359678941307,0.0556547811303781,651900,-0.07584863277803115,0.853267064180206,-0.09469801959876954,0.8235199648015747,0.03182263036704073,78914,0.21853658472970372,1.3497841426122326,-0.19185252696025626,0.75489632040066,0.10009663966531604,9946,-0.10101518446526428,0.7974333691509062,-0.06713188955620389,0.8637238842150564,0.01434302423618499,641954,-0.07545871929033383,0.8541011335257411,-0.09512511052647359,0.8229488470633483,0.032093447532410065,23,17.391304347826086,8.695652173913043,mean_reversion,False
159,btc,unit_beta,z3_abs050,positive_residual,12,621551,-0.07750828220709921,2.59574964662875,49.00643712261745,0.8946343229219637,-69.9186715109381,310.1698297772943,621551,-0.05614875053052654,2.6880402724717647,42.32926984269996,0.9238107240402161,-75.66856638083999,231.76792672030126,621551,0.039183534791246075,2.4005502120104607,55.48635590643406,1.065478950510832,-69.97048277948362,310.6535163578008,continuation,-0.05614875053052654,-0.021359531676572674,mean_reversion,0.039183534791246075,596,172,28.859060402684563,156,26.174496644295303,405,67.95302013422818,-0.04003728456898561,-0.059732358524820756,0.07025355318208515,543963,-0.08868201507094356,0.8773555156263171,-0.05776726537888854,0.9194773699456712,0.03332648201402064,77588,0.000829827420875512,1.0010077313310912,-0.044801477853572094,0.9487453852758637,0.08024684354850091,8550,-0.06147496065810017,0.9043013651584462,-0.07508710518742355,0.8870289689737108,0.04666783006068937,535413,-0.08911648400470087,0.8769739223316899,-0.057490685186844366,0.9199568773419184,0.03311343428115086,26,19.230769230769234,26.923076923076923,mean_reversion,False
160,market_mom,unit_beta,z3,positive_residual,12,782249,-0.0557964842676918,2.4064456881844465,47.6414798868391,0.9125653439359374,-69.9186715109381,310.1698297772943,782249,-0.08834449350004764,2.4578414082257276,40.207274154393296,0.8672187419037811,-75.66856638083999,231.76792672030126,782249,0.03875639254772483,1.9954875200406381,57.730850406967605,1.083126790198438,-69.75422540040461,307.16735617879215,mean_reversion,-0.0557964842676918,0.03254800923235584,mean_reversion,0.03875639254772483,597,185,30.98827470686767,114,19.09547738693467,428,71.69179229480737,-0.02596967523226008,-0.07987065075199166,0.06531899583113382,692403,-0.06630417881664695,0.8940829310218533,-0.08951545594706471,0.8618238073012714,0.033919107151602707,89846,0.025181625261726775,1.0344112986444927,-0.07932040883070345,0.9008775231374067,0.07603519093753809,11904,-0.08399433440743172,0.8415807372670391,-0.07034929859126908,0.868639507841712,0.04408738334041021,680499,-0.06599472411920766,0.8948587294326353,-0.08985073041060311,0.8617255440162301,0.03374123303312268,23,13.043478260869565,8.695652173913043,mean_reversion,False
161,market_mom,rolling_beta,z3_abs050,negative_residual,6,419381,-0.051725583899671135,2.6476489916454953,47.61493725276062,0.9126479850434874,-87.33724627380145,368.85863792669113,419381,-0.06493135767225768,3.9999205302435796,43.60855642005718,0.8949303627575399,-78.71422390778513,688.1397839365923,419381,0.03874222152584752,1.8258072188702705,52.391739253805014,1.099167410469048,-81.24591245993494,192.9197849670011,mean_reversion,-0.051725583899671135,0.01320577377258654,mean_reversion,0.03874222152584752,596,170,28.523489932885905,198,33.22147651006711,389,65.26845637583892,-0.06858050478743999,-0.010887476446414773,0.034837267859848635,367317,-0.041339567382571975,0.9249719457382292,-0.12118465338528281,0.7971215570131771,0.03833133418730185,52064,-0.12500002360870838,0.8583664559741894,0.331941564527751,1.4346345624385564,0.04164107494726263,6260,-0.11039332566928496,0.7893084035141151,-0.040626436349842886,0.9194000890055112,-0.031610563100559895,361057,-0.040142314519797266,0.9272067825958998,-0.12258137035418736,0.795337383877933,0.03954398558866519,23,21.73913043478261,4.3478260869565215,mean_reversion,False
162,btc,unit_beta,z3_abs025_vol15,negative_residual,72,566594,-0.024636770526599506,4.6510518039872375,49.556649029110794,0.9813390818549362,-85.5924838528486,634.0210748197492,566594,0.04009053510787283,5.2913605306838045,46.702400660790616,1.030672779458278,-86.40363290896089,592.6953878709762,566594,0.03853197427546066,4.19514085132908,49.8699244962001,1.0362770319156616,-84.1354639558959,635.00093435957,continuation,0.04009053510787283,-0.06472730563447233,mean_reversion,0.03853197427546066,596,230,38.59060402684564,371,62.24832214765101,311,52.18120805369127,-0.05198240858338244,0.2075201511034972,0.019640294551717556,504164,0.03442297841477386,1.0278314775035615,-0.06929946639106964,0.9464353299661092,0.08091401838787074,62430,-0.5015837393761673,0.7484185685875004,0.9234879516658235,1.6529485167197335,-0.3037313748818216,8239,0.2759439637128555,1.3019939589101737,-0.345084252493074,0.7213920286627479,0.18615733497285497,495925,0.03041049386999208,1.0244810804788944,-0.06471774364530286,0.9500121515021781,0.07916556915594318,26,53.84615384615385,42.30769230769231,mean_reversion,False
163,market_mom,rolling_beta,z3,positive_residual,6,751366,-0.04539001164587483,2.7291636504713725,48.85422018031159,0.9125938518686524,-66.47751131891758,774.6038858315494,751366,-0.10520903134885484,2.1030095210185924,40.378324278713706,0.8098215921322258,-88.58909713587693,197.71118966595026,751366,0.0382702763311476,1.7680844577079566,58.35118969982672,1.1072043359192338,-72.68928551015958,442.5913932350822,mean_reversion,-0.04539001164587483,0.059819019702980016,mean_reversion,0.0382702763311476,597,215,36.01340033500838,77,12.89782244556114,434,72.69681742043551,-0.01107538949755299,-0.10780102637198456,0.05553860157175102,671110,-0.07631119277892541,0.8496393542750261,-0.09504155449965027,0.8196312333490026,0.03108982349704074,80256,0.21317649889790405,1.3450592282534302,-0.19023065450811502,0.7539044816229384,0.09831405750012484,10094,-0.10105724784739206,0.7952855976083807,-0.06754562108874737,0.8614383748283796,0.013796510859186248,661016,-0.075933309823201,0.8504463378303785,-0.09546142928611481,0.8190412937021008,0.03135389985489973,23,17.391304347826086,8.695652173913043,mean_reversion,False
164,market_mom,unit_beta,z3_abs025_vol15,positive_residual,72,640654,0.09449392034890948,4.850606380847643,51.63910628826168,1.0730013132620813,-84.24340675127833,832.5110309691635,640654,-0.0807278806981726,4.9267754332538525,44.68621127785045,0.9422452161784302,-89.29769230135958,533.3869148153632,640654,0.03809676169263437,3.9360264375687666,56.51037845701424,1.0400661212658975,-84.37980938348534,827.5221741608385,mean_reversion,0.09449392034890948,0.17522180104708207,mean_reversion,0.03809676169263437,597,423,70.85427135678393,189,31.65829145728643,389,65.15912897822446,0.21787997019866673,-0.06810439397324951,0.17592268516174617,570635,0.04552942800295065,1.0357278934785148,-0.06744393419869783,0.9498874548131077,0.007218383434497666,70019,0.4935406518051745,1.338499690974711,-0.18898827874338642,0.8962119073180903,0.2897467906466592,8982,-0.07344746592634784,0.937458540504614,0.01862259934250449,1.0164007847854095,0.18622128472896315,561653,0.047432116070624086,1.0371743408804825,-0.06882031713312013,0.9489922784967647,0.004355754623778437,23,60.86956521739131,34.78260869565217,mean_reversion,False
165,btc,rolling_beta,z2,positive_residual,12,2019617,-0.0674417190592959,2.015087903521449,46.91037954225975,0.8796945199381973,-69.9186715109381,740.0106330149821,2019617,-0.09642989245415752,1.9021216051627936,43.573509234671725,0.8332601086062578,-88.1191742180835,231.76792672030126,2019617,0.03797778407013998,1.7567659787776173,54.26147630961712,1.0926617543283865,-69.95914304315527,666.8200008828472,mean_reversion,-0.0674417190592959,0.02898817339486162,mean_reversion,0.03797778407013998,596,126,21.140939597315437,30,5.033557046979865,537,90.1006711409396,-0.03661344571223443,-0.10372060003128193,0.06575002184382284,1799583,-0.08181091705372702,0.8532810729505877,-0.08721051472613005,0.8453705704537487,0.027872954965836798,220034,0.05007904788768605,1.08560604433819,-0.17183203680428955,0.7529417806653517,0.12062173306897313,26023,-0.08392408022987412,0.8304003922516338,-0.0859311104087215,0.8289367246891829,0.03049445248534816,1773560,-0.08177991114170094,0.8535785136136881,-0.08722928710403215,0.8455849935212281,0.027834490391787862,26,3.8461538461538463,3.8461538461538463,mean_reversion,False
166,market_mom,unit_beta,z3_abs025_vol15,positive_residual,6,640790,-0.047717982693481965,3.043257741558091,49.42617706268825,0.9133395708799843,-63.83426075279163,774.6038858315494,640790,-0.09646806340575848,2.2773184634327652,40.74782690116887,0.8338235904202584,-88.58909713587693,175.9523292912852,640790,0.03791765349062478,1.892019036151283,58.41742224441705,1.0958222202558034,-56.880060186040595,345.53510484244265,mean_reversion,-0.047717982693481965,0.04875008071227651,mean_reversion,0.03791765349062478,597,203,34.003350083752096,113,18.927973199329983,409,68.50921273031825,-0.018162256216547733,-0.09319294784927783,0.05271436543223298,570635,-0.07369007858531143,0.8618775738632761,-0.0947247196020975,0.8291512776703792,0.03214458402252635,70155,0.16353690917786176,1.2370526174263032,-0.11064827852089104,0.8604065666344539,0.08487532572964289,8982,-0.07310843798780768,0.8535973447059073,-0.09283824319447882,0.8220437588276501,0.031453893283258975,561653,-0.07369938022858015,0.8620013898582878,-0.0947548882847062,0.8292581278096087,0.03215562960444276,23,17.391304347826086,4.3478260869565215,mean_reversion,False
167,btc,rolling_beta,z3_abs025,negative_residual,12,627089,-0.03993397624077793,2.3395976976394737,49.513067523110756,0.9384879714090769,-85.99375087133095,234.49646690475063,627089,-0.10170162404454414,2.728486364686318,42.74321507792355,0.8532060867723313,-70.16404962910937,612.5405163171439,627089,0.037614255708556435,2.0804409599533944,53.23183790498637,1.0752679201908006,-85.91562381410591,234.46356806859936,mean_reversion,-0.03993397624077793,0.06176764780376621,mean_reversion,0.037614255708556435,596,162,27.181208053691275,150,25.16778523489933,364,61.07382550335571,-0.05430144438273615,-0.04907078750771171,0.02527318987980367,558338,-0.026131913566636113,0.957906112072155,-0.12662222983638052,0.814138462049587,0.04901369127908734,68751,-0.15202276141270274,0.8272252784873267,0.10068264958932772,1.1279978868864382,-0.05496240583206257,8874,-0.08976589168231848,0.8423859491337621,-0.06220912362948654,0.8902003272261241,0.01275960531237845,549464,-0.025104206707226642,0.9596154319073329,-0.12766251983623472,0.8131196350383827,0.049599205086850194,26,42.30769230769231,7.6923076923076925,mean_reversion,False
168,market_mom,unit_beta,z3_abs050,negative_residual,12,460390,-0.03379990758002742,2.8074587580400197,45.04659093377354,0.951651505824926,-85.99375087133095,384.7150424981494,460390,-0.09131894339716039,3.0627539771971923,42.64341102109081,0.875487413323019,-79.41054204884408,612.5405163171439,460390,0.037600025981514726,2.2057601148710604,50.73524620430504,1.0746367039790483,-85.87141813735396,233.84424390107577,mean_reversion,-0.03379990758002742,0.05751903581713297,mean_reversion,0.037600025981514726,597,188,31.490787269681743,175,29.31323283082077,360,60.301507537688444,-0.04587523996300929,-0.04693150395542085,0.03580780364721992,398306,-0.02537489156176148,0.962165168793219,-0.11880319830690875,0.8353290025620534,0.04302686992588597,62084,-0.08785142536514837,0.9003251617846836,0.08500899352833191,1.1049364735044658,0.002783575622214992,6905,-0.1069045138387016,0.8279429678748326,-0.03370510169116259,0.9431702311932962,-0.06206860159620208,391401,-0.02393656605461593,0.9643560256320097,-0.12030447795906007,0.8337699017407036,0.04488093833874146,23,30.434782608695656,4.3478260869565215,mean_reversion,False
169,btc,rolling_beta,z3,negative_residual,12,635339,-0.0406491161848195,2.3249752762206346,49.17815528402947,0.9367600533701465,-85.99375087133095,234.49646690475063,635339,-0.10170914000182188,2.711478584586891,42.44789002406589,0.8517256150064412,-70.16404962910937,612.5405163171439,635339,0.03713400212135,2.067395098685033,53.22465644325313,1.075156974482697,-85.91562381410591,234.46356806859936,mean_reversion,-0.0406491161848195,0.06106002381700238,mean_reversion,0.03713400212135,596,161,27.013422818791945,150,25.16778523489933,363,60.90604026845637,-0.05477247909357784,-0.048818937587780484,0.024746137385997225,565952,-0.027083490405650935,0.9559279433339446,-0.12626871072594956,0.8127375395962709,0.04833728942124657,69387,-0.15129654352671407,0.8267298909955556,0.09860991357394179,1.126245593252307,-0.05424511578187484,8991,-0.08926148217229499,0.8416809650592095,-0.06332608135340645,0.8872571507891398,0.012868388563726171,556961,-0.02607975347618211,0.9576177589888939,-0.12728479117087937,0.8117381537376765,0.04890986252351045,26,42.30769230769231,7.6923076923076925,mean_reversion,False
170,market_mom,unit_beta,z2,negative_residual,12,2012103,-0.0702735282566524,1.8043647935649694,43.84522064725315,0.8628961090813948,-85.99375087133095,384.7150424981494,2012103,-0.0969909571729161,1.9758729360193317,41.85923881630314,0.8167784701645571,-79.41054204884408,612.5405163171439,2012103,0.037124280578693845,1.392606072733791,50.98600817154987,1.1194839265369334,-85.87141813735396,233.84424390107577,mean_reversion,-0.0702735282566524,0.026717428916263705,mean_reversion,0.037124280578693845,597,51,8.542713567839195,70,11.725293132328309,464,77.72194304857621,-0.07333275286402453,-0.06831831812054194,0.03480312303666287,1780173,-0.06510807335330315,0.8703999245018572,-0.10784356257317325,0.7951504934559843,0.038712621241255546,231930,-0.1099208500850495,0.8139119861621503,-0.013692051842893942,0.9751826852055993,0.02493301096159204,27513,-0.05050429949278027,0.8811347950315618,-0.11880621078002472,0.7459673186977809,0.005674801900020282,1752660,-0.06533732125661837,0.8702577470251731,-0.10767147252712034,0.7958351719065923,0.039231244090830134,23,8.695652173913043,0.0,mean_reversion,False
171,btc,unit_beta,z3_abs025,positive_residual,12,717360,-0.07835671008011919,2.432183649621725,47.19541095126575,0.8837603631763018,-69.9186715109381,310.1698297772943,717360,-0.06337582671985328,2.5174970029851007,41.13903758224601,0.906426481301996,-75.66856638083999,231.76792672030126,717360,0.03654773307446281,2.2461790825312904,55.318807851009254,1.0670756123517042,-69.97048277948362,310.6535163578008,continuation,-0.06337582671985328,-0.0149808833602659,mean_reversion,0.03654773307446281,596,161,27.013422818791945,138,23.154362416107382,409,68.6241610738255,-0.04107182167799077,-0.06379996769112589,0.06762471934143191,628263,-0.0887572884771886,0.8662487068372441,-0.06408788673629781,0.902882985827511,0.03202565665655979,89097,-0.005017556287309214,0.9932930607612154,-0.058354771441768746,0.9270417481789658,0.06843492676831348,10189,-0.07749078303312215,0.8657336486145277,-0.06891527492487746,0.8821636828325842,0.05353973548832079,618074,-0.08894301773285945,0.8662560755644053,-0.06400830685063133,0.9031851258845862,0.03167099532277646,26,11.538461538461538,26.923076923076923,mean_reversion,False
172,btc,unit_beta,z3,positive_residual,12,725353,-0.07855945308506865,2.4189425907905973,46.81430972230073,0.8824251634291733,-69.9186715109381,310.1698297772943,725353,-0.06380463525082403,2.503778062166023,40.81915977462008,0.9049615056148345,-75.66856638083999,231.76792672030126,725353,0.036362268078193226,2.234020003707419,55.3111381630737,1.0673372925527576,-69.97048277948362,310.6535163578008,continuation,-0.06380463525082403,-0.014754817834244621,mean_reversion,0.036362268078193226,596,160,26.845637583892618,138,23.154362416107382,408,68.45637583892618,-0.041332463455913244,-0.06398317604860043,0.0673727470672873,635150,-0.08884848895014669,0.864955126929071,-0.06449682338656777,0.9014258324358058,0.03178738465047821,90203,-0.006110852376619571,0.991745660774756,-0.058930703181849876,0.925542615630683,0.0685755781578265,10556,-0.0782569847777872,0.8604229453823979,-0.07000767188668973,0.8767700758706884,0.05113861250691659,624594,-0.08902749149907178,0.8650202391442439,-0.06440368685825135,0.9017868333863894,0.031460337702776946,26,11.538461538461538,26.923076923076923,mean_reversion,False
173,btc,rolling_beta,z3_abs025_vol15,negative_residual,72,556523,-0.019633079974980247,4.672914396154172,49.593098578136036,0.9850446668217353,-87.89688990366096,634.0210748197492,556523,0.039284077308921445,5.435873915588602,46.76536279722491,1.0301208289379524,-86.40363290896089,724.5830952845059,556523,0.036351249831615175,4.153739680081233,49.491755057742445,1.035168235593406,-87.30452597148626,635.1697657207806,continuation,0.039284077308921445,-0.05891715728390169,mean_reversion,0.036351249831615175,596,238,39.93288590604027,367,61.577181208053695,297,49.83221476510067,-0.05405874806524611,0.2145497129516811,0.00890021308684305,494941,0.042652625344302336,1.0347473214122607,-0.07753598335789066,0.9400013928720818,0.07688688198443325,61582,-0.5202298335138561,0.7396414285303664,0.9781791707857918,1.6986903022732556,-0.28943788194955355,7968,0.1799532131165544,1.185068695700311,-0.24814783608672009,0.7931626126353125,0.13187349436686366,486973,0.040406071462733416,1.0328055735777273,-0.07474438045065902,0.9422292933835991,0.07598717434671362,26,53.84615384615385,42.30769230769231,mean_reversion,False
174,market_mom,unit_beta,z3_abs025,negative_residual,12,635971,-0.04586696748311523,2.454577257834524,45.00110854111272,0.9248667853906399,-85.99375087133095,384.7150424981494,635971,-0.09660512985524185,2.6737457151723074,42.00317310066025,0.849410548421055,-79.41054204884408,612.5405163171439,635971,0.03617198308239122,1.8991075744616714,51.34306438501127,1.0884931441569687,-85.87141813735396,233.84424390107577,mean_reversion,-0.04586696748311523,0.05073816237212662,mean_reversion,0.03617198308239122,597,140,23.450586264656618,152,25.4606365159129,389,65.15912897822446,-0.05269138029550351,-0.05098516353711789,0.036565929102464,555905,-0.03764165829041078,0.9358553569193184,-0.11929433003686607,0.8112945049117324,0.04049833148092466,80066,-0.1029759838792179,0.8670734344244155,0.06092790322953666,1.0862548908956215,0.00613378076821731,9067,-0.08183123668588028,0.8462070132256725,-0.07151233305433588,0.8663722685814523,-0.044503355381734805,546838,-0.03690896065909818,0.937201063135552,-0.1200865927666701,0.8105233765202863,0.04190772566125542,23,21.73913043478261,4.3478260869565215,mean_reversion,False
175,market_mom,unit_beta,z3,negative_residual,12,646056,-0.046442665347702645,2.436994372204854,44.949354235546146,0.9232533428332726,-85.99375087133095,384.7150424981494,646056,-0.09684432345174994,2.6543570410152175,41.931813960399715,0.8477269819294313,-79.41054204884408,612.5405163171439,646056,0.03601302749660191,1.8845681716001446,51.37511299330089,1.0892012675326488,-85.87141813735396,233.84424390107577,mean_reversion,-0.046442665347702645,0.050401658104047294,mean_reversion,0.03601302749660191,597,136,22.780569514237857,152,25.4606365159129,389,65.15912897822446,-0.05307077254009119,-0.050976381202151054,0.036447971417577524,565200,-0.03842417700814361,0.9339389128572587,-0.11913176938492129,0.809849828103855,0.04028053376809087,80856,-0.10249354109617835,0.8667854420543398,0.05894948828057029,1.0839450358165545,0.006182284637128875,9094,-0.08188301053353107,0.845839620456433,-0.07159320755248749,0.8659897835850259,-0.04438769846030181,556106,-0.037713494814317454,0.9352526724151831,-0.11990916736534962,0.8090688700642276,0.041665113153828474,23,21.73913043478261,4.3478260869565215,mean_reversion,False
176,market_mom,rolling_beta,z3_abs025_vol15,positive_residual,72,636153,0.10851441281689578,4.9343188019996775,51.91879940831844,1.0841237059403732,-84.24340675127833,832.5110309691635,636153,-0.09458228146319506,4.885978252374217,44.55579082390557,0.9326753742352375,-89.29769230135958,533.3869148153632,636153,0.035786452261864055,4.005370206906784,56.694222930647186,1.0384558446029617,-84.3926351603208,832.3167708303472,mean_reversion,0.10851441281689578,0.20309669428009083,mean_reversion,0.035786452261864055,597,454,76.04690117252932,162,27.1356783919598,384,64.321608040201,0.24028759056018312,-0.09045112325807153,0.1768416033649871,567712,0.050286925571802046,1.0394328979218612,-0.07050100123475943,0.9478018359663318,0.004138002157877359,68441,0.5915062340773488,1.418987006659105,-0.2943343564043224,0.8413020148772482,0.29830752742783895,8880,-0.0647040840897864,0.9452675068842252,0.014816435007692877,1.0129017485762746,0.19664028157603514,558832,0.05211416553979759,1.040818408201598,-0.07185671965072872,0.9469243602612579,0.0010790859876629792,23,69.56521739130434,34.78260869565217,mean_reversion,False
177,market_mom,rolling_beta,z3_abs025,negative_residual,6,606198,-0.05972182454027284,2.2630612560403445,46.83090343419147,0.8808578680349597,-87.33724627380145,368.85863792669113,606198,-0.07878377029702484,3.4552837737709847,42.28156476926681,0.8505060151978107,-78.71422390778513,688.1397839365923,606198,0.035447095681591836,1.5440996361731443,53.06170591126992,1.1161414460547205,-81.24591245993494,192.9197849670011,mean_reversion,-0.05972182454027284,0.019061945756751998,mean_reversion,0.035447095681591836,597,116,19.430485762144052,171,28.64321608040201,411,68.84422110552764,-0.07092576429240194,-0.024061216684130943,0.03552777932339639,536442,-0.05086452515588677,0.8916821268991457,-0.1215936265940022,0.7622521199954119,0.0346920693905115,69756,-0.12783678807543564,0.8283817215896998,0.2504352923164148,1.3872565491118025,0.0412534465853096,8119,-0.0964856344737525,0.7888563621816218,-0.06536789414322428,0.8563960331590913,-0.01792176687538603,528323,-0.05016344307815827,0.8932192032773271,-0.12245767514340823,0.7609666384797836,0.03550061215060867,23,13.043478260869565,4.3478260869565215,mean_reversion,False
178,btc,rolling_beta,z2,positive_residual,6,2019662,-0.07472349332273275,1.859192085603992,45.65050983778474,0.8280637859310737,-57.086535775808045,774.6038858315494,2019662,-0.10006116529293549,1.4986312165131441,41.75812586462487,0.7771482269399095,-88.58909713587693,132.56150875328964,2019662,0.034748712751235145,1.6050994946930794,54.461984233005325,1.1133450848388244,-57.019767008800045,715.0426899393412,mean_reversion,-0.07472349332273275,0.025337671970202744,mean_reversion,0.034748712751235145,596,110,18.456375838926174,27,4.530201342281879,533,89.42953020134229,-0.04966617598219349,-0.10952642468245904,0.055907481387288974,1799583,-0.09083343710553515,0.7894439276060712,-0.09158065272542741,0.7899747862250396,0.02113208607603528,220079,0.05700729863146009,1.1237178596332353,-0.16940620161068368,0.6947384990326768,0.14609168451153998,26023,-0.10807052438611583,0.7319516462250878,-0.07470204790618196,0.807945457864154,0.005229253333177007,1773560,-0.09058052165733894,0.7902315543892685,-0.09182830825059235,0.7897399506497771,0.021365424342836194,26,3.8461538461538463,3.8461538461538463,mean_reversion,False
179,market_mom,rolling_beta,z3,negative_residual,6,626011,-0.06082061752391614,2.228614029404342,46.39806648764958,0.8762273831897693,-87.33724627380145,368.85863792669113,626011,-0.07955124949938029,3.4013580326298687,41.836645042978475,0.8460221527733841,-78.71422390778513,688.1397839365923,626011,0.03466794185632631,1.5201186442461159,53.074466742597174,1.1165797705440283,-81.24591245993494,192.9197849670011,mean_reversion,-0.06082061752391614,0.01873063197546415,mean_reversion,0.03466794185632631,597,116,19.430485762144052,171,28.64321608040201,412,69.01172529313233,-0.07153581673680194,-0.024129961673530185,0.03494694082651147,554927,-0.05231503064364459,0.8863349053097864,-0.12097496964311073,0.7585631363170404,0.03388747284267791,71084,-0.12722064862385962,0.8267791746309354,0.24382870588016936,1.3820238308756017,0.0407607803057226,8267,-0.09490036021421838,0.7894517219896999,-0.06761565111172214,0.8500978382298875,-0.016654305264507167,546660,-0.05167102354680205,0.8877692711262166,-0.12178190903194286,0.7573188825650355,0.03465180328502251,23,13.043478260869565,4.3478260869565215,mean_reversion,False
180,market_mom,rolling_beta,z3_abs025_vol15,negative_residual,6,529805,-0.061813540303065025,2.3697879819753087,47.15395286945197,0.88149155941165,-87.33724627380145,368.85863792669113,529805,-0.07021569967410643,3.6294360214943064,42.26536178405262,0.87098597075105,-78.71422390778513,688.1397839365923,529805,0.03416587037333277,1.617633516086373,53.145402553769785,1.10606965230569,-81.24591245993494,192.9197849670011,mean_reversion,-0.061813540303065025,0.008402159371041405,mean_reversion,0.03416587037333277,597,122,20.435510887772196,192,32.1608040201005,397,66.49916247906198,-0.07382996825144586,-0.013268515940172997,0.03479045745559076,468380,-0.0516710860663449,0.8935642599064879,-0.11853797501498073,0.7747553018257091,0.03296467395123597,61425,-0.1391521274482817,0.8254238582456729,0.2982529584318554,1.4377113740198808,0.043325274202094734,7247,-0.09644316194369713,0.7961983923606881,-0.061630276712206146,0.8692889843382852,-0.0231770461721112,461133,-0.05096746426117556,0.8950552349834457,-0.11943231588757115,0.7734264150315587,0.033846976986876186,23,8.695652173913043,8.695652173913043,mean_reversion,False
181,btc,unit_beta,z3_abs025_vol15,negative_residual,12,566721,-0.052578302205504454,2.440591949924122,49.779874047370754,0.9229394608873703,-85.99375087133095,234.49646690475063,566721,-0.08278102495750567,2.898908628697777,42.62626583451116,0.8839052733614736,-70.16404962910937,612.5405163171439,566721,0.03402190410179667,2.203801767020493,53.43846442958704,1.063523405881629,-85.95839884278158,234.2201160180689,mean_reversion,-0.052578302205504454,0.030202722752001213,mean_reversion,0.03402190410179667,596,143,23.993288590604028,181,30.369127516778523,349,58.557046979865774,-0.0630718756273476,-0.031082011185066098,0.025202994511784885,504164,-0.03593318109736696,0.9445539865622491,-0.11356647010778317,0.8375625561554696,0.0474519452121244,62557,-0.18672589301649314,0.8051113121102136,0.16532731094006625,1.200364744885261,-0.07421447626086879,8239,-0.06992880629563067,0.8792382657126162,-0.07988369777650442,0.8669560744586802,-0.0018874552677467214,495925,-0.03536839820477536,0.9455218409652345,-0.1141260554508034,0.8371441561096842,0.04827164036875829,26,34.61538461538461,11.538461538461538,mean_reversion,False
182,btc,unit_beta,z3_abs025,negative_residual,12,662838,-0.053876769665471544,2.3190506484263715,46.979201554527656,0.9151244202509593,-85.99375087133095,234.49646690475063,662838,-0.08802380118502515,2.7359238092787757,40.48063025958077,0.8677233662396905,-70.16404962910937,612.5405163171439,662838,0.033577098902426356,2.096871899190621,53.12595234431339,1.0663675936546482,-85.95839884278158,234.2201160180689,mean_reversion,-0.053876769665471544,0.0341470315195536,mean_reversion,0.033577098902426356,596,131,21.97986577181208,167,28.02013422818792,357,59.899328859060404,-0.06203038395346854,-0.04074721944990021,0.027378714902390168,585207,-0.03819459705879069,0.9373471047209165,-0.11535004056963678,0.8249807248666238,0.044794053650893846,77631,-0.17209394044309764,0.7912423461949206,0.11797002308041578,1.165325757687265,-0.05097984919158795,10242,-0.07148027952684641,0.86043493368017,-0.08684760598226605,0.8370711175468992,-0.029038106774373545,574965,-0.03760167060267974,0.938494867578783,-0.11585776179622252,0.824807130817645,0.046109244987889285,26,42.30769230769231,7.6923076923076925,mean_reversion,False
183,btc,rolling_beta,z3_abs025_vol15,negative_residual,12,556619,-0.042287309897353506,2.408243326089616,49.835524838354424,0.9368146197078688,-85.99375087133095,234.49646690475063,556619,-0.0955582390165259,2.830454857221058,42.62646442180378,0.8654318324228953,-70.16404962910937,612.5405163171439,556619,0.03351381086208857,2.1452653317827295,53.301809675918356,1.0647285086571252,-85.91562381410591,234.46356806859936,mean_reversion,-0.042287309897353506,0.05327092911917239,mean_reversion,0.03351381086208857,596,161,27.013422818791945,171,28.691275167785236,345,57.88590604026846,-0.05553576671932256,-0.0429228203833288,0.02217272327578929,494941,-0.027942164684200434,0.9561817030417127,-0.12245611040986695,0.8241285392801901,0.04510606955708389,61678,-0.1574012973311743,0.8294005022944326,0.12028629818136703,1.146498082672114,-0.059509375861859524,7968,-0.09220362553523893,0.84336480402529,-0.055824998794538484,0.9041118691120885,0.0036997753294538346,486973,-0.02689069916134582,0.9578835741239503,-0.12354634887760746,0.8230371998190024,0.04578357190815007,26,38.46153846153847,7.6923076923076925,mean_reversion,False
184,market_mom,unit_beta,z3_abs025,positive_residual,6,771241,-0.053326713501480306,2.93121855375618,46.811956314563155,0.8954387760778331,-63.83426075279163,863.4228876513346,771241,-0.09822708520820164,2.1151503196091244,38.91299866060025,0.8172868950856175,-89.64108065759365,175.9523292912852,771241,0.03347026798101609,1.8480302969686895,58.079770136701754,1.089735437643068,-56.880060186040595,390.7807113722547,mean_reversion,-0.053326713501480306,0.044900371706721336,mean_reversion,0.03347026798101609,597,182,30.485762144053602,96,16.08040201005025,412,69.01172529313233,-0.023991525421361008,-0.09600559312856795,0.04851218365894823,682223,-0.07533957222087982,0.8489889765140817,-0.09649315595350821,0.8140629800460308,0.030262728564535227,89018,0.11537712745343678,1.1938782875074316,-0.11151570568860703,0.8361289769047598,0.05805245544119093,11800,-0.08801553601868886,0.795819221671327,-0.08528724178454347,0.8057594946712625,0.027282240629857096,670423,-0.0751164647606433,0.8497956349070307,-0.09669038932287911,0.8141862996781684,0.030315187620428573,23,17.391304347826086,4.3478260869565215,mean_reversion,False
185,btc,rolling_beta,z3_abs050,negative_residual,288,540934,0.10651765619811303,8.662936887573567,48.47837259258986,1.0423896228274028,-91.96308328826662,1156.4051941980565,540934,0.3339984494658908,8.584739068374596,49.86375417333723,1.139369881263082,-92.05668678234136,1141.7722297953158,540934,0.03328757373152414,7.803579477668695,45.65991414849131,1.0159855790006345,-91.9554288357207,1157.6622278588036,continuation,0.3339984494658908,-0.22748079326777776,mean_reversion,0.03328757373152414,595,291,48.90756302521008,486,81.68067226890756,252,42.35294117647059,-0.05708217100923542,0.7795275461690345,-0.048388538592965706,480084,0.22002957546624996,1.0915145537242117,0.1600007263808713,1.0660995525500458,0.0711699884806414,60850,-0.7890494144662138,0.765786992722361,1.7067761469112195,1.7736102007857213,-0.2655906711725881,7768,0.7588387744394154,1.4774376961969424,-0.5879062386439595,0.738293498719423,0.628646529533762,472316,0.21116798733960693,1.0873419697014188,0.172301265224173,1.0710970205366446,0.062001385742430956,26,65.38461538461539,50.0,mean_reversion,False
186,market_mom,unit_beta,z3,positive_residual,6,782270,-0.05381712911651893,2.911112339919182,46.680941362956524,0.8936069187736172,-63.83426075279163,863.4228876513346,782270,-0.09838225240053491,2.101031926832352,38.871489383460954,0.8154915243504723,-89.64108065759365,175.9523292912852,782270,0.03315026278925599,1.835122704701838,58.047988546154144,1.0899008148762959,-56.880060186040595,390.7807113722547,mean_reversion,-0.05381712911651893,0.04456512328401598,mean_reversion,0.03315026278925599,597,182,30.485762144053602,94,15.745393634840871,412,69.01172529313233,-0.024282345440391498,-0.09607313728943435,0.048453594612921834,692403,-0.07547692554343452,0.8474299419651906,-0.09673074837828811,0.8120623344064926,0.029942710376838388,89867,0.11306624326027802,1.1911246866106533,-0.11110668227485766,0.8356116964956258,0.05786366051050132,11904,-0.08809652009750703,0.7943594182794158,-0.0854353550795487,0.8042097037238389,0.026477620509705178,680499,-0.07525617040114663,0.848232001897304,-0.09692833920770619,0.812178485053232,0.030003325351700024,23,17.391304347826086,4.3478260869565215,mean_reversion,False
187,btc,unit_beta,z3,negative_residual,12,670982,-0.05456668382923418,2.3054132707191055,46.55624144909998,0.9132204329346092,-85.99375087133095,234.49646690475063,670982,-0.08801098021792171,2.7198918444440174,40.13654613685613,0.8664415124023007,-70.16404962910937,612.5405163171439,670982,0.033119679295712086,2.084733738211396,53.14941384418658,1.0660789210795971,-85.95839884278158,234.2201160180689,mean_reversion,-0.05456668382923418,0.03344429638868753,mean_reversion,0.033119679295712086,596,129,21.644295302013422,165,27.684563758389263,358,60.06711409395973,-0.06222977489316557,-0.04103810638747867,0.02734170818595398,592013,-0.039050166286592435,0.935381659722415,-0.11499809006258604,0.8239050600585953,0.04419295453799183,78969,-0.17089055902041014,0.7896187028035044,0.11430537000139487,1.1625092594632875,-0.049894198251271824,10407,-0.07157589089271199,0.8584706713537428,-0.08740644481594066,0.8340361563293845,-0.02783391076650821,581606,-0.038468165385680306,0.9365300047022854,-0.11549180273419161,0.8237593672977528,0.04548177134391184,26,34.61538461538461,7.6923076923076925,mean_reversion,False
188,btc,unit_beta,z3_abs025_vol15,positive_residual,6,596175,-0.07905564264095327,2.363711261509591,48.99467438252191,0.8626942558450271,-63.83426075279163,451.893024841875,596175,-0.07170981297523006,2.2775187795833274,41.50425630058288,0.8768020017327945,-81.91674919488644,175.9523292912852,596175,0.03311678396880093,2.200637355202708,55.79552983603808,1.0721202852729823,-62.2907008163448,419.6078645880262,continuation,-0.07170981297523006,-0.007345829665723211,mean_reversion,0.03311678396880093,596,159,26.677852348993287,142,23.825503355704697,391,65.60402684563758,-0.05181973127964642,-0.0697119348709878,0.05666290239358215,525056,-0.08863586509102155,0.8408027745099452,-0.07949475018457795,0.8585315168574974,0.025716419299689184,71119,-0.008326958622012928,0.9883702688874534,-0.014235326672113672,0.9805206116497872,0.08775205543922561,8312,-0.08288390321812028,0.8418534571170632,-0.08033306696244044,0.849202185975067,0.026714917667874417,516744,-0.08872838732076678,0.840786880686282,-0.0794812655789364,0.858673664026897,0.025700358119614835,26,11.538461538461538,15.384615384615385,mean_reversion,False
189,btc,unit_beta,z3_abs050,positive_residual,6,621567,-0.08106283457011666,2.5829208693765304,48.26478883209694,0.8612238587818919,-63.83426075279163,863.4228876513346,621567,-0.0690470750752696,2.2665590095154973,41.15565980819445,0.8823969145100642,-89.64108065759365,175.9523292912852,621567,0.03210403692781035,2.4051030439763634,55.56601299618545,1.0680959336375409,-62.2907008163448,807.0636641787041,continuation,-0.0690470750752696,-0.012015759494847067,mean_reversion,0.03210403692781035,596,140,23.48993288590604,142,23.825503355704697,377,63.25503355704698,-0.053740570563325714,-0.07019583800075099,0.05508842715263139,543963,-0.09095109907748522,0.840146987783994,-0.07668565158722664,0.865738004268591,0.024478993531739227,77604,-0.011751329670605007,0.9829786310680687,-0.015504693301473709,0.9778174207786343,0.08555155871608179,8550,-0.08739698257972266,0.8354056233842364,-0.0761156899254548,0.8578196052136703,0.02235166058327731,535413,-0.09100785469614942,0.8402175727353888,-0.07669475329414849,0.8658564047170321,0.02451296487107794,26,11.538461538461538,15.384615384615385,mean_reversion,False
190,market_mom,rolling_beta,z2,negative_residual,6,1916508,-0.0742650539557926,1.4894343221571187,44.907143617454246,0.8165958073557221,-87.33724627380145,193.97900170034222,1916508,-0.0980534337571382,2.209631842114825,41.54957871295085,0.7693503473129157,-66.05192912389978,688.1397839365923,1916508,0.031099758442812563,1.0679452188245822,52.47168287322568,1.1406707295589633,-81.24591245993494,192.9197849670011,mean_reversion,-0.0742650539557926,0.0237883798013456,mean_reversion,0.031099758442812563,597,38,6.365159128978225,77,12.89782244556114,484,81.07202680067002,-0.07752996139620823,-0.07152873429490486,0.03187458958449625,1707864,-0.06755395897195066,0.8274872896815267,-0.11638855933839651,0.7230822631389457,0.03214014676810372,208644,-0.12919899657328565,0.7486883299230179,0.05202948698685775,1.111997470382911,0.02258361723201758,24354,-0.0647353469715199,0.8181583317223265,-0.10933064039822514,0.7207530795976634,0.01774518027384938,1683510,-0.06759473358965926,0.8276098177192502,-0.11649066063739029,0.7231136192576484,0.03234838729771213,23,4.3478260869565215,4.3478260869565215,mean_reversion,False
191,btc,unit_beta,z4,positive_residual,6,304802,-0.0909643161837544,3.1947846368597252,47.71884698919298,0.8616294647893277,-60.11356323411772,863.4228876513346,304802,-0.035980028835143556,2.8107475993506017,39.254335601472434,0.9441830534681102,-89.64108065759365,150.2108685312552,304802,0.030092215359626924,3.027066112580798,56.396283488953486,1.054251172054665,-58.657280335551576,807.0636641787041,continuation,-0.035980028835143556,-0.05498428734861085,mean_reversion,0.030092215359626924,596,164,27.516778523489933,246,41.2751677852349,334,56.04026845637584,-0.06723535212825447,-0.006536873180838156,0.05206093564180788,264987,-0.09174921738922297,0.8530703556369632,-0.06505627109364287,0.8956833776524465,0.03137551564525637,39815,-0.08574044036475435,0.9022027574961942,0.15753563629992992,1.2009022959606763,0.021551266149829097,4730,-0.07280649715261432,0.8773220586527981,-0.05008482304235968,0.9135908149279686,0.07046999441568587,260257,-0.09209348888516421,0.8526518315711031,-0.06532836732653026,0.895381280947645,0.030664999176596045,26,15.384615384615385,23.076923076923077,mean_reversion,False
192,btc,unit_beta,z3,positive_residual,6,725376,-0.08286464894361108,2.3985218743113896,45.942931665784364,0.8438631028831288,-63.83426075279163,863.4228876513346,725376,-0.07400666598690453,2.106859137317035,39.496895403211575,0.8615112300091908,-89.64108065759365,175.9523292912852,725376,0.029677694002017453,2.231956840291031,55.38203635080289,1.0700921574899167,-62.2907008163448,807.0636641787041,continuation,-0.07400666598690453,-0.008857982956706548,mean_reversion,0.029677694002017453,596,132,22.14765100671141,130,21.812080536912752,385,64.59731543624162,-0.05597229653968319,-0.07249649179655475,0.05259004067660276,635150,-0.09199398768121965,0.8224787940935031,-0.07990201741842372,0.8464857995881637,0.02292877515371911,90226,-0.01859825678179329,0.969941690379322,-0.03250607345560114,0.9485863911346604,0.07718701289564801,10556,-0.09919061722477691,0.7868672400255685,-0.0710849921692146,0.8449350086241848,0.0255350695605857,624594,-0.09187236047784954,0.8230183745218037,-0.08005103024680615,0.8465088370933952,0.022884727270199703,26,7.6923076923076925,15.384615384615385,mean_reversion,False
193,btc,unit_beta,z3_abs025,positive_residual,6,717383,-0.08266138367337743,2.4117738266633815,46.334942422666835,0.8455665066870173,-63.83426075279163,863.4228876513346,717383,-0.07373398840933194,2.1184805319518527,39.818200319773396,0.8631965237748332,-89.64108065759365,175.9523292912852,717383,0.02957640020046308,2.2443111550739667,55.34588915544416,1.0691888477295555,-62.2907008163448,807.0636641787041,continuation,-0.07373398840933194,-0.008927395264045485,mean_reversion,0.02957640020046308,596,133,22.315436241610737,131,21.97986577181208,382,64.09395973154362,-0.055755151438542726,-0.07243731556586352,0.052509824165140676,628263,-0.09188288531233262,0.8241526165953225,-0.07970969381553453,0.8481243242584534,0.022932788817260824,89120,-0.01765321172325452,0.9717581184077129,-0.03160747802314322,0.9505108864343218,0.0764114004074292,10189,-0.0988747301183375,0.7932408697064122,-0.07033614994026775,0.8507682286229272,0.02519463586100357,618074,-0.09176762418384586,0.8246183420052723,-0.07986421744627328,0.8480852490023751,0.02289550208536671,26,7.6923076923076925,15.384615384615385,mean_reversion,False
194,btc,unit_beta,z2,positive_residual,12,2120705,-0.07634493805634403,1.9836938672016804,44.93708460158297,0.8596147337224557,-73.61494713227043,740.0106330149821,2120705,-0.08893384051406857,1.8879560222476999,41.534678326311294,0.839572884490581,-88.1191742180835,278.24521466146206,2120705,0.028153147561432505,1.7911437678846267,53.719777149579976,1.0674715876432403,-73.89302352891008,680.0309058487709,mean_reversion,-0.07634493805634403,0.012588902457724538,mean_reversion,0.028153147561432505,596,102,17.114093959731544,36,6.040268456375839,490,82.21476510067114,-0.0502747175872633,-0.0911470301698595,0.05013590650322137,1875303,-0.08561886724732463,0.8420860687333255,-0.08488422666900394,0.8444934880049255,0.022659361562221595,245402,-0.005475804008399978,0.9901574144453331,-0.11988001451628126,0.8064308195870211,0.07013533746077434,29814,-0.0955959065710947,0.7891850165166622,-0.07763407481841386,0.8274162633204423,0.03241653073698435,1845489,-0.08545768750016895,0.8427989467671605,-0.08500135336402823,0.844720196463983,0.02250173383223979,26,3.8461538461538463,3.8461538461538463,mean_reversion,False
195,market_mom,unit_beta,z2,negative_residual,6,2012143,-0.07658933709945584,1.535362160531638,42.78085603259808,0.8056589742981073,-87.07411590040913,404.69505249395104,2012143,-0.09285656373874193,2.4465288952549744,39.598428143526576,0.7746245861061662,-80.22564331373545,672.0957351090811,2012143,0.0273506519168468,1.1344170115697796,52.04943187437473,1.1174404941054137,-75.6822596845818,227.1352325626255,mean_reversion,-0.07658933709945584,0.016267226639286092,mean_reversion,0.0273506519168468,597,36,6.030150753768845,93,15.577889447236181,465,77.8894472361809,-0.08026104944243932,-0.06345818869385567,0.02760317462695617,1780173,-0.068939502213603,0.8194437939391234,-0.11557017639874004,0.7175648201211439,0.02854870790200427,231970,-0.13529533148775388,0.7229473103553528,0.08145114842139528,1.1878386418050557,0.018156588385934702,27513,-0.060830391965773355,0.8148172605813793,-0.1160868661849927,0.6849270539763916,0.01592433218841946,1752660,-0.06906679783868051,0.8195061400249332,-0.11556206547814551,0.718025423723441,0.028746883503095087,23,4.3478260869565215,4.3478260869565215,mean_reversion,False
196,market_mom,unit_beta,z4,negative_residual,12,260472,-0.011445544162299159,3.2404718312737235,46.01262323781443,0.9839354718502823,-82.091677860474,384.7150424981494,260472,-0.09340382772994872,3.4179913447464405,42.09281611843116,0.8772258215839699,-79.41054204884408,457.2839212994269,260472,0.02628031950472944,2.4467510826314873,51.632421143155504,1.0514840768642093,-77.50972852614811,233.84424390107577,mean_reversion,-0.011445544162299159,0.08195828356764956,mean_reversion,0.02628031950472944,597,252,42.21105527638191,204,34.17085427135678,336,56.28140703517588,-0.013168363803350909,-0.0368312501911008,0.0402349914430117,224720,-0.005690581821842751,0.9914854774593409,-0.1305588104539418,0.8228786094895132,0.03246187382012783,35752,-0.04761848937228358,0.9518948379822086,0.1401346517323387,1.1540772196885054,-0.012573979157060731,3967,-0.0768766156855948,0.8763726702963525,-0.0383061031108197,0.9380669051124014,-0.03463188857611022,220753,-0.004411346675151639,0.9934077723304774,-0.13221662026866743,0.8211467207651327,0.03366756957704106,23,47.82608695652174,8.695652173913043,mean_reversion,False
197,btc,unit_beta,z4,negative_residual,288,275678,0.10904388595124422,8.69844017588336,46.0076611118769,1.0467521634346013,-91.96308328826662,713.9193446187877,275678,0.33336434106329776,9.103305982993518,45.76317297716901,1.1494518512235554,-87.7383182353496,1141.7722297953158,275678,0.02568519150222238,7.934486281146738,47.328767620194576,1.0127722344060137,-91.96227142729376,714.6494898411551,continuation,0.33336434106329776,-0.22432045511205356,mean_reversion,0.02568519150222238,596,293,49.16107382550336,449,75.33557046979865,262,43.95973154362416,-0.08885870266685403,0.876143741329563,-0.10051081552580562,240918,0.27434094681731463,1.1252241456197134,0.08736384081725827,1.0383574334992172,0.11338679785845608,34760,-1.0366131137533574,0.6871711925833213,2.0383686137409502,2.070279942395121,-0.5821656600550582,4505,0.5760253756787486,1.4331775838813658,-0.4556674099284075,0.7534354769026071,0.2519484120955414,236413,0.26859215824807037,1.1216887245170628,0.09771164649887995,1.0427470497426934,0.1107464182171586,26,69.23076923076923,42.30769230769231,mean_reversion,False
198,market_mom,unit_beta,z3_abs025,positive_residual,72,771061,0.07336027204903185,4.627637890101511,48.8936672973993,1.0601078126906887,-84.24340675127833,832.5110309691635,771061,-0.07863151502312006,4.6779235245029325,43.0033421480272,0.939947717165548,-89.29769230135958,533.3869148153632,771061,0.025178627664071637,3.748132994378667,55.96638917024723,1.027411639042615,-84.37980938348534,827.5221741608385,mean_reversion,0.07336027204903185,0.1519917870721519,mean_reversion,0.025178627664071637,597,414,69.34673366834171,185,30.98827470686767,386,64.65661641541038,0.18898563203498867,-0.06945148143871971,0.15182328090051705,682223,0.02907558331701634,1.0239800745780205,-0.06386431292684734,0.9497812145062465,-0.00012755963602761075,88838,0.41344034139798,1.3225396559582403,-0.192034843730716,0.8798739718425601,0.21951509424859172,11800,-0.1123840997586299,0.8886409280948987,0.030190155086783826,1.0319891772207088,0.17862713833451352,670423,0.03156539088670383,1.0259569450267185,-0.0655197494535788,0.9487122816841185,-0.0032737903531306896,23,56.52173913043478,34.78260869565217,mean_reversion,False
199,market_mom,rolling_beta,z3_abs025,positive_residual,72,730659,0.09382054193799688,4.788367272435426,51.542922211318825,1.0736986733646425,-84.24340675127833,832.5110309691635,730659,-0.08983128028109415,4.756885646701432,44.89495099629239,0.9347603483803432,-89.29769230135958,533.3869148153632,730659,0.024705595445845316,3.851398706236133,56.345709831809366,1.0273816280149348,-84.3926351603208,832.3167708303472,mean_reversion,0.09382054193799688,0.18365182221909104,mean_reversion,0.024705595445845316,597,452,75.71189279731993,169,28.30820770519263,385,64.48911222780569,0.21927779698503289,-0.08689092597391923,0.1599004895053046,651900,0.0392615642704071,1.0311271945223333,-0.06556195499541521,0.9505981666875142,-0.0046947460786359455,78759,0.5454133445574035,1.3981441481828463,-0.29071210855131374,0.8375337961784661,0.26805661107338385,9946,-0.10467959153204834,0.9107577944580644,0.04726971121004034,1.0428568769788567,0.16131006304140635,641954,0.04149169093931365,1.0328596166583328,-0.06731009232625114,0.9494132971307861,-0.00726671203181629,23,65.21739130434783,39.130434782608695,mean_reversion,False
200,market_mom,unit_beta,z3_abs025_vol15,negative_residual,6,529325,-0.06937159283387355,2.4854721674428424,47.17952108817834,0.8702927895360503,-87.07411590040913,404.69505249395104,529325,-0.04708680227791634,4.2465621283896775,42.18599159306664,0.9145786443475543,-80.22564331373545,672.0957351090811,529325,0.024532591578089874,1.7191343181319374,52.78005006376045,1.0723768347083338,-75.6822596845818,227.1352325626255,continuation,-0.04708680227791634,-0.02228479055595721,mean_reversion,0.024532591578089874,597,110,18.42546063651591,236,39.530988274706864,374,62.6465661641541,-0.08820528449117886,0.022533237592409005,0.0177896067017011,466902,-0.04812396120100063,0.9019267148650515,-0.12173666594481393,0.7723633985706113,0.031866718503777085,62423,-0.2282963754404699,0.7360647747689968,0.511267820950731,1.7582979467307032,-0.03032408832927093,7391,-0.08242072555382074,0.8232446352385565,-0.07645211973686573,0.8406513051530397,-0.0107660189799546,459511,-0.04757231524403407,0.9031283957509328,-0.12246504476713387,0.771379625577325,0.03255244433567723,23,8.695652173913043,4.3478260869565215,mean_reversion,False
201,market_mom,unit_beta,z3,positive_residual,72,782090,0.07167899563725105,4.599625328323326,48.82865143397819,1.0591730657532765,-84.24340675127833,832.5110309691635,782090,-0.07926667178108128,4.649421320530889,43.0352005523661,0.9390026637331504,-89.29769230135958,533.3869148153632,782090,0.024083773830340223,3.722809160623923,55.89433441164061,1.0264839474379646,-84.37980938348534,827.5221741608385,mean_reversion,0.07167899563725105,0.15094566741833232,mean_reversion,0.024083773830340223,597,413,69.17922948073702,185,30.98827470686767,386,64.65661641541038,0.18843811614448908,-0.06998594403995063,0.15166023654162086,692403,0.0280233163358912,1.0232929819067595,-0.06479951756162915,0.9486550025291832,-0.0008196055432580504,89687,0.40871026343859884,1.320518413283282,-0.19095622526164413,0.8798093913164152,0.2163432382835782,11904,-0.11206678068584836,0.8881697238110431,0.028883333190539925,1.0308094869289812,0.17970781546134992,680499,0.030473918783428623,1.0252561225012562,-0.06643831593657737,0.9475922392663129,-0.003977579940926303,23,56.52173913043478,34.78260869565217,mean_reversion,False
202,btc,rolling_beta,z2,negative_residual,36,1956280,-0.06411799998298844,2.8477705402271805,47.8621669699634,0.9254456586045754,-92.94174781637093,380.1445091876137,1956280,-0.05456044029541034,3.1600215614310456,46.17825669127119,0.9365559555419356,-79.21454938078077,1313.9506107412951,1956280,0.023020728457180745,2.4617729399042543,49.34303882879751,1.0355653739288,-92.93523530648478,382.3155017539607,continuation,-0.05456044029541034,-0.009557559687578099,mean_reversion,0.023020728457180745,596,96,16.107382550335572,221,37.080536912751676,337,56.54362416107382,-0.06208115747442824,-0.0008213980976426386,0.025516877258316393,1745378,-0.051102827486856746,0.9389949174102584,-0.07763522668199872,0.9090979596508575,0.030793478437744853,210902,-0.17182867006176145,0.835548731229191,0.13640135482199447,1.150056534076428,-0.04130481997563176,26006,0.03817980252012742,1.0553691939313203,-0.1675947340050751,0.7909668210471833,0.11017283970760004,1719372,-0.052453253151553816,0.9375498529642551,-0.0762745630516476,0.9107737745009776,0.029592842583965773,26,46.15384615384615,30.76923076923077,mean_reversion,False
203,market_mom,rolling_beta,z3,positive_residual,72,751209,0.08895499862633359,4.7301880610613365,51.171910879661986,1.0710725785527715,-84.24340675127833,832.5110309691635,751209,-0.08982307248150692,4.6992946702647655,44.7313597148064,0.9335993339352255,-89.29769230135958,533.3869148153632,751209,0.022884643170922602,3.8009192142609787,56.195945469236925,1.0258945334793135,-84.3926351603208,832.3167708303472,mean_reversion,0.08895499862633359,0.1787780711078405,mean_reversion,0.022884643170922602,597,450,75.37688442211055,165,27.63819095477387,385,64.48911222780569,0.21736010137183445,-0.08662638838044848,0.15904887150030958,671110,0.03570987439878768,1.028819325095287,-0.06627084630522599,0.9491437050547642,-0.005718055370955711,80099,0.5350696232826758,1.3944634640422855,-0.28715555489906397,0.8376442312812481,0.26253254162708245,10094,-0.1069437495901862,0.9080052386217067,0.04758556389136013,1.0436205837798025,0.1571583660934576,661016,0.03788825688959685,1.0305485318800767,-0.06800948289575393,0.9479389349344363,-0.008205248719167849,23,65.21739130434783,39.130434782608695,mean_reversion,False
204,market_mom,rolling_beta,z2,positive_residual,72,2017902,0.04943244037574351,3.9909418084426824,49.74770826333489,1.0439241843834965,-84.38004117699352,832.5110309691635,2017902,-0.1012625573815612,3.9807888323122564,45.90312116247469,0.9160339746171313,-89.29769230135958,538.9274196490787,2017902,-0.02238456877248397,3.0218203943532713,53.85093032268168,0.969820578070565,-84.75229371046919,832.3167708303472,mean_reversion,0.04943244037574351,0.15069499775730472,continuation,0.02238456877248397,597,445,74.5393634840871,100,16.75041876046901,330,55.27638190954774,0.1440535450533287,-0.09984427432987526,0.08043618967832372,1801312,0.015479704881446633,1.0138608049440592,-0.08458614891714246,0.9279261232037948,-0.03986299151362444,216590,0.3318068338320568,1.2772025316140445,-0.23995508558627432,0.8373605077668269,0.12297806396535835,25796,-0.2176456024302212,0.7966978236378656,0.11716463059713866,1.1292070641914909,0.06566833567647248,1775516,0.01886672050248963,1.01688344212035,-0.08751733236372942,0.9256740254257928,-0.04139622811424967,23,52.17391304347826,26.08695652173913,continuation,False
205,btc,unit_beta,z2,positive_residual,6,2120760,-0.08505219453504453,1.6243355259380245,43.70334219807993,0.7983921267954209,-63.83426075279163,451.893024841875,2120760,-0.0923694143988331,1.4922271956784232,39.83633225824704,0.7848589834156562,-81.91674919488644,175.9523292912852,2120760,0.021469535232903854,1.482839449118462,53.86748146890737,1.0683925791298132,-62.2907008163448,442.0092079839888,mean_reversion,-0.08505219453504453,0.007317219863788568,mean_reversion,0.021469535232903854,596,80,13.422818791946309,30,5.033557046979865,473,79.36241610738254,-0.06504929218175978,-0.09659695611063125,0.03808371794338348,1875304,-0.09446438211021453,0.7749105060850767,-0.0889689365446052,0.7888356504747497,0.014301549460465517,245456,-0.01314230841098736,0.9700382783179373,-0.11834934449605962,0.7587670790305293,0.07623353526140877,29814,-0.09927059368836495,0.7255544695915979,-0.08555031238465473,0.7612516670781769,0.017128771300233377,1845490,-0.0943867374781706,0.7755962034962205,-0.08902416461991575,0.7892137282952902,0.014255875524583541,26,0.0,0.0,mean_reversion,False
206,market_mom,unit_beta,z3,negative_residual,6,646071,-0.0685651094768541,2.290414002059909,44.3671051633644,0.8590540456933312,-87.07411590040913,404.69505249395104,646071,-0.06133925523024511,3.883041809807034,39.88276830255498,0.8786625675041437,-80.22564331373545,672.0957351090811,646071,0.021358390595747973,1.6090488133914873,52.55861971826626,1.0672251335517913,-75.6822596845818,227.1352325626255,continuation,-0.06133925523024511,-0.007225854246608987,mean_reversion,0.021358390595747973,597,88,14.74036850921273,215,36.01340033500838,368,61.641541038525965,-0.08539474284063661,0.006294006098363189,0.01743897963979213,565200,-0.050567350233470726,0.8885245657772601,-0.12317934304635714,0.7517136137946911,0.02967428902012359,80871,-0.1943497977379158,0.7285673938275053,0.37085544538760934,1.6491662908370404,-0.03676066060254459,9094,-0.08295931167173089,0.800319338251697,-0.08300418660538751,0.8065407013229697,-0.015812450835937585,556106,-0.05003764457066633,0.8898438330350622,-0.12383632727719478,0.750939938083451,0.03041813356100434,23,13.043478260869565,4.3478260869565215,mean_reversion,False
207,market_mom,unit_beta,z3_abs025,negative_residual,6,635986,-0.06830444093094691,2.307583125057416,44.44390285320746,0.860835945621803,-87.07411590040913,404.69505249395104,635986,-0.060532971910653856,3.9131465217639305,39.972420776557975,0.8812816221239114,-80.22564331373545,672.0957351090811,635986,0.021348489270413634,1.6215110113410505,52.523640457494345,1.0663612129165705,-75.6822596845818,227.1352325626255,continuation,-0.060532971910653856,-0.007771469020293055,mean_reversion,0.021348489270413634,597,89,14.90787269681742,216,36.18090452261306,367,61.47403685092127,-0.0852208333718842,0.006614327472978532,0.017494605457596797,555905,-0.049990613021930246,0.890761554789177,-0.12336467845751717,0.7535294840617972,0.02982201261184521,80081,-0.1954350774584874,0.7290236534779332,0.3756311597552104,1.6534121718735797,-0.037472879008186175,9067,-0.08314713815582718,0.8003107338220864,-0.08271744381785408,0.8075097881709746,-0.015885366745318923,546838,-0.04944085200790223,0.8921240925377882,-0.12403864127004638,0.7527628547308733,0.030579876565395285,23,13.043478260869565,4.3478260869565215,mean_reversion,False
208,market_mom,unit_beta,z2,positive_residual,72,2135705,0.036404373616521435,3.9194586506633384,47.21396447543083,1.0336874911521816,-84.38004117699352,832.5110309691635,2135705,-0.09414495901323434,3.907278793054664,43.86935461592308,0.9182015983977653,-89.29769230135958,538.9274196490787,2135705,-0.021311565443083425,3.0480558433603626,53.65455435090521,0.9723055042027512,-84.77625428213913,827.5221741608385,mean_reversion,0.036404373616521435,0.13054933262975577,continuation,0.021311565443083425,597,410,68.67671691792295,102,17.08542713567839,343,57.45393634840871,0.1251143440479609,-0.08735392540890376,0.08081488301479,1892573,0.0068109484992218625,1.0063207698348897,-0.08103921286738446,0.9281302542566628,-0.037181109903398894,243132,0.2667636737272554,1.2414645609646664,-0.1961618934377018,0.8528122248786087,0.10221915600819652,30515,-0.20736200784214298,0.7764161856674104,0.09168186514002893,1.1174082630704314,0.0887950741548705,1862058,0.010320768151862522,1.0095561753044187,-0.08386972818720594,0.9259929164922063,-0.03924558010601239,23,43.47826086956522,26.08695652173913,continuation,False
209,market_mom,rolling_beta,z2,positive_residual,6,2018302,-0.0620430619723962,1.9148845088867743,46.349307487184774,0.8518994182645844,-57.086535775808045,774.6038858315494,2018302,-0.11218321430360276,1.513626216231138,40.629350810731,0.7493462677874735,-88.58909713587693,132.56150875328964,2018302,0.020335679339104386,1.2215517667778055,56.29895823320791,1.0795170535345784,-72.68928551015958,442.5913932350822,mean_reversion,-0.0620430619723962,0.050140152331206556,mean_reversion,0.020335679339104386,597,113,18.927973199329983,25,4.187604690117253,473,79.22948073701842,-0.04163619144064106,-0.11521367679420254,0.03164090755160839,1801312,-0.07466157903485704,0.8194445071116454,-0.10795356698533906,0.7525779215492762,0.017898548336495613,216990,0.04270778464180403,1.0920674554445071,-0.14729503729155724,0.7277081694764018,0.0405671799638859,25796,-0.08864031150138112,0.7750142127226823,-0.09413308084068654,0.7665856090815687,0.030174155659413747,1775516,-0.07445848574664861,0.8200591159602422,-0.10815436115480155,0.7523900188675443,0.017720199300777527,23,8.695652173913043,4.3478260869565215,mean_reversion,False
210,market_mom,unit_beta,z3_abs050,negative_residual,6,460399,-0.06354455188760869,2.6593111388406334,44.884328593241946,0.8880915923237443,-87.07411590040913,404.69505249395104,460399,-0.042307665133119635,4.495811145687347,40.74531004628594,0.9277530183270437,-80.22564331373545,672.0957351090811,460399,0.01942134089327417,1.8836116983411604,51.98251951025089,1.0485938104417296,-75.6822596845818,227.1352325626255,continuation,-0.042307665133119635,-0.02123688675448905,mean_reversion,0.01942134089327417,597,135,22.613065326633166,233,39.028475711892796,347,58.12395309882747,-0.08315936248545525,0.021047435973590097,0.01661042717456451,398306,-0.040524861090158626,0.922871926848687,-0.12457710735789146,0.782818027826766,0.03135349369317304,62093,-0.2112082331845216,0.7485109083945497,0.4854235196184628,1.7326995816662916,-0.057119461662835734,6905,-0.0944580355287142,0.8053947236592547,-0.061103535814886305,0.8734575660783404,-0.016038799070877057,391401,-0.03957338531595713,0.9247839234708352,-0.1256968924670364,0.7814756807237768,0.032189576844559434,23,21.73913043478261,4.3478260869565215,mean_reversion,False
211,btc,unit_beta,z4,negative_residual,6,275881,-0.11291478676593983,3.0693159059099724,47.87100235246356,0.8293580555340752,-87.07411590040913,193.97900170034222,275881,0.0887536417081808,6.77400508569771,37.355598972020545,1.1388058573694506,-66.05192912389978,672.0957351090811,275881,-0.01908761691984043,2.844344855190366,55.69285307795752,0.9650811509663535,-86.24349735691284,194.06890861470504,continuation,0.0887536417081808,-0.20166842847412064,continuation,0.01908761691984043,596,89,14.93288590604027,375,62.919463087248324,226,37.919463087248324,-0.16649091666401306,0.2672019883795652,-0.07375695321916882,240918,-0.042571516680164484,0.9259948471239277,-0.10789143098175193,0.8277685404097137,0.049559465290141005,34963,-0.597626051317746,0.5247276419895981,1.4437671594930732,2.9809665017056304,-0.4921110345860667,4505,-0.08591380596121351,0.8125919162876732,-0.05352354927720036,0.8849027309571338,-0.04024112859235408,236413,-0.04174560180572391,0.9277103357391023,-0.1089274455286634,0.8269642778410091,0.05127067269176711,26,30.76923076923077,15.384615384615385,continuation,False
212,btc,rolling_beta,z2,negative_residual,12,1956423,-0.07574888831765744,1.8044922672374593,46.87795021833213,0.8620176209795086,-85.99375087133095,234.49646690475063,1956423,-0.09001425938764676,2.0175381016398943,43.566140860130965,0.8398254241814219,-70.16404962910937,612.5405163171439,1956423,0.018845205877475305,1.5636579384944445,51.16296424648453,1.0473105440923864,-85.91562381410591,234.46356806859936,mean_reversion,-0.07574888831765744,0.014265371069989319,mean_reversion,0.018845205877475305,596,43,7.214765100671141,75,12.583892617449665,372,62.41610738255034,-0.07658723857334407,-0.06410355419666791,0.018268193131307852,1745378,-0.07165475275437748,0.8668853549813024,-0.0986811311371898,0.8227737438165178,0.02194594287927597,211045,-0.1096080848926368,0.8280153885757634,-0.018337757786216106,0.9696750968569467,-0.006798415846464395,26006,-0.053622708911332216,0.8836425524047292,-0.11358402382284327,0.7730384739019763,0.024830375551185536,1719372,-0.07192749264556,0.8666688357839962,-0.09845572056450214,0.8234488356051618,0.02190231499882564,26,3.8461538461538463,0.0,mean_reversion,False
213,btc,unit_beta,z2,negative_residual,36,2051301,-0.06364576449900348,2.8075289282240234,45.77636339084318,0.9233241646332737,-92.94174781637093,380.1445091876137,2051301,-0.05694034933704488,3.13874177579531,43.83193885246485,0.9315626246046179,-79.21454938078077,1313.9506107412951,2051301,0.01873344874439933,2.4791560165821633,49.63186777562142,1.0284914517209474,-92.94495732063643,381.63158368781626,continuation,-0.05694034933704488,-0.0067054151619586055,mean_reversion,0.01873344874439933,596,86,14.429530201342281,201,33.7248322147651,338,56.711409395973156,-0.0640883432865346,-0.002742940842926397,0.022566440122504732,1820743,-0.04951939239781544,0.9390511733325303,-0.08071015601022044,0.9029429024209212,0.027429119528960832,230558,-0.17520334705364704,0.8191835833821361,0.13077254334738847,1.1565344706304042,-0.04993726192838078,29838,0.05603402746305462,1.0927294985874678,-0.19496220914631324,0.7361028968914357,0.09573263385038742,1790905,-0.051278002118492226,0.9371549761077339,-0.07880661966324787,0.905407838274992,0.02629112490595027,26,50.0,26.923076923076923,mean_reversion,False
214,market_mom,rolling_beta,z2,positive_residual,12,2018254,-0.058579898647239594,2.037062037952015,47.59713098549538,0.8925996634573286,-69.9186715109381,740.0106330149821,2018254,-0.10569043526480056,1.8940330699805812,42.64795214081082,0.815940286435351,-88.1191742180835,231.76792672030126,2018254,0.018258843772997368,1.5280264671245791,55.708102151661784,1.0537944397429797,-69.81761435174789,433.4931321609197,mean_reversion,-0.058579898647239594,0.04711053661756096,mean_reversion,0.018258843772997368,597,134,22.445561139028477,42,7.035175879396985,441,73.86934673366834,-0.0337409048502101,-0.10603654764600211,0.042514970080127834,1801312,-0.06739174835259458,0.8748083886547171,-0.10293397857431102,0.8168467006444086,0.013732758583300383,216942,0.014586618746590535,1.0241258753321296,-0.1285778361095378,0.8096794017937547,0.055839817329170885,25796,-0.09718824729634722,0.8082792266798161,-0.07167430712061652,0.8567417265461243,0.038070333963469594,1775516,-0.06695884293988463,0.8757178520398013,-0.10338814203148029,0.8163315263249692,0.013379164419965983,23,13.043478260869565,4.3478260869565215,mean_reversion,False
215,btc,unit_beta,z4,negative_residual,72,275793,-0.04603427794083774,5.257502388249151,47.05268081495905,0.9665568730404378,-85.5924838528486,634.0210748197492,275793,0.1309485561711443,6.475639519604789,43.20958109886763,1.0984936403322074,-86.40363290896089,592.6953878709762,275793,0.017546824377959274,4.812996869047958,50.565822917913074,1.0152057624994093,-84.1354639558959,635.00093435957,continuation,0.1309485561711443,-0.176982834111982,mean_reversion,0.017546824377959274,596,228,38.25503355704698,398,66.77852348993288,265,44.46308724832215,-0.10301245470575812,0.3743799295358952,-0.0265029948920242,240918,0.0693647963253654,1.0557465409974691,-0.079398522559602,0.9402112685057386,0.10802559721754851,34875,-0.8432160463728127,0.6317474664351914,1.5840352232293196,2.1820551376490522,-0.6074844299580454,4505,0.241700402014614,1.2812590912446398,-0.2819072070349495,0.7522634007747911,0.08827986170121835,236413,0.06608083180721246,1.0527960718917468,-0.07553959084450411,0.9432718292460319,0.10840186475994718,26,65.38461538461539,30.76923076923077,mean_reversion,False
216,market_mom,unit_beta,z2,positive_residual,6,2136158,-0.06776028561709754,1.990616665696425,44.0280166541988,0.8329883457510374,-63.83426075279163,863.4228876513346,2136158,-0.10771194150279353,1.4940994371011145,38.810986827753375,0.7491923502740904,-89.64108065759365,175.9523292912852,2136158,0.0172967459600308,1.270573031808316,55.928213175242654,1.0651602699151113,-56.880060186040595,390.7807113722547,mean_reversion,-0.06776028561709754,0.03995165588569599,mean_reversion,0.0172967459600308,597,105,17.587939698492463,28,4.690117252931323,440,73.70184254606365,-0.04953867732203273,-0.10901295735035758,0.028917184594826048,1892576,-0.07738499843385732,0.8074778394896273,-0.10600102925418074,0.7487667916927723,0.015834251771081585,243582,0.007021514696110582,1.016141420764633,-0.12100533534893443,0.7520509832383474,0.02865998873718496,30515,-0.08798159464645415,0.7475790198928999,-0.09744006517217133,0.7282711830726414,0.025178679290904442,1862061,-0.07721134400823565,0.808327183302484,-0.10614132423858909,0.7490515537794389,0.015681117579576916,23,8.695652173913043,4.3478260869565215,mean_reversion,False
217,btc,rolling_beta,z3_abs050,negative_residual,6,541332,-0.0764785029154559,2.3237058984318653,49.61299165761492,0.8673608132837427,-87.33724627380145,193.97900170034222,541332,-0.041773492589591586,4.1261334315451865,41.40638277434181,0.9295651316126827,-66.05192912389978,688.1397839365923,541332,0.016060904417545242,2.0650806082657294,54.448841006997554,1.0362769253807738,-86.64700135588996,194.15030519059582,continuation,-0.041773492589591586,-0.03470501032586431,mean_reversion,0.016060904417545242,595,75,12.605042016806722,242,40.67226890756302,296,49.747899159663866,-0.10789122334146779,0.03933542620663082,-0.014205710531794377,480084,-0.042885223564678575,0.9192365632120182,-0.12234536067103796,0.7901726254471145,0.04704976921814574,61248,-0.3397947895507519,0.6361790324349392,0.5897779820057113,1.8783116798179684,-0.22684103799578234,7768,-0.09265673649862141,0.805604399324532,-0.06653511290912617,0.8606497098178837,0.02726214135974369,472316,-0.04206665059134953,0.9209112937537217,-0.12326325039870874,0.7892262785625197,0.04737520873999987,26,26.923076923076923,11.538461538461538,mean_reversion,False
218,market_mom,unit_beta,z2,positive_residual,12,2136108,-0.06255081919284014,1.9168803001409844,45.26508023002582,0.8810575864376821,-69.9186715109381,452.1569264849633,2136108,-0.10346983948854381,1.8671769031094576,40.68797083293541,0.8124513585860687,-81.92539202697084,231.76792672030126,2136108,0.015338340626447391,1.4974982271993373,55.43010933904091,1.0435292751389882,-69.75422540040461,307.16735617879215,mean_reversion,-0.06255081919284014,0.04091902029570367,mean_reversion,0.015338340626447391,597,112,18.76046901172529,45,7.5376884422110555,420,70.35175879396985,-0.0415117769252087,-0.10102487817243132,0.03699767682425861,1892576,-0.06897372847967852,0.8677398095591943,-0.10245079398973077,0.8115645656625229,0.012484680433934775,243532,-0.01263604837649018,0.977436363096723,-0.11138921375542285,0.8185547977219981,0.037515174851537915,30515,-0.10286526814952046,0.7709242476431887,-0.07082028711919432,0.8383421710404054,0.02462634287468714,1862061,-0.06841832222122336,0.8691028602845954,-0.10296914699597194,0.8112120980689914,0.012285705841061855,23,8.695652173913043,4.3478260869565215,mean_reversion,False
219,btc,rolling_beta,z2,negative_residual,6,1956454,-0.08405153864596064,1.5153509362259274,45.82898447906263,0.8019148894268041,-87.33724627380145,193.97900170034222,1956454,-0.08460248549951009,2.4272278516611174,41.31709715638599,0.8062768247626103,-66.05192912389978,688.1397839365923,1956454,0.015257377869851789,1.318026360902708,52.36923536152651,1.0512374691304773,-86.64700135588996,194.15030519059582,mean_reversion,-0.08405153864596064,0.0005509468535494499,mean_reversion,0.015257377869851789,596,31,5.201342281879195,99,16.610738255033556,358,60.06711409395973,-0.0868936193020461,-0.056420727805104806,0.011551395930862116,1745378,-0.076147680962384,0.8147465395817797,-0.10665030848267866,0.7532533055322939,0.0229683412604318,211076,-0.14940818419564664,0.7202542929160337,0.09770997628068753,1.2061969176210259,-0.04850423340155623,26006,-0.061614448867177374,0.8270987569170972,-0.11357309701561713,0.7129096472901828,0.03168466971584112,1719372,-0.07636750031146491,0.814584891844959,-0.10654559929898394,0.7538110930839881,0.022836504265406028,26,3.8461538461538463,3.8461538461538463,mean_reversion,False
220,btc,rolling_beta,z3_abs025,negative_residual,6,627095,-0.07676487158746922,2.1698403361737584,48.92416619491465,0.8555134504965834,-87.33724627380145,193.97900170034222,627095,-0.05217924670685296,3.839907956100431,40.76049083472201,0.9050155401510904,-66.05192912389978,688.1397839365923,627095,0.015017482855957852,1.9242929694013544,54.36592541799887,1.0373914968657585,-86.64700135588996,194.15030519059582,continuation,-0.05217924670685296,-0.024585624880616268,mean_reversion,0.015017482855957852,596,60,10.06711409395973,229,38.422818791946305,291,48.8255033557047,-0.10676457025992045,0.031214670177170806,-0.013562862756666497,558338,-0.04772870850557166,0.9027369637932195,-0.12188258398999215,0.7741356563251646,0.04174651286032593,68757,-0.31255167471763184,0.6369025787679791,0.5138434409030388,1.8178869326335474,-0.20203435411451606,8874,-0.08957634944122354,0.7986376489621104,-0.07434117304567245,0.8351593383178266,0.029913346500655295,549464,-0.047052857192905154,0.9042587589261171,-0.1226503913089791,0.7733141723794618,0.04193762186523924,26,19.230769230769234,7.6923076923076925,mean_reversion,False
221,btc,rolling_beta,z3,negative_residual,6,635345,-0.07697669762104119,2.155986825722459,48.56337895159323,0.8536793644573486,-87.33724627380145,193.97900170034222,635345,-0.052874748144632944,3.8151181627426713,40.45203786918918,0.9028137709069761,-66.05192912389978,688.1397839365923,635345,0.014879104469113376,1.9119904791737088,54.32576002014653,1.0374798340048652,-86.64700135588996,194.15030519059582,continuation,-0.052874748144632944,-0.024101949476408244,mean_reversion,0.014879104469113376,596,59,9.899328859060402,229,38.422818791946305,290,48.65771812080537,-0.10707646023304487,0.031296577945986434,-0.013968644824083607,565952,-0.0483696733877649,0.9004511777559732,-0.12163365277655346,0.7723340077251523,0.04121148043732832,69393,-0.3102884521045095,0.6366174526483619,0.5079057281893588,1.8140557329030766,-0.1998811861072154,8991,-0.08889215940902631,0.7981053793567611,-0.07548743116993799,0.8313097444529702,0.030253677685463314,556961,-0.04771552045458431,0.9019460272475079,-0.12237858945697654,0.7715386756748066,0.041388371825669665,26,19.230769230769234,7.6923076923076925,mean_reversion,False
222,btc,unit_beta,z2,negative_residual,12,2051435,-0.07867398533957164,1.784177285450301,44.83710183359453,0.852530182272248,-85.99375087133095,234.49646690475063,2051435,-0.08781870777764583,1.988030027478338,41.36757927986994,0.8386500927631005,-70.16404962910937,612.5405163171439,2051435,0.014304847771335944,1.5795172827251411,51.157019354744364,1.0352030561664392,-85.95839884278158,234.2201160180689,mean_reversion,-0.07867398533957164,0.009144722438074196,mean_reversion,0.014304847771335944,596,43,7.214765100671141,78,13.087248322147651,351,58.89261744966443,-0.07926516506286096,-0.06291284476887904,0.014952448236911893,1820743,-0.07327769933486007,0.8604261029665292,-0.09760360511227427,0.8200998093277637,0.01815691975925047,230692,-0.12126432210494079,0.7980399018057247,-0.010591134529577795,0.9810175481383261,-0.01609773709286169,29838,-0.04653402689086682,0.8885095830956649,-0.1244851186473673,0.7327080903667267,0.0295238938240636,1790905,-0.07372327165633097,0.8600553942945647,-0.0971557362410274,0.8213467378804914,0.017967536306668752,26,3.8461538461538463,0.0,mean_reversion,False
223,btc,unit_beta,z2,negative_residual,72,2051135,-0.053711538329472897,3.8158559604384528,45.961138589122605,0.9519394189899684,-93.75368054899282,725.2166489017629,2051135,-0.005924245785666822,4.112755980705124,45.143054942751206,0.9946083367113484,-87.90618197161888,1497.7440897934182,2051135,0.013557775825134757,3.3781328259917496,48.585929253803386,1.015025362532632,-93.74471401776445,684.5366978544455,continuation,-0.005924245785666822,-0.04778729254380607,mean_reversion,0.013557775825134757,596,139,23.322147651006713,341,57.214765100671144,283,47.48322147651007,-0.05332120258527784,0.08659082822609833,0.023066732766772728,1820741,-0.03082971973656911,0.9717415401007957,-0.04520639217183073,0.958898668281002,0.026512228360384797,230394,-0.2345403154098753,0.8233492271992991,0.30451185278152837,1.2793419902210477,-0.08881773249315368,29838,0.21233948603312625,1.2932257014940596,-0.32492226031705856,0.6753675029345542,0.18705008923277922,1790903,-0.0348811299814323,0.9682061391124612,-0.04054608277834743,0.9631909801785518,0.023837528115474578,26,46.15384615384615,38.46153846153847,mean_reversion,False
224,btc,rolling_beta,z2,negative_residual,72,1956072,-0.05802929043829492,3.894643706108545,48.17813454719458,0.9501319046483746,-93.75368054899282,725.2166489017629,1956072,0.006144406942137031,4.333146622361774,47.46338580583946,1.005398544240754,-87.90618197161888,1497.7440897934182,1956072,0.013485707391719113,3.3807961129984214,48.148687778363986,1.015079045254583,-93.74692443466557,682.7743650649044,continuation,0.006144406942137031,-0.06417369738043195,mean_reversion,0.013485707391719113,596,138,23.154362416107382,352,59.060402684563755,292,48.993288590604024,-0.05665915890759759,0.10391496524064386,0.020169976028399764,1745378,-0.03428660787993843,0.9696212653362594,-0.03831830625027252,0.9661602655754101,0.025297663162834785,210694,-0.254712422365826,0.824787732485094,0.37447118144137004,1.3156583257724286,-0.08436391215073724,26006,0.22056161177050934,1.2675224841667567,-0.32090418665962955,0.7092074022344378,0.1994633301359314,1719372,-0.038141261090662834,0.9663431515403202,-0.03404411287854973,0.9699464592809355,0.02266335695376404,26,42.30769230769231,38.46153846153847,mean_reversion,False
225,btc,unit_beta,z3_abs025,negative_residual,288,662408,0.08161323785561113,7.992701623568129,46.09379717636261,1.0363814473236206,-91.96308328826662,1156.4051941980565,662408,0.2677338920430739,7.991355412416215,46.922138621514236,1.1245545647858666,-92.05668678234136,1141.7722297953158,662408,0.011585168641854044,7.2288749614717425,46.34741730172341,1.006053566411724,-91.96227142729376,1156.754849410815,continuation,0.2677338920430739,-0.18612065418746276,mean_reversion,0.011585168641854044,596,292,48.993288590604024,487,81.71140939597315,250,41.946308724832214,-0.05856049516489372,0.7103271385238527,-0.06677630820369998,585206,0.18598626096084778,1.0860071594030252,0.11564690045925813,1.0528811945565302,0.05571089185696836,77202,-0.7095543401776423,0.7515438781091395,1.420582522866092,1.7612489936984372,-0.32289629530758024,10242,0.7850148087978593,1.63152729921594,-0.6895616006974967,0.6495146533737369,0.5039632214124528,574964,0.17531559221124507,1.080463231722566,0.1299903123404324,1.0593338543312791,0.04772604348505773,26,73.07692307692307,50.0,mean_reversion,False
226,btc,unit_beta,z2,negative_residual,6,2051475,-0.08590746359796261,1.534956057704706,43.88900669030819,0.7924495389465587,-87.33724627380145,193.97900170034222,2051475,-0.07825539093999387,2.819118881388703,39.19760172558769,0.8158549906122464,-66.05192912389978,688.1397839365923,2051475,0.010147676916945814,1.3808292741338122,52.31528534347238,1.0331706528324491,-86.52353651316386,194.06890861470504,continuation,-0.07825539093999387,-0.007652072657968745,mean_reversion,0.010147676916945814,596,32,5.369127516778524,123,20.63758389261745,332,55.70469798657718,-0.09050064556301596,-0.043345783753693454,0.005774693622947465,1820744,-0.07632487203727892,0.8097676753307769,-0.10685463187473829,0.7472226842469392,0.019183506181325284,230731,-0.1615255907181384,0.6857882052594693,0.14742688121455177,1.3330387538418274,-0.06115584067775669,29838,-0.05430284158837535,0.8311757395906821,-0.12399033279998731,0.6635057451544099,0.03206436811207843,1790906,-0.07669177758370875,0.8094826734718671,-0.1065691366872703,0.7484358989076286,0.018968900189559205,26,3.8461538461538463,3.8461538461538463,mean_reversion,False
227,btc,unit_beta,z3,negative_residual,288,670552,0.07839604208732728,7.945694771070919,45.72113721232656,1.0352991370671183,-91.96308328826662,1156.4051941980565,670552,0.2645501615164749,7.944502175906136,46.5458308975292,1.1243648708230378,-92.05668678234136,1141.7722297953158,670552,0.00983104133517406,7.187978602166522,46.351662510886555,1.0051749235238439,-91.96227142729376,1156.754849410815,continuation,0.2645501615164749,-0.18615411942914764,mean_reversion,0.00983104133517406,596,292,48.993288590604024,487,81.71140939597315,249,41.77852348993289,-0.0607044349828787,0.7067119998593305,-0.0687701902501666,592012,0.18161675904998603,1.084760868428387,0.11454250172510326,1.0528893136769881,0.053423066642626665,78540,-0.6996521256042648,0.7510512410968213,1.3952648888962749,1.7595078034143463,-0.318753146165662,10407,0.7740166405385122,1.6317226838349381,-0.6831389117678416,0.6480822383461601,0.4761075376474843,581605,0.17101659989273832,1.0792069047895736,0.12881588395225246,1.0593698322290723,0.04585972504524089,26,73.07692307692307,50.0,mean_reversion,False
228,btc,rolling_beta,z3_abs025_vol15,negative_residual,6,556625,-0.08256091467825727,2.2611077312561636,49.334830451381094,0.85060267899597,-87.33724627380145,193.97900170034222,556625,-0.03914339366881298,4.056479669469545,40.67963170896025,0.9307074440857552,-66.05192912389978,688.1397839365923,556625,0.008896286004079641,2.003453539189864,54.44850662474736,1.0211841640624122,-86.64700135588996,194.15030519059582,continuation,-0.03914339366881298,-0.043417521009444286,mean_reversion,0.008896286004079641,596,67,11.241610738255034,253,42.4496644295302,280,46.97986577181208,-0.11272530480258368,0.04715762185941984,-0.02030834858522283,494941,-0.0505644225423385,0.900329688531524,-0.1170089649017676,0.7886459916892447,0.03832083374264303,61684,-0.3392948459123499,0.6296647592954896,0.5856355391437442,1.8934939548807217,-0.22720083938130922,7968,-0.0958668883605907,0.7939370085871302,-0.0646114382139877,0.8606965579784417,0.021148137945627987,486973,-0.049823169849396894,0.9019239387454012,-0.11786630913368226,0.7876609158717798,0.038601818602400396,26,23.076923076923077,7.6923076923076925,mean_reversion,False
229,btc,rolling_beta,z3_abs025_vol15,negative_residual,288,556252,0.07308526869412113,8.33210212889477,48.54005019307796,1.0305461480549405,-91.96308328826662,1156.4051941980565,556252,0.31875395932433015,8.275839453586116,49.6447653221921,1.1404356680882413,-92.05668678234136,1141.7722297953158,556252,-0.008545780372010113,7.500166833378738,45.4700387594112,0.9956707397805482,-91.9554288357207,1157.6622278588036,continuation,0.31875395932433015,-0.24566869063020902,continuation,0.008545780372010113,596,286,47.986577181208055,496,83.22147651006712,234,39.261744966442954,-0.06913929611644294,0.7739284960330096,-0.07367839364010342,494941,0.1819689366649164,1.0796768417841691,0.15096552666226368,1.0659593333667117,0.030508759727574844,61311,-0.8058922640346444,0.7536075191653611,1.673247845416487,1.7906695439994187,-0.32381862099487746,7968,0.8125262889610806,1.544097491102139,-0.6533917490416574,0.7051503215875128,0.6175733622669437,486973,0.17165156592137246,1.0747360235276717,0.16412666449292113,1.0716723759993518,0.02090303055360895,26,57.692307692307686,57.692307692307686,continuation,False
230,market_mom,unit_beta,z4,negative_residual,6,260480,-0.05590561197565269,3.2453508726742064,45.81119471744472,0.9071908458304329,-87.07411590040913,404.69505249395104,260480,-0.00802977111569771,5.4073700412813155,40.11632371007371,0.9870418022296613,-80.22564331373545,672.0957351090811,260480,0.008233232943343716,2.1873309267402075,52.97258906633907,1.0196149835161332,-75.6822596845818,227.1352325626255,continuation,-0.00802977111569771,-0.047875840859954985,mean_reversion,0.008233232943343716,597,185,30.98827470686767,270,45.22613065326633,314,52.596314907872696,-0.07750037347454479,0.09354210259686677,0.007622058182941215,224720,-0.02665134952276454,0.9502987864355857,-0.1297330919996708,0.7827127758346796,0.026901398519094802,35760,-0.23974280041002177,0.764497558169198,0.7567680551999189,1.993464929518258,-0.10907969122284171,3967,-0.07098544725918826,0.8581682683254984,-0.05929800353735427,0.8853597846432066,0.003246900382899326,220753,-0.025854652011426518,0.9518422022263613,-0.1309988324241724,0.7811185623783671,0.02732647720027372,23,34.78260869565217,8.695652173913043,mean_reversion,False
231,btc,unit_beta,z3,negative_residual,6,671000,-0.0891255412079053,2.217987955612934,46.05976154992548,0.8281425859262125,-87.07411590040913,193.97900170034222,671000,-0.025370107359669748,4.602927822057953,38.18554396423249,0.9516585406215448,-66.05192912389978,672.0957351090811,671000,0.006178545036775861,2.034762575039204,54.36616989567809,1.0151419397748114,-86.24349735691284,194.06890861470504,continuation,-0.025370107359669748,-0.06375543384823557,mean_reversion,0.006178545036775861,596,46,7.718120805369128,279,46.81208053691275,272,45.63758389261745,-0.11492417706540914,0.0679876790062132,-0.019799042422335045,592013,-0.058769909073729885,0.8776232219743725,-0.11174216909037032,0.7845432205228476,0.033942305285262125,78987,-0.31664309278790714,0.6072128720038725,0.6219944384691022,2.089039503034929,-0.20191274841641402,10407,-0.07424532840793091,0.8095888493649186,-0.09514402369216919,0.7701568170830901,-0.0069572847313889765,581606,-0.05849299877876901,0.878608336654657,-0.1120391689479356,0.7847479480400887,0.03467414442258761,26,19.230769230769234,7.6923076923076925,mean_reversion,False
232,btc,unit_beta,z3_abs025,negative_residual,6,662856,-0.08897245068757087,2.231337591200542,46.48536031958676,0.8300303538785215,-87.07411590040913,193.97900170034222,662856,-0.024486171175033183,4.63095236398981,38.53159660620104,0.9537776704573817,-66.05192912389978,672.0957351090811,662856,0.0060572542773108745,2.046904252074131,54.34151610606225,1.0146970540526872,-86.24349735691284,194.06890861470504,continuation,-0.024486171175033183,-0.06448627951253769,mean_reversion,0.0060572542773108745,596,47,7.885906040268456,279,46.81208053691275,272,45.63758389261745,-0.11491908458280155,0.06845020565269229,-0.020060148029691683,585207,-0.05826089255999761,0.8797125129025152,-0.1119230642974794,0.7860789009256063,0.034362851869066346,77649,-0.32043220930858,0.6083905154831055,0.6344879548730475,2.095624803126194,-0.20726981818825144,10242,-0.07399893420112527,0.8124759353632001,-0.09490028786499469,0.7733831362918794,-0.006307768466167744,574965,-0.05798054676070829,0.8806851028654804,-0.11222629540932372,0.786259273367483,0.03508732813018394,26,23.076923076923077,11.538461538461538,mean_reversion,False
233,market_mom,rolling_beta,z2,positive_residual,36,2018118,-0.012153866581651086,3.117436276945551,49.07899339880027,0.985578754311935,-91.62794172268165,1259.7136325577208,2018118,-0.10265225812190366,3.099655660985735,44.89905942070781,0.8851436037479261,-92.66020451156672,1092.062890059706,2018118,0.005726777641738545,2.417373466444475,54.787430665600326,1.010562962097386,-91.55503739736173,1258.1769393775855,mean_reversion,-0.012153866581651086,0.09049839154025258,mean_reversion,0.005726777641738545,597,296,49.58123953098828,70,11.725293132328309,383,64.15410385259632,0.03994042861358616,-0.09773781162364231,0.06406180317483148,1801312,-0.029022099876543205,0.9651782339586685,-0.09716165302379053,0.8888086657315283,-0.0041085906419145194,216806,0.12799424303196094,1.139082484994544,-0.14827042759365508,0.8600233531144438,0.08744299819727509,25796,-0.1322785284541906,0.8332524177127429,-0.004490508483534615,0.9938586548037317,0.05654395420128049,1775516,-0.027521914673149395,0.96700131258074,-0.09850804744916343,0.887534566801127,-0.004989795343406962,23,30.434782608695656,4.3478260869565215,mean_reversion,False
234,market_mom,unit_beta,z2,positive_residual,36,2135940,-0.018867794346714414,3.100113144689838,46.61615026639325,0.9767069654278651,-91.62794172268165,1259.7136325577208,2135940,-0.09853074681666729,3.050407956599009,42.881213891775985,0.8847640312785158,-92.66020451156672,1092.062890059706,2135940,0.0050348480305467975,2.4174493113499644,54.62559809732483,1.0089522918680844,-91.57621844797154,1232.7469405859906,mean_reversion,-0.018867794346714414,0.07966295246995288,mean_reversion,0.0050348480305467975,597,275,46.06365159128978,68,11.390284757118929,383,64.15410385259632,0.02802032700940863,-0.089604033155087,0.060821567077218155,1892575,-0.03341090876838597,0.9584682228557635,-0.09579698526832153,0.8861507309783241,-0.0024408284067960243,243365,0.09422954823169684,1.1104425752195872,-0.11979037232715889,0.8753196127571813,0.06317089197032486,30515,-0.14702331159321666,0.7894303986349821,0.0007744908644977684,1.0012388965964156,0.058262238275167376,1862060,-0.03154905551328159,0.9608673174948754,-0.09737957583693514,0.8847553769707203,-0.0034356159430731135,23,26.08695652173913,8.695652173913043,mean_reversion,False
235,btc,unit_beta,z3_abs050,negative_residual,6,564579,-0.08927205870249745,2.407633190438898,48.40048956833322,0.8452720782932889,-87.07411590040913,193.97900170034222,564579,-0.009633245764760432,5.0127341333384825,40.090226522771836,0.9834274312692431,-66.05192912389978,672.0957351090811,564579,0.004927201593530987,2.2111155667547635,54.38494878484676,1.010735212434782,-86.24349735691284,194.06890861470504,continuation,-0.009633245764760432,-0.07963881293773702,mean_reversion,0.004927201593530987,596,55,9.228187919463087,292,48.993288590604024,272,45.63758389261745,-0.11546554672431716,0.07706525242445125,-0.021606400870714543,497723,-0.05357789955025904,0.8991413461275934,-0.11189285503690878,0.804835142455805,0.03820686504323832,66856,-0.355004438380156,0.6130787866357934,0.7516590766260723,2.1735963252025923,-0.24282997698698072,8497,-0.0751547898297988,0.8304677828288861,-0.08768227927860925,0.8111839434361485,-0.0012300346238829421,489226,-0.053203146702484716,0.900133847447471,-0.11231335039532848,0.8047461221679049,0.03889181501824279,26,19.230769230769234,11.538461538461538,mean_reversion,False
236,btc,rolling_beta,z3,negative_residual,288,634940,0.06764034841751142,8.143667673070617,48.27479761867263,1.0288187365343509,-91.96308328826662,1156.4051941980565,634940,0.3028038599443701,8.155407809338458,49.38309131571487,1.1358326775010434,-92.05668678234136,1141.7722297953158,634940,-0.0038422530646710687,7.298801858644419,45.563360317510316,0.9980076431089249,-91.9554288357207,1157.6622278588036,continuation,0.3028038599443701,-0.23516351152685866,continuation,0.0038422530646710687,596,289,48.48993288590604,495,83.05369127516778,234,39.261744966442954,-0.07364462739493532,0.7599178327527331,-0.06592665118319434,565952,0.17108378363795954,1.076135670371571,0.1464906074211189,1.0651139134561407,0.030825330936200563,68988,-0.7809712804147934,0.7534425174446046,1.5851398878338452,1.7691398507283682,-0.2882422719152146,8991,0.8188922115652963,1.5668268595049744,-0.6790067146592017,0.6888171030685878,0.6382417033586244,556961,0.1606262371032925,1.0710721696196683,0.1598165789394553,1.0710026899490306,0.021019831799905544,26,61.53846153846154,53.84615384615385,continuation,False
237,btc,rolling_beta,z3_abs025,negative_residual,288,626695,0.06986246653121772,8.191986036309597,48.50716855886835,1.029469897323747,-91.96308328826662,1156.4051941980565,626695,0.3073524472943765,8.204472908046618,49.663712013020685,1.1365045401143197,-92.05668678234136,1141.7722297953158,626695,-0.003243237973906479,7.342299608521884,45.4836882374999,0.998335561440876,-91.9554288357207,1157.6622278588036,continuation,0.3073524472943765,-0.23748998076315878,continuation,0.003243237973906479,596,287,48.15436241610738,499,83.7248322147651,231,38.758389261744966,-0.07452876616771485,0.762200234268645,-0.06675593021942378,558338,0.17483016004681637,1.0770129608400418,0.14901215249119665,1.065549623715154,0.03199235893360387,68357,-0.787510619796624,0.7532482541810459,1.600671398094117,1.7715933549176668,-0.2910465749568859,8874,0.8241180549521356,1.564516328823887,-0.6800285664867746,0.6908848069407584,0.6418532214307441,549464,0.16434397573011872,1.0719788601528464,0.1624013960816968,1.0714022682658668,0.022142932412849793,26,61.53846153846154,53.84615384615385,continuation,False
238,btc,unit_beta,z3_abs025_vol15,negative_residual,6,566739,-0.09319435541507254,2.3771370082491647,49.38110841145571,0.8353653288698903,-87.07411590040913,193.97900170034222,566739,-0.007169343366891941,4.9945566416860165,40.58905422072594,0.9873749977976739,-66.05192912389978,672.0957351090811,566739,0.0015671700472884172,2.1772515472277156,54.58438540492184,1.003551536838948,-86.24349735691284,194.06890861470504,continuation,-0.007169343366891941,-0.0860250120481806,mean_reversion,0.0015671700472884172,596,50,8.389261744966444,307,51.51006711409396,257,43.12080536912752,-0.12053651729608895,0.0886344508868775,-0.026256945743100255,504164,-0.058392742073308954,0.8870029453905469,-0.10864737949794749,0.8044234168189346,0.03494125569101385,62575,-0.3735894107700373,0.6121813205352502,0.8104346935164886,2.2144370796291235,-0.2673263579508447,8239,-0.07729887426159401,0.8273630428979862,-0.0848103210422844,0.818721072418594,0.009072100460842142,495925,-0.058078646951870636,0.8878595504297604,-0.10904339406590885,0.8042238974630977,0.03537103029391022,26,23.076923076923077,11.538461538461538,mean_reversion,False
239,btc,rolling_beta,z4,negative_residual,6,262042,-0.08973177696404973,2.9427795367038154,50.70866502316422,0.8644237435782185,-81.5686499463969,193.97900170034222,262042,0.024977208982648536,5.199701399914762,39.57571686981476,1.0377034282524045,-66.05192912389978,441.46983030455925,262042,0.0005722671889336909,2.6266603326490294,55.92118820647072,1.0010897851825713,-79.86051088882358,194.15030519059582,continuation,0.024977208982648536,-0.11470898594669826,mean_reversion,0.0005722671889336909,596,119,19.966442953020135,353,59.22818791946309,259,43.45637583892618,-0.1471307032911305,0.17543108719396433,-0.054905594812663085,232213,-0.021792686812623835,0.9619848228072383,-0.12901775596686912,0.800047495914273,0.06323891016383024,29829,-0.6186244633207172,0.5422767760225689,1.223798248770182,2.536384306356894,-0.4872754368953342,3677,-0.11293907380190431,0.794599099426417,-0.012725918567361971,0.9757342397405573,0.014248462875069865,228536,-0.020326198972810516,0.9645662520142163,-0.1308888182332867,0.7977569217421769,0.06402713554049189,26,38.46153846153847,15.384615384615385,mean_reversion,False
240,btc,unit_beta,z3_abs025_vol15,negative_residual,288,566324,0.08003321873658478,8.32421277370253,48.5096870342772,1.0334700480275305,-91.96308328826662,1156.4051941980565,566324,0.3123813679362833,8.264862644339276,49.544960128830844,1.1372711733269627,-92.05668678234136,1141.7722297953158,566324,0.00022891679171357793,7.528853515953762,46.161208071704536,1.0001145985939324,-91.96227142729376,1156.754849410815,continuation,0.3123813679362833,-0.2323481491996985,mean_reversion,0.00022891679171357793,596,289,48.48993288590604,499,83.7248322147651,252,42.281879194630875,-0.055990285563322556,0.765904790038945,-0.07916403320585791,504164,0.19038636877433415,1.083444190864867,0.14271840119716575,1.0621962474834197,0.057434339098485665,62160,-0.815013202364313,0.7515226216793918,1.6884746749353243,1.7958537976773608,-0.46374975971844506,8239,0.8391072574339206,1.5834503092439758,-0.6933123541097063,0.6836358947907301,0.5295843804206541,495925,0.17960890967937762,1.0782400542487285,0.15660771388148978,1.068198238975454,0.04959032197804743,26,69.23076923076923,53.84615384615385,mean_reversion,False
