id,symbol,side,strategy,signal_i,entry_i,exit_i,entry_ts,exit_ts,entry_price,exit_price,pnl_decimal,exit_reason,equity_after_exit,position_fraction,fee_per_side
1,BTC,long,long_main_v9,4618,4619,4619,1569383400,1569383400,9068.78,9015.847843177138,-0.0066367450553284964,stop,99.99917040686809,0.00125,0.0004
2,BTC,long,long_main_v9,12897,12898,12905,1571867100,1571869200,7470.58,7414.746403384711,-0.008273796762137442,stop,99.99813619085268,0.00125,0.0004
3,BTC,short,short_main_v6_timeout210,13511,13512,13513,1572051300,1572051600,8260.03,8445.134799874291,-0.02271851335245065,stop,99.99529642961234,0.00125,0.0004
4,BTC,short,short_main_v6_timeout210,13514,13515,13523,1572052200,1572054600,8354.94,8365.881457470368,-0.002107866663661339,stop,99.9950329586725,0.00125,0.0004
5,BTC,short,short_main_v6_timeout210,13631,13632,13842,1572087300,1572150300,9990.01,9002.06,0.10894710232991126,timeout,100.00865067003278,0.00125,0.0004
6,BTC,long,long_main_v9,21277,21278,21282,1574381100,1574382300,7500.97,7676.245780473135,0.022567081920489642,target,100.01147179929832,0.00125,0.0004
7,ETH,long,long_main_v9,5600,5601,5601,1576553400,1576553400,135.01,134.4130121913772,-0.005221804374659666,stop,100.01081899887213,0.00125,0.0004
8,ETH,long,long_main_v9,5901,5902,5909,1576643700,1576645800,122.39,121.51673995400212,-0.007935060429756313,stop,100.00982700900664,0.00125,0.0004
9,BCH,short,short_main_v6_timeout210,7558,7559,7567,1579045800,1579048200,327.93,328.5696522383635,-0.0027467782067087435,stop,100.00948362799004,0.00125,0.0004
10,BCH,short,short_main_v6_timeout210,7572,7573,7586,1579050000,1579053900,341.28,342.0671413696795,-0.0031011311946763423,stop,100.00909594982824,0.00125,0.0004
11,XRP,short,short_main_v6_timeout210,2408,2409,2417,1579053900,1579056300,0.2411,0.24133749868687546,-0.0017840935957640128,stop,100.00887291784373,0.00125,0.0004
12,BCH,short,short_main_v6_timeout210,7661,7662,7662,1579076700,1579076700,350.81,358.9638354718651,-0.023514921855976676,stop,100.00593329180427,0.00125,0.0004
13,TRX,long,long_main_v9,207,208,209,1579170300,1579170600,0.01633,0.016148995064034874,-0.011884196936015145,stop,100.00444767904675,0.00125,0.0004
14,ETC,short,short_main_v6_timeout210,252,253,262,1579269900,1579272600,9.22,9.233124597404936,-0.0022214686768794226,stop,100.00416998311165,0.00125,0.0004
15,ETC,short,short_main_v6_timeout210,265,266,267,1579273800,1579274100,9.814,10.11588041722317,-0.03064222873069875,stop,100.00033954479835,0.00125,0.0004
16,ETC,short,short_main_v6_timeout210,267,268,282,1579274400,1579278600,10.123,10.141367435079264,-0.0026111398878746243,stop,100.00001315120412,0.00125,0.0004
17,ETC,short,short_main_v6_timeout210,387,388,389,1579310400,1579310700,11.552,12.072285881016617,-0.04389754475204686,stop,99.99452595738849,0.00125,0.0004
18,ETC,long,long_main_v9,427,428,428,1579322400,1579322400,10.92,10.689638596535634,-0.021895366617615906,stop,99.9917891863815,0.00125,0.0004
19,LINK,long,long_main_v9,141,142,163,1579323000,1579329300,2.628,2.685,0.02088949771689488,time,99.99440015919639,0.00125,0.0004
20,ETC,long,long_main_v9,479,480,492,1579338000,1579341600,9.16,8.947460497471148,-0.0240030024594817,stop,99.9913999519052,0.00125,0.0004
21,BCH,long,long_main_v9,8589,8590,8596,1579355100,1579356900,358.4,353.5183076219075,-0.014420793465659698,stop,99.98959750774638,0.00125,0.0004
22,LINK,long,long_main_v9,248,249,270,1579355100,1579361400,2.571,2.624,0.019814546868922502,time,99.99207406845416,0.00125,0.0004
24,ETC,long,long_main_v9,667,668,676,1579394400,1579396800,8.586,8.44314288117373,-0.017438378619411974,stop,99.98989444389598,0.00125,0.0004
23,BCH,long,long_main_v9,8720,8721,8730,1579394400,1579397100,341.18,335.82339270029695,-0.016500238289768075,stop,99.98783212253987,0.00125,0.0004
25,ETC,short,short_main_v6_timeout210,827,828,828,1579442400,1579442400,9.084,9.25072524206459,-0.018822937413216254,stop,99.98547954165721,0.00125,0.0004
26,BCH,long,long_main_v9,8953,8954,8954,1579464300,1579464300,338.0,334.32311748443,-0.011678350637781087,stop,99.98401995979624,0.00125,0.0004
27,BTC,long,long_main_v9,38221,38222,38222,1579464300,1579464300,8694.1,8636.233521645407,-0.007455833076982476,stop,99.98308812959226,0.00125,0.0004
28,ETC,long,long_main_v9,900,901,901,1579464300,1579464300,8.612,8.477491367073892,-0.016418745114504005,stop,99.98103613354256,0.00125,0.0004
29,ETH,long,long_main_v9,15303,15304,15304,1579464300,1579464300,168.38,167.07356586577865,-0.00855884389013748,stop,99.97996648094225,0.00125,0.0004
30,LINK,long,long_main_v9,612,613,613,1579464300,1579464300,2.631,2.600948749654481,-0.012221987968650238,stop,99.97843903850796,0.00125,0.0004
31,LTC,long,long_main_v9,2915,2916,2916,1579464300,1579464300,58.07,57.57499706847613,-0.009324245419732624,stop,99.9772737591301,0.00125,0.0004
32,TRX,long,long_main_v9,1187,1188,1188,1579464300,1579464300,0.01679,0.016607627902426304,-0.011661947443341014,stop,99.97581634698996,0.00125,0.0004
33,XRP,long,long_main_v9,3776,3777,3777,1579464300,1579464300,0.2363,0.2343610585944033,-0.009005422791353057,stop,99.97469094137107,0.00125,0.0004
34,ETC,short,short_main_v6_timeout210,1233,1234,1246,1579564200,1579567800,8.852,8.863246480118754,-0.002068889468884815,stop,99.97443239563951,0.00125,0.0004
35,ETC,long,long_main_v9,1945,1946,1946,1579777800,1579777800,8.878,8.80823761250793,-0.008657894513637054,stop,99.97335043552732,0.00125,0.0004
36,ETC,long,long_main_v9,2134,2135,2156,1579834500,1579840800,8.269,8.295,0.0023442737936873134,time,99.9736433916592,0.00125,0.0004
37,ETC,long,long_main_v9,2502,2503,2524,1579944900,1579951200,8.188,8.305,0.01348920371275022,time,99.97532909771122,0.00125,0.0004
38,ETC,short,short_main_v6_timeout210,3122,3123,3156,1580130900,1580140800,9.75,9.75701118756665,-0.0015185794329707117,stop,99.97513932211301,0.00125,0.0004
39,ETC,short,short_main_v6_timeout210,3535,3536,3643,1580254800,1580286900,11.548,11.561027912336773,-0.001926881833999449,stop,99.97489852176325,0.00125,0.0004
40,ETC,long,long_main_v9,4370,4371,4372,1580505300,1580505600,11.427,11.331607290293269,-0.00914800995070717,stop,99.97375530755512,0.00125,0.0004
41,ETC,short,short_main_v6_timeout210,5109,5110,5156,1580727000,1580740800,12.153,12.161397481511612,-0.0014905030054628058,stop,99.97356904357669,0.00125,0.0004
42,ETC,long,long_main_v9,5279,5280,5283,1580778000,1580778900,11.456,11.73721033331259,0.023746991385526297,target,99.97653663293026,0.00125,0.0004
43,XRP,short,short_main_v6_timeout210,8433,8434,8434,1580861400,1580861400,0.2668,0.2705392773944046,-0.014621569386959332,stop,99.97470936559596,0.00125,0.0004
44,BCH,short,short_main_v6_timeout210,13845,13846,13854,1580931900,1580934300,416.25,416.56493394914804,-0.0015560260681627184,stop,99.97451491152854,0.00125,0.0004
45,ETC,short,short_main_v6_timeout210,5997,5998,6007,1580993400,1580996100,13.012,13.02052104784319,-0.0014544321699476496,stop,99.9743331538402,0.00125,0.0004
46,ADA,long,long_main_v9,1797,1798,1798,1581029400,1581029400,0.05812,0.05766506933773743,-0.008627437409885896,stop,99.97325500096285,0.00125,0.0004
50,TRX,long,long_main_v9,6404,6405,6406,1581029400,1581029700,0.02001,0.020574756803505866,0.02742372831113773,target,99.97668205019227,0.00125,0.0004
47,BCH,long,long_main_v9,14170,14171,14175,1581029400,1581030600,423.8,436.6592772056579,0.029542796615521196,target,99.98037403867238,0.00125,0.0004
52,XRP,long,long_main_v9,8993,8994,8998,1581029400,1581030600,0.2718,0.2796172627605727,0.027961084475984912,target,99.98386848827793,0.00125,0.0004
53,ZEC,long,long_main_v9,357,358,362,1581029400,1581030600,68.43,70.37750993668979,0.027659885089723526,target,99.98732541616945,0.00125,0.0004
51,XLM,long,long_main_v9,4965,4966,4971,1581029400,1581030900,0.06819,0.06992637635789638,0.024663797593435757,target,99.99040800011441,0.00125,0.0004
49,ETC,long,long_main_v9,6117,6118,6126,1581029400,1581031800,11.32,12.016203423488422,0.060702069212758135,target,99.9979950309482,0.00125,0.0004
48,DASH,long,long_main_v9,644,645,654,1581029400,1581032100,118.09,121.0262320962115,0.02406435850801505,target,100.00100301545133,0.00125,0.0004
54,TRX,short,short_main_v6_timeout210,6414,6415,6440,1581032400,1581039900,0.0231,0.023139821010941558,-0.0025208867312642483,stop,100.00068790144931,0.00125,0.0004
55,DASH,short,short_main_v6_timeout210,1123,1124,1132,1581173100,1581175500,128.67,128.82449839419115,-0.0019992935824862715,stop,100.00043798803235,0.00125,0.0004
56,XTZ,short,short_main_v6_timeout210,1713,1714,1717,1581522600,1581523500,3.219,3.274191503491428,-0.01765652883546207,stop,99.99823091226123,0.00125,0.0004
57,XTZ,short,short_main_v6_timeout210,1843,1844,1846,1581561600,1581562200,3.479,3.550736958635821,-0.021003399877692484,stop,99.9956055337226,0.00125,0.0004
58,XTZ,long,long_main_v9,1871,1872,1873,1581570000,1581570300,3.371,3.3176601379220143,-0.016623156949862248,stop,99.99352773041623,0.00125,0.0004
59,IOTA,long,long_main_v9,188,189,196,1581583500,1581585600,0.3273,0.33737989141060754,0.029997101773930803,target,99.9972771254513,0.00125,0.0004
64,IOTA,long,long_main_v9,290,291,291,1581614100,1581614100,0.3092,0.30440507323420823,-0.016307525115755925,stop,99.99523874031601,0.00125,0.0004
67,ONT,long,long_main_v9,577,578,578,1581614100,1581614100,0.982,0.9679822940993232,-0.015074649593357225,stop,99.99335449883475,0.00125,0.0004
61,ATOM,long,long_main_v9,1680,1681,1685,1581614100,1581615300,4.908,4.862209805757386,-0.0101297054284055,stop,99.9920883698024,0.00125,0.0004
65,LINK,long,long_main_v9,7778,7779,7787,1581614100,1581616500,3.7,3.8700817082198338,0.04516802924860377,target,99.99773392676754,0.00125,0.0004
60,ADA,long,long_main_v9,3746,3747,3768,1581614100,1581620400,0.06524,0.06789,0.03981925199264249,time,100.00271122047494,0.00125,0.0004
62,DASH,long,long_main_v9,2593,2594,2615,1581614100,1581620400,127.85,128.85,0.007021666014861117,time,100.0035889525234,0.00125,0.0004
63,ETC,long,long_main_v9,8066,8067,8088,1581614100,1581620400,11.413,11.783,0.031619171120651844,time,100.00754149076312,0.00125,0.0004
66,LTC,long,long_main_v9,10081,10082,10103,1581614100,1581620400,78.04,78.74,0.008169759097898322,time,100.00856278766555,0.00125,0.0004
68,TRX,long,long_main_v9,8353,8354,8375,1581614100,1581620400,0.02261,0.02346,0.036793984962406066,time,100.01316242960971,0.00125,0.0004
69,XLM,long,long_main_v9,6914,6915,6936,1581614100,1581620400,0.07905,0.08167,0.03234358001265027,time,100.0172059092614,0.00125,0.0004
70,XRP,long,long_main_v9,10942,10943,10964,1581614100,1581620400,0.3016,0.3084,0.021746419098143257,time,100.01992467935732,0.00125,0.0004
71,XTZ,long,long_main_v9,2018,2019,2040,1581614100,1581620400,2.913,3.037,0.04176779951939582,time,100.02514669455977,0.00125,0.0004
72,ZEC,long,long_main_v9,2306,2307,2328,1581614100,1581620400,70.23,70.88,0.008455304001138942,time,100.02620387333859,0.00125,0.0004
73,IOTA,long,long_main_v9,360,361,382,1581635100,1581641400,0.3209,0.3306,0.02942748519788099,time,100.02988327288095,0.00125,0.0004
75,BAT,long,long_main_v9,669,670,670,1581814500,1581814500,0.2906,0.286420283244567,-0.015183058346294053,stop,100.02798482343832,0.00125,0.0004
80,IOTA,long,long_main_v9,958,959,959,1581814500,1581814500,0.2937,0.29065527190171275,-0.011166796385043453,stop,100.02658858326414,0.00125,0.0004
76,BNB,long,long_main_v9,1534,1535,1536,1581814500,1581814800,24.98,25.768126922852396,0.03075031716783019,target,100.03043339491933,0.00125,0.0004
77,DASH,long,long_main_v9,3261,3262,3263,1581814500,1581814800,124.68,127.82061036974393,0.0243893677393642,target,100.03348299370083,0.00125,0.0004
79,ETH,long,long_main_v9,23137,23138,23139,1581814500,1581814800,270.24,277.3715673317441,0.025589754779988507,target,100.03668278407534,0.00125,0.0004
83,TRX,long,long_main_v9,9021,9022,9023,1581814500,1581814800,0.0247,0.025709133405157493,0.040055603447671694,target,100.0416915711951,0.00125,0.0004
84,VET,long,long_main_v9,382,383,384,1581814500,1581814800,0.007601,0.00789636137391659,0.038058225748794826,target,100.04645083279775,0.00125,0.0004
85,XLM,long,long_main_v9,7582,7583,7584,1581814500,1581814800,0.08174,0.08391467047603596,0.025804728113970745,target,100.04967792212588,0.00125,0.0004
87,XRP,long,long_main_v9,11610,11611,11612,1581814500,1581814800,0.3183,0.3278827738787793,0.029306107064967748,target,100.05334300534214,0.00125,0.0004
88,XTZ,long,long_main_v9,2686,2687,2688,1581814500,1581814800,3.24,3.349872044270986,0.03311112477499569,target,100.05748410374764,0.00125,0.0004
89,ZEC,long,long_main_v9,2974,2975,2976,1581814500,1581814800,67.01,68.88448697140494,0.027173242372853814,target,100.0608827115811,0.00125,0.0004
82,ONT,long,long_main_v9,1245,1246,1251,1581814500,1581816000,1.0044,1.0409054044447368,0.03554548431375628,target,100.06532860225217,0.00125,0.0004
74,ATOM,long,long_main_v9,2348,2349,2356,1581814500,1581816600,4.826,4.79204354321928,-0.007836149353651045,stop,100.0643484436771,0.00125,0.0004
78,ETC,long,long_main_v9,8734,8735,8742,1581814500,1581816600,11.217,11.11091673289117,-0.010257365348028102,stop,100.06306544795173,0.00125,0.0004
81,LINK,long,long_main_v9,8446,8447,8454,1581814500,1581816600,4.286,4.220315864839362,-0.01612527651904747,stop,100.06104851720211,0.00125,0.0004
86,XMR,long,long_main_v9,3550,3551,3558,1581814500,1581816600,93.02,92.24738564699486,-0.009105895001130326,stop,100.05990958545023,0.00125,0.0004
90,BCH,long,long_main_v9,16795,16796,16796,1581816900,1581816900,451.5,446.4395210827352,-0.01200814821099625,stop,100.05840766766988,0.00125,0.0004
91,ADA,long,long_main_v9,4423,4424,4440,1581817200,1581822000,0.06366,0.06282499212809159,-0.013916680362997291,stop,100.05666706657345,0.00125,0.0004
93,IOTA,long,long_main_v9,1240,1241,1246,1581899100,1581900600,0.2619,0.25296440853233393,-0.03491833320987434,stop,100.05229980152282,0.00125,0.0004
92,DASH,long,long_main_v9,3543,3544,3554,1581899100,1581902100,111.51,110.37923700136585,-0.01094046272651914,stop,100.05093152845197,0.00125,0.0004
94,TRX,long,long_main_v9,9303,9304,9314,1581899100,1581902100,0.02154,0.021202580079990235,-0.016464805942885994,stop,100.04887237948694,0.00125,0.0004
95,XLM,long,long_main_v9,7864,7865,7875,1581899100,1581902100,0.07101,0.07007518629203154,-0.013964536093063895,stop,100.04712595937517,0.00125,0.0004
97,ATOM,long,long_main_v9,2641,2642,2646,1581902400,1581903600,4.221,4.159210054091862,-0.015438698390935235,stop,100.04519521262196,0.00125,0.0004
99,BCH,long,long_main_v9,17080,17081,17085,1581902400,1581903600,410.98,404.7319764308044,-0.016002743610870594,stop,100.04319396561135,0.00125,0.0004
101,ETH,long,long_main_v9,23430,23431,23435,1581902400,1581903600,253.02,249.98832795730868,-0.012781946259945198,stop,100.04159553220018,0.00125,0.0004
102,LINK,long,long_main_v9,8739,8740,8744,1581902400,1581903600,4.314,4.227631697874444,-0.020820468735641116,stop,100.03899189106012,0.00125,0.0004
103,XMR,long,long_main_v9,3843,3844,3848,1581902400,1581903600,83.44,82.4017056846203,-0.013243603971472928,stop,100.03733579507224,0.00125,0.0004
104,XRP,long,long_main_v9,11903,11904,11908,1581902400,1581903600,0.2881,0.28376467944604017,-0.015847971377854406,stop,100.03535405902925,0.00125,0.0004
105,ZEC,long,long_main_v9,3267,3268,3272,1581902400,1581903600,57.16,56.09185660344877,-0.019486903368635875,stop,100.03291733493175,0.00125,0.0004
98,BAT,long,long_main_v9,962,963,968,1581902400,1581903900,0.2467,0.24179995572421037,-0.020662360258571686,stop,100.03033368971214,0.00125,0.0004
100,ETC,long,long_main_v9,9027,9028,9033,1581902400,1581903900,9.285,9.103462748950578,-0.020351669472204768,stop,100.02778895935158,0.00125,0.0004
106,LTC,long,long_main_v9,11047,11048,11048,1581903900,1581903900,69.23,68.0422552737835,-0.017956503339831096,stop,100.02554377269342,0.00125,0.0004
96,ADA,long,long_main_v9,4707,4708,4714,1581902400,1581904200,0.05786,0.0569537443221713,-0.01646290490543909,stop,100.02348538392437,0.00125,0.0004
107,ONT,long,long_main_v9,1544,1545,1545,1581904200,1581904200,0.8293,0.8127120068560141,-0.0208024034052646,stop,100.02088447280816,0.00125,0.0004
108,XTZ,long,long_main_v9,2985,2986,2986,1581904200,1581904200,2.82,2.7682433764212995,-0.019153412616560426,stop,100.01848979621994,0.00125,0.0004
109,VET,long,long_main_v9,682,683,699,1581904500,1581909300,0.006494,0.006896886414117283,0.06123979274981264,target,100.02614618570277,0.00125,0.0004
110,ONT,long,long_main_v9,1643,1644,1665,1581933900,1581940200,0.87,0.865,-0.006547126436781658,time,100.02532758092019,0.00125,0.0004
112,XTZ,long,long_main_v9,3115,3116,3122,1581943200,1581945000,2.983,2.9416677250044865,-0.014655942003189293,stop,100.02349512417034,0.00125,0.0004
113,BCH,long,long_main_v9,17223,17224,17230,1581945300,1581947100,376.12,371.13816989885936,-0.014045320911253411,stop,100.02173904656073,0.00125,0.0004
111,LINK,long,long_main_v9,8875,8876,8897,1581943200,1581949500,4.126,4.26,0.031676975278720175,time,100.02569952925462,0.00125,0.0004
114,XTZ,long,long_main_v9,3206,3207,3207,1581970500,1581970500,2.83,2.7922441042737907,-0.014141305910321344,stop,100.0239314117347,0.00125,0.0004
115,XTZ,short,short_main_v6_timeout210,3755,3756,3768,1582135200,1582138800,3.693,3.696100902886901,-0.001638965972081329,stop,100.02372649195972,0.00125,0.0004
116,ADA,long,long_main_v9,5637,5638,5638,1582181400,1582181400,0.05655,0.05936925280638938,0.04905416103252671,target,100.02985971694274,0.00125,0.0004
118,BAT,long,long_main_v9,1892,1893,1893,1582181400,1582181400,0.2471,0.24291223596026298,-0.017747648886025955,stop,100.02764059840726,0.00125,0.0004
121,BTC,long,long_main_v9,47278,47279,47279,1582181400,1582181400,9455.59,9359.492890346868,-0.010962994551702443,stop_first_same_bar,100.02626984530863,0.00125,0.0004
125,IOTA,long,long_main_v9,2181,2182,2182,1582181400,1582181400,0.2603,0.25533499635287016,-0.01987415922831279,stop,100.02378492279124,0.00125,0.0004
128,NEO,long,long_main_v9,732,733,733,1582181400,1582181400,13.874,13.602321795360236,-0.02038182244772699,stop,100.02123658901017,0.00125,0.0004
131,VET,long,long_main_v9,1605,1606,1606,1582181400,1582181400,0.006343,0.006227515973078205,-0.01900653112435666,stop,100.01886026807726,0.00125,0.0004
136,ZEC,long,long_main_v9,4197,4198,4198,1582181400,1582181400,60.91,63.52816852483819,0.04218421482249548,target,100.02413428943707,0.00125,0.0004
120,BNB,long,long_main_v9,2757,2758,2763,1582181400,1582182900,21.549,22.618623565170086,0.04883680751636201,target,100.03024036367869,0.00125,0.0004
133,XMR,long,long_main_v9,4773,4774,4782,1582181400,1582183800,75.91,79.56697992022114,0.0473752064315788,target,100.03616405528697,0.00125,0.0004
127,LTC,long,long_main_v9,11972,11973,11982,1582181400,1582184100,68.41,73.3984678229793,0.07212015528401264,target,100.04518233489408,0.00125,0.0004
117,ATOM,long,long_main_v9,3571,3572,3593,1582181400,1582187700,4.052,4.212,0.03868667324777899,time,100.05002035399285,0.00125,0.0004
119,BCH,long,long_main_v9,18010,18011,18032,1582181400,1582187700,373.28,385.83,0.032820874410630106,time,100.05412501543387,0.00125,0.0004
122,DASH,long,long_main_v9,4484,4485,4506,1582181400,1582187700,104.85,105.97,0.00988192656175504,time,100.05536092482838,0.00125,0.0004
123,ETC,long,long_main_v9,9957,9958,9979,1582181400,1582187700,8.713,8.968,0.02846661310685197,time,100.05892122138928,0.00125,0.0004
124,ETH,long,long_main_v9,24360,24361,24382,1582181400,1582187700,255.16,261.66,0.02467421225897484,time,100.06200731521506,0.00125,0.0004
126,LINK,long,long_main_v9,9669,9670,9691,1582181400,1582187700,4.236,4.406,0.03933220018885732,time,100.06692688884384,0.00125,0.0004
129,ONT,long,long_main_v9,2468,2469,2490,1582181400,1582187700,0.8334,0.8615,0.03291730261579064,time,100.07104430548662,0.00125,0.0004
130,TRX,long,long_main_v9,10244,10245,10266,1582181400,1582187700,0.01979,0.02044,0.03204487114704393,time,100.07505276013701,0.00125,0.0004
132,XLM,long,long_main_v9,8805,8806,8827,1582181400,1582187700,0.06862,0.07116,0.03621544739143103,time,100.07958308864754,0.00125,0.0004
134,XRP,long,long_main_v9,12833,12834,12855,1582181400,1582187700,0.272,0.2777,0.020155882352941214,time,100.08210457902588,0.00125,0.0004
135,XTZ,long,long_main_v9,3909,3910,3931,1582181400,1582187700,3.44,3.617,0.05065348837209296,time,100.08844146367656,0.00125,0.0004
137,ATOM,long,long_main_v9,4965,4966,4966,1582599600,1582599600,4.282,4.234890115718607,-0.011801841261418233,stop,100.08696492880374,0.00125,0.0004
138,XTZ,long,long_main_v9,5304,5305,5311,1582599900,1582601700,2.984,3.1024472247194703,0.03889411016068047,target,100.09183092060321,0.00125,0.0004
139,IOST,long,long_main_v9,1257,1258,1279,1582682100,1582688400,0.00552,0.005665,0.025468115942029048,time,100.09501735854664,0.00125,0.0004
140,XTZ,long,long_main_v9,5679,5680,5688,1582712400,1582714800,2.669,2.635870334453048,-0.013212763412121386,stop,100.09336419381778,0.00125,0.0004
141,ETC,long,long_main_v9,11729,11730,11737,1582713000,1582715100,8.799,8.694039372195096,-0.012728699602784754,stop,100.09177162086146,0.00125,0.0004
142,TRX,long,long_main_v9,12023,12024,12024,1582715100,1582715100,0.01694,0.016642983766527758,-0.018333425824807657,stop,100.0894778395231,0.00125,0.0004
143,QTUM,long,long_main_v9,1656,1657,1657,1582715400,1582715400,2.201,2.1773165504255823,-0.011560313300507863,stop,100.08803150737072,0.00125,0.0004
144,XRP,long,long_main_v9,14613,14614,14635,1582715400,1582721700,0.2361,0.242,0.02418941126641241,time,100.09105784556694,0.00125,0.0004
145,BCH,long,long_main_v9,19866,19867,19867,1582738200,1582738200,316.03,313.14560195146214,-0.00992697544074248,stop,100.08981584372559,0.00125,0.0004
146,ETC,long,long_main_v9,11814,11815,11836,1582738500,1582744800,8.276,8.409,0.015270565490575283,time,100.0917263788353,0.00125,0.0004
148,LTC,long,long_main_v9,13899,13900,13919,1582759500,1582765200,63.12,62.36399642025282,-0.012777243025145468,stop,100.09012775844437,0.00125,0.0004
147,ATOM,long,long_main_v9,5498,5499,5520,1582759500,1582765800,3.651,3.6053825844191554,-0.013294498926552855,stop,100.08846444832432,0.00125,0.0004
149,ETC,long,long_main_v9,11905,11906,11906,1582765800,1582765800,7.542,7.422351234951327,-0.016664328433926377,stop,100.08637956451929,0.00125,0.0004
153,IOST,long,long_main_v9,1538,1539,1539,1582766400,1582766400,0.004978,0.00492828903410335,-0.010786132160837658,stop,100.08503013337244,0.00125,0.0004
157,TRX,long,long_main_v9,12194,12195,12195,1582766400,1582766400,0.01594,0.01572783946637556,-0.014109945647706379,stop,100.08326489045328,0.00125,0.0004
152,DASH,long,long_main_v9,6434,6435,6439,1582766400,1582767600,81.51,80.50121397785465,-0.01317622404791261,stop,100.08161649105122,0.00125,0.0004
150,ADA,long,long_main_v9,7587,7588,7593,1582766400,1582767900,0.04696,0.046399217974730685,-0.012741695597728175,stop,100.0800224791859,0.00125,0.0004
154,IOTA,long,long_main_v9,4131,4132,4137,1582766400,1582767900,0.2121,0.2094530128678235,-0.013279901613279166,stop,100.07836116312092,0.00125,0.0004
156,ONT,long,long_main_v9,4418,4419,4424,1582766400,1582767900,0.6651,0.6564030461599866,-0.01387615973539833,stop,100.07662528396398,0.00125,0.0004
158,ZEC,long,long_main_v9,6147,6148,6158,1582766400,1582769400,48.44,50.61320111785439,0.04406377204488834,target,100.08213747596838,0.00125,0.0004
155,NEO,long,long_main_v9,2682,2683,2694,1582766400,1582769700,10.814,11.217519448540376,0.03651454120033062,target,100.08670554263372,0.00125,0.0004
159,XTZ,short,short_main_v6_timeout210,5870,5871,5879,1582769700,1582772100,2.792,2.797151981248754,-0.002641866757077093,stop,100.08637502295848,0.00125,0.0004
151,BCH,long,long_main_v9,19960,19961,19981,1582766400,1582772400,304.43,319.1247560263364,0.04746973697183723,target,100.09231386532947,0.00125,0.0004
161,ATOM,long,long_main_v9,5628,5629,5635,1582798500,1582800300,3.367,3.4860845708163053,0.03456815290059558,target,100.09663887334182,0.00125,0.0004
160,VET,long,long_main_v9,3661,3662,3670,1582798200,1582800600,0.005215,0.005404886840603288,0.03561166646275895,target,100.10109463348883,0.00125,0.0004
162,DASH,short,short_main_v6_timeout210,6727,6728,6736,1582854300,1582856700,93.2,93.2620458859337,-0.0014652854904082294,stop,100.1009112876369,0.00125,0.0004
163,XTZ,long,long_main_v9,7755,7756,7777,1583335200,1583341500,2.827,2.875,0.016179129819596707,time,100.10293571968538,0.00125,0.0004
168,VET,long,long_main_v9,6444,6445,6445,1583633100,1583633100,0.005863,0.005815810852249347,-0.00884863512717946,stop,100.1018285017437,0.00125,0.0004
164,BAT,long,long_main_v9,6731,6732,6741,1583633100,1583635800,0.2297,0.22776260859187852,-0.009234442351421212,stop,100.10067302103798,0.00125,0.0004
165,IOST,long,long_main_v9,4427,4428,4437,1583633100,1583635800,0.005477,0.005430102936282071,-0.009362545867797922,stop,100.09950152460978,0.00125,0.0004
167,NEO,long,long_main_v9,5571,5572,5581,1583633100,1583635800,11.782,11.687540262521486,-0.008817292266042642,stop,100.09839826640899,0.00125,0.0004
166,IOTA,long,long_main_v9,7020,7021,7032,1583633100,1583636400,0.2235,0.22101151109874548,-0.011934178529103034,stop,100.09690502621476,0.00125,0.0004
169,XTZ,long,long_main_v9,8832,8833,8834,1583658300,1583658600,2.89,2.868057807881023,-0.008392454020407425,stop,100.09585495287348,0.00125,0.0004
171,BCH,long,long_main_v9,23119,23120,23120,1583714100,1583714100,293.31,289.8704661003767,-0.012526616547759417,stop,100.09428762488221,0.00125,0.0004
175,IOTA,long,long_main_v9,7290,7291,7291,1583714100,1583714100,0.1972,0.1949423547564982,-0.012248505291591138,stop,100.09275511811767,0.00125,0.0004
177,LTC,long,long_main_v9,17081,17082,17082,1583714100,1583714100,53.44,52.81095419647408,-0.012571066682745524,stop,100.09118227724386,0.00125,0.0004
178,QTUM,long,long_main_v9,4985,4986,4986,1583714100,1583714100,1.954,1.9351163259016397,-0.010464111616356275,stop,100.08987307061491,0.00125,0.0004
173,ETC,long,long_main_v9,15066,15067,15074,1583714100,1583716200,6.693,6.594332361952432,-0.015541915142322926,stop,100.08792858522257,0.00125,0.0004
179,XLM,long,long_main_v9,13914,13915,13922,1583714100,1583716200,0.05174,0.05119595728456176,-0.01131493458519981,stop,100.08651297476668,0.00125,0.0004
170,ATOM,long,long_main_v9,8680,8681,8689,1583714100,1583716500,3.203,3.1640424284416615,-0.012962838450933023,stop,100.08489121814317,0.00125,0.0004
172,DASH,long,long_main_v9,9593,9594,9602,1583714100,1583716500,77.8,77.03754841098255,-0.010600148959093092,stop,100.08356507469883,0.00125,0.0004
174,IOST,long,long_main_v9,4697,4698,4706,1583714100,1583716500,0.004834,0.004787778470815812,-0.010361756140709088,stop,100.08226877283008,0.00125,0.0004
176,LINK,long,long_main_v9,14778,14779,14787,1583714100,1583716500,3.941,3.893138337559944,-0.012944547688418106,stop,100.08064937320395,0.00125,0.0004
180,XRP,long,long_main_v9,17942,17943,17951,1583714100,1583716500,0.2143,0.21233745211471866,-0.009957946268228301,stop,100.07940362604278,0.00125,0.0004
181,ADA,long,long_main_v9,10755,10756,10756,1583716800,1583716800,0.04339,0.04290953246263154,-0.011873232020476165,stop,100.07791829356812,0.00125,0.0004
182,NEO,long,long_main_v9,5850,5851,5851,1583716800,1583716800,10.187,10.039000937370462,-0.015328228392022946,stop,100.07600077208237,0.00125,0.0004
186,XMR,long,long_main_v9,9891,9892,9892,1583716800,1583716800,57.36,56.681238896919304,-0.012633352564168287,stop,100.07442040283117,0.00125,0.0004
188,ETH,long,long_main_v9,29479,29480,29480,1583717100,1583717100,206.14,203.08640401228786,-0.015613214260755437,stop,100.07246729862145,0.00125,0.0004
189,XTZ,long,long_main_v9,9028,9029,9034,1583717100,1583718600,2.602,2.745015868091204,0.05416382324796456,target,100.07924268290989,0.00125,0.0004
184,TRX,long,long_main_v9,15362,15363,15370,1583716800,1583718900,0.01503,0.015690498606648434,0.04314534974374142,target,100.08464012531945,0.00125,0.0004
183,ONT,long,long_main_v9,7586,7587,7598,1583716800,1583720100,0.62,0.6458578406140806,0.04090619453883972,target,100.0897577275186,0.00125,0.0004
187,ZEC,long,long_main_v9,9315,9316,9327,1583716800,1583720100,42.56,45.078382963861905,0.05837253204562733,target,100.0970608432566,0.00125,0.0004
185,VET,long,long_main_v9,6723,6724,6736,1583716800,1583720400,0.00501,0.00523755006411398,0.044619174473848354,target,100.10264365353422,0.00125,0.0004
201,VET,long,long_main_v9,6813,6814,6814,1583743800,1583743800,0.004695,0.004639886591308102,-0.01253874519529261,stop,100.10107470160654,0.00125,0.0004
193,ETC,long,long_main_v9,15165,15166,15168,1583743800,1583744400,6.318,6.5578013954735495,0.03715526993883347,target,100.10572380467116,0.00125,0.0004
194,ETH,long,long_main_v9,29568,29569,29571,1583743800,1583744400,195.6,204.06646411211995,0.04248458135030644,target,100.11103999187942,0.00125,0.0004
196,IOTA,long,long_main_v9,7389,7390,7392,1583743800,1583744400,0.1884,0.19546933698331884,0.03672302008131014,target,100.1156354665444,0.00125,0.0004
198,NEO,long,long_main_v9,5940,5941,5943,1583743800,1583744400,9.903,10.246489580642566,0.033885406507378056,target,100.11987604030132,0.00125,0.0004
202,XLM,long,long_main_v9,14013,14014,14016,1583743800,1583744400,0.04918,0.050756677029575994,0.03125931333013412,target,100.12378813852098,0.00125,0.0004
190,BAT,long,long_main_v9,7100,7101,7104,1583743800,1583744700,0.1918,0.1984922506138579,0.03409181759049997,target,100.12805489092308,0.00125,0.0004
192,DASH,long,long_main_v9,9692,9693,9696,1583743800,1583744700,73.02,75.34953049490778,0.031102636194300006,target,100.13194769900323,0.00125,0.0004
197,LTC,long,long_main_v9,17180,17181,17184,1583743800,1583744700,50.64,52.26015097357281,0.03119350263769385,target,100.13585203172156,0.00125,0.0004
199,ONT,long,long_main_v9,7676,7677,7680,1583743800,1583744700,0.603,0.6188878401820648,0.025547993668432547,target,100.13904986936367,0.00125,0.0004
203,XMR,long,long_main_v9,9981,9982,9985,1583743800,1583744700,55.85,57.534221232781825,0.029356154570847306,target,100.14272449114685,0.00125,0.0004
195,IOST,long,long_main_v9,4796,4797,4805,1583743800,1583746200,0.004587,0.004542424612057445,-0.010517764975486043,stop,100.1414078940966,0.00125,0.0004
191,BNB,long,long_main_v9,7965,7966,7986,1583743800,1583749800,16.744,17.375774642713633,0.03693140484434023,target,100.14603084769237,0.00125,0.0004
200,TRX,long,long_main_v9,15452,15453,15474,1583743800,1583750100,0.0145,0.015036229132078955,0.03618131945372096,target,100.15056011711003,0.00125,0.0004
204,XTZ,long,long_main_v9,9126,9127,9148,1583746500,1583752800,2.498,2.587,0.03482850280224183,time,100.15492023468965,0.00125,0.0004
205,LTC,long,long_main_v9,17248,17249,17253,1583764200,1583765400,47.53,49.68492267582671,0.04453815854884726,target,100.16049612933573,0.00125,0.0004
206,IOST,long,long_main_v9,4865,4866,4873,1583764500,1583766600,0.004225,0.004449878372801181,0.05242565036714355,target,100.16705985327408,0.00125,0.0004
207,LINK,long,long_main_v9,15066,15067,15071,1583800500,1583801700,3.612,3.8578234346089326,0.06725742929372439,target,100.17548107695613,0.00125,0.0004
208,ATOM,long,long_main_v9,9576,9577,9584,1583982900,1583985000,2.722,2.822136059208176,0.035987677886912504,target,100.1799874306376,0.00125,0.0004
209,XRP,long,long_main_v9,18958,18959,18965,1584018900,1584020700,0.1909,0.19639338117566624,0.027976224073683966,target,100.18349075285767,0.00125,0.0004
210,LINK,long,long_main_v9,15821,15822,15822,1584027000,1584027000,3.188,3.1479254292161016,-0.013370442529453718,stop,100.18181638085078,0.00125,0.0004
213,IOST,long,long_main_v9,5750,5751,5760,1584030000,1584032700,0.003775,0.0037325609552059324,-0.012042131071276252,stop,100.18030837764601,0.00125,0.0004
214,XTZ,long,long_main_v9,10077,10078,10081,1584031800,1584032700,2.112,2.0809086431089527,-0.01552128640674586,stop,100.17836471857271,0.00125,0.0004
211,LTC,long,long_main_v9,18133,18134,18146,1584029700,1584033300,42.45,41.97657034089955,-0.011952642146064818,stop,100.17686797339238,0.00125,0.0004
212,ONT,long,long_main_v9,8629,8630,8642,1584029700,1584033300,0.5006,0.4964548955046586,-0.009080272663486743,stop,100.17573093179766,0.00125,0.0004
215,ATOM,long,long_main_v9,9743,9744,9745,1584033000,1584033300,2.462,2.432247892149934,-0.012884527965095849,stop,100.1741175355394,0.00125,0.0004
216,ETH,long,long_main_v9,30559,30560,30561,1584041100,1584041400,162.29,160.41234257507608,-0.012369766621011169,stop,100.17256862247017,0.00125,0.0004
217,BAT,long,long_main_v9,8093,8094,8094,1584041700,1584041700,0.1615,0.15938242919643833,-0.01391189352050568,stop,100.17082663483473,0.00125,0.0004
218,BNB,long,long_main_v9,8959,8960,8960,1584042000,1584042000,13.16,12.977907028692355,-0.014636851923073268,stop,100.16899390288914,0.00125,0.0004
219,BTC,long,long_main_v9,53480,53481,53481,1584042000,1584042000,6830.59,6742.341553896605,-0.013719593490956949,stop,100.16727605554321,0.00125,0.0004
220,DASH,long,long_main_v9,10686,10687,10687,1584042000,1584042000,57.59,56.876544466163644,-0.013188531582503193,stop,100.16562473143847,0.00125,0.0004
221,ETC,long,long_main_v9,16159,16160,16160,1584042000,1584042000,5.53,5.439257345499767,-0.017209159945792616,stop,100.16347002361712,0.00125,0.0004
222,IOST,long,long_main_v9,5790,5791,5791,1584042000,1584042000,0.003573,0.0035194922480540746,-0.01577558128909182,stop,100.16149485241267,0.00125,0.0004
223,IOTA,long,long_main_v9,8383,8384,8384,1584042000,1584042000,0.1545,0.15207134149535823,-0.01651947252195327,stop,100.1594265835852,0.00125,0.0004
224,LINK,long,long_main_v9,15871,15872,15872,1584042000,1584042000,2.8,2.7292788776928965,-0.02605754368110833,stop,100.1561641977936,0.00125,0.0004
225,NEO,long,long_main_v9,6934,6935,6935,1584042000,1584042000,7.285,7.168955345288456,-0.01672925939760381,stop,100.15406977472968,0.00125,0.0004
226,QTUM,long,long_main_v9,6078,6079,6079,1584042000,1584042000,1.55,1.5307700200496768,-0.013206438677627918,stop,100.15241642650368,0.00125,0.0004
227,TRX,long,long_main_v9,16446,16447,16447,1584042000,1584042000,0.01201,0.011837388996310065,-0.01517227341298375,stop,100.15051700169744,0.00125,0.0004
228,VET,long,long_main_v9,7807,7808,7808,1584042000,1584042000,0.003347,0.0032847437163068664,-0.019400622555462686,stop,100.14808827372359,0.00125,0.0004
229,XLM,long,long_main_v9,15007,15008,15008,1584042000,1584042000,0.04053,0.04004673029748253,-0.012723752837835422,stop,100.14649544932061,0.00125,0.0004
230,XMR,long,long_main_v9,10975,10976,10976,1584042000,1584042000,43.99,43.407655741486806,-0.01403810544471915,stop,100.1447381154918,0.00125,0.0004
231,XRP,long,long_main_v9,19035,19036,19036,1584042000,1584042000,0.1758,0.17338428244534154,-0.014541283018535056,stop,100.14291782426712,0.00125,0.0004
232,XTZ,long,long_main_v9,10111,10112,10112,1584042000,1584042000,1.871,1.8287262767014671,-0.02339418669082458,stop,100.13998937162293,0.00125,0.0004
233,ZEC,long,long_main_v9,10399,10400,10400,1584042000,1584042000,32.64,32.17699889041557,-0.014985083014228939,stop,100.13811361405571,0.00125,0.0004
234,ADA,long,long_main_v9,11840,11841,11841,1584042300,1584042300,0.03058,0.030060226006758797,-0.017797187483361763,stop,100.13588589307794,0.00125,0.0004
235,BCH,long,long_main_v9,24213,24214,24214,1584042300,1584042300,204.6,199.77902086950402,-0.024362947851886505,stop,100.13283638637029,0.00125,0.0004
237,LTC,long,long_main_v9,18176,18177,18177,1584042600,1584042600,34.5,33.30390181549675,-0.03546951259429707,stop,100.12839680774364,0.00125,0.0004
238,ONT,long,long_main_v9,8672,8673,8673,1584042600,1584042600,0.3909,0.3781995880449555,-0.03329018151712591,stop,100.1242301921127,0.00125,0.0004
236,ATOM,long,long_main_v9,9775,9776,9778,1584042600,1584043200,1.96,1.871348853577542,-0.04603017674615204,stop,100.11846927209731,0.00125,0.0004
240,LTC,long,long_main_v9,18209,18210,18210,1584052500,1584052500,30.94,29.82021971243473,-0.036991993780390066,stop,100.11383979485655,0.00125,0.0004
244,XMR,long,long_main_v9,11012,11013,11016,1584053100,1584054000,35.82,38.83547843224305,0.08338421083872274,target,100.1242746867632,0.00125,0.0004
243,DASH,long,long_main_v9,10723,10724,10730,1584053100,1584054900,47.99,51.861827166547535,0.07987987427688129,target,100.13427207985576,0.00125,0.0004
242,ADA,long,long_main_v9,11876,11877,11886,1584053100,1584055800,0.02694,0.029405645942609523,0.09072360588751019,target,100.14562775765077,0.00125,0.0004
239,ETH,long,long_main_v9,30597,30598,30619,1584052500,1584058800,130.51,140.73,0.0775081756187265,time,100.15533038878037,0.00125,0.0004
241,ETC,long,long_main_v9,16195,16196,16217,1584052800,1584059100,4.32,4.605,0.06517222222222233,time,100.16348957059142,0.00125,0.0004
245,BAT,long,long_main_v9,8210,8211,8212,1584076800,1584077100,0.1408,0.13879306229271707,-0.015053818943770869,stop,100.16160476679546,0.00125,0.0004
246,LINK,long,long_main_v9,15987,15988,15989,1584076800,1584077100,2.43,2.3688899991614756,-0.02594814849322,stop,100.15835600655319,0.00125,0.0004
247,VET,long,long_main_v9,7923,7924,7925,1584076800,1584077100,0.002855,0.0028228373077573343,-0.012065391328429298,stop,100.15684544435315,0.00125,0.0004
248,XTZ,long,long_main_v9,10228,10229,10233,1584077100,1584078300,1.668,1.6345464332668778,-0.020856095163742292,stop,100.1542343434783,0.00125,0.0004
249,ONT,long,long_main_v9,8788,8789,8792,1584077400,1584078300,0.3821,0.3769783628022521,-0.014203918340088694,stop,100.15245611527075,0.00125,0.0004
250,BNB,long,long_main_v9,9081,9082,9095,1584078600,1584082500,11.111,11.693302687629181,0.051607765964285866,target,100.15891692091569,0.00125,0.0004
256,TRX,long,long_main_v9,16569,16570,16582,1584078900,1584082500,0.00984,0.010300194625712205,0.04596774651546789,target,100.16467202054605,0.00125,0.0004
257,XLM,long,long_main_v9,15130,15131,15143,1584078900,1584082500,0.03662,0.03836261174431813,0.046786339276846965,target,100.17052994345694,0.00125,0.0004
252,ADA,long,long_main_v9,11962,11963,11978,1584078900,1584083400,0.02751,0.02871984314007074,0.04317830389206625,target,100.17593643543559,0.00125,0.0004
258,XMR,long,long_main_v9,11098,11099,11114,1584078900,1584083400,36.88,38.68955985657399,0.04826615663161573,target,100.18198031973398,0.00125,0.0004
251,ETH,long,long_main_v9,30684,30685,30706,1584078600,1584084900,127.19,129.27,0.015553486909348236,time,100.18392804363332,0.00125,0.0004
253,ATOM,long,long_main_v9,9896,9897,9918,1584078900,1584085200,1.878,1.922,0.022629179978700755,time,100.18676189380666,0.00125,0.0004
254,IOST,long,long_main_v9,5913,5914,5935,1584078900,1584085200,0.002859,0.002905,0.015289541797831508,time,100.18867665591111,0.00125,0.0004
255,LTC,long,long_main_v9,18297,18298,18319,1584078900,1584085200,32.4,33.35,0.028520987654321008,time,100.19224850592362,0.00125,0.0004
259,ZEC,long,long_main_v9,10522,10523,10544,1584078900,1584085200,28.0,28.38,0.012771428571428567,time,100.19384800360511,0.00125,0.0004
260,BAT,long,long_main_v9,8245,8246,8247,1584087300,1584087600,0.1296,0.12720000974672685,-0.019318443312292797,stop,100.19142851713899,0.00125,0.0004
261,BTC,long,long_main_v9,53631,53632,53633,1584087300,1584087600,5516.84,5400.9349882877195,-0.021809311800284312,stop,100.18869713450869,0.00125,0.0004
262,DASH,long,long_main_v9,10837,10838,10839,1584087300,1584087600,47.74,46.87236366742573,-0.01897420051475227,stop,100.18632088397275,0.00125,0.0004
263,ETC,long,long_main_v9,16310,16311,16312,1584087300,1584087600,4.193,4.104472961551952,-0.021913054721690337,stop,100.18357664855789,0.00125,0.0004
264,IOTA,long,long_main_v9,8534,8535,8536,1584087300,1584087600,0.1309,0.12852490528772267,-0.018944344631606633,stop,100.18120425830482,0.00125,0.0004
265,LINK,long,long_main_v9,16022,16023,16024,1584087300,1584087600,2.161,2.0807682913073617,-0.03792712109793537,stop,100.17645477747276,0.00125,0.0004
266,QTUM,long,long_main_v9,6229,6230,6231,1584087300,1584087600,1.304,1.2837432086542293,-0.01633434919154195,stop,100.17440938098137,0.00125,0.0004
267,VET,long,long_main_v9,7958,7959,7960,1584087300,1584087600,0.002612,0.002563204033851581,-0.019481457177802117,stop,100.17196995164804,0.00125,0.0004
268,XRP,long,long_main_v9,19186,19187,19188,1584087300,1584087600,0.1493,0.14673536584648844,-0.017977723734169813,stop,100.16971887164593,0.00125,0.0004
269,BCH,long,long_main_v9,24365,24366,24366,1584087900,1584087900,161.53,157.516317498967,-0.025647907515836097,stop,100.16650744203905,0.00125,0.0004
270,NEO,long,long_main_v9,7087,7088,7088,1584087900,1584087900,5.837,5.695376216470634,-0.025063111791907764,stop,100.16336933657176,0.00125,0.0004
271,ONT,long,long_main_v9,8823,8824,8824,1584087900,1584087900,0.3459,0.3372033436320769,-0.025942111500211393,stop,100.1601212749523,0.00125,0.0004
272,XTZ,long,long_main_v9,10264,10265,10265,1584087900,1584087900,1.453,1.4024321443678749,-0.035602378274002235,stop,100.1556638517953,0.00125,0.0004
275,IOST,long,long_main_v9,5972,5973,5973,1584096600,1584096600,0.002153,0.0020862906617521316,-0.03178436518711956,stop,100.15168462155101,0.00125,0.0004
274,BNB,long,long_main_v9,9141,9142,9143,1584096600,1584096900,8.521,8.154202311162697,-0.04384631954433791,stop,100.14619551809248,0.00125,0.0004
276,ADA,long,long_main_v9,12022,12023,12023,1584096900,1584096900,0.02134,0.020630363362351092,-0.03405382556930223,stop,100.14193256675048,0.00125,0.0004
277,ATOM,long,long_main_v9,9956,9957,9957,1584096900,1584096900,1.383,1.325146390322684,-0.042631966505651465,stop,100.13659600735674,0.00125,0.0004
279,BTC,long,long_main_v9,53663,53664,53664,1584096900,1584096900,4134.39,3963.3611282959337,-0.04216737746174568,stop,100.13131788530477,0.00125,0.0004
280,DASH,long,long_main_v9,10869,10870,10870,1584096900,1584096900,38.75,37.415735578901085,-0.03523263022190746,stop,100.1269080231839,0.00125,0.0004
281,ETH,long,long_main_v9,30745,30746,30746,1584096900,1584096900,99.23,95.36923573853495,-0.03970722827234761,stop,100.12193832069255,0.00125,0.0004
282,IOTA,long,long_main_v9,8566,8567,8567,1584096900,1584096900,0.0986,0.09513181582249461,-0.035974281719121516,stop,100.11743605217329,0.00125,0.0004
284,QTUM,long,long_main_v9,6261,6262,6262,1584096900,1584096900,0.915,0.8838785661060228,-0.034812496058991484,stop,100.11307937986328,0.00125,0.0004
285,VET,long,long_main_v9,7990,7991,7991,1584096900,1584096900,0.00208,0.002016959774510208,-0.031107800716245946,stop,100.10918650771023,0.00125,0.0004
286,XLM,long,long_main_v9,15190,15191,15191,1584096900,1584096900,0.03001,0.029234415200014723,-0.02664421192886621,stop,100.10585234473356,0.00125,0.0004
287,XMR,long,long_main_v9,11158,11159,11159,1584096900,1584096900,27.86,26.911405940332475,-0.03484860228526652,stop,100.10149165844007,0.00125,0.0004
288,XRP,long,long_main_v9,19218,19219,19219,1584096900,1584096900,0.126,0.12137260140025116,-0.03752538571229234,stop,100.096796224584,0.00125,0.0004
289,ZEC,long,long_main_v9,10582,10583,10583,1584096900,1584096900,22.01,21.196625603295654,-0.037754765865713226,stop,100.09207231070228,0.00125,0.0004
283,LINK,long,long_main_v9,16054,16055,16056,1584096900,1584097200,1.674,1.5803070524646021,-0.05676950270931767,stop,100.0849695892395,0.00125,0.0004
293,NEO,long,long_main_v9,7118,7119,7119,1584097200,1584097200,4.542,4.357466178748845,-0.0414283181970839,stop,100.0797866492809,0.00125,0.0004
294,ONT,long,long_main_v9,8854,8855,8855,1584097200,1584097200,0.2374,0.22516761629244975,-0.052326468860784604,stop,100.07324062198128,0.00125,0.0004
295,TRX,long,long_main_v9,16630,16631,16631,1584097200,1584097200,0.00738,0.007027071682324171,-0.048622265267727484,stop,100.06715838741663,0.00125,0.0004
296,XTZ,long,long_main_v9,10295,10296,10296,1584097200,1584097200,1.091,1.0261456148080992,-0.0602448993509632,stop,100.05962271755989,0.00125,0.0004
278,BAT,long,long_main_v9,8277,8278,8280,1584096900,1584097500,0.097,0.09332363725918466,-0.03870064681252925,stop,100.05478225241116,0.00125,0.0004
291,ETC,long,long_main_v9,16343,16344,16347,1584097200,1584098100,3.379,3.186047332628009,-0.05790348250132913,stop,100.0475403519945,0.00125,0.0004
292,LTC,long,long_main_v9,18358,18359,18362,1584097200,1584098100,24.93,23.71041070363623,-0.049720549392850734,stop,100.04132232865487,0.00125,0.0004
290,BCH,long,long_main_v9,24396,24397,24403,1584097200,1584099000,132.22,151.51401002067752,0.1451235366864129,target,100.05947026679378,0.00125,0.0004
273,TRX,short,short_main_v6_timeout210,16614,16615,16638,1584092400,1584099300,0.00952,0.009557074103183807,-0.004679231528764238,stop,100.05888501500876,0.00125,0.0004
298,IOTA,short,short_main_v6_timeout210,8576,8577,8585,1584099900,1584102300,0.1035,0.10404298856454053,-0.006018886654757227,stop,100.05813221114911,0.00125,0.0004
299,LTC,short,short_main_v6_timeout210,18367,18368,18376,1584099900,1584102300,33.44,33.61411429258827,-0.005979797125479002,stop,100.0573843019849,0.00125,0.0004
300,VET,short,short_main_v6_timeout210,8000,8001,8009,1584099900,1584102300,0.002133,0.0021457012228978814,-0.0067193809288731195,stop,100.05654389738505,0.00125,0.0004
301,XLM,short,short_main_v6_timeout210,15200,15201,15209,1584099900,1584102300,0.0357,0.03584929236401105,-0.004964443819284936,stop,100.05592299102139,0.00125,0.0004
302,BTC,short,short_main_v6_timeout210,53679,53680,53682,1584101700,1584102300,4948.0,5496.166325874867,-0.10053612394046516,stop,100.04334894767788,0.00125,0.0004
303,LINK,short,short_main_v6_timeout210,16070,16071,16073,1584101700,1584102300,1.989,2.310268718728101,-0.13986119064148192,stop,100.0258587203034,0.00125,0.0004
305,ZEC,short,short_main_v6_timeout210,10600,10601,10609,1584102300,1584104700,24.7,24.861080754158007,-0.007279233777118343,stop,100.02494858079169,0.00125,0.0004
312,IOTA,short,short_main_v6_timeout210,8586,8587,8627,1584102900,1584114900,0.109,0.10949054693187828,-0.005280267435173935,stop,100.02428838269331,0.00125,0.0004
304,XTZ,short,short_main_v6_timeout210,10312,10313,10356,1584102300,1584115200,1.502,1.5118268820598213,-0.007300004846078933,stop,100.02337566045591,0.00125,0.0004
311,IOST,short,short_main_v6_timeout210,5993,5994,6040,1584102900,1584116700,0.002217,0.002227452497775347,-0.005492579431339828,stop,100.02268892753615,0.00125,0.0004
320,XRP,short,short_main_v6_timeout210,19238,19239,19288,1584102900,1584117600,0.1474,0.1480478824727555,-0.005176168452626894,stop,100.02204175967744,0.00125,0.0004
310,DASH,short,short_main_v6_timeout210,10889,10890,10940,1584102900,1584117900,45.5,45.72984330982697,-0.005826111903986719,stop,100.02131333516724,0.00125,0.0004
297,ETC,short,short_main_v6_timeout210,16352,16353,16414,1584099900,1584118200,4.309,4.332736694587873,-0.0062784530565918924,stop,100.0205283612667,0.00125,0.0004
306,BCH,short,short_main_v6_timeout210,24414,24415,24467,1584102600,1584118200,166.04,166.9736460923756,-0.006391577558647032,stop,100.01972925006109,0.00125,0.0004
307,ADA,short,short_main_v6_timeout210,12042,12043,12094,1584102900,1584118200,0.02598,0.02609695451678499,-0.0052815388979494445,stop,100.01906892744785,0.00125,0.0004
309,BTC,short,short_main_v6_timeout210,53683,53684,53735,1584102900,1584118200,5313.1,5340.5654017977695,-0.005942789148977256,stop,100.01832593715096,0.00125,0.0004
315,ONT,short,short_main_v6_timeout210,8873,8874,8925,1584102900,1584118200,0.3244,0.32608030996388426,-0.005953055589496747,stop,100.01758166883313,0.00125,0.0004
316,TRX,short,short_main_v6_timeout210,16649,16650,16701,1584102900,1584118200,0.00976,0.009806571504264656,-0.00554900980882087,stop,100.01688792065596,0.00125,0.0004
318,XLM,short,short_main_v6_timeout210,15210,15211,15262,1584102900,1584118200,0.03661,0.03675710673473697,-0.004802130412455785,stop,100.01628755298191,0.00125,0.0004
308,BAT,short,short_main_v6_timeout210,8297,8298,8350,1584102900,1584118500,0.1198,0.12069870454661966,-0.008245850806729437,stop,100.01525665375016,0.00125,0.0004
317,VET,short,short_main_v6_timeout210,8010,8011,8063,1584102900,1584118500,0.002409,0.0024217896717091767,-0.0060810827705571665,stop,100.01449640243261,0.00125,0.0004
319,XMR,short,short_main_v6_timeout210,11178,11179,11231,1584102900,1584118500,36.21,36.383990404644315,-0.00558205943628729,stop,100.01379854385335,0.00125,0.0004
313,LINK,short,short_main_v6_timeout210,16074,16075,16128,1584102900,1584118800,2.248,2.264193191135326,-0.007951859301902542,stop,100.01280442428552,0.00125,0.0004
321,IOTA,short,short_main_v6_timeout210,8639,8640,8640,1584118800,1584118800,0.1232,0.12858703242414804,-0.04269405667578328,stop,100.00746698386003,0.00125,0.0004
322,ONT,short,short_main_v6_timeout210,8926,8927,8928,1584118800,1584119100,0.3353,0.34762393997683877,-0.03625193112321288,stop,100.0029351541039,0.00125,0.0004
326,QTUM,short,short_main_v6_timeout210,6336,6337,6350,1584119400,1584123300,1.187,1.1893761912549023,-0.0027978466631278557,stop,100.00258541300586,0.00125,0.0004
327,XTZ,short,short_main_v6_timeout210,10369,10370,10387,1584119400,1584124500,1.613,1.6176598224040708,-0.0036805947576454604,stop,100.00212532676633,0.00125,0.0004
328,VET,short,short_main_v6_timeout210,8068,8069,8083,1584120300,1584124500,0.00244,0.002445608880365153,-0.003093449459635388,stop,100.00173863736565,0.00125,0.0004
323,ATOM,short,short_main_v6_timeout210,10031,10032,10050,1584119400,1584124800,1.828,1.8318141842745495,-0.00288218950769834,stop,100.00137835741333,0.00125,0.0004
325,ONT,short,short_main_v6_timeout210,8928,8929,8947,1584119400,1584124800,0.341,0.34171844881532804,-0.0029024583771193094,stop,100.00101554511541,0.00125,0.0004
324,BAT,short,short_main_v6_timeout210,8352,8353,8372,1584119400,1584125100,0.1228,0.12304077793396198,-0.002756895413089854,stop,100.00067092968908,0.00125,0.0004
329,IOTA,short,short_main_v6_timeout210,8663,8664,8672,1584126000,1584128400,0.1288,0.12902514748214905,-0.002544989147795417,stop,100.00035280391123,0.00125,0.0004
331,VET,short,short_main_v6_timeout210,8087,8088,8096,1584126000,1584128400,0.002554,0.0025585430065838675,-0.002575622521168141,stop,100.00003084996023,0.00125,0.0004
332,VET,short,short_main_v6_timeout210,8107,8108,8119,1584132000,1584135300,0.002729,0.00273706954960855,-0.0037482442671959763,stop,99.99956231928228,0.00125,0.0004
330,ONT,short,short_main_v6_timeout210,8950,8951,8992,1584126000,1584138300,0.3563,0.3569157701978865,-0.002525253545241445,stop,99.9992466639707,0.00125,0.0004
314,NEO,short,short_main_v6_timeout210,7137,7138,7257,1584102900,1584138600,6.388,6.421703406230903,-0.006048359212323806,stop,99.99849062476471,0.00125,0.0004
333,BAT,short,short_main_v6_timeout210,8418,8419,8427,1584139200,1584141600,0.1421,0.14233843032495572,-0.002475094522339382,stop,99.99818124261922,0.00125,0.0004
335,NEO,long,long_main_v9,7274,7275,7275,1584144000,1584144000,5.997,5.863010116558703,-0.023142818649540906,stop,99.995288442902,0.00125,0.0004
336,ONT,long,long_main_v9,9010,9011,9011,1584144000,1584144000,0.3365,0.3278876680528242,-0.026393854226376832,stop,99.99198936656889,0.00125,0.0004
348,VET,long,long_main_v9,8148,8149,8153,1584144300,1584145500,0.002571,0.0024771813297815226,-0.03729112027167534,stop,99.9873283499418,0.00125,0.0004
337,ADA,long,long_main_v9,12180,12181,12186,1584144300,1584145800,0.02542,0.024776841657119315,-0.026101272339916857,stop,99.98406610433204,0.00125,0.0004
338,BCH,long,long_main_v9,24553,24554,24559,1584144300,1584145800,165.83,161.18847372566887,-0.028789665768142878,stop,99.98046796952544,0.00125,0.0004
339,BNB,long,long_main_v9,9300,9301,9306,1584144300,1584145800,9.939,9.623211360566456,-0.03257267727473021,stop,99.97639718012925,0.00125,0.0004
340,BTC,long,long_main_v9,53821,53822,53827,1584144300,1584145800,5182.53,5036.9269358374095,-0.02889497758094792,stop,99.97278616043532,0.00125,0.0004
341,DASH,long,long_main_v9,11027,11028,11033,1584144300,1584145800,47.1,45.88386704215981,-0.0266202326505349,stop,99.96945953690242,0.00125,0.0004
342,ETH,long,long_main_v9,30903,30904,30909,1584144300,1584145800,122.55,119.25120844908534,-0.02771792371207391,stop,99.9659958545862,0.00125,0.0004
343,IOST,long,long_main_v9,6131,6132,6137,1584144300,1584145800,0.002345,0.0022677757520084135,-0.0337314490369238,stop,99.96178085721796,0.00125,0.0004
344,IOTA,long,long_main_v9,8724,8725,8730,1584144300,1584145800,0.1214,0.11779540392378474,-0.0304918951912295,stop,99.95797082703668,0.00125,0.0004
345,LINK,long,long_main_v9,16212,16213,16218,1584144300,1584145800,2.274,2.1628286549161504,-0.049688014548746585,stop,99.95176243565078,0.00125,0.0004
346,QTUM,long,long_main_v9,6419,6420,6425,1584144300,1584145800,1.165,1.1346834975878286,-0.026822748851649345,stop,99.94841120937441,0.00125,0.0004
347,TRX,long,long_main_v9,16787,16788,16793,1584144300,1584145800,0.00943,0.009134563475506645,-0.03212942995687749,stop,99.94439710252784,0.00125,0.0004
349,XMR,long,long_main_v9,11316,11317,11322,1584144300,1584145800,34.97,34.10978813554562,-0.025398566326976766,stop,99.94122404702932,0.00125,0.0004
350,XRP,long,long_main_v9,19376,19377,19382,1584144300,1584145800,0.1475,0.14407127636111128,-0.0240455839924659,stop,99.93822011565791,0.00125,0.0004
351,XTZ,long,long_main_v9,10452,10453,10458,1584144300,1584145800,1.604,1.5364069258147635,-0.04294032056436201,stop,99.93285589164742,0.00125,0.0004
352,ZEC,long,long_main_v9,10740,10741,10746,1584144300,1584145800,25.94,25.16468721920254,-0.030688696252793333,stop,99.92902238032227,0.00125,0.0004
353,ATOM,long,long_main_v9,10120,10121,10122,1584146100,1584146400,1.585,1.5317490650520391,-0.03439680438357149,stop,99.92472583152845,0.00125,0.0004
354,BAT,long,long_main_v9,8441,8442,8444,1584146100,1584146700,0.1204,0.11678557046572553,-0.030820178856100198,stop,99.9208762091256,0.00125,0.0004
355,LTC,long,long_main_v9,18521,18522,18524,1584146100,1584146700,33.38,32.26238484508941,-0.03428158043470928,stop,99.916594402182,0.00125,0.0004
356,XLM,long,long_main_v9,15354,15355,15376,1584146100,1584152400,0.03482,0.03662,0.05089442848937411,time,99.92295089964288,0.00125,0.0004
357,LINK,long,long_main_v9,16249,16250,16257,1584155400,1584157500,2.057,1.9824493455972658,-0.037042418280376334,stop,99.91832416496409,0.00125,0.0004
358,ONT,long,long_main_v9,9048,9049,9056,1584155400,1584157500,0.3062,0.2990997126065615,-0.02398839775780057,stop,99.91532806433489,0.00125,0.0004
359,XTZ,long,long_main_v9,10489,10490,10497,1584155400,1584157500,1.407,1.3516142352697833,-0.04016443832993375,stop,99.91031176054456,0.00125,0.0004
360,ADA,long,long_main_v9,12225,12226,12236,1584157800,1584160800,0.02417,0.025980055381094283,0.07408851390543161,target,99.91956451869727,0.00125,0.0004
363,BTC,long,long_main_v9,53866,53867,53877,1584157800,1584160800,4796.88,5209.202051917364,0.08515629907718428,target,99.93020049409704,0.00125,0.0004
366,ETH,long,long_main_v9,30948,30949,30959,1584157800,1584160800,114.8,124.0819356933199,0.0800530983738669,target,99.94020014681038,0.00125,0.0004
370,XMR,long,long_main_v9,11361,11362,11372,1584157800,1584160800,31.79,34.24488239997809,0.07642184334627525,target,99.9497471647099,0.00125,0.0004
361,BAT,long,long_main_v9,8480,8481,8492,1584157800,1584161100,0.1128,0.1223583890997709,0.08393749201924564,target,99.9602340785911,0.00125,0.0004
362,BNB,long,long_main_v9,9345,9346,9357,1584157800,1584161100,9.061,9.94884612486957,0.09718544585250757,target,99.97237742848667,0.00125,0.0004
364,DASH,long,long_main_v9,11072,11073,11084,1584157800,1584161100,43.78,47.2889477243703,0.07934955971608729,target,99.98229338365257,0.00125,0.0004
367,LTC,long,long_main_v9,18560,18561,18572,1584157800,1584161100,32.53,35.74238102869025,0.09795133810913761,target,99.99453513293277,0.00125,0.0004
368,QTUM,long,long_main_v9,6464,6465,6476,1584157800,1584161100,1.066,1.14627096050759,0.07450108865627572,target,100.00384726009162,0.00125,0.0004
369,TRX,long,long_main_v9,16832,16833,16844,1584157800,1584161100,0.00895,0.009744614344086598,0.08798372559626802,target,100.0148456489115,0.00125,0.0004
371,ZEC,long,long_main_v9,10785,10786,10797,1584157800,1584161100,23.63,25.877987434500678,0.09433277336016413,target,100.02663899612057,0.00125,0.0004
365,ETC,long,long_main_v9,16545,16546,16558,1584157800,1584161400,4.238,4.7030405316001795,0.10893113062769691,target,100.04025901471898,0.00125,0.0004
372,ADA,short,short_main_v6_timeout210,12238,12239,12247,1584161700,1584164100,0.02676,0.02682078732138854,-0.003066425689154361,stop,100.03987555719374,0.00125,0.0004
373,ATOM,short,short_main_v6_timeout210,10172,10173,10181,1584161700,1584164100,1.684,1.6881483668496002,-0.0032573473108538967,stop,100.03946822641922,0.00125,0.0004
374,BAT,short,short_main_v6_timeout210,8493,8494,8502,1584161700,1584164100,0.1238,0.12410322075746295,-0.0032432948283876765,stop,100.0390626545568,0.00125,0.0004
375,BNB,short,short_main_v6_timeout210,9358,9359,9367,1584161700,1584164100,10.066,10.092308843088816,-0.003406821045397445,stop,100.0386366355768,0.00125,0.0004
376,BTC,short,short_main_v6_timeout210,53879,53880,53888,1584161700,1584164100,5346.77,5360.818575426947,-0.003420602661567939,stop,100.03820889504337,0.00125,0.0004
377,LINK,short,short_main_v6_timeout210,16270,16271,16279,1584161700,1584164100,2.281,2.289915500249624,-0.0046933752134749925,stop,100.03762199898084,0.00125,0.0004
378,ONT,short,short_main_v6_timeout210,9069,9070,9078,1584161700,1584164100,0.3246,0.3253557202485563,-0.0031227507663887702,stop,100.03723150827987,0.00125,0.0004
379,VET,short,short_main_v6_timeout210,8206,8207,8215,1584161700,1584164100,0.002517,0.002524571778401815,-0.0037992327675500973,stop,100.03675642736997,0.00125,0.0004
380,XLM,short,short_main_v6_timeout210,15406,15407,15415,1584161700,1584164100,0.03736,0.03744684183902382,-0.003119069773550897,stop,100.03636640034094,0.00125,0.0004
381,XMR,short,short_main_v6_timeout210,11374,11375,11383,1584161700,1584164100,34.84,34.92071198385498,-0.0031112926188988413,stop,100.03597734733043,0.00125,0.0004
382,XTZ,short,short_main_v6_timeout210,10510,10511,10519,1584161700,1584164100,1.521,1.5265440422314152,-0.004431760419641306,stop,100.03542317797425,0.00125,0.0004
383,XTZ,short,short_main_v6_timeout210,10535,10536,10541,1584169200,1584170700,1.763,1.8494687325130066,-0.047553281627808565,stop,100.02947691216033,0.00125,0.0004
385,IOST,short,short_main_v6_timeout210,6229,6230,6230,1584173700,1584173700,0.002575,0.0026328126579773592,-0.02275851565898099,stop,100.0266312591395,0.00125,0.0004
387,VET,long,long_main_v9,8319,8320,8341,1584195600,1584201900,0.00262,0.002649,0.010268702290076393,time,100.02791518876136,0.00125,0.0004
334,NEO,short,short_main_v6_timeout210,7258,7259,7469,1584139200,1584202200,6.536,6.15,0.0619642276422764,timeout,100.03566287939553,0.00125,0.0004
390,ATOM,long,long_main_v9,10320,10321,10321,1584206100,1584206100,1.72,1.6984296211621623,-0.013340917928975382,stop,100.03399466993498,0.00125,0.0004
392,ETH,long,long_main_v9,31109,31110,31110,1584206100,1584206100,127.6,126.43585380867079,-0.009923402753363763,stop,100.03275382291231,0.00125,0.0004
388,XTZ,long,long_main_v9,10657,10658,10662,1584205800,1584207000,1.639,1.608686544199044,-0.019295092007904777,stop,100.0303411464263,0.00125,0.0004
389,ADA,long,long_main_v9,12386,12387,12390,1584206100,1584207000,0.02685,0.026591086683665208,-0.010442954053437292,stop,100.02903538110561,0.00125,0.0004
391,DASH,long,long_main_v9,11233,11234,11237,1584206100,1584207000,47.26,46.84378455767435,-0.009606928529954572,stop,100.02783416636333,0.00125,0.0004
393,LINK,long,long_main_v9,16422,16423,16444,1584207300,1584213600,2.236,2.1933020376234977,-0.019895689792711255,stop,100.02534651291433,0.00125,0.0004
394,VET,long,long_main_v9,8374,8375,8382,1584212100,1584214200,0.002468,0.0025965013588787854,0.05126700116644458,target,100.03175651235976,0.00125,0.0004
386,IOST,short,short_main_v6_timeout210,6230,6231,6400,1584174000,1584224700,0.002627,0.002630578694834663,-0.0021604211277503663,stop,100.0314863739595,0.00125,0.0004
384,VET,short,short_main_v6_timeout210,8244,8245,8455,1584173100,1584236100,0.002872,0.002667,0.07606539182602182,timeout,100.04099754171696,0.00125,0.0004
395,LINK,long,long_main_v9,16588,16589,16597,1584257100,1584259500,2.138,2.1097820206670126,-0.013998306516832182,stop,100.03924703603217,0.00125,0.0004
396,XTZ,long,long_main_v9,10837,10838,10859,1584259800,1584266100,1.56,1.579,0.011379487179487136,time,100.04067003019354,0.00125,0.0004
397,BNB,long,long_main_v9,9687,9688,9709,1584260400,1584266700,9.933,10.158,0.021851766837813227,time,100.04340261193828,0.00125,0.0004
398,ETC,short,short_main_v6_timeout210,17024,17025,17033,1584301500,1584303900,5.052,5.0572796240428515,-0.001843965221490195,stop,100.04317201624445,0.00125,0.0004
399,XTZ,long,long_main_v9,11091,11092,11092,1584336000,1584336000,1.501,1.4841416277103308,-0.012031427241618297,stop,100.04166743856304,0.00125,0.0004
400,XTZ,short,short_main_v6_timeout210,11104,11105,11108,1584339900,1584340800,1.611,1.6716506860227838,-0.037081913757403974,stop,100.03703026795792,0.00125,0.0004
401,BTC,short,short_main_v6_timeout210,54478,54479,54480,1584341400,1584341700,5642.49,5789.717002950376,-0.026229049964851623,stop,100.03375042262637,0.00125,0.0004
402,XTZ,long,long_main_v9,11137,11138,11159,1584349800,1584356100,1.47,1.501,0.020288435374149618,time,100.03628733297722,0.00125,0.0004
403,VET,long,long_main_v9,8834,8835,8856,1584350100,1584356400,0.002423,0.002495,0.028915229054890548,time,100.03990304817977,0.00125,0.0004
404,ETC,long,long_main_v9,17253,17254,17254,1584370200,1584370200,4.57,4.512315882502729,-0.01342234518539862,stop,100.03822458554099,0.00125,0.0004
405,ATOM,long,long_main_v9,10868,10869,10870,1584370500,1584370800,1.706,1.684452737639693,-0.013430282743439026,stop,100.03654515848932,0.00125,0.0004
406,IOST,long,long_main_v9,6885,6886,6887,1584370500,1584370800,0.002462,0.002436820516355125,-0.011027247621801494,stop,100.03516624879596,0.00125,0.0004
407,LINK,long,long_main_v9,16966,16967,16968,1584370500,1584370800,1.832,1.805408727003385,-0.015314887006885968,stop,100.03325121471119,0.00125,0.0004
408,VET,long,long_main_v9,8902,8903,8904,1584370500,1584370800,0.002245,0.0022154805807561885,-0.013948961801252357,stop,100.03150701471112,0.00125,0.0004
409,XMR,long,long_main_v9,12070,12071,12072,1584370500,1584370800,34.9,34.587745943870374,-0.00974710762549067,stop,100.03028824238011,0.00125,0.0004
410,XTZ,long,long_main_v9,11207,11208,11208,1584370800,1584370800,1.376,1.3593492947172992,-0.012900803257776738,stop,100.02867515354457,0.00125,0.0004
411,ADA,long,long_main_v9,12936,12937,12937,1584371100,1584371100,0.02451,0.024282135925944952,-0.010096779847207226,stop,100.02741269415527,0.00125,0.0004
412,BAT,long,long_main_v9,9191,9192,9192,1584371100,1584371100,0.1126,0.11132651190827979,-0.012109840956662654,stop,100.02589854908148,0.00125,0.0004
413,BNB,long,long_main_v9,10056,10057,10057,1584371100,1584371100,9.484,9.367400438345888,-0.013094344332993701,stop,100.0242613321342,0.00125,0.0004
414,ETH,long,long_main_v9,31659,31660,31660,1584371100,1584371100,112.81,111.43394198681733,-0.012998014477286301,stop,100.02263618613812,0.00125,0.0004
415,IOTA,long,long_main_v9,9480,9481,9481,1584371100,1584371100,0.1109,0.10961587173539641,-0.012379154775505751,stop,100.02108844152012,0.00125,0.0004
416,LTC,long,long_main_v9,19271,19272,19272,1584371100,1584371100,33.35,32.9630721955888,-0.012402033115778121,stop,100.01953786045621,0.00125,0.0004
417,NEO,long,long_main_v9,8031,8032,8032,1584371100,1584371100,5.386,5.326498846224281,-0.01184737351944285,stop,100.01805664942586,0.00125,0.0004
418,ONT,long,long_main_v9,9767,9768,9768,1584371100,1584371100,0.3189,0.31503799023711493,-0.01291041004354052,stop,100.01644255677198,0.00125,0.0004
419,QTUM,long,long_main_v9,7175,7176,7176,1584371100,1584371100,1.116,1.104408870255242,-0.011186316975589783,stop,100.01504403723547,0.00125,0.0004
420,XLM,long,long_main_v9,16104,16105,16105,1584371100,1584371100,0.03504,0.03471325280540218,-0.010124977014777969,stop,100.01377822470796,0.00125,0.0004
421,ZEC,long,long_main_v9,11496,11497,11497,1584371100,1584371100,23.88,23.648638170243302,-0.010488518834032545,stop,100.01246697921225,0.00125,0.0004
424,DASH,long,long_main_v9,11784,11785,11791,1584371400,1584373200,43.38,42.95765787519057,-0.010535871941204067,stop,100.01114983103147,0.00125,0.0004
422,BCH,long,long_main_v9,25310,25311,25326,1584371400,1584375900,164.14,161.7228914708244,-0.01552589575469463,stop,100.00920887767325,0.00125,0.0004
423,BTC,long,long_main_v9,54578,54579,54594,1584371400,1584375900,4969.73,4915.172326362096,-0.011777995512412853,stop,100.00773649265655,0.00125,0.0004
425,TRX,long,long_main_v9,17544,17545,17561,1584371400,1584376200,0.00942,0.009296006940413491,-0.01396274517903493,stop,100.00599101448083,0.00125,0.0004
426,ADA,long,long_main_v9,12984,12985,12985,1584385500,1584385500,0.02198,0.021657541227015943,-0.015470553820930632,stop,100.00405707939782,0.00125,0.0004
427,ATOM,long,long_main_v9,10918,10919,10919,1584385500,1584385500,1.52,1.4935642533351068,-0.018191938595324506,stop,100.00178299481573,0.00125,0.0004
429,BCH,long,long_main_v9,25357,25358,25358,1584385500,1584385500,154.19,151.80952532524742,-0.016238580159235825,stop,99.9997531361042,0.00125,0.0004
430,BNB,long,long_main_v9,10104,10105,10105,1584385500,1584385500,8.662,8.508211018882946,-0.018554442521017653,stop,99.9974338365146,0.00125,0.0004
431,BTC,long,long_main_v9,54625,54626,54626,1584385500,1584385500,4572.29,4503.2224143278045,-0.015905687887731366,stop,99.99544567654938,0.00125,0.0004
432,DASH,long,long_main_v9,11831,11832,11832,1584385500,1584385500,39.6,39.100582296541354,-0.01341155816814763,stop,99.99376930812909,0.00125,0.0004
433,ETC,long,long_main_v9,17304,17305,17305,1584385500,1584385500,4.158,4.081314849449286,-0.019242797150243993,stop,99.99136410835523,0.00125,0.0004
438,LTC,long,long_main_v9,19319,19320,19320,1584385500,1584385500,30.21,29.71190480989577,-0.017287758692625974,stop,99.98920332513767,0.00125,0.0004
439,ONT,long,long_main_v9,9815,9816,9816,1584385500,1584385500,0.2891,0.28432421048061696,-0.017319507158018197,stop,99.98703862048427,0.00125,0.0004
440,QTUM,long,long_main_v9,7223,7224,7224,1584385500,1584385500,1.006,0.991050937873604,-0.015659902710135152,stop,99.98508138636294,0.00125,0.0004
441,TRX,long,long_main_v9,17591,17592,17592,1584385500,1584385500,0.00874,0.008604366700515918,-0.016318684151496708,stop,99.98304185515917,0.00125,0.0004
443,XLM,long,long_main_v9,16152,16153,16153,1584385500,1584385500,0.03215,0.03168390409826683,-0.015297539711762597,stop,99.98112998696757,0.00125,0.0004
444,XMR,long,long_main_v9,12120,12121,12121,1584385500,1584385500,29.89,29.42975848091666,-0.016197842726107,stop,99.97910563869368,0.00125,0.0004
445,XRP,long,long_main_v9,20180,20181,20181,1584385500,1584385500,0.131,0.1291636791872399,-0.014817716127939784,stop,99.97725381118607,0.00125,0.0004
446,XTZ,long,long_main_v9,11256,11257,11257,1584385500,1584385500,1.221,1.1962945332749186,-0.021033797481639225,stop,99.97462518454928,0.00125,0.0004
447,ZEC,long,long_main_v9,11544,11545,11545,1584385500,1584385500,21.81,21.504510932033863,-0.014806834844847993,stop,99.97277479984456,0.00125,0.0004
434,ETH,long,long_main_v9,31707,31708,31709,1584385500,1584385800,103.42,101.6192373882162,-0.01821213122977947,stop,99.97049890322698,0.00125,0.0004
437,LINK,long,long_main_v9,17016,17017,17018,1584385500,1584385800,1.616,1.5772460953842709,-0.0247813766186443,stop,99.96740214499688,0.00125,0.0004
436,IOTA,long,long_main_v9,9528,9529,9540,1584385500,1584388800,0.1005,0.09869320535951442,-0.01877805612423464,stop,99.96505565313679,0.00125,0.0004
428,BAT,long,long_main_v9,9239,9240,9261,1584385500,1584391800,0.0996,0.1024,0.027312449799196916,time,99.96846851634204,0.00125,0.0004
435,IOST,long,long_main_v9,6935,6936,6957,1584385500,1584391800,0.002155,0.002202,0.02100974477958242,time,99.97109390635397,0.00125,0.0004
442,VET,long,long_main_v9,8952,8953,8974,1584385500,1584391800,0.001981,0.002014,0.01585825340737004,time,99.97307561502969,0.00125,0.0004
449,BCH,short,short_main_v6_timeout210,25383,25384,25392,1584393300,1584395700,158.33,158.60365061291915,-0.0025253739864222516,stop,99.97276002827405,0.00125,0.0004
450,BTC,short,short_main_v6_timeout210,54651,54652,54660,1584393300,1584395700,4780.5,4788.27442164421,-0.0024236374442256673,stop,99.9724571561183,0.00125,0.0004
452,ONT,short,short_main_v6_timeout210,9841,9842,9850,1584393300,1584395700,0.3009,0.30139203503194684,-0.0024325415895436234,stop,99.97215317216849,0.00125,0.0004
453,QTUM,long,long_main_v9,7263,7264,7265,1584397500,1584397800,0.945,0.924559644193338,-0.022430006144615742,stop,99.96935020215606,0.00125,0.0004
448,ATOM,short,short_main_v6_timeout210,10944,10945,10965,1584393300,1584399300,1.603,1.6054875189903415,-0.0023493854426883446,stop,99.96905661898596,0.00125,0.0004
451,LTC,short,short_main_v6_timeout210,19345,19346,19366,1584393300,1584399300,31.83,31.87869211188465,-0.0023274187445882825,stop,99.96876578166564,0.00125,0.0004
454,BCH,short,short_main_v6_timeout210,25412,25413,25421,1584402000,1584404400,169.54,169.8862649184471,-0.0028382160889423905,stop,99.96841111546635,0.00125,0.0004
455,ETH,short,short_main_v6_timeout210,31762,31763,31771,1584402000,1584404400,113.79,114.02519020259588,-0.002862616183125865,stop,99.96805340147702,0.00125,0.0004
456,IOTA,short,short_main_v6_timeout210,9583,9584,9592,1584402000,1584404400,0.1045,0.1047266655749161,-0.0029643539749096607,stop,99.96768297560644,0.00125,0.0004
457,LINK,short,short_main_v6_timeout210,17071,17072,17080,1584402000,1584404400,1.859,1.8642506504342613,-0.003616493819132182,stop,99.96723105997194,0.00125,0.0004
458,LTC,short,short_main_v6_timeout210,19374,19375,19383,1584402000,1584404400,33.02,33.079725590424516,-0.00260550440967997,stop,99.96690547864526,0.00125,0.0004
459,XTZ,short,short_main_v6_timeout210,11311,11312,11320,1584402000,1584404400,1.34,1.3437007023925218,-0.0035541121217935504,stop,99.96646136165708,0.00125,0.0004
468,XTZ,long,long_main_v9,11371,11372,11379,1584420000,1584422100,1.273,1.2479242787901734,-0.020498131351002733,stop,99.96389995458748,0.00125,0.0004
461,ATOM,long,long_main_v9,11033,11034,11047,1584420000,1584423900,1.637,1.612933739248602,-0.015501442120585218,stop,99.96196297382586,0.00125,0.0004
462,BCH,long,long_main_v9,25472,25473,25486,1584420000,1584423900,168.05,165.68402281236834,-0.014879007364663277,stop,99.96010380534676,0.00125,0.0004
463,BNB,long,long_main_v9,10219,10220,10233,1584420000,1584423900,9.308,9.181561972329842,-0.014383801855410194,stop,99.95830654743854,0.00125,0.0004
466,LINK,long,long_main_v9,17131,17132,17145,1584420000,1584423900,1.725,1.6899511302333345,-0.021118185371980045,stop,99.95566787487962,0.00125,0.0004
467,QTUM,long,long_main_v9,7338,7339,7352,1584420000,1584423900,1.011,0.9988199014139355,-0.012847575258223975,stop,99.95406263992274,0.00125,0.0004
460,ADA,long,long_main_v9,13099,13100,13121,1584420000,1584426300,0.02353,0.02398,0.018324521886952907,time,99.9563521529334,0.00125,0.0004
464,BTC,long,long_main_v9,54740,54741,54762,1584420000,1584426300,4872.66,4960.37,0.017200435080633538,time,99.95850126886604,0.00125,0.0004
465,IOST,long,long_main_v9,7050,7051,7072,1584420000,1584426300,0.002347,0.002366,0.007295440988495905,time,99.95941282055018,0.00125,0.0004
470,LINK,short,short_main_v6_timeout210,17202,17203,17215,1584441300,1584444900,1.93,1.9327897585757043,-0.002243384394669067,stop,99.95913251131665,0.00125,0.0004
469,ATOM,short,short_main_v6_timeout210,11104,11105,11122,1584441300,1584446400,1.773,1.7751822286841954,-0.0020292984060644496,stop,99.95887895268132,0.00125,0.0004
472,XTZ,short,short_main_v6_timeout210,11442,11443,11510,1584441300,1584461400,1.436,1.4381804399185245,-0.0023161101194284265,stop,99.95858955796749,0.00125,0.0004
471,XLM,short,short_main_v6_timeout210,16338,16339,16408,1584441300,1584462000,0.03724,0.0372794049953575,-0.0018570178188843426,stop,99.95835752686503,0.00125,0.0004
473,ETC,long,long_main_v9,17547,17548,17569,1584458400,1584464700,4.608,4.789,0.03847951388888884,time,99.96316546312347,0.00125,0.0004
474,LINK,long,long_main_v9,17350,17351,17351,1584485700,1584485700,1.833,1.8015578201471043,-0.017953398719528477,stop,99.96092211491495,0.00125,0.0004
475,XTZ,long,long_main_v9,11590,11591,11605,1584485700,1584489900,1.324,1.3913189101511458,0.05004509830146966,target,99.96717530763189,0.00125,0.0004
476,QTUM,long,long_main_v9,7759,7760,7760,1584546300,1584546300,1.037,1.0280618177533436,-0.009419269283178688,stop,99.96599828545226,0.00125,0.0004
477,IOTA,short,short_main_v6_timeout210,10228,10229,10385,1584595500,1584642300,0.1285,0.1285943939824021,-0.0015340443037899824,stop,99.96580659511446,0.00125,0.0004
479,LINK,short,short_main_v6_timeout210,17908,17909,17917,1584653100,1584655500,2.207,2.2093711773536038,-0.0018732363026678681,stop,99.96557252064203,0.00125,0.0004
478,ZEC,short,short_main_v6_timeout210,12289,12290,12480,1584609000,1584666000,30.67,30.70498187230036,-0.0019392897884077157,stop,99.96533019287455,0.00125,0.0004
480,DASH,short,short_main_v6_timeout210,12769,12770,12771,1584666900,1584667200,65.77,67.49137804606407,-0.026305154819763896,stop,99.96204318851538,0.00125,0.0004
481,ZEC,short,short_main_v6_timeout210,12482,12483,12484,1584666900,1584667200,31.8,32.58945114327761,-0.02502413129349221,stop,99.95891635939898,0.00125,0.0004
482,BCH,short,short_main_v6_timeout210,26296,26297,26297,1584667200,1584667200,215.75,222.61709866964367,-0.03164713038971998,stop,99.95496209332444,0.00125,0.0004
492,XTZ,short,short_main_v6_timeout210,12197,12198,12206,1584667800,1584670200,1.68,1.6824495021538877,-0.0022559142195660345,stop,99.95468023104905,0.00125,0.0004
489,ONT,short,short_main_v6_timeout210,10756,10757,10769,1584667800,1584671400,0.3789,0.37928203959578427,-0.0018072704634034312,stop,99.95445442462248,0.00125,0.0004
488,LTC,short,short_main_v6_timeout210,20260,20261,20274,1584667800,1584671700,39.72,39.77070001466853,-0.0020748082042767227,stop,99.95419519171986,0.00125,0.0004
485,DASH,short,short_main_v6_timeout210,12772,12773,12787,1584667800,1584672000,68.47,68.5818093261152,-0.0024303058670199543,stop,99.9538915426361,0.00125,0.0004
483,BAT,short,short_main_v6_timeout210,10180,10181,10196,1584667800,1584672300,0.1412,0.14135782894920843,-0.0019165207500827278,stop,99.9536520880021,0.00125,0.0004
484,BCH,short,short_main_v6_timeout210,26298,26299,26314,1584667800,1584672300,225.74,226.185179209227,-0.002768206806402528,stop,99.95330622252706,0.00125,0.0004
486,ETC,short,short_main_v6_timeout210,18245,18246,18261,1584667800,1584672300,5.181,5.18762788522469,-0.0020776331246825422,stop,99.95304663965216,0.00125,0.0004
487,IOST,short,short_main_v6_timeout210,7876,7877,7892,1584667800,1584672300,0.00292,0.002923039430445445,-0.0018398184895445971,stop,99.95281677032304,0.00125,0.0004
490,TRX,short,short_main_v6_timeout210,18532,18533,18548,1584667800,1584672300,0.01183,0.011844875389860765,-0.0020558502619198774,stop,99.95255991029236,0.00125,0.0004
491,XRP,short,short_main_v6_timeout210,21121,21122,21137,1584667800,1584672300,0.164,0.16415260229701475,-0.0017296367823559137,stop,99.95234380826223,0.00125,0.0004
493,ZEC,short,short_main_v6_timeout210,12485,12486,12501,1584667800,1584672300,33.01,33.05834363678537,-0.0022623732306894287,stop,99.95206114637851,0.00125,0.0004
494,XTZ,long,long_main_v9,12279,12280,12301,1584692400,1584698700,1.631,1.659,0.016367381974249053,time,99.95410608833338,0.00125,0.0004
495,DASH,long,long_main_v9,12998,12999,13001,1584735600,1584736200,67.5,66.64567288039942,-0.013456698068156836,stop,99.9524247730505,0.00125,0.0004
501,IOST,long,long_main_v9,8106,8107,8114,1584736800,1584738900,0.003006,0.0031390190886325525,0.04345119382320441,target,99.9578535882779,0.00125,0.0004
502,IOST,short,short_main_v6_timeout210,8116,8117,8118,1584739800,1584740100,0.003609,0.0037689869777681622,-0.04324827024127851,stop,99.952449832947,0.00125,0.0004
496,ADA,long,long_main_v9,14154,14155,14176,1584736500,1584742800,0.03148,0.031091755261990494,-0.013133060292551102,stop,99.95080898100944,0.00125,0.0004
497,ATOM,long,long_main_v9,12088,12089,12110,1584736500,1584742800,2.238,2.205697121317288,-0.015233815318459331,stop,99.94890569080326,0.00125,0.0004
498,BNB,long,long_main_v9,11274,11275,11296,1584736500,1584742800,12.689,12.628,-0.005607313421073323,time,99.94820513475288,0.00125,0.0004
499,ONT,long,long_main_v9,10985,10986,11007,1584736500,1584742800,0.3916,0.38642600691473133,-0.014012444037969063,stop,99.94645448646395,0.00125,0.0004
500,ZEC,long,long_main_v9,12714,12715,12736,1584736500,1584742800,32.23,32.09,-0.005143779087806144,time,99.94581185836084,0.00125,0.0004
503,QTUM,long,long_main_v9,8415,8416,8425,1584743100,1584745800,1.235,1.2838738960613123,0.03877400490794516,target,99.95065598261024,0.00125,0.0004
504,NEO,long,long_main_v9,9272,9273,9281,1584743400,1584745800,6.631,6.855850133499773,0.03310893281552909,target,99.95479255705249,0.00125,0.0004
505,IOST,long,long_main_v9,8165,8166,8187,1584754500,1584760800,0.003225,0.003233,0.0016806201550389152,time,99.9550025396012,0.00125,0.0004
507,ATOM,long,long_main_v9,12173,12174,12174,1584762000,1584762000,2.055,2.031494668805127,-0.012238117369767853,stop,99.95347346328522,0.00125,0.0004
508,LINK,long,long_main_v9,18271,18272,18288,1584762000,1584766800,2.289,2.2505394795115508,-0.017602324372411247,stop,99.95127419645766,0.00125,0.0004
509,IOTA,long,long_main_v9,10784,10785,10800,1584762300,1584766800,0.1386,0.13687307175719932,-0.013259799731606714,stop,99.9496175291092,0.00125,0.0004
511,BNB,long,long_main_v9,11376,11377,11377,1584767100,1584767100,11.387,11.239217584749326,-0.013778169425720055,stop,99.94789612565376,0.00125,0.0004
514,ZEC,long,long_main_v9,12816,12817,12817,1584767100,1584767100,32.65,32.16211033980181,-0.015743021751858686,stop,99.94592927327531,0.00125,0.0004
510,BCH,long,long_main_v9,26629,26630,26632,1584767100,1584767700,209.92,206.82713752853655,-0.015533529303846416,stop,99.94398863199886,0.00125,0.0004
512,ETH,long,long_main_v9,32979,32980,32982,1584767100,1584767700,127.74,125.9993362261281,-0.014426614794675862,stop,99.94218631521757,0.00125,0.0004
513,LTC,long,long_main_v9,20591,20592,20594,1584767100,1584767700,37.15,36.68766175972401,-0.013245174704602713,stop,99.94053162556995,0.00125,0.0004
515,ADA,long,long_main_v9,14257,14258,14259,1584767400,1584767700,0.02859,0.02827069848187512,-0.011968293743437641,stop,99.93903647852073,0.00125,0.0004
516,DASH,long,long_main_v9,13107,13108,13108,1584768300,1584768300,65.37,64.13758717554764,-0.01965288090029624,stop,99.93658136604424,0.00125,0.0004
517,XLM,long,long_main_v9,17428,17429,17429,1584768300,1584768300,0.03754,0.03702326627435299,-0.014564883474880252,stop,99.93476191021615,0.00125,0.0004
518,BAT,long,long_main_v9,10516,10517,10517,1584768600,1584768600,0.1242,0.1225091546127761,-0.014413892006633655,stop,99.9329613491338,0.00125,0.0004
519,BTC,long,long_main_v9,55902,55903,55903,1584768600,1584768600,5856.01,5780.462223903751,-0.013700896019004349,stop,99.9312498852434,0.00125,0.0004
520,ETC,long,long_main_v9,18581,18582,18582,1584768600,1584768600,4.636,4.571350022577618,-0.01474520651906439,stop,99.92940800159683,0.00125,0.0004
521,NEO,long,long_main_v9,9356,9357,9357,1584768600,1584768600,5.837,5.752906271582469,-0.015207011892672795,stop,99.92750846697695,0.00125,0.0004
522,ONT,long,long_main_v9,11092,11093,11093,1584768600,1584768600,0.35,0.34535085644716346,-0.01408326729381868,stop,99.92574933471226,0.00125,0.0004
523,QTUM,long,long_main_v9,8500,8501,8501,1584768600,1584768600,1.151,1.1374145900127142,-0.012603136392081526,stop,99.92417511240232,0.00125,0.0004
524,TRX,long,long_main_v9,18868,18869,18869,1584768600,1584768600,0.01056,0.01040489376006182,-0.015488090903236862,stop,99.92224056901786,0.00125,0.0004
525,VET,long,long_main_v9,10229,10230,10230,1584768600,1584768600,0.002635,0.002599174786197943,-0.014395906566245653,stop,99.92044247996895,0.00125,0.0004
526,XMR,long,long_main_v9,13397,13398,13398,1584768600,1584768600,37.6,37.088280430729974,-0.014409563012500714,stop,99.91864271757876,0.00125,0.0004
527,XRP,long,long_main_v9,21457,21458,21458,1584768600,1584768600,0.149,0.14693577756018172,-0.014653841877975004,stop,99.91681247758996,0.00125,0.0004
528,XTZ,long,long_main_v9,12533,12534,12534,1584768600,1584768600,1.524,1.4913792954653493,-0.022204661768143483,stop,99.91403920380743,0.00125,0.0004
530,IOTA,short,short_main_v6_timeout210,10825,10826,10865,1584774600,1584786300,0.1436,0.1438194776886749,-0.0023260637307416002,stop,99.91374869577895,0.00125,0.0004
531,ZEC,short,short_main_v6_timeout210,12841,12842,12885,1584774600,1584787500,33.73,33.785492786108904,-0.0024425033803776356,stop,99.91344364619279,0.00125,0.0004
532,IOST,short,short_main_v6_timeout210,8277,8278,8278,1584788100,1584788100,0.003541,0.0036416404646609306,-0.028436024379002254,stop,99.90989221979365,0.00125,0.0004
529,ETH,short,short_main_v6_timeout210,33004,33005,33051,1584774600,1584788400,135.03,135.24723264355302,-0.0024061891937230176,stop,99.90959171716489,0.00125,0.0004
535,XTZ,long,long_main_v9,12643,12644,12648,1584801600,1584802800,1.664,1.6447797891907059,-0.012350607457508466,stop,99.9080492869792,0.00125,0.0004
536,IOST,long,long_main_v9,8327,8328,8335,1584803100,1584805200,0.003275,0.00342790805513376,0.045889482483590836,target,99.91378019782637,0.00125,0.0004
506,DASH,short,short_main_v6_timeout210,13065,13066,13276,1584755700,1584818700,76.23,69.9,0.08975793991416317,timeout,99.92499026667586,0.00125,0.0004
533,ZEC,short,short_main_v6_timeout210,12889,12890,13100,1584789000,1584852000,35.0,33.34,0.04899004199160153,timeout,99.93110942851233,0.00125,0.0004
534,IOST,short,short_main_v6_timeout210,8283,8284,8494,1584789900,1584852900,0.003749,0.003414,0.09732536613942591,timeout,99.94326671827965,0.00125,0.0004
538,DASH,long,long_main_v9,13412,13413,13416,1584859800,1584860700,71.35,70.54719492490422,-0.012051647863991244,stop,99.94176111695856,0.00125,0.0004
541,XTZ,long,long_main_v9,12837,12838,12841,1584859800,1584860700,1.648,1.6266942724046995,-0.01372823276413857,stop,99.94004608725922,0.00125,0.0004
537,BTC,long,long_main_v9,56206,56207,56228,1584859800,1584866100,6142.02,6158.83,0.0019368846079953713,time,99.94028805268047,0.00125,0.0004
539,IOTA,long,long_main_v9,11109,11110,11131,1584859800,1584866100,0.1369,0.138,0.007235062089116307,time,99.94119189541706,0.00125,0.0004
540,XMR,long,long_main_v9,13701,13702,13723,1584859800,1584866100,40.62,41.12,0.01150920728705076,time,99.94262970028463,0.00125,0.0004
542,LINK,long,long_main_v9,18768,18769,18771,1584911100,1584911700,2.139,2.1176281620444577,-0.010791509095625073,stop,99.94128153553781,0.00125,0.0004
543,ZEC,long,long_main_v9,13296,13297,13299,1584911100,1584911700,31.79,31.490442555211075,-0.01022300864387935,stop,99.94000440980653,0.00125,0.0004
544,IOTA,long,long_main_v9,11281,11282,11283,1584911400,1584911700,0.1344,0.13301676163841902,-0.01109195209509648,stop,99.9386187476299,0.00125,0.0004
553,IOTA,short,short_main_v6_timeout210,11572,11573,11579,1584998700,1585000500,0.1347,0.13692456648244794,-0.017046657116370077,stop,99.93648922342182,0.00125,0.0004
554,LTC,short,short_main_v6_timeout210,21363,21364,21370,1584998700,1585000500,38.61,39.385827161900885,-0.020498130464843143,stop,99.93392858442894,0.00125,0.0004
559,VET,short,short_main_v6_timeout210,10996,10997,11003,1584998700,1585000500,0.002763,0.0028117426934951293,-0.018135403274237658,stop,99.93166315680936,0.00125,0.0004
545,ADA,short,short_main_v6_timeout210,15028,15029,15036,1584998700,1585000800,0.02876,0.02925059768671385,-0.017572227766705948,stop,99.92946812937674,0.00125,0.0004
546,ATOM,short,short_main_v6_timeout210,12962,12963,12970,1584998700,1585000800,2.046,2.0791014555724545,-0.016721039102606337,stop,99.92737947369663,0.00125,0.0004
547,BAT,short,short_main_v6_timeout210,11283,11284,11291,1584998700,1585000800,0.1302,0.1325024406108721,-0.01817659019907267,stop,99.92510904991367,0.00125,0.0004
548,BCH,short,short_main_v6_timeout210,27401,27402,27409,1584998700,1585000800,215.96,220.3244581049241,-0.020609231087933198,stop,99.9225348253338,0.00125,0.0004
549,BNB,short,short_main_v6_timeout210,12148,12149,12156,1584998700,1585000800,11.971,12.21430045102078,-0.020719311138317906,stop,99.91994691772283,0.00125,0.0004
550,BTC,short,short_main_v6_timeout210,56669,56670,56677,1584998700,1585000800,6263.09,6384.186593692188,-0.019768210266885886,stop,99.91747786957217,0.00125,0.0004
551,ETH,short,short_main_v6_timeout210,33751,33752,33759,1584998700,1585000800,131.38,134.17212001123724,-0.021609986538212198,stop,99.91477885038256,0.00125,0.0004
552,IOST,short,short_main_v6_timeout210,8979,8980,8987,1584998700,1585000800,0.003162,0.0032187483249629567,-0.01843055673624625,stop,99.91247699413208,0.00125,0.0004
555,NEO,short,short_main_v6_timeout210,10123,10124,10131,1584998700,1585000800,6.319,6.417759134143585,-0.016188413943142497,stop,99.9104552134625,0.00125,0.0004
556,ONT,short,short_main_v6_timeout210,11859,11860,11867,1584998700,1585000800,0.3654,0.371178215914999,-0.016367227997890452,stop,99.90841114196269,0.00125,0.0004
558,TRX,short,short_main_v6_timeout210,19635,19636,19643,1584998700,1585000800,0.01113,0.011330572510828378,-0.018501886699608148,stop,99.90610052433358,0.00125,0.0004
561,XMR,short,short_main_v6_timeout210,14164,14165,14172,1584998700,1585000800,41.77,42.54879953994407,-0.01910367832617563,stop,99.90371480682452,0.00125,0.0004
562,ZEC,short,short_main_v6_timeout210,13588,13589,13596,1584998700,1585000800,31.85,32.42937467892155,-0.018665736994864932,stop,99.90138383624277,0.00125,0.0004
557,QTUM,short,short_main_v6_timeout210,9267,9268,9276,1584998700,1585001100,1.22,1.2209862673817535,-0.0016077628783397239,stop,99.90118306407224,0.00125,0.0004
560,XLM,short,short_main_v6_timeout210,18196,18197,18205,1584998700,1585001100,0.03902,0.03905283360196416,-0.0016407482616705763,stop,99.90097817320668,0.00125,0.0004
568,IOTA,short,short_main_v6_timeout210,11581,11582,11594,1585001400,1585005000,0.1385,0.13863369463216327,-0.0017643732897546275,stop,99.90075784493479,0.00125,0.0004
571,NEO,short,short_main_v6_timeout210,10132,10133,10199,1585001400,1585021200,6.493,6.498968892497473,-0.0017184368468608816,stop,99.90054325350565,0.00125,0.0004
574,XMR,short,short_main_v6_timeout210,14173,14174,14246,1585001400,1585023000,42.79,42.835121360393536,-0.0018533730023526421,stop,99.90031181229341,0.00125,0.0004
563,ATOM,short,short_main_v6_timeout210,12971,12972,13064,1585001400,1585029000,2.111,2.113208566220657,-0.0018451245825708887,stop,99.900081401642,0.00125,0.0004
575,XTZ,short,short_main_v6_timeout210,13309,13310,13402,1585001400,1585029000,1.661,1.6629723908820415,-0.0019860635166620614,stop,99.89983339175826,0.00125,0.0004
566,BTC,short,short_main_v6_timeout210,56678,56679,56775,1585001400,1585030200,6471.22,6478.531587370328,-0.0019285871299264726,stop,99.89959255984206,0.00125,0.0004
567,DASH,short,short_main_v6_timeout210,13884,13885,13982,1585001400,1585030500,69.8,69.88669446591092,-0.0020405003065814046,stop,99.8993377534055,0.00125,0.0004
569,LINK,short,short_main_v6_timeout210,19069,19070,19167,1585001400,1585030500,2.244,2.246892062624367,-0.002087139098701817,stop,99.8990771236383,0.00125,0.0004
564,BCH,short,short_main_v6_timeout210,27410,27411,27541,1585001400,1585040400,222.68,222.94889936154564,-0.0020061031129361188,stop,99.8988266138263,0.00125,0.0004
565,BNB,short,short_main_v6_timeout210,12157,12158,12288,1585001400,1585040400,12.294,12.3075978029617,-0.0019048299740853417,stop,99.89858875097715,0.00125,0.0004
572,ONT,short,short_main_v6_timeout210,11868,11869,11999,1585001400,1585040400,0.3744,0.3747087457306741,-0.0016239619015885102,stop,99.89838596159946,0.00125,0.0004
570,LTC,short,short_main_v6_timeout210,21372,21373,21504,1585001400,1585040700,39.39,39.432787029837264,-0.0018850622809107646,stop,99.89815056825033,0.00125,0.0004
573,VET,short,short_main_v6_timeout210,11005,11006,11140,1585001400,1585041600,0.002876,0.0028795267131175944,-0.0020247544367373075,stop,99.89789773172085,0.00125,0.0004
576,BAT,short,short_main_v6_timeout210,11625,11626,11628,1585101300,1585101900,0.1512,0.15553669773890966,-0.028682151299042034,stop,99.89431612344936,0.00125,0.0004
577,IOST,long,long_main_v9,9547,9548,9569,1585169100,1585175400,0.003072,0.003129,0.0177546875,time,99.8965331139066,0.00125,0.0004
578,VET,short,short_main_v6_timeout210,12025,12026,12048,1585307400,1585314000,0.003464,0.0034680687884368036,-0.001973214455944427,stop,99.89628671730256,0.00125,0.0004
579,DASH,short,short_main_v6_timeout210,15077,15078,15086,1585359300,1585361700,71.01,71.06047746367302,-0.0015103451239660607,stop,99.89609811996563,0.00125,0.0004
580,ADA,long,long_main_v9,16316,16317,16317,1585385100,1585385100,0.02863,0.028432381600760868,-0.007702493860954651,stop,99.8951363086125,0.00125,0.0004
581,ATOM,long,long_main_v9,14250,14251,14251,1585385100,1585385100,1.981,1.9696530425814218,-0.006527893699433717,stop,99.89432117757386,0.00125,0.0004
582,BAT,long,long_main_v9,12571,12572,12572,1585385100,1585385100,0.1396,0.13862849734674237,-0.007759188060584709,stop,99.8933523040436,0.00125,0.0004
583,BCH,long,long_main_v9,28689,28690,28690,1585385100,1585385100,211.52,209.95706647328615,-0.008189057898609442,stop,99.89232976348647,0.00125,0.0004
584,BNB,long,long_main_v9,13436,13437,13437,1585385100,1585385100,12.19,12.105503384803153,-0.007731633732308984,stop,99.89136434985348,0.00125,0.0004
585,BTC,long,long_main_v9,57957,57958,57958,1585385100,1585385100,6328.07,6289.95658356275,-0.006822913216391368,stop,99.89051241221594,0.00125,0.0004
586,DASH,long,long_main_v9,15163,15164,15164,1585385100,1585385100,68.61,68.03545127629458,-0.009174125108663755,stop,99.8893669021434,0.00125,0.0004
587,ETC,long,long_main_v9,20636,20637,20637,1585385100,1585385100,4.863,4.830193039870748,-0.007546238973730723,stop_first_same_bar,99.88842466585143,0.00125,0.0004
588,ETH,long,long_main_v9,35039,35040,35040,1585385100,1585385100,130.87,130.17733940472894,-0.0060927377953011504,stop,99.8876639233761,0.00125,0.0004
589,IOST,long,long_main_v9,10267,10268,10268,1585385100,1585385100,0.003005,0.0029865545949294076,-0.006938237960263693,stop,99.8867976178991,0.00125,0.0004
590,IOTA,long,long_main_v9,12860,12861,12861,1585385100,1585385100,0.1384,0.13760122142299544,-0.006571521510148481,stop,99.8859771076002,0.00125,0.0004
591,LINK,long,long_main_v9,20348,20349,20349,1585385100,1585385100,2.131,2.116342329305087,-0.007678306285740377,stop,99.88501841369285,0.00125,0.0004
592,LTC,long,long_main_v9,22651,22652,22652,1585385100,1585385100,38.12,37.86490675845324,-0.007491847889474301,stop,99.88408300948736,0.00125,0.0004
593,NEO,long,long_main_v9,11411,11412,11412,1585385100,1585385100,6.505,6.469784302931439,-0.006213635214229218,stop,99.88330720541794,0.00125,0.0004
594,ONT,long,long_main_v9,13147,13148,13148,1585385100,1585385100,0.3639,0.36185857289371376,-0.006409857395675322,stop,99.88250690822369,0.00125,0.0004
595,TRX,long,long_main_v9,20923,20924,20924,1585385100,1585385100,0.01107,0.011002914539725375,-0.0068601138459462915,stop,99.88165040151293,0.00125,0.0004
596,VET,long,long_main_v9,12284,12285,12285,1585385100,1585385100,0.003036,0.0030110703530164596,-0.009011346173761625,stop,99.8805253163527,0.00125,0.0004
597,XLM,long,long_main_v9,19484,19485,19485,1585385100,1585385100,0.04048,0.040230267350023885,-0.00696928483142587,stop,99.87965519656514,0.00125,0.0004
598,XMR,long,long_main_v9,15452,15453,15453,1585385100,1585385100,47.75,47.478680061697375,-0.0064820929487461095,stop,99.8788459100543,0.00125,0.0004
599,XRP,long,long_main_v9,23512,23513,23513,1585385100,1585385100,0.1726,0.170864088757009,-0.010857423192300075,stop,99.87749037643178,0.00125,0.0004
600,XTZ,long,long_main_v9,14588,14589,14589,1585385100,1585385100,1.589,1.5779068183895946,-0.007781234493647182,stop,99.87651891371522,0.00125,0.0004
601,ZEC,long,long_main_v9,14876,14877,14877,1585385100,1585385100,31.07,30.87683289443519,-0.0070171582093598635,stop,99.87564285204695,0.00125,0.0004
602,QTUM,long,long_main_v9,10556,10557,10559,1585385400,1585386000,1.209,1.200992402754108,-0.007423322784029884,stop,99.87471609062801,0.00125,0.0004
603,IOST,long,long_main_v9,11426,11427,11448,1585732800,1585739100,0.00293,0.002973,0.013875767918088667,time,99.87644838860471,0.00125,0.0004
604,TRX,short,short_main_v6_timeout210,23394,23395,23403,1586126400,1586128800,0.01259,0.01259830100517998,-0.0014588987813965774,stop,99.87626625156865,0.00125,0.0004
605,ZEC,short,short_main_v6_timeout210,17528,17529,17537,1586180700,1586183100,35.78,35.80740713932757,-0.001565404186372054,stop,99.87607081816202,0.00125,0.0004
606,LINK,short,short_main_v6_timeout210,23237,23238,23252,1586251800,1586256000,2.663,2.664981503717957,-0.0015435337600628644,stop,99.8758781155531,0.00125,0.0004
608,IOST,short,short_main_v6_timeout210,13233,13234,13247,1586274900,1586278800,0.003623,0.003625285285452968,-0.001430373963157571,stop,99.87569954073359,0.00125,0.0004
609,XTZ,short,short_main_v6_timeout210,17601,17602,17619,1586289000,1586294100,2.082,2.0836875092482585,-0.0016098667582201457,stop,99.87549855752279,0.00125,0.0004
610,TRX,long,long_main_v9,24049,24050,24050,1586322900,1586322900,0.01326,0.013171977046251407,-0.00743823180607781,stop,99.87456993613527,0.00125,0.0004
611,VET,long,long_main_v9,15410,15411,15411,1586322900,1586322900,0.003741,0.003711335166771204,-0.008729653362415357,stop,99.8734800981662,0.00125,0.0004
607,VET,short,short_main_v6_timeout210,15249,15250,15460,1586274600,1586337600,0.004267,0.003834,0.11213688054251439,timeout,99.88747947380011,0.00125,0.0004
612,BCH,short,short_main_v6_timeout210,31898,31899,31902,1586347800,1586348700,268.74,272.7903155277228,-0.015647724780431724,stop,99.88552570906533,0.00125,0.0004
613,BCH,short,short_main_v6_timeout210,31903,31904,31912,1586349300,1586351700,272.86,273.0955108512831,-0.00166237540320222,stop,99.88531815001399,0.00125,0.0004
614,BCH,long,long_main_v9,31989,31990,32005,1586375100,1586379600,257.02,268.72066407475836,0.044724333027618045,target,99.89090228030588,0.00125,0.0004
616,XTZ,long,long_main_v9,18192,18193,18202,1586466300,1586469000,2.02,2.114002566781627,0.045735924149320394,target,99.89661303371824,0.00125,0.0004
615,DASH,short,short_main_v6_timeout210,18728,18729,18815,1586454600,1586480400,80.07,80.133487356743,-0.0015922699839627566,stop,99.8964142057452,0.00125,0.0004
617,DASH,long,long_main_v9,18959,18960,18967,1586523900,1586526000,77.04,80.09572260887163,0.03886410447652668,target,99.90126718659334,0.00125,0.0004
618,ATOM,long,long_main_v9,18059,18060,18061,1586527800,1586528100,2.345,2.3179041442437436,-0.012354735930173421,stop,99.89972436937437,0.00125,0.0004
619,VET,long,long_main_v9,16896,16897,16901,1586768700,1586769900,0.003589,0.00356475429686915,-0.007555559523781041,stop,99.89878087148202,0.00125,0.0004
620,ETC,long,long_main_v9,25254,25255,25276,1586770500,1586776800,5.071,5.084,0.0017635969236836865,time,99.8990010979603,0.00125,0.0004
622,ETH,short,short_main_v6_timeout210,40604,40605,40613,1587054600,1587057000,165.42,165.56722277478283,-0.001689202417697854,stop,99.89879016091757,0.00125,0.0004
621,LTC,short,short_main_v6_timeout210,28215,28216,28226,1587054300,1587057300,41.64,41.67125924886502,-0.0015501392909279313,stop,99.8985965896179,0.00125,0.0004
623,ETH,short,short_main_v6_timeout210,40616,40617,40617,1587058200,1587058200,170.24,173.24714195376288,-0.018157527055571474,stop,99.89632920027991,0.00125,0.0004
624,BCH,short,short_main_v6_timeout210,34268,34269,34429,1587058800,1587106800,235.62,235.83810433707103,-0.0017248053349313334,stop,99.89611382312798,0.00125,0.0004
625,LTC,short,short_main_v6_timeout210,28230,28231,28441,1587058800,1587121800,43.14,42.31,0.018817111793902132,timeout,99.89846351855496,0.00125,0.0004
626,XLM,short,short_main_v6_timeout210,27149,27150,27166,1587684600,1587689400,0.06537,0.06544724695543155,-0.0019802934275318976,stop,99.89821623321656,0.00125,0.0004
627,IOST,short,short_main_v6_timeout210,18240,18241,18241,1587777000,1587777000,0.003457,0.0034988246635378507,-0.012753918118194462,stop,99.89662361612906,0.00125,0.0004
628,IOST,short,short_main_v6_timeout210,18243,18244,18261,1587777900,1587783000,0.003596,0.0035995571292054052,-0.0017882130155802748,stop,99.89640032057585,0.00125,0.0004
629,ONT,long,long_main_v9,21407,21408,21429,1587863100,1587869400,0.4621,0.4656,0.006774118156243203,time,99.89724620809979,0.00125,0.0004
630,XLM,short,short_main_v6_timeout210,28394,28395,28400,1588058100,1588059600,0.06673,0.06782264927087674,-0.016910389119611156,stop,99.8951345814681,0.00125,0.0004
631,VET,long,long_main_v9,21901,21902,21903,1588270200,1588270500,0.004408,0.00435219809983708,-0.013459233249301072,stop,99.89345394157209,0.00125,0.0004
632,XLM,long,long_main_v9,29101,29102,29103,1588270200,1588270500,0.06698,0.06618650933885219,-0.012646680518778907,stop,99.89187479082469,0.00125,0.0004
633,ETH,long,long_main_v9,44666,44667,44667,1588273200,1588273200,206.44,204.372048537884,-0.010817203362313487,stop,99.89052410241987,0.00125,0.0004
634,IOST,long,long_main_v9,20943,20944,20950,1588587900,1588589700,0.003632,0.0036085963625863853,-0.007243732768065647,stop,99.88961962709155,0.00125,0.0004
636,XLM,long,long_main_v9,30160,30161,30168,1588587900,1588590000,0.06786,0.06997505270433632,0.03036788541609661,target,99.89341142274542,0.00125,0.0004
635,ONT,long,long_main_v9,23823,23824,23845,1588587900,1588594200,0.4652,0.4717,0.01317248495270853,time,99.89505622831898,0.00125,0.0004
637,VET,short,short_main_v6_timeout210,23101,23102,23103,1588630200,1588630500,0.004515,0.004603754397814279,-0.020078699544966303,stop,99.89254902479394,0.00125,0.0004
638,VET,short,short_main_v6_timeout210,23103,23104,23112,1588630800,1588633200,0.004563,0.004568608695977198,-0.0020276595240332532,stop,99.89229583969592,0.00125,0.0004
639,ETC,long,long_main_v9,31704,31705,31706,1588705500,1588705800,7.151,7.091870131994863,-0.009068755139859696,stop,99.89116346623176,0.00125,0.0004
640,ETC,long,long_main_v9,32159,32160,32160,1588842000,1588842000,6.842,6.792410534019081,-0.008047802686483285,stop,99.89015858576464,0.00125,0.0004
641,BAT,short,short_main_v6_timeout210,24565,24566,24573,1588983300,1588985400,0.2163,0.2233108416298108,-0.03219498995500134,stop,99.8861386324493,0.00125,0.0004
642,BAT,short,short_main_v6_timeout210,24593,24594,24656,1588991700,1589010300,0.2312,0.2316159768426943,-0.0025959764622663687,stop,99.8858145048683,0.00125,0.0004
643,NEO,short,short_main_v6_timeout210,23493,23494,23503,1589009700,1589012400,11.66,11.674195758110907,-0.0020159945237378843,stop,99.8855627932995,0.00125,0.0004
644,ETC,long,long_main_v9,33026,33027,33027,1589102100,1589102100,6.673,6.62104918305785,-0.008585226576075277,stop,99.88449086806418,0.00125,0.0004
645,IOTA,long,long_main_v9,25250,25251,25251,1589102100,1589102100,0.1901,0.1886876917286416,-0.008229291274899441,stop,99.88346339485268,0.00125,0.0004
646,ADA,long,long_main_v9,28707,28708,28708,1589102400,1589102400,0.04506,0.04440884778277119,-0.015250781563000726,stop,99.8815592687502,0.00125,0.0004
647,ATOM,long,long_main_v9,26641,26642,26642,1589102400,1589102400,2.439,2.4083828369679625,-0.01335316237475912,stop,99.87989210040125,0.00125,0.0004
648,BAT,long,long_main_v9,24962,24963,24963,1589102400,1589102400,0.1917,0.18850000444053203,-0.01749272592315063,stop,99.87770813592907,0.00125,0.0004
649,BCH,long,long_main_v9,41080,41081,41081,1589102400,1589102400,233.47,229.9264485356915,-0.01597775930230225,stop,99.87571335845374,0.00125,0.0004
650,BNB,long,long_main_v9,25827,25828,25828,1589102400,1589102400,14.604,14.377494077774085,-0.01630985498671009,stop,99.87367716045176,0.00125,0.0004
651,BTC,long,long_main_v9,70348,70349,70349,1589102400,1589102400,8635.63,8519.723562740344,-0.014221885520761623,stop,99.87190167044787,0.00125,0.0004
652,DASH,long,long_main_v9,27554,27555,27555,1589102400,1589102400,71.02,70.1366110378245,-0.013238594229449485,stop,99.87024896597144,0.00125,0.0004
653,ETH,long,long_main_v9,47430,47431,47431,1589102400,1589102400,187.47,185.0412336725878,-0.013755493291791798,stop,99.86853176029682,0.00125,0.0004
654,IOST,long,long_main_v9,22658,22659,22659,1589102400,1589102400,0.003253,0.003203891538325221,-0.01589636079765708,stop,99.86654732753033,0.00125,0.0004
655,LINK,long,long_main_v9,32739,32740,32740,1589102400,1589102400,3.649,3.6027372773330453,-0.013478192016156387,stop,99.86486480190423,0.00125,0.0004
656,LTC,long,long_main_v9,35042,35043,35043,1589102400,1589102400,40.95,40.285319590589054,-0.017031511829327137,stop,99.86273873987147,0.00125,0.0004
657,NEO,long,long_main_v9,23802,23803,23803,1589102400,1589102400,10.048,9.906714873088937,-0.014861019796085095,stop,99.86088366219984,0.00125,0.0004
658,ONT,long,long_main_v9,25538,25539,25539,1589102400,1589102400,0.4346,0.4284254994027089,-0.015007318447517437,stop,99.85901035709789,0.00125,0.0004
659,QTUM,long,long_main_v9,22946,22947,22947,1589102400,1589102400,1.446,1.4296605764078065,-0.012099739690313615,stop,99.85750002205907,0.00125,0.0004
660,TRX,long,long_main_v9,33314,33315,33315,1589102400,1589102400,0.0137,0.013445365891833922,-0.019386431252998413,stop,99.85508017135997,0.00125,0.0004
661,VET,long,long_main_v9,24675,24676,24676,1589102400,1589102400,0.004011,0.003948993234449489,-0.016259178646350268,stop,99.8530507193759,0.00125,0.0004
662,XLM,long,long_main_v9,31875,31876,31876,1589102400,1589102400,0.06188,0.06088623668901197,-0.016859523448416767,stop,99.8509463758134,0.00125,0.0004
663,XMR,long,long_main_v9,27843,27844,27844,1589102400,1589102400,55.64,54.91455995599145,-0.013838102875782665,stop,99.84921919122816,0.00125,0.0004
664,XRP,long,long_main_v9,35903,35904,35904,1589102400,1589102400,0.1913,0.1886342291056347,-0.014735028198459376,stop,99.84738008990269,0.00125,0.0004
665,XTZ,long,long_main_v9,26979,26980,26980,1589102400,1589102400,2.415,2.3703682403137365,-0.019281059911496288,stop,99.84497363575578,0.00125,0.0004
666,ZEC,long,long_main_v9,27267,27268,27268,1589102400,1589102400,40.53,40.07911394763051,-0.011924748393029571,stop,99.84348535301964,0.00125,0.0004
667,ETC,long,long_main_v9,33223,33224,33224,1589161200,1589161200,5.908,5.8454878106602095,-0.01138093929244941,stop,99.8420649622127,0.00125,0.0004
668,NEO,long,long_main_v9,23998,23999,24002,1589161200,1589162100,9.6,9.499869511094499,-0.011230259260989727,stop,99.84066339686935,0.00125,0.0004
669,XTZ,long,long_main_v9,27179,27180,27181,1589162400,1589162700,2.379,2.4960799681916224,0.04841394207298113,target,99.84670549698711,0.00125,0.0004
670,ADA,long,long_main_v9,29191,29192,29192,1589247600,1589247600,0.04606,0.045587822629852844,-0.011051354106538324,stop,99.8453261953636,0.00125,0.0004
673,BTC,long,long_main_v9,70832,70833,70833,1589247600,1589247600,8499.34,8412.48190391469,-0.011019393045261205,stop,99.84395090174725,0.00125,0.0004
675,ETC,long,long_main_v9,33511,33512,33512,1589247600,1589247600,5.816,5.7635869532068496,-0.009811871869523791,stop,99.84272633168077,0.00125,0.0004
677,IOTA,long,long_main_v9,25735,25736,25736,1589247600,1589247600,0.172,0.1703084777311862,-0.010634431795428978,stop,99.84139911835146,0.00125,0.0004
678,LTC,long,long_main_v9,35526,35527,35527,1589247600,1589247600,40.17,39.83639869928201,-0.009104737384067562,stop,99.84026283120268,0.00125,0.0004
682,TRX,long,long_main_v9,33798,33799,33799,1589247600,1589247600,0.01348,0.013362329627592229,-0.009529256113336193,stop,99.839073576909,0.00125,0.0004
685,XMR,long,long_main_v9,28327,28328,28328,1589247600,1589247600,57.38,56.886803541140104,-0.009395267669220919,stop,99.83790105838388,0.00125,0.0004
686,XTZ,long,long_main_v9,27463,27464,27464,1589247600,1589247600,2.377,2.351020693656039,-0.011729451554043235,stop,99.83643725360423,0.00125,0.0004
681,QTUM,long,long_main_v9,23430,23431,23435,1589247600,1589248800,1.376,1.4176989421674826,0.029504463784507797,target,99.84011927928839,0.00125,0.0004
671,BAT,long,long_main_v9,25446,25447,25465,1589247600,1589253000,0.1869,0.18518198522268361,-0.009992160392276106,stop,99.83887225618162,0.00125,0.0004
672,BNB,long,long_main_v9,26311,26312,26330,1589247600,1589253000,14.443,14.325837722742184,-0.008912045783965627,stop,99.83776004543091,0.00125,0.0004
674,DASH,long,long_main_v9,28038,28039,28057,1589247600,1589253000,67.97,67.4293607513441,-0.008754086341855127,stop,99.83666755996639,0.00125,0.0004
676,IOST,long,long_main_v9,23142,23143,23161,1589247600,1589253000,0.003186,0.0031623973603139544,-0.008208235934101004,stop,99.83564320631363,0.00125,0.0004
679,NEO,long,long_main_v9,24286,24287,24305,1589247600,1589253000,9.605,9.512532944427976,-0.010426970908071298,stop,99.83434197712951,0.00125,0.0004
684,XLM,long,long_main_v9,32359,32360,32378,1589247600,1589253000,0.06172,0.06117465238930691,-0.00963583296651147,stop,99.833139493325,0.00125,0.0004
680,ONT,long,long_main_v9,26022,26023,26042,1589247600,1589253300,0.4336,0.4300944001025519,-0.00888487061219576,stop,99.83203073766599,0.00125,0.0004
683,VET,long,long_main_v9,25159,25160,25179,1589247600,1589253300,0.003942,0.0039049236096874713,-0.010205476994553186,stop,99.83075719579972,0.00125,0.0004
687,LINK,long,long_main_v9,33243,33244,33260,1589253600,1589258400,3.344,3.521258430918104,0.05220790398268651,target,99.83727213903246,0.00125,0.0004
688,IOTA,short,short_main_v6_timeout210,26634,26635,26643,1589517300,1589519700,0.2096,0.20977687998325542,-0.0016431814948793858,stop,99.83706707558487,0.00125,0.0004
689,ADA,long,long_main_v9,32048,32049,32070,1590104700,1590111000,0.05197,0.05307,0.020366057340773482,time,99.83960868487587,0.00125,0.0004
690,BAT,long,long_main_v9,28303,28304,28325,1590104700,1590111000,0.1931,0.1977,0.02302185396167791,time,99.84248180098929,0.00125,0.0004
691,ONT,long,long_main_v9,28879,28880,28901,1590104700,1590111000,0.4603,0.4654,0.010279730610471516,time,99.84376474325977,0.00125,0.0004
692,TRX,long,long_main_v9,36655,36656,36677,1590104700,1590111000,0.01395,0.01424,0.01998853046594964,time,99.84625940592653,0.00125,0.0004
693,QTUM,short,short_main_v6_timeout210,26595,26596,26621,1590197100,1590204600,1.726,1.7272193411112382,-0.0015059561470946773,stop,99.84607145081638,0.00125,0.0004
694,VET,short,short_main_v6_timeout210,29083,29084,29143,1590424800,1590442500,0.004948,0.00495257734521635,-0.001724234978535221,stop,99.8458562532053,0.00125,0.0004
695,ONT,short,short_main_v6_timeout210,30340,30341,30349,1590543000,1590545400,0.5162,0.5167599651261717,-0.001883607794646002,stop,99.84562116516392,0.00125,0.0004
696,THETA,long,long_main_v9,151,152,152,1590644400,1590644400,0.3461,0.3371663947648684,-0.02661220813386764,stop,99.8422997745993,0.00125,0.0004
697,THETA,long,long_main_v9,238,239,242,1590670500,1590671400,0.313,0.3078364089677668,-0.017297095949626782,stop,99.8401410473005,0.00125,0.0004
698,THETA,short,short_main_v6_timeout210,298,299,309,1590688500,1590691500,0.3482,0.34889770603880027,-0.002799743841029078,stop,99.83979163877552,0.00125,0.0004
699,THETA,long,long_main_v9,482,483,489,1590743700,1590745500,0.2948,0.31224119805192835,0.05836281564426162,target,99.84707530296726,0.00125,0.0004
700,THETA,long,long_main_v9,780,781,781,1590833100,1590833100,0.2917,0.2889277909766409,-0.0103036305223144,stop,99.84578931875144,0.00125,0.0004
701,IOTA,short,short_main_v6_timeout210,31383,31384,31394,1590942000,1590945000,0.2289,0.22903129681407303,-0.0013732701857755761,stop,99.8456179246944,0.00125,0.0004
702,THETA,long,long_main_v9,1157,1158,1179,1590946200,1590952500,0.2623,0.2646,0.007968585589020272,time,99.84661246013455,0.00125,0.0004
703,ADA,long,long_main_v9,34929,34930,34931,1590969000,1590969300,0.07878,0.07766749050990779,-0.014921724931355884,stop,99.84475010552649,0.00125,0.0004
704,VET,long,long_main_v9,30898,30899,30899,1590969300,1590969300,0.006524,0.006434049938923827,-0.014587563009836413,stop,99.84292949104729,0.00125,0.0004
705,ETC,long,long_main_v9,39327,39328,39328,1590992400,1590992400,6.597,6.807962583573274,0.031178563524825533,target,99.84682068994682,0.00125,0.0004
706,XLM,long,long_main_v9,38175,38176,38184,1590992400,1590994800,0.06938,0.07133658989877473,0.027401065130797566,target,99.85024057649287,0.00125,0.0004
708,TRX,long,long_main_v9,39635,39636,39637,1590998700,1590999000,0.01544,0.016034946600044446,0.03773281088370752,target,99.85495011429832,0.00125,0.0004
707,NEO,long,long_main_v9,30123,30124,30131,1590998700,1591000800,10.85,10.739229607296645,-0.011009252783719314,stop,99.85357595381393,0.00125,0.0004
710,ADA,long,long_main_v9,35030,35031,35043,1590999300,1591002900,0.07276,0.07722987148295182,0.06063308800098701,target,99.86114399213645,0.00125,0.0004
709,VET,long,long_main_v9,30996,30997,31018,1590998700,1591005000,0.006136,0.006342,0.03277235984354645,time,99.86523484881806,0.00125,0.0004
711,BTC,short,short_main_v6_timeout210,76959,76960,76964,1591085700,1591086900,10167.41,10312.260956850485,-0.014846478988127276,stop,99.86338153992952,0.00125,0.0004
713,VET,short,short_main_v6_timeout210,31329,31330,31338,1591098600,1591101000,0.007432,0.0074390853171695855,-0.001752444671286745,stop,99.86316278361598,0.00125,0.0004
715,ATOM,long,long_main_v9,33439,33440,33440,1591141800,1591141800,2.69,2.660808782257282,-0.01165175380770187,stop,99.86170830738196,0.00125,0.0004
716,BAT,long,long_main_v9,31760,31761,31761,1591141800,1591141800,0.2105,0.2074823179069052,-0.015135781914939672,stop,99.85981895108372,0.00125,0.0004
717,BCH,long,long_main_v9,47878,47879,47879,1591141800,1591141800,247.05,244.5092178864513,-0.011084485381698905,stop_first_same_bar,99.85843533270449,0.00125,0.0004
718,BNB,long,long_main_v9,32625,32626,32626,1591141800,1591141800,16.911,16.75682844887144,-0.009916643080158693,stop,99.85719750712732,0.00125,0.0004
719,BTC,long,long_main_v9,77146,77147,77147,1591141800,1591141800,9569.61,9490.920105317531,-0.009022894630237732,stop,99.85607125591335,0.00125,0.0004
720,DASH,long,long_main_v9,34352,34353,34353,1591141800,1591141800,78.31,77.70482911808213,-0.00852788765059218,stop,99.85500680421723,0.00125,0.0004
721,ETC,long,long_main_v9,39825,39826,39826,1591141800,1591141800,6.811,6.752345908928212,-0.009411670983965314,stop,99.85383205112954,0.00125,0.0004
722,ETH,long,long_main_v9,54228,54229,54229,1591141800,1591141800,233.46,230.4558439015199,-0.01366796923875655,stop,99.8521260522485,0.00125,0.0004
724,IOTA,long,long_main_v9,32049,32050,32050,1591141800,1591141800,0.22,0.2163280254718142,-0.01749079330993539,stop,99.84994293612557,0.00125,0.0004
725,LINK,long,long_main_v9,39537,39538,39538,1591141800,1591141800,4.291,4.254892645403264,-0.009214671311287925,stop,99.84879283061981,0.00125,0.0004
726,LTC,long,long_main_v9,41840,41841,41841,1591141800,1591141800,45.69,45.20420259696351,-0.011432466689351805,stop,99.8473659331223,0.00125,0.0004
727,NEO,long,long_main_v9,30600,30601,30601,1591141800,1591141800,11.744,11.542713139050662,-0.0179395487865581,stop,99.84512691225684,0.00125,0.0004
728,ONT,long,long_main_v9,32336,32337,32337,1591141800,1591141800,0.5692,0.562011026937471,-0.01342995970226477,stop,99.84345076721821,0.00125,0.0004
729,QTUM,long,long_main_v9,29744,29745,29745,1591141800,1591141800,1.703,1.6735890723678892,-0.018070069073464954,stop,99.84119554465335,0.00125,0.0004
730,THETA,long,long_main_v9,1809,1810,1810,1591141800,1591141800,0.2338,0.22744632878011134,-0.027975668177453648,stop_first_same_bar,99.83770413945709,0.00125,0.0004
731,TRX,long,long_main_v9,40112,40113,40113,1591141800,1591141800,0.01572,0.015522944234596037,-0.013335354033331059,stop,99.83603992554387,0.00125,0.0004
732,VET,long,long_main_v9,31473,31474,31474,1591141800,1591141800,0.006775,0.006665285282643925,-0.016994054222298913,stop_first_same_bar,99.83391915169908,0.00125,0.0004
733,XLM,long,long_main_v9,38673,38674,38674,1591141800,1591141800,0.07585,0.07462262325584813,-0.0169816314324571,stop,99.83179997317471,0.00125,0.0004
734,XMR,long,long_main_v9,34641,34642,34642,1591141800,1591141800,64.71,64.0675480311575,-0.010728171362115546,stop,99.83046120735284,0.00125,0.0004
735,XRP,long,long_main_v9,42701,42702,42702,1591141800,1591141800,0.2019,0.19657939005125813,-0.02715269910223803,stop,99.82707287425984,0.00125,0.0004
736,XTZ,long,long_main_v9,33777,33778,33778,1591141800,1591141800,2.727,2.678764672000139,-0.018488055738856233,stop_first_same_bar,99.82476586365041,0.00125,0.0004
737,ZEC,long,long_main_v9,34065,34066,34066,1591141800,1591141800,51.11,50.55059176759329,-0.011745181616253353,stop,99.82330028864432,0.00125,0.0004
714,ADA,long,long_main_v9,35505,35506,35508,1591141800,1591142400,0.07235,0.07593781677603977,0.04878972738133749,target,99.82938822815356,0.00125,0.0004
723,IOST,long,long_main_v9,29456,29457,29463,1591141800,1591143600,0.00481,0.004761127481422999,-0.010960606772765313,stop,99.82802048981765,0.00125,0.0004
712,BTC,short,short_main_v6_timeout210,76964,76965,77154,1591087200,1591143900,10337.44,9266.878644869035,0.11472556110397783,target,99.84233652189839,0.00125,0.0004
738,THETA,short,short_main_v6_timeout210,2125,2126,2147,1591236600,1591242900,0.2786,0.2788295908833916,-0.0016234093184449342,stop,99.84213391567404,0.00125,0.0004
739,THETA,short,short_main_v6_timeout210,2511,2512,2534,1591352400,1591359000,0.3016,0.30180465922832783,-0.001478118186946297,stop,99.84194944258158,0.00125,0.0004
740,VET,short,short_main_v6_timeout210,33866,33867,33867,1591859700,1591859700,0.008853,0.009051759110906244,-0.022758064556398148,stop,99.83910918066802,0.00125,0.0004
741,VET,short,short_main_v6_timeout210,33867,33868,33871,1591860000,1591860900,0.008907,0.009127750067270084,-0.0249844995363798,stop,99.83599114294672,0.00125,0.0004
742,XLM,long,long_main_v9,41251,41252,41271,1591915200,1591920900,0.0731,0.0724383297740728,-0.009851576278073848,stop,99.83476171559418,0.00125,0.0004
743,VET,long,long_main_v9,34070,34071,34071,1591920900,1591920900,0.009352,0.009221088303258379,-0.014798256708898649,stop,99.83291499005375,0.00125,0.0004
744,THETA,long,long_main_v9,4425,4426,4426,1591926600,1591926600,0.2143,0.2112884359742647,-0.014853028584859018,stop,99.83106146362869,0.00125,0.0004
745,IOST,long,long_main_v9,32073,32074,32074,1591926900,1591926900,0.005242,0.0051779906204669005,-0.013010869807916747,stop,99.82943785244932,0.00125,0.0004
746,LTC,long,long_main_v9,44457,44458,44458,1591926900,1591926900,43.35,43.062517516946095,-0.007431660508740645,stop,99.82851047933569,0.00125,0.0004
747,NEO,long,long_main_v9,33217,33218,33218,1591926900,1591926900,10.78,10.680218903744889,-0.010056131378025057,stop,99.82725561856488,0.00125,0.0004
748,QTUM,long,long_main_v9,32361,32362,32362,1591926900,1591926900,1.722,1.706735618391023,-0.009664333106258449,stop,99.82604966375065,0.00125,0.0004
749,TRX,long,long_main_v9,42729,42730,42730,1591926900,1591926900,0.01571,0.015574706388364631,-0.009411942179208576,stop,99.82487521749138,0.00125,0.0004
751,ATOM,long,long_main_v9,36057,36058,36059,1591927200,1591927500,2.736,2.8254256516592546,0.03188481420294389,target,99.82885383949031,0.00125,0.0004
759,LINK,long,long_main_v9,42155,42156,42157,1591927200,1591927500,3.913,4.055416648955547,0.03559577024164264,target,99.83329569567125,0.00125,0.0004
760,ONT,long,long_main_v9,34954,34955,34956,1591927200,1591927500,0.526,0.5477477943676947,0.04054561666862102,target,99.8383554488438,0.00125,0.0004
761,XRP,long,long_main_v9,45319,45320,45321,1591927200,1591927500,0.1841,0.18944389522249683,0.028227133202046863,target,99.8418781370412,0.00125,0.0004
762,XTZ,long,long_main_v9,36395,36396,36397,1591927200,1591927500,2.518,2.6226605904040077,0.04076496838920098,target,99.84696570079892,0.00125,0.0004
754,BNB,long,long_main_v9,35243,35244,35246,1591927200,1591927800,15.916,16.366553488441426,0.02750821113605331,target,99.85039896506615,0.00125,0.0004
752,BAT,long,long_main_v9,34378,34379,34382,1591927200,1591928100,0.2192,0.22709639665476056,0.03522370736660831,target,99.85479534160814,0.00125,0.0004
758,IOTA,long,long_main_v9,34667,34668,34671,1591927200,1591928100,0.2157,0.22491739182649895,0.041932460948071036,target,99.86002928824082,0.00125,0.0004
750,ADA,long,long_main_v9,38123,38124,38128,1591927200,1591928400,0.074,0.07715882494829818,0.041886823625651014,target,99.86525781253339,0.00125,0.0004
753,BCH,long,long_main_v9,50496,50497,50501,1591927200,1591928400,231.3,238.1087746629348,0.0286369851402283,target,99.86883261241339,0.00125,0.0004
756,ETC,long,long_main_v9,42443,42444,42448,1591927200,1591928400,6.046,6.29493887177808,0.04037414352928872,target,99.87387276064088,0.00125,0.0004
757,ETH,long,long_main_v9,56846,56847,56851,1591927200,1591928400,225.79,232.56935402592515,0.029225041082090366,target,99.87752128318395,0.00125,0.0004
755,BTC,long,long_main_v9,79764,79765,79770,1591927200,1591928700,9091.28,9330.227936872612,0.02548320070139867,target,99.88070278183449,0.00125,0.0004
763,ZEC,long,long_main_v9,36683,36684,36689,1591927200,1591928700,49.46,51.01162069284999,0.03057122306611384,target,99.88451962589042,0.00125,0.0004
764,BAT,long,long_main_v9,34463,34464,34464,1591952700,1591952700,0.209,0.21612743801697373,0.0333025742438934,target,99.88867764042874,0.00125,0.0004
765,THETA,short,short_main_v6_timeout210,4635,4636,4644,1591989600,1591992000,0.2459,0.24615640276410602,-0.0018416254106204725,stop,99.88844769352002,0.00125,0.0004
766,ZIL,long,long_main_v9,329,330,351,1592602200,1592608500,0.01969,0.02006,0.017991264601320636,time,99.89069409288636,0.00125,0.0004
767,ZIL,long,long_main_v9,1810,1811,1813,1593046500,1593047100,0.0187,0.01934576685843919,0.03373298708230967,target,99.8949061072532,0.00125,0.0004
768,ALGO,long,long_main_v9,3254,3255,3255,1593306900,1593306900,0.2075,0.20629766255007223,-0.0065943973490494075,stop,99.89408267387319,0.00125,0.0004
769,ALGO,long,long_main_v9,3297,3298,3298,1593319800,1593319800,0.2001,0.19874640301817736,-0.007564602607809312,stop,99.89313810007532,0.00125,0.0004
770,ATOM,long,long_main_v9,40699,40700,40700,1593319800,1593319800,2.458,2.4402069356504175,-0.00803883822196203,stop,99.89213431910449,0.00125,0.0004
771,BCH,long,long_main_v9,55138,55139,55139,1593319800,1593319800,214.68,213.44668505162835,-0.006544899144641602,stop,99.89131708917391,0.00125,0.0004
772,ETC,long,long_main_v9,47085,47086,47086,1593319800,1593319800,5.512,5.473336202584936,-0.00781447703466318,stop,99.89034134116972,0.00125,0.0004
773,IOST,long,long_main_v9,36716,36717,36717,1593319800,1593319800,0.005437,0.005390493977142898,-0.009353618329428248,stop,99.8891734210101,0.00125,0.0004
774,IOTA,long,long_main_v9,39309,39310,39310,1593319800,1593319800,0.1994,0.1981060215561718,-0.007289360300041103,stop,99.88826326079118,0.00125,0.0004
775,KNC,long,long_main_v9,1571,1572,1572,1593319800,1593319800,1.04178,1.0338737767100998,-0.008389148658930012,stop,99.88721578892896,0.00125,0.0004
776,LTC,long,long_main_v9,49100,49101,49101,1593319800,1593319800,40.11,39.86644915085229,-0.006872073027866054,stop,99.88635774862713,0.00125,0.0004
777,NEO,long,long_main_v9,37860,37861,37861,1593319800,1593319800,9.498,9.440272143706332,-0.006877896009019424,stop,99.8854989886505,0.00125,0.0004
778,ONT,long,long_main_v9,39596,39597,39597,1593319800,1593319800,0.5741,0.570455573128329,-0.007148069799113621,stop,99.88460650300213,0.00125,0.0004
779,QTUM,long,long_main_v9,37004,37005,37005,1593319800,1593319800,1.554,1.5437575684604914,-0.007391011286685156,stop,99.88368369268458,0.00125,0.0004
780,THETA,long,long_main_v9,9069,9070,9070,1593319800,1593319800,0.2021,0.20021994855686967,-0.010102580124346039,stop,99.88242233903756,0.00125,0.0004
781,TRX,long,long_main_v9,47372,47373,47373,1593319800,1593319800,0.01516,0.015076247116258748,-0.006324596552852979,stop,99.88163269400754,0.00125,0.0004
782,VET,long,long_main_v9,38733,38734,38734,1593319800,1593319800,0.008378,0.008314033023107776,-0.008435113021272844,stop,99.88057955293188,0.00125,0.0004
783,XLM,long,long_main_v9,45933,45934,45934,1593319800,1593319800,0.05999,0.059449240054163036,-0.009814168125303646,stop,99.87935424693164,0.00125,0.0004
784,XRP,long,long_main_v9,49961,49962,49962,1593319800,1593319800,0.1723,0.1713578819015498,-0.006267893780906619,stop,99.87857170545249,0.00125,0.0004
785,XTZ,long,long_main_v9,41037,41038,41038,1593319800,1593319800,2.288,2.2724704653552745,-0.007587384023044241,stop,99.87762443410348,0.00125,0.0004
786,ZIL,long,long_main_v9,2721,2722,2722,1593319800,1593319800,0.01522,0.015063705034707074,-0.011069051596118573,stop,99.87624249588079,0.00125,0.0004
787,ZRX,long,long_main_v9,993,994,994,1593319800,1593319800,0.3235,0.3216042157449026,-0.006660229536622575,stop,99.87541099750544,0.00125,0.0004
788,COMP,long,long_main_v9,576,577,584,1593713100,1593715200,180.5,187.50820024488513,0.0380265941544883,target,99.88015839965546,0.00125,0.0004
789,KNC,long,long_main_v9,2974,2975,2986,1593740700,1593744000,1.38988,1.4627917835510595,0.05165904937912593,target,99.88660804219892,0.00125,0.0004
790,KNC,short,short_main_v6_timeout210,3080,3081,3089,1593772500,1593774900,1.60899,1.610777805041799,-0.001909901710964145,stop,99.88636957519441,0.00125,0.0004
791,COMP,short,short_main_v6_timeout210,784,785,785,1593775500,1593775500,186.06,189.77717347190537,-0.020387042023553213,stop,99.88382409067677,0.00125,0.0004
792,OMG,short,short_main_v6_timeout210,495,496,509,1593861600,1593865500,1.5394,1.5403819490937691,-0.0014374711767732632,stop,99.88364461552908,0.00125,0.0004
793,VET,short,short_main_v6_timeout210,40845,40846,40849,1593953400,1593954300,0.0134,0.013770256046324132,-0.027688101795534024,stop,99.8801876298793,0.00125,0.0004
794,VET,short,short_main_v6_timeout210,40850,40851,40856,1593954900,1593956400,0.013782,0.014182088621148045,-0.029010839167331135,stop,99.87656561980513,0.00125,0.0004
795,VET,short,short_main_v6_timeout210,40856,40857,40857,1593956700,1593956700,0.013975,0.014371452197476375,-0.028386091650918408,stop,99.8730217381233,0.00125,0.0004
796,VET,short,short_main_v6_timeout210,40858,40859,40859,1593957300,1593957300,0.014675,0.015199192507007691,-0.03528818131397491,stop,99.86861631649897,0.00125,0.0004
798,IOST,short,short_main_v6_timeout210,38851,38852,38872,1593960300,1593966300,0.006031,0.006035859329724977,-0.001605076702342311,stop,99.8684159455123,0.00125,0.0004
799,COMP,short,short_main_v6_timeout210,1409,1410,1435,1593963000,1593970500,198.2,198.49432032592588,-0.002282764471258502,stop,99.86813097542264,0.00125,0.0004
800,XMR,long,long_main_v9,44170,44171,44192,1594000500,1594006800,61.37,62.46,0.016961121068926135,time,99.87024831974814,0.00125,0.0004
797,VET,short,short_main_v6_timeout210,40861,40862,41072,1593958200,1594021200,0.015649,0.014425,0.08405268630849219,timeout,99.88074127306511,0.00125,0.0004
801,ZRX,short,short_main_v6_timeout210,3347,3348,3360,1594026000,1594029600,0.4155,0.41590704129669376,-0.0017786833505505132,stop,99.88051920280068,0.00125,0.0004
802,VET,long,long_main_v9,41165,41166,41187,1594049400,1594055700,0.014282,0.01444,0.010262876347850414,time,99.88180052957335,0.00125,0.0004
803,LINK,short,short_main_v6_timeout210,49394,49395,49398,1594098900,1594099800,5.136,5.204431717516165,-0.013948739618554229,stop,99.88005899803808,0.00125,0.0004
804,LINK,short,short_main_v6_timeout210,49399,49400,49438,1594100400,1594111800,5.399,5.405126192068337,-0.001933404078026312,stop,99.87981761239637,0.00125,0.0004
805,ZIL,short,short_main_v6_timeout210,5518,5519,5522,1594158900,1594159800,0.01993,0.020167679068333194,-0.012585147290765519,stop,99.87824635962633,0.00125,0.0004
806,ZRX,short,short_main_v6_timeout210,3939,3940,3960,1594203600,1594209600,0.4475,0.44800580536998713,-0.0019290152134734165,stop,99.87800552630543,0.00125,0.0004
807,ADA,short,short_main_v6_timeout210,45734,45735,45735,1594210500,1594210500,0.13215,0.13585543128513788,-0.028074811541106557,stop,99.87450045607761,0.00125,0.0004
809,QTUM,short,short_main_v6_timeout210,40127,40128,40130,1594256700,1594257300,2.047,2.087458999852715,-0.020181937492218836,stop,99.87198087992103,0.00125,0.0004
811,VET,long,long_main_v9,41974,41975,41978,1594292100,1594293000,0.0183,0.01802618124324693,-0.01576277359306408,stop,99.8700130556424,0.00125,0.0004
812,ADA,long,long_main_v9,46007,46008,46017,1594292400,1594295100,0.12091,0.11948023963088693,-0.012624996849831071,stop,99.86843698239213,0.00125,0.0004
813,ZIL,long,long_main_v9,5972,5973,5973,1594295100,1594295100,0.0197,0.019530558935734715,-0.009401069252044847,stop,99.86726339477691,0.00125,0.0004
808,VET,short,short_main_v6_timeout210,41815,41816,42026,1594244400,1594307400,0.021335,0.018742,0.13755236367516802,timeout,99.88443461744406,0.00125,0.0004
814,TRX,short,short_main_v6_timeout210,50664,50665,50668,1594307400,1594308300,0.01866,0.01887352473524827,-0.01211345301121689,stop,99.88292218568745,0.00125,0.0004
810,QTUM,short,short_main_v6_timeout210,40130,40131,40341,1594257600,1594320600,2.08,1.99,0.044426130653266414,timeout,99.88846895037625,0.00125,0.0004
815,XLM,long,long_main_v9,49333,49334,49336,1594339800,1594340400,0.08765,0.08608394231801807,-0.018667172640980476,stop,99.88613815625783,0.00125,0.0004
816,ADA,long,long_main_v9,46355,46356,46377,1594396800,1594403100,0.11474,0.11688,0.017850862820289273,time,99.88836697344517,0.00125,0.0004
817,VET,long,long_main_v9,42324,42325,42346,1594397100,1594403400,0.016904,0.017321,0.023868717463322444,time,99.89134723245662,0.00125,0.0004
818,VET,long,long_main_v9,42377,42378,42378,1594413000,1594413000,0.015544,0.015198270573725263,-0.023041985735636736,stop,99.88847011370908,0.00125,0.0004
819,ALGO,short,short_main_v6_timeout210,7104,7105,7114,1594461900,1594464600,0.2713,0.2715908574492965,-0.0018709397658970054,stop,99.88823650707046,0.00125,0.0004
820,XLM,long,long_main_v9,49840,49841,49862,1594491900,1594498200,0.09186,0.09679,0.052868626170259024,time,99.89483769936383,0.00125,0.0004
821,ALGO,long,long_main_v9,7291,7292,7313,1594518000,1594524300,0.2769,0.2774,0.0010057060310581186,time,99.89496328041476,0.00125,0.0004
822,XTZ,long,long_main_v9,45282,45283,45283,1594593300,1594593300,2.618,2.5903370378361554,-0.0113664484965029,stop,99.89354396672078,0.00125,0.0004
823,THETA,long,long_main_v9,13316,13317,13338,1594593900,1594600200,0.2665,0.2693,0.00970656660412752,time,99.89475599589308,0.00125,0.0004
824,XLM,long,long_main_v9,50180,50181,50202,1594593900,1594600200,0.0896,0.09149,0.020293750000000135,time,99.89729004489868,0.00125,0.0004
826,XTZ,short,short_main_v6_timeout210,45394,45395,45403,1594626900,1594629300,2.825,2.827081359335577,-0.0015362219444813078,stop,99.89709821438723,0.00125,0.0004
827,LINK,short,short_main_v6_timeout210,51178,51179,51180,1594634100,1594634400,7.862,8.098051496081194,-0.029949172019395485,stop,99.89335842016389,0.00125,0.0004
825,ZEC,short,short_main_v6_timeout210,45601,45602,45712,1594602600,1594635600,60.44,60.485803982484455,-0.0015572683087376796,stop,99.89316396921224,0.00125,0.0004
829,VET,short,short_main_v6_timeout210,43128,43129,43129,1594638300,1594638300,0.019456,0.019775989600314552,-0.016980712408417784,stop,99.89104364785108,0.00125,0.0004
831,LINK,long,long_main_v9,51347,51348,51355,1594684800,1594686900,7.482,7.3994538578033175,-0.011832630606346295,stop,99.88956618057561,0.00125,0.0004
830,VET,short,short_main_v6_timeout210,43129,43130,43296,1594638600,1594688400,0.019563,0.01958038440108603,-0.0016878477934818329,stop,99.88935543259578,0.00125,0.0004
828,LINK,short,short_main_v6_timeout210,51181,51182,51392,1594635000,1594698000,8.252,7.284,0.1320940142778694,timeout,99.9058489150242,0.00125,0.0004
832,BAT,long,long_main_v9,43624,43625,43625,1594701000,1594701000,0.2604,0.2580918797742368,-0.00966374894686337,stop,99.9046420837214,0.00125,0.0004
833,THETA,long,long_main_v9,13673,13674,13674,1594701000,1594701000,0.253,0.2505593365698458,-0.010446891028277427,stop,99.90333746758506,0.00125,0.0004
835,ALGO,long,long_main_v9,7902,7903,7903,1594701300,1594701300,0.2626,0.25977748414916,-0.011548346728255865,stop,99.90189531960958,0.00125,0.0004
836,ATOM,long,long_main_v9,45304,45305,45305,1594701300,1594701300,3.794,3.7576276134330704,-0.010386817756175426,stop,99.90059824113435,0.00125,0.0004
837,COMP,long,long_main_v9,3870,3871,3871,1594701300,1594701300,157.32,163.12034340828612,0.036069714011480646,target,99.90510247364452,0.00125,0.0004
839,TRX,long,long_main_v9,51977,51978,51978,1594701300,1594701300,0.01724,0.017111441963891055,-0.008256962651330779,stop,99.90407133276977,0.00125,0.0004
842,ZIL,long,long_main_v9,7326,7327,7328,1594701300,1594701600,0.01955,0.020033986192893056,0.023956327002202207,target,99.9070630010219,0.00125,0.0004
841,XLM,long,long_main_v9,50538,50539,50545,1594701300,1594703100,0.08735,0.09065540152000398,0.03704088746426994,target,99.91168880886877,0.00125,0.0004
838,DOGE,long,long_main_v9,990,991,1000,1594701300,1594704000,0.002979,0.003124509361199014,0.04804503564921583,target,99.91768913468204,0.00125,0.0004
834,ADA,long,long_main_v9,47370,47371,47392,1594701300,1594707600,0.12762,0.12763,-0.0007216423758032768,time,99.91759900363382,0.00125,0.0004
840,VET,long,long_main_v9,43338,43339,43360,1594701300,1594707600,0.018085,0.018501,0.0222024882499309,time,99.92037202778111,0.00125,0.0004
843,KNC,long,long_main_v9,6177,6178,6199,1594701600,1594707900,1.49907,1.53196,0.021140269633839772,time,99.92301245728935,0.00125,0.0004
844,ZRX,long,long_main_v9,5703,5704,5725,1594732800,1594739100,0.3811,0.389,0.019929467331409125,time,99.92550172280487,0.00125,0.0004
845,ONT,short,short_main_v6_timeout210,44411,44412,44420,1594764300,1594766700,0.7395,0.7404912144131791,-0.0021385903760716466,stop,99.92523459815948,0.00125,0.0004
846,ZIL,long,long_main_v9,8038,8039,8040,1594914900,1594915200,0.01823,0.01810742809433903,-0.0075236371728451875,stop,99.92429484664757,0.00125,0.0004
847,ALGO,long,long_main_v9,8618,8619,8619,1594916100,1594916100,0.2809,0.2770039026739492,-0.014670051000536843,stop,99.92246247852057,0.00125,0.0004
848,ATOM,long,long_main_v9,46020,46021,46021,1594916100,1594916100,3.894,3.85110413012596,-0.011815888514134598,stop,99.9209866376747,0.00125,0.0004
849,ONT,long,long_main_v9,44917,44918,44918,1594916100,1594916100,0.6785,0.6708332533527539,-0.012099552906773869,stop,99.9194753885943,0.00125,0.0004
850,XLM,long,long_main_v9,51254,51255,51255,1594916100,1594916100,0.08916,0.08812951383724511,-0.012357718290207353,stop,99.9179319176836,0.00125,0.0004
851,XTZ,long,long_main_v9,46358,46359,46359,1594916100,1594916100,3.012,2.9731849137083004,-0.013686814837881678,stop,99.91622246989218,0.00125,0.0004
852,ALGO,short,short_main_v6_timeout210,8749,8750,8756,1594955400,1594957200,0.329,0.3407486153138711,-0.03527883508799921,stop,99.91181630997326,0.00125,0.0004
853,ALGO,short,short_main_v6_timeout210,8759,8760,8768,1594958400,1594960800,0.345,0.34564982808897954,-0.002680018551064566,stop,99.91148160307178,0.00125,0.0004
854,XLM,short,short_main_v6_timeout210,51448,51449,51456,1594974300,1594976400,0.10151,0.10367921388479742,-0.021722360457012455,stop,99.90876871155031,0.00125,0.0004
856,LINK,long,long_main_v9,52615,52616,52616,1595065200,1595065200,7.838,7.762793350018966,-0.010395132684490193,stop,99.90747050541643,0.00125,0.0004
857,DOGE,short,short_main_v6_timeout210,2211,2212,2212,1595067600,1595067600,0.003295,0.0033674904475567797,-0.02232654883085825,stop,99.90468226914291,0.00125,0.0004
855,KNC,short,short_main_v6_timeout210,7388,7389,7399,1595064900,1595067900,1.71639,1.7175979362914942,-0.0015032706933161047,stop,99.90449453941667,0.00125,0.0004
858,DOGE,short,short_main_v6_timeout210,2220,2221,2222,1595070300,1595070600,0.003507,0.0036190842569213105,-0.03177033640677338,stop,99.9005270401666,0.00125,0.0004
859,DOGE,short,short_main_v6_timeout210,2222,2223,2389,1595070900,1595120700,0.0036,0.003606221929061148,-0.0025253317137827517,stop,99.90021168770515,0.00125,0.0004
861,ATOM,long,long_main_v9,46986,46987,47008,1595205900,1595212200,4.025,4.163,0.03348571428571425,time,99.90439322513721,0.00125,0.0004
860,DOGE,short,short_main_v6_timeout210,2502,2503,2713,1595154900,1595217900,0.00373,0.003411,0.09272096159484025,timeout,99.91597226439644,0.00125,0.0004
862,COMP,long,long_main_v9,5885,5886,5887,1595305800,1595306100,159.01,156.9833917943624,-0.0135451619749549,stop,99.91428054186119,0.00125,0.0004
863,KNC,long,long_main_v9,8192,8193,8200,1595306100,1595308200,1.61675,1.6654514187170304,0.02932303616330936,target,99.91794277943814,0.00125,0.0004
864,ALGO,long,long_main_v9,9920,9921,9942,1595306700,1595313000,0.3449,0.3521,0.020075616120614728,time,99.92045017226664,0.00125,0.0004
865,ATOM,long,long_main_v9,47394,47395,47400,1595328300,1595329800,3.805,3.9162203432003815,0.02843005077539598,target,99.92400110160652,0.00125,0.0004
866,NEO,short,short_main_v6_timeout210,44729,44730,44940,1595380500,1595443500,11.364,11.236,0.010591954432182327,timeout,99.92532408968945,0.00125,0.0004
868,ETH,short,short_main_v6_timeout210,68721,68722,68746,1595489700,1595496900,266.0,266.2012129329167,-0.0015558678290747744,stop,99.92512975144312,0.00125,0.0004
867,OMG,short,short_main_v6_timeout210,5762,5763,5973,1595441700,1595504700,1.7422,1.7252,0.009053929979132702,timeout,99.92626064535303,0.00125,0.0004
869,SXP,short,short_main_v6_timeout210,914,915,1011,1595628900,1595657700,1.9364,1.93942432084477,-0.0023593910070451632,stop,99.92596593895212,0.00125,0.0004
870,SXP,long,long_main_v9,1314,1315,1315,1595748900,1595748900,2.031,1.9971013605264922,-0.017490615201136348,stop,99.92378123067857,0.00125,0.0004
871,SXP,long,long_main_v9,1346,1347,1368,1595758500,1595764800,1.9113,1.9151,0.0011881755872965812,time,99.92392963942538,0.00125,0.0004
872,SXP,long,long_main_v9,1452,1453,1453,1595790300,1595790300,1.8617,1.8381230798083497,-0.013464188747730676,stop,99.92224789611403,0.00125,0.0004
873,LINK,long,long_main_v9,55034,55035,55035,1595790900,1595790900,7.325,7.22905680391857,-0.013898047246611677,stop,99.92051199096122,0.00125,0.0004
874,QTUM,long,long_main_v9,45241,45242,45263,1595790900,1595797200,2.328,2.375,0.01938900343642627,time,99.92293368989917,0.00125,0.0004
875,SXP,long,long_main_v9,1640,1641,1644,1595846700,1595847600,1.7163,1.678111188363411,-0.023050662259854835,stop,99.92005457765354,0.00125,0.0004
879,KNC,long,long_main_v9,10017,10018,10019,1595853600,1595853900,1.38254,1.4273518097001532,0.031612667771025026,target,99.92400300201483,0.00125,0.0004
877,ALGO,long,long_main_v9,11743,11744,11746,1595853600,1595854200,0.2963,0.2930668108176721,-0.011711877091893008,stop,99.92254012996271,0.00125,0.0004
878,COMP,long,long_main_v9,7711,7712,7714,1595853600,1595854200,144.67,142.9162897072696,-0.012922142066291364,stop,99.92092611338873,0.00125,0.0004
876,ZRX,long,long_main_v9,9438,9439,9444,1595853300,1595854800,0.3572,0.3676731186780944,0.028520041092089523,target,99.92448829953713,0.00125,0.0004
880,SXP,long,long_main_v9,1755,1756,1770,1595881200,1595885400,1.5821,1.6477021864824137,0.04066525913811616,target,99.92956761855082,0.00125,0.0004
881,KNC,long,long_main_v9,10142,10143,10145,1595891100,1595891700,1.33003,1.3192316986771646,-0.008918840419265361,stop,99.92845354871737,0.00125,0.0004
882,XTZ,long,long_main_v9,49608,49609,49612,1595891100,1595892000,2.745,2.714538352133704,-0.011897139477703522,stop,99.9269674702803,0.00125,0.0004
883,COMP,long,long_main_v9,7838,7839,7840,1595891700,1595892000,134.8,133.65576579720997,-0.009288384293694696,stop,99.92580727018634,0.00125,0.0004
884,IOST,long,long_main_v9,45291,45292,45297,1595892300,1595893800,0.005392,0.005338678655603979,-0.010688973367214727,stop,99.92447213982058,0.00125,0.0004
886,BAT,long,long_main_v9,47601,47602,47602,1595894100,1595894100,0.2317,0.22927171428971943,-0.011280300864395998,stop,99.92306316718376,0.00125,0.0004
889,ATOM,long,long_main_v9,49282,49283,49283,1595894700,1595894700,3.505,3.4646006167083288,-0.01232621491916439,stop,99.92152357574378,0.00125,0.0004
892,ZRX,long,long_main_v9,9576,9577,9581,1595894700,1595895900,0.3396,0.3521649853857997,0.03619936803827941,target,99.92604494575235,0.00125,0.0004
888,XLM,long,long_main_v9,54514,54515,54522,1595894100,1595896200,0.08822,0.09208804783645293,0.04304547536219596,target,99.93142165088453,0.00125,0.0004
887,LINK,long,long_main_v9,55378,55379,55390,1595894100,1595897400,6.487,6.817798487746062,0.05019406316418409,target,99.93769160599757,0.00125,0.0004
890,SXP,long,long_main_v9,1800,1801,1811,1595894700,1595897700,1.3085,1.4674446950564692,0.12067091712378245,target,99.95276607212422,0.00125,0.0004
885,ADA,long,long_main_v9,51346,51347,51361,1595894100,1595898300,0.13029,0.13650955624874672,0.046936251813237594,target,99.95863033237146,0.00125,0.0004
891,VET,long,long_main_v9,47316,47317,47329,1595894700,1595898300,0.015085,0.01585497315222818,0.05024230376056873,target,99.96490802220727,0.00125,0.0004
893,LTC,short,short_main_v6_timeout210,57721,57722,57746,1595906100,1595913300,52.85,52.90425902540303,-0.0018256078887140862,stop,99.96467990130142,0.00125,0.0004
894,VET,long,long_main_v9,47390,47391,47397,1595916900,1595918700,0.01554,0.01535925564365217,-0.012430910961893837,stop,99.96312658625743,0.00125,0.0004
895,SXP,long,long_main_v9,1882,1883,1904,1595919300,1595925600,1.444,1.4993,0.037496398891966896,time,99.96781190784364,0.00125,0.0004
897,TRX,long,long_main_v9,56054,56055,56063,1595924400,1595926800,0.01827,0.018871998241819895,0.03215009533770621,target,99.97182937619807,0.00125,0.0004
896,LTC,long,long_main_v9,57782,57783,57804,1595924400,1595930700,52.45,53.95,0.027798665395614954,time,99.97530323049034,0.00125,0.0004
898,SXP,short,short_main_v6_timeout210,1933,1934,1942,1595934600,1595937000,1.5938,1.5967253094674916,-0.002632068077174176,stop,99.97497430323517,0.00125,0.0004
899,COMP,long,long_main_v9,8078,8079,8084,1595963700,1595965200,129.25,133.07252267975306,0.028774643557083614,target,99.97857023354793,0.00125,0.0004
900,ALGO,short,short_main_v6_timeout210,12577,12578,12589,1596103800,1596107100,0.3237,0.3239399839610704,-0.0015408284650012308,stop,99.9783776712643,0.00125,0.0004
901,THETA,short,short_main_v6_timeout210,18782,18783,18791,1596233700,1596236100,0.2674,0.2675653422148391,-0.0014179507908998793,stop,99.97820046573968,0.00125,0.0004
902,SXP,short,short_main_v6_timeout210,2974,2975,2977,1596246900,1596247500,1.6934,1.74190514493164,-0.028646031153173743,stop,99.9746204924332,0.00125,0.0004
903,SXP,short,short_main_v6_timeout210,2977,2978,2980,1596247800,1596248400,1.738,1.7921288575673517,-0.03100366383744677,stop,99.97074601802566,0.00125,0.0004
904,SXP,short,short_main_v6_timeout210,2983,2984,2993,1596249600,1596252300,1.8136,1.8168606300031955,-0.0025946505908874587,stop,99.97042178158162,0.00125,0.0004
906,DOGE,short,short_main_v6_timeout210,6336,6337,6339,1596305100,1596305700,0.003676,0.003756303431357937,-0.022178313234111322,stop,99.9676503124211,0.00125,0.0004
907,SXP,long,long_main_v9,3181,3182,3182,1596309000,1596309000,1.77,1.7282521788250564,-0.024386339646860742,stop,99.96460300607833,0.00125,0.0004
905,ATOM,short,short_main_v6_timeout210,50578,50579,50734,1596283500,1596330000,4.094,4.097503665652055,-0.0016550732196835886,stop,99.96439619515664,0.00125,0.0004
908,LINK,short,short_main_v6_timeout210,56893,56894,56900,1596348600,1596350400,8.248,8.378021930113318,-0.016319406752323993,stop,99.96235699560381,0.00125,0.0004
909,ZEC,long,long_main_v9,51455,51456,51462,1596358800,1596360600,89.95,88.65488083157432,-0.015198211989168242,stop,99.96045793423812,0.00125,0.0004
910,ADA,long,long_main_v9,52951,52952,52952,1596375600,1596375600,0.1383,0.13650150380577536,-0.013804310876533976,stop,99.95873307769227,0.00125,0.0004
911,ALGO,long,long_main_v9,13483,13484,13484,1596375600,1596375600,0.3092,0.3055757259159669,-0.012521455640469225,stop,99.95716854163965,0.00125,0.0004
912,ATOM,long,long_main_v9,50885,50886,50886,1596375600,1596375600,3.863,3.8121925407277364,-0.013952332195771055,stop,99.9554252471136,0.00125,0.0004
913,BAND,long,long_main_v9,1123,1124,1124,1596375600,1596375600,3.6836,3.639525939768651,-0.012764941967463783,stop,99.95383034061034,0.00125,0.0004
914,BAT,long,long_main_v9,49206,49207,49207,1596375600,1596375600,0.2429,0.24038627581544514,-0.011148802735919538,stop,99.95243738368887,0.00125,0.0004
915,BCH,long,long_main_v9,65324,65325,65325,1596375600,1596375600,287.91,281.444631820649,-0.02325621263363895,stop,99.94953173976756,0.00125,0.0004
916,BNB,long,long_main_v9,50071,50072,50072,1596375600,1596375600,20.321,20.053905218164214,-0.013943781400314359,stop,99.94778964674052,0.00125,0.0004
917,BTC,long,long_main_v9,94592,94593,94593,1596375600,1596375600,11347.59,11225.067775358297,-0.01159720228186809,stop,99.94634075332281,0.00125,0.0004
918,COMP,long,long_main_v9,9451,9452,9452,1596375600,1596375600,125.79,124.09597637178595,-0.014267077098450187,stop,99.94455832563627,0.00125,0.0004
919,DASH,long,long_main_v9,51798,51799,51799,1596375600,1596375600,86.57,85.33935458480889,-0.015015610664099599,stop,99.9426824149165,0.00125,0.0004
920,DOGE,long,long_main_v9,6571,6572,6572,1596375600,1596375600,0.003349,0.0032919773142207473,-0.017826779868394402,stop,99.94045534466792,0.00125,0.0004
921,ETC,long,long_main_v9,57271,57272,57272,1596375600,1596375600,7.416,7.2815546274929694,-0.018929095537625538,stop,99.93809061663381,0.00125,0.0004
922,ETH,long,long_main_v9,71674,71675,71675,1596375600,1596375600,381.42,374.5350214565474,-0.01885091118308588,stop,99.93573571154629,0.00125,0.0004
923,IOST,long,long_main_v9,46902,46903,46903,1596375600,1596375600,0.005512,0.005443739423063078,-0.013183994364463469,stop,99.93408877132575,0.00125,0.0004
924,IOTA,long,long_main_v9,49495,49496,49496,1596375600,1596375600,0.2958,0.2922951552977154,-0.012648697438419986,stop,99.93250872625993,0.00125,0.0004
925,KAVA,long,long_main_v9,1410,1411,1411,1596375600,1596375600,2.2495,2.226266015391769,-0.01112851060601503,stop,99.93111860128087,0.00125,0.0004
926,KNC,long,long_main_v9,11757,11758,11758,1596375600,1596375600,1.38671,1.363923783312868,-0.017231854307773273,stop,99.92896610318519,0.00125,0.0004
927,LINK,long,long_main_v9,56983,56984,56984,1596375600,1596375600,7.463,7.3225273632701064,-0.019622542775009164,stop,99.9265150276704,0.00125,0.0004
928,LTC,long,long_main_v9,59286,59287,59287,1596375600,1596375600,57.46,56.28860538906253,-0.021186261937651694,stop,99.92386869101804,0.00125,0.0004
929,NEO,long,long_main_v9,48046,48047,48047,1596375600,1596375600,12.562,12.37885226947615,-0.015379504101564167,stop,99.92194771658258,0.00125,0.0004
930,OMG,long,long_main_v9,8875,8876,8876,1596375600,1596375600,1.6156,1.6010052737852183,-0.009833626030441666,stop,99.92071947274998,0.00125,0.0004
931,ONT,long,long_main_v9,49782,49783,49783,1596375600,1596375600,0.7095,0.6997814500473499,-0.014497744824031189,stop,99.91890869138304,0.00125,0.0004
932,QTUM,long,long_main_v9,47190,47191,47191,1596375600,1596375600,2.47,2.4367875039708586,-0.014246354667668637,stop,99.91712934111901,0.00125,0.0004
933,RLC,long,long_main_v9,547,548,548,1596375600,1596375600,1.0102,0.988737653518377,-0.02204564094399428,stop,99.914375919672,0.00125,0.0004
934,SXP,long,long_main_v9,3403,3404,3404,1596375600,1596375600,1.5029,1.4721064578128114,-0.02128941525529879,stop,99.91171702137333,0.00125,0.0004
935,THETA,long,long_main_v9,19255,19256,19256,1596375600,1596375600,0.2777,0.27254532189506175,-0.0193620385485713,stop,99.9092989032278,0.00125,0.0004
936,TRX,long,long_main_v9,57558,57559,57559,1596375600,1596375600,0.01952,0.019252999975380117,-0.014478279949789096,stop,99.90749075972893,0.00125,0.0004
937,VET,long,long_main_v9,48919,48920,48920,1596375600,1596375600,0.016463,0.0162816897100385,-0.011813198685628334,stop,99.90601547593077,0.00125,0.0004
938,XLM,long,long_main_v9,56119,56120,56120,1596375600,1596375600,0.10189,0.09973070130496761,-0.02199244965190281,stop,99.90326900341168,0.00125,0.0004
939,XMR,long,long_main_v9,52087,52088,52088,1596375600,1596375600,84.61,83.80620867023163,-0.01029995662177483,stop,99.9019827542403,0.00125,0.0004
940,XRP,long,long_main_v9,60147,60148,60148,1596375600,1596375600,0.2881,0.28041006296291576,-0.027491902246040454,stop,99.89854963481022,0.00125,0.0004
941,XTZ,long,long_main_v9,51223,51224,51224,1596375600,1596375600,2.818,2.766324755912493,-0.019137560002663954,stop,99.89615986670046,0.00125,0.0004
942,ZEC,long,long_main_v9,51511,51512,51512,1596375600,1596375600,82.46,81.01401544898123,-0.01833558756995832,stop,99.89387029821654,0.00125,0.0004
943,ZIL,long,long_main_v9,12907,12908,12908,1596375600,1596375600,0.01701,0.016823792045980786,-0.011746969666032591,stop,99.89240348538627,0.00125,0.0004
944,ZRX,long,long_main_v9,11179,11180,11180,1596375600,1596375600,0.3783,0.37367995723192377,-0.013012642791636919,stop,99.89077865518108,0.00125,0.0004
945,LINK,short,short_main_v6_timeout210,57031,57032,57046,1596390000,1596394200,8.706,8.717453799241978,-0.0021138927381496356,stop,99.89051470719157,0.00125,0.0004
946,COMP,long,long_main_v9,9532,9533,9535,1596399900,1596400500,126.29,125.01818922273081,-0.010870558058984825,stop,99.88915737514199,0.00125,0.0004
947,LINK,long,long_main_v9,57069,57070,57091,1596401400,1596407700,8.07,8.295,0.027081040892193233,time,99.89253875308646,0.00125,0.0004
948,RLC,long,long_main_v9,633,634,655,1596401400,1596407700,1.0341,1.0666,0.03062829513586687,time,99.89636317578496,0.00125,0.0004
949,XRP,long,long_main_v9,60810,60811,60829,1596574500,1596579900,0.2954,0.29247419132675334,-0.010704565583096381,stop,99.89502649182104,0.00125,0.0004
950,SXP,long,long_main_v9,4196,4197,4200,1596613500,1596614400,1.8532,1.8167502559594348,-0.020468543082541066,stop,99.8924706097542,0.00125,0.0004
951,BAND,short,short_main_v6_timeout210,2190,2191,2201,1596695700,1596698700,7.521,7.554520473135376,-0.005237141080572693,stop,99.89181667105237,0.00125,0.0004
953,KAVA,short,short_main_v6_timeout210,2501,2502,2507,1596702900,1596704400,2.9609,3.025101524981528,-0.022022932338417876,stop,99.88906678265273,0.00125,0.0004
952,BAND,short,short_main_v6_timeout210,2203,2204,2221,1596699600,1596704700,7.3944,7.423756203065321,-0.0047543597960827185,stop,99.88847314694875,0.00125,0.0004
954,KAVA,short,short_main_v6_timeout210,2510,2511,2514,1596705600,1596706500,3.158,3.245422633257089,-0.027737210692140944,stop,99.88500986241701,0.00125,0.0004
955,BAND,short,short_main_v6_timeout210,2227,2228,2236,1596706800,1596709200,7.8232,7.842758087517967,-0.0032937767172870106,stop,99.88459861376714,0.00125,0.0004
956,KAVA,short,short_main_v6_timeout210,2640,2641,2729,1596744600,1596771000,3.4899,3.4937856903290894,-0.0019121719170826826,stop,99.88435986811162,0.00125,0.0004
957,ALGO,long,long_main_v9,15041,15042,15063,1596843000,1596849300,0.3562,0.3666,0.02839708029197077,time,99.88790539834548,0.00125,0.0004
962,KAVA,long,long_main_v9,3005,3006,3017,1596854100,1596857400,3.3156,3.254581214726472,-0.019203542427774088,stop,99.88550764630881,0.00125,0.0004
972,ZEC,long,long_main_v9,53106,53107,53118,1596854100,1596857400,90.37,89.17902291854473,-0.013978898765688563,stop,99.88376228455937,0.00125,0.0004
966,RLC,long,long_main_v9,2142,2143,2155,1596854100,1596857700,1.2315,1.2162729295823898,-0.013164653201469955,stop,99.88211861569569,0.00125,0.0004
963,KNC,long,long_main_v9,13352,13353,13371,1596854100,1596859500,1.45483,1.5173468647356838,0.042171938120387685,target,99.88738389385269,0.00125,0.0004
958,BAND,long,long_main_v9,2718,2719,2740,1596854100,1596860400,7.6306,7.949,0.04092673184284314,time,99.89249397407157,0.00125,0.0004
959,BCH,long,long_main_v9,66919,66920,66941,1596854100,1596860400,287.63,298.44,0.03678300594513786,time,99.89708690682122,0.00125,0.0004
960,ETC,long,long_main_v9,58866,58867,58888,1596854100,1596860400,6.696,6.853,0.022646833930705015,time,99.89991484774288,0.00125,0.0004
961,IOST,long,long_main_v9,48497,48498,48519,1596854100,1596860400,0.00568,0.005783,0.017333802816901358,time,99.90207940452463,0.00125,0.0004
964,LTC,long,long_main_v9,60881,60882,60903,1596854100,1596860400,55.76,57.04,0.022155523672883783,time,99.90484613313116,0.00125,0.0004
965,QTUM,long,long_main_v9,48785,48786,48807,1596854100,1596860400,2.561,2.614,0.019895040999609395,time,99.9073306468935,0.00125,0.0004
967,SXP,long,long_main_v9,4998,4999,5020,1596854100,1596860400,1.7843,1.8467,0.034171697584486925,time,99.91159815075517,0.00125,0.0004
968,TRX,long,long_main_v9,59153,59154,59175,1596854100,1596860400,0.01919,0.01968,0.024734132360604424,time,99.91468718412143,0.00125,0.0004
969,VET,long,long_main_v9,50514,50515,50536,1596854100,1596860400,0.018106,0.018664,0.030018513200044252,time,99.91843629706656,0.00125,0.0004
970,XRP,long,long_main_v9,61742,61743,61764,1596854100,1596860400,0.2838,0.2918,0.027388865398167674,time,99.92185711281974,0.00125,0.0004
971,XTZ,long,long_main_v9,52818,52819,52840,1596854100,1596860400,2.971,3.06,0.029156243688993524,time,99.92549879533955,0.00125,0.0004
973,ZIL,long,long_main_v9,14502,14503,14524,1596854100,1596860400,0.0208,0.02187,0.05064230769230784,time,99.93182436765991,0.00125,0.0004
974,BAND,short,short_main_v6_timeout210,2868,2869,2888,1596899100,1596904800,9.6264,9.64056009867321,-0.0022688045640791624,stop,99.9315409604359,0.00125,0.0004
975,BAND,short,short_main_v6_timeout210,2985,2986,2995,1596934200,1596936900,11.2325,11.252253723995713,-0.002555534889298471,stop,99.93122173726157,0.00125,0.0004
976,RLC,short,short_main_v6_timeout210,2425,2426,2453,1596939000,1596947100,1.5496,1.551579087550236,-0.002075531209537384,stop,99.93096247429966,0.00125,0.0004
977,LINK,short,short_main_v6_timeout210,58882,58883,58891,1596945300,1596947700,12.909,12.93989303053543,-0.003187425495908535,stop,99.93056432117764,0.00125,0.0004
978,BAND,short,short_main_v6_timeout210,3024,3025,3033,1596945900,1596948300,12.0926,12.115829859500629,-0.0027173147667151946,stop,99.93022489268004,0.00125,0.0004
980,BAND,long,long_main_v9,3060,3061,3061,1596956700,1596956700,11.4222,11.183304791794278,-0.021714990825385836,stop,99.92751241278414,0.00125,0.0004
981,KAVA,long,long_main_v9,3347,3348,3348,1596956700,1596956700,4.1734,4.117927241420927,-0.014091982215717036,stop,99.92575219187441,0.00125,0.0004
979,LINK,short,short_main_v6_timeout210,58892,58893,59062,1596948300,1596999000,13.5,13.532628317070886,-0.0032110849944594114,stop,99.92535110427013,0.00125,0.0004
982,ALGO,long,long_main_v9,15549,15550,15571,1596995400,1597001700,0.4306,0.4426,0.027068091035764043,time,99.92873208989573,0.00125,0.0004
983,BAND,short,short_main_v6_timeout210,3208,3209,3213,1597001100,1597002300,12.8,13.289046434752347,-0.03760071682746433,stop,99.92403534994793,0.00125,0.0004
984,BAND,short,short_main_v6_timeout210,3215,3216,3224,1597003200,1597005600,13.5972,13.627819781913264,-0.003046858441282029,stop,99.92365478195968,0.00125,0.0004
989,SXP,long,long_main_v9,5533,5534,5539,1597014600,1597016100,2.2805,2.241209181412732,-0.01802903687229471,stop,99.92140287288909,0.00125,0.0004
986,ALGO,long,long_main_v9,15613,15614,15624,1597014600,1597017600,0.4236,0.4180501711599909,-0.013901578942419923,stop,99.9196665413015,0.00125,0.0004
987,COMP,long,long_main_v9,11581,11582,11603,1597014600,1597020900,151.28,156.52,0.033837757800105804,time,99.92389286314638,0.00125,0.0004
988,LINK,long,long_main_v9,59113,59114,59135,1597014600,1597020900,12.521,13.058,0.04208794824694508,time,99.9291498526857,0.00125,0.0004
990,BAND,long,long_main_v9,3263,3264,3278,1597017600,1597021800,12.7787,14.032783074666229,0.09733854888730678,target,99.94130855073345,0.00125,0.0004
992,LINK,short,short_main_v6_timeout210,59138,59139,59140,1597022100,1597022400,13.676,14.083383606199293,-0.02972654333579103,stop,99.93759491368387,0.00125,0.0004
991,KAVA,long,long_main_v9,3550,3551,3572,1597017600,1597023900,3.9899,4.2419,0.06235947768114505,time,99.94538498395828,0.00125,0.0004
993,LINK,short,short_main_v6_timeout210,59140,59141,59149,1597022700,1597025100,13.919,13.943171555981552,-0.0025335766030348587,stop,99.94506845984706,0.00125,0.0004
994,KAVA,short,short_main_v6_timeout210,3653,3654,3659,1597048500,1597050000,4.6372,4.753124931064704,-0.025189203470554842,stop,99.94192153901542,0.00125,0.0004
985,RLC,short,short_main_v6_timeout210,2669,2670,2803,1597012200,1597052100,1.777,1.779789656217509,-0.0023674078157290604,stop,99.94162578490771,0.00125,0.0004
995,KAVA,short,short_main_v6_timeout210,3660,3661,3669,1597050600,1597053000,4.8973,4.904667657027993,-0.0023021725309838362,stop,99.94133818132573,0.00125,0.0004
997,BAND,short,short_main_v6_timeout210,3385,3386,3394,1597054200,1597056600,17.1554,17.192743382338193,-0.002972043257305578,stop,99.9409668938504,0.00125,0.0004
999,ALGO,long,long_main_v9,15756,15757,15758,1597057500,1597057800,0.4188,0.4125457864752028,-0.015733652160451837,stop,99.9390013483383,0.00125,0.0004
1001,COMP,long,long_main_v9,11724,11725,11727,1597057500,1597058100,168.73,165.13679827246835,-0.022095571193810424,stop,99.93624108668914,0.00125,0.0004
1002,KAVA,long,long_main_v9,3683,3684,3686,1597057500,1597058100,4.2923,4.1292649139917,-0.03878315262407093,stop,99.93139628357571,0.00125,0.0004
1000,BAND,long,long_main_v9,3396,3397,3402,1597057500,1597059000,14.9244,14.177686252401791,-0.05083308324610767,stop,99.92504650734298,0.00125,0.0004
1003,KNC,long,long_main_v9,14030,14031,14052,1597057500,1597063800,1.59139,1.68419,0.05751380114239759,time,99.93223034391045,0.00125,0.0004
1004,LINK,long,long_main_v9,59256,59257,59278,1597057500,1597063800,12.837,13.209,0.028178733348913323,time,99.93575029850021,0.00125,0.0004
1005,RLC,long,long_main_v9,2820,2821,2842,1597057500,1597063800,1.5512,1.5966,0.028467663744198204,time,99.93930647016961,0.00125,0.0004
1006,VET,long,long_main_v9,51192,51193,51214,1597057500,1597063800,0.020139,0.02114922173750881,0.049362457793773816,target,99.94547303241659,0.00125,0.0004
1007,ZIL,long,long_main_v9,15180,15181,15202,1597057500,1597063800,0.02337,0.02358,0.00818587933247752,time,99.94649570939417,0.00125,0.0004
1008,ZRX,long,long_main_v9,13454,13455,13476,1597058100,1597064400,0.4184,0.4277,0.021427533460803085,time,99.94917271799555,0.00125,0.0004
1009,SXP,long,long_main_v9,5755,5756,5756,1597081200,1597081200,2.4792,2.443808836905996,-0.015075235194419312,stop,99.94728927138779,0.00125,0.0004
1010,THETA,short,short_main_v6_timeout210,21618,21619,21622,1597084500,1597085400,0.3544,0.3598481983140595,-0.015940268423143753,stop,99.94529778811385,0.00125,0.0004
1011,ATOM,long,long_main_v9,53259,53260,53260,1597087800,1597087800,5.347,5.273474951067593,-0.014550710479223383,stop,99.943479944249,0.00125,0.0004
1012,BCH,long,long_main_v9,67698,67699,67699,1597087800,1597087800,286.7,284.0395469501572,-0.010079571153968491,stop_first_same_bar,99.94222070997716,0.00125,0.0004
1013,BTC,long,long_main_v9,96966,96967,96967,1597087800,1597087800,11529.5,11466.497774727362,-0.006264436902956505,stop,99.94143810780768,0.00125,0.0004
1014,KAVA,long,long_main_v9,3784,3785,3785,1597087800,1597087800,4.3701,4.300584903117217,-0.01670698082029762,stop,99.93935095819566,0.00125,0.0004
1015,LINK,long,long_main_v9,59357,59358,59358,1597087800,1597087800,12.901,12.74367669660595,-0.012994659591818425,stop,99.93772761088874,0.00125,0.0004
1017,XRP,long,long_main_v9,62521,62522,62522,1597087800,1597087800,0.2813,0.27880404102891226,-0.009672943373934295,stop_first_same_bar,99.93651924591362,0.00125,0.0004
1016,RLC,long,long_main_v9,2921,2922,2931,1597087800,1597090500,1.494,1.565708677632336,0.04719777619299594,target,99.9424152227497,0.00125,0.0004
998,SXP,short,short_main_v6_timeout210,5672,5673,5835,1597056300,1597104900,2.6487,2.652692123814845,-0.002304932961878813,stop,99.94212727204078,0.00125,0.0004
1019,BAND,long,long_main_v9,3583,3584,3584,1597113600,1597113600,15.0753,14.721714332386497,-0.02425463557033711,stop,99.9390971971969,0.00125,0.0004
1018,ALGO,short,short_main_v6_timeout210,15942,15943,15951,1597113300,1597115700,0.48,0.4806202481647435,-0.0020905160927196845,stop,99.93883604183318,0.00125,0.0004
996,ATOM,short,short_main_v6_timeout210,53147,53148,53358,1597054200,1597117200,5.778,5.257,0.09830595396614031,timeout,99.95111677010239,0.00125,0.0004
1020,XTZ,short,short_main_v6_timeout210,53719,53720,53759,1597124400,1597136100,4.276,4.281165326351583,-0.0020065234481343223,stop,99.95086607727806,0.00125,0.0004
1021,SXP,short,short_main_v6_timeout210,5982,5983,5987,1597149300,1597150500,2.7143,2.797457055509129,-0.030525945335019376,stop,99.94705220893549,0.00125,0.0004
1022,SXP,short,short_main_v6_timeout210,5988,5989,5990,1597151100,1597151400,2.8295,2.9259310514130235,-0.03375739021821931,stop,99.94283476938227,0.00125,0.0004
1023,SXP,short,short_main_v6_timeout210,5990,5991,5994,1597151700,1597152600,2.8951,3.0026039180551067,-0.03660356283713271,stop,99.93826193959153,0.00125,0.0004
1024,SXP,short,short_main_v6_timeout210,5995,5996,6006,1597153200,1597156200,3.0501,3.0561412836508257,-0.0027767684442941746,stop,99.93791505782636,0.00125,0.0004
1026,ALGO,long,long_main_v9,16176,16177,16178,1597183500,1597183800,0.4311,0.4244959115872785,-0.016119156605709704,stop,99.93590141419678,0.00125,0.0004
1027,SXP,long,long_main_v9,6096,6097,6098,1597183500,1597183800,2.9322,2.877546606116683,-0.01943904027123564,stop,99.9334730916816,0.00125,0.0004
1028,COMP,long,long_main_v9,12146,12147,12149,1597184100,1597184700,159.77,157.84327015593507,-0.012859396908461806,stop,99.93186673643794,0.00125,0.0004
1025,BAND,long,long_main_v9,3815,3816,3837,1597183200,1597189500,12.5135,13.1272,0.04824303352379435,time,99.93789300693426,0.00125,0.0004
1029,THETA,long,long_main_v9,21950,21951,21972,1597184100,1597190400,0.3465,0.3567,0.028637229437229596,time,99.94147043739865,0.00125,0.0004
1030,KNC,long,long_main_v9,14476,14477,14488,1597191300,1597194600,1.53379,1.5139900036286202,-0.013709196416314939,stop,99.9397577908382,0.00125,0.0004
1033,ZIL,long,long_main_v9,15626,15627,15638,1597191300,1597194600,0.0253,0.02475466344880977,-0.022354804394870673,stop,99.93696512366733,0.00125,0.0004
1031,VET,long,long_main_v9,51638,51639,51660,1597191300,1597197600,0.019521,0.02013,0.030397172276010267,time,99.94076237509934,0.00125,0.0004
1032,XTZ,long,long_main_v9,53942,53943,53964,1597191300,1597197600,3.867,4.112083256752733,0.06257813725180586,target,99.94858000853054,0.00125,0.0004
1034,BAND,long,long_main_v9,3895,3896,3900,1597207200,1597208400,12.084,11.828068922561211,-0.021979334445447505,stop,99.94583400444634,0.00125,0.0004
1035,IOTA,long,long_main_v9,52275,52276,52278,1597209600,1597210200,0.3617,0.35828881965425885,-0.010230965843907014,stop,99.94455582642891,0.00125,0.0004
1037,SXP,long,long_main_v9,6183,6184,6187,1597209600,1597210500,2.8306,2.7874214902748675,-0.016054189827291874,stop,99.94255016533961,0.00125,0.0004
1038,XTZ,long,long_main_v9,54003,54004,54007,1597209600,1597210500,3.837,3.7835213483978367,-0.014737620954434072,stop,99.94070902106266,0.00125,0.0004
1039,ZIL,long,long_main_v9,15687,15688,15691,1597209600,1597210500,0.02474,0.024389159392722518,-0.014981107812347716,stop,99.9388374928918,0.00125,0.0004
1036,KNC,long,long_main_v9,14537,14538,14542,1597209600,1597210800,1.51397,1.576007373107363,0.04017661981899447,target,99.94385649874069,0.00125,0.0004
1040,XRP,long,long_main_v9,62931,62932,62953,1597210800,1597217100,0.2723,0.2805,0.029313845023870935,time,99.9475186721413,0.00125,0.0004
1041,SXP,short,short_main_v6_timeout210,6224,6225,6239,1597221900,1597226100,3.2291,3.234160461153982,-0.002364690810726299,stop,99.94722324091761,0.00125,0.0004
1042,COMP,short,short_main_v6_timeout210,12293,12294,12320,1597228200,1597236000,224.15,224.68001994289256,-0.0031589990023468176,stop,99.94682857444447,0.00125,0.0004
1044,COMP,long,long_main_v9,12348,12349,12355,1597244700,1597246500,198.93,214.7346195336892,0.07864814524550937,target,99.95665436530764,0.00125,0.0004
1045,BAND,short,short_main_v6_timeout210,4040,4041,4048,1597250700,1597252800,13.5198,13.97579809669433,-0.03342769636048091,stop,99.95247771444348,0.00125,0.0004
1043,RLC,short,short_main_v6_timeout210,3396,3397,3501,1597230300,1597261500,1.6206,1.6230641027809074,-0.0023181795818695053,stop,99.95218807970222,0.00125,0.0004
1046,ZIL,short,short_main_v6_timeout210,15904,15905,15916,1597274700,1597278000,0.02671,0.02673065235529827,-0.0015726094755848844,stop,99.95199159750462,0.00125,0.0004
1047,COMP,long,long_main_v9,12496,12497,12499,1597289100,1597289700,225.26,221.01316331457159,-0.019653043973312665,stop,99.94953614639701,0.00125,0.0004
1048,BAND,long,long_main_v9,4173,4174,4185,1597290600,1597293900,14.1815,13.964891326792106,-0.016074031182025415,stop,99.9475279064462,0.00125,0.0004
1049,WAVES,short,short_main_v6_timeout210,292,293,301,1597335900,1597338300,2.6905,2.6969042610969027,-0.003174671281173968,stop,99.94713128076312,0.00125,0.0004
1051,COMP,long,long_main_v9,12661,12662,12662,1597338600,1597338600,210.04,206.5148886365825,-0.0175830478166896,stop,99.94493456177756,0.00125,0.0004
1052,BAND,long,long_main_v9,4339,4340,4340,1597340400,1597340400,13.5579,13.255901477732335,-0.023074727079242716,stop,99.94205180916761,0.00125,0.0004
1053,KAVA,long,long_main_v9,4626,4627,4627,1597340400,1597340400,4.0738,4.011608599676921,-0.016066188895645126,stop,99.94004469931389,0.00125,0.0004
1055,THETA,long,long_main_v9,22471,22472,22472,1597340400,1597340400,0.3728,0.3661336145382003,-0.018681935251608637,stop,99.93771085750875,0.00125,0.0004
1056,ZIL,long,long_main_v9,16123,16124,16124,1597340400,1597340400,0.02576,0.0254017586988847,-0.014706882807271037,stop,99.93587364225674,0.00125,0.0004
1057,LINK,long,long_main_v9,60200,60201,60206,1597340700,1597342200,16.454,16.151627250664546,-0.01917685361221919,stop,99.93347807273243,0.00125,0.0004
1059,VET,long,long_main_v9,52142,52143,52146,1597342500,1597343400,0.01892,0.01967231561299171,0.03896298165918135,target,99.93834520557404,0.00125,0.0004
1058,ATOM,long,long_main_v9,54108,54109,54117,1597342500,1597344900,5.484,5.762295732754142,0.04994685134101786,target,99.9445847126631,0.00125,0.0004
1054,RLC,long,long_main_v9,3763,3764,3785,1597340400,1597346700,1.8073,1.939643412903406,0.07242714153898402,target,99.9536330883919,0.00125,0.0004
1050,SXP,short,short_main_v6_timeout210,6605,6606,6649,1597336200,1597349100,4.5351,4.543597623321161,-0.0026702411669433427,stop,99.95329946300957,0.00125,0.0004
1060,WAVES,short,short_main_v6_timeout210,376,377,378,1597361100,1597361400,3.266,3.4255819866889294,-0.0473853648545066,stop,99.94737905855524,0.00125,0.0004
1061,WAVES,short,short_main_v6_timeout210,380,381,384,1597362300,1597363200,3.3572,3.550036434026773,-0.05511956477360445,stop,99.94049273851277,0.00125,0.0004
1062,ALGO,short,short_main_v6_timeout210,16775,16776,16777,1597363200,1597363500,0.6291,0.6489495086091437,-0.03138713866921015,stop,99.93657168088247,0.00125,0.0004
1064,KNC,short,short_main_v6_timeout210,15053,15054,15062,1597364400,1597366800,1.92283,1.9265071833083904,-0.002708730650085344,stop,99.936233304314,0.00125,0.0004
1065,OMG,short,short_main_v6_timeout210,12175,12176,12192,1597365600,1597370400,1.8809,1.8829138995684567,-0.0018695654054697633,stop,99.93599975765832,0.00125,0.0004
1066,ATOM,short,short_main_v6_timeout210,54190,54191,54221,1597367100,1597376100,6.378,6.388872887911191,-0.002501847587508576,stop,99.93568722685845,0.00125,0.0004
1067,ALGO,short,short_main_v6_timeout210,16811,16812,16827,1597374000,1597378500,0.6834,0.6847528233303224,-0.0027756374624976258,stop,99.9353404953118,0.00125,0.0004
1068,WAVES,long,long_main_v9,448,449,453,1597382700,1597383900,2.855,3.06560253636971,0.07296621238868997,target,99.94445537441145,0.00125,0.0004
1070,ALGO,long,long_main_v9,16843,16844,16847,1597383600,1597384500,0.6355,0.6205050210288855,-0.024395560930156466,stop,99.94140762309806,0.00125,0.0004
1069,LINK,long,long_main_v9,60341,60342,60348,1597383000,1597384800,17.434,17.140982258549343,-0.017607258314251337,stop,99.93920800537266,0.00125,0.0004
1072,BAND,long,long_main_v9,4487,4488,4488,1597384800,1597384800,13.9079,13.596100852185677,-0.02321885171839908,stop,99.93630741330826,0.00125,0.0004
1073,KNC,long,long_main_v9,15121,15122,15122,1597384800,1597384800,1.71909,1.6892275169955202,-0.018171099246973552,stop,99.93403747260777,0.00125,0.0004
1074,XTZ,long,long_main_v9,54587,54588,54588,1597384800,1597384800,4.036,3.9768760340407305,-0.015449149147489826,stop,99.93210760279548,0.00125,0.0004
1075,RLC,long,long_main_v9,3912,3913,3922,1597385100,1597387800,1.8502,1.8184781521573141,-0.017945091256451138,stop,99.92986598930752,0.00125,0.0004
1076,SXP,long,long_main_v9,6768,6769,6778,1597385100,1597387800,4.2148,4.044288574575455,-0.041255401306004004,stop,99.92471268090272,0.00125,0.0004
1077,ETH,short,short_main_v6_timeout210,75040,75041,75050,1597385400,1597388100,419.24,419.5798469263264,-0.0016099696132118916,stop,99.92451158621394,0.00125,0.0004
1071,ATOM,long,long_main_v9,54249,54250,54262,1597384800,1597388400,6.065,5.9785233962416235,-0.015058302350927732,stop,99.92263071932928,0.00125,0.0004
1079,THETA,short,short_main_v6_timeout210,22702,22703,22721,1597409700,1597415100,0.4099,0.41034100390266465,-0.0018747254075765821,stop,99.92239655996103,0.00125,0.0004
1078,KNC,short,short_main_v6_timeout210,15189,15190,15237,1597405200,1597419300,1.90937,1.9125257725409022,-0.0024500549096964966,stop,99.92209054076318,0.00125,0.0004
1080,ALGO,short,short_main_v6_timeout210,16957,16958,16966,1597417800,1597420200,0.7291,0.7301825841068921,-0.002282621101154047,stop,99.92180543542275,0.00125,0.0004
1081,QTUM,short,short_main_v6_timeout210,50685,50686,50687,1597424100,1597424400,3.104,3.168998822707801,-0.02131083838909784,stop,99.91914366361378,0.00125,0.0004
1063,WAVES,short,short_main_v6_timeout210,384,385,595,1597363500,1597426500,3.5207,3.3519,0.04955949759837699,timeout,99.92533359181432,0.00125,0.0004
1082,QTUM,short,short_main_v6_timeout210,50688,50689,50724,1597425000,1597435500,3.164,3.167747465305923,-0.001983006330828462,stop,99.92508590110292,0.00125,0.0004
1084,SXP,short,short_main_v6_timeout210,6961,6962,6970,1597443000,1597445400,4.1993,4.207007973397925,-0.0026321746587276477,stop,99.92475712575431,0.00125,0.0004
1085,ALGO,long,long_main_v9,17080,17081,17086,1597454700,1597456200,0.6863,0.6743670243834571,-0.018187404366228985,stop,99.92248541079927,0.00125,0.0004
1086,SNX,short,short_main_v6_timeout210,146,147,155,1597464900,1597467300,6.365,6.375597740713794,-0.002462234843663124,stop,99.92217787001772,0.00125,0.0004
1087,SXP,long,long_main_v9,7077,7078,7081,1597477800,1597478700,3.6903,3.6210887627965263,-0.019554908057196927,stop,99.91973540876631,0.00125,0.0004
1088,ZRX,short,short_main_v6_timeout210,14860,14861,14868,1597479900,1597482000,0.5377,0.5471746116884729,-0.01811551772703088,stop,99.91747278659372,0.00125,0.0004
1090,COMP,long,long_main_v9,13148,13149,13153,1597484700,1597485900,187.83,185.5708707864884,-0.012827520702292516,stop,99.91587066978036,0.00125,0.0004
1089,ALGO,long,long_main_v9,17179,17180,17200,1597484400,1597490400,0.621,0.6120340002487673,-0.01523800282002039,stop,99.91396752188157,0.00125,0.0004
1091,KAVA,long,long_main_v9,5107,5108,5129,1597484700,1597491000,4.1817,4.1898,0.0011370112633616544,time,99.91410952601461,0.00125,0.0004
1083,WAVES,short,short_main_v6_timeout210,601,602,812,1597428600,1597491600,4.0448,3.3736,0.19815660422101025,timeout,99.93885782683641,0.00125,0.0004
1092,SNX,short,short_main_v6_timeout210,260,261,269,1597499100,1597501500,6.796,6.807928815290015,-0.002552194479945679,stop,99.93853899758481,0.00125,0.0004
1093,LINK,short,short_main_v6_timeout210,60823,60824,60832,1597527600,1597530000,18.608,18.629567378492077,-0.0019576961533189544,stop,99.93829443596812,0.00125,0.0004
1095,WAVES,short,short_main_v6_timeout210,945,946,953,1597531800,1597533900,3.694,3.803757163984612,-0.029654934543096954,stop,99.9345898564933,0.00125,0.0004
1094,SNX,long,long_main_v9,367,368,389,1597531200,1597537500,6.853,6.997,0.020212695169998487,time,99.93711479074544,0.00125,0.0004
1096,SNX,long,long_main_v9,434,435,456,1597551300,1597557600,6.421,6.535,0.016954243887244893,time,99.93923273851738,0.00125,0.0004
1098,WAVES,long,long_main_v9,1036,1037,1038,1597559100,1597559400,3.3483,3.3032704488652542,-0.014248481657780343,stop,99.93745276061168,0.00125,0.0004
1097,KAVA,long,long_main_v9,5355,5356,5359,1597559100,1597560000,4.5561,4.499101835923054,-0.013310296981397718,stop,99.93579001414192,0.00125,0.0004
1099,ZRX,long,long_main_v9,15126,15127,15144,1597559700,1597564800,0.4989,0.49368647440313373,-0.01125004128455862,stop,99.93438466193759,0.00125,0.0004
1100,ZIL,long,long_main_v9,16855,16856,16876,1597560000,1597566000,0.024,0.02481409791142886,0.033120746309535896,target,99.93852203869007,0.00125,0.0004
1101,SXP,long,long_main_v9,7513,7514,7525,1597608600,1597611900,3.3898,3.3272182726869803,-0.019261775713322302,stop,99.93611579694428,0.00125,0.0004
1102,WAVES,short,short_main_v6_timeout210,1213,1214,1215,1597612200,1597612500,3.9404,4.0844038740827475,-0.036057011432320075,stop,99.93161154985704,0.00125,0.0004
1103,RLC,long,long_main_v9,4670,4671,4671,1597612500,1597612500,1.7624,1.7371557473564208,-0.015123792920778012,stop,99.92972236860788,0.00125,0.0004
1104,WAVES,short,short_main_v6_timeout210,1215,1216,1227,1597612800,1597616100,3.9965,4.004264715936221,-0.0027391115440791084,stop,99.92938022028771,0.00125,0.0004
1105,TRX,short,short_main_v6_timeout210,61695,61696,61700,1597616700,1597617900,0.02618,0.026695935122012113,-0.02012635510440317,stop,99.92686620254813,0.00125,0.0004
1106,OMG,short,short_main_v6_timeout210,13029,13030,13030,1597621800,1597621800,2.2518,2.3077713933530677,-0.02505343927664536,stop,99.92373681295498,0.00125,0.0004
1107,OMG,short,short_main_v6_timeout210,13031,13032,13041,1597622400,1597625100,2.3421,2.345699328756803,-0.0023344373904522256,stop,99.92344523082073,0.00125,0.0004
1108,BAT,short,short_main_v6_timeout210,53370,53371,53390,1597624800,1597630500,0.3081,0.30849422073054306,-0.0020778869231634404,stop,99.92318569379553,0.00125,0.0004
1109,OMG,short,short_main_v6_timeout210,13087,13088,13096,1597639200,1597641600,2.8293,2.834831145154471,-0.0027511374297990213,stop,99.9228420657752,0.00125,0.0004
1110,ZRX,short,short_main_v6_timeout210,15401,15402,15402,1597642200,1597642200,0.5759,0.5880865287224097,-0.021522339532048827,stop,99.92015384910776,0.00125,0.0004
1111,ZRX,short,short_main_v6_timeout210,15403,15404,15404,1597642800,1597642800,0.5881,0.602524754357588,-0.024740517386655256,stop,99.91706375372829,0.00125,0.0004
1112,XLM,short,short_main_v6_timeout210,60346,60347,60356,1597643700,1597646400,0.11361,0.11368302236304309,-0.001442333054885702,stop,99.91688361162355,0.00125,0.0004
1113,OMG,short,short_main_v6_timeout210,13106,13107,13218,1597644900,1597678200,3.0443,3.0511793899676656,-0.003054665848322568,stop,99.91650209575849,0.00125,0.0004
1114,OMG,short,short_main_v6_timeout210,13222,13223,13231,1597679700,1597682100,3.2417,3.247109566698191,-0.0024659637092849566,stop,99.91619410767332,0.00125,0.0004
1115,KAVA,long,long_main_v9,5835,5836,5836,1597703100,1597703100,4.9609,4.907220009563041,-0.011620615299030223,stop,99.914742748106,0.00125,0.0004
1117,SXP,long,long_main_v9,7828,7829,7829,1597703100,1597703100,3.1331,3.0766069453667413,-0.018831041024307858,stop,99.91239087483147,0.00125,0.0004
1119,ZIL,long,long_main_v9,17332,17333,17333,1597703100,1597703100,0.02511,0.024889068357201203,-0.009598552082787681,stop,99.91119210697207,0.00125,0.0004
1120,ZRX,long,long_main_v9,15604,15605,15605,1597703100,1597703100,0.5638,0.5585907262031361,-0.010039577504192687,stop,99.9099382742762,0.00125,0.0004
1118,WAVES,long,long_main_v9,1516,1517,1531,1597703100,1597707300,4.2983,4.650596981238591,0.08116193407593478,target,99.92007437905588,0.00125,0.0004
1116,QTUM,long,long_main_v9,51615,51616,51633,1597703100,1597708200,3.288,3.392932289798173,0.0311137134422669,target,99.92396048475757,0.00125,0.0004
1122,BAND,long,long_main_v9,5576,5577,5578,1597711500,1597711800,13.9218,13.723210167497927,-0.015064666386679337,stop,99.92207883334665,0.00125,0.0004
1121,ALGO,long,long_main_v9,17936,17937,17958,1597711500,1597717800,0.5918,0.612,0.033333153092260835,time,99.92624223078546,0.00125,0.0004
1123,LINK,long,long_main_v9,61525,61526,61526,1597738200,1597738200,16.753,17.565288063982237,0.047686125707768,target,99.9321985999711,0.00125,0.0004
1124,RLC,long,long_main_v9,5096,5097,5118,1597740300,1597746600,1.6962,1.7119,0.008455983964155278,time,99.93325488130719,0.00125,0.0004
1125,WAVES,long,long_main_v9,1680,1681,1681,1597752300,1597752300,4.1528,4.088343824304706,-0.01632113650917297,stop,99.9312161009388,0.00125,0.0004
1127,LINK,long,long_main_v9,61679,61680,61680,1597784400,1597784400,15.765,15.556626055809565,-0.014017503595968072,stop,99.92946511821249,0.00125,0.0004
1126,BAND,long,long_main_v9,5819,5820,5821,1597784400,1597784700,12.8647,13.336126122060696,0.03584493708059235,target,99.93394257494957,0.00125,0.0004
1129,SXP,long,long_main_v9,8099,8100,8108,1597784400,1597786800,3.2165,3.380533150398563,0.0501974041344825,target,99.94021310557731,0.00125,0.0004
1128,SNX,long,long_main_v9,1211,1212,1231,1597784400,1597790100,6.271,6.213334085768793,-0.009995648896700215,stop,99.93896439647624,0.00125,0.0004
1130,ZIL,long,long_main_v9,17603,17604,17625,1597784400,1597790700,0.02388,0.02386,-0.0016375209380233616,time,99.93875983129283,0.00125,0.0004
1131,COMP,long,long_main_v9,14168,14169,14170,1597790700,1597791000,176.95,174.54039166826183,-0.014417453132173774,stop,99.93695875331039,0.00125,0.0004
1132,XTZ,long,long_main_v9,55940,55941,55942,1597790700,1597791000,3.777,3.736938774310333,-0.011406625811402482,stop,99.93553382394386,0.00125,0.0004
1133,BAT,long,long_main_v9,53925,53926,53926,1597791300,1597791300,0.3306,0.3256865857582857,-0.015662112043902974,stop,99.93357732203395,0.00125,0.0004
1134,KAVA,long,long_main_v9,6129,6130,6130,1597791300,1597791300,4.1975,4.127784493508466,-0.017408816317220663,stop,99.93140266541955,0.00125,0.0004
1135,OMG,long,long_main_v9,13594,13595,13595,1597791300,1597791300,2.4971,2.458838199468269,-0.01612249430608745,stop,99.92938873608146,0.00125,0.0004
1136,QTUM,long,long_main_v9,51909,51910,51910,1597791300,1597791300,3.254,3.2262515914520624,-0.009327476505205134,stop,99.92822362479944,0.00125,0.0004
1137,RLC,long,long_main_v9,5266,5267,5267,1597791300,1597791300,1.57,1.5441410282212247,-0.017270682661640422,stop,99.92606633900049,0.00125,0.0004
1138,WAVES,long,long_main_v9,1810,1811,1811,1597791300,1597791300,3.858,3.7473153737176266,-0.029489638746079214,stop,99.92238285950341,0.00125,0.0004
1139,ZRX,long,long_main_v9,15898,15899,15899,1597791300,1597791300,0.5418,0.5354422236976603,-0.012534544670246705,stop,99.92081725753903,0.00125,0.0004
1141,SXP,short,short_main_v6_timeout210,8129,8130,8133,1597793400,1597794300,3.5503,3.7631206911268604,-0.05735430920105076,stop,99.91365364572826,0.00125,0.0004
1140,ALGO,long,long_main_v9,18203,18204,18225,1597791600,1597797900,0.5352,0.5654,0.055627503736920846,time,99.92060107965519,0.00125,0.0004
1142,SXP,short,short_main_v6_timeout210,8135,8136,8148,1597795200,1597798800,3.8245,3.8358586053168837,-0.0037611637147259894,stop,99.92013130748127,0.00125,0.0004
1143,LINK,long,long_main_v9,61867,61868,61868,1597840800,1597840800,15.404,15.220442188373122,-0.01271624328920271,stop,99.91854304660728,0.00125,0.0004
1145,RLC,long,long_main_v9,5431,5432,5433,1597840800,1597841100,1.5109,1.492148799857176,-0.013210616283555332,stop,99.91689306469253,0.00125,0.0004
1146,SNX,long,long_main_v9,1400,1401,1403,1597841100,1597841700,5.764,5.978110620102801,0.03634618669375458,target,99.92143256225403,0.00125,0.0004
1147,KAVA,long,long_main_v9,6296,6297,6302,1597841400,1597842900,4.2624,4.202828258546978,-0.014776103006058227,stop,99.91958700052896,0.00125,0.0004
1144,OMG,long,long_main_v9,13759,13760,13769,1597840800,1597843500,2.7224,2.6831951193427432,-0.015200852430670242,stop,99.91768842190781,0.00125,0.0004
1148,THETA,long,long_main_v9,24141,24142,24149,1597841400,1597843500,0.4227,0.41579218123340583,-0.017142130983189483,stop,99.91554741927972,0.00125,0.0004
1149,WAVES,long,long_main_v9,1977,1978,1985,1597841400,1597843500,4.0214,3.921525162984864,-0.02563583752303564,stop,99.91234564585514,0.00125,0.0004
1155,MKR,long,long_main_v9,1697,1698,1698,1597843800,1597843800,639.36,634.5454656048836,-0.00833024023260207,stop,99.91130527855334,0.00125,0.0004
1154,KNC,long,long_main_v9,16651,16652,16661,1597843800,1597846500,1.50557,1.5910066555923594,0.05594704968374722,target,99.91829245700382,0.00125,0.0004
1151,ATOM,long,long_main_v9,55779,55780,55800,1597843800,1597849800,5.421,5.356623608909243,-0.012675371903847465,stop,99.91670933010771,0.00125,0.0004
1150,ALGO,long,long_main_v9,18377,18378,18399,1597843800,1597850100,0.5137,0.5216,0.014578625656998101,time,99.91853014048547,0.00125,0.0004
1152,BAND,long,long_main_v9,6017,6018,6039,1597843800,1597850100,11.5994,11.7651,0.01348522164939583,time,99.92021441989276,0.00125,0.0004
1153,BAT,long,long_main_v9,54100,54101,54122,1597843800,1597850100,0.3167,0.3257,0.02761806125670976,time,99.92366392314607,0.00125,0.0004
1156,ONT,long,long_main_v9,54676,54677,54698,1597843800,1597850100,0.7755,0.7879,0.015189684074790622,time,99.9255611842543,0.00125,0.0004
1157,SXP,long,long_main_v9,8297,8298,8319,1597843800,1597850100,3.0242,3.1648,0.045691634151180514,time,99.9312683869843,0.00125,0.0004
1158,VET,long,long_main_v9,53813,53814,53835,1597843800,1597850100,0.017294,0.017732,0.024526702902740862,time,99.93433211764733,0.00125,0.0004
1159,XTZ,long,long_main_v9,56117,56118,56139,1597843800,1597850100,3.561,3.652,0.024754619488907583,time,99.93742441310414,0.00125,0.0004
1160,ZIL,long,long_main_v9,17801,17802,17823,1597843800,1597850100,0.02143,0.02156,0.005266262249183385,time,99.93808228396098,0.00125,0.0004
1161,ZRX,long,long_main_v9,16073,16074,16095,1597843800,1597850100,0.5027,0.5133,0.020286134871692642,time,99.94061648073101,0.00125,0.0004
1162,COMP,long,long_main_v9,14365,14366,14367,1597849800,1597850100,180.03,176.77281307513763,-0.01889246750465121,stop,99.93825632466944,0.00125,0.0004
1163,OMG,short,short_main_v6_timeout210,13879,13880,13880,1597876800,1597876800,3.2341,3.3339923835256147,-0.03076179116041675,stop,99.93441347495694,0.00125,0.0004
1166,ALGO,long,long_main_v9,18563,18564,18567,1597899600,1597900500,0.5578,0.5484693494747842,-0.01752759147582603,stop,99.93222396298974,0.00125,0.0004
1164,OMG,short,short_main_v6_timeout210,13881,13882,14003,1597877400,1597913700,3.363,3.3691282333076096,-0.002618937387726982,stop,99.93189681769276,0.00125,0.0004
1165,QTUM,short,short_main_v6_timeout210,52206,52207,52347,1597880400,1597922400,3.475,3.4783087265538426,-0.001751245796148914,stop,99.93167806105001,0.00125,0.0004
1167,BAT,short,short_main_v6_timeout210,54364,54365,54373,1597923000,1597925400,0.3397,0.33997987250718914,-0.0016232031653085946,stop,99.93147529927982,0.00125,0.0004
1169,OMG,short,short_main_v6_timeout210,14199,14200,14200,1597972800,1597972800,4.4548,4.614697339593279,-0.03544958323948764,stop,99.92704713783999,0.00125,0.0004
1170,OMG,short,short_main_v6_timeout210,14204,14205,14213,1597974300,1597976700,4.602,4.612016101050424,-0.0029717402608681934,stop,99.92667594130357,0.00125,0.0004
1171,OMG,short,short_main_v6_timeout210,14218,14219,14220,1597978500,1597978800,4.9029,5.108819542268083,-0.04110667761199969,stop,99.92154137423762,0.00125,0.0004
1173,QTUM,short,short_main_v6_timeout210,52546,52547,52556,1597982400,1597985100,3.906,3.91156084338328,-0.0022216430744484753,stop,99.92126388673714,0.00125,0.0004
1168,SNX,short,short_main_v6_timeout210,1675,1676,1886,1597923600,1597986600,6.637,6.254,0.06044080588423419,timeout,99.92881303888,0.00125,0.0004
1172,OMG,short,short_main_v6_timeout210,14228,14229,14288,1597981500,1597999200,5.6621,5.679948489822651,-0.003942368254682726,stop,99.92832059365468,0.00125,0.0004
1174,KNC,short,short_main_v6_timeout210,17115,17116,17189,1597983000,1598004900,1.77936,1.7810446609932238,-0.0017458836322971952,stop,99.92810251463051,0.00125,0.0004
1175,OMG,short,short_main_v6_timeout210,14299,14300,14316,1598002800,1598007600,6.3201,6.33887501129277,-0.003761883813661248,stop,99.92763261724129,0.00125,0.0004
1177,QTUM,short,short_main_v6_timeout210,52635,52636,52638,1598009100,1598009700,4.702,4.89749170158651,-0.040716698893676996,stop,99.92254671308075,0.00125,0.0004
1178,OMG,short,short_main_v6_timeout210,14321,14322,14323,1598009400,1598009700,6.72,7.097950041800646,-0.05404777429748795,stop,99.91579597401578,0.00125,0.0004
1176,ONT,short,short_main_v6_timeout210,55227,55228,55231,1598009100,1598010000,0.9266,0.9443989660468194,-0.01964687159424214,stop,99.9133421829986,0.00125,0.0004
1179,OMG,short,short_main_v6_timeout210,14324,14325,14326,1598010300,1598010600,7.4785,7.9867681930889285,-0.06443878114413545,stop,99.90529431551072,0.00125,0.0004
1180,QTUM,short,short_main_v6_timeout210,52639,52640,52641,1598010300,1598010600,4.867,5.08444258294753,-0.04356625793293465,stop,99.89985369073445,0.00125,0.0004
1184,ZRX,short,short_main_v6_timeout210,16636,16637,16637,1598012700,1598012700,0.7648,0.80263602792741,-0.04793970792603373,stop,99.8938672284747,0.00125,0.0004
1181,WAVES,long,long_main_v9,2543,2544,2560,1598011200,1598016000,3.3758,3.5995693186843645,0.06548630804086866,target,99.9020443291756,0.00125,0.0004
1186,OMG,long,long_main_v9,14378,14379,14382,1598026500,1598027400,6.7054,6.443297326482906,-0.0398882980160906,stop,99.89706317602983,0.00125,0.0004
1187,ZRX,short,short_main_v6_timeout210,16686,16687,16695,1598027700,1598030100,0.8607,0.8633757056401258,-0.003899120837714464,stop,99.896576287629,0.00125,0.0004
1189,ZRX,short,short_main_v6_timeout210,16695,16696,16698,1598030400,1598031000,0.8808,0.9407227920237052,-0.06449867141711094,stop,99.88852229206691,0.00125,0.0004
1188,QTUM,long,long_main_v9,52704,52705,52723,1598029800,1598035200,4.322,4.232297328046651,-0.021554898647234786,stop,99.88583093334938,0.00125,0.0004
1191,BAND,long,long_main_v9,6678,6679,6680,1598042100,1598042400,11.276,11.163534549433404,-0.010773878198527464,stop,99.88448573612908,0.00125,0.0004
1190,OMG,long,long_main_v9,14413,14414,14433,1598037000,1598042700,6.1044,6.848518327366067,0.12109868412392158,target,99.89960558586287,0.00125,0.0004
1185,RLC,short,short_main_v6_timeout210,6016,6017,6108,1598016300,1598043600,1.7397,1.5321995073687384,0.1346265496323024,target,99.91641700987495,0.00125,0.0004
1192,SXP,long,long_main_v9,8960,8961,8966,1598042700,1598044200,2.7963,2.742854815744262,-0.019912822034738074,stop,99.91392998758711,0.00125,0.0004
1194,RLC,long,long_main_v9,6108,6109,6110,1598043900,1598044200,1.5363,1.5150765082847577,-0.014614679239238626,stop,99.91210472503923,0.00125,0.0004
1195,THETA,long,long_main_v9,24816,24817,24819,1598043900,1598044500,0.4218,0.41468616813471615,-0.017665414569188884,stop,99.90989848910117,0.00125,0.0004
1182,NEO,short,short_main_v6_timeout210,53498,53499,53612,1598011200,1598045100,19.834,17.427751175595052,0.13726995522030042,target,99.92704177321575,0.00125,0.0004
1193,BAT,long,long_main_v9,54764,54765,54772,1598043000,1598045100,0.3881,0.3803435940735579,-0.020785585999593213,stop,99.92444547056517,0.00125,0.0004
1196,ALGO,long,long_main_v9,19045,19046,19054,1598044200,1598046600,0.5369,0.5731956248430807,0.06680220682264984,target,99.93278943740638,0.00125,0.0004
1197,ONT,long,long_main_v9,55345,55346,55353,1598044500,1598046600,0.8506,0.8910796692414774,0.046789547662211904,target,99.93863419992438,0.00125,0.0004
1198,ZRX,short,short_main_v6_timeout210,16771,16772,16779,1598053200,1598055300,0.8093,0.8563888413261374,-0.055785351342527024,stop,99.93166531014747,0.00125,0.0004
1203,WAVES,long,long_main_v9,2726,2727,2727,1598066100,1598066100,3.2685,3.2191891611465167,-0.015886687732440927,stop,99.92968083119575,0.00125,0.0004
1200,OMG,long,long_main_v9,14493,14494,14514,1598061000,1598067000,6.7414,6.463193024193064,-0.042068427300996226,stop,99.92442597555419,0.00125,0.0004
1201,BAND,long,long_main_v9,6758,6759,6767,1598066100,1598068500,10.0654,10.582502973416176,0.05057430935841358,target,99.93074298659387,0.00125,0.0004
1205,COMP,long,long_main_v9,15088,15089,15096,1598066700,1598068800,163.17,169.05645200491819,0.03527557764857638,target,99.9351493799485,0.00125,0.0004
1204,ALGO,long,long_main_v9,19120,19121,19129,1598066700,1598069100,0.5257,0.5580079409026104,0.06065699239606328,target,99.94272658694354,0.00125,0.0004
1202,SXP,long,long_main_v9,9038,9039,9052,1598066100,1598070000,2.5712,2.79277563858847,0.0853759639812032,target,99.95339247022513,0.00125,0.0004
1183,OMG,short,short_main_v6_timeout210,14331,14332,14542,1598012400,1598075400,8.0725,6.688,0.20621255980861256,timeout,99.97915702637866,0.00125,0.0004
1206,ZRX,long,long_main_v9,16858,16859,16880,1598079300,1598085600,0.7113,0.6930287218150549,-0.02648716179522723,stop,99.97584682124327,0.00125,0.0004
1207,SXP,long,long_main_v9,9103,9104,9104,1598085600,1598085600,2.5945,2.539107199757537,-0.02215008681536432,stop,99.9730787291351,0.00125,0.0004
1210,OMG,long,long_main_v9,14581,14582,14583,1598087400,1598087700,5.6581,5.4546705364392185,-0.03675367058920518,stop,99.96848575713085,0.00125,0.0004
1211,QTUM,long,long_main_v9,52896,52897,52898,1598087400,1598087700,3.656,3.5931084507295976,-0.01800228371728738,stop,99.96623618082663,0.00125,0.0004
1208,BAT,long,long_main_v9,54912,54913,54915,1598087400,1598088000,0.3606,0.35228266132505837,-0.02386527641414757,stop,99.96325402850346,0.00125,0.0004
1212,WAVES,long,long_main_v9,2798,2799,2800,1598087700,1598088000,3.0685,3.012702795112715,-0.018983869932307138,stop,99.96088191673785,0.00125,0.0004
1214,KAVA,long,long_main_v9,7118,7119,7119,1598088000,1598088000,3.68,3.6065393804364025,-0.020762124881412356,stop,99.95828766634584,0.00125,0.0004
1209,COMP,long,long_main_v9,15157,15158,15166,1598087400,1598089800,162.54,160.60389900889788,-0.012711535567257992,stop,99.9566993871847,0.00125,0.0004
1217,SNX,long,long_main_v9,2225,2226,2230,1598088600,1598089800,5.208,5.146562783109749,-0.012596700631768631,stop,99.9551254814118,0.00125,0.0004
1213,ALGO,long,long_main_v9,19191,19192,19213,1598088000,1598094300,0.5144,0.5416,0.05207713841368591,time,99.96163220254286,0.00125,0.0004
1215,BAND,long,long_main_v9,6832,6833,6854,1598088300,1598094600,9.801,10.1103,0.030758004285277,time,99.96547547793242,0.00125,0.0004
1216,ZIL,long,long_main_v9,18616,18617,18638,1598088300,1598094600,0.02013,0.02088,0.036457824143070104,time,99.97003113258911,0.00125,0.0004
1199,ZRX,short,short_main_v6_timeout210,16782,16783,16993,1598056500,1598119500,0.8688,0.7158,0.21294685666387272,timeout,99.99664151245194,0.00125,0.0004
1219,ATOM,short,short_main_v6_timeout210,56711,56712,56721,1598123400,1598126100,6.155,6.160433586501736,-0.0016820136481370033,stop,99.99643126780721,0.00125,0.0004
1220,BAND,short,short_main_v6_timeout210,6992,6993,6995,1598136300,1598136900,11.1981,11.410984077731811,-0.019456066495373323,stop,99.99399934628715,0.00125,0.0004
1221,OMG,long,long_main_v9,14772,14773,14773,1598144700,1598144700,5.507,5.3940413650585395,-0.021311827663239555,stop,99.99133552768537,0.00125,0.0004
1222,BAND,short,short_main_v6_timeout210,7026,7027,7037,1598146500,1598149500,13.106,13.128884027182588,-0.0025430291207697345,stop,99.99101767658777,0.00125,0.0004
1223,DOT,short,short_main_v6_timeout210,136,137,148,1598153100,1598156400,4.316,4.324774176372181,-0.002828817231687685,stop,99.99066410619551,0.00125,0.0004
1224,QTUM,short,short_main_v6_timeout210,53168,53169,53169,1598169000,1598169000,4.188,4.259328748248431,-0.017546476373246443,stop,99.9884710014139,0.00125,0.0004
1218,OMG,short,short_main_v6_timeout210,14658,14659,14869,1598110500,1598173500,6.4146,6.1426,0.04348092338749079,timeout,99.99390549022296,0.00125,0.0004
1225,QTUM,short,short_main_v6_timeout210,53170,53171,53192,1598169600,1598175900,4.303,4.307329331876017,-0.0018051081638865477,stop,99.99367986545403,0.00125,0.0004
1226,ATOM,short,short_main_v6_timeout210,56904,56905,56906,1598181300,1598181600,6.985,7.144443151723092,-0.023117085927772705,stop,99.99079041234192,0.00125,0.0004
1228,DOT,long,long_main_v9,331,332,333,1598211600,1598211900,3.963,3.913102422138599,-0.013390859919606623,stop,99.98911670900735,0.00125,0.0004
1229,ATOM,long,long_main_v9,57008,57009,57017,1598212500,1598214900,6.932,7.3070033266459875,0.05329742161655906,target,99.99577816164523,0.00125,0.0004
1227,WAVES,short,short_main_v6_timeout210,3209,3210,3230,1598211000,1598217000,3.553,3.5572922648182126,-0.0020066101120403738,stop,99.99552734597071,0.00125,0.0004
1230,KAVA,long,long_main_v9,7533,7534,7555,1598212500,1598218800,3.8516,3.8594,0.001225132412503794,time,99.99568048067279,0.00125,0.0004
1231,ATOM,short,short_main_v6_timeout210,57041,57042,57074,1598222400,1598232000,7.648,7.658143764734004,-0.002124572252184186,stop,99.99541492061267,0.00125,0.0004
1233,ALGO,short,short_main_v6_timeout210,19743,19744,19749,1598253600,1598255100,0.6215,0.6360473839886527,-0.023671541263837945,stop,99.99245611362456,0.00125,0.0004
1232,KAVA,short,short_main_v6_timeout210,7594,7595,7701,1598230800,1598262600,4.2011,4.205212117509982,-0.0017778620899666412,stop,99.9922338976283,0.00125,0.0004
1234,SXP,long,long_main_v9,9686,9687,9694,1598260500,1598262600,2.7234,2.847483032082573,0.044761809533147144,target,99.99782868928894,0.00125,0.0004
1235,SNX,short,short_main_v6_timeout210,3151,3152,3196,1598366400,1598379600,6.37,6.375284359478454,-0.001628882161247768,stop,99.9976250834398,0.00125,0.0004
1236,ATOM,short,short_main_v6_timeout210,57586,57587,57595,1598385900,1598388300,8.723,8.732276096616719,-0.00186227706431683,stop,99.99739230433521,0.00125,0.0004
1237,RLC,long,long_main_v9,7280,7281,7284,1598395500,1598396400,1.668,1.6460149129495174,-0.013980507824030241,stop,99.99564478642834,0.00125,0.0004
1238,SXP,long,long_main_v9,10141,10142,10142,1598397000,1598397000,2.6677,2.6249459616545088,-0.01682655408984943,stop,99.99354155877116,0.00125,0.0004
1243,WAVES,long,long_main_v9,3830,3831,3846,1598397300,1598401800,3.3157,3.2675500729072,-0.015321798441596179,stop,99.99162645765962,0.00125,0.0004
1239,ADA,long,long_main_v9,59690,59691,59712,1598397300,1598403600,0.11562,0.11614,0.003697491783428398,time,99.99208860543118,0.00125,0.0004
1240,ALGO,long,long_main_v9,20222,20223,20244,1598397300,1598403600,0.5574,0.5764,0.033286831718693975,time,99.99624913021444,0.00125,0.0004
1241,DOT,long,long_main_v9,950,951,972,1598397300,1598403600,4.645,4.847,0.042687621097954896,time,100.00158488270705,0.00125,0.0004
1242,QTUM,long,long_main_v9,53929,53930,53951,1598397300,1598403600,3.596,3.638,0.010879644048943283,time,100.00294485976687,0.00125,0.0004
1244,ZRX,long,long_main_v9,17918,17919,17940,1598397300,1598403600,0.6421,0.65,0.011503379535897773,time,100.00438282455366,0.00125,0.0004
1245,SNX,long,long_main_v9,3270,3271,3287,1598402100,1598406900,5.735,5.647644769546749,-0.01603194951233686,stop,100.00237874303309,0.00125,0.0004
1247,OMG,long,long_main_v9,15646,15647,15647,1598406900,1598406900,4.9999,4.916333946005915,-0.017513545069718448,stop,100.0001894978241,0.00125,0.0004
1248,BAND,long,long_main_v9,7895,7896,7897,1598407200,1598407500,10.4727,10.355492645071786,-0.011991703660776487,stop,99.99869053202599,0.00125,0.0004
1249,BAT,long,long_main_v9,55978,55979,55980,1598407200,1598407500,0.3434,0.3382841482556268,-0.015697646314423917,stop,99.99672835193114,0.00125,0.0004
1250,IOTA,long,long_main_v9,56267,56268,56269,1598407200,1598407500,0.3556,0.35262554069173224,-0.009164621226849778,stop,99.99558281175705,0.00125,0.0004
1251,RLC,long,long_main_v9,7319,7320,7321,1598407200,1598407500,1.5248,1.5032754575880405,-0.014916305359364812,stop,99.9937183559473,0.00125,0.0004
1252,SXP,long,long_main_v9,10175,10176,10177,1598407200,1598407500,2.5309,2.480884455989321,-0.020561959781373738,stop,99.99114827242826,0.00125,0.0004
1253,TRX,long,long_main_v9,64330,64331,64332,1598407200,1598407500,0.02266,0.022427872952519527,-0.011043912068864658,stop,99.98976790561679,0.00125,0.0004
1246,DOT,short,short_main_v6_timeout210,977,978,986,1598405400,1598407800,5.172,5.181513709156749,-0.0026360868446486433,stop,99.98943842847707,0.00125,0.0004
1254,THETA,short,short_main_v6_timeout210,26115,26116,26116,1598433600,1598433600,0.5355,0.5461616087696793,-0.020320978037428248,stop,99.98689857449922,0.00125,0.0004
1255,ONT,short,short_main_v6_timeout210,56815,56816,56824,1598485500,1598487900,0.9016,0.9024339019674674,-0.0017240587766587981,stop,99.98668309538668,0.00125,0.0004
1258,DOT,long,long_main_v9,1325,1326,1343,1598509800,1598514900,5.948,5.849925721789594,-0.017288614359516872,stop,99.98452230638028,0.00125,0.0004
1256,DOT,short,short_main_v6_timeout210,1265,1266,1436,1598491800,1598542800,6.491,6.5027080686691665,-0.00260049120236192,stop,99.98419729529199,0.00125,0.0004
1259,DOT,long,long_main_v9,1478,1479,1481,1598555700,1598556300,6.183,6.088833644230645,-0.01602988125009783,stop,99.98219387678007,0.00125,0.0004
1257,OMG,short,short_main_v6_timeout210,15940,15941,16151,1598495100,1598558100,5.7971,5.2156,0.11069244573970397,timeout,99.99602796874339,0.00125,0.0004
1260,SXP,long,long_main_v9,10692,10693,10708,1598562300,1598566800,2.7425,2.9504164125722,0.07501273019952595,target,100.00540418757718,0.00125,0.0004
1261,BAND,long,long_main_v9,8438,8439,8449,1598570100,1598573100,12.6594,13.438781471620008,0.060765435298671865,target,100.01300027747428,0.00125,0.0004
1262,DOT,long,long_main_v9,1553,1554,1560,1598578200,1598580000,5.402,5.269311863690901,-0.025362779768437458,stop,100.00982951784925,0.00125,0.0004
1264,ZIL,long,long_main_v9,20256,20257,20257,1598580300,1598580300,0.01953,0.019323289508196142,-0.01138425457265011,stop,100.00840634615051,0.00125,0.0004
1263,SXP,long,long_main_v9,10752,10753,10766,1598580300,1598584200,2.5843,2.7436270860537944,0.06085193129814428,target,100.01601347699078,0.00125,0.0004
1265,BAND,long,long_main_v9,8480,8481,8502,1598582700,1598589000,11.7735,12.3611,0.049108693251794254,time,100.02215304664841,0.00125,0.0004
1266,SNX,short,short_main_v6_timeout210,3976,3977,3985,1598613900,1598616300,6.659,6.666206702610489,-0.0018810799802632997,stop,100.02191785956131,0.00125,0.0004
1267,SXP,short,short_main_v6_timeout210,11214,11215,11228,1598718900,1598722800,3.1591,3.161884790863712,-0.0016807376131346744,stop,100.02170772131196,0.00125,0.0004
1269,SXP,long,long_main_v9,11693,11694,11703,1598862600,1598865300,2.914,2.8821718335599202,-0.011722500494193521,stop,100.02024209066421,0.00125,0.0004
1270,DOT,short,short_main_v6_timeout210,2674,2675,2684,1598914500,1598917200,6.244,6.2488965011426,-0.001583578531298179,stop,100.02004410327912,0.00125,0.0004
1268,OMG,short,short_main_v6_timeout210,17150,17151,17361,1598858100,1598921100,5.7154,5.2891,0.079799723960598,timeout,100.03002106816659,0.00125,0.0004
1271,TRX,short,short_main_v6_timeout210,66045,66046,66054,1598921700,1598924100,0.02927,0.029300277970295302,-0.0018333680221735752,stop,100.02979182836424,0.00125,0.0004
1272,ADA,short,short_main_v6_timeout210,61445,61446,61454,1598923800,1598926200,0.12304,0.12313877735314559,-0.001602162854535382,stop,100.02959149834322,0.00125,0.0004
1273,YFI,long,long_main_v9,149,150,152,1598934600,1598935200,36090.0,35516.76785320725,-0.01668340667200738,stop,100.02750545540047,0.00125,0.0004
1274,KAVA,long,long_main_v9,9994,9995,10013,1598950800,1598956200,3.8848,3.994945304347758,0.027552889298743468,target,100.03095051388128,0.00125,0.0004
1275,YFI,long,long_main_v9,235,236,253,1598960400,1598965500,31954.0,33749.1080261598,0.05537788152218206,target,100.03787489153892,0.00125,0.0004
1276,SXP,long,long_main_v9,12131,12132,12132,1598994000,1598994000,2.7045,2.669126014059338,-0.013879676812964292,stop,100.03613927482323,0.00125,0.0004
1277,CRV,short,short_main_v6_timeout210,123,124,126,1599013200,1599013800,5.49,5.708972917812855,-0.03915592162814905,stop,100.03124301578644,0.00125,0.0004
1278,TRX,short,short_main_v6_timeout210,66352,66353,66364,1599013800,1599017100,0.03404,0.034077654549059165,-0.0019049630485853167,stop,100.03100482100939,0.00125,0.0004
1279,CRV,short,short_main_v6_timeout210,126,127,146,1599014100,1599019800,5.608,5.619954818475489,-0.002927209001073882,stop,100.03063880643727,0.00125,0.0004
1280,CRV,long,long_main_v9,209,210,211,1599039000,1599039300,5.024,4.927108918889109,-0.0200856451255754,stop,100.02812733154633,0.00125,0.0004
1281,YFI,long,long_main_v9,504,505,505,1599041100,1599041100,29882.7,29372.663890041964,-0.01786793930796202,stop,100.02589321091102,0.00125,0.0004
1282,BAL,long,long_main_v9,220,221,226,1599042300,1599043800,33.154,34.28132581455407,0.033202709011101915,target,100.03004462419335,0.00125,0.0004
1283,BAL,short,short_main_v6_timeout210,271,272,272,1599057600,1599057600,35.501,36.09048375876084,-0.017133495630070248,stop,100.0279022937778,0.00125,0.0004
1285,OMG,long,long_main_v9,17873,17874,17874,1599075000,1599075000,4.4961,4.446208114861276,-0.011896702728747965,stop,100.0264147910051,0.00125,0.0004
1284,CRV,long,long_main_v9,329,330,336,1599075000,1599076800,4.326,4.2506832034911515,-0.01821026271586876,stop,100.02413790689026,0.00125,0.0004
1286,ALGO,long,long_main_v9,22488,22489,22489,1599077100,1599077100,0.4653,0.4585930678958852,-0.01521421041073454,stop,100.02223567153993,0.00125,0.0004
1287,ZIL,long,long_main_v9,21912,21913,21913,1599077100,1599077100,0.02066,0.020420942327130757,-0.012371039345074752,stop,100.02068894777383,0.00125,0.0004
1288,BAND,long,long_main_v9,10129,10130,10130,1599077400,1599077400,14.482,14.153347148472495,-0.02349388561852681,stop,100.0177516044918,0.00125,0.0004
1289,BCH,long,long_main_v9,74330,74331,74331,1599077400,1599077400,269.69,267.3801295864534,-0.009364909390584075,stop,100.01658078301529,0.00125,0.0004
1290,BNB,long,long_main_v9,59077,59078,59078,1599077400,1599077400,24.062,23.808821436550858,-0.01132192517035755,stop,100.01516530771102,0.00125,0.0004
1291,COMP,long,long_main_v9,18457,18458,18458,1599077400,1599077400,216.32,213.3539050582987,-0.014511607533752335,stop,100.01335108167805,0.00125,0.0004
1292,DEFI,long,long_main_v9,1489,1490,1490,1599077400,1599077400,986.8,977.7424041908323,-0.009978755380186088,stop,100.01210357072155,0.00125,0.0004
1293,ETC,long,long_main_v9,66277,66278,66278,1599077400,1599077400,6.274,6.228972512242927,-0.00797683897945065,stop,100.01110634516382,0.00125,0.0004
1294,KAVA,long,long_main_v9,10416,10417,10417,1599077400,1599077400,3.5792,3.528958554346903,-0.014837060140002611,stop,100.00925150666444,0.00125,0.0004
1295,MKR,long,long_main_v9,5809,5810,5810,1599077400,1599077400,650.53,645.6586790893712,-0.008288234071647449,stop,100.00821538155716,0.00125,0.0004
1296,QTUM,long,long_main_v9,56196,56197,56197,1599077400,1599077400,3.355,3.308787651594053,-0.0145741724011764,stop,100.00639346034153,0.00125,0.0004
1297,RLC,long,long_main_v9,9553,9554,9554,1599077400,1599077400,1.3866,1.372357246746839,-0.011071710120554612,stop,100.00500940809329,0.00125,0.0004
1298,SXP,long,long_main_v9,12409,12410,12410,1599077400,1599077400,2.4303,2.3954801284797287,-0.015127396420306671,stop,100.00311838881662,0.00125,0.0004
1299,WAVES,long,long_main_v9,6097,6098,6098,1599077400,1599077400,3.2956,3.2503298293379976,-0.014536548932516746,stop,100.00130126353679,0.00125,0.0004
1300,XTZ,long,long_main_v9,60229,60230,60230,1599077400,1599077400,3.151,3.1249234686167617,-0.009075636744918491,stop,100.00016679418144,0.00125,0.0004
1301,YFI,long,long_main_v9,625,626,626,1599077400,1599077400,27783.1,27298.481671494425,-0.018242917763157205,stop,99.99788642565753,0.00125,0.0004
1302,ZRX,long,long_main_v9,20185,20186,20186,1599077400,1599077400,0.5442,0.5394483267344696,-0.009531483398622509,stop,99.99669501541457,0.00125,0.0004
1309,LTC,long,long_main_v9,68293,68294,68294,1599077700,1599077700,58.56,57.92485005246653,-0.011646139814437717,stop,99.99523929605066,0.00125,0.0004
1303,ADA,long,long_main_v9,61958,61959,61960,1599077700,1599078000,0.11421,0.11292921952426424,-0.01201425860901637,stop,99.99373758521993,0.00125,0.0004
1304,BAL,long,long_main_v9,338,339,340,1599077700,1599078000,31.39,30.839912484829625,-0.018324291658820522,stop,99.99144719220547,0.00125,0.0004
1305,DASH,long,long_main_v9,60805,60806,60807,1599077700,1599078000,81.93,81.09608416353628,-0.01097839419582245,stop,99.99007501030111,0.00125,0.0004
1306,IOST,long,long_main_v9,55909,55910,55911,1599077700,1599078000,0.00664,0.006576032217295104,-0.01043370221459281,stop,99.98877092696728,0.00125,0.0004
1307,KNC,long,long_main_v9,20764,20765,20766,1599077700,1599078000,1.59463,1.5799492709141194,-0.010006354505986059,stop,99.98752027310664,0.00125,0.0004
1308,LINK,long,long_main_v9,65990,65991,65992,1599077700,1599078000,14.597,14.399415246646942,-0.014335983650959649,stop,99.98572849878673,0.00125,0.0004
1310,ONT,long,long_main_v9,58789,58790,58791,1599077700,1599078000,0.8132,0.8040181878497302,-0.012090964277262395,stop,99.98421734394734,0.00125,0.0004
1311,XLM,long,long_main_v9,65126,65127,65128,1599077700,1599078000,0.09139,0.09043628514632832,-0.011235658755571509,stop,99.98281310826356,0.00125,0.0004
1312,XRP,long,long_main_v9,69154,69155,69156,1599077700,1599078000,0.2738,0.27050467718376936,-0.012835510650951875,stop,99.98120894518534,0.00125,0.0004
1313,ZEC,long,long_main_v9,60518,60519,60520,1599077700,1599078000,74.18,73.17151124881595,-0.014395157066379926,stop,99.97940988867728,0.00125,0.0004
1316,DOT,long,long_main_v9,3220,3221,3224,1599078300,1599079200,5.528,5.878500135668494,0.06260451079386656,target,99.98723384123421,0.00125,0.0004
1314,ATOM,long,long_main_v9,59894,59895,59899,1599078300,1599079500,6.523,6.786792126034468,0.0396403075324955,target,99.99218824710769,0.00125,0.0004
1318,IOTA,long,long_main_v9,58504,58505,58509,1599078300,1599079500,0.3237,0.3378560351288898,0.04293195900182214,target,99.99755432276561,0.00125,0.0004
1319,SNX,long,long_main_v9,5524,5525,5530,1599078300,1599079800,5.976,6.402506973778705,0.07056997553191172,target,100.00637535396787,0.00125,0.0004
1321,VET,long,long_main_v9,57928,57929,57935,1599078300,1599080100,0.015338,0.016103495340644182,0.04910841965342185,target,100.01251429777899,0.00125,0.0004
1320,TRX,long,long_main_v9,66567,66568,66588,1599078300,1599084300,0.03261,0.03559983417088443,0.0908845805239015,target,100.02387629204036,0.00125,0.0004
1315,BAT,long,long_main_v9,58215,58216,58237,1599078300,1599084600,0.3051,0.3197,0.04705316289741059,time,100.02975934172134,0.00125,0.0004
1317,ETH,long,long_main_v9,80683,80684,80705,1599078300,1599084600,428.93,446.48,0.0401157671414917,time,100.03477530488757,0.00125,0.0004
1322,BAL,long,long_main_v9,382,383,401,1599090900,1599096300,31.746,31.18735394845954,-0.01839736822089275,stop,100.03247483414235,0.00125,0.0004
1323,TRX,long,long_main_v9,66627,66628,66649,1599096300,1599102600,0.03222,0.03333,0.03365065176908746,time,100.03668253161266,0.00125,0.0004
1324,CRV,long,long_main_v9,506,507,525,1599128100,1599133500,4.171,4.111988076047633,-0.014948147674986067,stop,100.03481332773342,0.00125,0.0004
1325,DEFI,long,long_main_v9,1720,1721,1722,1599146700,1599147000,928.0,904.7639138674261,-0.02583888591872183,stop,100.03158234257157,0.00125,0.0004
1327,BAND,long,long_main_v9,10413,10414,10415,1599162600,1599162900,12.9814,12.77096757046625,-0.01701030316712757,stop,100.02945538314415,0.00125,0.0004
1328,CRV,long,long_main_v9,621,622,623,1599162600,1599162900,3.583,3.5087397286042727,-0.021525724642960518,stop,100.0267638750032,0.00125,0.0004
1326,BAL,long,long_main_v9,620,621,628,1599162300,1599164400,28.252,28.008310345435717,-0.009425571802501786,stop,100.02558536319685,0.00125,0.0004
1329,ZIL,long,long_main_v9,22213,22214,22214,1599167400,1599167400,0.0179,0.017569529252810575,-0.019262052915610315,stop,100.02317699054913,0.00125,0.0004
1333,QTUM,long,long_main_v9,56497,56498,56499,1599167700,1599168000,2.855,2.8108247264148005,-0.01627295046767061,stop,100.02114240029314,0.00125,0.0004
1335,ZEC,long,long_main_v9,60818,60819,60820,1599167700,1599168000,68.39,67.54350029970357,-0.013177536193835859,stop,100.01949486001298,0.00125,0.0004
1337,YFI,long,long_main_v9,927,928,928,1599168000,1599168000,29011.9,28496.49380578452,-0.01856533747239861,stop,100.01717374041812,0.00125,0.0004
1330,COMP,long,long_main_v9,18758,18759,18761,1599167700,1599168300,202.41,197.96601559512973,-0.022755359937109174,stop,100.01432883193267,0.00125,0.0004
1331,IOST,long,long_main_v9,56209,56210,56212,1599167700,1599168300,0.0061,0.006020930916675758,-0.013762144807252885,stop,100.01260831733745,0.00125,0.0004
1332,OMG,long,long_main_v9,18182,18183,18185,1599167700,1599168300,3.8141,3.7538749961609224,-0.01659009565535183,stop,100.01053429391405,0.00125,0.0004
1334,XTZ,long,long_main_v9,60530,60531,60533,1599167700,1599168300,2.801,2.7676076298467884,-0.012721588773013858,stop,100.00894392780123,0.00125,0.0004
1336,ZRX,long,long_main_v9,20486,20487,20489,1599167700,1599168300,0.489,0.48230557666441554,-0.014490027271133887,stop,100.00713251239515,0.00125,0.0004
1338,ATOM,long,long_main_v9,60194,60195,60195,1599168300,1599168300,5.786,5.710199475226444,-0.013900678322425785,stop,100.0053948036714,0.00125,0.0004
1339,BAT,long,long_main_v9,58515,58516,58516,1599168300,1599168300,0.2869,0.2832340559191477,-0.013577776510464634,stop,100.00369749004578,0.00125,0.0004
1340,BNB,long,long_main_v9,59380,59381,59381,1599168300,1599168300,22.347,21.945758216430743,-0.018755062584206315,stop,100.00135302053943,0.00125,0.0004
1343,KNC,long,long_main_v9,21067,21068,21073,1599168600,1599170100,1.44436,1.419625483889604,-0.017924896916555386,stop,99.99911237810892,0.00125,0.0004
1349,WAVES,long,long_main_v9,6401,6402,6415,1599168600,1599172500,2.8106,3.006442630412399,0.06888000797424013,target,100.00772230268146,0.00125,0.0004
1344,LINK,long,long_main_v9,66293,66294,66310,1599168600,1599173400,12.954,13.763873815098163,0.061719207588247914,target,100.01543779939799,0.00125,0.0004
1341,ALGO,long,long_main_v9,22793,22794,22815,1599168600,1599174900,0.3861,0.4059,0.05048205128205132,time,100.02174902997297,0.00125,0.0004
1342,KAVA,long,long_main_v9,10720,10721,10742,1599168600,1599174900,2.8462,3.0315,0.06430434965919454,time,100.02978882187689,0.00125,0.0004
1345,ONT,long,long_main_v9,59092,59093,59114,1599168600,1599174900,0.7107,0.7404,0.04098978471929073,time,100.03491407126356,0.00125,0.0004
1346,SNX,long,long_main_v9,5825,5826,5847,1599168600,1599174900,5.655,5.785,0.02218850574712641,time,100.03768860284578,0.00125,0.0004
1347,SXP,long,long_main_v9,12713,12714,12735,1599168600,1599174900,2.0504,2.1732,0.05909075302380042,time,100.04507773078366,0.00125,0.0004
1348,VET,long,long_main_v9,58229,58230,58251,1599168600,1599174900,0.014258,0.01483,0.03931782858745971,time,100.0499946748052,0.00125,0.0004
1351,OMG,long,long_main_v9,18217,18218,18220,1599178200,1599178800,3.745,3.6904006876490856,-0.015379255634423083,stop,100.0480713067498,0.00125,0.0004
1352,BAND,long,long_main_v9,10467,10468,10471,1599178800,1599179700,11.5135,11.27860472355569,-0.02120172635986548,stop,100.04541981696146,0.00125,0.0004
1353,RLC,long,long_main_v9,9891,9892,9895,1599178800,1599179700,1.1583,1.1400634516894743,-0.016544235785656423,stop,100.04335084819304,0.00125,0.0004
1354,ZIL,long,long_main_v9,22251,22252,22255,1599178800,1599179700,0.0171,0.01687807926545457,-0.013777820733650947,stop,100.04162787400107,0.00125,0.0004
1350,YFI,short,short_main_v6_timeout210,960,961,969,1599177900,1599180300,31825.6,31879.134441756592,-0.0024792940804086775,stop,100.04131783323133,0.00125,0.0004
1356,TRX,short,short_main_v6_timeout210,66914,66915,66920,1599182400,1599183900,0.04196,0.04352113734313299,-0.03667078459886151,stop,100.03673209120977,0.00125,0.0004
1357,TRX,short,short_main_v6_timeout210,66937,66938,66938,1599189300,1599189300,0.04671,0.04890177520201815,-0.045619951688127915,stop,100.03102750260348,0.00125,0.0004
1359,TRB,long,long_main_v9,193,194,196,1599207000,1599207600,45.523,44.68651013921061,-0.01917510403069642,stop,100.02862987090515,0.00125,0.0004
1360,CRV,long,long_main_v9,771,772,772,1599207600,1599207600,3.171,3.1169223396665102,-0.017853819089716037,stop,100.02639750457827,0.00125,0.0004
1361,KAVA,long,long_main_v9,10851,10852,10852,1599207900,1599207900,2.8771,2.846028063746107,-0.01159974149452323,stop,100.02494715413617,0.00125,0.0004
1362,ADA,long,long_main_v9,62393,62394,62394,1599208200,1599208200,0.09551,0.09421469356106386,-0.014361998104241746,stop,100.02315145650942,0.00125,0.0004
1363,ALGO,long,long_main_v9,22925,22926,22926,1599208200,1599208200,0.3474,0.34038701792671777,-0.020987052600121545,stop,100.02052746758336,0.00125,0.0004
1364,ATOM,long,long_main_v9,60327,60328,60328,1599208200,1599208200,4.977,4.894152676916423,-0.01744603638408213,stop,100.01834626538167,0.00125,0.0004
1365,BAL,long,long_main_v9,773,774,774,1599208200,1599208200,22.059,21.66964259423793,-0.01845072785539101,stop,100.0160395012723,0.00125,0.0004
1366,BAND,long,long_main_v9,10565,10566,10566,1599208200,1599208200,10.6368,10.419217269211142,-0.021255656850637104,stop,100.0133821180033,0.00125,0.0004
1367,BAT,long,long_main_v9,58648,58649,58649,1599208200,1599208200,0.2486,0.24467895682151528,-0.01657249870669639,stop,100.01131027844606,0.00125,0.0004
1368,BCH,long,long_main_v9,74766,74767,74767,1599208200,1599208200,224.52,221.88499266583963,-0.012536180893285098,stop,100.00974307859978,0.00125,0.0004
1369,BNB,long,long_main_v9,59513,59514,59514,1599208200,1599208200,20.814,20.535794569386535,-0.01416626456296075,stop,100.00797212300063,0.00125,0.0004
1370,BTC,long,long_main_v9,104034,104035,104035,1599208200,1599208200,10185.4,10101.263052357739,-0.009060544273397286,stop,100.00683946467673,0.00125,0.0004
1371,COMP,long,long_main_v9,18893,18894,18894,1599208200,1599208200,185.13,181.61958687515616,-0.01976188151484812,stop,100.0043690605365,0.00125,0.0004
1372,DASH,long,long_main_v9,61240,61241,61241,1599208200,1599208200,68.46,67.60021717604548,-0.013358907741082704,stop,100.00269912411153,0.00125,0.0004
1373,DEFI,long,long_main_v9,1925,1926,1926,1599208200,1599208200,799.9,792.8555623335571,-0.009606647914042843,stop,100.00149826071035,0.00125,0.0004
1374,DOGE,long,long_main_v9,16013,16014,16014,1599208200,1599208200,0.002777,0.0027555240962733383,-0.008533490718999536,stop,100.00043155838873,0.00125,0.0004
1376,ETC,long,long_main_v9,66713,66714,66714,1599208200,1599208200,5.133,5.062637696540302,-0.014507832351392502,stop,99.99861807151858,0.00125,0.0004
1377,IOST,long,long_main_v9,56344,56345,56345,1599208200,1599208200,0.005255,0.005175427150993565,-0.01594231189465942,stop,99.99662531007066,0.00125,0.0004
1378,IOTA,long,long_main_v9,58937,58938,58938,1599208200,1599208200,0.2715,0.2676810618765738,-0.014866070436192346,stop,99.99476711397661,0.00125,0.0004
1379,KNC,long,long_main_v9,21199,21200,21200,1599208200,1599208200,1.27443,1.258650503537027,-0.013181610965665369,stop,99.99311949882824,0.00125,0.0004
1380,LINK,long,long_main_v9,66425,66426,66426,1599208200,1599208200,11.301,11.048328273610302,-0.023158351153853427,stop,99.99022490411032,0.00125,0.0004
1381,LTC,long,long_main_v9,68728,68729,68729,1599208200,1599208200,48.52,47.909304766185016,-0.013386464011026144,stop,99.9885517596764,0.00125,0.0004
1382,MKR,long,long_main_v9,6245,6246,6246,1599208200,1599208200,567.84,563.4338762371696,-0.00855944590523825,stop,99.98748195142649,0.00125,0.0004
1383,NEO,long,long_main_v9,57488,57489,57489,1599208200,1599208200,17.768,17.587647975017823,-0.01095038411651159,stop,99.98611332475872,0.00125,0.0004
1384,OMG,long,long_main_v9,18317,18318,18318,1599208200,1599208200,3.4589,3.4119101037055852,-0.014385213881411651,stop,99.98431542272704,0.00125,0.0004
1385,ONT,long,long_main_v9,59224,59225,59225,1599208200,1599208200,0.6125,0.5998762000752443,-0.021410285591437848,stop,99.9816395567922,0.00125,0.0004
1386,QTUM,long,long_main_v9,56632,56633,56633,1599208200,1599208200,2.414,2.367279666250341,-0.020153907932750268,stop,99.97912078084396,0.00125,0.0004
1387,RLC,long,long_main_v9,9989,9990,9990,1599208200,1599208200,0.998,0.9762384558095515,-0.02260515449944742,stop,99.97629572650399,0.00125,0.0004
1388,SNX,long,long_main_v9,5957,5958,5958,1599208200,1599208200,5.394,5.323784117794543,-0.013817404932416988,stop,99.97456896030187,0.00125,0.0004
1389,SXP,long,long_main_v9,12845,12846,12846,1599208200,1599208200,1.8028,1.7582023626808765,-0.025537983869050127,stop,99.9713775241401,0.00125,0.0004
1390,THETA,long,long_main_v9,28697,28698,28698,1599208200,1599208200,0.4086,0.40279589145992245,-0.015004866715804121,stop,99.96950245264617,0.00125,0.0004
1392,VET,long,long_main_v9,58361,58362,58362,1599208200,1599208200,0.012069,0.01180706070073469,-0.022503479929182977,stop,99.9666903755312,0.00125,0.0004
1393,WAVES,long,long_main_v9,6533,6534,6534,1599208200,1599208200,2.4807,2.4345688740368323,-0.01939601159477886,stop,99.96426668167418,0.00125,0.0004
1394,XLM,long,long_main_v9,65561,65562,65562,1599208200,1599208200,0.07902,0.07816899419616412,-0.011569498909591113,stop,99.96282101108122,0.00125,0.0004
1395,XMR,long,long_main_v9,61529,61530,61530,1599208200,1599208200,78.07,77.26331167307572,-0.011132884935625342,stop,99.96142991785102,0.00125,0.0004
1396,XRP,long,long_main_v9,69589,69590,69590,1599208200,1599208200,0.248,0.24571978986223894,-0.009994395716778492,stop,99.96018110024225,0.00125,0.0004
1397,XTZ,long,long_main_v9,60665,60666,60666,1599208200,1599208200,2.526,2.4888307840818165,-0.01551465396602667,stop,99.95824254071707,0.00125,0.0004
1398,YFI,long,long_main_v9,1061,1062,1062,1599208200,1599208200,28588.9,27982.01940742978,-0.0220278399158492,stop,99.95549021051087,0.00125,0.0004
1399,ZEC,long,long_main_v9,60953,60954,60954,1599208200,1599208200,58.8,57.97958739260162,-0.014752595363917908,stop,99.95364695688403,0.00125,0.0004
1400,ZIL,long,long_main_v9,22349,22350,22350,1599208200,1599208200,0.01575,0.015511586385496741,-0.015937372349413257,stop,99.95165570877249,0.00125,0.0004
1401,ZRX,long,long_main_v9,20621,20622,20622,1599208200,1599208200,0.4528,0.44691603646182565,-0.013794619121409757,stop,99.94993221499617,0.00125,0.0004
1391,TRX,long,long_main_v9,67000,67001,67008,1599208200,1599210300,0.03973,0.03855533710554386,-0.030366143832271406,stop,99.94613834747409,0.00125,0.0004
1375,DOT,long,long_main_v9,3653,3654,3675,1599208200,1599214500,5.672,5.981860697355862,0.0538298831727543,target,99.9528634586626,0.00125,0.0004
1402,KAVA,long,long_main_v9,10885,10886,10888,1599218100,1599218700,2.4897,2.444137533317834,-0.01910038425600122,stop,99.95047703603817,0.00125,0.0004
1403,CRV,long,long_main_v9,809,810,831,1599219000,1599225300,2.825,2.982,0.054775221238937986,time,99.9573205479039,0.00125,0.0004
1404,BAND,long,long_main_v9,10655,10656,10663,1599235200,1599237300,9.9846,9.811057507431515,-0.018181016021521643,stop,99.95504889084597,0.00125,0.0004
1405,DOT,long,long_main_v9,3751,3752,3752,1599237600,1599237600,5.339,5.2661799194641485,-0.014439273372513916,stop,99.9532447930011,0.00125,0.0004
1408,TRB,long,long_main_v9,296,297,300,1599237900,1599238800,40.804,42.55633281103316,0.04214512329754818,target,99.95851047028334,0.00125,0.0004
1406,KAVA,long,long_main_v9,10951,10952,10956,1599237900,1599239100,2.3463,2.4728660383271888,0.05314281989821792,target,99.96515056668237,0.00125,0.0004
1407,QTUM,long,long_main_v9,56731,56732,56738,1599237900,1599239700,2.283,2.3843488309980936,0.043592830047347285,target,99.97059777145651,0.00125,0.0004
1409,SXP,short,short_main_v6_timeout210,12951,12952,12963,1599240000,1599243300,2.0208,2.0249408673885414,-0.002844932499131069,stop,99.97024225945331,0.00125,0.0004
1355,YFI,short,short_main_v6_timeout210,974,975,1185,1599182100,1599245100,32772.5,29231.2,0.12034795150387248,timeout,99.98528127678742,0.00125,0.0004
1358,TRX,short,short_main_v6_timeout210,66939,66940,67150,1599189900,1599252900,0.04817,0.03984,0.20828634538152593,timeout,100.01131323782377,0.00125,0.0004
1410,TRX,long,long_main_v9,67128,67129,67150,1599246600,1599252900,0.03849,0.03984,0.034274045206547,time,100.01559797816262,0.00125,0.0004
1411,OMG,short,short_main_v6_timeout210,18479,18480,18480,1599256800,1599256800,3.8792,3.965585154202462,-0.022583709299727615,stop,100.0127745741749,0.00125,0.0004
1412,OMG,short,short_main_v6_timeout210,18483,18484,18485,1599258000,1599258300,4.0401,4.167442644651357,-0.03135654402701691,stop,100.0088545054634,0.00125,0.0004
1414,SXP,short,short_main_v6_timeout210,13015,13016,13019,1599259200,1599260100,2.1074,2.174463722876129,-0.031641499984844425,stop,100.00489896775301,0.00125,0.0004
1415,BAND,long,long_main_v9,10742,10743,10743,1599261300,1599261300,10.5001,10.296946943426498,-0.020147725885801247,stop,100.00238037863846,0.00125,0.0004
1416,CRV,long,long_main_v9,951,952,954,1599261600,1599262200,2.977,2.9269492015381897,-0.017612495284450833,stop,100.0001787643224,0.00125,0.0004
1418,YFI,long,long_main_v9,1239,1240,1242,1599261600,1599262200,26591.2,26209.775216817,-0.015144022954323244,stop,99.99828575806909,0.00125,0.0004
1417,KAVA,long,long_main_v9,11030,11031,11034,1599261600,1599262500,2.5954,2.553464094775584,-0.01695778116067523,stop,99.99616607176117,0.00125,0.0004
1420,BAL,long,long_main_v9,955,956,956,1599262800,1599262800,21.392,21.086263547710402,-0.015092092945474844,stop,99.99427963247048,0.00125,0.0004
1421,BAT,long,long_main_v9,58830,58831,58831,1599262800,1599262800,0.2564,0.25293590026876206,-0.0143105293730029,stop,99.99249091862572,0.00125,0.0004
1422,DEFI,long,long_main_v9,2107,2108,2108,1599262800,1599262800,786.3,775.865314056195,-0.01407061674145369,stop,99.9907322236048,0.00125,0.0004
1423,DOT,long,long_main_v9,3835,3836,3836,1599262800,1599262800,4.793,4.679837338493872,-0.024409985709603153,stop,99.98768125817395,0.00125,0.0004
1425,ONT,long,long_main_v9,59406,59407,59407,1599262800,1599262800,0.6111,0.5984632064865347,-0.02147876536322244,stop,99.98499674324276,0.00125,0.0004
1427,SNX,long,long_main_v9,6139,6140,6140,1599262800,1599262800,5.088,5.012398931874791,-0.015658700496306886,stop,99.9830396993451,0.00125,0.0004
1419,ATOM,long,long_main_v9,60509,60510,60512,1599262800,1599263400,5.08,4.980516124133214,-0.020383440131257122,stop,99.98049220146528,0.00125,0.0004
1424,KNC,long,long_main_v9,21381,21382,21384,1599262800,1599263400,1.30465,1.2835408305796894,-0.016979948200904958,stop,99.97837012199193,0.00125,0.0004
1426,RLC,long,long_main_v9,10171,10172,10174,1599262800,1599263400,1.0315,1.0104150719916178,-0.021241035393487404,stop,99.975715566869,0.00125,0.0004
1428,TRB,long,long_main_v9,379,380,382,1599262800,1599263400,42.947,41.927228950342645,-0.02454487274215564,stop,99.97264820284913,0.00125,0.0004
1429,TRX,long,long_main_v9,67182,67183,67185,1599262800,1599263400,0.03312,0.032126482073298074,-0.030797521941483195,stop,99.96879956556592,0.00125,0.0004
1430,VET,long,long_main_v9,58543,58544,58546,1599262800,1599263400,0.013071,0.012792249947192764,-0.022125839859783867,stop,99.96603469850322,0.00125,0.0004
1431,WAVES,long,long_main_v9,6715,6716,6718,1599262800,1599263400,2.5107,2.460509677638599,-0.020790569307922422,stop,99.96343676003717,0.00125,0.0004
1432,ZEC,long,long_main_v9,61135,61136,61138,1599262800,1599263400,56.5,55.66928284662109,-0.01550295846688341,stop,99.9614995987768,0.00125,0.0004
1433,ALGO,long,long_main_v9,23108,23109,23110,1599263100,1599263400,0.346,0.339643021642614,-0.019172769819034572,stop,99.95910392524857,0.00125,0.0004
1434,LINK,long,long_main_v9,66608,66609,66610,1599263100,1599263400,11.668,11.427340760555156,-0.021425577600689392,stop,99.95642682332601,0.00125,0.0004
1435,QTUM,long,long_main_v9,56815,56816,56817,1599263100,1599263400,2.439,2.3861906001133133,-0.02245207047424633,stop,99.95362153740177,0.00125,0.0004
1436,SXP,long,long_main_v9,13028,13029,13030,1599263100,1599263400,1.9253,1.867387988345079,-0.03087947418839718,stop,99.9497633933064,0.00125,0.0004
1437,XTZ,long,long_main_v9,60848,60849,60850,1599263100,1599263400,2.511,2.473770121869585,-0.01562671371183397,stop,99.94781103538376,0.00125,0.0004
1438,ZIL,long,long_main_v9,22532,22533,22534,1599263100,1599263400,0.01588,0.015568299902893748,-0.02042846959107367,stop,99.94525880936072,0.00125,0.0004
1439,ZRX,long,long_main_v9,20804,20805,20806,1599263100,1599263400,0.4475,0.4368589574292278,-0.024578866079937842,stop,99.94218813294623,0.00125,0.0004
1413,OMG,short,short_main_v6_timeout210,18487,18488,18565,1599259200,1599282300,4.394,4.402572530396043,-0.0027471639221969594,stop,99.94184493597929,0.00125,0.0004
1440,RUNE,short,short_main_v6_timeout210,170,171,184,1599287100,1599291000,0.8442,0.8454710062975805,-0.0023033115128885165,stop,99.94155718947671,0.00125,0.0004
1442,CRV,long,long_main_v9,1054,1055,1058,1599292500,1599293400,2.944,2.906032700318189,-0.013696501250615145,stop,99.93984612739793,0.00125,0.0004
1441,SUSHI,long,long_main_v9,185,186,197,1599291000,1599294300,4.4763,4.402689955575349,-0.01724439479584725,stop,99.93769187469486,0.00125,0.0004
1443,DOT,long,long_main_v9,4024,4025,4026,1599319500,1599319800,4.819,4.9882362353945275,0.03431853816030874,target,99.94197901906017,0.00125,0.0004
1444,SUSHI,long,long_main_v9,290,291,291,1599322500,1599322500,4.2533,4.175866284487816,-0.019005561684382586,stop,99.93960470225129,0.00125,0.0004
1445,COMP,long,long_main_v9,19288,19289,19297,1599326700,1599329100,180.07,177.67222003295151,-0.014115821441930776,stop,99.9378412902326,0.00125,0.0004
1446,CRV,long,long_main_v9,1176,1177,1177,1599329100,1599329100,2.747,2.7094277530801714,-0.01447755621398925,stop,99.93603272058863,0.00125,0.0004
1447,YFI,long,long_main_v9,1474,1475,1475,1599332100,1599332100,24047.1,23642.164958135014,-0.01763924639000067,stop,99.93382922520813,0.00125,0.0004
1449,TRX,long,long_main_v9,67414,67415,67416,1599332400,1599332700,0.03102,0.030439344136046046,-0.019518757703222176,stop,99.93139099495939,0.00125,0.0004
1451,TRB,long,long_main_v9,616,617,618,1599333900,1599334200,39.023,38.46483398313199,-0.015103513744920005,stop,99.92950435103758,0.00125,0.0004
1450,ZRX,long,long_main_v9,21035,21036,21050,1599332400,1599336600,0.4589,0.45467692213108507,-0.01000261030489189,stop,99.9282549061751,0.00125,0.0004
1448,SUSHI,long,long_main_v9,323,324,340,1599332400,1599337200,2.8071,2.6247980091348158,-0.0657431765399111,stop,99.92004290504558,0.00125,0.0004
1453,SNX,long,long_main_v9,6386,6387,6388,1599336900,1599337200,4.744,4.679270927407787,-0.014444408219269156,stop,99.91823879768431,0.00125,0.0004
1454,KAVA,long,long_main_v9,11282,11283,11283,1599337200,1599337200,2.39,2.352662794494936,-0.01642226171760006,stop,99.91618769334944,0.00125,0.0004
1455,RUNE,long,long_main_v9,337,338,338,1599337200,1599337200,0.6887,0.6801508807992909,-0.013213415421386853,stop,99.9145374007303,0.00125,0.0004
1458,SXP,long,long_main_v9,13276,13277,13282,1599337500,1599339000,1.7498,1.7169876889269189,-0.01955203513148993,stop,99.91209548504854,0.00125,0.0004
1452,DOT,long,long_main_v9,4082,4083,4091,1599336900,1599339300,4.329,4.666041611370121,0.07705669008318808,target,99.92171910427022,0.00125,0.0004
1456,NEO,long,long_main_v9,57919,57920,57927,1599337500,1599339600,16.622,17.33147365875008,0.04188280945434255,target,99.92695035717222,0.00125,0.0004
1461,RLC,long,long_main_v9,10430,10431,10433,1599340500,1599341100,1.0103,0.9921387556504672,-0.0187760906161861,stop,99.92460506032859,0.00125,0.0004
1459,VET,long,long_main_v9,58792,58793,58806,1599337500,1599341400,0.012494,0.012300618750268088,-0.016277929384657528,stop,99.92257185324738,0.00125,0.0004
1457,OMG,long,long_main_v9,18748,18749,18763,1599337500,1599341700,3.7958,3.728676281165315,-0.018483681657275073,stop,99.92026318198674,0.00125,0.0004
1462,BAND,long,long_main_v9,11009,11010,11011,1599341400,1599341700,9.1869,8.997286993470622,-0.02143949825614486,stop,99.91758538160144,0.00125,0.0004
1474,YFI,long,long_main_v9,1507,1508,1511,1599342000,1599342900,19412.5,18673.41252951606,-0.038872760874897196,stop,99.91273029109676,0.00125,0.0004
1460,LINK,long,long_main_v9,66866,66867,66876,1599340500,1599343200,10.891,10.650442802670971,-0.022887705199617,stop,99.90987182470103,0.00125,0.0004
1472,WAVES,long,long_main_v9,6979,6980,6990,1599342000,1599345000,2.3139,2.4772599260894506,0.06979938894915541,target,99.91858888470523,0.00125,0.0004
1463,ATOM,long,long_main_v9,60773,60774,60787,1599342000,1599345900,4.844,5.1765560765129575,0.06785319498615952,target,99.92706362907315,0.00125,0.0004
1464,BNB,long,long_main_v9,59959,59960,59973,1599342000,1599345900,18.704,19.67156742226772,0.050930508033988485,target,99.93342529921937,0.00125,0.0004
1468,IOTA,long,long_main_v9,59383,59384,59397,1599342000,1599345900,0.2584,0.2709805788866684,0.04788645079980016,target,99.93940712053669,0.00125,0.0004
1469,KNC,long,long_main_v9,21645,21646,21659,1599342000,1599345900,1.14841,1.228905824313328,0.06929328054730291,target,99.94806353225584,0.00125,0.0004
1470,ONT,long,long_main_v9,59670,59671,59684,1599342000,1599345900,0.61,0.6501328326277029,0.06499152889787366,target,99.95618325408002,0.00125,0.0004
1473,XTZ,long,long_main_v9,61111,61112,61127,1599342000,1599346500,2.421,2.5643516186619055,0.05841173839814364,target,99.9634815221144,0.00125,0.0004
1465,CRV,long,long_main_v9,1219,1220,1236,1599342000,1599346800,2.048,2.3744552913462496,0.15860199772766084,target,99.98329953195093,0.00125,0.0004
1466,ETH,long,long_main_v9,81562,81563,81579,1599342000,1599346800,337.68,358.79943046837343,0.06174273415178102,target,99.9910160848042,0.00125,0.0004
1471,TRX,long,long_main_v9,67446,67447,67463,1599342000,1599346800,0.02991,0.03250289621768477,0.08588994375408801,target,100.0017513632385,0.00125,0.0004
1475,BAL,long,long_main_v9,1220,1221,1236,1599342300,1599346800,18.632,19.90667243132136,0.06761307596185909,target,100.01020314575256,0.00125,0.0004
1467,IOST,long,long_main_v9,56790,56791,56812,1599342000,1599348300,0.004853,0.005082,0.0463873068205233,time,100.0160021507257,0.00125,0.0004
1476,YFI,short,short_main_v6_timeout210,1525,1526,1534,1599347400,1599349800,22514.9,22582.23680800214,-0.0037818484579117176,stop,100.01552934402132,0.00125,0.0004
1477,SUSHI,long,long_main_v9,398,399,403,1599354900,1599356100,2.0246,1.9277231560945318,-0.04864986856933127,stop,100.00944716607447,0.00125,0.0004
1479,SNX,long,long_main_v9,6451,6452,6452,1599356400,1599356400,4.507,4.449205186127667,-0.013623344546778915,stop,100.00774408712861,0.00125,0.0004
1478,CRV,long,long_main_v9,1267,1268,1270,1599356400,1599357000,2.154,2.1122078130889173,-0.020202129485182272,stop,100.00521862538415,0.00125,0.0004
1481,RUNE,long,long_main_v9,403,404,404,1599357000,1599357000,0.6324,0.6228965382024808,-0.015827611950536256,stop,100.00324007064236,0.00125,0.0004
1480,YFI,long,long_main_v9,1556,1557,1567,1599356700,1599359700,20775.4,20242.627690872967,-0.026444382737614378,stop,99.99993441569808,0.00125,0.0004
1483,DOT,long,long_main_v9,4158,4159,4159,1599359700,1599359700,4.228,4.143989253805836,-0.020670091342044315,stop,99.99735065597487,0.00125,0.0004
1482,TRB,long,long_main_v9,700,701,704,1599359100,1599360000,32.337,31.612968784124856,-0.02319017892430184,stop,99.99445196040779,0.00125,0.0004
1484,TRX,long,long_main_v9,67519,67520,67520,1599363900,1599363900,0.02899,0.028355150064174318,-0.02269892845207586,stop,99.99161475176948,0.00125,0.0004
1485,BAND,long,long_main_v9,11085,11086,11086,1599364200,1599364200,8.3418,8.196717556160513,-0.01819222276241181,stop,99.98934091460706,0.00125,0.0004
1487,ATOM,long,long_main_v9,60848,60849,60849,1599364500,1599364500,4.569,4.829925674507799,0.056307829833179966,target,99.99637864309874,0.00125,0.0004
1489,BAT,long,long_main_v9,59169,59170,59170,1599364500,1599364500,0.2261,0.2365386464743024,0.04536827277444679,target,100.00204947182716,0.00125,0.0004
1490,DEFI,long,long_main_v9,2446,2447,2447,1599364500,1599364500,621.4,663.3163249396171,0.0666546587377165,target,100.01038147492793,0.00125,0.0004
1492,IOST,long,long_main_v9,56865,56866,56866,1599364500,1599364500,0.004644,0.00485434154206095,0.04449318304499363,target,100.01594370018962,0.00125,0.0004
1494,KAVA,long,long_main_v9,11373,11374,11374,1599364500,1599364500,2.0053,2.1473779824799735,0.07005123546600181,target,100.02470150071774,0.00125,0.0004
1497,LTC,long,long_main_v9,69249,69250,69250,1599364500,1599364500,45.57,47.525515583879184,0.04211234548780309,target,100.02996684420138,0.00125,0.0004
1502,THETA,long,long_main_v9,29218,29219,29219,1599364500,1599364500,0.3725,0.39284709321276273,0.05382306902755087,target,100.03669674396424,0.00125,0.0004
1503,VET,long,long_main_v9,58882,58883,58883,1599364500,1599364500,0.010947,0.011837176906498326,0.08051697328019772,target,100.0467650590127,0.00125,0.0004
1505,XTZ,long,long_main_v9,61186,61187,61187,1599364500,1599364500,2.344,2.482246433018546,0.05817885367685407,target,100.05404081664422,0.00125,0.0004
1507,ZRX,long,long_main_v9,21142,21143,21143,1599364500,1599364500,0.4097,0.43018464367346587,0.04919913027450775,target,100.06019403138001,0.00125,0.0004
1493,IOTA,long,long_main_v9,59458,59459,59460,1599364500,1599364800,0.2486,0.25922341152686385,0.04193295063098903,target,100.06543880535055,0.00125,0.0004
1498,OMG,long,long_main_v9,18838,18839,18840,1599364500,1599364800,3.4908,3.7046831787512655,0.060470533617298504,target,100.07300256845205,0.00125,0.0004
1499,QTUM,long,long_main_v9,57153,57154,57155,1599364500,1599364800,2.237,2.34793656591515,0.048791670055945556,target,100.07910597960559,0.00125,0.0004
1504,WAVES,long,long_main_v9,7054,7055,7056,1599364500,1599364800,2.1419,2.277961601546867,0.06272378801385062,target,100.08695265539069,0.00125,0.0004
1486,ALGO,long,long_main_v9,23446,23447,23453,1599364500,1599366300,0.3238,0.31840698473327583,-0.01745538995282323,stop,100.08476883440595,0.00125,0.0004
1500,RLC,long,long_main_v9,10510,10511,10517,1599364500,1599366300,0.8522,0.833357013655778,-0.022910990781767147,stop,100.08190253288575,0.00125,0.0004
1495,KNC,long,long_main_v9,21720,21721,21728,1599364500,1599366600,1.07301,1.0504097926945528,-0.021862438658956738,stop,100.079167489817,0.00125,0.0004
1501,SXP,long,long_main_v9,13366,13367,13374,1599364500,1599366600,1.5559,1.520615444927193,-0.023477906724601236,stop,100.07623042811774,0.00125,0.0004
1496,LINK,long,long_main_v9,66946,66947,66956,1599364500,1599367200,9.071,10.106087601796961,0.11330953608168462,target,100.09040491717101,0.00125,0.0004
1506,ZIL,long,long_main_v9,22870,22871,22887,1599364500,1599369300,0.01327,0.014168250351793315,0.066890305334839,target,100.09877376435351,0.00125,0.0004
1508,SNX,long,long_main_v9,6482,6483,6499,1599365700,1599370500,3.761,4.1506268980672,0.10279662272459458,target,100.11163603420583,0.00125,0.0004
1488,BAL,long,long_main_v9,1294,1295,1316,1599364500,1599370800,16.581,17.55,0.057640383571557895,time,100.11884912558206,0.00125,0.0004
1491,ETH,long,long_main_v9,81637,81638,81659,1599364500,1599370800,312.1,333.37,0.06735123357898112,time,100.12727803557347,0.00125,0.0004
1509,SUSHI,short,short_main_v6_timeout210,448,449,452,1599369900,1599370800,1.5809,1.8147557944889063,-0.12966350615277564,stop,100.11104946815894,0.00125,0.0004
1510,TRB,short,short_main_v6_timeout210,737,738,746,1599370200,1599372600,31.08,31.161046126029703,-0.003400879498779185,stop,100.11062388613927,0.00125,0.0004
1512,SUSHI,short,short_main_v6_timeout210,454,455,470,1599371700,1599376200,1.7605,1.7717896892984155,-0.007171912742581754,stop,100.10972640531537,0.00125,0.0004
1511,SNX,short,short_main_v6_timeout210,6500,6501,6520,1599371100,1599376800,4.302,4.312594808061777,-0.0032567130772341627,stop,100.10931886949643,0.00125,0.0004
1514,BAND,long,long_main_v9,11135,11136,11147,1599379200,1599382500,8.1477,7.973400947156803,-0.022192423977711238,stop,100.10654178393585,0.00125,0.0004
1513,TRB,long,long_main_v9,766,767,783,1599378900,1599383700,29.095,31.059953812250072,0.06673579007561684,target,100.11489264538297,0.00125,0.0004
1516,DOT,long,long_main_v9,4223,4224,4239,1599379200,1599383700,3.912,4.220276399517379,0.07800276061282699,target,100.12465419288895,0.00125,0.0004
1517,LINK,long,long_main_v9,66995,66996,67014,1599379200,1599384600,9.989,10.839733177346812,0.08436700143626089,target,100.13521321394407,0.00125,0.0004
1515,CRV,long,long_main_v9,1343,1344,1365,1599379200,1599385500,1.775,1.888,0.06286197183098588,time,100.1430815851345,0.00125,0.0004
1518,SUSHI,short,short_main_v6_timeout210,490,491,505,1599382500,1599386700,1.9248,1.9328443520839618,-0.004961924407047213,stop,100.1424604571336,0.00125,0.0004
1519,SUSHI,long,long_main_v9,517,518,520,1599390600,1599391200,1.6161,1.5382399931439366,-0.04897771601761245,stop,100.13632952089662,0.00125,0.0004
1520,BAND,long,long_main_v9,11177,11178,11193,1599391800,1599396300,7.5425,7.396174014720186,-0.020200196921420475,stop,100.13380105392748,0.00125,0.0004
1521,CRV,long,long_main_v9,1408,1409,1409,1599398700,1599398700,1.671,1.6418980435384711,-0.018215892556271072,stop,100.13152102072591,0.00125,0.0004
1522,TRB,long,long_main_v9,837,838,841,1599400200,1599401100,27.155,26.725679775602035,-0.01660998800949973,stop,100.1294420415215,0.00125,0.0004
1523,YFI,long,long_main_v9,1701,1702,1705,1599400200,1599401100,20042.7,19646.552069380497,-0.02056519783360042,stop,100.1268680642908,0.00125,0.0004
1524,SUSHI,long,long_main_v9,550,551,553,1599400500,1599401100,1.1192,1.0359143225293166,-0.07521536586015318,stop,100.11745421552344,0.00125,0.0004
1525,LINK,long,long_main_v9,67070,67071,67079,1599401700,1599404100,9.749,10.35056099889932,0.06090489269661705,target,100.12507626903101,0.00125,0.0004
1527,SUSHI,short,short_main_v6_timeout210,577,578,579,1599408600,1599408900,1.7565,1.9440779112084468,-0.09728682808799957,stop,100.11290020517816,0.00125,0.0004
1526,BAND,short,short_main_v6_timeout210,11232,11233,11238,1599408300,1599409800,7.6853,8.067204875568535,-0.048140421057748385,stop,100.10687585871668,0.00125,0.0004
1528,TRB,short,short_main_v6_timeout210,868,869,871,1599409500,1599410100,28.195,29.09202855309537,-0.031634169967151606,stop,100.10291736130942,0.00125,0.0004
1529,SUSHI,short,short_main_v6_timeout210,582,583,583,1599410100,1599410100,2.4272,2.7322051552400373,-0.11243332835935635,stop,100.08884873108765,0.00125,0.0004
1530,CRV,short,short_main_v6_timeout210,1447,1448,1449,1599410400,1599410700,1.904,1.9952375074379955,-0.04652764249763428,stop,100.08302760837294,0.00125,0.0004
1531,TRB,short,short_main_v6_timeout210,872,873,874,1599410700,1599411000,29.962,31.032590354668805,-0.0352989039726662,stop,100.0786115818969,0.00125,0.0004
1532,BAND,short,short_main_v6_timeout210,11242,11243,11248,1599411300,1599412800,8.5343,8.982994638434288,-0.05074933833251114,stop,100.07226292774813,0.00125,0.0004
1535,KAVA,short,short_main_v6_timeout210,11531,11532,11536,1599411900,1599413100,2.3166,2.3776701393404958,-0.02648486617636323,stop,100.06894992713362,0.00125,0.0004
1536,SXP,short,short_main_v6_timeout210,13524,13525,13533,1599411900,1599414300,1.7191,1.7215576755383724,-0.002227588266889601,stop,100.0686712866102,0.00125,0.0004
1534,TRB,short,short_main_v6_timeout210,875,876,887,1599411600,1599414900,31.31,31.368557809342335,-0.0026667676626464846,stop,100.06833771173942,0.00125,0.0004
1537,LINK,short,short_main_v6_timeout210,67108,67109,67117,1599413100,1599415500,12.078,12.09908522736603,-0.0025427125249386276,stop,100.06801965546985,0.00125,0.0004
1538,SUSHI,short,short_main_v6_timeout210,592,593,601,1599413100,1599415500,2.643,2.6656812083181785,-0.009308597444961797,stop,100.06685528932975,0.00125,0.0004
1539,BAND,short,short_main_v6_timeout210,11252,11253,11261,1599414300,1599416700,9.13,9.156117078111004,-0.0036524185403263624,stop,100.06639843178284,0.00125,0.0004
1540,TRB,short,short_main_v6_timeout210,889,890,902,1599415800,1599419400,32.786,32.85219750987517,-0.0028150101026048527,stop,100.0660463218797,0.00125,0.0004
1533,CRV,short,short_main_v6_timeout210,1451,1452,1488,1599411600,1599422400,2.116,2.122785226536387,-0.0039963791963343095,stop,100.06554644454746,0.00125,0.0004
1541,SUSHI,short,short_main_v6_timeout210,623,624,632,1599422400,1599424800,2.898,2.912368615059422,-0.005733652623889673,stop,100.0648292681938,0.00125,0.0004
1542,CRV,short,short_main_v6_timeout210,1495,1496,1504,1599424800,1599427200,2.2,2.2044136738196767,-0.002802198531108168,stop,100.06447876629682,0.00125,0.0004
1545,TRB,long,long_main_v9,936,937,957,1599429900,1599435900,32.065,31.511650780312323,-0.018057109611341857,stop,100.06222017222021,0.00125,0.0004
1546,YFI,long,long_main_v9,1801,1802,1823,1599430200,1599436500,23259.7,23190.1,-0.0037922999866722754,time,100.06174583977493,0.00125,0.0004
1547,BAL,long,long_main_v9,1539,1540,1551,1599438000,1599441300,18.691,19.4192643476271,0.03816336994420313,target,100.06651920655462,0.00125,0.0004
1553,RUNE,long,long_main_v9,675,676,686,1599438600,1599441600,0.698,0.7341001726935671,0.05091944511972359,target,100.07288837109594,0.00125,0.0004
1554,TRX,long,long_main_v9,67768,67769,67781,1599438600,1599442200,0.02939,0.031124406759865095,0.05821349982528403,target,100.08017036243307,0.00125,0.0004
1548,BAND,long,long_main_v9,11331,11332,11353,1599438000,1599444300,8.6936,9.0605,0.04140346001656394,time,100.08534994409813,0.00125,0.0004
1549,CRV,long,long_main_v9,1539,1540,1561,1599438000,1599444300,1.986,2.125,0.06918992950654582,time,100.0940060669822,0.00125,0.0004
1550,KAVA,long,long_main_v9,11618,11619,11640,1599438000,1599444300,2.2544,2.3119,0.024705677785663707,time,100.09709717980992,0.00125,0.0004
1551,SUSHI,long,long_main_v9,675,676,697,1599438000,1599444300,2.4805,2.7361,0.1022437411812133,time,100.10989005693123,0.00125,0.0004
1552,VET,long,long_main_v9,59127,59128,59149,1599438000,1599444300,0.012044,0.012335,0.0233614081700432,time,100.11281344193559,0.00125,0.0004
1543,SUSHI,short,short_main_v6_timeout210,639,640,726,1599427200,1599453000,3.2333,3.2477764427258635,-0.005257339654115322,stop,100.1121555331056,0.00125,0.0004
1555,SUSHI,short,short_main_v6_timeout210,727,728,739,1599453600,1599456900,3.208,3.2173831684893264,-0.0037163975808736974,stop,100.11169046238979,0.00125,0.0004
1556,SUSHI,short,short_main_v6_timeout210,740,741,745,1599457500,1599458700,3.252,3.4628034083967845,-0.06167651637560987,stop,100.10397228699455,0.00125,0.0004
1558,RUNE,long,long_main_v9,761,762,774,1599464400,1599468000,0.7553,0.781648601248446,0.0340849480318365,target,100.10823733536103,0.00125,0.0004
1560,TRB,long,long_main_v9,1052,1053,1064,1599464700,1599468000,35.776,38.11207463246066,0.06449725605044324,target,100.11630821863125,0.00125,0.0004
1559,SUSHI,long,long_main_v9,764,765,786,1599464700,1599471000,3.0031,3.2055,0.0665970230761547,time,100.12464252874216,0.00125,0.0004
1561,TRB,short,short_main_v6_timeout210,1079,1080,1088,1599472800,1599475200,41.17,41.22801400415586,-0.00220715010308301,stop,100.12436629109831,0.00125,0.0004
1562,SUSHI,long,long_main_v9,816,817,838,1599480300,1599486600,2.7061,2.8747,0.06150368426887378,time,100.1320638128633,0.00125,0.0004
1563,CRV,long,long_main_v9,1684,1685,1704,1599481500,1599487200,2.049,2.018781436521647,-0.01554795679763441,stop,100.13011775161053,0.00125,0.0004
1544,SXP,short,short_main_v6_timeout210,13576,13577,13787,1599427500,1599490500,1.9017,1.6826,0.12941514323071437,timeout,100.14631569352369,0.00125,0.0004
1564,TRB,long,long_main_v9,1133,1134,1142,1599489000,1599491400,38.208,37.37297051696168,-0.02265483362223406,stop,100.1434796958738,0.00125,0.0004
1565,BAND,long,long_main_v9,11507,11508,11510,1599490800,1599491400,8.6529,8.5185914085373,-0.01632180095259392,stop,100.14143654344592,0.00125,0.0004
1567,CRV,long,long_main_v9,1781,1782,1782,1599510600,1599510600,1.886,1.853437294091353,-0.018065485635549747,stop,100.13917516384167,0.00125,0.0004
1568,RUNE,long,long_main_v9,915,916,918,1599510600,1599511200,0.6525,0.6441445427886715,-0.013605298408166244,stop,100.13747213464111,0.00125,0.0004
1566,TRB,long,long_main_v9,1204,1205,1209,1599510300,1599511500,32.614,31.87516512562608,-0.02345391777684178,stop,100.13453636459384,0.00125,0.0004
1570,SUSHI,long,long_main_v9,919,920,922,1599511200,1599511800,2.5442,2.456974727879096,-0.035083968289011926,stop,100.13014496847077,0.00125,0.0004
1569,THETA,long,long_main_v9,29705,29706,29714,1599510600,1599513000,0.3949,0.3903205572509586,-0.01239646176004403,stop,100.12859339407936,0.00125,0.0004
1571,BNB,long,long_main_v9,60535,60536,60547,1599514800,1599518100,20.172,21.28154071184271,0.05420400118197057,target,100.1353776070727,0.00125,0.0004
1573,LINK,long,long_main_v9,67448,67449,67460,1599515100,1599518400,11.278,12.208691929770529,0.08172278150119952,target,100.14560678405361,0.00125,0.0004
1572,SNX,long,long_main_v9,6979,6980,6993,1599514800,1599518700,4.162,4.408355078180744,0.05839151325822769,target,100.15291635096146,0.00125,0.0004
1574,TRB,short,short_main_v6_timeout210,1233,1234,1242,1599519000,1599521400,34.351,34.4263438428817,-0.002988551977101105,stop,100.15254221071625,0.00125,0.0004
1557,SUSHI,short,short_main_v6_timeout210,746,747,957,1599459300,1599522300,3.4055,2.5845,0.3168629909073323,timeout,100.19221050330607,0.00125,0.0004
1575,IOST,short,short_main_v6_timeout210,57387,57388,57399,1599521100,1599524400,0.005494,0.005501030820640941,-0.002078091483247201,stop,100.1919502425819,0.00125,0.0004
1576,SUSHI,short,short_main_v6_timeout210,965,966,974,1599525000,1599527400,2.812,2.8213510510134134,-0.004114387626472293,stop,100.19143495693146,0.00125,0.0004
1579,TRB,long,long_main_v9,1309,1310,1310,1599541800,1599541800,33.529,33.1327160294867,-0.012619140759142921,stop,100.18985454465573,0.00125,0.0004
1578,DASH,short,short_main_v6_timeout210,62325,62326,62383,1599533700,1599550800,76.17,76.26027309622043,-0.0019837499730236178,stop,100.18960610512917,0.00125,0.0004
1577,TRB,short,short_main_v6_timeout210,1259,1260,1344,1599526800,1599552000,37.617,37.68268433551905,-0.002543090670882408,stop,100.18928761606342,0.00125,0.0004
1580,TRB,short,short_main_v6_timeout210,1345,1346,1346,1599552600,1599552600,37.955,38.66899070672082,-0.019264167118712126,stop,100.18687503708824,0.00125,0.0004
1583,TRB,long,long_main_v9,1413,1414,1425,1599573000,1599576300,34.772,34.33573772790643,-0.01334636696461442,stop,100.18520362358915,0.00125,0.0004
1582,IOST,short,short_main_v6_timeout210,57540,57541,57576,1599567000,1599577500,0.006586,0.006595487669099728,-0.002238509110429864,stop,100.18492329172534,0.00125,0.0004
1581,TRB,short,short_main_v6_timeout210,1347,1348,1472,1599553200,1599590400,38.342,33.73341506119408,0.13581779960450838,target,100.20193191151911,0.00125,0.0004
1586,IOST,long,long_main_v9,57620,57621,57622,1599591000,1599591300,0.006292,0.006202146947532085,-0.015080523278435209,stop,100.2000430395607,0.00125,0.0004
1584,TRB,long,long_main_v9,1472,1473,1476,1599590700,1599591600,33.373,32.97317968117239,-0.012780352944823914,stop,100.19844229966678,0.00125,0.0004
1585,ZIL,long,long_main_v9,23624,23625,23628,1599590700,1599591600,0.01543,0.015271673251862853,-0.011060968771039991,stop,100.1970569348653,0.00125,0.0004
1587,SUSHI,long,long_main_v9,1187,1188,1188,1599591600,1599591600,2.6173,2.5571935760126587,-0.023765049473633646,stop,100.19408044984634,0.00125,0.0004
1589,KAVA,long,long_main_v9,12235,12236,12237,1599623100,1599623400,2.3111,2.2863896155746306,-0.011492044665038148,stop,100.19264115628671,0.00125,0.0004
1592,SNX,long,long_main_v9,7340,7341,7342,1599623100,1599623400,4.249,4.208758222280392,-0.01027088202391333,stop,100.19135482279049,0.00125,0.0004
1590,OMG,long,long_main_v9,19700,19701,19710,1599623100,1599625800,3.4334,3.5732672387415567,0.03993723968706155,target,100.19635653048064,0.00125,0.0004
1595,TRB,long,long_main_v9,1582,1583,1598,1599623700,1599628200,33.494,33.12760902613341,-0.01173900322047492,stop,100.19488627379064,0.00125,0.0004
1588,CRV,long,long_main_v9,2156,2157,2178,1599623100,1599629400,1.821,1.845,0.012379571663920919,time,100.19643673600937,0.00125,0.0004
1591,RUNE,long,long_main_v9,1290,1291,1312,1599623100,1599629400,0.6737,0.6951,0.030964880510613215,time,100.20031494937326,0.00125,0.0004
1593,SUSHI,long,long_main_v9,1292,1293,1314,1599623100,1599629400,2.4304,2.4734,0.016892560895325783,time,100.20243074927578,0.00125,0.0004
1594,SXP,long,long_main_v9,14228,14229,14250,1599623100,1599629400,1.6377,1.6801,0.02508996763754037,time,100.20557334395666,0.00125,0.0004
1597,KNC,long,long_main_v9,22625,22626,22628,1599636000,1599636600,1.14498,1.1773765976902861,0.027494466008389697,target,100.20901721736936,0.00125,0.0004
1598,OMG,long,long_main_v9,19743,19744,19746,1599636000,1599636600,3.4127,3.5473065438700377,0.038642829393160126,target,100.21385766731434,0.00125,0.0004
1599,SNX,long,long_main_v9,7383,7384,7386,1599636000,1599636600,4.054,4.184127304286654,0.03129849637065942,target,100.21777834613995,0.00125,0.0004
1596,IOTA,long,long_main_v9,60363,60364,60370,1599636000,1599637800,0.2672,0.2755611673143715,0.030491793841210726,target,100.22159812093564,0.00125,0.0004
1600,TRX,long,long_main_v9,68426,68427,68436,1599636000,1599638700,0.03302,0.034418086574065185,0.041540598851156484,target,100.22680220244035,0.00125,0.0004
1601,RUNE,long,long_main_v9,1382,1383,1389,1599650700,1599652500,0.6712,0.6655312613928336,-0.009245677305075172,stop,100.22564387160224,0.00125,0.0004
1603,SUSHI,long,long_main_v9,1391,1392,1394,1599652800,1599653400,2.2127,2.168068688531666,-0.020970520842560767,stop,100.22301664166004,0.00125,0.0004
1602,BAND,long,long_main_v9,12047,12048,12069,1599652800,1599659100,7.9965,8.0594,0.007065941349340266,time,100.22390185410684,0.00125,0.0004
1604,KAVA,short,short_main_v6_timeout210,12397,12398,12409,1599671700,1599675000,2.425,2.426621753014967,-0.0014683171833238299,stop,100.22371790351025,0.00125,0.0004
1607,THETA,short,short_main_v6_timeout210,30342,30343,30354,1599701700,1599705000,0.4767,0.4773373477814936,-0.002135214569854637,stop,100.22345040458185,0.00125,0.0004
1608,ALGO,short,short_main_v6_timeout210,24608,24609,24625,1599713100,1599717900,0.4253,0.42594156605588124,-0.002306230213270787,stop,100.2231614816451,0.00125,0.0004
1606,BAL,short,short_main_v6_timeout210,2413,2414,2475,1599700200,1599718500,21.627,21.64995909690289,-0.0018604683731793018,stop,100.22292840411737,0.00125,0.0004
1609,CRV,long,long_main_v9,2500,2501,2511,1599726300,1599729300,1.937,2.0319140014337997,0.04820051700247787,target,100.22896690032309,0.00125,0.0004
1605,SUSHI,short,short_main_v6_timeout210,1545,1546,1665,1599699000,1599734700,3.0869,3.093692676156635,-0.0029956531781539556,stop,100.22859158629404,0.00125,0.0004
1610,BAL,short,short_main_v6_timeout210,2529,2530,2538,1599735000,1599737400,22.48,22.497354002775186,-0.0015713797263911858,stop,100.22839471482301,0.00125,0.0004
1612,SUSHI,long,long_main_v9,1819,1820,1821,1599781200,1599781500,2.5399,2.487631010094588,-0.021379152685307188,stop,100.2257162171305,0.00125,0.0004
1611,IOST,short,short_main_v6_timeout210,58252,58253,58259,1599780600,1599782400,0.006817,0.006941326166111509,-0.018711010538373294,stop,100.22337206159006,0.00125,0.0004
1613,CRV,long,long_main_v9,2685,2686,2704,1599781800,1599787200,2.045,2.0105840823772643,-0.01762929957101986,stop,100.22116347677745,0.00125,0.0004
1614,TRB,long,long_main_v9,2155,2156,2163,1599795600,1599797700,36.103,35.66041938068026,-0.013058832211166415,stop,100.21952751258014,0.00125,0.0004
1615,SUSHI,long,long_main_v9,1875,1876,1897,1599798000,1599804300,2.2892,2.3464,0.024186894985147724,time,100.2225575115644,0.00125,0.0004
1616,YFI,short,short_main_v6_timeout210,3041,3042,3050,1599802200,1599804600,33793.0,33867.39655259357,-0.002996701257447975,stop,100.22218209023426,0.00125,0.0004
1618,RUNE,long,long_main_v9,1950,1951,1951,1599821100,1599821100,0.6909,0.6855459391940132,-0.008549400500776882,stop,100.22111104076707,0.00125,0.0004
1617,CRV,long,long_main_v9,2816,2817,2820,1599821100,1599822000,1.904,1.8805617377468553,-0.01311001168757595,stop,100.21946866584572,0.00125,0.0004
1619,SUSHI,long,long_main_v9,1971,1972,1977,1599826800,1599828300,2.2303,2.188823999860351,-0.019396601416692392,stop,100.21703876948584,0.00125,0.0004
1620,CRV,long,long_main_v9,2851,2852,2863,1599831600,1599834900,1.72,1.8192540081579296,0.05690581869647073,target,100.22416743528399,0.00125,0.0004
1621,RUNE,short,short_main_v6_timeout210,2000,2001,2004,1599836100,1599837000,0.7314,0.7442290523580201,-0.01803804293499742,stop,100.22190762548983,0.00125,0.0004
1622,RUNE,short,short_main_v6_timeout210,2004,2005,2013,1599837300,1599839700,0.737,0.7377221286220551,-0.0017788626286755252,stop,100.22168477423227,0.00125,0.0004
1623,SUSHI,short,short_main_v6_timeout210,2119,2120,2120,1599871200,1599871200,2.513,2.606659118992872,-0.0367307123476349,stop,100.21708325688923,0.00125,0.0004
1624,SUSHI,short,short_main_v6_timeout210,2123,2124,2125,1599872400,1599872700,2.6066,2.7281759194035144,-0.045363079139741115,stop,100.21140056254056,0.00125,0.0004
1625,SUSHI,short,short_main_v6_timeout210,2126,2127,2130,1599873300,1599874200,2.7319,2.8632326361805838,-0.0466686571677861,stop,100.20555464816911,0.00125,0.0004
1628,SUSHI,long,long_main_v9,2222,2223,2223,1599902100,1599902100,2.5831,2.5413513390141826,-0.016962231808995896,stop,100.203430010861,0.00125,0.0004
1629,TRB,long,long_main_v9,2510,2511,2527,1599902100,1599906900,36.4,37.89007239894763,0.040136054916143714,target,100.20845722382313,0.00125,0.0004
1627,TRB,short,short_main_v6_timeout210,2467,2468,2544,1599889200,1599912000,39.39,39.43428704606435,-0.0019230593826284662,stop,100.20821634030577,0.00125,0.0004
1626,SUSHI,short,short_main_v6_timeout210,2132,2133,2343,1599875100,1599938100,2.897,2.53,0.14425928853754946,timeout,100.22628629779935,0.00125,0.0004
1631,CRV,long,long_main_v9,3247,3248,3269,1599950400,1599956700,1.916,2.024,0.055567432150313144,time,100.23324794450377,0.00125,0.0004
1632,MKR,long,long_main_v9,8719,8720,8741,1599950400,1599956700,500.45,513.85,0.025975901688480543,time,100.23650250574693,0.00125,0.0004
1633,IOST,short,short_main_v6_timeout210,58845,58846,58847,1599958500,1599958800,0.008316,0.008473136769146508,-0.019345288885067233,stop,100.23407862562468,0.00125,0.0004
1630,YFI,short,short_main_v6_timeout210,3510,3511,3565,1599942900,1599959100,40846.7,40900.956527535556,-0.00212653444178088,stop,100.23381218659912,0.00125,0.0004
1634,SUSHI,long,long_main_v9,2486,2487,2488,1599981300,1599981600,2.4239,2.3891548429626726,-0.015134402012181835,stop,100.23191596308807,0.00125,0.0004
1635,IOST,long,long_main_v9,59045,59046,59046,1600018500,1600018500,0.008425,0.008315563421013554,-0.013789504924207252,stop,100.23018827746465,0.00125,0.0004
1636,RUNE,long,long_main_v9,2623,2624,2625,1600023000,1600023300,0.7371,0.726561021696956,-0.015097894862357774,stop,100.22829669640885,0.00125,0.0004
1638,SUSHI,long,long_main_v9,2626,2627,2627,1600023300,1600023300,2.3869,2.357652423361451,-0.013053373261782552,stop,100.22666129969863,0.00125,0.0004
1639,TRB,long,long_main_v9,2914,2915,2915,1600023300,1600023300,41.66,41.08771847258545,-0.014536954570680471,stop,100.22484006167103,0.00125,0.0004
1637,BAL,long,long_main_v9,3490,3491,3492,1600023300,1600023600,24.014,23.552095119840192,-0.02003481636377977,stop,100.22233007883888,0.00125,0.0004
1640,YFI,long,long_main_v9,3780,3781,3781,1600023900,1600023900,38445.5,37954.42864370975,-0.013573181680307278,stop,100.22062965897065,0.00125,0.0004
1644,WAVES,short,short_main_v6_timeout210,9264,9265,9265,1600027500,1600027500,2.7772,2.84689215099694,-0.025280081190478063,stop,100.21746267690223,0.00125,0.0004
1641,BAND,long,long_main_v9,13285,13286,13302,1600024200,1600029000,8.769,8.668199837123673,-0.0122950579172457,stop,100.2159224525173,0.00125,0.0004
1642,CRV,long,long_main_v9,3493,3494,3510,1600024200,1600029000,1.908,1.8760178265468563,-0.01756214541569365,stop,100.21372244426345,0.00125,0.0004
1643,KAVA,long,long_main_v9,13572,13573,13589,1600024200,1600029000,2.7638,2.7300928121969648,-0.01299595766807835,stop,100.21209447764515,0.00125,0.0004
1645,BNB,long,long_main_v9,62254,62255,62276,1600030500,1600036800,28.729,29.95,0.04170060914058973,time,100.21731810937386,0.00125,0.0004
1646,TRB,long,long_main_v9,2951,2952,2973,1600034400,1600040700,37.145,39.262,0.05619286579620399,time,100.22435748225759,0.00125,0.0004
1647,YFI,long,long_main_v9,3853,3854,3856,1600045800,1600046400,34266.1,33705.671212341455,-0.017155196175186103,stop,100.22220827161492,0.00125,0.0004
1649,DOT,long,long_main_v9,6446,6447,6456,1600046100,1600048800,4.879,4.813947543351505,-0.014133153647980045,stop,100.22043770177936,0.00125,0.0004
1648,ALGO,long,long_main_v9,25718,25719,25740,1600046100,1600052400,0.3598,0.3692,0.02532562534741514,time,100.2236103833511,0.00125,0.0004
1650,WAVES,long,long_main_v9,9424,9425,9428,1600075500,1600076400,2.9106,2.8692251735892214,-0.01501522243206852,stop,100.22172928359754,0.00125,0.0004
1651,SUSHI,long,long_main_v9,2805,2806,2813,1600077000,1600079100,2.1677,2.2610910128728476,0.04228299712729968,target,100.22702637746177,0.00125,0.0004
1652,IOST,long,long_main_v9,59281,59282,59292,1600089300,1600092300,0.006838,0.006753896405291989,-0.013099443508044905,stop,100.22538522962425,0.00125,0.0004
1653,RUNE,long,long_main_v9,2903,2904,2906,1600107000,1600107600,0.6434,0.6366170557134293,-0.011342344243970603,stop,100.22396424109768,0.00125,0.0004
1654,SUSHI,short,short_main_v6_timeout210,2966,2967,2968,1600125300,1600125600,2.4519,2.5210173992184637,-0.028216470524912027,stop,100.22042928293156,0.00125,0.0004
1655,SUSHI,short,short_main_v6_timeout210,2969,2970,2976,1600126200,1600128000,2.5094,2.5898240151541416,-0.031853853344299556,stop,100.21643877436097,0.00125,0.0004
1657,BNB,long,long_main_v9,62605,62606,62607,1600135800,1600136100,31.354,30.956111854443392,-0.013490187713102264,stop,100.2147488511472,0.00125,0.0004
1659,BNB,long,long_main_v9,62680,62681,62683,1600158300,1600158900,29.394,30.316878915227875,0.03059684681322308,target,100.21858167029598,0.00125,0.0004
1656,SUSHI,short,short_main_v6_timeout210,2977,2978,3094,1600128600,1600163400,2.6436,2.648065681881997,-0.002486393926159324,stop,100.21827019170503,0.00125,0.0004
1660,SUSHI,long,long_main_v9,3110,3111,3132,1600168500,1600174800,2.3202,2.2932,-0.012436927851047197,time,100.21671218246037,0.00125,0.0004
1661,BCH,short,short_main_v6_timeout210,77972,77973,78004,1600170000,1600179300,239.78,239.94213748561805,-0.0014757357724537227,stop,100.21652731572641,0.00125,0.0004
1662,EGLD,short,short_main_v6_timeout210,284,285,289,1600184700,1600185900,14.726,14.968169191978868,-0.016978945392242182,stop,100.21440035204554,0.00125,0.0004
1664,TRB,long,long_main_v9,3476,3477,3481,1600191900,1600193100,35.701,35.378426039480175,-0.00983543207528712,stop,100.21316828713601,0.00125,0.0004
1663,SUSHI,long,long_main_v9,3188,3189,3210,1600191900,1600198200,2.1102,2.1493,0.017729049379205854,time,100.21538914239727,0.00125,0.0004
1666,SNX,long,long_main_v9,9299,9300,9302,1600210800,1600211400,4.889,4.8299682136594075,-0.012874409151276888,stop,100.21377637499343,0.00125,0.0004
1667,SUSHI,long,long_main_v9,3251,3252,3254,1600210800,1600211400,1.9464,1.9045894436719668,-0.022280968109347075,stop,100.21098530004902,0.00125,0.0004
1665,BAND,long,long_main_v9,13907,13908,13917,1600210800,1600213500,7.5603,7.484026873221357,-0.01088863759092138,stop,100.20962134867206,0.00125,0.0004
1668,CRV,long,long_main_v9,4118,4119,4125,1600211700,1600213500,1.598,1.576481924670856,-0.014265629117111467,stop,100.20783440705691,0.00125,0.0004
1670,OMG,long,long_main_v9,21669,21670,21670,1600213800,1600213800,3.5848,3.5567401857130716,-0.008627442057277479,stop,100.20675373545062,0.00125,0.0004
1671,SXP,long,long_main_v9,16197,16198,16199,1600213800,1600214100,1.6782,1.661236269608095,-0.010908288876120253,stop,100.20538738017926,0.00125,0.0004
1672,EGLD,long,long_main_v9,382,383,383,1600214100,1600214100,13.295,13.139104205304864,-0.012525896554729998,stop,100.20381842728357,0.00125,0.0004
1658,SXP,short,short_main_v6_timeout210,16000,16001,16211,1600154700,1600217700,1.926,1.684,0.1429054631828978,timeout,100.22171801863988,0.00125,0.0004
1669,MKR,long,long_main_v9,9597,9598,9616,1600213800,1600219200,461.91,457.3333696871964,-0.010708056359038797,stop,100.2203765438837,0.00125,0.0004
1673,ATOM,long,long_main_v9,63683,63684,63705,1600215000,1600221300,4.853,5.031,0.03587834329280861,time,100.22487122022692,0.00125,0.0004
1674,YFI,long,long_main_v9,4444,4445,4460,1600223100,1600227600,37777.6,37165.26935404626,-0.017008828669733942,stop,100.22274033564813,0.00125,0.0004
1675,SXP,long,long_main_v9,16282,16283,16283,1600239300,1600239300,1.6233,1.6089352110865844,-0.009649127649488975,stop,100.22153150812952,0.00125,0.0004
1676,CRV,long,long_main_v9,4221,4222,4222,1600242600,1600242600,1.435,1.4125287709505179,-0.016459393065841186,stop,100.21946952615357,0.00125,0.0004
1677,RUNE,long,long_main_v9,3358,3359,3359,1600243500,1600243500,0.5335,0.5265569910102013,-0.01381407495744844,stop,100.21773897707328,0.00125,0.0004
1679,SUSHI,long,long_main_v9,3362,3363,3364,1600244100,1600244400,1.8115,1.774014733032608,-0.02149294339905725,stop,100.21504650933402,0.00125,0.0004
1678,TRB,long,long_main_v9,3648,3649,3657,1600243500,1600245900,32.657,32.3679168789049,-0.00965210279863724,stop,100.21383740192042,0.00125,0.0004
1680,SOL,long,long_main_v9,493,494,495,1600247400,1600247700,2.7887,2.75546149656012,-0.01271899574707922,stop,100.21224412770577,0.00125,0.0004
1682,IOST,long,long_main_v9,59809,59810,59812,1600247700,1600248300,0.00607,0.006011668040439122,-0.010409878016619056,stop,100.21094013115935,0.00125,0.0004
1683,WAVES,long,long_main_v9,9998,9999,10001,1600247700,1600248300,2.394,2.3718424487491765,-0.010055451650302282,stop,100.2096805483302,0.00125,0.0004
1681,THETA,long,long_main_v9,32161,32162,32166,1600247400,1600248600,0.5123,0.5075345039219212,-0.010102159043682923,stop,100.20841513066692,0.00125,0.0004
1684,SXP,long,long_main_v9,16313,16314,16314,1600248600,1600248600,1.5031,1.4790947439124542,-0.016770498361749684,stop,100.20631444933969,0.00125,0.0004
1685,ICX,long,long_main_v9,211,212,233,1600248900,1600255200,0.4729,0.4767,0.0072355254810742235,time,100.20722075601662,0.00125,0.0004
1686,YFI,long,long_main_v9,4553,4554,4554,1600255800,1600255800,31500.4,30839.442340671198,-0.021782516391182425,stop,100.20449229923084,0.00125,0.0004
1687,ZIL,short,short_main_v6_timeout210,25873,25874,25894,1600265400,1600271400,0.01659,0.016601566369127088,-0.001496703483871075,stop,100.20430482871492,0.00125,0.0004
1688,RUNE,long,long_main_v9,3482,3483,3493,1600280700,1600283700,0.5739,0.5670766427231726,-0.012689453348714718,stop,100.2027154064006,0.00125,0.0004
1689,TRB,long,long_main_v9,3786,3787,3788,1600284900,1600285200,31.399,31.050783276577608,-0.011890057754144845,stop,100.20122613630897,0.00125,0.0004
1691,SUSHI,long,long_main_v9,3546,3547,3547,1600299300,1600299300,1.5993,1.5772726953271718,-0.014573091147894712,stop,100.19940083430696,0.00125,0.0004
1690,RLC,short,short_main_v6_timeout210,13622,13623,13631,1600298100,1600300500,1.165,1.166182465111109,-0.0018139623485045934,stop,100.19917363688138,0.00125,0.0004
1692,SOL,long,long_main_v9,669,670,674,1600300200,1600301400,2.456,2.562387318146362,0.04251731194884436,target,100.20449888628455,0.00125,0.0004
1693,CRV,long,long_main_v9,4431,4432,4436,1600305600,1600306800,1.313,1.2965019742125101,-0.013365137690395911,stop,100.20282482762853,0.00125,0.0004
1695,RUNE,long,long_main_v9,3623,3624,3645,1600323000,1600329300,0.5769,0.5966,0.033348032587970165,time,100.20700178646324,0.00125,0.0004
1696,SUSHI,long,long_main_v9,3660,3661,3666,1600333500,1600335000,1.4791,1.5515025220038525,0.048150390104693706,target,100.2130330442473,0.00125,0.0004
1694,RLC,short,short_main_v6_timeout210,13653,13654,13766,1600307400,1600341000,1.2942,1.2959713887744566,-0.002166842501154042,stop,100.21276161192333,0.00125,0.0004
1698,RUNE,long,long_main_v9,3684,3685,3700,1600341300,1600345800,0.5544,0.5437153128201234,-0.02007252377322619,stop,100.21024720812353,0.00125,0.0004
1700,SUSHI,long,long_main_v9,3750,3751,3751,1600360500,1600360500,1.4423,1.419717980795892,-0.016456950151915704,stop,100.20818576431977,0.00125,0.0004
1699,RUNE,long,long_main_v9,3748,3749,3751,1600360500,1600361100,0.4959,0.4891378420135902,-0.014436132257329736,stop,100.20637749104107,0.00125,0.0004
1701,RLC,long,long_main_v9,13848,13849,13864,1600365900,1600370400,1.1714,1.1565554555023991,-0.013472481217006038,stop,100.20468995536785,0.00125,0.0004
1703,SUSHI,long,long_main_v9,3784,3785,3789,1600370700,1600371900,1.3599,1.3365541984188019,-0.01796729287535723,stop,100.20243944660297,0.00125,0.0004
1702,SOL,long,long_main_v9,904,905,916,1600370700,1600374000,2.3856,2.513728207990243,0.05290900737350892,target,100.20906646111237,0.00125,0.0004
1704,NEO,short,short_main_v6_timeout210,61419,61420,61420,1600387500,1600387500,23.308,23.81215158859105,-0.02197203003329615,stop,100.20631421534002,0.00125,0.0004
1697,CRV,short,short_main_v6_timeout210,4538,4539,4749,1600337700,1600400700,1.408,1.334,0.054672263868065805,timeout,100.21316234790505,0.00125,0.0004
1705,QTUM,short,short_main_v6_timeout210,60570,60571,60622,1600389600,1600404900,2.607,2.60882480841819,-0.0014994752626935385,stop,100.21297451395763,0.00125,0.0004
1706,CRV,long,long_main_v9,4978,4979,4979,1600469700,1600469700,1.328,1.312053356778818,-0.012808014473781748,stop,100.21137010242259,0.00125,0.0004
1707,RUNE,long,long_main_v9,4131,4132,4132,1600475400,1600475400,0.5205,0.5159009779368307,-0.009635777258730637,stop,100.21016308437122,0.00125,0.0004
1708,SOL,long,long_main_v9,1253,1254,1266,1600475400,1600479000,2.8323,2.99081656654073,0.055167435137778574,target,100.21707350646135,0.00125,0.0004
1710,OMG,long,long_main_v9,22565,22566,22566,1600482600,1600482600,3.0988,3.069949939153005,-0.01011007514102078,stop,100.2158070037819,0.00125,0.0004
1711,TRB,long,long_main_v9,4445,4446,4446,1600482600,1600482600,30.725,30.35657930251542,-0.01279090960080007,stop,100.21420468962195,0.00125,0.0004
1709,UNI,short,short_main_v6_timeout210,121,122,127,1600481400,1600482900,6.8026,7.277755673577213,-0.06608876413127249,stop,100.20592589845154,0.00125,0.0004
1712,RLC,long,long_main_v9,14238,14239,14244,1600482900,1600484400,1.1284,1.1164092212493308,-0.011426354794992188,stop,100.2044946628742,0.00125,0.0004
1713,UNI,short,short_main_v6_timeout210,130,131,133,1600484100,1600484700,7.5849,8.089041941501353,-0.06312406076606178,stop,100.19658801961154,0.00125,0.0004
1715,KAVA,short,short_main_v6_timeout210,15156,15157,15164,1600499400,1600501500,2.4645,2.5072315169645876,-0.01784330719977587,stop,100.19435322148604,0.00125,0.0004
1716,YFI,long,long_main_v9,5381,5382,5394,1600504200,1600507800,32734.9,32383.440153848835,-0.01153654864231044,stop,100.192908350199,0.00125,0.0004
1717,UNI,long,long_main_v9,223,224,238,1600512000,1600516200,6.4932,6.2639047457335115,-0.03611313593705543,stop,100.18838550005003,0.00125,0.0004
1718,KAVA,short,short_main_v6_timeout210,15204,15205,15220,1600513800,1600518300,2.6164,2.618602453615595,-0.0016410797952754789,stop,100.18817997863108,0.00125,0.0004
1714,UNI,short,short_main_v6_timeout210,133,134,344,1600485000,1600548000,8.1846,7.26,0.12655537190082647,timeout,100.20402916910267,0.00125,0.0004
1719,SUSHI,short,short_main_v6_timeout210,4406,4407,4412,1600557300,1600558800,1.821,1.86338265886273,-0.02354501088713432,stop,100.20108003790553,0.00125,0.0004
1721,UNI,long,long_main_v9,384,385,396,1600560300,1600563600,6.7295,6.558451966515372,-0.02621764373053379,stop,100.19779624263322,0.00125,0.0004
1723,YFI,long,long_main_v9,5602,5603,5604,1600570500,1600570800,28762.9,28354.036394726078,-0.01501496459932492,stop,100.19591565967883,0.00125,0.0004
1724,BAND,short,short_main_v6_timeout210,15107,15108,15111,1600570800,1600571700,6.7582,6.913626129569519,-0.023281130257356984,stop,100.19299981697418,0.00125,0.0004
1722,CRV,short,short_main_v6_timeout210,5308,5309,5333,1600568700,1600575900,1.569,1.5717752190344039,-0.002565658982783025,stop,100.1926784906367,0.00125,0.0004
1725,BAND,short,short_main_v6_timeout210,15114,15115,15133,1600572900,1600578300,7.1803,7.192408234876092,-0.0024834743636184867,stop,100.19236745820113,0.00125,0.0004
1726,UNI,long,long_main_v9,469,470,491,1600585800,1600592100,5.3574,5.7311,0.06895398514204634,time,100.20100328697245,0.00125,0.0004
1727,SUSHI,short,short_main_v6_timeout210,4607,4608,4610,1600617600,1600618200,1.8585,1.9040680206293112,-0.024731928972921178,stop,100.19790558185205,0.00125,0.0004
1720,WAVES,short,short_main_v6_timeout210,11037,11038,11248,1600559400,1600622400,2.5776,2.5485,0.01061848145968205,timeout,100.19923551885545,0.00125,0.0004
1730,SUSHI,long,long_main_v9,4671,4672,4672,1600636800,1600636800,1.7305,1.708635058669167,-0.013435042664451257,stop,100.19755279260028,0.00125,0.0004
1729,ICX,short,short_main_v6_timeout210,1456,1457,1513,1600622400,1600639200,0.4989,0.4620990489059826,0.0788386644403262,target,100.20742709415323,0.00125,0.0004
1731,UNI,long,long_main_v9,639,640,648,1600636800,1600639200,5.3732,5.28362042252019,-0.017471550934230893,stop,100.20523862019516,0.00125,0.0004
1732,CRV,long,long_main_v9,5544,5545,5545,1600639500,1600639500,1.401,1.3726914705596671,-0.021005945353556685,stop,100.20260748798691,0.00125,0.0004
1734,RUNE,long,long_main_v9,4678,4679,4679,1600639500,1600639500,0.4792,0.4740829496771701,-0.011478318703735257,stop,100.2011697911573,0.00125,0.0004
1733,DOT,long,long_main_v9,8424,8425,8446,1600639500,1600645800,4.631,4.65,0.003302785575469614,time,100.20158346988009,0.00125,0.0004
1735,BAND,long,long_main_v9,15337,15338,15359,1600639800,1600646100,6.6103,6.735,0.018064499341936237,time,100.20384608417841,0.00125,0.0004
1728,SUSHI,short,short_main_v6_timeout210,4610,4611,4716,1600618500,1600650000,1.9088,1.61696804435407,0.17968096662448776,target,100.22635198908328,0.00125,0.0004
1736,CRV,long,long_main_v9,5580,5581,5584,1600650300,1600651200,1.375,1.3553330457933106,-0.015103239423046788,stop,100.22445981084505,0.00125,0.0004
1737,TRB,long,long_main_v9,5005,5006,5008,1600650600,1600651200,27.692,27.420851289790686,-0.010591589997447448,stop,100.2231328903625,0.00125,0.0004
1738,UNI,long,long_main_v9,685,686,689,1600650600,1600651500,4.83,4.713967979085853,-0.024823192735848296,stop,100.2200230676821,0.00125,0.0004
1739,EGLD,long,long_main_v9,1840,1841,1841,1600651500,1600651500,10.737,10.65320759280344,-0.008604080022032256,stop,100.21894519130925,0.00125,0.0004
1740,RUNE,long,long_main_v9,4718,4719,4719,1600651500,1600651500,0.4419,0.4364296837725167,-0.013179081754884225,stop,100.21729419921917,0.00125,0.0004
1741,YFI,long,long_main_v9,5872,5873,5894,1600651500,1600657800,26683.5,27667.2,0.03606547866659184,time,100.22181218007663,0.00125,0.0004
1742,UNI,short,short_main_v6_timeout210,776,777,785,1600677900,1600680300,5.3133,5.322370548301047,-0.0025042308908653547,stop,100.22149845687913,0.00125,0.0004
1743,ICX,long,long_main_v9,1742,1743,1747,1600708200,1600709400,0.43,0.4249298914011973,-0.012590950229773723,stop,100.21992110200534,0.00125,0.0004
1744,DOT,long,long_main_v9,8655,8656,8662,1600708800,1600710600,4.42,4.387465802423637,-0.008160678184697545,stop,100.21889877385058,0.00125,0.0004
1745,UNI,long,long_main_v9,879,880,886,1600708800,1600710600,4.938,4.841966543598965,-0.02024784455265991,stop,100.21636225299606,0.00125,0.0004
1746,TRB,long,long_main_v9,5204,5205,5212,1600710300,1600712400,25.87,25.54380395113779,-0.013409047114890304,stop,100.21468249559214,0.00125,0.0004
1747,NEO,long,long_main_v9,62504,62505,62507,1600713000,1600713600,22.115,21.835337171979596,-0.013445843455591388,stop,100.21299815692616,0.00125,0.0004
1750,SXP,long,long_main_v9,17861,17862,17864,1600713000,1600713600,1.3817,1.3597785017036432,-0.01666559911439289,stop,100.2109105198595,0.00125,0.0004
1751,XTZ,long,long_main_v9,65681,65682,65684,1600713000,1600713600,2.066,2.0463130109609557,-0.010329036320931273,stop,100.20961666719136,0.00125,0.0004
1749,SUSHI,long,long_main_v9,4925,4926,4930,1600713000,1600714200,1.5362,1.5121235447481904,-0.016472734833881984,stop,100.2075532591374,0.00125,0.0004
1755,EGLD,long,long_main_v9,2050,2051,2051,1600714500,1600714500,9.471,9.325382330986308,-0.0161751102326779,stop,100.20552717386227,0.00125,0.0004
1756,KAVA,long,long_main_v9,15873,15874,15874,1600714500,1600714500,2.2189,2.183611972178291,-0.01670338808495606,stop,100.20343495910146,0.00125,0.0004
1753,YFI,long,long_main_v9,6081,6082,6084,1600714200,1600714800,23353.9,22926.274468416985,-0.01911066894964084,stop,100.20104126576005,0.00125,0.0004
1757,IOST,long,long_main_v9,61366,61367,61367,1600714800,1600714800,0.005527,0.005467642033392506,-0.011539635716933927,stop,100.19959591136673,0.00125,0.0004
1758,LINK,long,long_main_v9,71447,71448,71449,1600714800,1600715100,8.778,8.656133564713102,-0.014683166471508224,stop,100.1977568521828,0.00125,0.0004
1748,RUNE,long,long_main_v9,4923,4924,4933,1600713000,1600715700,0.3576,0.3489821046835059,-0.024899259833596508,stop,100.19463828970454,0.00125,0.0004
1752,SOL,long,long_main_v9,2049,2050,2055,1600714200,1600715700,2.504,2.45802501299615,-0.019160617813039103,stop,100.19223855074057,0.00125,0.0004
1754,BLZ,long,long_main_v9,1186,1187,1191,1600714500,1600715700,0.09089,0.08934455718550613,-0.017803441682185814,stop,100.1900088423955,0.00125,0.0004
1759,UNI,long,long_main_v9,916,917,920,1600719900,1600720800,4.3817,4.252983612876321,-0.030175901390711222,stop,100.18622968761154,0.00125,0.0004
1764,WAVES,long,long_main_v9,11585,11586,11586,1600723800,1600723800,2.1629,2.13281953469357,-0.014707469280332041,stop,100.18438783024224,0.00125,0.0004
1761,EGLD,long,long_main_v9,2081,2082,2083,1600723800,1600724100,9.087,8.966909338360239,-0.014015655512244018,stop,100.18263264290782,0.00125,0.0004
1760,DOT,long,long_main_v9,8705,8706,8727,1600723800,1600730100,4.02,4.084,0.015120398009950265,time,100.18452614450688,0.00125,0.0004
1762,SUSHI,long,long_main_v9,4961,4962,4983,1600723800,1600730100,1.4345,1.4484,0.008889787382363146,time,100.1856394184274,0.00125,0.0004
1763,TRB,long,long_main_v9,5249,5250,5271,1600723800,1600730100,22.504,22.672,0.006665339495200895,time,100.1864741325515,0.00125,0.0004
1765,BLZ,long,long_main_v9,1241,1242,1242,1600731000,1600731000,0.08638,0.08528662200430386,-0.013457767952027555,stop,100.18478877465049,0.00125,0.0004
1766,CRV,long,long_main_v9,5849,5850,5850,1600731000,1600731000,1.145,1.124668496944812,-0.01855677122723851,stop,100.18246489189332,0.00125,0.0004
1767,DEFI,long,long_main_v9,7001,7002,7002,1600731000,1600731000,546.0,538.7028769952033,-0.014164694147979362,stop,100.18069107442558,0.00125,0.0004
1768,IOST,long,long_main_v9,61420,61421,61421,1600731000,1600731000,0.005361,0.005310699332726077,-0.010182702345443584,stop,100.17941593672812,0.00125,0.0004
1769,KAVA,long,long_main_v9,15928,15929,15929,1600731000,1600731000,2.0518,2.022197751965557,-0.015227452984912215,stop,100.17750909004532,0.00125,0.0004
1771,RLC,long,long_main_v9,15065,15066,15066,1600731000,1600731000,0.8947,0.8832307866021534,-0.013619060464788979,stop,100.17580368560343,0.00125,0.0004
1772,RUNE,long,long_main_v9,4983,4984,4984,1600731000,1600731000,0.3526,0.3460943869573434,-0.019250405679684144,stop,100.17339315452814,0.00125,0.0004
1774,YFI,long,long_main_v9,6137,6138,6138,1600731000,1600731000,22545.7,22204.458703041233,-0.015935537905621387,stop,100.17139775839846,0.00125,0.0004
1773,UNI,long,long_main_v9,953,954,955,1600731000,1600731300,4.2344,4.121193896140782,-0.027534862993391782,stop,100.16795000125704,0.00125,0.0004
1776,BNB,long,long_main_v9,64590,64591,64591,1600731300,1600731300,22.755,22.45440692669997,-0.014009979050759269,stop,100.1661958126557,0.00125,0.0004
1770,NEO,long,long_main_v9,62564,62565,62567,1600731000,1600731600,19.87,19.51538745177412,-0.01864663050960644,stop,100.1638611101021,0.00125,0.0004
1775,BAT,long,long_main_v9,63725,63726,63727,1600731300,1600731600,0.2095,0.20726086899066046,-0.011487976178231695,stop,100.16242276003916,0.00125,0.0004
1778,LTC,long,long_main_v9,73806,73807,73807,1600731600,1600731600,42.3,41.95059075812981,-0.009060265765252628,stop,100.16128838732679,0.00125,0.0004
1779,STORJ,long,long_main_v9,1531,1532,1532,1600731600,1600731600,0.3386,0.3345400801028289,-0.01279031275006246,stop,100.15968701957189,0.00125,0.0004
1780,SXP,long,long_main_v9,17923,17924,17924,1600731600,1600731600,1.2488,1.2236842054115098,-0.020911943136202902,stop,100.15706885247253,0.00125,0.0004
1781,ZIL,long,long_main_v9,27427,27428,27428,1600731600,1600731600,0.0131,0.012920135846440086,-0.014530088058008794,stop,100.15524973868496,0.00125,0.0004
1777,BAND,long,long_main_v9,15643,15644,15665,1600731600,1600737900,5.648,5.71,0.010177337110481544,time,100.15652388085992,0.00125,0.0004
1782,YFI,short,short_main_v6_timeout210,6209,6210,6218,1600752600,1600755000,25752.9,25791.370337883593,-0.002291597281556012,stop,100.15623698283761,0.00125,0.0004
1783,BNB,long,long_main_v9,64704,64705,64706,1600765500,1600765800,22.733,23.53309877282169,0.034395476744014795,target,100.1605431347375,0.00125,0.0004
1784,UNI,long,long_main_v9,1151,1152,1154,1600790400,1600791000,4.1966,4.1332943623050085,-0.015884982532286072,stop,100.15855432413984,0.00125,0.0004
1787,RUNE,long,long_main_v9,5188,5189,5193,1600792500,1600793700,0.364,0.35926191166240623,-0.01381672620218064,stop,100.15682449498746,0.00125,0.0004
1788,STORJ,long,long_main_v9,1734,1735,1739,1600792500,1600793700,0.3136,0.3101288781997043,-0.011868628189718433,stop,100.15533858984921,0.00125,0.0004
1790,SOL,long,long_main_v9,2311,2312,2319,1600792800,1600794900,2.6707,2.812351707562486,0.0522391685934346,target,100.16187862937186,0.00125,0.0004
1791,SUSHI,long,long_main_v9,5191,5192,5203,1600792800,1600796100,1.3301,1.3891484592156513,0.04359399986140224,target,100.16733670052571,0.00125,0.0004
1785,CRV,long,long_main_v9,6054,6055,6076,1600792500,1600798800,1.022,1.031,0.008006262230919737,time,100.16833915798146,0.00125,0.0004
1786,NEO,long,long_main_v9,62769,62770,62791,1600792500,1600798800,18.568,18.812,0.012340887548470425,time,100.1698843657433,0.00125,0.0004
1789,TRB,long,long_main_v9,5478,5479,5500,1600792500,1600798800,20.19,20.527,0.015891431401683944,time,100.1718741693007,0.00125,0.0004
1792,SXP,long,long_main_v9,18127,18128,18149,1600792800,1600799100,1.208,1.2128,0.003173509933774988,time,100.1722715398479,0.00125,0.0004
1793,YFI,long,long_main_v9,6343,6344,6365,1600792800,1600799100,23001.9,23368.2,0.015124771431925055,time,100.17416539323646,0.00125,0.0004
1794,OMG,short,short_main_v6_timeout210,23680,23681,23681,1600817100,1600817100,2.9239,2.9895216165631844,-0.02275054091584869,stop,100.17131662267585,0.00125,0.0004
1795,UNI,short,short_main_v6_timeout210,1265,1266,1278,1600824600,1600828200,4.1499,4.155454770391806,-0.002136741872727143,stop,100.1710490723675,0.00125,0.0004
1796,UNI,long,long_main_v9,1348,1349,1350,1600849500,1600849800,3.9521,3.899894378962253,-0.014009590100895064,stop,100.16929487819564,0.00125,0.0004
1797,OMG,short,short_main_v6_timeout210,23788,23789,23794,1600849500,1600851000,3.1618,3.234308580753625,-0.023218572298605442,stop,100.1663876431766,0.00125,0.0004
1798,SUSHI,long,long_main_v9,5475,5476,5487,1600878000,1600881300,1.2716,1.2544765329190928,-0.014266079805683595,stop,100.16460141607665,0.00125,0.0004
1800,UNI,short,short_main_v6_timeout210,1489,1490,1495,1600891800,1600893300,4.5626,4.699062076774313,-0.029840279644057752,stop,100.16086524143078,0.00125,0.0004
1801,UNI,short,short_main_v6_timeout210,1495,1496,1504,1600893600,1600896000,4.6663,4.673751026943975,-0.002394228468957959,stop,100.16056548143699,0.00125,0.0004
1803,AVAX,long,long_main_v9,143,144,145,1600920000,1600920300,3.9683,3.886568814902515,-0.021396019730737435,stop,100.15788668464289,0.00125,0.0004
1804,UNI,long,long_main_v9,1584,1585,1585,1600920300,1600920300,4.6701,4.559530219806244,-0.02447610547820298,stop,100.15482234089419,0.00125,0.0004
1805,BLZ,long,long_main_v9,1873,1874,1874,1600920600,1600920600,0.07957,0.07889352859496311,-0.009301588601695254,stop,100.15365784220182,0.00125,0.0004
1806,CRV,long,long_main_v9,6481,6482,6482,1600920600,1600920600,0.954,0.941198741993393,-0.014218509440887738,stop,100.15187779753987,0.00125,0.0004
1807,LINK,long,long_main_v9,72133,72134,72134,1600920600,1600920600,7.849,7.767891542917977,-0.011133603909035927,stop,100.1504839833672,0.00125,0.0004
1814,KAVA,long,long_main_v9,16561,16562,16562,1600920900,1600920900,1.9817,1.9470022626676444,-0.01830907671814883,stop,100.14819190474894,0.00125,0.0004
1813,YFI,long,long_main_v9,6769,6770,6778,1600920600,1600923000,23550.0,23228.837516299754,-0.014437472768587955,stop,100.14638454625712,0.00125,0.0004
1809,RUNE,long,long_main_v9,5615,5616,5631,1600920600,1600925100,0.3519,0.3471296343203609,-0.014356026370102448,stop,100.14458741608536,0.00125,0.0004
1808,RLC,long,long_main_v9,15697,15698,15714,1600920600,1600925400,0.8604,0.8522131495135526,-0.010315167929390334,stop,100.14329615578983,0.00125,0.0004
1810,SUSHI,long,long_main_v9,5617,5618,5634,1600920600,1600925400,1.293,1.2755768255272308,-0.014274999592242188,stop,100.14150922390009,0.00125,0.0004
1811,SXP,long,long_main_v9,18553,18554,18570,1600920600,1600925400,1.1523,1.136731944924806,-0.014310418359102827,stop,100.13971789028496,0.00125,0.0004
1812,TRB,long,long_main_v9,5905,5906,5923,1600920600,1600925700,20.308,19.852646612864216,-0.02322236493676297,stop,100.13681103894307,0.00125,0.0004
1815,ZIL,long,long_main_v9,28059,28060,28075,1600921200,1600925700,0.01341,0.01329292718995196,-0.009530261748548851,stop,100.13561812641824,0.00125,0.0004
1816,COMP,long,long_main_v9,24617,24618,24619,1600925400,1600925700,127.97,126.64348369504863,-0.011165838125743321,stop,100.13422050378996,0.00125,0.0004
1802,UNI,short,short_main_v6_timeout210,1562,1563,1606,1600913700,1600926600,5.2191,4.143897900522273,0.2586663587976469,target,100.16659719655091,0.00125,0.0004
1817,OMG,long,long_main_v9,24045,24046,24046,1600926600,1600926600,2.7456,2.707148257546095,-0.014804859576742912,stop,100.16474350604369,0.00125,0.0004
1818,WAVES,long,long_main_v9,12261,12262,12262,1600926600,1600926600,2.1365,2.1144161613216728,-0.011136456203289046,stop,100.16334915569473,0.00125,0.0004
1819,YFI,long,long_main_v9,6827,6828,6829,1600938000,1600938300,21264.9,20890.95669977779,-0.01838500158581566,stop,100.1610472765284,0.00125,0.0004
1799,WAVES,short,short_main_v6_timeout210,12103,12104,12314,1600879200,1600942200,2.527,2.1755,0.16077205240174677,timeout,100.18117614795509,0.00125,0.0004
1820,VET,long,long_main_v9,64184,64185,64202,1600955100,1600960200,0.011492,0.011783101566511899,0.024530801123555348,target,100.1842480535906,0.00125,0.0004
1822,AVAX,short,short_main_v6_timeout210,308,309,328,1600969500,1600975200,4.1537,4.160553137962509,-0.0024471699159370522,stop,100.18394159374323,0.00125,0.0004
1821,OMG,short,short_main_v6_timeout210,24173,24174,24215,1600965000,1600977300,2.9436,2.9459776680639806,-0.0016070896428563622,stop,100.18374033802458,0.00125,0.0004
1823,AVAX,short,short_main_v6_timeout210,480,481,529,1601021100,1601035500,4.726,4.734959252926749,-0.0026921499527606577,stop,100.1834032009598,0.00125,0.0004
1824,UNI,long,long_main_v9,2038,2039,2060,1601056500,1601062800,4.929,5.03,0.019690971799553616,time,100.18586908666882,0.00125,0.0004
1825,STORJ,short,short_main_v6_timeout210,2674,2675,2683,1601074500,1601076900,0.3633,0.3636586738823116,-0.0017862926641690527,stop,100.18564538506506,0.00125,0.0004
1826,KAVA,short,short_main_v6_timeout210,17102,17103,17113,1601083200,1601086200,2.1683,2.170219345738449,-0.0016844017275110305,stop,100.18543444397235,0.00125,0.0004
1827,SXP,short,short_main_v6_timeout210,19112,19113,19117,1601088300,1601089500,1.2794,1.299865989508296,-0.01654469189399874,stop,100.18336252254093,0.00125,0.0004
1828,RUNE,short,short_main_v6_timeout210,6207,6208,6233,1601098200,1601105700,0.4653,0.4657498554493265,-0.0017658735135678053,stop,100.18314138360796,0.00125,0.0004
1829,RUNE,short,short_main_v6_timeout210,6537,6538,6542,1601197200,1601198400,0.5241,0.532967717024786,-0.017438375536681015,stop,100.1809575945556,0.00125,0.0004
1830,RUNE,short,short_main_v6_timeout210,6543,6544,6550,1601199000,1601200800,0.5349,0.5437736811497336,-0.017118702904067338,stop,100.17881388449345,0.00125,0.0004
1831,AVAX,long,long_main_v9,1148,1149,1149,1601221500,1601221500,4.3485,4.31346184534447,-0.00885752665414039,stop,100.17770471385074,0.00125,0.0004
1832,SXP,long,long_main_v9,19556,19557,19557,1601221500,1601221500,1.3171,1.3047887171044896,-0.010147265124523774,stop,100.17643405168913,0.00125,0.0004
1836,ICX,long,long_main_v9,3454,3455,3455,1601221800,1601221800,0.4068,0.4033831549991038,-0.009199323994336739,stop,100.17528210734733,0.00125,0.0004
1840,ZIL,long,long_main_v9,29061,29062,29062,1601221800,1601221800,0.01545,0.015318361806239474,-0.0093202714408108,stop,100.1741150313212,0.00125,0.0004
1833,BAND,long,long_main_v9,17277,17278,17294,1601221800,1601226600,6.7094,6.642578229185416,-0.01075942570342856,stop,100.17276776138608,0.00125,0.0004
1834,BLZ,long,long_main_v9,2877,2878,2898,1601221800,1601227800,0.09063,0.08973866678429315,-0.010634858388026558,stop,100.17143610738673,0.00125,0.0004
1835,CRV,long,long_main_v9,7485,7486,7506,1601221800,1601227800,1.018,1.003948501066016,-0.01460304413947342,stop,100.16960759750798,0.00125,0.0004
1837,KAVA,long,long_main_v9,17564,17565,17585,1601221800,1601227800,2.1329,2.1109475644430784,-0.011092294789686074,stop,100.16821870898742,0.00125,0.0004
1838,RLC,long,long_main_v9,16701,16702,16722,1601221800,1601227800,0.9251,0.9161177528926064,-0.01050948773904834,stop,100.16690281315446,0.00125,0.0004
1839,WAVES,long,long_main_v9,13245,13246,13267,1601221800,1601228100,2.405,2.4146,0.0031916839916840364,time,100.16730243952973,0.00125,0.0004
1841,SXP,short,short_main_v6_timeout210,19659,19660,19661,1601252400,1601252700,1.4319,1.463889745578913,-0.02265256483661091,stop,100.16446613163846,0.00125,0.0004
1842,SXP,short,short_main_v6_timeout210,19679,19680,19681,1601258400,1601258700,1.6255,1.6953841593633552,-0.04202025027625476,stop,100.15920496171891,0.00125,0.0004
1843,SXP,short,short_main_v6_timeout210,19683,19684,19692,1601259600,1601262000,1.7097,1.713884671366848,-0.0032416294962896767,stop,100.1587991129275,0.00125,0.0004
1844,RUNE,short,short_main_v6_timeout210,6775,6776,6808,1601268600,1601278200,0.5876,0.5883964147875205,-0.0021535343987574055,stop,100.15852949365346,0.00125,0.0004
1845,STORJ,short,short_main_v6_timeout210,3403,3404,3412,1601293200,1601295600,0.4272,0.4275360990573421,-0.0015861302427634164,stop,100.15833091306258,0.00125,0.0004
1846,RUNE,long,long_main_v9,6865,6866,6887,1601295600,1601301900,0.5797,0.5905,0.017830326030705692,time,100.16056323268118,0.00125,0.0004
1847,UNI,long,long_main_v9,2877,2878,2880,1601308200,1601308800,4.567,4.531893124062453,-0.008487075966180679,stop,100.15950064479497,0.00125,0.0004
1848,STORJ,short,short_main_v6_timeout210,3483,3484,3490,1601317200,1601319000,0.4494,0.45721907169094933,-0.017901368195407417,stop,100.15725940467084,0.00125,0.0004
1849,SXP,long,long_main_v9,19908,19909,19911,1601327100,1601327700,1.704,1.677613650461266,-0.01628494691240254,stop,100.15522058510547,0.00125,0.0004
1850,OMG,short,short_main_v6_timeout210,25428,25429,25446,1601341500,1601346600,4.0495,4.055025592822606,-0.002162653008253778,stop,100.15494983386911,0.00125,0.0004
1851,FTM,long,long_main_v9,1347,1348,1348,1601367600,1601367600,0.039475,0.039019807356875345,-0.012331162587071764,stop,100.15340605015624,0.00125,0.0004
1853,TRB,long,long_main_v9,7396,7397,7398,1601367900,1601368200,25.282,25.052456496429972,-0.0098793253528213,stop,100.15216924005178,0.00125,0.0004
1852,SUSHI,long,long_main_v9,7107,7108,7113,1601367600,1601369100,1.268,1.256892056540735,-0.009560207775445506,stop,100.1509723956179,0.00125,0.0004
1854,SXP,long,long_main_v9,20046,20047,20049,1601368500,1601369100,1.5437,1.524768887168802,-0.013063466237739218,stop,100.14933699705969,0.00125,0.0004
1855,BLZ,long,long_main_v9,3367,3368,3369,1601368800,1601369100,0.10385,0.10263736498397517,-0.012476793606401726,stop,100.14777506880029,0.00125,0.0004
1856,STORJ,short,short_main_v6_timeout210,3664,3665,3668,1601371500,1601372400,0.4725,0.4854436935934452,-0.027463635276896745,stop,100.14433704133994,0.00125,0.0004
1858,YFI,long,long_main_v9,8288,8289,8289,1601376300,1601376300,26777.2,26428.381276082524,-0.013826706448675652,stop,100.14260620840147,0.00125,0.0004
1857,BLZ,short,short_main_v6_timeout210,3382,3383,3398,1601373300,1601377800,0.11576,0.11597208342623752,-0.0026287455047094613,stop,100.1422771466191,0.00125,0.0004
1859,OMG,short,short_main_v6_timeout210,25570,25571,25572,1601384100,1601384400,4.2394,4.356671847773262,-0.027717760132244227,stop,100.13880749709779,0.00125,0.0004
1860,OMG,short,short_main_v6_timeout210,25573,25574,25584,1601385000,1601388000,4.3351,4.341808137901928,-0.0023450102097718243,stop,100.13851396394033,0.00125,0.0004
1861,BAND,short,short_main_v6_timeout210,17883,17884,17893,1601403600,1601406300,6.887,6.893784187254854,-0.001784102065074377,stop,100.13829064227838,0.00125,0.0004
1862,BLZ,long,long_main_v9,3531,3532,3542,1601418000,1601421000,0.10866,0.11227561783497743,0.032474598149985566,target,100.14235558071341,0.00125,0.0004
1863,CRV,long,long_main_v9,8139,8140,8161,1601418000,1601424300,0.964,0.966,0.0012746887966804906,time,100.14251514363683,0.00125,0.0004
1864,STORJ,long,long_main_v9,3819,3820,3841,1601418000,1601424300,0.4639,0.4789,0.03153455486096148,time,100.14646258068396,0.00125,0.0004
1865,ZIL,short,short_main_v6_timeout210,29742,29743,29744,1601426100,1601426400,0.01642,0.01671331713536906,-0.018349905443266954,stop,100.14416548303542,0.00125,0.0004
1866,YFI,long,long_main_v9,8463,8464,8465,1601428800,1601429100,24015.4,23699.707420230578,-0.01394542251094819,stop,100.14241979216084,0.00125,0.0004
1867,FTM,long,long_main_v9,1554,1555,1561,1601429700,1601431500,0.037819,0.0374113475777143,-0.011579037581260753,stop,100.14097035110802,0.00125,0.0004
1868,FLM,long,long_main_v9,120,121,142,1601431500,1601437800,0.584,0.6012,0.02865205479452051,time,100.14455690682011,0.00125,0.0004
1869,ATOM,short,short_main_v6_timeout210,67778,67779,67785,1601443500,1601445300,5.231,5.315683486388166,-0.016730874478327083,stop,100.142462524306,0.00125,0.0004
1870,FLM,short,short_main_v6_timeout210,181,182,186,1601449800,1601451000,0.6771,0.7024228941140203,-0.036850781268968326,stop,100.13784961432823,0.00125,0.0004
1872,RLC,short,short_main_v6_timeout210,17475,17476,17484,1601454000,1601456400,0.9404,0.9410203140638296,-0.0014591930636977716,stop,100.13766696375876,0.00125,0.0004
1873,FLM,long,long_main_v9,214,215,236,1601459700,1601466000,0.6113,0.6134,0.0026353018158024274,time,100.13799682997825,0.00125,0.0004
1874,RUNE,long,long_main_v9,7443,7444,7444,1601469000,1601469000,0.488,0.503556714825173,0.03107851398601005,target,100.14188700514701,0.00125,0.0004
1875,YFI,long,long_main_v9,8638,8639,8640,1601481300,1601481600,22790.4,22480.324430927398,-0.014405534307103207,stop,100.14008375841097,0.00125,0.0004
1876,FTM,long,long_main_v9,1737,1738,1754,1601484600,1601489400,0.036118,0.03581180531087417,-0.009277620275924136,stop,100.13892243132157,0.00125,0.0004
1877,SXP,short,short_main_v6_timeout210,20497,20498,20498,1601503800,1601503800,1.6915,1.7202194640535244,-0.017495232587271124,stop,100.13673248914786,0.00125,0.0004
1871,FLM,short,short_main_v6_timeout210,186,187,397,1601451300,1601514300,0.6961,0.6167,0.12794979730825365,timeout,100.15274808242923,0.00125,0.0004
1879,YFI,short,short_main_v6_timeout210,8862,8863,8866,1601548500,1601549400,25682.8,26203.334660864904,-0.020665206760967367,stop,100.15016098587071,0.00125,0.0004
1878,FTM,short,short_main_v6_timeout210,1941,1942,1956,1601545800,1601550000,0.040179,0.040220560794984136,-0.0018333221159193328,stop,100.1499314764894,0.00125,0.0004
1880,KNC,short,short_main_v6_timeout210,29010,29011,29054,1601551500,1601564400,1.03782,1.0384063980184672,-0.0013647095584024874,stop,100.14976063202845,0.00125,0.0004
1881,FLM,long,long_main_v9,658,659,661,1601592900,1601593500,0.6159,0.608565464837416,-0.012708646148049984,stop,100.14816967219134,0.00125,0.0004
1882,YFI,long,long_main_v9,9034,9035,9035,1601600100,1601600100,22717.0,22462.999116819334,-0.011981092713856034,stop,100.14666981655888,0.00125,0.0004
1883,AVAX,long,long_main_v9,2411,2412,2412,1601600400,1601600400,4.1988,4.166902394854762,-0.008396838416985441,stop,100.14561867230331,0.00125,0.0004
1884,DEFI,long,long_main_v9,9899,9900,9900,1601600400,1601600400,595.4,591.7390371179242,-0.006948745183197413,stop,100.1447488143216,0.00125,0.0004
1885,FTM,long,long_main_v9,2123,2124,2124,1601600400,1601600400,0.037881,0.03748706832862113,-0.011199188811775595,stop,100.14334688938351,0.00125,0.0004
1886,ICX,long,long_main_v9,4716,4717,4717,1601600400,1601600400,0.4287,0.42454007170517005,-0.01050358827811979,stop,100.14203205877787,0.00125,0.0004
1887,RUNE,long,long_main_v9,7881,7882,7882,1601600400,1601600400,0.5026,0.4979464523521604,-0.010058948762116304,stop,100.14077290431611,0.00125,0.0004
1888,CRV,long,long_main_v9,8748,8749,8749,1601600700,1601600700,0.894,0.8856807851642151,-0.010105609436001006,stop,100.13950792489162,0.00125,0.0004
1889,KAVA,long,long_main_v9,18827,18828,18828,1601600700,1601600700,2.2723,2.2504863537539985,-0.010399809112353808,stop,100.13820613518284,0.00125,0.0004
1890,LINK,long,long_main_v9,74400,74401,74401,1601600700,1601600700,9.765,9.690597347968204,-0.00841931920448511,stop,100.13715226578032,0.00125,0.0004
1892,UNI,long,long_main_v9,3852,3853,3853,1601600700,1601600700,4.1873,4.148661616737301,-0.010027517317292433,stop,100.13589710699475,0.00125,0.0004
1891,SXP,long,long_main_v9,20820,20821,20823,1601600700,1601601300,1.5673,1.54825232262422,-0.01295317895475021,stop,100.13427575925097,0.00125,0.0004
1893,WAVES,long,long_main_v9,14508,14509,14511,1601600700,1601601300,2.6054,2.579640359964999,-0.0106870192811088,stop,100.1329380880813,0.00125,0.0004
1900,OMG,long,long_main_v9,26295,26296,26296,1601601600,1601601600,3.92,3.8627320866481027,-0.01540916156936154,stop,100.13100938230453,0.00125,0.0004
1901,STORJ,long,long_main_v9,4431,4432,4432,1601601600,1601601600,0.4649,0.459119543106476,-0.013233764021346439,stop,100.12935299461779,0.00125,0.0004
1902,TRB,long,long_main_v9,8175,8176,8176,1601601600,1601601600,21.315,21.098734798883726,-0.010946150650540698,stop,100.12798295588976,0.00125,0.0004
1894,ALGO,long,long_main_v9,30903,30904,30908,1601601600,1601602800,0.3316,0.3279787377977784,-0.011720573589329297,stop,100.12651600914903,0.00125,0.0004
1895,BAL,long,long_main_v9,8751,8752,8756,1601601600,1601602800,16.129,15.859243675990161,-0.017524925538461165,stop,100.12432262197717,0.00125,0.0004
1897,COMP,long,long_main_v9,26871,26872,26876,1601601600,1601602800,128.12,126.7169409925834,-0.011751131809370907,stop,100.1228519043366,0.00125,0.0004
1904,ZIL,long,long_main_v9,30327,30328,30332,1601601600,1601602800,0.01872,0.018397206030898332,-0.018043267580217324,stop,100.12059372507684,0.00125,0.0004
1896,BAND,long,long_main_v9,18543,18544,18552,1601601600,1601604000,6.3778,6.2997651898162035,-0.013035380567561905,stop,100.11896233752452,0.00125,0.0004
1898,DOT,long,long_main_v9,11631,11632,11653,1601601600,1601607900,4.276,4.29,0.002474087932647385,time,100.1192719664202,0.00125,0.0004
1899,ENJ,long,long_main_v9,687,688,709,1601601600,1601607900,0.15054,0.15127,0.004049209512421737,time,100.11977872130572,0.00125,0.0004
1903,ZEC,long,long_main_v9,68931,68932,68953,1601601600,1601607900,63.04,64.65,0.024739340101522924,time,100.12287484287656,0.00125,0.0004
1905,ALGO,long,long_main_v9,31056,31057,31057,1601647500,1601647500,0.3222,0.31939771988070426,-0.00949733122065719,stop,100.12168621774512,0.00125,0.0004
1906,BAND,long,long_main_v9,18696,18697,18697,1601647500,1601647500,6.2558,6.208997959856451,-0.008281383698895172,stop,100.12064978511994,0.00125,0.0004
1908,KAVA,long,long_main_v9,18983,18984,18984,1601647500,1601647500,2.1976,2.1814006712375726,-0.00817137275319777,stop,100.11962713118282,0.00125,0.0004
1909,SXP,long,long_main_v9,20976,20977,20977,1601647500,1601647500,1.4908,1.4792252624661066,-0.008564111573580146,stop,100.118555336611,0.00125,0.0004
1910,YFI,long,long_main_v9,9192,9193,9193,1601647500,1601647500,22168.4,21954.823555781237,-0.010434274201961613,stop,100.11724950603713,0.00125,0.0004
1907,EGLD,long,long_main_v9,5160,5161,5162,1601647500,1601647800,9.817,9.754341024657922,-0.00718270096180893,stop,100.11635061570672,0.00125,0.0004
1914,FLM,long,long_main_v9,841,842,842,1601647800,1601647800,0.5265,0.5196988996267555,-0.013717569559818487,stop,100.11463392445216,0.00125,0.0004
1915,FTM,long,long_main_v9,2281,2282,2282,1601647800,1601647800,0.035658,0.03540189208224205,-0.00798234106674387,stop,100.11363498800998,0.00125,0.0004
1917,OMG,long,long_main_v9,26449,26450,26450,1601647800,1601647800,3.9994,3.9558236252388133,-0.011695728049504117,stop,100.1121713606989,0.00125,0.0004
1918,RUNE,long,long_main_v9,8039,8040,8040,1601647800,1601647800,0.4384,0.4570143447591706,0.04165972800905684,target,100.11738466798549,0.00125,0.0004
1912,BLZ,long,long_main_v9,4297,4298,4299,1601647800,1601648100,0.10187,0.10088779055989416,-0.010441792874308775,stop,100.1160779117432,0.00125,0.0004
1911,ATOM,long,long_main_v9,68459,68460,68462,1601647800,1601648400,4.991,4.946823814929776,-0.009651169118457847,stop,100.11487011524395,0.00125,0.0004
1913,ENJ,long,long_main_v9,841,842,844,1601647800,1601648400,0.14712,0.14623595518731555,-0.006809004980182531,stop,100.11401801193244,0.00125,0.0004
1916,KNC,long,long_main_v9,29331,29332,29334,1601647800,1601648400,0.93848,0.9320676079915392,-0.007632742315724172,stop,100.11306283130536,0.00125,0.0004
1919,SNX,long,long_main_v9,14089,14090,14092,1601647800,1601648400,4.351,4.3163968444340055,-0.008752920148470377,stop,100.11196747924937,0.00125,0.0004
1920,STORJ,long,long_main_v9,4585,4586,4588,1601647800,1601648400,0.4726,0.46767011469742986,-0.011231411981739691,stop,100.11056198081054,0.00125,0.0004
1922,ZIL,long,long_main_v9,30481,30482,30484,1601647800,1601648400,0.01844,0.018219789748323584,-0.012741987618027006,stop,100.10896747138406,0.00125,0.0004
1923,TRB,long,long_main_v9,8330,8331,8332,1601648100,1601648400,19.746,19.558788960088254,-0.01028096019000022,stop,100.10768095099752,0.00125,0.0004
1921,THETA,long,long_main_v9,36829,36830,36833,1601647800,1601648700,0.6972,0.6921097106644453,-0.008101046092304642,stop,100.10666722982555,0.00125,0.0004
1927,SOL,long,long_main_v9,5164,5165,5177,1601648700,1601652300,2.6627,2.6398215723548972,-0.009392191251399984,stop,100.10549195362034,0.00125,0.0004
1924,BAL,long,long_main_v9,8908,8909,8930,1601648700,1601655000,16.427,16.592,0.009244439033298768,time,100.10664872751693,0.00125,0.0004
1925,CRV,long,long_main_v9,8908,8909,8930,1601648700,1601655000,0.807,0.815,0.009113258983890838,time,100.10778909978676,0.00125,0.0004
1926,RLC,long,long_main_v9,18124,18125,18146,1601648700,1601655000,0.8483,0.8502,0.0014397736649768519,time,100.10796926548475,0.00125,0.0004
1928,SUSHI,long,long_main_v9,8046,8047,8068,1601649300,1601655600,1.1658,1.1831,0.014039595127809302,time,100.1097261096817,0.00125,0.0004
1929,SXP,long,long_main_v9,21022,21023,21023,1601661300,1601661300,1.3908,1.3723663476000931,-0.014053992234618095,stop,100.10796743304002,0.00125,0.0004
1930,FLM,long,long_main_v9,893,894,904,1601663400,1601666400,0.448,0.4391249093550844,-0.020610470189543737,stop,100.10538834269187,0.00125,0.0004
1932,CRV,long,long_main_v9,8968,8969,8969,1601666700,1601666700,0.749,0.738166189630221,-0.015264366314791755,stop,100.10347828604469,0.00125,0.0004
1933,SUSHI,long,long_main_v9,8104,8105,8105,1601666700,1601666700,1.0975,1.0845825432961926,-0.01256989221303626,stop,100.10190542362943,0.00125,0.0004
1934,UNI,long,long_main_v9,4072,4073,4073,1601666700,1601666700,3.708,3.66418536501133,-0.012616244603201298,stop,100.10032678597435,0.00125,0.0004
1935,YFI,long,long_main_v9,9256,9257,9257,1601666700,1601666700,19459.1,19123.96600583012,-0.01802248172679508,stop,100.09807171558641,0.00125,0.0004
1936,ZEC,long,long_main_v9,69148,69149,69149,1601666700,1601666700,59.0,58.40525462418073,-0.010880430098631688,stop,100.09671032799602,0.00125,0.0004
1931,TRB,long,long_main_v9,8381,8382,8403,1601663400,1601669700,18.187,18.593,0.021523637763237426,time,100.09940338466401,0.00125,0.0004
1937,AVAX,long,long_main_v9,2633,2634,2655,1601667000,1601673300,3.6946,3.8572,0.04321017701510312,time,100.10481002583822,0.00125,0.0004
1939,FTM,long,long_main_v9,2412,2413,2416,1601687100,1601688000,0.032444,0.033769569819121596,0.04005716370119585,target,100.10982241929133,0.00125,0.0004
1938,FLM,long,long_main_v9,972,973,994,1601687100,1601693400,0.4271,0.4436,0.03783263872629363,time,100.11455669272202,0.00125,0.0004
1940,ZIL,long,long_main_v9,30677,30678,30680,1601706600,1601707200,0.01766,0.017496439208825404,-0.010061652954393851,stop,100.11329754531562,0.00125,0.0004
1941,FLM,long,long_main_v9,1332,1333,1333,1601795100,1601795100,0.4376,0.43354916448116815,-0.010056936743217148,stop,100.11203900393991,0.00125,0.0004
1942,FTM,long,long_main_v9,2794,2795,2795,1601801700,1601801700,0.031221,0.03091977343457566,-0.010448203626544283,stop,100.11073151522868,0.00125,0.0004
1943,SUSHI,long,long_main_v9,8572,8573,8574,1601807100,1601807400,1.0016,0.9895075206641547,-0.012873162276203364,stop,100.1091205881132,0.00125,0.0004
1945,YFI,long,long_main_v9,9738,9739,9740,1601811300,1601811600,17441.8,17096.813123524982,-0.020579316152863656,stop,100.10654536656024,0.00125,0.0004
1944,CRV,long,long_main_v9,9448,9449,9470,1601810700,1601817000,0.707,0.706,-0.002214427157001463,time,100.10626826824442,0.00125,0.0004
1946,FLM,long,long_main_v9,1525,1526,1527,1601853000,1601853300,0.3741,0.3694562717741714,-0.013213066628785275,stop,100.10461487975368,0.00125,0.0004
1947,YFI,long,long_main_v9,9895,9896,9896,1601858400,1601858400,16476.5,16202.609837393136,-0.017423079088815217,stop,100.10243471647593,0.00125,0.0004
1948,SUSHI,long,long_main_v9,8747,8748,8748,1601859600,1601859600,0.9111,0.9028383154427131,-0.009867813145963055,stop,100.10119997632438,0.00125,0.0004
1949,YFI,short,short_main_v6_timeout210,9925,9926,9935,1601867400,1601870100,18753.0,18784.268394000388,-0.0024646053678819327,stop,100.10089158888088,0.00125,0.0004
1951,FTM,long,long_main_v9,3157,3158,3158,1601910600,1601910600,0.030553,0.030316960622554488,-0.008525571218718752,stop,100.09982481728052,0.00125,0.0004
1952,CRV,long,long_main_v9,9782,9783,9783,1601910900,1601910900,0.665,0.6589883986752098,-0.009840001992165814,stop,100.098593589186,0.00125,0.0004
1953,FLM,long,long_main_v9,1718,1719,1720,1601910900,1601911200,0.3226,0.31767390990606054,-0.016069963093426762,stop,100.09658286330514,0.00125,0.0004
1954,EGLD,long,long_main_v9,6070,6071,6092,1601920500,1601926800,8.087,8.307,0.026404154816371952,time,100.09988657039328,0.00125,0.0004
1950,YFI,short,short_main_v6_timeout210,9952,9953,10152,1601875500,1601935200,19884.4,19913.86458181837,-0.0022796013951641206,stop,100.09960133559193,0.00125,0.0004
1955,SXP,long,long_main_v9,22085,22086,22107,1601980200,1601986500,1.2796,1.2818,0.0009192872772742173,time,100.09971636095439,0.00125,0.0004
1956,SUSHI,long,long_main_v9,9220,9221,9224,1602001500,1602002400,0.769,0.758738811567386,-0.014143548026806263,stop,100.09794665452212,0.00125,0.0004
1957,FLM,long,long_main_v9,2057,2058,2058,1602012600,1602012600,0.347,0.34129645236037304,-0.017236736713622334,stop,100.09578995208204,0.00125,0.0004
1959,SUSHI,long,long_main_v9,9264,9265,9266,1602014700,1602015000,0.7043,0.6930813946837289,-0.01672873110360804,stop,100.09369685763866,0.00125,0.0004
1960,TRB,long,long_main_v9,9552,9553,9555,1602014700,1602015300,14.885,14.760590389356912,-0.00915805244495047,stop,100.09255102848212,0.00125,0.0004
1961,UNI,long,long_main_v9,5232,5233,5244,1602014700,1602018000,2.9047,2.867334278903208,-0.013663883050501568,stop,100.09084146234277,0.00125,0.0004
1958,CRV,long,long_main_v9,10128,10129,10150,1602014700,1602021000,0.527,0.537,0.01817533206831126,time,100.09311544269349,0.00125,0.0004
1962,FLM,long,long_main_v9,2107,2108,2112,1602027600,1602028800,0.3163,0.3099360937042273,-0.020919842857327595,stop,100.09049802738579,0.00125,0.0004
1963,SUSHI,long,long_main_v9,9308,9309,9312,1602027900,1602028800,0.6642,0.6525396329521226,-0.01835550594380828,stop,100.08820151272147,0.00125,0.0004
1964,COMP,long,long_main_v9,28296,28297,28297,1602029100,1602029100,103.32,102.35960837421179,-0.010095311902712045,stop,100.0869384857064,0.00125,0.0004
1966,SUSHI,long,long_main_v9,9358,9359,9359,1602042900,1602042900,0.6506,0.6392127760383851,-0.01830264980266658,stop,100.08464866547524,0.00125,0.0004
1967,YFI,long,long_main_v9,10510,10511,10511,1602042900,1602042900,16840.9,16620.03669927149,-0.013914697001259446,stop,100.08290785602442,0.00125,0.0004
1968,FTM,long,long_main_v9,3599,3600,3600,1602043200,1602043200,0.025566,0.025316714487922356,-0.01055066541804126,stop,100.08158792943085,0.00125,0.0004
1969,UNI,long,long_main_v9,5327,5328,5328,1602043200,1602043200,2.8721,2.8337748104454628,-0.014143960709772396,stop,100.07981849187155,0.00125,0.0004
1970,ICX,long,long_main_v9,6193,6194,6194,1602043500,1602043500,0.3635,0.3602479534557202,-0.009746482927867372,stop,100.07859920906861,0.00125,0.0004
1971,KAVA,long,long_main_v9,20303,20304,20304,1602043500,1602043500,1.877,1.8579691735118613,-0.010938959237154355,stop,100.07723076442204,0.00125,0.0004
1972,TRB,long,long_main_v9,9648,9649,9649,1602043500,1602043500,14.75,14.621425170246027,-0.009516937610438791,stop,100.07604022847028,0.00125,0.0004
1965,FLM,long,long_main_v9,2158,2159,2180,1602042900,1602049200,0.2841,0.2867,0.008351707145371279,time,100.0770849856956,0.00125,0.0004
1973,CRV,long,long_main_v9,10245,10246,10246,1602049800,1602049800,0.491,0.4831024998878167,-0.016884521613407897,stop,100.07497279356505,0.00125,0.0004
1974,UNI,long,long_main_v9,5378,5379,5381,1602058500,1602059100,2.7465,2.71151902606169,-0.013536564332171852,stop,100.07327945443097,0.00125,0.0004
1975,FLM,long,long_main_v9,2222,2223,2228,1602062100,1602063600,0.273,0.2686409764906639,-0.01676711908181736,stop,100.07118202868908,0.00125,0.0004
1976,SXP,long,long_main_v9,22370,22371,22374,1602065700,1602066600,1.0946,1.0850709840596684,-0.009505477745598045,stop,100.0699929981969,0.00125,0.0004
1977,YFI,long,long_main_v9,10586,10587,10590,1602065700,1602066600,15095.8,14803.335071664005,-0.02017392707481511,stop,100.06746949227049,0.00125,0.0004
1978,SUSHI,long,long_main_v9,9438,9439,9439,1602066900,1602066900,0.5519,0.5401469173410548,-0.022095674323147605,stop,100.06470566950019,0.00125,0.0004
1979,FLM,long,long_main_v9,2331,2332,2347,1602094800,1602099300,0.2444,0.23943612047799295,-0.02111047267596997,stop,100.0620651529566,0.00125,0.0004
1980,CRV,long,long_main_v9,10412,10413,10428,1602099900,1602104400,0.454,0.4779154564232547,0.051877216791309876,target,100.06855382976477,0.00125,0.0004
1981,FLM,long,long_main_v9,2412,2413,2425,1602119100,1602122700,0.2436,0.23878679705454822,-0.02055863278100076,stop,100.06598223895088,0.00125,0.0004
1983,YFI,long,long_main_v9,10779,10780,10781,1602123600,1602123900,13968.2,13711.414655350998,-0.019183567292063584,stop,100.06358271082098,0.00125,0.0004
1982,UNI,long,long_main_v9,5585,5586,5603,1602120600,1602125700,2.58,2.7008289092100046,0.04603291054651328,target,100.06934048326085,0.00125,0.0004
1985,FLM,long,long_main_v9,2589,2590,2593,1602172200,1602173100,0.2451,0.24066242850818728,-0.018905146845421193,stop,100.06697570129015,0.00125,0.0004
1984,YFI,long,long_main_v9,10937,10938,10946,1602171000,1602173400,12655.7,12405.99992403715,-0.020530246131217542,stop,100.0644077017392,0.00125,0.0004
1986,TRB,long,long_main_v9,10081,10082,10082,1602173400,1602173400,14.895,14.71121901145145,-0.01313843494787179,stop,100.06276433960021,0.00125,0.0004
1993,SUSHI,short,short_main_v6_timeout210,9868,9869,9875,1602195900,1602197700,0.7154,0.7419293898089037,-0.03655729735647315,stop,100.05819180931236,0.00125,0.0004
1987,SOL,short,short_main_v6_timeout210,6986,6987,6996,1602195300,1602198000,2.3168,2.3190767781183226,-0.0017817605608425372,stop,100.05796895963742,0.00125,0.0004
1988,YFI,short,short_main_v6_timeout210,11018,11019,11028,1602195300,1602198000,15072.4,15100.259355640364,-0.0026449587509872244,stop,100.05763814813666,0.00125,0.0004
1990,FLM,short,short_main_v6_timeout210,2667,2668,2680,1602195600,1602199200,0.263,0.2634405512071798,-0.0024722983806441993,stop,100.0573289327157,0.00125,0.0004
1989,AVAX,short,short_main_v6_timeout210,4395,4396,4410,1602195600,1602199800,3.7604,3.764759643874846,-0.0019580138673498163,stop,100.05708404066874,0.00125,0.0004
1991,UNI,short,short_main_v6_timeout210,5835,5836,5850,1602195600,1602199800,3.0509,3.05475965394609,-0.0020634885828428643,stop,100.05682595735556,0.00125,0.0004
1992,RUNE,short,short_main_v6_timeout210,9866,9867,9880,1602195900,1602199800,0.4421,0.44250044187051707,-0.001704952476034504,stop,100.05661271718911,0.00125,0.0004
1994,SUSHI,short,short_main_v6_timeout210,9876,9877,9885,1602198300,1602200700,0.741,0.742390433440685,-0.0026729140059643434,stop,100.05627841378721,0.00125,0.0004
1996,OMG,short,short_main_v6_timeout210,28292,28293,28294,1602200700,1602201000,3.3652,3.4309543507446354,-0.019965032239605305,stop,100.05378138025682,0.00125,0.0004
2000,FLM,short,short_main_v6_timeout210,2686,2687,2689,1602201300,1602201900,0.271,0.2808491106706418,-0.03586904703070979,stop,100.04929533801942,0.00125,0.0004
1999,UNI,short,short_main_v6_timeout210,5853,5854,5859,1602201000,1602202500,3.2046,3.296731626747311,-0.02874635329118722,stop,100.04570027253152,0.00125,0.0004
1997,YFI,short,short_main_v6_timeout210,11036,11037,11047,1602200700,1602203700,16082.7,16114.730138198778,-0.002787631063262607,stop,100.04535165940425,0.00125,0.0004
2001,OMG,short,short_main_v6_timeout210,28294,28295,28303,1602201300,1602203700,3.3949,3.3985440142923067,-0.001872228070898129,stop,100.04511752475958,0.00125,0.0004
1998,DOT,short,short_main_v6_timeout210,13629,13630,13642,1602201000,1602204600,4.027,4.030594453655042,-0.0016917924381557362,stop,100.04490595529295,0.00125,0.0004
