experiment,trades,final_asset,final_return,peak_asset,peak_growth,win_rate,pf,mdd,max_conc
atr18975_t27_b17_r155_baseline,90232,6350.702895270262,62.50702895270262,6353.669833233792,62.53669833233792,0.373359783668765,1.4106140863837278,-0.33711914280083977,7708
long_guard_soft_ref,83696,5500.339110231851,54.00339110231851,5502.908773021554,54.029087730215544,0.3722878034792583,1.4258384272581377,-0.3135188063949568,7324
asym_guard_soft_ref,81496,5377.706124319794,52.77706124319794,5380.218495110882,52.80218495110882,0.3729630902130166,1.4332219278916365,-0.3120864037327564,7136
long_guard_wick_only,93841,12577.017300378448,124.77017300378448,12579.925889201762,124.79925889201762,0.23940495092763292,2.0716772161486587,-0.2240743738296136,33598
asym_guard_wick_only,91307,11908.410415353324,118.08410415353325,11910.058744995695,118.10058744995695,0.24054015573833332,2.0774455406470356,-0.2240995969894647,32582
long_guard_rr_only,83676,6262.952226562267,61.629522265622676,6264.97156959214,61.6497156959214,0.3629953630670682,1.427523241846958,-0.32265709407329735,7134
asym_guard_rr_only,81476,6080.937889880248,59.80937889880248,6082.898546627866,59.82898546627867,0.36378810938190387,1.4343975029452758,-0.32214290944244683,6951
long_guard_wick_or_atr,83206,4796.9035036453115,46.969035036453114,4799.144533551301,46.991445335513006,0.37926351465038577,1.4113967611312348,-0.3473559152306408,6705
asym_guard_wick_or_atr,81017,4691.38050815155,45.913805081515505,4693.572239548931,45.93572239548931,0.3800313514447585,1.4186330681496457,-0.3458042295097742,6526
