{
  "load_sec": 232.70460000000014,
  "feature_sec": 82.67780000000006,
  "backtest_sec": 5698.261899999999,
  "wall_sec": 6143.404
}