{
  "load_sec": 202.0612999999999,
  "feature_sec": 69.36589999999995,
  "backtest_sec": 3406.0831,
  "wall_sec": 3784.2932
}