profile,confirmation,horizon,trend_alignment,events,long_win_rate_pct,avg_long_ret_pct,avg_abs_ret_pct,avg_mfe_long_pct,avg_mae_long_pct,target_before_stop_rate_pct,stop_before_target_rate_pct,both_same_bar_rate_pct,none_hit_rate_pct,avg_first_hit_bars,avg_confirm_bars,avg_body_atr,avg_range_atr,avg_vol_ratio,avg_close_pos,avg_reclaim_strength_atr,avg_sweep_depth_atr
bear_body10_range12_vol12_cp30,base_no_confirm,12,above_ema_slope_down,53765,47.337487212870826,0.030977411944800342,0.9893223292252076,1.1189531988048733,-0.9978106726438764,49.50804426671627,47.994048172602994,0.7644378313028922,1.733469729377848,2.7582003671947457,0.0,1.344291337508378,1.786544581080119,2.9130280944386615,0.1116123381701967,0.0,0.0
bear_body10_range12_vol12_cp30,base_no_confirm,12,below_ema_slope_up,373796,53.58243533906195,0.040449165979461084,0.9297172427284753,0.9541029861474519,-1.03295281975447,50.174961743838885,47.1270425579728,1.5786685785829706,1.1193271196053463,2.4163149464844214,0.0,1.6482748594587062,2.0603117965991116,2.8381434619805734,0.1223998011980754,0.0,0.0
bear_body10_range12_vol12_cp30,base_no_confirm,12,long_counter_trend,1271341,53.56564446517497,0.04204291755886058,1.0425150526018199,1.0420210436824702,-1.1874943976817425,49.33640935044178,48.20610678016362,1.5488370154034206,0.9086468539911794,2.4165594397156984,0.0,1.5378097362684569,1.9402100433924843,2.7842311074119044,0.12239454159879595,0.0,0.0
bear_body10_range12_vol12_cp30,base_no_confirm,12,long_trend_aligned,992339,49.63001554912182,0.025607555626101553,0.9624426732070266,1.0666754989095326,-1.0072927853402185,49.91661115808207,47.50342372918932,0.7876340645686606,1.7923310481599533,2.8034401412750256,0.0,1.4384700839534161,1.8513722356049909,2.6559414400236445,0.11742460582272593,0.0,0.0
bear_body10_range12_vol12_cp30,base_no_confirm,36,above_ema_slope_down,53765,47.55138100995071,0.01996407620619905,1.6709779951838333,1.8562058808461717,-1.6994433789793495,50.35989956291268,48.81428438575281,0.7662977773644565,0.05951827397005487,2.9995161260305583,0.0,1.344291337508378,1.786544581080119,2.9130280944386615,0.1116123381701967,0.0,0.0
bear_body10_range12_vol12_cp30,base_no_confirm,36,below_ema_slope_up,373796,52.20066560369827,0.06760929729303938,1.5239815573056157,1.6191745580315993,-1.6712517776150355,50.73462530364156,47.62838553649584,1.5810763090027717,0.055912850859827286,2.5717597239732646,0.0,1.6482748594587062,2.0603117965991116,2.8381434619805734,0.1223998011980754,0.0,0.0
bear_body10_range12_vol12_cp30,base_no_confirm,36,long_counter_trend,1271341,52.9212854773031,0.05925248420952912,1.6690660967284885,1.7082372248559723,-1.9192033784517175,49.787035893595814,48.63266424979608,1.55111807139076,0.029181785217341376,2.543133197479091,0.0,1.5378097362684569,1.9402100433924843,2.7842311074119044,0.12239454159879595,0.0,0.0
bear_body10_range12_vol12_cp30,base_no_confirm,36,long_trend_aligned,992339,48.76025229281526,0.03645733992526242,1.610293166334875,1.833495420029341,-1.6815448084829412,50.753220421650255,48.402511641686964,0.7901533649287189,0.054114571734054595,3.0520597861266663,0.0,1.4384700839534161,1.8513722356049909,2.6559414400236445,0.11742460582272593,0.0,0.0
bear_body10_range12_vol12_cp30,base_no_confirm,72,above_ema_slope_down,53765,47.421184785641216,0.01666228788426098,2.3151970793700842,2.5511557706989856,-2.378599948968465,50.387798753836144,48.84218357667628,0.7662977773644565,0.0037198921231284296,3.02498000483604,0.0,1.344291337508378,1.786544581080119,2.9130280944386615,0.1116123381701967,0.0,0.0
bear_body10_range12_vol12_cp30,base_no_confirm,72,below_ema_slope_up,373796,51.46844803047652,0.09229339599442794,2.13580770620871,2.300092098808544,-2.297776811675587,50.76218044066817,47.64390202142345,1.5810763090027717,0.012841228905606267,2.5910131960572365,0.0,1.6482748594587062,2.0603117965991116,2.8381434619805734,0.1223998011980754,0.0,0.0
bear_body10_range12_vol12_cp30,base_no_confirm,72,long_counter_trend,1271341,51.87058389527278,0.04653788480743257,2.297057377895034,2.3658787235349013,-2.6301765819476146,49.79859848773854,48.643990872629765,1.5511967284937715,0.0062139111379244435,2.553483860919307,0.0,1.5378097362684569,1.9402100433924843,2.7842311074119044,0.12239454159879595,0.0,0.0
bear_body10_range12_vol12_cp30,base_no_confirm,72,long_trend_aligned,992339,48.24298954288807,0.04771399416000971,2.2306723605503374,2.5832069146641854,-2.329986735996421,50.77438254467476,48.42750310125874,0.7901533649287189,0.007960989137784567,3.072400378932941,0.0,1.4384700839534161,1.8513722356049909,2.6559414400236445,0.11742460582272593,0.0,0.0
bear_body10_range12_vol12_cp30,base_no_confirm,288,above_ema_slope_down,53765,46.97851762298894,-0.023297175857105598,4.534083654529752,5.112698760220648,-4.751984247665336,50.3896586998977,48.84404352273784,0.7662977773644565,0.0,3.0280479866083883,0.0,1.344291337508378,1.786544581080119,2.9130280944386615,0.1116123381701967,0.0,0.0
bear_body10_range12_vol12_cp30,base_no_confirm,288,below_ema_slope_up,373796,48.966013547496495,0.023900690418074775,4.226442207463114,4.6580980478976795,-4.582792209479972,50.76886858072317,47.64898500786525,1.5810763090027717,0.0010701024088005224,2.604263868675627,0.0,1.6482748594587062,2.0603117965991116,2.8381434619805734,0.1223998011980754,0.0,0.0
bear_body10_range12_vol12_cp30,base_no_confirm,288,long_counter_trend,1271341,51.08535003590696,0.16585219961830078,4.5241105703038835,4.813475959250188,-5.039644943420077,49.802531342889125,48.645799985999034,1.5511967284937715,0.0004719426180702109,2.559531516083487,0.0,1.5378097362684569,1.9402100433924843,2.7842311074119044,0.12239454159879595,0.0,0.0
bear_body10_range12_vol12_cp30,base_no_confirm,288,long_trend_aligned,992339,46.95623169098464,0.06265763940108347,4.454489823650097,5.23896372291836,-4.596164625680354,50.77780879316444,48.43153398183483,0.7901533649287189,0.0005038600720116815,3.07975842810989,0.0,1.4384700839534161,1.8513722356049909,2.6559414400236445,0.11742460582272593,0.0,0.0
bear_body10_range12_vol12_cp30,body_mid_reclaim,12,above_ema_slope_down,57536,45.62882369299221,-0.006868892496076668,0.96119980281547,1.0282133398583986,-0.9864715140955579,46.53781979977753,50.62917130144605,1.04456340378198,1.7884454949944382,2.8274196117295203,2.300907258064516,1.402499160766812,1.8320949741446535,2.5440329850096584,0.11069753501732346,1.4437072660932813,0.36205653088343415
bear_body10_range12_vol12_cp30,body_mid_reclaim,12,below_ema_slope_up,74274,51.02054554756712,0.0017577588793141691,0.8334504252686804,0.849556457809204,-0.9320238117159744,48.15951746236907,48.855588765920785,0.36351886258986993,2.6213749091202843,3.233467446458446,2.044982093330102,1.5414585602089805,1.9515097581411551,2.699936147256785,0.12558000813992845,1.070414572042789,0.2950535382563346
bear_body10_range12_vol12_cp30,body_mid_reclaim,12,long_counter_trend,632860,51.317510981891736,0.015105380400739884,0.920727291179679,0.9329543909792111,-1.0172103343452832,48.508990930063526,48.79768037164618,0.4531807982808204,2.2401479000094806,3.1248652379328345,2.342217868090889,1.4844055156639666,1.8860459177856217,2.6993912698866667,0.12440147833473873,1.1634434880071354,0.3941666664532459
bear_body10_range12_vol12_cp30,body_mid_reclaim,12,long_trend_aligned,574916,46.9710357687036,-0.002961921280156081,0.9459504395882197,1.0324944221274408,-0.9821918381863312,47.35352642820864,49.936686402883204,0.6865350764285566,2.023252092479597,3.0519276244310154,2.3460696867020574,1.4222070909698619,1.8350936535277056,2.5502784898288633,0.11769300165871431,1.1665554893417482,0.30493350880767006
bear_body10_range12_vol12_cp30,body_mid_reclaim,36,above_ema_slope_down,57536,47.73359288097886,0.018287727091321215,1.6186267160554144,1.7536642363649628,-1.6555769418074469,47.359913793103445,51.49819243604005,1.049777530589544,0.09211624026696329,3.0752570325139605,2.300907258064516,1.402499160766812,1.8320949741446535,2.5440329850096584,0.11069753501732346,1.4437072660932813,0.36205653088343415
bear_body10_range12_vol12_cp30,body_mid_reclaim,36,below_ema_slope_up,74274,50.70011040202493,0.03337080192927436,1.4325400087845945,1.511998385459043,-1.584817728995564,49.46953173385034,50.05654737862509,0.3648652287476102,0.10905565877696098,3.585230412572615,2.044982093330102,1.5414585602089805,1.9515097581411551,2.699936147256785,0.12558000813992845,1.070414572042789,0.2950535382563346
bear_body10_range12_vol12_cp30,body_mid_reclaim,36,long_counter_trend,632860,51.11493853300888,0.00821998005159323,1.5548731128275801,1.5858230625291063,-1.7822842548421185,49.601017602629334,49.86616313244635,0.4561830420630155,0.07663622286129633,3.430603676615932,2.342217868090889,1.4844055156639666,1.8860459177856217,2.6993912698866667,0.12440147833473873,1.1634434880071354,0.3941666664532459
bear_body10_range12_vol12_cp30,body_mid_reclaim,36,long_trend_aligned,574916,47.10844714706148,0.0039107445108843295,1.5913125127638916,1.7889225560372228,-1.6650952610807321,48.325494507023635,50.93178829602933,0.690013845500908,0.0527033514461243,3.3282104651304443,2.3460696867020574,1.4222070909698619,1.8350936535277056,2.5502784898288633,0.11769300165871431,1.1665554893417482,0.30493350880767006
bear_body10_range12_vol12_cp30,body_mid_reclaim,72,above_ema_slope_down,57536,48.199388209121246,0.05237894588833365,2.2493386242342757,2.447121326447012,-2.299976488135562,47.399888765294776,51.54164349276974,1.049777530589544,0.008690211345939933,3.1122351427925814,2.300907258064516,1.402499160766812,1.8320949741446535,2.5440329850096584,0.11069753501732346,1.4437072660932813,0.36205653088343415
bear_body10_range12_vol12_cp30,body_mid_reclaim,72,below_ema_slope_up,74274,50.22349678218488,0.057251683608341424,2.0680407240290726,2.1961068848692253,-2.242291500967633,49.50049815547836,50.125212052669845,0.3648652287476102,0.009424563104181813,3.6308050681998734,2.044982093330102,1.5414585602089805,1.9515097581411551,2.699936147256785,0.12558000813992845,1.070414572042789,0.2950535382563346
bear_body10_range12_vol12_cp30,body_mid_reclaim,72,long_counter_trend,632860,50.582277280915214,0.005105598552101471,2.181196311287199,2.2401987709874254,-2.507699105120902,49.632620168757704,49.89966185254243,0.4561830420630155,0.011534936636854913,3.4588447613493956,2.342217868090889,1.4844055156639666,1.8860459177856217,2.6993912698866667,0.12440147833473873,1.1634434880071354,0.3941666664532459
bear_body10_range12_vol12_cp30,body_mid_reclaim,72,long_trend_aligned,574916,47.08757453262737,0.01298335319702511,2.2050937610030905,2.516154981294963,-2.3135114964399652,48.34358410619986,50.960140263969,0.690013845500908,0.006261784330232591,3.3483961870303367,2.3460696867020574,1.4222070909698619,1.8350936535277056,2.5502784898288633,0.11769300165871431,1.1665554893417482,0.30493350880767006
bear_body10_range12_vol12_cp30,body_mid_reclaim,288,above_ema_slope_down,57536,47.479838709677416,-0.02084202036497483,4.382626080911172,4.884082997078754,-4.597106600272091,47.403364849833146,51.54685761957731,1.049777530589544,0.0,3.1221496106785316,2.300907258064516,1.402499160766812,1.8320949741446535,2.5440329850096584,0.11069753501732346,1.4437072660932813,0.36205653088343415
bear_body10_range12_vol12_cp30,body_mid_reclaim,288,below_ema_slope_up,74274,48.20125481325901,0.004386804971452392,4.179943474537142,4.53683135401372,-4.541499523318673,49.50722998626706,50.12790478498532,0.3648652287476102,0.0,3.6432533591835634,2.044982093330102,1.5414585602089805,1.9515097581411551,2.699936147256785,0.12558000813992845,1.070414572042789,0.2950535382563346
bear_body10_range12_vol12_cp30,body_mid_reclaim,288,long_counter_trend,632860,50.69841671143697,0.11970778231740994,4.413003097932809,4.667845520186843,-4.944372924505708,49.638624656322094,49.90392819896975,0.4563410548936574,0.0011060898144929368,3.469655670432154,2.342217868090889,1.4844055156639666,1.8860459177856217,2.6993912698866667,0.12440147833473873,1.1634434880071354,0.3941666664532459
bear_body10_range12_vol12_cp30,body_mid_reclaim,288,long_trend_aligned,574916,46.753264824774405,0.033272277094955914,4.380185646541339,5.1139254142354,-4.555073108017947,48.346367121457746,50.96327115613411,0.690013845500908,0.0003478769072351439,3.3544704077479413,2.3460696867020574,1.4222070909698619,1.8350936535277056,2.5502784898288633,0.11769300165871431,1.1665554893417482,0.30493350880767006
bear_body10_range12_vol12_cp30,bull_close_above_disp_close,12,above_ema_slope_down,59212,45.766060933594545,0.003413610635001639,0.9574151254116016,1.0386664316119298,-0.9884408257603069,46.828345605620484,50.21448355063163,0.8967776801999595,2.0603931635479293,2.9008656366395367,1.6055529284604473,1.3808929365222795,1.814222619049823,2.6646868866224334,0.10981941763931145,0.916013178297202,0.3417234643035356
bear_body10_range12_vol12_cp30,bull_close_above_disp_close,12,below_ema_slope_up,184181,51.67959778695956,0.023102724756779332,0.8614917569145214,0.888885860316424,-0.9613096003137448,48.84162861532948,48.63042333356861,0.4289258935503662,2.0990221575515386,3.048021517899232,1.5232841606897563,1.6633517934452753,2.0745544889055667,2.894579482539807,0.12395854015234535,0.5220048036982246,0.3798447441377361
bear_body10_range12_vol12_cp30,bull_close_above_disp_close,12,long_counter_trend,972605,51.906169513831415,0.018402509146661444,0.9536221668343011,0.9567985787479306,-1.0687739890644234,48.631870080865305,49.0586620467713,0.5159340122660279,1.7935338600973671,2.966329236641781,1.6630574590918203,1.544100677582958,1.9469558959562596,2.8135288385706105,0.12319694825399635,0.6127765243702107,0.4405510541810954
bear_body10_range12_vol12_cp30,bull_close_above_disp_close,12,long_trend_aligned,828583,47.56976669808577,0.0004125986904954291,0.9392421872314778,1.0243818353795198,-0.9879751195690217,47.63071412278553,49.631237908574036,0.5352511456305523,2.2027968230098853,3.105010174854473,1.6406624321281031,1.4508284432283385,1.8614047391145325,2.6236339391322265,0.11711299675632342,0.61487346747359,0.3378060474382401
bear_body10_range12_vol12_cp30,bull_close_above_disp_close,36,above_ema_slope_down,59212,47.67276903330406,0.035948883464834644,1.6317701436374032,1.785549138489366,-1.6558107225903769,47.76734445720462,51.23792474498412,0.9001553739106938,0.0945754239005607,3.1864054364730543,1.6055529284604473,1.3808929365222795,1.814222619049823,2.6646868866224334,0.10981941763931145,0.916013178297202,0.3417234643035356
bear_body10_range12_vol12_cp30,bull_close_above_disp_close,36,below_ema_slope_up,184181,51.14914133379664,0.054073583771520294,1.4728909607105227,1.5727180473509257,-1.6134730888288387,49.90797096334584,49.57677502022467,0.4316406143956217,0.08361340203386886,3.3331685024480104,1.5232841606897563,1.6633517934452753,2.0745544889055667,2.894579482539807,0.12395854015234535,0.5220048036982246,0.3798447441377361
bear_body10_range12_vol12_cp30,bull_close_above_disp_close,36,long_counter_trend,972605,51.63504197490245,0.022476267862260833,1.5857584613301585,1.6184696306845856,-1.819309249322572,49.507662411770454,49.91337696187044,0.5184016121652676,0.06055901419384026,3.2124718111636024,1.6630574590918203,1.544100677582958,1.9469558959562596,2.8135288385706105,0.12319694825399635,0.6127765243702107,0.4405510541810954
bear_body10_range12_vol12_cp30,bull_close_above_disp_close,36,long_trend_aligned,828583,47.68852366027302,0.010412907329498436,1.5936406345198044,1.7919088097217029,-1.674891422790431,48.67345818101506,50.72201577874515,0.5389924726913297,0.06553356754845321,3.405766629631419,1.6406624321281031,1.4508284432283385,1.8614047391145325,2.6236339391322265,0.11711299675632342,0.61487346747359,0.3378060474382401
bear_body10_range12_vol12_cp30,bull_close_above_disp_close,72,above_ema_slope_down,59212,47.76734445720462,0.06067345059922814,2.271446076815057,2.4840833036290997,-2.309018026448571,47.80618793487806,51.281834763223664,0.9001553739106938,0.011821927987570088,3.222177180981336,1.6055529284604473,1.3808929365222795,1.814222619049823,2.6646868866224334,0.10981941763931145,0.916013178297202,0.3417234643035356
bear_body10_range12_vol12_cp30,bull_close_above_disp_close,72,below_ema_slope_up,184181,50.67732285089124,0.08435392773544448,2.10122010114233,2.2679525605652944,-2.2601416261152263,49.942176445996054,49.61098050287489,0.4316406143956217,0.015202436733430701,3.3640342541256456,1.5232841606897563,1.6633517934452753,2.0745544889055667,2.894579482539807,0.12395854015234535,0.5220048036982246,0.3798447441377361
bear_body10_range12_vol12_cp30,bull_close_above_disp_close,72,long_counter_trend,972605,50.865973339639424,0.006074698845205414,2.2209464049008174,2.2786858295274652,-2.5458432091598615,49.53470319399962,49.937333244225556,0.5184016121652676,0.009561949609553724,3.2348793639564346,1.6630574590918203,1.544100677582958,1.9469558959562596,2.8135288385706105,0.12319694825399635,0.6127765243702107,0.4405510541810954
bear_body10_range12_vol12_cp30,bull_close_above_disp_close,72,long_trend_aligned,828583,47.436285803594814,0.02020299513548259,2.2204625556999886,2.5397040753978155,-2.3295342893397604,48.698078526834365,50.75351533883751,0.5389924726913297,0.009413661636794381,3.430083101490033,1.6406624321281031,1.4508284432283385,1.8614047391145325,2.6236339391322265,0.11711299675632342,0.61487346747359,0.3378060474382401
bear_body10_range12_vol12_cp30,bull_close_above_disp_close,288,above_ema_slope_down,59212,47.48530703235831,0.02995810860846417,4.3990031366468925,4.962072092038066,-4.600510823798874,47.8095656285888,51.29027899750051,0.9001553739106938,0.0,3.235070593798554,1.6055529284604473,1.3808929365222795,1.814222619049823,2.6646868866224334,0.10981941763931145,0.916013178297202,0.3417234643035356
bear_body10_range12_vol12_cp30,bull_close_above_disp_close,288,below_ema_slope_up,184181,48.63368099858292,0.015273309444862403,4.257198799042692,4.672958242863866,-4.582342735767281,49.95140649686993,49.6164099445654,0.4316406143956217,0.0005429441690510964,3.383564990769899,1.5232841606897563,1.6633517934452753,2.0745544889055667,2.894579482539807,0.12395854015234535,0.5220048036982246,0.3798447441377361
bear_body10_range12_vol12_cp30,bull_close_above_disp_close,288,long_counter_trend,972605,50.6862498136448,0.12324215694795723,4.459329670020315,4.728992291036455,-4.9874530429523745,49.5396383937981,49.94113746073689,0.5185044288277358,0.0007197166372782373,3.2438489488976945,1.6630574590918203,1.544100677582958,1.9469558959562596,2.8135288385706105,0.12319694825399635,0.6127765243702107,0.4405510541810954
bear_body10_range12_vol12_cp30,bull_close_above_disp_close,288,long_trend_aligned,828583,46.78915691005005,0.036092144858114975,4.430810369298374,5.182671295512808,-4.601223875467342,48.701578477955735,50.75846354559531,0.5389924726913297,0.0009655037576199368,3.4384044896358206,1.6406624321281031,1.4508284432283385,1.8614047391145325,2.6236339391322265,0.11711299675632342,0.61487346747359,0.3378060474382401
bear_body10_range12_vol12_cp30,close_above_disp_close,12,above_ema_slope_down,59009,45.85402226778966,0.004468837928438239,0.957875989136419,1.0401012588774632,-0.9886605968581009,46.97080106424444,50.08727482248471,0.8981680760561948,2.043756037214662,2.9002819922841376,1.5670321476384959,1.3799798249250042,1.813904757023504,2.668279306714698,0.1100025173408154,0.8937911645793731,0.3392515182474543
bear_body10_range12_vol12_cp30,close_above_disp_close,12,below_ema_slope_up,188282,51.677271327051976,0.023998836245667114,0.8567816317006857,0.8851977683519718,-0.9562604572163016,48.8543780074569,48.59147449039207,0.43073687341328437,2.1234106287377443,3.0398135486531657,1.489770663154205,1.6639029423110387,2.0738230638367146,2.8918960777133242,0.1232617936422376,0.5087433972255753,0.3733319166810434
bear_body10_range12_vol12_cp30,close_above_disp_close,12,long_counter_trend,981406,51.910626183251374,0.01854929612778492,0.9525379397796048,0.955630387566149,-1.0675371496864523,48.64266165073374,49.034344603558566,0.5239421809118754,1.7990515647958134,2.9615066147859923,1.6270850188403168,1.544112119113254,1.946360105030302,2.8120436798190145,0.12286918843808013,0.59876446753724,0.43504459704354587
bear_body10_range12_vol12_cp30,close_above_disp_close,12,long_trend_aligned,834702,47.60106001902476,0.0011117189978186045,0.9368366747915728,1.0224481850035936,-0.9852222512683286,47.69414713274917,49.55133688430122,0.5313273479637044,2.2231886349858994,3.1060546839103345,1.6005376769194275,1.4506778648370946,1.8606970568755374,2.6229358119741324,0.11684645601298632,0.5987340143118492,0.333645115957854
bear_body10_range12_vol12_cp30,close_above_disp_close,36,above_ema_slope_down,59009,47.71475537629853,0.03682984044247641,1.6324535279682477,1.7873799884847237,-1.6565761095053997,47.89608364825704,51.10745818434476,0.9032520462980224,0.09320612110017117,3.1827017674797298,1.5670321476384959,1.3799798249250042,1.813904757023504,2.668279306714698,0.1100025173408154,0.8937911645793731,0.3392515182474543
bear_body10_range12_vol12_cp30,close_above_disp_close,36,below_ema_slope_up,188282,51.149870938273445,0.05392310799613449,1.4661923445343785,1.5658284766131554,-1.6055340291678122,49.935203577612306,49.54058274290692,0.4339235827110398,0.09029009676973901,3.3281715148422215,1.489770663154205,1.6639029423110387,2.0738230638367146,2.8918960777133242,0.1232617936422376,0.5087433972255753,0.3733319166810434
bear_body10_range12_vol12_cp30,close_above_disp_close,36,long_counter_trend,981406,51.634695528659904,0.022843066796634774,1.5835089610731954,1.6163674792832068,-1.8165789495844145,49.518242195380914,49.89148222040624,0.5263876520013124,0.0638879322115414,3.2083843557009275,1.6270850188403168,1.544112119113254,1.946360105030302,2.8120436798190145,0.12286918843808013,0.59876446753724,0.43504459704354587
bear_body10_range12_vol12_cp30,close_above_disp_close,36,long_trend_aligned,834702,47.72960889035848,0.011720447329389998,1.5899402041508088,1.7887795140987175,-1.6704859964229521,48.73978976928293,50.65376625430393,0.5352808547242011,0.0711631216889381,3.4095021268229053,1.6005376769194275,1.4506778648370946,1.8606970568755374,2.6229358119741324,0.11684645601298632,0.5987340143118492,0.333645115957854
bear_body10_range12_vol12_cp30,close_above_disp_close,72,above_ema_slope_down,59009,47.79609890016777,0.06126626945443272,2.27335847972478,2.48706802786954,-2.3100018425735636,47.93167143994984,51.154908573268486,0.9032520462980224,0.010167940483655035,3.2187176923207295,1.5670321476384959,1.3799798249250042,1.813904757023504,2.668279306714698,0.1100025173408154,0.8937911645793731,0.3392515182474543
bear_body10_range12_vol12_cp30,close_above_disp_close,72,below_ema_slope_up,188282,50.68620473545001,0.08437316834796131,2.091157385810682,2.257926327973239,-2.2494419819500573,49.97450632561796,49.57563654518223,0.4339235827110398,0.01593354648877747,3.3618075770775344,1.489770663154205,1.6639029423110387,2.0738230638367146,2.8918960777133242,0.1232617936422376,0.5087433972255753,0.3733319166810434
bear_body10_range12_vol12_cp30,close_above_disp_close,72,long_counter_trend,981406,50.86039824496692,0.006029665810805663,2.217951257070235,2.275455120616833,-2.542300785278992,49.54636511290944,49.916038825929334,0.5263876520013124,0.011208409159919544,3.23147653715087,1.6270850188403168,1.544112119113254,1.946360105030302,2.8120436798190145,0.12286918843808013,0.59876446753724,0.43504459704354587
bear_body10_range12_vol12_cp30,close_above_disp_close,72,long_trend_aligned,834702,47.46184865976121,0.020932817694567594,2.215712520803683,2.5350877132405505,-2.3241926555065615,48.766865300430574,50.68779037309123,0.5352808547242011,0.010063471753991244,3.435917988828422,1.6005376769194275,1.4506778648370946,1.8606970568755374,2.6229358119741324,0.11684645601298632,0.5987340143118492,0.333645115957854
bear_body10_range12_vol12_cp30,close_above_disp_close,288,above_ema_slope_down,59009,47.480892745174465,0.0293858584504761,4.402636300053209,4.968068971725264,-4.603547271550105,47.93506075344439,51.16168720025759,0.9032520462980224,0.0,3.2302530122523683,1.5670321476384959,1.3799798249250042,1.813904757023504,2.668279306714698,0.1100025173408154,0.8937911645793731,0.3392515182474543
bear_body10_range12_vol12_cp30,close_above_disp_close,288,below_ema_slope_up,188282,48.6467107848865,0.014727310121050989,4.24147967423018,4.653366799802655,-4.564205901632889,49.984066453511225,49.58147884556144,0.4339235827110398,0.0005311182162925824,3.3816848221541207,1.489770663154205,1.6639029423110387,2.0738230638367146,2.8918960777133242,0.1232617936422376,0.5087433972255753,0.3733319166810434
bear_body10_range12_vol12_cp30,close_above_disp_close,288,long_counter_trend,981406,50.6806561198933,0.12186916975615805,4.453168112161495,4.721382827127018,-4.980981525237203,49.55227500137558,49.92042029496457,0.5264895466300389,0.0008151570298123305,3.2422116205657643,1.6270850188403168,1.544112119113254,1.946360105030302,2.8120436798190145,0.12286918843808013,0.59876446753724,0.43504459704354587
bear_body10_range12_vol12_cp30,close_above_disp_close,288,long_trend_aligned,834702,46.80364968575611,0.03726641119278818,4.423016091613141,5.1740384223224405,-4.5932387350684865,48.770459397485574,50.69318151867373,0.5352808547242011,0.001078229116499062,3.4447563355628956,1.6005376769194275,1.4506778648370946,1.8606970568755374,2.6229358119741324,0.11684645601298632,0.5987340143118492,0.333645115957854
bear_body10_range12_vol12_cp30,low_sweep_reclaim,12,above_ema_slope_down,36299,46.03983580814898,-0.003721333300056811,0.9890354300787025,1.0695838849091466,-1.0300742881541307,46.82773630127552,50.26860244083859,0.8374886360505799,2.066172621835312,2.8857351824242596,1.8576820298079837,1.3811674558497866,1.7878206280645685,2.6745474926697956,0.09239099709818026,0.6670576956201753,0.570056167091939
bear_body10_range12_vol12_cp30,low_sweep_reclaim,12,below_ema_slope_up,163182,51.924231839296,0.036486084917952244,0.8891827851164645,0.9177038600494126,-0.9850169950792738,49.21008444558836,48.48451422338248,0.45164295081565364,1.8537583802135038,2.9521906629120176,1.8367283156230467,1.6387520802529196,2.0444871774708506,2.8020812555020926,0.12286716370916073,0.20103116552888592,0.6195274677574093
bear_body10_range12_vol12_cp30,low_sweep_reclaim,12,long_counter_trend,772707,52.31944320421583,0.030227451610351088,0.9779871109061815,0.9820300306218603,-1.0923854853592951,48.6660532388085,49.2004084342448,0.5694267037829346,1.5641116231637604,2.8806225439476427,1.974498742731721,1.5259810406840206,1.9099568604112278,2.7048504951841186,0.11655138415799336,0.3128154097397972,0.6847757388235337
bear_body10_range12_vol12_cp30,low_sweep_reclaim,12,long_trend_aligned,614124,47.83724459555399,-0.002214492501068692,0.9613470314977348,1.0430858606949458,-1.0142910520346415,47.757618982485624,49.56539721619738,0.5034813816102286,2.1735024197067694,3.101958134146504,1.9805365040285023,1.4396888047987046,1.8332056768283873,2.5947391430283164,0.10851738953368288,0.31840421341087394,0.5517851445136904
bear_body10_range12_vol12_cp30,low_sweep_reclaim,36,above_ema_slope_down,36299,47.61839169123117,0.010027927428788061,1.6752784500830287,1.8257168131039652,-1.721998705134878,47.81674426292735,51.25761040249043,0.8429984297088075,0.08264690487341249,3.1732609115222368,1.8576820298079837,1.3811674558497866,1.7878206280645685,2.6745474926697956,0.09239099709818026,0.6670576956201753,0.570056167091939
bear_body10_range12_vol12_cp30,low_sweep_reclaim,36,below_ema_slope_up,163182,51.46339669816524,0.06601496028619909,1.5070406847904623,1.6125491263200242,-1.648225890906999,50.150139108480104,49.33264698312314,0.4534813888786754,0.0637325195180841,3.2072259900170472,1.8367283156230467,1.6387520802529196,2.0444871774708506,2.8020812555020926,0.12286716370916073,0.20103116552888592,0.6195274677574093
bear_body10_range12_vol12_cp30,low_sweep_reclaim,36,long_counter_trend,772707,52.097884450380285,0.04555178572299923,1.613575731683446,1.6576678336333086,-1.8335905329161752,49.434779288915465,49.947522152640005,0.5712385160222438,0.04646004242228943,3.09602795630985,1.974498742731721,1.5259810406840206,1.9099568604112278,2.7048504951841186,0.11655138415799336,0.3128154097397972,0.6847757388235337
bear_body10_range12_vol12_cp30,low_sweep_reclaim,36,long_trend_aligned,614124,47.8012583777869,0.0010693844428286124,1.626801624418898,1.8199489521767047,-1.716847092518087,48.79096078316431,50.64188991148367,0.5069008864659255,0.06024841888608815,3.3987558533223408,1.9805365040285023,1.4396888047987046,1.8332056768283873,2.5947391430283164,0.10851738953368288,0.31840421341087394,0.5517851445136904
bear_body10_range12_vol12_cp30,low_sweep_reclaim,72,above_ema_slope_down,36299,47.61012700074382,0.01885679168918633,2.32381961426101,2.5191517696383223,-2.4014387162986193,47.844293231218494,51.30444364858536,0.8429984297088075,0.008264690487341249,3.205918007493939,1.8576820298079837,1.3811674558497866,1.7878206280645685,2.6745474926697956,0.09239099709818026,0.6670576956201753,0.570056167091939
bear_body10_range12_vol12_cp30,low_sweep_reclaim,72,below_ema_slope_up,163182,50.821781814170684,0.09195233504325805,2.1435726757349585,2.3150597053570223,-2.3062203163296267,50.17465161598705,49.357159490630096,0.4534813888786754,0.014707504504173253,3.229072432856495,1.8367283156230467,1.6387520802529196,2.0444871774708506,2.8020812555020926,0.12286716370916073,0.20103116552888592,0.6195274677574093
bear_body10_range12_vol12_cp30,low_sweep_reclaim,72,long_counter_trend,772707,51.28839262488887,0.04088197134698826,2.2485195914832574,2.3299293044062983,-2.5577235427038256,49.454709223547866,49.966934426632605,0.5712385160222438,0.007117833797286682,3.1134767010245232,1.974498742731721,1.5259810406840206,1.9099568604112278,2.7048504951841186,0.11655138415799336,0.3128154097397972,0.6847757388235337
bear_body10_range12_vol12_cp30,low_sweep_reclaim,72,long_trend_aligned,614124,47.45849372439442,0.009059646705439591,2.2660297311402187,2.5827747783496515,-2.386896176916579,48.81424598289596,50.67103711953938,0.5070637200304824,0.007653177534178766,3.421049803200576,1.9805365040285023,1.4396888047987046,1.8332056768283873,2.5947391430283164,0.10851738953368288,0.31840421341087394,0.5517851445136904
bear_body10_range12_vol12_cp30,low_sweep_reclaim,288,above_ema_slope_down,36299,47.39799994490206,-0.00477909494592438,4.502853957475283,5.034606089703638,-4.753375899137043,47.847048128047604,51.30995344224358,0.8429984297088075,0.0,3.2162594010854293,1.8576820298079837,1.3811674558497866,1.7878206280645685,2.6745474926697956,0.09239099709818026,0.6670576956201753,0.570056167091939
bear_body10_range12_vol12_cp30,low_sweep_reclaim,288,below_ema_slope_up,163182,48.90245247637607,0.02902978440268993,4.315312635062787,4.7365284983010465,-4.6541451498849495,50.183843806302164,49.36083636675614,0.4534813888786754,0.0018384380630216567,3.2438120101238517,1.8367283156230467,1.6387520802529196,2.0444871774708506,2.8020812555020926,0.12286716370916073,0.20103116552888592,0.6195274677574093
bear_body10_range12_vol12_cp30,low_sweep_reclaim,288,long_counter_trend,772707,50.991126002482176,0.15721834719827502,4.51316399942836,4.7960938796527275,-5.022136551775862,49.45820343286653,49.96991097531147,0.5713679311821945,0.0005176606398026677,3.1210400373752916,1.974498742731721,1.5259810406840206,1.9099568604112278,2.7048504951841186,0.11655138415799336,0.3128154097397972,0.6847757388235337
bear_body10_range12_vol12_cp30,low_sweep_reclaim,288,long_trend_aligned,614124,46.6838944577968,0.018141903468349898,4.51519729796853,5.2635841819611215,-4.700401243621843,48.81766548775166,50.67429379083052,0.5070637200304824,0.00097700138734197,3.4281913247942577,1.9805365040285023,1.4396888047987046,1.8332056768283873,2.5947391430283164,0.10851738953368288,0.31840421341087394,0.5517851445136904
bear_body10_range12_vol12_cp30,no_lower_low_bull_reversal,12,above_ema_slope_down,25484,45.84837545126354,0.012439958469313252,0.9132644323809845,1.007230064924327,-0.9406173549005487,47.10798932663632,49.69392560037671,0.8986030450478731,2.2994820279390993,2.951682866093662,1.1126589232459583,1.3705736807287745,1.8509706224530067,2.7492244064994753,0.13769862114906303,0.9886911634277298,0.0
bear_body10_range12_vol12_cp30,no_lower_low_bull_reversal,12,below_ema_slope_up,75081,51.862654999267455,0.01745322776245049,0.8352339709050751,0.8650649550125126,-0.9432279279627362,48.81927518280257,48.309159441136906,0.4275382586806249,2.4440271173798966,3.0694372388935913,1.0926998841251447,1.683039123739907,2.175306900591931,3.152982476792079,0.15750549142937395,0.6218311519610716,0.0
bear_body10_range12_vol12_cp30,no_lower_low_bull_reversal,12,long_counter_trend,374533,51.77781397099855,0.000958560116310479,0.9311843914116381,0.9304781309174102,-1.0583721866000264,48.61707780088803,48.928131833509994,0.5155753965605167,1.9392149690414462,2.9913088463528195,1.0985760934283495,1.5718840539128511,2.0503640134878505,3.0981867931888702,0.15577186491560938,0.7308407838438178,0.0
bear_body10_range12_vol12_cp30,no_lower_low_bull_reversal,12,long_trend_aligned,346049,47.891483576025365,0.014613092980037202,0.9098196638453157,1.0063796899234516,-0.9540881017815519,47.91373476010623,49.12021129955584,0.5213134556088878,2.4447404847290413,3.1380791435739908,1.1104352273810933,1.455657112586021,1.92255155285585,2.746562403886789,0.14675772540719234,0.7234455803735588,0.0
bear_body10_range12_vol12_cp30,no_lower_low_bull_reversal,36,above_ema_slope_down,25484,47.676973787474495,0.05593496503014108,1.5760507135237019,1.7374346485991932,-1.5860964348746283,48.14000941767384,50.84366661434626,0.8986030450478731,0.11772092293203579,3.267227154867604,1.1126589232459583,1.3705736807287745,1.8509706224530067,2.7492244064994753,0.13769862114906303,0.9886911634277298,0.0
bear_body10_range12_vol12_cp30,no_lower_low_bull_reversal,36,below_ema_slope_up,75081,50.8610700443521,0.04036247305790975,1.4448921723168162,1.5399114497686304,-1.5812005055364398,50.069924481559916,49.376007245508184,0.43286583822804703,0.12120243470385317,3.395692759034538,1.0926998841251447,1.683039123739907,2.175306900591931,3.152982476792079,0.15750549142937395,0.6218311519610716,0.0
bear_body10_range12_vol12_cp30,no_lower_low_bull_reversal,36,long_counter_trend,374533,51.30308944739181,-0.003707160224928323,1.560143786170754,1.5792846070006727,-1.815686325008332,49.5804108049224,49.82177805427025,0.5190463857657402,0.07876475504161182,3.2557249664651904,1.0985760934283495,1.5718840539128511,2.0503640134878505,3.0981867931888702,0.15577186491560938,0.7308407838438178,0.0
bear_body10_range12_vol12_cp30,no_lower_low_bull_reversal,36,long_trend_aligned,346049,48.00851902476239,0.04190321407991104,1.5524622574964209,1.7742988560048325,-1.6181447149063108,49.066172709645166,50.32842169750526,0.5259370782750419,0.07946851457452557,3.4709868295476234,1.1104352273810933,1.455657112586021,1.92255155285585,2.746562403886789,0.14675772540719234,0.7234455803735588,0.0
bear_body10_range12_vol12_cp30,no_lower_low_bull_reversal,72,above_ema_slope_down,25484,47.65342960288809,0.07638856206901326,2.218815662140712,2.434903434577516,-2.229100347347601,48.20279390990425,50.88683095275467,0.8986030450478731,0.011772092293203579,3.3142341352380207,1.1126589232459583,1.3705736807287745,1.8509706224530067,2.7492244064994753,0.13769862114906303,0.9886911634277298,0.0
bear_body10_range12_vol12_cp30,no_lower_low_bull_reversal,72,below_ema_slope_up,75081,50.799802879556744,0.059413935159127726,2.0545115444243707,2.224569714173053,-2.213973478386321,50.13119164635527,49.41063651256643,0.43286583822804703,0.02530600285025506,3.4378513761956784,1.0926998841251447,1.683039123739907,2.175306900591931,3.152982476792079,0.15750549142937395,0.6218311519610716,0.0
bear_body10_range12_vol12_cp30,no_lower_low_bull_reversal,72,long_counter_trend,374533,50.590468663642454,-0.026598129329619344,2.203408517898981,2.2350037267626406,-2.545050601778515,49.614853697805,49.852215959608365,0.5190463857657402,0.013883956820894288,3.2845484817654302,1.0985760934283495,1.5718840539128511,2.0503640134878505,3.0981867931888702,0.15577186491560938,0.7308407838438178,0.0
bear_body10_range12_vol12_cp30,no_lower_low_bull_reversal,72,long_trend_aligned,346049,47.63891818788669,0.04324184853411542,2.1693199468198103,2.5094911000017595,-2.2595667502416372,49.097093186225074,50.36569965525114,0.5259370782750419,0.0112700802487509,3.5007745440883213,1.1104352273810933,1.455657112586021,1.92255155285585,2.746562403886789,0.14675772540719234,0.7234455803735588,0.0
bear_body10_range12_vol12_cp30,no_lower_low_bull_reversal,288,above_ema_slope_down,25484,47.280646680269975,0.05177140109874742,4.324846355275099,4.883060579648624,-4.474191131617624,48.20279390990425,50.89860304504788,0.8986030450478731,0.0,3.326283158059959,1.1126589232459583,1.3705736807287745,1.8509706224530067,2.7492244064994753,0.13769862114906303,0.9886911634277298,0.0
bear_body10_range12_vol12_cp30,no_lower_low_bull_reversal,288,below_ema_slope_up,75081,48.21193111439645,-0.04953743187777089,4.215635400040574,4.63865361387449,-4.547395553352178,50.14451059522382,49.42262356654813,0.43286583822804703,0.0,3.475513112505161,1.0926998841251447,1.683039123739907,2.175306900591931,3.152982476792079,0.15750549142937395,0.6218311519610716,0.0
bear_body10_range12_vol12_cp30,no_lower_low_bull_reversal,288,long_counter_trend,374533,50.05967431441288,0.07178785159692393,4.415089242037277,4.683824119421996,-4.968404523420827,49.622596673724345,49.857288943831385,0.5190463857657402,0.0010679966785303299,3.298510929727738,1.0985760934283495,1.5718840539128511,2.0503640134878505,3.0981867931888702,0.15577186491560938,0.7308407838438178,0.0
bear_body10_range12_vol12_cp30,no_lower_low_bull_reversal,288,long_trend_aligned,346049,46.86128265072288,0.06084364595961451,4.353784947261102,5.1482411174497305,-4.4990043277889376,49.10113885605796,50.37234611283373,0.5259370782750419,0.0005779528332692769,3.5125430938571927,1.1104352273810933,1.455657112586021,1.92255155285585,2.746562403886789,0.14675772540719234,0.7234455803735588,0.0
bear_body10_range12_vol12_cp30,range_mid_reclaim,12,above_ema_slope_down,56709,45.632968311908165,-0.008010430347135514,0.9610143768630138,1.0287314985607423,-0.9872038516580421,46.498792078858735,50.66744255761873,1.040399231162602,1.7933661323599428,2.81959706959707,2.2934454848436756,1.4020355917409306,1.8228894039013925,2.5180743232454024,0.11149732410517461,1.4465612174760214,0.35853606889621364
bear_body10_range12_vol12_cp30,range_mid_reclaim,12,below_ema_slope_up,82052,50.987178862184955,0.0030506266930395843,0.8378083784905033,0.8533614721479688,-0.9376015638527346,48.312046019597325,48.704480085799254,0.3765904548335202,2.6068834397699017,3.229437012751367,1.9860210598157266,1.566006944293175,1.98437869448543,2.776587557027303,0.14043372172590188,1.0121296763522243,0.283103666874018
bear_body10_range12_vol12_cp30,range_mid_reclaim,12,long_counter_trend,656446,51.44109340296079,0.014295874714886005,0.9244150312654023,0.9345172508512596,-1.025013241896178,48.488222945984894,48.85458971491943,0.454568997297569,2.202618341798107,3.1195102081506323,2.2817931711062296,1.498627745258932,1.9015335094952024,2.7440375775917296,0.13150667276859,1.1163438431259236,0.3886566206820255
bear_body10_range12_vol12_cp30,range_mid_reclaim,12,long_trend_aligned,583513,47.05653515859972,-0.002409909647919927,0.9452655727286701,1.0313561004273788,-0.9832956266592622,47.37375174160644,49.89657471213152,0.6807046286886496,2.0489689175733874,3.06182585463917,2.3089528425245023,1.4274514567473953,1.8328102542776348,2.534214553829237,0.12393406933077741,1.1382968377049065,0.298785673935532
bear_body10_range12_vol12_cp30,range_mid_reclaim,36,above_ema_slope_down,56709,47.844257525260545,0.0238723413654576,1.6178405366525233,1.755979433457482,-1.6548468409832207,47.315240967042264,51.54384665573366,1.0456893967447847,0.09522298047928901,3.0678139616979965,2.2934454848436756,1.4020355917409306,1.8228894039013925,2.5180743232454024,0.11149732410517461,1.4465612174760214,0.35853606889621364
bear_body10_range12_vol12_cp30,range_mid_reclaim,36,below_ema_slope_up,82052,50.60815092867937,0.03126788769461176,1.4423138508836477,1.5198268155697041,-1.594931688890018,49.610003412470135,49.90737581046166,0.377809194169551,0.10481158289864963,3.578276358490106,1.9860210598157266,1.566006944293175,1.98437869448543,2.776587557027303,0.14043372172590188,1.0121296763522243,0.283103666874018
bear_body10_range12_vol12_cp30,range_mid_reclaim,36,long_counter_trend,656446,51.14510561417085,0.006652108777511744,1.5579643425881704,1.5861298993438455,-1.7889763459044445,49.57467941003525,49.89001380159221,0.45715870003016246,0.07814808834237698,3.419347707768934,2.2817931711062296,1.498627745258932,1.9015335094952024,2.7440375775917296,0.13150667276859,1.1163438431259236,0.3886566206820255
bear_body10_range12_vol12_cp30,range_mid_reclaim,36,long_trend_aligned,583513,47.207688603338745,0.005352702902925835,1.5939346292202599,1.7910109555299958,-1.66919357989182,48.36361829128057,50.89689518485449,0.6844748960177408,0.055011627847194496,3.3416902152292898,2.3089528425245023,1.4274514567473953,1.8328102542776348,2.534214553829237,0.12393406933077741,1.1382968377049065,0.298785673935532
bear_body10_range12_vol12_cp30,range_mid_reclaim,72,above_ema_slope_down,56709,48.37151069495142,0.0551870592173456,2.246437896673704,2.447409881757194,-2.298171331052502,47.355798903172335,51.589694757445905,1.0456893967447847,0.008816942636971204,3.10635933972912,2.2934454848436756,1.4020355917409306,1.8228894039013925,2.5180743232454024,0.11149732410517461,1.4465612174760214,0.35853606889621364
bear_body10_range12_vol12_cp30,range_mid_reclaim,72,below_ema_slope_up,82052,50.223029298493636,0.05079044501298121,2.07091835219435,2.202577837677513,-2.2522251660014705,49.642909374542974,49.96709403792717,0.377809194169551,0.012187393360308097,3.61958509056337,1.9860210598157266,1.566006944293175,1.98437869448543,2.776587557027303,0.14043372172590188,1.0121296763522243,0.283103666874018
bear_body10_range12_vol12_cp30,range_mid_reclaim,72,long_counter_trend,656446,50.54977865658409,-0.003255520473187742,2.1869462909881836,2.2394719873273017,-2.51815338963082,49.607431532829814,49.923070595296494,0.45715870003016246,0.012339171843533206,3.4477721999192523,2.2817931711062296,1.498627745258932,1.9015335094952024,2.7440375775917296,0.13150667276859,1.1163438431259236,0.3886566206820255
bear_body10_range12_vol12_cp30,range_mid_reclaim,72,long_trend_aligned,583513,47.10143561497345,0.016668191299427752,2.208272995483025,2.5218373995347068,-2.318134276201468,48.3828123795014,50.926543196124165,0.6844748960177408,0.006169528356694709,3.3631437057501836,2.3089528425245023,1.4274514567473953,1.8328102542776348,2.534214553829237,0.12393406933077741,1.1382968377049065,0.298785673935532
bear_body10_range12_vol12_cp30,range_mid_reclaim,288,above_ema_slope_down,56709,47.50216015094606,-0.012610133721205875,4.3718506951917675,4.881078923904797,-4.577667575997291,47.35932568022713,51.594984923028086,1.0456893967447847,0.0,3.1164189105785676,2.2934454848436756,1.4020355917409306,1.8228894039013925,2.5180743232454024,0.11149732410517461,1.4465612174760214,0.35853606889621364
bear_body10_range12_vol12_cp30,range_mid_reclaim,288,below_ema_slope_up,82052,48.17067225661775,-0.0020126650170800265,4.1910541103359185,4.5561275850410885,-4.550688821261533,49.651440549895185,49.97075025593526,0.377809194169551,0.0,3.6350606932189344,1.9860210598157266,1.566006944293175,1.98437869448543,2.776587557027303,0.14043372172590188,1.0121296763522243,0.283103666874018
bear_body10_range12_vol12_cp30,range_mid_reclaim,288,long_counter_trend,656446,50.669361988647964,0.11268178631048284,4.4195564284846265,4.669160145790566,-4.958771573366634,49.61413429284359,49.92748832348738,0.45731103548502083,0.0010663481840090428,3.4597852961204314,2.2817931711062296,1.498627745258932,1.9015335094952024,2.7440375775917296,0.13150667276859,1.1163438431259236,0.3886566206820255
bear_body10_range12_vol12_cp30,range_mid_reclaim,288,long_trend_aligned,583513,46.74240333977135,0.03659660306884105,4.390476736983356,5.1326047736948,-4.563725899188849,48.38538301631669,50.92962796030251,0.6844748960177408,0.0005141273630578924,3.36921732275368,2.3089528425245023,1.4274514567473953,1.8328102542776348,2.534214553829237,0.12393406933077741,1.1382968377049065,0.298785673935532
bear_body10_range12_vol12_cp30,two_close_above_disp_close,12,above_ema_slope_down,57488,46.48970219871973,-0.0024392019076372286,0.9438140016535347,1.0186873256450157,-0.9687492930237276,47.068953520734766,50.10958808794879,0.7845115502365712,2.0369468410798777,2.889340696414937,2.5964027275257444,1.3983910830530304,1.827115960342521,2.559755440262463,0.11119469511523583,1.48282796398741,0.3457684657436988
bear_body10_range12_vol12_cp30,two_close_above_disp_close,12,below_ema_slope_up,115439,51.46181099974878,0.015269917735593556,0.8423296764959918,0.8685937700306162,-0.9360555767912461,48.737428425402165,48.420377861901095,0.3716248408250245,2.4705688718717247,3.205121372805031,2.487278995833297,1.6909463083798881,2.1045880644581563,2.970213913407964,0.1230408497521013,0.6953954182542789,0.3518484807317967
bear_body10_range12_vol12_cp30,two_close_above_disp_close,12,long_counter_trend,771515,51.15376888330104,0.0021478640019462424,0.9236306524531631,0.9223404710273805,-1.0345018139408078,47.96070069927351,49.354063109596055,0.43330330583332793,2.2519328852971103,3.1295089379837457,2.6229729817307503,1.5554706324511183,1.9592964049003367,2.8569732416733484,0.12334826941968793,0.9274379811625219,0.40617373638313126
bear_body10_range12_vol12_cp30,two_close_above_disp_close,12,long_trend_aligned,685546,47.42643090325084,-0.0019324778711949661,0.9408509123497112,1.023299727385735,-0.9816375434928076,47.408634869140805,49.7426868510647,0.56684744714432,2.2818308326501797,3.1323669247637342,2.6007824420243133,1.4602637647751109,1.8707233242341832,2.6238751917629086,0.11683568570280704,0.9520461821242793,0.3146204486903034
bear_body10_range12_vol12_cp30,two_close_above_disp_close,36,above_ema_slope_down,57488,47.81867520178124,0.006984811814224756,1.6153964459344152,1.7349099104500196,-1.6391648567444879,47.99784302811022,51.11675480100195,0.7845115502365712,0.10089062065126635,3.17543095942887,2.5964027275257444,1.3983910830530304,1.827115960342521,2.559755440262463,0.11119469511523583,1.48282796398741,0.3457684657436988
bear_body10_range12_vol12_cp30,two_close_above_disp_close,36,below_ema_slope_up,115439,50.915201968139016,0.04432515857610943,1.449419139917178,1.5435966297315729,-1.5857451039270487,49.977044153189134,49.550845035040155,0.37508987430591045,0.09702093746480825,3.5401770617461654,2.487278995833297,1.6909463083798881,2.1045880644581563,2.970213913407964,0.1230408497521013,0.6953954182542789,0.3518484807317967
bear_body10_range12_vol12_cp30,two_close_above_disp_close,36,long_counter_trend,771515,50.99408307032268,0.0016644132190333336,1.553799382544853,1.579753552596421,-1.786646794432621,49.05309682896639,50.42377659539996,0.43732137417937433,0.08580520145428151,3.4372883026984393,2.6229729817307503,1.5554706324511183,1.9592964049003367,2.8569732416733484,0.12334826941968793,0.9274379811625219,0.40617373638313126
bear_body10_range12_vol12_cp30,two_close_above_disp_close,36,long_trend_aligned,685546,47.433286752457164,0.003112643017729468,1.5964297870792938,1.7889712159626963,-1.6723704648126558,48.49185904374031,50.86952589614702,0.5702024371814582,0.06841262293121105,3.442875764330141,2.6007824420243133,1.4602637647751109,1.8707233242341832,2.6238751917629086,0.11683568570280704,0.9520461821242793,0.3146204486903034
bear_body10_range12_vol12_cp30,two_close_above_disp_close,72,above_ema_slope_down,57488,47.84476760367381,0.020730877060508423,2.241073387708999,2.418907515939136,-2.293366629690294,48.041330364597826,51.16893960478709,0.7845115502365712,0.005218480378513777,3.218770113942768,2.5964027275257444,1.3983910830530304,1.827115960342521,2.559755440262463,0.11119469511523583,1.48282796398741,0.3457684657436988
bear_body10_range12_vol12_cp30,two_close_above_disp_close,72,below_ema_slope_up,115439,50.387650620674115,0.07521401212275348,2.0843120167867064,2.238706380112386,-2.2385344462367196,50.018624554959764,49.58896040332989,0.37508987430591045,0.017325167404430047,3.5771146864900927,2.487278995833297,1.6909463083798881,2.1045880644581563,2.970213913407964,0.1230408497521013,0.6953954182542789,0.3518484807317967
bear_body10_range12_vol12_cp30,two_close_above_disp_close,72,long_counter_trend,771515,50.388910131364916,-0.0061750681513308495,2.181280913171762,2.2354257325698543,-2.516879236469478,49.090166749836364,50.459550365190566,0.43732137417937433,0.012961510793698113,3.4689719541362303,2.6229729817307503,1.5554706324511183,1.9592964049003367,2.8569732416733484,0.12334826941968793,0.9274379811625219,0.40617373638313126
bear_body10_range12_vol12_cp30,two_close_above_disp_close,72,long_trend_aligned,685546,47.26889224063739,0.018291785304453977,2.217612828284479,2.5345270286057016,-2.327243501393777,48.51796961837718,50.9036592730466,0.5702024371814582,0.008168671394771468,3.46900465360545,2.6007824420243133,1.4602637647751109,1.8707233242341832,2.6238751917629086,0.11683568570280704,0.9520461821242793,0.3146204486903034
bear_body10_range12_vol12_cp30,two_close_above_disp_close,288,above_ema_slope_down,57488,47.43424714723072,-0.03196084817907387,4.373416131232766,4.850068060292466,-4.599984663155404,48.043069858057336,51.17241859170609,0.7845115502365712,0.0,3.223090036181464,2.5964027275257444,1.3983910830530304,1.827115960342521,2.559755440262463,0.11119469511523583,1.48282796398741,0.3457684657436988
bear_body10_range12_vol12_cp30,two_close_above_disp_close,288,below_ema_slope_up,115439,48.33981583347049,0.0030105327999216166,4.2357097790712,4.6268450014221845,-4.551085146755626,50.029885913772645,49.594157953551225,0.37508987430591045,0.0008662583702215022,3.5984164659817393,2.487278995833297,1.6909463083798881,2.1045880644581563,2.970213913407964,0.1230408497521013,0.6953954182542789,0.3518484807317967
bear_body10_range12_vol12_cp30,two_close_above_disp_close,288,long_counter_trend,771515,50.481325703323975,0.0897046714678126,4.437890368331593,4.684220112000411,-4.969435031656078,49.09664750523321,50.464086893968364,0.43732137417937433,0.0019442266190547168,3.4810797148412185,2.6229729817307503,1.5554706324511183,1.9592964049003367,2.8569732416733484,0.12334826941968793,0.9274379811625219,0.40617373638313126
bear_body10_range12_vol12_cp30,two_close_above_disp_close,288,long_trend_aligned,685546,46.7207160423954,0.033496632130228784,4.424512541451621,5.179298165327302,-4.6007230271244675,48.52176221581047,50.90759773961193,0.5702024371814582,0.0004376073961484714,3.476572585527093,2.6007824420243133,1.4602637647751109,1.8707233242341832,2.6238751917629086,0.11683568570280704,0.9520461821242793,0.3146204486903034
bear_body12_range15_vol15_cp25,base_no_confirm,12,above_ema_slope_down,21980,47.56596906278435,0.0656140658736352,1.0870165152976023,1.2444442934128934,-1.0699512236679383,48.908098271155595,48.330300272975435,0.9963603275705186,1.7652411282984533,2.5942015561319005,0.0,1.5806728527638787,2.052123788619089,3.7954751156025384,0.09962134172535748,0.0,0.0
bear_body12_range15_vol15_cp25,base_no_confirm,12,below_ema_slope_up,233612,54.45567864664487,0.0516319141528301,0.9764410385933453,1.000219983552304,-1.0892663316092825,50.27181822851566,46.513021591356605,2.2117870657329246,1.0033731143948086,2.237451787536538,0.0,1.8968092442422704,2.3116804628456844,3.4461486160583013,0.10967884795481694,0.0,0.0
bear_body12_range15_vol15_cp25,base_no_confirm,12,long_counter_trend,686774,54.18012330111507,0.05494855048083378,1.1198738162734594,1.1074376240704433,-1.3023941496470421,49.21269587957611,47.77903648070544,2.258093637790598,0.750174001927854,2.2009192778402107,0.0,1.8032695644985735,2.2181906147685155,3.526720039809315,0.11159509024319846,0.0,0.0
bear_body12_range15_vol15_cp25,base_no_confirm,12,long_trend_aligned,473930,50.032072246956304,0.028253020978555542,1.0128035856464246,1.122900079875113,-1.0658979640287365,49.97826683265461,47.252547844618405,1.038338995210263,1.7308463275167218,2.6537606795397304,0.0,1.6744123024129847,2.1027563225201416,3.3044266561431286,0.10604070504103834,0.0,0.0
bear_body12_range15_vol15_cp25,base_no_confirm,36,above_ema_slope_down,21980,47.69790718835305,0.06386778646723307,1.765892155659548,1.9963813807512067,-1.7474100476530225,49.79981801637853,49.13102820746133,1.0009099181073704,0.06824385805277526,2.8459822444798544,0.0,1.5806728527638787,2.052123788619089,3.7954751156025384,0.09962134172535748,0.0,0.0
bear_body12_range15_vol15_cp25,base_no_confirm,36,below_ema_slope_up,233612,52.84403198465832,0.08107872892934258,1.5552882895287654,1.6599255060926477,-1.7184708226245515,50.78377823057034,46.94150985394586,2.213927366744859,0.06078454873893464,2.3782841478562555,0.0,1.8968092442422704,2.3116804628456844,3.4461486160583013,0.10967884795481694,0.0,0.0
bear_body12_range15_vol15_cp25,base_no_confirm,36,long_counter_trend,686774,53.6940827695865,0.07958830529123655,1.7374629322571755,1.770315347090882,-2.0332186209554344,49.582832198073895,48.118595054559435,2.2602777624080117,0.0382949849586618,2.3064787017250996,0.0,1.8032695644985735,2.2181906147685155,3.526720039809315,0.11159509024319846,0.0,0.0
bear_body12_range15_vol15_cp25,base_no_confirm,36,long_trend_aligned,473930,49.132150317557446,0.048068692543882255,1.6631957221886768,1.9006793789805763,-1.7351704572838,50.78471504230583,48.10647141982993,1.0408710147068132,0.06794252315742831,2.898521562135775,0.0,1.6744123024129847,2.1027563225201416,3.3044266561431286,0.10604070504103834,0.0,0.0
bear_body12_range15_vol15_cp25,base_no_confirm,72,above_ema_slope_down,21980,47.675159235668794,0.05379952363487032,2.4086369233485136,2.6839674880492126,-2.4290062113276285,49.81801637852593,49.17197452229299,1.0009099181073704,0.009099181073703368,2.872781872781873,0.0,1.5806728527638787,2.052123788619089,3.7954751156025384,0.09962134172535748,0.0,0.0
bear_body12_range15_vol15_cp25,base_no_confirm,72,below_ema_slope_up,233612,51.9421091382292,0.11449738705318721,2.165427242819304,2.33878835090644,-2.333002815735163,50.815026625344586,46.95606390082701,2.213927366744859,0.014982107083540228,2.399260201132817,0.0,1.8968092442422704,2.3116804628456844,3.4461486160583013,0.10967884795481694,0.0,0.0
bear_body12_range15_vol15_cp25,base_no_confirm,72,long_counter_trend,686774,52.265810878105455,0.06440076757398433,2.3632235854515975,2.4179891669344316,-2.728807020379373,49.59841228701144,48.133010277034366,2.2604233707158397,0.008154065238346239,2.3205027391156197,0.0,1.8032695644985735,2.2181906147685155,3.526720039809315,0.11159509024319846,0.0,0.0
bear_body12_range15_vol15_cp25,base_no_confirm,72,long_trend_aligned,473930,48.54092376511299,0.06242040455830598,2.2782796398079337,2.6554180757978663,-2.3714644870405475,50.812989260017304,48.1345346359167,1.0408710147068132,0.011605089359188065,2.923979952519124,0.0,1.6744123024129847,2.1027563225201416,3.3044266561431286,0.10604070504103834,0.0,0.0
bear_body12_range15_vol15_cp25,base_no_confirm,288,above_ema_slope_down,21980,47.12010919017288,0.017345758721696906,4.622556859766451,5.31920504141443,-4.795999939809939,49.82256596906278,49.176524112829846,1.0009099181073704,0.0,2.880300272975432,0.0,1.5806728527638787,2.052123788619089,3.7954751156025384,0.09962134172535748,0.0,0.0
bear_body12_range15_vol15_cp25,base_no_confirm,288,below_ema_slope_up,233612,49.22007431125113,0.07067040986583349,4.225116907953867,4.675010792046579,-4.5672007590754635,50.823587829392324,46.96120062325566,2.213927366744859,0.001284180607160591,2.4147057690414324,0.0,1.8968092442422704,2.3116804628456844,3.4461486160583013,0.10967884795481694,0.0,0.0
bear_body12_range15_vol15_cp25,base_no_confirm,288,long_counter_trend,686774,51.302611921825815,0.20059658113848247,4.56040735951429,4.829621657926126,-5.0945512281380605,49.60336296947759,48.13563122657526,2.2604233707158397,0.0005824332313104457,2.3284170828661708,0.0,1.8032695644985735,2.2181906147685155,3.526720039809315,0.11159509024319846,0.0,0.0
bear_body12_range15_vol15_cp25,base_no_confirm,288,long_trend_aligned,473930,47.08142552697655,0.08264521692888059,4.484949296879283,5.329123161590477,-4.61322098347904,50.81826430063512,48.14023167978394,1.0408710147068132,0.0006330048741375309,2.9353149324685024,0.0,1.6744123024129847,2.1027563225201416,3.3044266561431286,0.10604070504103834,0.0,0.0
bear_body12_range15_vol15_cp25,body_mid_reclaim,12,above_ema_slope_down,23982,45.67175381536152,0.010201556582793954,1.0340559509649905,1.1034941550699953,-1.0449434896048213,46.81427737469769,49.96247185389041,1.2509382036527394,1.9723125677591526,2.7580926453698584,2.384204820281878,1.6675071867030025,2.1248275909965404,3.2431556750858253,0.09894761499487768,1.6742699692840133,0.41098842259097096
bear_body12_range15_vol15_cp25,body_mid_reclaim,12,below_ema_slope_up,45002,51.23772276787698,0.003866833858989721,0.8500885381747623,0.8669406559931297,-0.965985695901264,48.100084440691525,48.75116661481712,0.371094618016977,2.777654326474379,3.2279667215213017,2.106995244655793,1.7870910609881179,2.2001134968629805,3.2783438030274845,0.11151039821690653,1.2070984788270378,0.32007311333878125
bear_body12_range15_vol15_cp25,body_mid_reclaim,12,long_counter_trend,328727,52.08121024436691,0.02492713876551739,0.94851244323231,0.9594551177870655,-1.0565998043024365,48.69907248263757,48.45905569058824,0.4526552428002567,2.3892165839739357,3.0984003016769877,2.402358187797169,1.7418606429368158,2.1558395572858147,3.4023647337003813,0.11333602887007728,1.3062666081682026,0.426991521046646
bear_body12_range15_vol15_cp25,body_mid_reclaim,12,long_trend_aligned,266644,47.3177720106209,0.000364824722027118,0.980846255369622,1.0709498380907365,-1.0208187909584117,47.277268567828266,49.82598520874274,0.7395628628433417,2.15718336058565,3.0385791821903316,2.4217871019036616,1.662784020522228,2.089343267906373,3.145488330935435,0.10612317443300465,1.3036846948589798,0.3202992607755605
bear_body12_range15_vol15_cp25,body_mid_reclaim,36,above_ema_slope_down,23982,48.21115836877658,0.08720681603469391,1.7053275780732802,1.8672625630042303,-1.6904077948854264,47.764990409473775,50.842298390459504,1.2551079976649153,0.13760320240180135,3.034322936239509,2.384204820281878,1.6675071867030025,2.1248275909965404,3.2431556750858253,0.09894761499487768,1.6742699692840133,0.41098842259097096
bear_body12_range15_vol15_cp25,body_mid_reclaim,36,below_ema_slope_up,45002,50.79329807564108,0.036264323984268446,1.4361703646551809,1.5174188685921273,-1.609849304636085,49.50224434469579,50.00222212346118,0.375538864939336,0.11999466690369316,3.6020957550947763,2.106995244655793,1.7870910609881179,2.2001134968629805,3.2783438030274845,0.11151039821690653,1.2070984788270378,0.32007311333878125
bear_body12_range15_vol15_cp25,body_mid_reclaim,36,long_counter_trend,328727,51.71434047096831,0.004650767359799954,1.5852898545692307,1.6053573126143978,-1.8495019357779918,49.8641730067807,49.576396219355274,0.4563056883067104,0.10312508555731656,3.4253565903748004,2.402358187797169,1.7418606429368158,2.1558395572858147,3.4023647337003813,0.11333602887007728,1.3062666081682026,0.426991521046646
bear_body12_range15_vol15_cp25,body_mid_reclaim,36,long_trend_aligned,266644,47.46440947480536,0.012758778828100588,1.6281121732513064,1.838413621221701,-1.7011681349224514,48.30298075336403,50.88395013576154,0.7429381497427281,0.07013096113169619,3.335037172977253,2.4217871019036616,1.662784020522228,2.089343267906373,3.145488330935435,0.10612317443300465,1.3036846948589798,0.3202992607755605
bear_body12_range15_vol15_cp25,body_mid_reclaim,72,above_ema_slope_down,23982,49.37870069218581,0.17612829260620777,2.3788326747304422,2.588681828512158,-2.310536806134174,47.81919773163206,50.90901509465432,1.2551079976649153,0.016679176048703195,3.088706314121278,2.384204820281878,1.6675071867030025,2.1248275909965404,3.2431556750858253,0.09894761499487768,1.6742699692840133,0.41098842259097096
bear_body12_range15_vol15_cp25,body_mid_reclaim,72,below_ema_slope_up,45002,50.15332651882139,0.06019614554557753,2.0624883202840487,2.184148907724806,-2.255389793940262,49.5444646904582,50.06444158037421,0.375538864939336,0.015554864228256523,3.651250138904323,2.106995244655793,1.7870910609881179,2.2001134968629805,3.2783438030274845,0.11151039821690653,1.2070984788270378,0.32007311333878125
bear_body12_range15_vol15_cp25,body_mid_reclaim,72,long_counter_trend,328727,50.811463615705435,-0.0012958509017022884,2.2089558562805487,2.2458521560431146,-2.567413288443361,49.90219848080626,49.622330991978146,0.4563056883067104,0.019164838908881838,3.4624875252537546,2.402358187797169,1.7418606429368158,2.1558395572858147,3.4023647337003813,0.11333602887007728,1.3062666081682026,0.426991521046646
bear_body12_range15_vol15_cp25,body_mid_reclaim,72,long_trend_aligned,266644,47.42578119140127,0.024593892525069664,2.240784984026534,2.5689024920032404,-2.341531822165135,48.32698279353745,50.92257841916563,0.7429381497427281,0.007500637554192106,3.362251710273644,2.4217871019036616,1.662784020522228,2.089343267906373,3.145488330935435,0.10612317443300465,1.3036846948589798,0.3202992607755605
bear_body12_range15_vol15_cp25,body_mid_reclaim,288,above_ema_slope_down,23982,48.37378033525144,0.08713316183289876,4.432722934162859,4.996326708822481,-4.550006223444013,47.82336752564424,50.92152447669085,1.2551079976649153,0.0,3.10958218663998,2.384204820281878,1.6675071867030025,2.1248275909965404,3.2431556750858253,0.09894761499487768,1.6742699692840133,0.41098842259097096
bear_body12_range15_vol15_cp25,body_mid_reclaim,288,below_ema_slope_up,45002,48.015643749166706,0.02370661730711072,4.163008526325288,4.517100751050458,-4.524173605363118,49.55335318430292,50.07110795075774,0.375538864939336,0.0,3.672792320341318,2.106995244655793,1.7870910609881179,2.2001134968629805,3.2783438030274845,0.11151039821690653,1.2070984788270378,0.32007311333878125
bear_body12_range15_vol15_cp25,body_mid_reclaim,288,long_counter_trend,328727,50.80112068677048,0.14170694115638882,4.420717147750956,4.647781231773107,-4.974180612830938,49.911020390780195,49.63054449436767,0.4566098920989149,0.0018252227532268418,3.480212703173816,2.402358187797169,1.7418606429368158,2.1558395572858147,3.4023647337003813,0.11333602887007728,1.3062666081682026,0.426991521046646
bear_body12_range15_vol15_cp25,body_mid_reclaim,288,long_trend_aligned,266644,46.870734012391054,0.04997384173090172,4.389110512500591,5.167554339200782,-4.563409799765762,48.32923298480371,50.92745383357585,0.7429381497427281,0.0003750318777096053,3.3697528155623813,2.4217871019036616,1.662784020522228,2.089343267906373,3.145488330935435,0.10612317443300465,1.3036846948589798,0.3202992607755605
bear_body12_range15_vol15_cp25,bull_close_above_disp_close,12,above_ema_slope_down,24597,45.534008212383625,0.020482819935687638,1.0396031258417342,1.1259972534471054,-1.0592849226966818,46.76993129243404,49.80282148229459,1.1058259137293165,2.321421311542058,2.836219095979356,1.592999146237346,1.6354935528674364,2.0995925572845078,3.4305722687707796,0.09822399264822129,1.0371579648667983,0.3819442357495104
bear_body12_range15_vol15_cp25,bull_close_above_disp_close,12,below_ema_slope_up,118953,52.12899212293931,0.027725891324526308,0.8830110548751937,0.9107984723615576,-0.9988924606477488,48.9806898522946,48.42921153732987,0.46825216682219023,2.1218464435533364,2.9847546573448196,1.5105882155136903,1.9059744155043705,2.3178836520001935,3.4889273641475183,0.11066827405941433,0.5665948978450416,0.418426366958115
bear_body12_range15_vol15_cp25,bull_close_above_disp_close,12,long_counter_trend,533266,52.49781534918784,0.029296305451772354,0.9921231911356299,0.9895134752711576,-1.1268882420084028,48.6599558194222,49.02075136986044,0.5603207404934872,1.7589720702238658,2.8814742138556864,1.6420585598931865,1.8066530376685317,2.2211908595521357,3.5517998388802052,0.1122669956102448,0.6576004716437603,0.48726650189413073
bear_body12_range15_vol15_cp25,bull_close_above_disp_close,12,long_trend_aligned,403398,47.903807158191164,0.004641675443478093,0.97158601222936,1.0623708638799183,-1.026368949638187,47.713424459218935,49.3951383001403,0.5597449665095018,2.331692274131255,3.069960811387033,1.621071497627653,1.6878626844337508,2.1124600773315865,3.246282602876401,0.1057455840960597,0.6503425510990642,0.3593707667770334
bear_body12_range15_vol15_cp25,bull_close_above_disp_close,36,above_ema_slope_down,24597,47.705004675366915,0.09690514303390284,1.7374762025405068,1.9203420190726295,-1.7069141047075909,47.843232914583076,50.88831971378623,1.1098914501768509,0.15855592145383582,3.1609251567717243,1.592999146237346,1.6354935528674364,2.0995925572845078,3.4305722687707796,0.09822399264822129,1.0371579648667983,0.3819442357495104
bear_body12_range15_vol15_cp25,bull_close_above_disp_close,36,below_ema_slope_up,118953,51.497650332484255,0.06062187585533794,1.4861164175947932,1.5907112526560585,-1.642509783162342,50.06178910998461,49.37412255260481,0.47077417131135824,0.09331416609921565,3.276316453778967,1.5105882155136903,1.9059744155043705,2.3178836520001935,3.4889273641475183,0.11066827405941433,0.5665948978450416,0.418426366958115
bear_body12_range15_vol15_cp25,bull_close_above_disp_close,36,long_counter_trend,533266,52.27147427362705,0.03319375156715574,1.6185432756356386,1.647396916758068,-1.8829790976963345,49.51581387150128,49.84904344173452,0.5625710245918547,0.07257166217234927,3.1253136265456134,1.6420585598931865,1.8066530376685317,2.2211908595521357,3.5517998388802052,0.1122669956102448,0.6576004716437603,0.48726650189413073
bear_body12_range15_vol15_cp25,bull_close_above_disp_close,36,long_trend_aligned,403398,48.06964833737401,0.021558617894938712,1.6309679363778349,1.8425328251498454,-1.711228105066779,48.80663761347354,50.53693870569512,0.5642070610166634,0.09221661981467434,3.391163349262827,1.621071497627653,1.6878626844337508,2.1124600773315865,3.246282602876401,0.1057455840960597,0.6503425510990642,0.3593707667770334
bear_body12_range15_vol15_cp25,bull_close_above_disp_close,72,above_ema_slope_down,24597,48.66040574053746,0.16920394370606046,2.409127567729905,2.642352288549345,-2.3412776186441686,47.90828149774363,50.95743383339432,1.1098914501768509,0.02439321868520551,3.2209344882274005,1.592999146237346,1.6354935528674364,2.0995925572845078,3.4305722687707796,0.09822399264822129,1.0371579648667983,0.3819442357495104
bear_body12_range15_vol15_cp25,bull_close_above_disp_close,72,below_ema_slope_up,118953,50.99661210730289,0.10198366924682534,2.1063429968017395,2.2809235473746434,-2.2738184020339407,50.10045984548519,49.41027128361622,0.47077417131135824,0.018494699587231933,3.3098687474249777,1.5105882155136903,1.9059744155043705,2.3178836520001935,3.4889273641475183,0.11066827405941433,0.5665948978450416,0.418426366958115
bear_body12_range15_vol15_cp25,bull_close_above_disp_close,72,long_counter_trend,533266,51.1324554725034,0.010523637001576323,2.2592188111595473,2.298631033114904,-2.6038878972468753,49.54863051460247,49.87660942193952,0.5625710245918547,0.012189038866156852,3.1526591285462704,1.6420585598931865,1.8066530376685317,2.2211908595521357,3.5517998388802052,0.1122669956102448,0.6576004716437603,0.48726650189413073
bear_body12_range15_vol15_cp25,bull_close_above_disp_close,72,long_trend_aligned,403398,47.79870004313358,0.03811055795229047,2.2580894310661135,2.598643406389659,-2.3557319679039384,48.84332594608799,50.580072285931024,0.5642070610166634,0.012394706964337948,3.4257762527643623,1.621071497627653,1.6878626844337508,2.1124600773315865,3.246282602876401,0.1057455840960597,0.6503425510990642,0.3593707667770334
bear_body12_range15_vol15_cp25,bull_close_above_disp_close,288,above_ema_slope_down,24597,48.31076960604952,0.1299837812921861,4.460912462999123,5.1283588548995205,-4.577959953993192,47.91234703419116,50.97776151563199,1.1098914501768509,0.0,3.249136073504899,1.592999146237346,1.6354935528674364,2.0995925572845078,3.4305722687707796,0.09822399264822129,1.0371579648667983,0.3819442357495104
bear_body12_range15_vol15_cp25,bull_close_above_disp_close,288,below_ema_slope_up,118953,48.881491009053995,0.057655480833988006,4.239120315960484,4.6722868048190955,-4.541342379797612,50.112229199767974,49.416155960757614,0.47077417131135824,0.0008406681630559969,3.3339414217499495,1.5105882155136903,1.9059744155043705,2.3178836520001935,3.4889273641475183,0.11066827405941433,0.5665948978450416,0.418426366958115
bear_body12_range15_vol15_cp25,bull_close_above_disp_close,288,long_counter_trend,533266,50.83560549519377,0.15035524796568484,4.464479809201002,4.715013629124792,-5.004465853501674,49.55538136689757,49.88129751381112,0.5627585482667187,0.0005625710245918547,3.164254786099917,1.6420585598931865,1.8066530376685317,2.2211908595521357,3.5517998388802052,0.1122669956102448,0.6576004716437603,0.48726650189413073
bear_body12_range15_vol15_cp25,bull_close_above_disp_close,288,long_trend_aligned,403398,46.98263253660157,0.0634029943552892,4.450083065222227,5.2540443808840225,-4.605874837191235,48.84778804059515,50.587013321831044,0.5642070610166634,0.000991576557147036,3.4375598050541156,1.621071497627653,1.6878626844337508,2.1124600773315865,3.246282602876401,0.1057455840960597,0.6503425510990642,0.3593707667770334
bear_body12_range15_vol15_cp25,close_above_disp_close,12,above_ema_slope_down,24496,45.60336381450033,0.02251213874124815,1.0405241569303072,1.1280284264299516,-1.0600354371603022,46.8403004572175,49.767308948399744,1.1103853690398433,2.282005225342913,2.83882692066675,1.5613161332462442,1.6344154853878012,2.0992942488015895,3.436525101509214,0.09852837591063415,1.0146064800879464,0.3802924241542829
bear_body12_range15_vol15_cp25,close_above_disp_close,12,below_ema_slope_up,121363,52.1328576254707,0.028675522341878684,0.8785027487695497,0.9069154248875185,-0.9938730758399313,48.97373993721315,48.40437365589183,0.4737852558028394,2.1481011510921784,2.9742749840008083,1.4794377198981568,1.9070505434519345,2.3179959640734897,3.4860401322570684,0.11014491733166026,0.5529911100856109,0.411860259611365
bear_body12_range15_vol15_cp25,close_above_disp_close,12,long_counter_trend,537580,52.50455746121507,0.02937050204608116,0.9911117180970085,0.9885305837887162,-1.1259456629937854,48.65824621451691,49.00349715391197,0.5679154730458723,1.7703411585252429,2.874639957732316,1.6093455857732804,1.8069067468584872,2.2209955943509114,3.5507904114798996,0.11203457468477655,0.6439943885204293,0.48201873209678636
bear_body12_range15_vol15_cp25,close_above_disp_close,12,long_trend_aligned,405926,47.933120815123935,0.0052846894819509535,0.9693953445157207,1.0607582436362393,-1.0238372072913333,47.78062996703833,49.31046545429463,0.5579834748205338,2.350921103846514,3.0697456752686163,1.5832540906470638,1.6878339910212854,2.112021328407,3.245874566033534,0.10554969911583618,0.6342835803628332,0.35538599225703826
bear_body12_range15_vol15_cp25,close_above_disp_close,36,above_ema_slope_down,24496,47.77514696276943,0.10030062877350046,1.739152016220291,1.9235576858436887,-1.7078537127733207,47.90169823644676,50.836871325930765,1.114467668190725,0.14696276943174394,3.157481602616517,1.5613161332462442,1.6344154853878012,2.0992942488015895,3.436525101509214,0.09852837591063415,1.0146064800879464,0.3802924241542829
bear_body12_range15_vol15_cp25,close_above_disp_close,36,below_ema_slope_up,121363,51.49427749808426,0.06016662782801826,1.4794064299261518,1.5836655672384747,-1.634673534722105,50.072921730675745,49.34864827006584,0.47708115323451133,0.10134884602391173,3.2695480039590894,1.4794377198981568,1.9070505434519345,2.3179959640734897,3.4860401322570684,0.11014491733166026,0.5529911100856109,0.411860259611365
bear_body12_range15_vol15_cp25,close_above_disp_close,36,long_counter_trend,537580,52.26738345920607,0.0333160288481771,1.6167026427041225,1.645678480711397,-1.8804962330587958,49.51616503590163,49.83648945273262,0.5701476989471335,0.07719781241861676,3.1201846732382044,1.6093455857732804,1.8069067468584872,2.2209955943509114,3.5507904114798996,0.11203457468477655,0.6439943885204293,0.48201873209678636
bear_body12_range15_vol15_cp25,close_above_disp_close,36,long_trend_aligned,405926,48.1114784468105,0.02299720749429844,1.6275722840156612,1.8400098250395236,-1.7070668353263363,48.87738159171869,50.4591969964969,0.562664130900706,0.10075728088370786,3.393206696636639,1.5832540906470638,1.6878339910212854,2.112021328407,3.245874566033534,0.10554969911583618,0.6342835803628332,0.35538599225703826
bear_body12_range15_vol15_cp25,close_above_disp_close,72,above_ema_slope_down,24496,48.70999346832136,0.1721787599040151,2.413888997565221,2.64748770730621,-2.34303662300583,47.95885042455911,50.906270411495754,1.114467668190725,0.020411495754408884,3.2134661712465804,1.5613161332462442,1.6344154853878012,2.0992942488015895,3.436525101509214,0.09852837591063415,1.0146064800879464,0.3802924241542829
bear_body12_range15_vol15_cp25,close_above_disp_close,72,below_ema_slope_up,121363,50.971877755164265,0.10109905838479806,2.096628023091461,2.2709639102380623,-2.2636762384416453,50.116592371645396,49.38655109053006,0.47708115323451133,0.01977538459003156,3.306471950485829,1.4794377198981568,1.9070505434519345,2.3179959640734897,3.4860401322570684,0.11014491733166026,0.5529911100856109,0.411860259611365
bear_body12_range15_vol15_cp25,close_above_disp_close,72,long_counter_trend,537580,51.12559991071096,0.010718883035900854,2.2563660138811996,2.296076695428925,-2.6004745031494134,49.55002046207076,49.8649503329737,0.5701476989471335,0.014881506008408051,3.1482790697674417,1.6093455857732804,1.8069067468584872,2.2209955943509114,3.5507904114798996,0.11203457468477655,0.6439943885204293,0.48201873209678636
bear_body12_range15_vol15_cp25,close_above_disp_close,72,long_trend_aligned,405926,47.83310258520026,0.03904274686824572,2.2537834044894076,2.594694643609086,-2.350595176328607,48.9185220951602,50.5052645063386,0.562664130900706,0.013549267600498615,3.430863500964592,1.5832540906470638,1.6878339910212854,2.112021328407,3.245874566033534,0.10554969911583618,0.6342835803628332,0.35538599225703826
bear_body12_range15_vol15_cp25,close_above_disp_close,288,above_ema_slope_down,24496,48.30584585238406,0.1332117526404942,4.4695100150070886,5.1380033905862454,-4.581813340317973,47.96293272371,50.92259960809928,1.114467668190725,0.0,3.2384062704114958,1.5613161332462442,1.6344154853878012,2.0992942488015895,3.436525101509214,0.09852837591063415,1.0146064800879464,0.3802924241542829
bear_body12_range15_vol15_cp25,close_above_disp_close,288,below_ema_slope_up,121363,48.88969455270552,0.05744111058040494,4.224588120165851,4.6543258722186955,-4.524620993146064,50.12895198701416,49.3931428853934,0.47708115323451133,0.0008239743579179816,3.3312569008421087,1.4794377198981568,1.9070505434519345,2.3179959640734897,3.4860401322570684,0.11014491733166026,0.5529911100856109,0.411860259611365
bear_body12_range15_vol15_cp25,close_above_disp_close,288,long_counter_trend,537580,50.83057405409428,0.14992611269525807,4.459248800613899,4.709214241338131,-4.998442621510795,49.55820529037538,49.870716916551956,0.5703337177722385,0.0007440753004204026,3.1627490810601664,1.6093455857732804,1.8069067468584872,2.2209955943509114,3.5507904114798996,0.11203457468477655,0.6439943885204293,0.48201873209678636
bear_body12_range15_vol15_cp25,close_above_disp_close,288,long_trend_aligned,405926,47.00364105772973,0.06418860569775234,4.442663182039685,5.246011348797853,-4.598379115340062,48.923202751240375,50.51290136625888,0.562664130900706,0.0012317516000453284,3.4435148711202426,1.5832540906470638,1.6878339910212854,2.112021328407,3.245874566033534,0.10554969911583618,0.6342835803628332,0.35538599225703826
bear_body12_range15_vol15_cp25,low_sweep_reclaim,12,above_ema_slope_down,15295,45.433148087610334,0.025166960827117307,1.0915821143206397,1.1834208968281754,-1.1154282491320782,46.00196142530238,50.742072572736184,1.0395554102647924,2.216410591696633,2.818801818668093,1.843020594965675,1.643148351576806,2.08718387403099,3.494200343086345,0.08364843776486464,0.8086885792770716,0.6276140907768496
bear_body12_range15_vol15_cp25,low_sweep_reclaim,12,below_ema_slope_up,104016,52.52461159821566,0.04853625299033209,0.9109923259293405,0.9422535041587473,-1.0164159929287133,49.39816951238271,48.261805876019075,0.5008844793108752,1.8391401322873404,2.8878191630020664,1.804212813413321,1.880960671145544,2.2873714169514447,3.3980244462929368,0.10941722395293238,0.24603500577530557,0.6698773553781429
bear_body12_range15_vol15_cp25,low_sweep_reclaim,12,long_counter_trend,424238,52.86749418958227,0.04414186067040869,1.016945260948267,1.0154680365798692,-1.147292207575726,48.58145663519062,49.27422814552209,0.6293637062215077,1.5149515130657791,2.7935286529076544,1.9482318887039822,1.785775175286705,2.183527558688581,3.4380102045787644,0.10698675451790773,0.3474791360301572,0.7536338936602192
bear_body12_range15_vol15_cp25,low_sweep_reclaim,12,long_trend_aligned,297589,48.0992240976649,-0.00021607534138045706,0.9985490177160163,1.0841566111640737,-1.0587097005373716,47.840141940730334,49.3475901326998,0.5413506547621048,2.270917271807762,3.0527935467677105,1.9526460991501702,1.676880659451869,2.0874670570977587,3.233586116165446,0.09850095911306396,0.3461748699969671,0.5843981537504119
bear_body12_range15_vol15_cp25,low_sweep_reclaim,36,above_ema_slope_down,15295,47.67571101667212,0.08434244089152983,1.7737693974967499,1.9831090421881652,-1.7781461265620702,47.133050016345216,51.70317097090552,1.0460934946060805,0.11768551814318405,3.1406689795116844,1.843020594965675,1.643148351576806,2.08718387403099,3.494200343086345,0.08364843776486464,0.8086885792770716,0.6276140907768496
bear_body12_range15_vol15_cp25,low_sweep_reclaim,36,below_ema_slope_up,104016,51.78722504230119,0.07777525970337654,1.5188689472308416,1.6335003421682008,-1.6723963882666433,50.36340562990309,49.06937394247039,0.504730041532072,0.062490386094447015,3.144144837471501,1.804212813413321,1.880960671145544,2.2873714169514447,3.3980244462929368,0.10941722395293238,0.24603500577530557,0.6698773553781429
bear_body12_range15_vol15_cp25,low_sweep_reclaim,36,long_counter_trend,424238,52.75552873622825,0.07041867709904322,1.6384925252209632,1.6878502019829291,-1.8749922119539282,49.324200095229564,49.98939274652436,0.6312494401727332,0.05515771807334562,3.0035943057140972,1.9482318887039822,1.785775175286705,2.183527558688581,3.4380102045787644,0.10698675451790773,0.3474791360301572,0.7536338936602192
bear_body12_range15_vol15_cp25,low_sweep_reclaim,36,long_trend_aligned,297589,48.12677887959568,0.007880582526139261,1.6705257511276679,1.8718645442562922,-1.7612137163977493,48.91914687706871,50.45549398667289,0.5450470279479416,0.08031210831045502,3.3651958970909703,1.9526460991501702,1.676880659451869,2.0874670570977587,3.233586116165446,0.09850095911306396,0.3461748699969671,0.5843981537504119
bear_body12_range15_vol15_cp25,low_sweep_reclaim,72,above_ema_slope_down,15295,49.107551487414185,0.16087079488546965,2.47560089878951,2.70815300011677,-2.4269703582402333,47.16574043805165,51.77508989865969,1.0460934946060805,0.013076168682576005,3.1870136663833124,1.843020594965675,1.643148351576806,2.08718387403099,3.494200343086345,0.08364843776486464,0.8086885792770716,0.6276140907768496
bear_body12_range15_vol15_cp25,low_sweep_reclaim,72,below_ema_slope_up,104016,50.99407783417935,0.11635201417982646,2.1423081651475977,2.3322879402370815,-2.3142119196784097,50.387440393785575,49.09437009690817,0.504730041532072,0.013459467774188588,3.1660833445510663,1.804212813413321,1.880960671145544,2.2873714169514447,3.3980244462929368,0.10941722395293238,0.24603500577530557,0.6698773553781429
bear_body12_range15_vol15_cp25,low_sweep_reclaim,72,long_counter_trend,424238,51.58613796972455,0.06447219733461819,2.283425812256783,2.356085731855025,-2.5898456640563983,49.348007486363784,50.011785837195156,0.6312494401727332,0.008957236268321084,3.0243517208863744,1.9482318887039822,1.785775175286705,2.183527558688581,3.4380102045787644,0.10698675451790773,0.3474791360301572,0.7536338936602192
bear_body12_range15_vol15_cp25,low_sweep_reclaim,72,long_trend_aligned,297589,47.747732611084416,0.022475050256198503,2.3066437747833133,2.6401194679077284,-2.4195399034380243,48.950398032185326,50.49312978638323,0.5453830618739268,0.011089119557510525,3.394288806140693,1.9526460991501702,1.676880659451869,2.0874670570977587,3.233586116165446,0.09850095911306396,0.3461748699969671,0.5843981537504119
bear_body12_range15_vol15_cp25,low_sweep_reclaim,288,above_ema_slope_down,15295,48.48643347499183,0.09583177274312349,4.562612237548304,5.23508050842154,-4.719303234526344,47.16574043805165,51.78816606734227,1.0460934946060805,0.0,3.206995750245178,1.843020594965675,1.643148351576806,2.08718387403099,3.494200343086345,0.08364843776486464,0.8086885792770716,0.6276140907768496
bear_body12_range15_vol15_cp25,low_sweep_reclaim,288,below_ema_slope_up,104016,49.33856329795417,0.10282236585769249,4.290151933293216,4.7365589302828175,-4.587086473941215,50.39705429933856,49.096292878018765,0.504730041532072,0.0019227811105983696,3.181273674697637,1.804212813413321,1.880960671145544,2.2873714169514447,3.3980244462929368,0.10941722395293238,0.24603500577530557,0.6698773553781429
bear_body12_range15_vol15_cp25,low_sweep_reclaim,288,long_counter_trend,424238,51.18141232044277,0.19363428241830524,4.515319637242935,4.782257824786958,-5.009211636519954,49.35201467101014,50.01626445532932,0.6314851569166364,0.00023571674390318644,3.0344194400771265,1.9482318887039822,1.785775175286705,2.183527558688581,3.4380102045787644,0.10698675451790773,0.3474791360301572,0.7536338936602192
bear_body12_range15_vol15_cp25,low_sweep_reclaim,288,long_trend_aligned,297589,46.88849386234034,0.04031030579486091,4.537676740196297,5.335797209079414,-4.711552837202545,48.955774575001094,50.49749822742105,0.5453830618739268,0.0013441357039406699,3.4055782381504445,1.9526460991501702,1.676880659451869,2.0874670570977587,3.233586116165446,0.09850095911306396,0.3461748699969671,0.5843981537504119
bear_body12_range15_vol15_cp25,no_lower_low_bull_reversal,12,above_ema_slope_down,10363,46.12563929364084,0.024156685945631466,0.9707185682599176,1.0665809552568906,-0.9934748183765506,47.380102286982535,48.837209302325576,1.1386664093409244,2.64402200135096,2.9099018733273865,1.1079803145807199,1.6097676388878317,2.1118940781202578,3.4584215517680685,0.12279599622168984,1.0810501466816322,0.0
bear_body12_range15_vol15_cp25,no_lower_low_bull_reversal,12,below_ema_slope_up,46800,52.1559829059829,0.019390562558686673,0.8570526259165311,0.886098903318272,-0.9776862635659305,48.876068376068375,48.14102564102564,0.4444444444444444,2.5384615384615383,3.0100412172235376,1.082051282051282,1.9249002158688213,2.4062563391510174,3.728569507477093,0.1373640455493297,0.6809193950332926,0.0
bear_body12_range15_vol15_cp25,no_lower_low_bull_reversal,12,long_counter_trend,202420,52.374765339393335,0.0032054606842151128,0.9744842528496556,0.9625794419602296,-1.1306997720248866,48.6893587590159,48.84744590455489,0.5646675229720384,1.8985278134571681,2.9072954068195207,1.0844037150479202,1.8358977928074074,2.316997633059123,3.8395324767249446,0.13821498094343698,0.790604393937772,0.0
bear_body12_range15_vol15_cp25,no_lower_low_bull_reversal,12,long_trend_aligned,167083,48.34064506861859,0.024198557035793267,0.9334596614395875,1.0394795696180827,-0.98090801653002,48.114410203312126,48.685982415925025,0.5572080941807365,2.6423992865821178,3.114724469471562,1.0994356098466032,1.6910684362031274,2.1636858522932365,3.3525470296921305,0.130049425918754,0.7685949655845878,0.0
bear_body12_range15_vol15_cp25,no_lower_low_bull_reversal,36,above_ema_slope_down,10363,47.28360513364856,0.10614814092887155,1.678761327324669,1.8456314082112166,-1.6298666779171571,48.55736755765705,50.09167229566728,1.1386664093409244,0.21229373733474863,3.269026206363021,1.1079803145807199,1.6097676388878317,2.1118940781202578,3.4584215517680685,0.12279599622168984,1.0810501466816322,0.0
bear_body12_range15_vol15_cp25,no_lower_low_bull_reversal,36,below_ema_slope_up,46800,51.23290598290598,0.04420909880577586,1.4665050897666425,1.5625397836841584,-1.6093459106045098,50.141025641025635,49.26068376068376,0.4465811965811966,0.1517094017094017,3.3537417877549274,1.082051282051282,1.9249002158688213,2.4062563391510174,3.728569507477093,0.1373640455493297,0.6809193950332926,0.0
bear_body12_range15_vol15_cp25,no_lower_low_bull_reversal,36,long_counter_trend,202420,51.846655468827194,-0.007638265736831883,1.6159822982943428,1.613657142261741,-1.9195192623128379,49.62009682837664,49.71791324967889,0.5686197016105128,0.0933702203339591,3.1696426363910577,1.0844037150479202,1.8358977928074074,2.316997633059123,3.8395324767249446,0.13821498094343698,0.790604393937772,0.0
bear_body12_range15_vol15_cp25,no_lower_low_bull_reversal,36,long_trend_aligned,167083,48.474710173985386,0.06308744872105908,1.583301541666387,1.8235771294183925,-1.6410672657170264,49.36229299210572,49.9607979267789,0.5625946385927951,0.11431444252257861,3.477374589554922,1.0994356098466032,1.6910684362031274,2.1636858522932365,3.3525470296921305,0.130049425918754,0.7685949655845878,0.0
bear_body12_range15_vol15_cp25,no_lower_low_bull_reversal,72,above_ema_slope_down,10363,47.418701148316124,0.12505669411206505,2.3511349303268343,2.551232997383232,-2.284160259824587,48.67316414165782,50.159220303001064,1.1386664093409244,0.028949146000192993,3.352799227799228,1.1079803145807199,1.6097676388878317,2.1118940781202578,3.4584215517680685,0.12279599622168984,1.0810501466816322,0.0
bear_body12_range15_vol15_cp25,no_lower_low_bull_reversal,72,below_ema_slope_up,46800,51.48290598290598,0.068425043811888,2.0711894628571996,2.234198076929048,-2.235842364569063,50.217948717948715,49.299145299145295,0.4465811965811966,0.03632478632478633,3.405788427420217,1.082051282051282,1.9249002158688213,2.4062563391510174,3.728569507477093,0.1373640455493297,0.6809193950332926,0.0
bear_body12_range15_vol15_cp25,no_lower_low_bull_reversal,72,long_counter_trend,202420,50.93716035964826,-0.03660361962204156,2.256289984151037,2.258845660277742,-2.643874312374172,49.66159470408063,49.750518723446305,0.5686197016105128,0.019266870862562988,3.203877834381686,1.0844037150479202,1.8358977928074074,2.316997633059123,3.8395324767249446,0.13821498094343698,0.790604393937772,0.0
bear_body12_range15_vol15_cp25,no_lower_low_bull_reversal,72,long_trend_aligned,167083,47.97974659301066,0.06207951069805105,2.2011714689122313,2.566007286338042,-2.276194322982026,49.40658235727153,50.01586038076884,0.5625946385927951,0.01496262336682966,3.5214596128290774,1.0994356098466032,1.6910684362031274,2.1636858522932365,3.3525470296921305,0.130049425918754,0.7685949655845878,0.0
bear_body12_range15_vol15_cp25,no_lower_low_bull_reversal,288,above_ema_slope_down,10363,47.225706841648176,0.1425122834530257,4.428281864774986,5.044596237971215,-4.5093785652172675,48.67316414165782,50.18816944900125,1.1386664093409244,0.0,3.3824182186625493,1.1079803145807199,1.6097676388878317,2.1118940781202578,3.4584215517680685,0.12279599622168984,1.0810501466816322,0.0
bear_body12_range15_vol15_cp25,no_lower_low_bull_reversal,288,below_ema_slope_up,46800,48.572649572649574,-0.02222231334896993,4.220335823143466,4.648057052455164,-4.550085822943661,50.23717948717948,49.31623931623932,0.4465811965811966,0.0,3.4570726495726496,1.082051282051282,1.9249002158688213,2.4062563391510174,3.728569507477093,0.1373640455493297,0.6809193950332926,0.0
bear_body12_range15_vol15_cp25,no_lower_low_bull_reversal,288,long_counter_trend,202420,50.32704278233376,0.12776989904445088,4.450043023516263,4.707758615247844,-5.019073070240251,49.67295721766624,49.757929058393444,0.5686197016105128,0.0004940223298093074,3.223911786936997,1.0844037150479202,1.8358977928074074,2.316997633059123,3.8395324767249446,0.13821498094343698,0.790604393937772,0.0
bear_body12_range15_vol15_cp25,no_lower_low_bull_reversal,288,long_trend_aligned,167083,47.047874409724514,0.0875434242748907,4.3665926925616665,5.20412771279446,-4.496091636506256,49.41196890168359,50.024837954788936,0.5625946385927951,0.0005985049346731864,3.5376641409607257,1.0994356098466032,1.6910684362031274,2.1636858522932365,3.3525470296921305,0.130049425918754,0.7685949655845878,0.0
bear_body12_range15_vol15_cp25,range_mid_reclaim,12,above_ema_slope_down,23581,45.52817946651966,0.0013143216866308195,1.030525887447441,1.0964767083761815,-1.0480368052506346,46.69437258810059,50.00636105339045,1.25100716678682,2.048259191722149,2.7477270759373105,2.3854374284381494,1.6668577215367786,2.1154408003519456,3.208470297517767,0.0994785574369743,1.6818856553962016,0.40793225219519735
bear_body12_range15_vol15_cp25,range_mid_reclaim,12,below_ema_slope_up,49130,51.21717891308772,0.007265847517383275,0.8534210703246798,0.8710233766569225,-0.9677895304310764,48.241400366374926,48.60981070628944,0.3867290860981071,2.7620598412375332,3.2244573294538754,2.050681864441278,1.8077624662250336,2.2212714481109703,3.3355227412883885,0.12294442092270703,1.1523220324886387,0.3098786136649568
bear_body12_range15_vol15_cp25,range_mid_reclaim,12,long_counter_trend,341020,52.15295290598792,0.023245047737387562,0.9532566287882743,0.9601737256347477,-1.0672643918995148,48.65579731394053,48.54671280276817,0.4618497448829981,2.3356401384083045,3.092366125714972,2.345982640314351,1.756646720737747,2.168815395910943,3.442950953472179,0.11891366529466825,1.2591560851736103,0.4219348594336762
bear_body12_range15_vol15_cp25,range_mid_reclaim,12,long_trend_aligned,270015,47.40847730681629,0.0013474463363556193,0.9787719420790372,1.0688679110383568,-1.0203529878569593,47.32366720367387,49.774642149510214,0.7303297964927874,2.17136085032313,3.0487446621642085,2.3900561079940004,1.667901743798622,2.0831458938943728,3.112779364039525,0.11129309246128491,1.2783061464863923,0.314064383763617
bear_body12_range15_vol15_cp25,range_mid_reclaim,36,above_ema_slope_down,23581,48.221025401806536,0.0886126625017128,1.7049356937398963,1.86427667760249,-1.694937985461255,47.6570120011874,50.94355625291548,1.2552478690471143,0.14418387685000636,3.032870429354058,2.3854374284381494,1.6668577215367786,2.1154408003519456,3.208470297517767,0.0994785574369743,1.6818856553962016,0.40793225219519735
bear_body12_range15_vol15_cp25,range_mid_reclaim,36,below_ema_slope_up,49130,50.83655607571749,0.03765152600861361,1.450363051742546,1.528253609625122,-1.6185465845254356,49.645837573783844,49.839202116832894,0.3907999185833503,0.12416039079991859,3.5950600175263405,2.050681864441278,1.8077624662250336,2.2212714481109703,3.3355227412883885,0.12294442092270703,1.1523220324886387,0.3098786136649568
bear_body12_range15_vol15_cp25,range_mid_reclaim,36,long_counter_trend,341020,51.72482552342971,0.0026453856689891858,1.5889159354960158,1.6039649299948644,-1.8570410447284094,49.80499677438273,49.62876077649405,0.4650753621488476,0.101167086974371,3.4117766199456963,2.345982640314351,1.756646720737747,2.168815395910943,3.442950953472179,0.11891366529466825,1.2591560851736103,0.4219348594336762
bear_body12_range15_vol15_cp25,range_mid_reclaim,36,long_trend_aligned,270015,47.546617780493676,0.014434174900308855,1.629251002670621,1.8388400927229973,-1.7036252019057663,48.358794881765824,50.83199081532508,0.7344036442419866,0.07481065866711109,3.347373921938528,2.3900561079940004,1.667901743798622,2.0831458938943728,3.112779364039525,0.11129309246128491,1.2783061464863923,0.314064383763617
bear_body12_range15_vol15_cp25,range_mid_reclaim,72,above_ema_slope_down,23581,49.55260591153895,0.17008741700161298,2.3665169474699312,2.57946751566339,-2.313632726175519,47.712141130571226,51.01564819134049,1.2552478690471143,0.016962809041177217,3.089663655257242,2.3854374284381494,1.6668577215367786,2.1154408003519456,3.208470297517767,0.0994785574369743,1.6818856553962016,0.40793225219519735
bear_body12_range15_vol15_cp25,range_mid_reclaim,72,below_ema_slope_up,49130,50.23610828414411,0.04820129153363808,2.075826231027698,2.1930295178477404,-2.2724706260408447,49.688581314878896,49.90026460411154,0.3907999185833503,0.02035416242621616,3.6420806188925083,2.050681864441278,1.8077624662250336,2.2212714481109703,3.3355227412883885,0.12294442092270703,1.1523220324886387,0.3098786136649568
bear_body12_range15_vol15_cp25,range_mid_reclaim,72,long_counter_trend,341020,50.78499794733447,-0.010202204180635562,2.218063890154046,2.2454423585683423,-2.5796281265884136,49.844290657439444,49.67069380095009,0.4650753621488476,0.019940179461615155,3.4471743823177454,2.345982640314351,1.756646720737747,2.168815395910943,3.442950953472179,0.11891366529466825,1.2591560851736103,0.4219348594336762
bear_body12_range15_vol15_cp25,range_mid_reclaim,72,long_trend_aligned,270015,47.46069662796511,0.02928782789849361,2.2414416962482497,2.5729150409984607,-2.343930983735203,48.38471936744255,50.87272929281706,0.7344036442419866,0.008147695498398238,3.376857918538629,2.3900561079940004,1.667901743798622,2.0831458938943728,3.112779364039525,0.11129309246128491,1.2783061464863923,0.314064383763617
bear_body12_range15_vol15_cp25,range_mid_reclaim,288,above_ema_slope_down,23581,48.45850472838302,0.08680908091927332,4.4092740570939934,4.971143802317527,-4.5334587073309836,47.716381832831516,51.028370298121374,1.2552478690471143,0.0,3.110894364106696,2.3854374284381494,1.6668577215367786,2.1154408003519456,3.208470297517767,0.0994785574369743,1.6818856553962016,0.40793225219519735
bear_body12_range15_vol15_cp25,range_mid_reclaim,288,below_ema_slope_up,49130,48.08060248320782,0.012494475611445096,4.18314375163687,4.534615023751056,-4.545793490415891,49.700793812334624,49.90840626908203,0.3907999185833503,0.0,3.6688988398127416,2.050681864441278,1.8077624662250336,2.2212714481109703,3.3355227412883885,0.12294442092270703,1.1523220324886387,0.3098786136649568
bear_body12_range15_vol15_cp25,range_mid_reclaim,288,long_counter_trend,341020,50.77268195413759,0.1376808408296965,4.429550288875767,4.6495367528384115,-4.986360603053619,49.854553985103514,49.678317987214825,0.4653686000821066,0.0017594275995542784,3.4655410041816466,2.345982640314351,1.756646720737747,2.168815395910943,3.442950953472179,0.11891366529466825,1.2591560851736103,0.4219348594336762
bear_body12_range15_vol15_cp25,range_mid_reclaim,288,long_trend_aligned,270015,46.91850452752625,0.05834201558665964,4.400999699605391,5.187211791251749,-4.568401819419384,48.3876821658056,50.877543840157024,0.7344036442419866,0.000370349795381738,3.3852503944239927,2.3900561079940004,1.667901743798622,2.0831458938943728,3.112779364039525,0.11129309246128491,1.2783061464863923,0.314064383763617
bear_body12_range15_vol15_cp25,two_close_above_disp_close,12,above_ema_slope_down,24250,47.080412371134024,0.02397118934555295,1.010753478432784,1.098036544525666,-1.0105800492034707,47.49690721649485,49.39793814432989,0.8247422680412372,2.2804123711340205,2.848419631176942,2.5908453608247424,1.6550628547452702,2.111293607465892,3.2722241545367505,0.09981613479331157,1.625915222314905,0.3928993934597488
bear_body12_range15_vol15_cp25,two_close_above_disp_close,12,below_ema_slope_up,76604,52.15393452039058,0.024164414402696555,0.8585763129458756,0.8927209553982377,-0.9637613969271095,49.09012584199259,47.92569578612083,0.37857030964440497,2.605608062242181,3.167797019086425,2.477298835569944,1.933733791065604,2.347703361406937,3.5623288648924762,0.10966260695657644,0.7514090577445028,0.3900221311713719
bear_body12_range15_vol15_cp25,two_close_above_disp_close,12,long_counter_trend,428980,51.705673924192276,0.006893739254950865,0.9532708121403389,0.9463075921132057,-1.080731110026509,48.15772297076787,49.06405893048627,0.4300899808848897,2.3481281178609725,3.088716588646167,2.6079141218704835,1.819717562711551,2.2349289745749488,3.598837366487254,0.11228348849894822,0.9850977386964195,0.4514032250152549
bear_body12_range15_vol15_cp25,two_close_above_disp_close,12,long_trend_aligned,338433,47.873877547402294,0.005061809095200606,0.9699296450248291,1.057207839265481,-1.012916963044167,47.32842246471237,49.633162250726144,0.5956865908466373,2.4427286937148565,3.1261365494932853,2.5834773795699593,1.6983602331100214,2.1216139736383957,3.2385130989210853,0.10541072501268768,0.9946124185657644,0.3359846473473731
bear_body12_range15_vol15_cp25,two_close_above_disp_close,36,above_ema_slope_down,24250,48.63505154639175,0.07682949124773276,1.7004766012133052,1.8495731511484357,-1.6600147530376288,48.5360824742268,50.47835051546392,0.8247422680412372,0.16082474226804122,3.1648424269959934,2.5908453608247424,1.6550628547452702,2.111293607465892,3.2722241545367505,0.09981613479331157,1.625915222314905,0.3928993934597488
bear_body12_range15_vol15_cp25,two_close_above_disp_close,36,below_ema_slope_up,76604,51.29366612709519,0.05681816555116943,1.455812277755789,1.5659008985412555,-1.6056067114629586,50.42164900005221,49.08359876768837,0.38248655422693334,0.11226567803247874,3.5258239891267413,2.477298835569944,1.933733791065604,2.347703361406937,3.5623288648924762,0.10966260695657644,0.7514090577445028,0.3900221311713719
bear_body12_range15_vol15_cp25,two_close_above_disp_close,36,long_counter_trend,428980,51.538533264954076,0.005475517319720577,1.5843400501960716,1.5997088029662754,-1.844883777317675,49.295305142430884,50.15595132640216,0.4333535362953984,0.11538999487155578,3.410434437611585,2.6079141218704835,1.819717562711551,2.2349289745749488,3.598837366487254,0.11228348849894822,0.9850977386964195,0.4514032250152549
bear_body12_range15_vol15_cp25,two_close_above_disp_close,36,long_trend_aligned,338433,47.82216864194685,0.016256869790867635,1.633228063098097,1.8354959532525699,-1.7027660668365547,48.48226975501798,50.821876117281704,0.5998233032830723,0.09603082441724063,3.4589539437102936,2.5834773795699593,1.6983602331100214,2.1216139736383957,3.2385130989210853,0.10541072501268768,0.9946124185657644,0.3359846473473731
bear_body12_range15_vol15_cp25,two_close_above_disp_close,72,above_ema_slope_down,24250,48.651546391752575,0.11986240480968241,2.362127489900707,2.554284432131719,-2.2998815253615428,48.59381443298969,50.56494845360825,0.8247422680412372,0.016494845360824743,3.231419615606698,2.5908453608247424,1.6550628547452702,2.111293607465892,3.2722241545367505,0.09981613479331157,1.625915222314905,0.3928993934597488
bear_body12_range15_vol15_cp25,two_close_above_disp_close,72,below_ema_slope_up,76604,50.50911179572868,0.08692568852869312,2.083291258727732,2.2485016360631622,-2.247941739248421,50.47386559448592,49.12537204323534,0.38248655422693334,0.01827580805179886,3.569395482438961,2.477298835569944,1.933733791065604,2.347703361406937,3.5623288648924762,0.10966260695657644,0.7514090577445028,0.3900221311713719
bear_body12_range15_vol15_cp25,two_close_above_disp_close,72,long_counter_trend,428980,50.59676441792158,-0.007114355962268062,2.208127811680131,2.245753052817235,-2.5680704755886783,49.343326029185505,50.20373910205605,0.4333535362953984,0.01958133246305189,3.452387058867418,2.6079141218704835,1.819717562711551,2.2349289745749488,3.598837366487254,0.11228348849894822,0.9850977386964195,0.4514032250152549
bear_body12_range15_vol15_cp25,two_close_above_disp_close,72,long_trend_aligned,338433,47.635130143928045,0.03767956728826991,2.250668028166373,2.58748820559423,-2.347380588884805,48.520091125865385,50.86797091300198,0.5998233032830723,0.012114657849559589,3.495744580250124,2.5834773795699593,1.6983602331100214,2.1216139736383957,3.2385130989210853,0.10541072501268768,0.9946124185657644,0.3359846473473731
bear_body12_range15_vol15_cp25,two_close_above_disp_close,288,above_ema_slope_down,24250,47.863917525773196,0.05353747507817787,4.435352709949165,4.985888917039021,-4.5717912239439,48.5979381443299,50.577319587628864,0.8247422680412372,0.0,3.245154639175258,2.5908453608247424,1.6550628547452702,2.111293607465892,3.2722241545367505,0.09981613479331157,1.625915222314905,0.3928993934597488
bear_body12_range15_vol15_cp25,two_close_above_disp_close,288,below_ema_slope_up,76604,48.60973317320244,0.054276842118392656,4.214440719293268,4.6348927089805665,-4.504577386666188,50.48691974309436,49.12928828781787,0.38248655422693334,0.0013054148608427757,3.591021239377048,2.477298835569944,1.933733791065604,2.347703361406937,3.5623288648924762,0.10966260695657644,0.7514090577445028,0.3900221311713719
bear_body12_range15_vol15_cp25,two_close_above_disp_close,288,long_counter_trend,428980,50.632663527437174,0.1139088283508042,4.439683819561266,4.6588714796868995,-4.9813598392068075,49.35404913982004,50.21049932397781,0.4333535362953984,0.0020979999067555597,3.4712393145457385,2.6079141218704835,1.819717562711551,2.2349289745749488,3.598837366487254,0.11228348849894822,0.9850977386964195,0.4514032250152549
bear_body12_range15_vol15_cp25,two_close_above_disp_close,288,long_trend_aligned,338433,46.901454645380326,0.059717883218200776,4.440533244636167,5.24767068937165,-4.6052109948917375,48.52511427668106,50.874175981656634,0.5998233032830723,0.0008864383792360673,3.506530153946163,2.5834773795699593,1.6983602331100214,2.1216139736383957,3.2385130989210853,0.10541072501268768,0.9946124185657644,0.3359846473473731
bear_body15_range18_novol_cp20,base_no_confirm,12,above_ema_slope_down,10337,46.628615652510405,0.0949985076738888,1.1025863960885736,1.2539162793617638,-1.0625726524815364,48.031343716745674,48.911676501886426,1.189900357937506,1.8670794234303956,2.5460370662460567,0.0,1.8687255990721205,2.2935453266893853,3.9872089937457478,0.07782177920392237,0.0,0.0
bear_body15_range18_novol_cp20,base_no_confirm,12,below_ema_slope_up,179667,54.56149432004764,0.05525571412707291,0.967829200224719,0.9874782257233513,-1.0731033413852304,50.303617247463364,46.17598112062872,2.6231862278548648,0.8972154040530537,2.1436241610738254,0.0,2.113464218044983,2.4665448722222707,3.1920987830931846,0.083640356566712,0.0,0.0
bear_body15_range18_novol_cp20,base_no_confirm,12,long_counter_trend,499087,53.928874124150695,0.06231764712799989,1.1137430333744316,1.095593933418038,-1.3047890473626482,48.839380709174954,47.82132173348535,2.6608587280373963,0.678438829302306,2.1380832396948968,0.0,2.0361416712011606,2.386094035351932,3.214467135977008,0.08458221013028454,0.0,0.0
bear_body15_range18_novol_cp20,base_no_confirm,12,long_trend_aligned,311200,50.690552699228796,0.034464755732551616,0.9487777357024043,1.0447016890368876,-1.0050713298566245,50.12532133676093,47.13946015424165,1.2744215938303343,1.4607969151670952,2.5225596274628734,0.0,1.9249329672756863,2.2884970813915344,2.9242722062897224,0.08088611994616611,0.0,0.0
bear_body15_range18_novol_cp20,base_no_confirm,36,above_ema_slope_down,10337,48.16677952984425,0.11188318214572085,1.752592461314816,1.9882379184315064,-1.6804098707849096,48.969720421785816,49.7242913804779,1.1995743445874043,0.10641385314888266,2.817741623087352,0.0,1.8687255990721205,2.2935453266893853,3.9872089937457478,0.07782177920392237,0.0,0.0
bear_body15_range18_novol_cp20,base_no_confirm,36,below_ema_slope_up,179667,53.26910339683971,0.09851474819960096,1.5262271941432475,1.6417612539575988,-1.6767850942051836,50.74944202329866,46.543327377871286,2.6281954949990816,0.0790351038309762,2.2684807129926194,0.0,2.113464218044983,2.4665448722222707,3.1920987830931846,0.083640356566712,0.0,0.0
bear_body15_range18_novol_cp20,base_no_confirm,36,long_counter_trend,499087,53.63714142023335,0.08369258697886672,1.7205129345097288,1.747340378827117,-2.0308322049663867,49.163171951984324,48.125076389487205,2.6636638501904475,0.04808780833802523,2.2318085505174934,0.0,2.0361416712011606,2.386094035351932,3.214467135977008,0.08458221013028454,0.0,0.0
bear_body15_range18_novol_cp20,base_no_confirm,36,long_trend_aligned,311200,49.996786632390744,0.07391435980886538,1.570648914698761,1.7954008422650816,-1.6329397927702816,50.812017994858614,47.835796915167094,1.2782776349614395,0.07390745501285347,2.7278033250795897,0.0,1.9249329672756863,2.2884970813915344,2.9242722062897224,0.08088611994616611,0.0,0.0
bear_body15_range18_novol_cp20,base_no_confirm,72,above_ema_slope_down,10337,48.30221534294283,0.13396386373493385,2.3967563214196788,2.6765266066770406,-2.3348249795075793,49.00841636838541,49.792009287027184,1.1995743445874043,0.0,2.8635967882364324,0.0,1.8687255990721205,2.2935453266893853,3.9872089937457478,0.07782177920392237,0.0,0.0
bear_body15_range18_novol_cp20,base_no_confirm,72,below_ema_slope_up,179667,52.220496807983665,0.15612278133721438,2.104513328509107,2.313023122735179,-2.259107708734857,50.78728981949941,46.56113810549517,2.6281954949990816,0.02337658000634507,2.2946416144746,0.0,2.113464218044983,2.4665448722222707,3.1920987830931846,0.083640356566712,0.0,0.0
bear_body15_range18_novol_cp20,base_no_confirm,72,long_counter_trend,499087,52.35660315736534,0.07858975523585864,2.3308679671064874,2.38296146769969,-2.697867201074461,49.183008172923756,48.14190712240551,2.663864216058523,0.011220488612205887,2.249281106784949,0.0,2.0361416712011606,2.386094035351932,3.214467135977008,0.08458221013028454,0.0,0.0
bear_body15_range18_novol_cp20,base_no_confirm,72,long_trend_aligned,311200,49.612146529562985,0.11005269162251018,2.1448398816603,2.524526669224147,-2.229850374342415,50.84254498714653,47.86503856041131,1.2782776349614395,0.014138817480719795,2.755399220969546,0.0,1.9249329672756863,2.2884970813915344,2.9242722062897224,0.08088611994616611,0.0,0.0
bear_body15_range18_novol_cp20,base_no_confirm,288,above_ema_slope_down,10337,48.263519396343234,0.11318406809037791,4.522155981444398,5.298992642794217,-4.65954467263961,49.00841636838541,49.792009287027184,1.1995743445874043,0.0,2.8635967882364324,0.0,1.8687255990721205,2.2935453266893853,3.9872089937457478,0.07782177920392237,0.0,0.0
bear_body15_range18_novol_cp20,base_no_confirm,288,below_ema_slope_up,179667,49.259463340513285,0.07868239675051139,4.143897185626944,4.620645170204905,-4.452375255595071,50.80064786521732,46.568930298830615,2.6281954949990816,0.002226340952985245,2.319153081046181,0.0,2.113464218044983,2.4665448722222707,3.1920987830931846,0.083640356566712,0.0,0.0
bear_body15_range18_novol_cp20,base_no_confirm,288,long_counter_trend,499087,50.888522441979056,0.1669996850314453,4.521996339990594,4.763051546087955,-5.044201191989257,49.18941988070216,48.14591443976701,2.663864216058523,0.0008014634723004205,2.2605819072178375,0.0,2.0361416712011606,2.386094035351932,3.214467135977008,0.08458221013028454,0.0,0.0
bear_body15_range18_novol_cp20,base_no_confirm,288,long_trend_aligned,311200,47.724935732647815,0.11533516937846597,4.277648608077238,5.100892124985864,-4.417713026754709,50.84897172236504,47.87210796915167,1.2782776349614395,0.0006426735218508998,2.7710589399674803,0.0,1.9249329672756863,2.2884970813915344,2.9242722062897224,0.08088611994616611,0.0,0.0
bear_body15_range18_novol_cp20,body_mid_reclaim,12,above_ema_slope_down,15460,45.48512289780078,0.013033420054433838,0.9832390574212053,1.031205165692427,-1.008362848492675,45.78266494178525,50.912031047865455,1.4359637774902976,1.869340232858991,2.7065453826379278,2.532923673997413,1.940143271949855,2.325200612748919,2.8515649119193816,0.07568937596912413,1.915427154559045,0.48330207598057445
bear_body15_range18_novol_cp20,body_mid_reclaim,12,below_ema_slope_up,29500,51.70508474576271,0.0039155948413269505,0.8459536598319336,0.8535164984839143,-0.9583354378092005,48.51525423728813,48.54915254237288,0.4271186440677966,2.5084745762711864,3.19346314325452,2.163728813559322,2.0380140558990743,2.3974214765155475,3.21088849731692,0.08582889780792305,1.33079399808694,0.35157114020710484
bear_body15_range18_novol_cp20,body_mid_reclaim,12,long_counter_trend,220969,51.76110676158194,0.013051164195864742,0.936416381641732,0.9290081250349116,-1.050493104223359,48.54843892129666,48.673795871819124,0.5403472885336857,2.237417918350538,3.052804073602592,2.510849938226629,1.987249431089083,2.340025294462325,3.143582830474458,0.08609751642760373,1.4338361370033739,0.4700343355186648
bear_body15_range18_novol_cp20,body_mid_reclaim,12,long_trend_aligned,172380,48.05429864253394,-0.0035946277899105987,0.9170517586142971,0.9871241119276121,-0.962987273300154,47.218934911242606,50.05105000580114,0.779672815871911,1.9503422670843484,3.0128507022920634,2.5089801601113817,1.916089035863711,2.2760939223064773,2.742862004373641,0.0808275939668489,1.4411390788246257,0.3570052044970109
bear_body15_range18_novol_cp20,body_mid_reclaim,36,above_ema_slope_down,15460,48.46054333764553,0.09845696901448975,1.612533801336676,1.775572868764803,-1.6161926418055395,46.67529107373868,51.76584734799482,1.442432082794308,0.1164294954721863,2.975391788628416,2.532923673997413,1.940143271949855,2.325200612748919,2.8515649119193816,0.07568937596912413,1.915427154559045,0.48330207598057445
bear_body15_range18_novol_cp20,body_mid_reclaim,36,below_ema_slope_up,29500,51.10847457627119,0.037869029958141905,1.406325740963523,1.4962784445234292,-1.5797786890508712,49.8,49.671186440677964,0.4271186440677966,0.1016949152542373,3.5346454021038345,2.163728813559322,2.0380140558990743,2.3974214765155475,3.21088849731692,0.08582889780792305,1.33079399808694,0.35157114020710484
bear_body15_range18_novol_cp20,body_mid_reclaim,36,long_counter_trend,220969,51.36738637546443,-0.03352664139163208,1.5716923111254044,1.5600267090612454,-1.8642589402853422,49.62370287234861,49.72869497531328,0.5430626015413927,0.10453955079671809,3.35656298417128,2.510849938226629,1.987249431089083,2.340025294462325,3.143582830474458,0.08609751642760373,1.4338361370033739,0.4700343355186648
bear_body15_range18_novol_cp20,body_mid_reclaim,36,long_trend_aligned,172380,48.11753103608307,0.02250708445275693,1.546503973998987,1.7345660662147655,-1.611002058122154,48.16974126928878,50.98735352129017,0.7819932706810535,0.06091193873999304,3.2786184878827456,2.5089801601113817,1.916089035863711,2.2760939223064773,2.742862004373641,0.0808275939668489,1.4411390788246257,0.3570052044970109
bear_body15_range18_novol_cp20,body_mid_reclaim,72,above_ema_slope_down,15460,50.53686934023286,0.22603207160108785,2.2745159587944204,2.469637038124757,-2.1945228980809204,46.69469598965071,51.84346701164295,1.442432082794308,0.019404915912031046,3.0188911172931356,2.532923673997413,1.940143271949855,2.325200612748919,2.8515649119193816,0.07568937596912413,1.915427154559045,0.48330207598057445
bear_body15_range18_novol_cp20,body_mid_reclaim,72,below_ema_slope_up,29500,50.24745762711864,0.11238386042067469,2.0240053152906023,2.1656713782698893,-2.1862993001472995,49.840677966101694,49.722033898305085,0.4271186440677966,0.010169491525423728,3.5778214733701734,2.163728813559322,2.0380140558990743,2.3974214765155475,3.21088849731692,0.08582889780792305,1.33079399808694,0.35157114020710484
bear_body15_range18_novol_cp20,body_mid_reclaim,72,long_counter_trend,220969,50.617507433169365,-0.034507704187392234,2.1854403351420992,2.190336273758456,-2.5578497586612503,49.66488511963217,49.77213998343659,0.5430626015413927,0.019912295389851065,3.3938531175738373,2.510849938226629,1.987249431089083,2.340025294462325,3.143582830474458,0.08609751642760373,1.4338361370033739,0.4700343355186648
bear_body15_range18_novol_cp20,body_mid_reclaim,72,long_trend_aligned,172380,48.1285531964265,0.061384948953930936,2.1215957549807705,2.441642648456289,-2.2158654066450305,48.18946513516649,51.019839888618165,0.7825733843833391,0.008121591831999071,3.301614007402852,2.5089801601113817,1.916089035863711,2.2760939223064773,2.742862004373641,0.0808275939668489,1.4411390788246257,0.3570052044970109
bear_body15_range18_novol_cp20,body_mid_reclaim,288,above_ema_slope_down,15460,48.693402328589904,0.08932869694083576,4.332911736896045,4.851807782932817,-4.4073861023509915,46.70116429495472,51.856403622250966,1.442432082794308,0.0,3.042884864165589,2.532923673997413,1.940143271949855,2.325200612748919,2.8515649119193816,0.07568937596912413,1.915427154559045,0.48330207598057445
bear_body15_range18_novol_cp20,body_mid_reclaim,288,below_ema_slope_up,29500,47.90847457627119,0.05701499023708763,4.078869695824107,4.475922987203968,-4.379956836263486,49.84406779661017,49.728813559322035,0.4271186440677966,0.0,3.592033898305085,2.163728813559322,2.0380140558990743,2.3974214765155475,3.21088849731692,0.08582889780792305,1.33079399808694,0.35157114020710484
bear_body15_range18_novol_cp20,body_mid_reclaim,288,long_counter_trend,220969,50.34235571505506,0.07237449058266332,4.399307335636984,4.552676177689718,-4.955532937167009,49.67257850648733,49.78209613113152,0.5435151537093439,0.0018102086718046423,3.41372615572602,2.510849938226629,1.987249431089083,2.340025294462325,3.143582830474458,0.08609751642760373,1.4338361370033739,0.4700343355186648
bear_body15_range18_novol_cp20,body_mid_reclaim,288,long_trend_aligned,172380,47.217194570135746,0.06584540567097436,4.224385637172578,4.954583035686122,-4.410282888059971,48.192945817380206,51.0227404571296,0.7825733843833391,0.0017403411068569437,3.308979736275721,2.5089801601113817,1.916089035863711,2.2760939223064773,2.742862004373641,0.0808275939668489,1.4411390788246257,0.3570052044970109
bear_body15_range18_novol_cp20,bull_close_above_disp_close,12,above_ema_slope_down,13937,44.77290665135969,0.03316584465812071,1.010779497264205,1.0809732160706678,-1.0356318669015097,45.160364497381075,51.27358829016288,1.3058764439979909,2.260170768458061,2.772500367053296,1.600631412786109,1.9192527021498706,2.3252140828749908,3.246546962778663,0.07572846933668492,1.2211790479200142,0.44850384888838585
bear_body15_range18_novol_cp20,bull_close_above_disp_close,12,below_ema_slope_up,90290,52.62155277439362,0.03189479325007997,0.8767983040383356,0.898854560844357,-0.9891007522569324,49.088492634843284,48.49484992800975,0.5482334699302248,1.868423967216746,2.895274426373825,1.5051389965666186,2.12103971876466,2.4744851599688156,3.2978660181050743,0.08495647986849143,0.585473261367347,0.4627486521751733
bear_body15_range18_novol_cp20,bull_close_above_disp_close,12,long_counter_trend,387424,52.13900016519369,0.029886170367665586,0.9858491485504034,0.9711181641915346,-1.119968683348552,48.28869662178904,49.485060295696705,0.648901461964153,1.5773416205500952,2.8146299758990647,1.6461009126951351,2.0355341430883516,2.3859363810334075,3.255892133991183,0.08530476643200681,0.676134449687779,0.539247261449245
bear_body15_range18_novol_cp20,bull_close_above_disp_close,12,long_trend_aligned,271905,48.50554421581067,0.0024887269386155643,0.9097691127052784,0.9804376309197511,-0.9699520393989723,47.7652121145253,49.540832275978744,0.6049907136683768,2.088964895827587,3.015201427364072,1.6139681138632977,1.9308992093983584,2.2906157917321748,2.860587815987131,0.08070358043792338,0.6870877714461825,0.4038584996271943
bear_body15_range18_novol_cp20,bull_close_above_disp_close,36,above_ema_slope_down,13937,48.26002726555213,0.1533014661401824,1.6848057694473275,1.881770280005521,-1.6270704688632167,46.1505345483246,52.39291095644687,1.3130515892946832,0.14350290593384518,3.0969318100165264,1.600631412786109,1.9192527021498706,2.3252140828749908,3.246546962778663,0.07572846933668492,1.2211790479200142,0.44850384888838585
bear_body15_range18_novol_cp20,bull_close_above_disp_close,36,below_ema_slope_up,90290,51.998006423745714,0.07574021102145953,1.4643013584318596,1.5805266311034385,-1.6096835557874776,50.03322627090486,49.32107653117732,0.551556097020711,0.09414110089710931,3.1532398425807884,1.5051389965666186,2.12103971876466,2.4744851599688156,3.2978660181050743,0.08495647986849143,0.585473261367347,0.4627486521751733
bear_body15_range18_novol_cp20,bull_close_above_disp_close,36,long_counter_trend,387424,52.02646196415297,0.018174188040916542,1.6082738935142333,1.6171525046262203,-1.8769876892521777,49.046006442553896,50.22043032956142,0.6517407285041712,0.08182249938052366,3.0308441851994408,1.6461009126951351,2.0355341430883516,2.3859363810334075,3.255892133991183,0.08530476643200681,0.676134449687779,0.539247261449245
bear_body15_range18_novol_cp20,bull_close_above_disp_close,36,long_trend_aligned,271905,48.80270682775234,0.037282755948822126,1.5445860851035649,1.7379216091800311,-1.6181246651144627,48.75636711351391,50.547801621889995,0.6086684687666649,0.08716279582942571,3.301765390108515,1.6139681138632977,1.9308992093983584,2.2906157917321748,2.860587815987131,0.08070358043792338,0.6870877714461825,0.4038584996271943
bear_body15_range18_novol_cp20,bull_close_above_disp_close,72,above_ema_slope_down,13937,50.30494367510943,0.2782883631993603,2.378814475693145,2.609082232192521,-2.2269070460494564,46.18641027480807,52.47183755471049,1.3130515892946832,0.028700581186769034,3.1513672575898943,1.600631412786109,1.9192527021498706,2.3252140828749908,3.246546962778663,0.07572846933668492,1.2211790479200142,0.44850384888838585
bear_body15_range18_novol_cp20,bull_close_above_disp_close,72,below_ema_slope_up,90290,51.11529516003988,0.14403522170894084,2.066009070930977,2.268282721610428,-2.21362276099316,50.0742053383542,49.35319525971869,0.551556097020711,0.02104330490641267,3.1857517918268323,1.5051389965666186,2.12103971876466,2.4744851599688156,3.2978660181050743,0.08495647986849143,0.585473261367347,0.4627486521751733
bear_body15_range18_novol_cp20,bull_close_above_disp_close,72,long_counter_trend,387424,51.06833856446684,0.0069733924815690435,2.2329873220069874,2.256991396057384,-2.5686859833528923,49.081626331874126,50.25140414636161,0.6517407285041712,0.015228793260097464,3.0615595110554645,1.6461009126951351,2.0355341430883516,2.3859363810334075,3.255892133991183,0.08530476643200681,0.676134449687779,0.539247261449245
bear_body15_range18_novol_cp20,bull_close_above_disp_close,72,long_trend_aligned,271905,48.55776833820636,0.07786917727152926,2.1341356092257056,2.4698691584966874,-2.225599502830898,48.791305786947646,50.58568249940236,0.6090362442764936,0.013975469373494418,3.3335859078152184,1.6139681138632977,1.9308992093983584,2.2906157917321748,2.860587815987131,0.08070358043792338,0.6870877714461825,0.4038584996271943
bear_body15_range18_novol_cp20,bull_close_above_disp_close,288,above_ema_slope_down,13937,49.235847025902274,0.17744013990669033,4.353251865204954,5.03557686497924,-4.415923424186506,46.19358542010475,52.49336299060056,1.3130515892946832,0.0,3.1859080146372962,1.600631412786109,1.9192527021498706,2.3252140828749908,3.246546962778663,0.07572846933668492,1.2211790479200142,0.44850384888838585
bear_body15_range18_novol_cp20,bull_close_above_disp_close,288,below_ema_slope_up,90290,48.75955255288515,0.05806767388327598,4.176870274787823,4.635289529725575,-4.439678023178408,50.086388304352646,49.360948056263155,0.551556097020711,0.0011075423634954037,3.2145887095881003,1.5051389965666186,2.12103971876466,2.4744851599688156,3.2978660181050743,0.08495647986849143,0.585473261367347,0.4627486521751733
bear_body15_range18_novol_cp20,bull_close_above_disp_close,288,long_counter_trend,387424,50.33916329396217,0.10293513224790506,4.4388657003613945,4.6421979951259855,-4.963153310148552,49.08936978607417,50.25734079458165,0.6519988436441728,0.0012905757000082597,3.0768186382185694,1.6461009126951351,2.0355341430883516,2.3859363810334075,3.255892133991183,0.08530476643200681,0.676134449687779,0.539247261449245
bear_body15_range18_novol_cp20,bull_close_above_disp_close,288,long_trend_aligned,271905,47.427594196502454,0.07731882644977857,4.264506929241175,5.032314837545231,-4.442232632051053,48.79645464408525,50.59267023408911,0.6090362442764936,0.0018388775491440027,3.3469326958440604,1.6139681138632977,1.9308992093983584,2.2906157917321748,2.860587815987131,0.08070358043792338,0.6870877714461825,0.4038584996271943
bear_body15_range18_novol_cp20,close_above_disp_close,12,above_ema_slope_down,13839,44.764795144157816,0.03285841500148244,1.0123069295355265,1.0799179161285166,-1.0375065156535415,45.22725630464629,51.33318881422068,1.2717681913433052,2.1677866897897244,2.7728044907304823,1.5634077606763495,1.9183265392699909,2.3250442260166677,3.2556038274056625,0.07589828821942439,1.1960675729275378,0.44594832875218804
bear_body15_range18_novol_cp20,close_above_disp_close,12,below_ema_slope_up,92206,52.61696635793767,0.03266337484887257,0.8717138277891431,0.8942989572792898,-0.9831427371417983,49.07706656833612,48.48816779819101,0.5476867015161704,1.8870789319567056,2.885691862136051,1.4732989176409343,2.123586480050734,2.4760258356604417,3.2918004226097937,0.08450741468348665,0.5704901541039599,0.4556385193290842
bear_body15_range18_novol_cp20,close_above_disp_close,12,long_counter_trend,390583,52.158696103005,0.030084569290517806,0.9845557133159042,0.9701453737887454,-1.1189631561175442,48.28832796102237,49.47347938850385,0.6564545819966563,1.5817380684771227,2.8068677566628946,1.6120133236725613,2.036570837264035,2.3865478519005006,3.2535481014760967,0.08512537928863809,0.6612394275113609,0.5332488839928536
bear_body15_range18_novol_cp20,close_above_disp_close,12,long_trend_aligned,273460,48.5390916404593,0.0032487117990199323,0.9079682736516397,0.979121584895284,-0.9678429563271401,47.826738828347835,49.46573539091641,0.6070357639142836,2.100490016821473,3.013880380701938,1.5760476852190448,1.9315794270572093,2.2909512032591226,2.8592254395750505,0.08056014685630233,0.6702466446798068,0.3996410133191588
bear_body15_range18_novol_cp20,close_above_disp_close,36,above_ema_slope_down,13839,48.226027892188746,0.1525698643206011,1.6863003763598796,1.8816201181777683,-1.6314316937527154,46.1883084037864,52.388178336585014,1.2789941469759376,0.1445191126526483,3.083580577465808,1.5634077606763495,1.9183265392699909,2.3250442260166677,3.2556038274056625,0.07589828821942439,1.1960675729275378,0.44594832875218804
bear_body15_range18_novol_cp20,close_above_disp_close,36,below_ema_slope_up,92206,52.01071513784352,0.07546519572079932,1.4563943740254222,1.5722431091144842,-1.600620335773741,50.02711320304536,49.31674728325706,0.5520248140034271,0.10411469969416308,3.1462707632178915,1.4732989176409343,2.123586480050734,2.4760258356604417,3.2918004226097937,0.08450741468348665,0.5704901541039599,0.4556385193290842
bear_body15_range18_novol_cp20,close_above_disp_close,36,long_counter_trend,390583,52.035802889526686,0.018953691124519476,1.6058027058081774,1.6154282177492063,-1.8737223213317118,49.04719355425095,50.20674222892445,0.6592708848055343,0.08679333201905869,3.023395619151095,1.6120133236725613,2.036570837264035,2.3865478519005006,3.2535481014760967,0.08512537928863809,0.6612394275113609,0.5332488839928536
bear_body15_range18_novol_cp20,close_above_disp_close,36,long_trend_aligned,273460,48.843340890806694,0.038812109458402765,1.5417486936248435,1.7358141094906834,-1.6145748164897995,48.82432531265999,50.47100124332626,0.6110582900607036,0.09361515395304615,3.301737895492013,1.5760476852190448,1.9315794270572093,2.2909512032591226,2.8592254395750505,0.08056014685630233,0.6702466446798068,0.3996410133191588
bear_body15_range18_novol_cp20,close_above_disp_close,72,above_ema_slope_down,13839,50.31432907001951,0.27849755692595046,2.381756681339995,2.610439306282909,-2.231161619594446,46.21721222631693,52.474889804176605,1.2789941469759376,0.028903822530529664,3.1380556559450667,1.5634077606763495,1.9183265392699909,2.3250442260166677,3.2556038274056625,0.07589828821942439,1.1960675729275378,0.44594832875218804
bear_body15_range18_novol_cp20,close_above_disp_close,72,below_ema_slope_up,92206,51.115979437346816,0.1429936304155072,2.055014124829685,2.2567628477871926,-2.2024579195345018,50.07374791228336,49.350367655033295,0.5520248140034271,0.023859618679912372,3.1824177731493535,1.4732989176409343,2.123586480050734,2.4760258356604417,3.2918004226097937,0.08450741468348665,0.5704901541039599,0.4556385193290842
bear_body15_range18_novol_cp20,close_above_disp_close,72,long_counter_trend,390583,51.07083513619385,0.0072674674760716965,2.229371075294874,2.254049341641507,-2.5645389581217133,49.08559768346293,50.23772155982211,0.6592708848055343,0.0174098719094277,3.0551553717526856,1.6120133236725613,2.036570837264035,2.3865478519005006,3.2535481014760967,0.08512537928863809,0.6612394275113609,0.5332488839928536
bear_body15_range18_novol_cp20,close_above_disp_close,72,long_trend_aligned,273460,48.58333942806992,0.07861883734867435,2.1304767272935115,2.466247393914418,-2.2210283581858223,48.86235646895341,50.51012945220508,0.6114239742558327,0.016090104585679808,3.33528030546859,1.5760476852190448,1.9315794270572093,2.2909512032591226,2.8592254395750505,0.08056014685630233,0.6702466446798068,0.3996410133191588
bear_body15_range18_novol_cp20,close_above_disp_close,288,above_ema_slope_down,13839,49.28824337018571,0.17892759669126615,4.361853045462844,5.04425596686653,-4.423100097151788,46.22443818194956,52.4965676710745,1.2789941469759376,0.0,3.1728448587325673,1.5634077606763495,1.9183265392699909,2.3250442260166677,3.2556038274056625,0.07589828821942439,1.1960675729275378,0.44594832875218804
bear_body15_range18_novol_cp20,close_above_disp_close,288,below_ema_slope_up,92206,48.76580699737544,0.056690986051388906,4.160513547608781,4.613947267218062,-4.42235844898762,50.08784677786695,49.35904388000781,0.5520248140034271,0.0010845281218141987,3.213057860202809,1.4732989176409343,2.123586480050734,2.4760258356604417,3.2918004226097937,0.08450741468348665,0.5704901541039599,0.4556385193290842
bear_body15_range18_novol_cp20,close_above_disp_close,288,long_counter_trend,390583,50.33501202049244,0.10249603307971199,4.432662830115928,4.635346374002024,-4.956382269256197,49.09430261941764,50.24463430308027,0.659526912333614,0.0015361651684789148,3.073027853662658,1.6120133236725613,2.036570837264035,2.3865478519005006,3.2535481014760967,0.08512537928863809,0.6612394275113609,0.5332488839928536
bear_body15_range18_novol_cp20,close_above_disp_close,288,long_trend_aligned,273460,47.458129159657716,0.07888695486596514,4.258870545252257,5.025803991282698,-4.435273054827494,48.86893878446574,50.51744313610765,0.6114239742558327,0.002194105170774519,3.3508816839395292,1.5760476852190448,1.9315794270572093,2.2909512032591226,2.8592254395750505,0.08056014685630233,0.6702466446798068,0.3996410133191588
bear_body15_range18_novol_cp20,low_sweep_reclaim,12,above_ema_slope_down,8814,44.712956659859316,0.042408281436490856,1.083693980992,1.148896434850021,-1.1081139428033582,44.23644202405264,52.24642614023145,1.191286589516678,2.3258452461992283,2.746079684051574,1.7965736328568187,1.932504231858917,2.3273049996347797,3.400048095310795,0.06406419901317792,1.0393848809150386,0.6918167543603608
bear_body15_range18_novol_cp20,low_sweep_reclaim,12,below_ema_slope_up,79546,52.77198099213034,0.04249787577470556,0.8927781542385403,0.916530443812718,-1.0056008464933541,49.4116611771805,48.36195408945767,0.573253211977975,1.6531315213838536,2.8263731768736178,1.7792849420461117,2.095954587138804,2.4459128064005116,3.2063355850797266,0.08446329921820254,0.30659695161054523,0.6979385778951562
bear_body15_range18_novol_cp20,low_sweep_reclaim,12,long_counter_trend,314456,52.39015951357264,0.039605597994227346,1.0130330011381754,0.9980465250580534,-1.1445558629188657,48.219464726384615,49.685488589818604,0.7101152466481797,1.3849314371485995,2.7394365061705703,1.9254522095301092,2.0159215384808227,2.354735023660566,3.154802889276878,0.0819398596347646,0.405598249547587,0.7897940076728447
bear_body15_range18_novol_cp20,low_sweep_reclaim,12,long_trend_aligned,202329,48.77007250567146,0.004250076781817026,0.9346700044318085,1.004088031013425,-0.9969937021548256,47.855225894459025,49.4822788626445,0.6108862298533577,2.051609013043113,2.987753433781752,1.9321253997202577,1.9206676601267896,2.2699812226349616,2.855350549568917,0.07537253873044157,0.41614325085249376,0.6288373596635778
bear_body15_range18_novol_cp20,low_sweep_reclaim,36,above_ema_slope_down,8814,48.37758112094395,0.11823257283812975,1.7354795949807922,1.9566747577870534,-1.7151379795641772,45.393691853868845,53.25618334467892,1.2026321760835035,0.14749262536873156,3.0894216566299284,1.7965736328568187,1.932504231858917,2.3273049996347797,3.400048095310795,0.06406419901317792,1.0393848809150386,0.6918167543603608
bear_body15_range18_novol_cp20,low_sweep_reclaim,36,below_ema_slope_up,79546,52.181127900837254,0.08766444732522351,1.4812640229146854,1.6064861127497736,-1.6373242806771822,50.31176929072486,49.05714932240465,0.573253211977975,0.05782817489251502,3.0574088050314465,1.7792849420461117,2.095954587138804,2.4459128064005116,3.2063355850797266,0.08446329921820254,0.30659695161054523,0.6979385778951562
bear_body15_range18_novol_cp20,low_sweep_reclaim,36,long_counter_trend,314456,52.30843106825757,0.059467011431636484,1.6238929821453207,1.6574293427204545,-1.8577177293445435,48.89714300251863,50.331047904953316,0.7126593227669372,0.05914976976111125,2.929818309097273,1.9254522095301092,2.0159215384808227,2.354735023660566,3.154802889276878,0.0819398596347646,0.405598249547587,0.7897940076728447
bear_body15_range18_novol_cp20,low_sweep_reclaim,36,long_trend_aligned,202329,48.97765520513619,0.029006948667979374,1.578929577126917,1.7676427484107404,-1.6619291406237842,48.84865738475453,50.460388772741425,0.6143459415111032,0.07660790099293724,3.2700495612690057,1.9321253997202577,1.9206676601267896,2.2699812226349616,2.855350549568917,0.07537253873044157,0.41614325085249376,0.6288373596635778
bear_body15_range18_novol_cp20,low_sweep_reclaim,72,above_ema_slope_down,8814,51.13455865668255,0.27949182953827584,2.4590985455180805,2.6775407475684214,-2.309826841788327,45.43907420013615,53.32425686407988,1.2026321760835035,0.03403675970047651,3.1414141414141414,1.7965736328568187,1.932504231858917,2.3273049996347797,3.400048095310795,0.06406419901317792,1.0393848809150386,0.6918167543603608
bear_body15_range18_novol_cp20,low_sweep_reclaim,72,below_ema_slope_up,79546,51.12639227616725,0.15421663163065846,2.07811616480101,2.3014426598339655,-2.2464605810946257,50.336911975460744,49.07726347019335,0.573253211977975,0.012571342367938049,3.077499497083082,1.7792849420461117,2.095954587138804,2.4459128064005116,3.2063355850797266,0.08446329921820254,0.30659695161054523,0.6979385778951562
bear_body15_range18_novol_cp20,low_sweep_reclaim,72,long_counter_trend,314456,51.41864044572214,0.05725890607273443,2.256349891166741,2.3135657530818095,-2.550167068456618,48.922265754191365,50.35426259953698,0.7126593227669372,0.010812323504719262,2.952038979460725,1.9254522095301092,2.0159215384808227,2.354735023660566,3.154802889276878,0.0819398596347646,0.405598249547587,0.7897940076728447
bear_body15_range18_novol_cp20,low_sweep_reclaim,72,long_trend_aligned,202329,48.60202936800953,0.0723391218382332,2.1747016861661645,2.5133637212186546,-2.2806037288023933,48.8748523444489,50.495974378363954,0.6148401860336383,0.014333091153517292,3.2966979733069697,1.9321253997202577,1.9206676601267896,2.2699812226349616,2.855350549568917,0.07537253873044157,0.41614325085249376,0.6288373596635778
bear_body15_range18_novol_cp20,low_sweep_reclaim,288,above_ema_slope_down,8814,49.77308826866349,0.16070161082080492,4.44471221382444,5.149502243592936,-4.532839099563762,45.43907420013615,53.35829362378035,1.2026321760835035,0.0,3.186861810755616,1.7965736328568187,1.932504231858917,2.3273049996347797,3.400048095310795,0.06406419901317792,1.0393848809150386,0.6918167543603608
bear_body15_range18_novol_cp20,low_sweep_reclaim,288,below_ema_slope_up,79546,49.03074950343198,0.07258231317984339,4.206529782560375,4.668310175923149,-4.479855936629452,50.345711915118294,49.079777738666934,0.573253211977975,0.0012571342367938049,3.093707964045509,1.7792849420461117,2.095954587138804,2.4459128064005116,3.2063355850797266,0.08446329921820254,0.30659695161054523,0.6979385778951562
bear_body15_range18_novol_cp20,low_sweep_reclaim,288,long_counter_trend,314456,50.55588063194851,0.13621576769245,4.4761687576226095,4.709599803811332,-4.957089423104021,48.92671788739919,50.35935075177449,0.7129773322817818,0.0009540285445340525,2.9634730786476835,1.9254522095301092,2.0159215384808227,2.354735023660566,3.154802889276878,0.0819398596347646,0.405598249547587,0.7897940076728447
bear_body15_range18_novol_cp20,low_sweep_reclaim,288,long_trend_aligned,202329,47.51518566295489,0.058979399695209274,4.3344676352356695,5.108673184057955,-4.535185013441201,48.88127752324185,50.501411068111835,0.6148401860336383,0.0024712226126753947,3.3116091022320635,1.9321253997202577,1.9206676601267896,2.2699812226349616,2.855350549568917,0.07537253873044157,0.41614325085249376,0.6288373596635778
bear_body15_range18_novol_cp20,no_lower_low_bull_reversal,12,above_ema_slope_down,5334,45.125609298837645,0.027947943399188543,0.9006919704110279,0.9921358371758365,-0.9300307906638471,46.51293588301462,49.775028121484816,1.3310836145481815,2.380952380952381,2.8834261570962165,1.1051743532058493,1.8921962469107283,2.325259799195957,3.2128334426085665,0.0957930196522807,1.2449027670904627,0.0
bear_body15_range18_novol_cp20,no_lower_low_bull_reversal,12,below_ema_slope_up,32092,53.262495325937934,0.03468823151930282,0.8714359605138575,0.8915180969988726,-0.9752095645000187,49.00909884083261,48.13349121276331,0.5079147451078151,2.349495201296273,2.921820154445083,1.0678673812788233,2.1485898661240346,2.557598719332295,3.541048287876999,0.10581839474171668,0.7169333972338928,0.0
bear_body15_range18_novol_cp20,no_lower_low_bull_reversal,12,long_counter_trend,132521,52.36377630715132,0.006857292438904762,0.9559500617096355,0.935327979697065,-1.110699490519987,48.490427932176786,49.099388021521115,0.6451807638034727,1.7650032824986228,2.848174094728918,1.0739354517397244,2.0667756480078134,2.4734461161842964,3.567920127859326,0.10607477805406794,0.8289171424254088,0.0
bear_body15_range18_novol_cp20,no_lower_low_bull_reversal,12,long_trend_aligned,104705,48.859175779571174,0.016730113877468505,0.8715026347391589,0.953767756233223,-0.9214843963331906,48.203046654887544,48.82765866004489,0.5673081514731866,2.401986533594384,3.073206771699775,1.0836922783057161,1.9371229446719203,2.3367687414284313,2.976081978153796,0.09972010441583168,0.8249680308520965,0.0
bear_body15_range18_novol_cp20,no_lower_low_bull_reversal,36,above_ema_slope_down,5334,47.56280464941882,0.18630001963289178,1.618260274244893,1.778997941513844,-1.519841787375942,47.4878140232471,51.03112110986127,1.3310836145481815,0.14998125234345708,3.2191137814494932,1.1051743532058493,1.8921962469107283,2.325259799195957,3.2128334426085665,0.0957930196522807,1.2449027670904627,0.0
bear_body15_range18_novol_cp20,no_lower_low_bull_reversal,36,below_ema_slope_up,32092,51.8571606630936,0.05599512295773505,1.4674926254112608,1.5697816926452726,-1.5871073468440886,50.13398977938427,49.161784868503055,0.5141468278698741,0.19007852424280194,3.2411413942742966,1.0678673812788233,2.1485898661240346,2.557598719332295,3.541048287876999,0.10581839474171668,0.7169333972338928,0.0
bear_body15_range18_novol_cp20,no_lower_low_bull_reversal,36,long_counter_trend,132521,51.962330498562494,-0.03134555868264375,1.6070183449764315,1.5781886330467123,-1.937351072992771,49.336331600274676,49.89850665177594,0.6489537507263,0.11620799722308162,3.090128204159647,1.0739354517397244,2.0667756480078134,2.4734461161842964,3.567920127859326,0.10607477805406794,0.8289171424254088,0.0
bear_body15_range18_novol_cp20,no_lower_low_bull_reversal,36,long_trend_aligned,104705,49.11417792846569,0.07930970045110244,1.499897681377645,1.7184471104666317,-1.5423887877848355,49.335752829377775,49.966095219903536,0.5701733441573945,0.12797860656129123,3.399594533857379,1.0836922783057161,1.9371229446719203,2.3367687414284313,2.976081978153796,0.09972010441583168,0.8249680308520965,0.0
bear_body15_range18_novol_cp20,no_lower_low_bull_reversal,72,above_ema_slope_down,5334,48.368953880764906,0.2184192976463268,2.3113524550499656,2.511843883449332,-2.173395766442629,47.52530933633296,51.143607049118856,1.3310836145481815,0.0,3.288151481064867,1.1051743532058493,1.8921962469107283,2.325259799195957,3.2128334426085665,0.0957930196522807,1.2449027670904627,0.0
bear_body15_range18_novol_cp20,no_lower_low_bull_reversal,72,below_ema_slope_up,32092,51.84781253895052,0.12236724905376263,2.0629506601391987,2.242585240852805,-2.1855017492608804,50.224354979434125,49.21164153059953,0.5141468278698741,0.049856662096472645,3.303591470258137,1.0678673812788233,2.1485898661240346,2.557598719332295,3.541048287876999,0.10581839474171668,0.7169333972338928,0.0
bear_body15_range18_novol_cp20,no_lower_low_bull_reversal,72,long_counter_trend,132521,51.051531455391974,-0.033098197012133505,2.2146044951102835,2.2078242068795166,-2.6193414988740225,49.38613502765599,49.93699111838878,0.6489537507263,0.02792010322892221,3.1314120950454396,1.0739354517397244,2.0667756480078134,2.4734461161842964,3.567920127859326,0.10607477805406794,0.8289171424254088,0.0
bear_body15_range18_novol_cp20,no_lower_low_bull_reversal,72,long_trend_aligned,104705,48.59653311685211,0.08972308400535631,2.0852600922041513,2.437095447564607,-2.145244137890385,49.38541616923738,50.023399073587704,0.5701733441573945,0.02101141301752543,3.4482389690780737,1.0836922783057161,1.9371229446719203,2.3367687414284313,2.976081978153796,0.09972010441583168,0.8249680308520965,0.0
bear_body15_range18_novol_cp20,no_lower_low_bull_reversal,288,above_ema_slope_down,5334,47.33783277090364,0.16904555136200242,4.301768997595557,4.919302263747097,-4.367324751842745,47.52530933633296,51.143607049118856,1.3310836145481815,0.0,3.288151481064867,1.1051743532058493,1.8921962469107283,2.325259799195957,3.2128334426085665,0.0957930196522807,1.2449027670904627,0.0
bear_body15_range18_novol_cp20,no_lower_low_bull_reversal,288,below_ema_slope_up,32092,48.74111928206407,0.033674820908411306,4.196006810376851,4.666962085286118,-4.446538593052914,50.24928331048236,49.23656986164776,0.5141468278698741,0.0,3.376168515517886,1.0678673812788233,2.1485898661240346,2.557598719332295,3.541048287876999,0.10581839474171668,0.7169333972338928,0.0
bear_body15_range18_novol_cp20,no_lower_low_bull_reversal,288,long_counter_trend,132521,50.16487952852755,0.10046129478689408,4.436655066494591,4.619831249268112,-4.995436468160102,49.40198157273187,49.947555481772696,0.6489537507263,0.0015091947691309301,3.160935413035112,1.0739354517397244,2.0667756480078134,2.4734461161842964,3.567920127859326,0.10607477805406794,0.8289171424254088,0.0
bear_body15_range18_novol_cp20,no_lower_low_bull_reversal,288,long_trend_aligned,104705,47.247982426818204,0.11304209405372351,4.176226817306654,4.9693566437111025,-4.323295994937097,49.39401174729001,50.03485984432453,0.5701733441573945,0.0009550642280693375,3.472341075794621,1.0836922783057161,1.9371229446719203,2.3367687414284313,2.976081978153796,0.09972010441583168,0.8249680308520965,0.0
bear_body15_range18_novol_cp20,range_mid_reclaim,12,above_ema_slope_down,15333,45.38576925585339,0.0007963229312340276,0.9770757635823907,1.0199427014330604,-1.0091038686402867,45.54881627861475,51.15111198069523,1.428291919389552,1.8717798213004633,2.6977269706234215,2.536424704884889,1.9366418793999023,2.3146900483918253,2.792654190042091,0.07560882743263074,1.9210288732337095,0.47949338209280895
bear_body15_range18_novol_cp20,range_mid_reclaim,12,below_ema_slope_up,31408,51.84029546612328,0.012106944271780492,0.8535923816730968,0.8649681106803611,-0.9598544161431811,48.80922058074376,48.29979623025981,0.445746306673459,2.445236882322975,3.189164490861619,2.122166327050433,2.0521763545209453,2.406006181321622,3.250391997405492,0.09405667800237891,1.2890081207551094,0.34104634450097954
bear_body15_range18_novol_cp20,range_mid_reclaim,12,long_counter_trend,226918,51.7830229422082,0.012684014643105366,0.9398239597050193,0.9302048784650839,-1.0597286690338803,48.46376224010435,48.80265117795856,0.541164649785385,2.1924219321517024,3.049215339073546,2.4713773257299994,1.997914361415211,2.347656129896387,3.177975748687326,0.09021420067933127,1.3990916433682692,0.46571064778708293
bear_body15_range18_novol_cp20,range_mid_reclaim,12,long_trend_aligned,173519,48.178009324627276,-0.0017174652942318716,0.9158714875295746,0.9864945609909611,-0.9613786840180344,47.352163163688125,49.906350313222184,0.7710971132844242,1.9703894098052663,3.023915343915344,2.4868976884375775,1.9189706028921831,2.2690007093121998,2.710379586130406,0.08441594914071097,1.4233791685849755,0.35191230925151357
bear_body15_range18_novol_cp20,range_mid_reclaim,36,above_ema_slope_down,15333,48.30105002282658,0.09426430334543379,1.6077375207338525,1.761606896834603,-1.6159689146869234,46.44231396334703,52.01200026087523,1.4348138003000066,0.11087197547772777,2.965395664664403,2.536424704884889,1.9366418793999023,2.3146900483918253,2.792654190042091,0.07560882743263074,1.9210288732337095,0.47949338209280895
bear_body15_range18_novol_cp20,range_mid_reclaim,36,below_ema_slope_up,31408,51.22261844116148,0.03982068837995971,1.4220027868922926,1.514555033405878,-1.5907638448341206,50.08278145695364,49.36003565970453,0.445746306673459,0.11143657666836475,3.51455072833328,2.122166327050433,2.0521763545209453,2.406006181321622,3.250391997405492,0.09405667800237891,1.2890081207551094,0.34104634450097954
bear_body15_range18_novol_cp20,range_mid_reclaim,36,long_counter_trend,226918,51.37979358182251,-0.03280229374789951,1.5754748134110095,1.5602419628313664,-1.869570682949491,49.52802333882724,49.82504693325342,0.5433680889131757,0.1035616390061608,3.346170643585977,2.4713773257299994,1.997914361415211,2.347656129896387,3.177975748687326,0.09021420067933127,1.3990916433682692,0.46571064778708293
bear_body15_range18_novol_cp20,range_mid_reclaim,36,long_trend_aligned,173519,48.22065595122148,0.02471096725245095,1.547958183358339,1.7357629188237538,-1.6131894190693825,48.310559650528184,50.858407436649586,0.7728260305787839,0.05820688224344308,3.2931068285875744,2.4868976884375775,1.9189706028921831,2.2690007093121998,2.710379586130406,0.08441594914071097,1.4233791685849755,0.35191230925151357
bear_body15_range18_novol_cp20,range_mid_reclaim,72,above_ema_slope_down,15333,50.45327072327659,0.19996005970199227,2.255091542136687,2.4415046460062686,-2.1971733058164746,46.46187960607839,52.08374095089023,1.4348138003000066,0.019565642731363724,3.005740378343118,2.536424704884889,1.9366418793999023,2.3146900483918253,2.792654190042091,0.07560882743263074,1.9210288732337095,0.47949338209280895
bear_body15_range18_novol_cp20,range_mid_reclaim,72,below_ema_slope_up,31408,50.31839021905247,0.10961765135431895,2.0403765693577873,2.1842755224870816,-2.2043320323053286,50.12735608762099,49.414161996943456,0.445746306673459,0.012735608762098827,3.560087886893389,2.122166327050433,2.0521763545209453,2.406006181321622,3.250391997405492,0.09405667800237891,1.2890081207551094,0.34104634450097954
bear_body15_range18_novol_cp20,range_mid_reclaim,72,long_counter_trend,226918,50.60594576014243,-0.04002828381626957,2.1934431722103214,2.191474583941112,-2.567527233997355,49.57032937008082,49.86559021320477,0.5433680889131757,0.020712327801232163,3.3826976563774127,2.4713773257299994,1.997914361415211,2.347656129896387,3.177975748687326,0.09021420067933127,1.3990916433682692,0.46571064778708293
bear_body15_range18_novol_cp20,range_mid_reclaim,72,long_trend_aligned,173519,48.14861773062316,0.06600884724923459,2.124328143011605,2.4474818386519095,-2.2189094747478126,48.32842512923657,50.88952794794807,0.7734023363435705,0.008644586471798478,3.315024437476946,2.4868976884375775,1.9189706028921831,2.2690007093121998,2.710379586130406,0.08441594914071097,1.4233791685849755,0.35191230925151357
bear_body15_range18_novol_cp20,range_mid_reclaim,288,above_ema_slope_down,15333,48.48366268831931,0.05735144972461841,4.300695411461023,4.795911935365869,-4.40828226329543,46.468401486988846,52.09678471271114,1.4348138003000066,0.0,3.0299354333789865,2.536424704884889,1.9366418793999023,2.3146900483918253,2.792654190042091,0.07560882743263074,1.9210288732337095,0.47949338209280895
bear_body15_range18_novol_cp20,range_mid_reclaim,288,below_ema_slope_up,31408,48.16607233825777,0.07381492495343214,4.110852280853844,4.523044285653695,-4.400777187027261,50.13053998981152,49.42371370351503,0.445746306673459,0.0,3.579884105960265,2.122166327050433,2.0521763545209453,2.406006181321622,3.250391997405492,0.09405667800237891,1.2890081207551094,0.34104634450097954
bear_body15_range18_novol_cp20,range_mid_reclaim,288,long_counter_trend,226918,50.3252276152619,0.06388576090924496,4.408696470940769,4.552641912043022,-4.9717082123815315,49.579583814417546,49.87484465754149,0.5438087767387338,0.0017627513022325247,3.403782930978256,2.4713773257299994,1.997914361415211,2.347656129896387,3.177975748687326,0.09021420067933127,1.3990916433682692,0.46571064778708293
bear_body15_range18_novol_cp20,range_mid_reclaim,288,long_trend_aligned,173519,47.255920100968765,0.07858433485920005,4.231502064100342,4.974063007251197,-4.408139594426137,48.332459269590075,50.892409476771995,0.7734023363435705,0.0017289172943596954,3.323434150164826,2.4868976884375775,1.9189706028921831,2.2690007093121998,2.710379586130406,0.08441594914071097,1.4233791685849755,0.35191230925151357
bear_body15_range18_novol_cp20,two_close_above_disp_close,12,above_ema_slope_down,15084,47.401219835587376,0.051169385919947546,0.9641979709384462,1.0437025854027029,-0.9596748485544458,46.95041103155661,49.76133651551313,0.8949880668257757,2.3932643861044816,2.8168851456904163,2.6048793423495096,1.9243679335745596,2.3132017721857077,2.940714526609006,0.07726146416750433,1.809477137753717,0.46262003513731514
bear_body15_range18_novol_cp20,two_close_above_disp_close,12,below_ema_slope_up,58038,52.865364071815016,0.034826721382228316,0.8494643507900781,0.8817251015827099,-0.9506100448615619,49.570970743306106,47.630862538336956,0.41352217512664113,2.3846445432302974,3.1088184417693365,2.468382783693442,2.1510566867072427,2.5071191472982006,3.404890757713112,0.08432431737383468,0.7708614043163436,0.43474507635624554
bear_body15_range18_novol_cp20,two_close_above_disp_close,12,long_counter_trend,310600,51.6249195106246,0.012098489490875398,0.9428489779339547,0.9313394354696252,-1.0657029173004413,48.04539600772698,49.29233741146169,0.478750804893754,2.183515775917579,3.031351006194498,2.61473599484868,2.04982043352247,2.4020656096414705,3.3309390549168523,0.08547778086373953,1.0073886600920143,0.5026468852309808
bear_body15_range18_novol_cp20,two_close_above_disp_close,12,long_trend_aligned,231166,48.476419542666314,0.0032164779850297224,0.9056866686837386,0.9761631901597878,-0.9537413445068713,47.55457117396157,49.634461815318865,0.591349939004871,2.2196170717146986,3.0864556374012873,2.576836559009543,1.9397149900478365,2.298339937695867,2.855053770399811,0.08055687179672764,1.0343874146593828,0.3784804738490752
bear_body15_range18_novol_cp20,two_close_above_disp_close,36,above_ema_slope_down,15084,49.54256165473349,0.11812540498919026,1.6342114848613074,1.7945252073102234,-1.567481050715239,48.031026252983295,50.90161760806152,0.8949880668257757,0.17236807212940866,3.151480940363926,2.6048793423495096,1.9243679335745596,2.3132017721857077,2.940714526609006,0.07726146416750433,1.809477137753717,0.46262003513731514
bear_body15_range18_novol_cp20,two_close_above_disp_close,36,below_ema_slope_up,58038,51.883248905889246,0.07243094854056333,1.437050281705931,1.5576424928908,-1.5696777262695918,50.78224611461456,48.67500603053172,0.4186912023157242,0.12405665253799233,3.435289652554946,2.468382783693442,2.1510566867072427,2.5071191472982006,3.404890757713112,0.08432431737383468,0.7708614043163436,0.43474507635624554
bear_body15_range18_novol_cp20,two_close_above_disp_close,36,long_counter_trend,310600,51.34095299420477,-0.00310995791710419,1.5754711033121935,1.5747511628911806,-1.83448573942465,49.10560206052801,50.29137153895685,0.48454603992273015,0.11848036059240181,3.3275194048325125,2.61473599484868,2.04982043352247,2.4020656096414705,3.3309390549168523,0.08547778086373953,1.0073886600920143,0.5026468852309808
bear_body15_range18_novol_cp20,two_close_above_disp_close,36,long_trend_aligned,231166,48.519678499433304,0.031480889558659936,1.551541360060537,1.7342843594757171,-1.6113418549005412,48.612252666914685,50.70598617443741,0.5969736033845808,0.08478755526331727,3.3895181192362647,2.576836559009543,1.9397149900478365,2.298339937695867,2.855053770399811,0.08055687179672764,1.0343874146593828,0.3784804738490752
bear_body15_range18_novol_cp20,two_close_above_disp_close,72,above_ema_slope_down,15084,50.05303632988597,0.2117405079007843,2.2779282805566083,2.4797065750021283,-2.165223635960642,48.05754441792628,51.027578891540706,0.8949880668257757,0.01988862370723946,3.2201445527484913,2.6048793423495096,1.9243679335745596,2.3132017721857077,2.940714526609006,0.07726146416750433,1.809477137753717,0.46262003513731514
bear_body15_range18_novol_cp20,two_close_above_disp_close,72,below_ema_slope_up,58038,50.75640097866915,0.14858485371412325,2.041433101923735,2.2409368410856816,-2.1776922380064265,50.839105413694476,48.716358248044386,0.4186912023157242,0.02584513594541507,3.4822398014580425,2.468382783693442,2.1510566867072427,2.5071191472982006,3.404890757713112,0.08432431737383468,0.7708614043163436,0.43474507635624554
bear_body15_range18_novol_cp20,two_close_above_disp_close,72,long_counter_trend,310600,50.5360592401803,-0.005859726233905505,2.1808421991904248,2.211295619863198,-2.528108964534131,49.15389568576948,50.337733419188666,0.48454603992273015,0.023824855119124275,3.3699593592807044,2.61473599484868,2.04982043352247,2.4020656096414705,3.3309390549168523,0.08547778086373953,1.0073886600920143,0.5026468852309808
bear_body15_range18_novol_cp20,two_close_above_disp_close,72,long_trend_aligned,231166,48.328041320955506,0.07491405869812244,2.134081498836671,2.464080595272022,-2.2232536096615134,48.64339911578692,50.747514772933734,0.5969736033845808,0.01211250789475961,3.4215922955117724,2.576836559009543,1.9397149900478365,2.298339937695867,2.855053770399811,0.08055687179672764,1.0343874146593828,0.3784804738490752
bear_body15_range18_novol_cp20,two_close_above_disp_close,288,above_ema_slope_down,15084,48.461946433306814,0.09617874980281067,4.313294959836252,4.8636643295032815,-4.405287987239255,48.06417395916203,51.0408379740122,0.8949880668257757,0.0,3.236608326703792,2.6048793423495096,1.9243679335745596,2.3132017721857077,2.940714526609006,0.07726146416750433,1.809477137753717,0.46262003513731514
bear_body15_range18_novol_cp20,two_close_above_disp_close,288,below_ema_slope_up,58038,48.814569764636964,0.08486639724050352,4.134462439671712,4.5991191667458535,-4.386319911916926,50.856335504324754,48.72325028429649,0.4186912023157242,0.0017230090630276718,3.512638489239623,2.468382783693442,2.1510566867072427,2.5071191472982006,3.404890757713112,0.08432431737383468,0.7708614043163436,0.43474507635624554
bear_body15_range18_novol_cp20,two_close_above_disp_close,288,long_counter_trend,310600,50.222794591113974,0.06824007717185103,4.421012419903795,4.59297017751478,-4.937103499225382,49.16677398583387,50.345460399227306,0.48454603992273015,0.0032195750160978753,3.393901928587527,2.61473599484868,2.04982043352247,2.4020656096414705,3.3309390549168523,0.08547778086373953,1.0073886600920143,0.5026468852309808
bear_body15_range18_novol_cp20,two_close_above_disp_close,288,long_trend_aligned,231166,47.32919200920551,0.06953489746109064,4.267269114601836,5.027526840867225,-4.451025950398598,48.64902278016663,50.751840668610434,0.5969736033845808,0.0021629478383499304,3.4318245724841128,2.576836559009543,1.9397149900478365,2.298339937695867,2.855053770399811,0.08055687179672764,1.0343874146593828,0.3784804738490752
bear_body15_range18_vol15_cp25,base_no_confirm,12,above_ema_slope_down,9104,46.902460456942,0.10979254074955151,1.1942593327754272,1.3706118525927697,-1.1469541199324655,47.98989455184534,48.73681898066784,1.2741652021089631,1.999121265377856,2.491593813046402,0.0,1.8812046413650738,2.3732577080653248,4.836945788974708,0.09476516952455477,0.0,0.0
bear_body15_range18_vol15_cp25,base_no_confirm,12,below_ema_slope_up,159259,55.06564778128708,0.06162921274363579,1.0121601777008418,1.0328996674682356,-1.1330841817340997,50.07754663786662,46.015609792853155,2.9938653388505516,0.9129782304296775,2.0789075124362344,0.0,2.171663780470582,2.603760687209986,3.9741823097281888,0.1069055943053108,0.0,0.0
bear_body15_range18_vol15_cp25,base_no_confirm,12,long_counter_trend,419129,54.480601437743516,0.061528331282938935,1.190992178565942,1.1645466866248255,-1.4195450475440021,49.16242970541289,47.05639552500543,3.109066659668026,0.6721081099136543,2.0221276350429487,0.0,2.102650317372737,2.5398310985924653,4.211909112566135,0.10991349785870479,0.0,0.0
bear_body15_range18_vol15_cp25,base_no_confirm,12,long_trend_aligned,246128,50.630972502112726,0.02896446222001191,1.041744357092308,1.1488854876922334,-1.1105635231895683,49.88501917701358,47.10922771891048,1.4106481180523955,1.5951049860235327,2.487237925368081,0.0,1.9566856747840444,2.398230707864789,3.8228263440011503,0.10256693249939063,0.0,0.0
bear_body15_range18_vol15_cp25,base_no_confirm,36,above_ema_slope_down,9104,47.79217926186291,0.11680555742764642,1.8560186853176484,2.127572845722752,-1.7863216434036442,49.000439367311074,49.637521968365554,1.2741652021089631,0.08787346221441124,2.785729991204925,0.0,1.8812046413650738,2.3732577080653248,4.836945788974708,0.09476516952455477,0.0,0.0
bear_body15_range18_vol15_cp25,base_no_confirm,36,below_ema_slope_up,159259,53.443133512077814,0.09181147469793224,1.5775750067865328,1.6857507570038144,-1.7489138601024796,50.53403575308146,46.39612204019867,2.9970048788451513,0.0728373278747198,2.207850800852064,0.0,2.171663780470582,2.603760687209986,3.9741823097281888,0.1069055943053108,0.0,0.0
bear_body15_range18_vol15_cp25,base_no_confirm,36,long_counter_trend,419129,54.31167969765872,0.09005188446823265,1.7976467766401634,1.8209429136739599,-2.1575729325754924,49.48715073402222,47.35558742057934,3.1114525599517093,0.04580928544672404,2.116167824756467,0.0,2.102650317372737,2.5398310985924653,4.211909112566135,0.10991349785870479,0.0,0.0
bear_body15_range18_vol15_cp25,base_no_confirm,36,long_trend_aligned,246128,49.691623870506405,0.06181021607091185,1.6899548107510256,1.931771864505032,-1.7643509033374416,50.62162777091594,47.88037118897484,1.413492166677501,0.08450887343171033,2.7141794079375408,0.0,1.9566856747840444,2.398230707864789,3.8228263440011503,0.10256693249939063,0.0,0.0
bear_body15_range18_vol15_cp25,base_no_confirm,72,above_ema_slope_down,9104,47.83611599297012,0.13215548072969055,2.521462470962004,2.832946531176697,-2.459447874804454,49.04437609841828,49.681458699472756,1.2741652021089631,0.0,2.823264499121265,0.0,1.8812046413650738,2.3732577080653248,4.836945788974708,0.09476516952455477,0.0,0.0
bear_body15_range18_vol15_cp25,base_no_confirm,72,below_ema_slope_up,159259,52.41713184184253,0.13873927078844914,2.1599671013928243,2.3557959905986063,-2.342254440593185,50.570454417018816,46.41119183217275,2.9970048788451513,0.02134887196327994,2.23159051656461,0.0,2.171663780470582,2.603760687209986,3.9741823097281888,0.1069055943053108,0.0,0.0
bear_body15_range18_vol15_cp25,base_no_confirm,72,long_counter_trend,419129,52.657773621009284,0.07836229571414309,2.4212088227549984,2.4664568529386504,-2.838067834065114,49.505283576178215,47.37157295248002,3.1116911499800777,0.01145232136168101,2.132418315313746,0.0,2.102650317372737,2.5398310985924653,4.211909112566135,0.10991349785870479,0.0,0.0
bear_body15_range18_vol15_cp25,base_no_confirm,72,long_trend_aligned,246128,49.09437365923422,0.08733493301694811,2.2852822171747107,2.688582576874623,-2.3767347730572297,50.65738152506013,47.91409347981538,1.413492166677501,0.015032828446986935,2.7461386235173166,0.0,1.9566856747840444,2.398230707864789,3.8228263440011503,0.10256693249939063,0.0,0.0
bear_body15_range18_vol15_cp25,base_no_confirm,288,above_ema_slope_down,9104,47.594463971880494,0.08112417909861973,4.624086238735174,5.514454238000713,-4.769664570229138,49.04437609841828,49.681458699472756,1.2741652021089631,0.0,2.823264499121265,0.0,1.8812046413650738,2.3732577080653248,4.836945788974708,0.09476516952455477,0.0,0.0
bear_body15_range18_vol15_cp25,base_no_confirm,288,below_ema_slope_up,159259,49.23426619531706,0.07080487068618976,4.1956301054374885,4.66982026065203,-4.543234103392995,50.5823846689983,46.41872672815979,2.9970048788451513,0.001883723996759995,2.2535163510323004,0.0,2.171663780470582,2.603760687209986,3.9741823097281888,0.1069055943053108,0.0,0.0
bear_body15_range18_vol15_cp25,base_no_confirm,288,long_counter_trend,419129,51.27633735675651,0.21477829463176817,4.59857190889022,4.850872180965534,-5.151042787825441,49.5122026870009,47.37515180290555,3.1116911499800777,0.0009543601134734175,2.143878317924247,0.0,2.102650317372737,2.5398310985924653,4.211909112566135,0.10991349785870479,0.0,0.0
bear_body15_range18_vol15_cp25,base_no_confirm,288,long_trend_aligned,246128,47.34203341350842,0.11231132021505442,4.467901385723668,5.3625713310618215,-4.586706527415511,50.66266332964962,47.92303191835143,1.413492166677501,0.0008125853214587531,2.761544899766786,0.0,1.9566856747840444,2.398230707864789,3.8228263440011503,0.10256693249939063,0.0,0.0
bear_body15_range18_vol15_cp25,body_mid_reclaim,12,above_ema_slope_down,11476,45.46880446148484,0.03760880480183166,1.079105166156616,1.1479207583238247,-1.0909713331000044,45.84349947716974,50.47926106657372,1.577204600906239,2.1000348553502963,2.6753894080996883,2.4740327640292783,1.994286381104937,2.4692743969248037,3.8257452118060593,0.09552095407882778,2.0059860438484356,0.4732873894976605
bear_body15_range18_vol15_cp25,body_mid_reclaim,12,below_ema_slope_up,28109,51.780568501191794,0.00871359801646216,0.8513872918850621,0.8698465684035054,-0.977923835190363,48.09847379842755,48.699704720907896,0.40200647479454976,2.799815005870006,3.224214918380792,2.165391867373439,2.075160909569269,2.504247373428705,3.7986017052923935,0.10826595515243953,1.3568517495133214,0.3379275249502085
bear_body15_range18_vol15_cp25,body_mid_reclaim,12,long_counter_trend,189583,52.44246583290696,0.030032199331271194,0.9761582316371523,0.9780811328331925,-1.0888694762510136,48.843514450135295,48.11612855583043,0.49793494142407285,2.5424220526102026,3.0903752374663758,2.4703322555292404,2.037971222872562,2.4733296259635016,4.04442366421106,0.11166599193975096,1.4679599221260213,0.4397854300287397
bear_body15_range18_vol15_cp25,body_mid_reclaim,12,long_trend_aligned,135526,47.9369272316751,0.002985398222403965,0.9859009863578585,1.0745533762976884,-1.03296020536972,47.027876569809486,49.96089311276065,0.7917300001475731,2.219500317282293,3.0189861000015092,2.498206986113366,1.9514961126798689,2.3889950538065645,3.58663958753414,0.10274543854492685,1.4680713350025065,0.3334260505890638
bear_body15_range18_vol15_cp25,body_mid_reclaim,36,above_ema_slope_down,11476,48.71906587661206,0.1609931705030892,1.7374345894346823,1.9421938093051678,-1.7012274219905439,46.87173231090973,51.376786336702686,1.5859184384803067,0.16556291390728478,2.972680457362311,2.4740327640292783,1.994286381104937,2.4692743969248037,3.8257452118060593,0.09552095407882778,2.0059860438484356,0.4732873894976605
bear_body15_range18_vol15_cp25,body_mid_reclaim,36,below_ema_slope_up,28109,51.261161905439536,0.04986973185215421,1.41645453152687,1.5139097905717491,-1.6027704917688184,49.52862072645772,49.94841509836707,0.40556405421751046,0.11740012095770037,3.6049650947428407,2.165391867373439,2.075160909569269,2.504247373428705,3.7986017052923935,0.10826595515243953,1.3568517495133214,0.3379275249502085
bear_body15_range18_vol15_cp25,body_mid_reclaim,36,long_counter_trend,189583,52.00677275916089,-0.012440558776621176,1.6152403268481195,1.6151042370249162,-1.926409712741341,50.05248360876239,49.32087792681833,0.5016272556083615,0.1250112088109166,3.436983089159528,2.4703322555292404,2.037971222872562,2.4733296259635016,4.04442366421106,0.11166599193975096,1.4679599221260213,0.4397854300287397
bear_body15_range18_vol15_cp25,body_mid_reclaim,36,long_trend_aligned,135526,47.9701311925387,0.029443753591498447,1.6274696749887363,1.8469724998928476,-1.6986834924293435,48.11180142555672,51.02415772619276,0.7946814633354485,0.06935938491507165,3.325750191978262,2.498206986113366,1.9514961126798689,2.3889950538065645,3.58663958753414,0.10274543854492685,1.4680713350025065,0.3334260505890638
bear_body15_range18_vol15_cp25,body_mid_reclaim,72,above_ema_slope_down,11476,50.941094457999306,0.35604673377930063,2.4740032850347404,2.7059770639098395,-2.2854501758518624,46.906587661206,51.48135238759149,1.5859184384803067,0.02614151272220286,3.035038786716639,2.4740327640292783,1.994286381104937,2.4692743969248037,3.8257452118060593,0.09552095407882778,2.0059860438484356,0.4732873894976605
bear_body15_range18_vol15_cp25,body_mid_reclaim,72,below_ema_slope_up,28109,50.517627806040764,0.08372166004795718,2.044672428729226,2.1733794339574555,-2.239828233598099,49.57842683837917,50.00533636913445,0.40556405421751046,0.010672738268881852,3.6543086885362555,2.165391867373439,2.075160909569269,2.504247373428705,3.7986017052923935,0.10826595515243953,1.3568517495133214,0.3379275249502085
bear_body15_range18_vol15_cp25,body_mid_reclaim,72,long_counter_trend,189583,50.8647927293059,-0.031798640396836636,2.2535980466045498,2.2526966215905038,-2.6606371686317534,50.10048369315814,49.37309779885327,0.5016272556083615,0.024791252380223963,3.481470538578423,2.4703322555292404,2.037971222872562,2.4733296259635016,4.04442366421106,0.11166599193975096,1.4679599221260213,0.4397854300287397
bear_body15_range18_vol15_cp25,body_mid_reclaim,72,long_trend_aligned,135526,47.88232516269941,0.05086586773998465,2.2256440237075763,2.5791150398193112,-2.318341593906942,48.13319953366882,51.06326461343211,0.7946814633354485,0.008854389563626167,3.3521628761603965,2.498206986113366,1.9514961126798689,2.3889950538065645,3.58663958753414,0.10274543854492685,1.4680713350025065,0.3334260505890638
bear_body15_range18_vol15_cp25,body_mid_reclaim,288,above_ema_slope_down,11476,49.16347159288951,0.19367544058661595,4.471437822227756,5.104898285588043,-4.475032196969622,46.91530149878007,51.498780062739634,1.5859184384803067,0.0,3.0673579644475426,2.4740327640292783,1.994286381104937,2.4692743969248037,3.8257452118060593,0.09552095407882778,2.0059860438484356,0.4732873894976605
bear_body15_range18_vol15_cp25,body_mid_reclaim,288,below_ema_slope_up,28109,47.69290974421004,0.07136032117456263,4.089038276185506,4.497814129964512,-4.425522558833608,49.581984417802126,50.01245152798036,0.40556405421751046,0.0,3.674623785976022,2.165391867373439,2.075160909569269,2.504247373428705,3.7986017052923935,0.10826595515243953,1.3568517495133214,0.3379275249502085
bear_body15_range18_vol15_cp25,body_mid_reclaim,288,long_counter_trend,189583,50.57890211675098,0.1284024168994094,4.4532373218329395,4.630587337084648,-5.032983247543393,50.11103316225611,49.384702214861036,0.5021547290632599,0.0021098938195935287,3.5049504428233087,2.4703322555292404,2.037971222872562,2.4733296259635016,4.04442366421106,0.11166599193975096,1.4679599221260213,0.4397854300287397
bear_body15_range18_vol15_cp25,body_mid_reclaim,288,long_trend_aligned,135526,46.99467260894588,0.07949830671365075,4.340163995752364,5.161482334599812,-4.517834766214264,48.13762672845063,51.06695394241695,0.7946814633354485,0.0007378657969688473,3.3611732152739346,2.498206986113366,1.9514961126798689,2.3889950538065645,3.58663958753414,0.10274543854492685,1.4680713350025065,0.3334260505890638
bear_body15_range18_vol15_cp25,bull_close_above_disp_close,12,above_ema_slope_down,11185,44.792132320071524,0.06546123538957706,1.1007303543191753,1.1971384244743257,-1.1125107439870514,45.01564595440322,50.96110862762628,1.4483683504693785,2.5748770675011174,2.7426814719647608,1.5743406347787214,1.9547555377476244,2.4415417794473817,4.1726379024321485,0.094124881184552,1.2403900381316386,0.4342325000574128
bear_body15_range18_vol15_cp25,bull_close_above_disp_close,12,below_ema_slope_up,82347,52.68558660303351,0.032712088901719776,0.8912594616526212,0.9213701697037804,-1.0238927635606776,49.01332167534944,48.345416347893675,0.519751782092851,2.121510194664044,2.916724565756824,1.4941770799179084,2.1773844733276126,2.6073679012737925,4.024099810691277,0.10782976145341631,0.6066468412666642,0.44231597468404665
bear_body15_range18_vol15_cp25,bull_close_above_disp_close,12,long_counter_trend,329045,52.745673084228606,0.03454957151368937,1.0269813808315722,1.013534007063327,-1.1817161162465128,48.66811530337796,48.940114573994435,0.6205838107249768,1.7711863119026272,2.8150901716184484,1.62217021987874,2.101607197731625,2.538896126199908,4.2362678220476155,0.11070473113227404,0.7035104119983221,0.5187858240979322
bear_body15_range18_vol15_cp25,bull_close_above_disp_close,12,long_trend_aligned,215232,48.525776836158194,0.00893569550962698,0.9802855530315233,1.069886916105787,-1.04551024986458,47.61141465953018,49.413655961938744,0.6091101694915254,2.365819209039548,3.028285904635005,1.5994879943502824,1.967753259588104,2.405291126117452,3.7281158198066278,0.10235625484672847,0.6973134841312812,0.37775253811135234
bear_body15_range18_vol15_cp25,bull_close_above_disp_close,36,above_ema_slope_down,11185,48.20742065265981,0.2057679693384,1.8048095762809957,2.0491615058407104,-1.7117762794066618,46.18685739830129,52.1770227983907,1.4573088958426466,0.17881090746535538,3.110882221227049,1.5743406347787214,1.9547555377476244,2.4415417794473817,4.1726379024321485,0.094124881184552,1.2403900381316386,0.4342325000574128
bear_body15_range18_vol15_cp25,bull_close_above_disp_close,36,below_ema_slope_up,82347,51.91445954315276,0.0669933677265489,1.4846747778423883,1.5971719830765898,-1.6536135142816786,50.10018579911837,49.27319756639586,0.5209661554154978,0.10565047907027578,3.212594213469487,1.4941770799179084,2.1773844733276126,2.6073679012737925,4.024099810691277,0.10782976145341631,0.6066468412666642,0.44231597468404665
bear_body15_range18_vol15_cp25,bull_close_above_disp_close,36,long_counter_trend,329045,52.63201081918887,0.028343211535297907,1.6477203895111643,1.6650808120394933,-1.9517230102792333,49.51389627558541,49.77282742482031,0.6230150891215487,0.0902612104727317,3.060112913234453,1.62217021987874,2.101607197731625,2.538896126199908,4.2362678220476155,0.11070473113227404,0.7035104119983221,0.5187858240979322
bear_body15_range18_vol15_cp25,bull_close_above_disp_close,36,long_trend_aligned,215232,48.62752750520369,0.03767440878736872,1.6393958662754113,1.8580513090774988,-1.7173895376455195,48.71859203092477,50.557537912578056,0.6132917038358608,0.1105783526613143,3.3562285459129093,1.5994879943502824,1.967753259588104,2.405291126117452,3.7281158198066278,0.10235625484672847,0.6973134841312812,0.37775253811135234
bear_body15_range18_vol15_cp25,bull_close_above_disp_close,72,above_ema_slope_down,11185,50.379973178363876,0.35681963265125194,2.538324174812435,2.81522363054505,-2.3228818654339056,46.249441215914175,52.25748770675012,1.4573088958426466,0.035762181493071074,3.177354440568822,1.5743406347787214,1.9547555377476244,2.4415417794473817,4.1726379024321485,0.094124881184552,1.2403900381316386,0.4342325000574128
bear_body15_range18_vol15_cp25,bull_close_above_disp_close,72,below_ema_slope_up,82347,51.3169878684105,0.12075095111031356,2.0940364154535778,2.2842479353186307,-2.2699847713706034,50.14633198537894,49.31084313939792,0.5209661554154978,0.021858719807643267,3.2493774976010883,1.4941770799179084,2.1773844733276126,2.6073679012737925,4.024099810691277,0.10782976145341631,0.6066468412666642,0.44231597468404665
bear_body15_range18_vol15_cp25,bull_close_above_disp_close,72,long_counter_trend,329045,51.28386694828975,0.0014459603838461047,2.29866881357847,2.314056259183979,-2.6744870603101942,49.55310063973013,49.8080809615706,0.6230150891215487,0.015803309577717334,3.094415382698112,1.62217021987874,2.101607197731625,2.538896126199908,4.2362678220476155,0.11070473113227404,0.7035104119983221,0.5187858240979322
bear_body15_range18_vol15_cp25,bull_close_above_disp_close,72,long_trend_aligned,215232,48.30090321141838,0.06868016776353285,2.253629767853256,2.620100974788111,-2.340702302935,48.76273044900387,50.60725170978293,0.6132917038358608,0.016726137377341656,3.39694046357739,1.5994879943502824,1.967753259588104,2.405291126117452,3.7281158198066278,0.10235625484672847,0.6973134841312812,0.37775253811135234
bear_body15_range18_vol15_cp25,bull_close_above_disp_close,288,above_ema_slope_down,11185,49.53062136790344,0.2609578288490169,4.449937037395114,5.287725914786535,-4.47705323564307,46.25838176128744,52.28430934286992,1.4573088958426466,0.0,3.2203844434510507,1.5743406347787214,1.9547555377476244,2.4415417794473817,4.1726379024321485,0.094124881184552,1.2403900381316386,0.4342325000574128
bear_body15_range18_vol15_cp25,bull_close_above_disp_close,288,below_ema_slope_up,82347,48.79230573062771,0.07821810300130946,4.207384859476073,4.679151615387712,-4.487294658039497,50.15847571860541,49.319343752656444,0.5209661554154978,0.001214373322646848,3.279649284725427,1.4941770799179084,2.1773844733276126,2.6073679012737925,4.024099810691277,0.10782976145341631,0.6066468412666642,0.44231597468404665
bear_body15_range18_vol15_cp25,bull_close_above_disp_close,288,long_counter_trend,329045,50.66115576896777,0.1491703938739422,4.484135437191815,4.707634078390804,-5.035771146922336,49.561002294518985,49.81476697716118,0.6233189989211202,0.0009117293987144615,3.1095908728976847,1.62217021987874,2.101607197731625,2.538896126199908,4.2362678220476155,0.11070473113227404,0.7035104119983221,0.5187858240979322
bear_body15_range18_vol15_cp25,bull_close_above_disp_close,288,long_trend_aligned,215232,47.23368272375855,0.09656695919575793,4.418883907654479,5.271577208368557,-4.568547641355011,48.76923505798395,50.61607939339875,0.6132917038358608,0.0013938447814451384,3.4135966807446954,1.5994879943502824,1.967753259588104,2.405291126117452,3.7281158198066278,0.10235625484672847,0.6973134841312812,0.37775253811135234
bear_body15_range18_vol15_cp25,close_above_disp_close,12,above_ema_slope_down,11131,44.79381906387566,0.06515909390098856,1.1010755063630282,1.194654593459572,-1.1142804902348502,44.9914652771539,51.046626538496085,1.446410924445243,2.5154972599047705,2.745000460787024,1.5428083730123079,1.9532888974471192,2.4408817255222393,4.1823543031766,0.0944444003066404,1.2200855714692926,0.43184517462858024
bear_body15_range18_vol15_cp25,close_above_disp_close,12,below_ema_slope_up,83872,52.70769744372377,0.033523436566412185,0.8873852387336616,0.9178815439816997,-1.0191750076563344,49.015165967188096,48.32125143075162,0.5258012209080504,2.137781381152232,2.905810255972904,1.465030045784052,2.179606891024099,2.608781690984113,4.022092610379543,0.1074517714897193,0.5926531930076404,0.4361071027819994
bear_body15_range18_vol15_cp25,close_above_disp_close,12,long_counter_trend,331397,52.76209500991258,0.03469761683226657,1.0261668017736525,1.012913778364527,-1.1812402198444265,48.65614353781115,48.94582630500578,0.6294565128833393,1.7685736442997373,2.806285633539762,1.5917826655039122,2.1023645493863867,2.539196305271642,4.2352434286408664,0.1105302678674508,0.6899215202049892,0.513981141964996
bear_body15_range18_vol15_cp25,close_above_disp_close,12,long_trend_aligned,216304,48.56636955396109,0.009616588441970358,0.9786285121136962,1.0686965958343906,-1.043406296948057,47.67826762334492,49.32964716325172,0.6107145498927435,2.3813706635106144,3.025730157752909,1.565176788223981,1.9681053513182931,2.4053220025049935,3.728042782371784,0.10222515625028097,0.6816670428002787,0.37424158995270373
bear_body15_range18_vol15_cp25,close_above_disp_close,36,above_ema_slope_down,11131,48.16278860839098,0.2056672131142379,1.8066100776355165,2.048249955574735,-1.7155767735313425,46.123439044111045,52.24148773695085,1.4553948432306172,0.1796783757074836,3.1035010350103502,1.5428083730123079,1.9532888974471192,2.4408817255222393,4.1823543031766,0.0944444003066404,1.2200855714692926,0.43184517462858024
bear_body15_range18_vol15_cp25,close_above_disp_close,36,below_ema_slope_up,83872,51.899322777565814,0.06663024941134732,1.478717247562643,1.5908362526156867,-1.646413807086735,50.10730637161389,49.25004769172072,0.5281858069439146,0.11446012972148034,3.2037337662337664,1.465030045784052,2.179606891024099,2.608781690984113,4.022092610379543,0.1074517714897193,0.5926531930076404,0.4361071027819994
bear_body15_range18_vol15_cp25,close_above_disp_close,36,long_counter_trend,331397,52.635057046382435,0.02894602445762547,1.645909544883733,1.663755672244435,-1.9491130641647356,49.49954284438302,49.77443972033543,0.6318705359432946,0.09414689933825593,3.0509416010994155,1.5917826655039122,2.1023645493863867,2.539196305271642,4.2352434286408664,0.1105302678674508,0.6899215202049892,0.513981141964996
bear_body15_range18_vol15_cp25,close_above_disp_close,36,long_trend_aligned,216304,48.682409941563726,0.03948742332169898,1.636691394270018,1.856343838283507,-1.7136439765504985,48.79244026925068,50.47479473333827,0.6153376729048007,0.11742732450625046,3.355158528118491,1.565176788223981,1.9681053513182931,2.4053220025049935,3.728042782371784,0.10222515625028097,0.6816670428002787,0.37424158995270373
bear_body15_range18_vol15_cp25,close_above_disp_close,72,above_ema_slope_down,11131,50.39080046716378,0.3579826532571423,2.5426208833048682,2.8165196769414833,-2.3270048770478082,46.177342556823284,52.3313269248046,1.4553948432306172,0.035935675141496724,3.1697672328570143,1.5428083730123079,1.9532888974471192,2.4408817255222393,4.1823543031766,0.0944444003066404,1.2200855714692926,0.43184517462858024
bear_body15_range18_vol15_cp25,close_above_disp_close,72,below_ema_slope_up,83872,51.29006104540251,0.11984630190476636,2.0851790675126485,2.275022077674573,-2.2608191373190705,50.15857497138497,49.29058565433041,0.5281858069439146,0.022653567340709654,3.2444754510870215,1.465030045784052,2.179606891024099,2.608781690984113,4.022092610379543,0.1074517714897193,0.5926531930076404,0.4361071027819994
bear_body15_range18_vol15_cp25,close_above_disp_close,72,long_counter_trend,331397,51.28561815586743,0.0016000135961627606,2.2956142645419635,2.3116194382303443,-2.6711415567667816,49.539675977754776,49.80974480758727,0.6318705359432946,0.018708678714653423,3.0854573166130956,1.5917826655039122,2.1023645493863867,2.539196305271642,4.2352434286408664,0.1105302678674508,0.6899215202049892,0.513981141964996
bear_body15_range18_vol15_cp25,close_above_disp_close,72,long_trend_aligned,216304,48.337987277165475,0.06993542549617095,2.250247119906644,2.617199244598541,-2.336007485570492,48.840983060877285,50.52564908647089,0.6153376729048007,0.018030179747022708,3.3980486902642593,1.565176788223981,1.9681053513182931,2.4053220025049935,3.728042782371784,0.10222515625028097,0.6816670428002787,0.37424158995270373
bear_body15_range18_vol15_cp25,close_above_disp_close,288,above_ema_slope_down,11131,49.56427993890935,0.2620918010854387,4.459364061958214,5.295275501202785,-4.482340868773451,46.18632647560866,52.35827868116072,1.4553948432306172,0.0,3.2130087144012216,1.5428083730123079,1.9532888974471192,2.4408817255222393,4.1823543031766,0.0944444003066404,1.2200855714692926,0.43184517462858024
bear_body15_range18_vol15_cp25,close_above_disp_close,288,below_ema_slope_up,83872,48.799360930942385,0.07605862892986605,4.19397990796247,4.6595128650315205,-4.473795842042635,50.17169019458222,49.298931705455935,0.5281858069439146,0.001192293017932087,3.2750891249657212,1.465030045784052,2.179606891024099,2.608781690984113,4.022092610379543,0.1074517714897193,0.5926531930076404,0.4361071027819994
bear_body15_range18_vol15_cp25,close_above_disp_close,288,long_counter_trend,331397,50.66249845351648,0.14930329407450663,4.479356960074413,4.702935993306833,-5.030197849313366,49.549030317112106,49.81759038253213,0.632172288825789,0.0012070115299776401,3.1040878956405233,1.5917826655039122,2.1023645493863867,2.539196305271642,4.2352434286408664,0.1105302678674508,0.6899215202049892,0.513981141964996
bear_body15_range18_vol15_cp25,close_above_disp_close,288,long_trend_aligned,216304,47.270045861380275,0.09910172857943784,4.412595187109882,5.266368604817136,-4.560533404604675,48.84791774539537,50.53489533249501,0.6153376729048007,0.0018492492048228421,3.415367545076283,1.565176788223981,1.9681053513182931,2.4053220025049935,3.728042782371784,0.10222515625028097,0.6816670428002787,0.37424158995270373
bear_body15_range18_vol15_cp25,low_sweep_reclaim,12,above_ema_slope_down,6908,44.788650839606255,0.0871958506008721,1.1743252399945068,1.2730788245129943,-1.1916649997979178,43.48581354950782,52.620150550086855,1.2304574406485236,2.6635784597568035,2.7169839381320644,1.7896641574985523,1.971623083504292,2.434044413417554,4.290755585743687,0.07721740352662297,1.0395571723265709,0.7011246707763418
bear_body15_range18_vol15_cp25,low_sweep_reclaim,12,below_ema_slope_up,70982,53.210673128398746,0.05829278679127872,0.9186317582109,0.954695695903269,-1.0406825493194127,49.55481671409653,48.01780733143614,0.5790200332478657,1.848355921219464,2.814123726137505,1.7897917781972894,2.150041978253136,2.571660772817739,3.9170132724908457,0.10580985789740505,0.26374277106069305,0.719425065952212
bear_body15_range18_vol15_cp25,low_sweep_reclaim,12,long_counter_trend,257972,52.99799978292218,0.04580928753384385,1.0486507365519244,1.0363375899364167,-1.2036672140272393,48.44362954119052,49.31155319181927,0.7086040345463849,1.5362132324438311,2.720628009243767,1.9400361279518707,2.0763962533154365,2.491835005465324,4.0811758341140765,0.10454142608227014,0.3610164826664612,0.8245544665424379
bear_body15_range18_vol15_cp25,low_sweep_reclaim,12,long_trend_aligned,155153,48.62683931345188,0.0047754390161649585,1.0107304912959798,1.0942430467195376,-1.0817341698343836,47.64200498862413,49.41122633787294,0.6058535767919409,2.3409150967109884,2.9964823357818386,1.9418380566279736,1.9570486958262834,2.3755406867353495,3.7147201084312083,0.09373710540798073,0.3715022534703212,0.6298343521705796
bear_body15_range18_vol15_cp25,low_sweep_reclaim,36,above_ema_slope_down,6908,48.61030689056167,0.17620678721214725,1.8268122563750533,2.126801463015981,-1.7948954457304553,44.75969889982629,53.82165605095541,1.2449334105385061,0.17371163867979156,3.1142691415313224,1.7896641574985523,1.971623083504292,2.434044413417554,4.290755585743687,0.07721740352662297,1.0395571723265709,0.7011246707763418
bear_body15_range18_vol15_cp25,low_sweep_reclaim,36,below_ema_slope_up,70982,52.304809670057196,0.08741621932332454,1.5135084977427062,1.6413962014927734,-1.6835817066888787,50.53957341297794,48.813783776168606,0.581837648981432,0.0648051618720239,3.075814818991767,1.7897917781972894,2.150041978253136,2.571660772817739,3.9170132724908457,0.10580985789740505,0.26374277106069305,0.719425065952212
bear_body15_range18_vol15_cp25,low_sweep_reclaim,36,long_counter_trend,257972,53.12320716977036,0.07874628306105322,1.6513637225315316,1.7034648812163276,-1.9173162561593085,49.18518288806537,50.03217403439133,0.7109298683578064,0.071713209185493,2.9328476610535055,1.9400361279518707,2.0763962533154365,2.491835005465324,4.0811758341140765,0.10454142608227014,0.3610164826664612,0.8245544665424379
bear_body15_range18_vol15_cp25,low_sweep_reclaim,36,long_trend_aligned,155153,48.57141015642624,0.01908953990120738,1.6846152184572398,1.8892646039499394,-1.7738827477642112,48.73705310242148,50.54881310706206,0.6110097774454892,0.10312401307096866,3.321859696889537,1.9418380566279736,1.9570486958262834,2.3755406867353495,3.7147201084312083,0.09373710540798073,0.3715022534703212,0.6298343521705796
bear_body15_range18_vol15_cp25,low_sweep_reclaim,72,above_ema_slope_down,6908,52.026635784597566,0.3747068077958961,2.615640457377462,2.900866878364361,-2.4020731991185604,44.81760277938622,53.90851187029531,1.2449334105385061,0.028951939779965255,3.1805676223573704,1.7896641574985523,1.971623083504292,2.434044413417554,4.290755585743687,0.07721740352662297,1.0395571723265709,0.7011246707763418
bear_body15_range18_vol15_cp25,low_sweep_reclaim,72,below_ema_slope_up,70982,51.27215350370516,0.14059687847814437,2.114813049742928,2.3354904521410167,-2.3058484538520156,50.56634076244681,48.8391423177707,0.581837648981432,0.012679270801048154,3.0989390331534525,1.7897917781972894,2.150041978253136,2.571660772817739,3.9170132724908457,0.10580985789740505,0.26374277106069305,0.719425065952212
bear_body15_range18_vol15_cp25,low_sweep_reclaim,72,long_counter_trend,257972,51.78042578264308,0.07881306511035206,2.3039709902044314,2.3736079830930916,-2.6194843674693136,49.215031088645276,50.06047167909695,0.7109298683578064,0.013567363899958136,2.9596723230866453,1.9400361279518707,2.0763962533154365,2.491835005465324,4.0811758341140765,0.10454142608227014,0.3610164826664612,0.8245544665424379
bear_body15_range18_vol15_cp25,low_sweep_reclaim,72,long_trend_aligned,155153,48.306510347850185,0.05769808704305214,2.30301060604311,2.6662471014985623,-2.4077444179213616,48.774435557159705,50.59715248818908,0.6116543025271828,0.016757652124032407,3.3579131937058024,1.9418380566279736,1.9570486958262834,2.3755406867353495,3.7147201084312083,0.09373710540798073,0.3715022534703212,0.6298343521705796
bear_body15_range18_vol15_cp25,low_sweep_reclaim,288,above_ema_slope_down,6908,50.680370584829184,0.27771133051721897,4.5311107251090466,5.426006934449801,-4.576746831398729,44.81760277938622,53.93746381007527,1.2449334105385061,0.0,3.2248118123914304,1.7896641574985523,1.971623083504292,2.434044413417554,4.290755585743687,0.07721740352662297,1.0395571723265709,0.7011246707763418
bear_body15_range18_vol15_cp25,low_sweep_reclaim,288,below_ema_slope_up,70982,49.10118058099236,0.08539236117152321,4.237037437846905,4.709352791399973,-4.53524126241104,50.574793609647514,48.84195993350427,0.581837648981432,0.0014088078667831281,3.1155802256942,1.7897917781972894,2.150041978253136,2.571660772817739,3.9170132724908457,0.10580985789740505,0.26374277106069305,0.719425065952212
bear_body15_range18_vol15_cp25,low_sweep_reclaim,288,long_counter_trend,257972,51.05127688276247,0.2009742983579321,4.516885438039779,4.770602062325265,-4.994348245599356,49.22045803420526,50.06783681949979,0.7113175073263766,0.00038763896857023247,2.9752879199599955,1.9400361279518707,2.0763962533154365,2.491835005465324,4.0811758341140765,0.10454142608227014,0.3610164826664612,0.8245544665424379
bear_body15_range18_vol15_cp25,low_sweep_reclaim,288,long_trend_aligned,155153,47.23853228748397,0.08166522677835908,4.506344737874049,5.356492502192349,-4.6695990710218185,48.78152533305833,50.6048867891694,0.6116543025271828,0.0019335752450806622,3.3768482114083147,1.9418380566279736,1.9570486958262834,2.3755406867353495,3.7147201084312083,0.09373710540798073,0.3715022534703212,0.6298343521705796
bear_body15_range18_vol15_cp25,no_lower_low_bull_reversal,12,above_ema_slope_down,4646,45.37236332328885,0.038134981493413316,0.9994870992500344,1.1083612177142959,-1.0236637578843966,46.85751183814034,48.81618596642273,1.6788635385277657,2.6474386569091695,2.837497236347557,1.103960396039604,1.9147872801574448,2.4475474400102906,4.18604955361119,0.1218222465616376,1.2545184758907,0.0
bear_body15_range18_vol15_cp25,no_lower_low_bull_reversal,12,below_ema_slope_up,33013,52.81858661739315,0.0174569834884824,0.8776700186450075,0.8993974195787183,-1.0124543737278777,48.747463120588854,48.19919425680793,0.4755702299094296,2.577772392693787,2.9547291835084883,1.0857843879683762,2.194900635422477,2.7035797422966965,4.3085951137949365,0.13495990519359585,0.719263646219858,0.0
bear_body15_range18_vol15_cp25,no_lower_low_bull_reversal,12,long_counter_trend,129324,52.85871145340385,0.009333223581625992,1.0168284509196617,0.9924423082711187,-1.1932531167766998,48.765890321982,48.73959976493149,0.6309733692122111,1.8635365438743001,2.8349512268150088,1.08480251152145,2.1328692708302888,2.6482238920451726,4.613387075208962,0.13699890454816907,0.8440342693502016,0.0
bear_body15_range18_vol15_cp25,no_lower_low_bull_reversal,12,long_trend_aligned,91838,48.92201485223981,0.026449631435213554,0.9407149788530839,1.0449517492790876,-0.9975457122627712,48.072693220671184,48.64435201115007,0.6021472593044274,2.680807508874322,3.0792718403150734,1.099697293059518,1.9685134670029258,2.4619323037510417,3.8667062963968104,0.1270749518963293,0.8172612872895353,0.0
bear_body15_range18_vol15_cp25,no_lower_low_bull_reversal,36,above_ema_slope_down,4646,47.54627636676711,0.24112508397832885,1.7878314768095886,1.9560371168754895,-1.6323880068640506,48.0413258717176,50.08609556607835,1.6788635385277657,0.19371502367628068,3.207893034289411,1.103960396039604,1.9147872801574448,2.4475474400102906,4.18604955361119,0.1218222465616376,1.2545184758907,0.0
bear_body15_range18_vol15_cp25,no_lower_low_bull_reversal,36,below_ema_slope_up,33013,51.59785539030079,0.030574638951139054,1.4874773956300569,1.5695855379395505,-1.641435057992205,50.03786387180808,49.28664465513585,0.47859933965407564,0.19689213340199319,3.3080308364695883,1.0857843879683762,2.194900635422477,2.7035797422966965,4.3085951137949365,0.13495990519359585,0.719263646219858,0.0
bear_body15_range18_vol15_cp25,no_lower_low_bull_reversal,36,long_counter_trend,129324,52.325167795614114,-0.022376532474662512,1.6753986426376963,1.6408504802526416,-2.0320181281652463,49.656676254987474,49.59713587578485,0.635612879279948,0.11057498994772817,3.092683908624333,1.08480251152145,2.1328692708302888,2.6482238920451726,4.613387075208962,0.13699890454816907,0.8440342693502016,0.0
bear_body15_range18_vol15_cp25,no_lower_low_bull_reversal,36,long_trend_aligned,91838,49.10712341296631,0.0837505156941348,1.5921605326413282,1.8392030789842386,-1.6447170809536897,49.3455867941375,49.90417909797687,0.6043250070776803,0.14590910080794442,3.4486390997121172,1.099697293059518,1.9685134670029258,2.4619323037510417,3.8667062963968104,0.1270749518963293,0.8172612872895353,0.0
bear_body15_range18_vol15_cp25,no_lower_low_bull_reversal,72,above_ema_slope_down,4646,47.76151528196298,0.2583767319869935,2.5000694429334294,2.696862832222059,-2.3064113716184322,48.12742143779595,50.1721911321567,1.6788635385277657,0.02152389151958674,3.2882669537136704,1.103960396039604,1.9147872801574448,2.4475474400102906,4.18604955361119,0.1218222465616376,1.2545184758907,0.0
bear_body15_range18_vol15_cp25,no_lower_low_bull_reversal,72,below_ema_slope_up,33013,51.89167903553146,0.0603827604207027,2.088510038203693,2.2304157368839626,-2.2623455871296234,50.13479538363676,49.33813952079484,0.47859933965407564,0.04846575591433678,3.373791556808195,1.0857843879683762,2.194900635422477,2.7035797422966965,4.3085951137949365,0.13495990519359585,0.719263646219858,0.0
bear_body15_range18_vol15_cp25,no_lower_low_bull_reversal,72,long_counter_trend,129324,51.12894744981597,-0.0714285685493807,2.3214457888602853,2.2775226707952574,-2.778140831105532,49.70539111069871,49.6350252080047,0.635612879279948,0.023970802016640376,3.1332786771132235,1.08480251152145,2.1328692708302888,2.6482238920451726,4.613387075208962,0.13699890454816907,0.8440342693502016,0.0
bear_body15_range18_vol15_cp25,no_lower_low_bull_reversal,72,long_trend_aligned,91838,48.36342254840044,0.08645727014947957,2.2013859147222803,2.5884894716406777,-2.2603686504747103,49.40003048846883,49.97386702672097,0.6043250070776803,0.02177747773252902,3.5050316931320658,1.099697293059518,1.9685134670029258,2.4619323037510417,3.8667062963968104,0.1270749518963293,0.8172612872895353,0.0
bear_body15_range18_vol15_cp25,no_lower_low_bull_reversal,288,above_ema_slope_down,4646,46.7498923805424,0.1713027579392876,4.438211202131156,5.139519770546199,-4.517787119233174,48.12742143779595,50.193715023676276,1.6788635385277657,0.0,3.3086526043908737,1.103960396039604,1.9147872801574448,2.4475474400102906,4.18604955361119,0.1218222465616376,1.2545184758907,0.0
bear_body15_range18_vol15_cp25,no_lower_low_bull_reversal,288,below_ema_slope_up,33013,48.65356071850483,0.012943274956208225,4.226703195379537,4.697339682964798,-4.535314069897286,50.15902826159392,49.36237239875201,0.47859933965407564,0.0,3.443703995395753,1.0857843879683762,2.194900635422477,2.7035797422966965,4.3085951137949365,0.13495990519359585,0.719263646219858,0.0
bear_body15_range18_vol15_cp25,no_lower_low_bull_reversal,288,long_counter_trend,129324,50.34409699669048,0.13909363660772567,4.50684090477748,4.723207116368993,-5.123241999955654,49.718536389223964,49.645077479818134,0.635612879279948,0.0007732516779561411,3.1583245053084137,1.08480251152145,2.1328692708302888,2.6482238920451726,4.613387075208962,0.13699890454816907,0.8440342693502016,0.0
bear_body15_range18_vol15_cp25,no_lower_low_bull_reversal,288,long_trend_aligned,91838,47.21466059800954,0.12073483984651963,4.337184268158383,5.228064091204687,-4.464653920826823,49.40765260567521,49.98693351336048,0.6043250070776803,0.0010888738866264508,3.529459803782789,1.099697293059518,1.9685134670029258,2.4619323037510417,3.8667062963968104,0.1270749518963293,0.8172612872895353,0.0
bear_body15_range18_vol15_cp25,range_mid_reclaim,12,above_ema_slope_down,11323,45.19120374459066,0.01812488092772429,1.0706901769693125,1.13224158557258,-1.0937915528413276,45.65044599487768,50.622626512408374,1.5543583855868586,2.1725691071270865,2.6574884896632662,2.4578291972092203,1.989454452440517,2.4540923805894845,3.7667832468609554,0.0955357990139775,1.9907073735273282,0.4695824474462341
bear_body15_range18_vol15_cp25,range_mid_reclaim,12,below_ema_slope_up,31470,51.76676199555131,0.012219609149462315,0.8551231184931537,0.8746999094071213,-0.9805609636813157,48.42707340324118,48.455672068636794,0.40673657451541156,2.7105179536066095,3.2148479602835027,2.0920877025738798,2.090477343878335,2.5266067135545045,3.867690304376055,0.12026877362573705,1.281206916390131,0.32489034015368107
bear_body15_range18_vol15_cp25,range_mid_reclaim,12,long_counter_trend,200013,52.51108677935934,0.027460199912098558,0.9830868516122041,0.9795615208351361,-1.105781811373078,48.78682885612435,48.243864148830326,0.5109667871588347,2.4583402078864873,3.0758857178004675,2.393284436511627,2.0533328407654263,2.49185482936875,4.110221077893413,0.11754743360390853,1.3989311704859615,0.43422063355732504
bear_body15_range18_vol15_cp25,range_mid_reclaim,12,long_trend_aligned,138910,48.08221150385141,0.003985523174038255,0.9835975743907384,1.0712230318109277,-1.0322232125418056,47.12403714635375,49.84738319775394,0.7789216039162048,2.2496580519760996,3.034569355967154,2.446908069973364,1.953938280476952,2.3831013235068235,3.5521832167890537,0.1080645265561708,1.4221494746843568,0.32686630897119395
bear_body15_range18_vol15_cp25,range_mid_reclaim,36,above_ema_slope_down,11323,48.60902587653449,0.15237864504944287,1.733953776776698,1.9266596960024605,-1.707660842997412,46.71023580323236,51.56760575819129,1.5631899673231475,0.15896847125320146,2.9687748783724017,2.4578291972092203,1.989454452440517,2.4540923805894845,3.7667832468609554,0.0955357990139775,1.9907073735273282,0.4695824474462341
bear_body15_range18_vol15_cp25,range_mid_reclaim,36,below_ema_slope_up,31470,51.1725452812202,0.04249135314136956,1.4316407409602727,1.523730362624039,-1.6170145163915035,49.84111852557992,49.625039720368605,0.4099142040038132,0.12392755004766445,3.5794279532945183,2.0920877025738798,2.090477343878335,2.5266067135545045,3.867690304376055,0.12026877362573705,1.281206916390131,0.32489034015368107
bear_body15_range18_vol15_cp25,range_mid_reclaim,36,long_counter_trend,200013,52.06961547499412,-0.011089828816029294,1.6206628301710102,1.6152322970999524,-1.934457498246204,49.972751771134874,49.3912895661782,0.5139665921715089,0.12199207051541651,3.410569207434587,2.393284436511627,2.0533328407654263,2.49185482936875,4.110221077893413,0.11754743360390853,1.3989311704859615,0.43422063355732504
bear_body15_range18_vol15_cp25,range_mid_reclaim,36,long_trend_aligned,138910,48.04117774098337,0.030900367333930843,1.6303830658489078,1.8464451100229335,-1.702720017433535,48.212511698221874,50.932258296738894,0.7818011662227342,0.07342883881649989,3.3469540660480663,2.446908069973364,1.953938280476952,2.3831013235068235,3.5521832167890537,0.1080645265561708,1.4221494746843568,0.32686630897119395
bear_body15_range18_vol15_cp25,range_mid_reclaim,72,above_ema_slope_down,11323,50.878742382760755,0.3209980860768864,2.4422007145534192,2.666733227786403,-2.2924103023040305,46.74556213017752,51.66475315729046,1.5631899673231475,0.02649474520886691,3.027208480565371,2.4578291972092203,1.989454452440517,2.4540923805894845,3.7667832468609554,0.0955357990139775,1.9907073735273282,0.4695824474462341
bear_body15_range18_vol15_cp25,range_mid_reclaim,72,below_ema_slope_up,31470,50.55608516047029,0.0627469371290446,2.0579219167538993,2.1780001355179905,-2.2635463402158114,49.88878296790594,49.68223705115983,0.4099142040038132,0.019065776930409912,3.625858123569794,2.0920877025738798,2.090477343878335,2.5266067135545045,3.867690304376055,0.12026877362573705,1.281206916390131,0.32489034015368107
bear_body15_range18_vol15_cp25,range_mid_reclaim,72,long_counter_trend,200013,50.89119207251529,-0.03948163956985367,2.265797131842483,2.254347026388028,-2.67257501166777,50.02374845635033,49.437286576372536,0.5139665921715089,0.024998375105618136,3.453093822357136,2.393284436511627,2.0533328407654263,2.49185482936875,4.110221077893413,0.11754743360390853,1.3989311704859615,0.43422063355732504
bear_body15_range18_vol15_cp25,range_mid_reclaim,72,long_trend_aligned,138910,47.86984378374487,0.054803034062610945,2.2284902681088785,2.583112004383989,-2.323977205956799,48.2355481966741,50.97257216903031,0.7818011662227342,0.010078468072852927,3.375230388204124,2.446908069973364,1.953938280476952,2.3831013235068235,3.5521832167890537,0.1080645265561708,1.4221494746843568,0.32686630897119395
bear_body15_range18_vol15_cp25,range_mid_reclaim,288,above_ema_slope_down,11323,49.12125761723925,0.17068587610773656,4.416710545077424,5.033780533636543,-4.457948347334304,46.754393711913806,51.682416320763046,1.5631899673231475,0.0,3.059966439989402,2.4578291972092203,1.989454452440517,2.4540923805894845,3.7667832468609554,0.0955357990139775,1.9907073735273282,0.4695824474462341
bear_body15_range18_vol15_cp25,range_mid_reclaim,288,below_ema_slope_up,31470,47.81061328249126,0.052373541999616705,4.123639557320012,4.516145147116361,-4.467606391710425,49.89831585637114,49.69176993962504,0.4099142040038132,0.0,3.6551318716237686,2.0920877025738798,2.090477343878335,2.5266067135545045,3.867690304376055,0.12026877362573705,1.281206916390131,0.32489034015368107
bear_body15_range18_vol15_cp25,range_mid_reclaim,288,long_counter_trend,200013,50.5802122862014,0.12300794665487677,4.459570526678085,4.6323416125341765,-5.044041801524203,50.03574767640103,49.447785893916894,0.5144665596736212,0.0019998700084494507,3.476308566114525,2.393284436511627,2.0533328407654263,2.49185482936875,4.110221077893413,0.11754743360390853,1.3989311704859615,0.43422063355732504
bear_body15_range18_vol15_cp25,range_mid_reclaim,288,long_trend_aligned,138910,47.03621049600461,0.09061135489335963,4.35611239419337,5.186148908953012,-4.5225876765766975,48.24130732128717,50.976171621913466,0.7818011662227342,0.0007198905766323519,3.385936116450338,2.446908069973364,1.953938280476952,2.3831013235068235,3.5521832167890537,0.1080645265561708,1.4221494746843568,0.32686630897119395
bear_body15_range18_vol15_cp25,two_close_above_disp_close,12,above_ema_slope_down,11529,48.104779252320235,0.08158666835005882,1.0501603013360494,1.15744223712121,-1.0218735772287864,47.8272183190216,48.711943793911004,0.8760516957238269,2.5847861913435684,2.8122161873386164,2.572642900511753,1.9718107817469026,2.444177933412089,3.8831408478665432,0.09643892637749694,1.8505839128807964,0.4466919646433625
bear_body15_range18_vol15_cp25,two_close_above_disp_close,12,below_ema_slope_up,53904,52.71408429801128,0.03026921619649861,0.8598489550513366,0.9008188771927093,-0.976584407092317,49.48055802908875,47.50111308993767,0.3895814781834372,2.6287474027901454,3.1394250004763085,2.459724695755417,2.206695439177024,2.6390938275035296,4.106145476603156,0.10685965806560949,0.7983342304857297,0.4142637180124716
bear_body15_range18_vol15_cp25,two_close_above_disp_close,12,long_counter_trend,267729,51.96149838082539,0.004822518418744418,0.9799354141961568,0.9619838830174976,-1.1254103972097058,48.15653141796369,48.91289326146962,0.46390193068363905,2.4666733898830535,3.059243657252274,2.591519783064218,2.1155960280485253,2.554308225951544,4.29404102828543,0.11079626065672465,1.0407248105424107,0.47888687095431354
bear_body15_range18_vol15_cp25,two_close_above_disp_close,12,long_trend_aligned,183576,48.48836449209047,0.012235642628395297,0.9734913167474147,1.0626090375784771,-1.021041301950513,47.29812175883558,49.530439708894406,0.6095568048110864,2.561881727458927,3.113812593292448,2.566294068941474,1.9781512036251259,2.4141217318060106,3.7096050123374993,0.102123859016048,1.047819450459834,0.3542664073270624
bear_body15_range18_vol15_cp25,two_close_above_disp_close,36,above_ema_slope_down,11529,50.07372712290745,0.17444440230808572,1.7650487529025536,1.960668990741318,-1.6464675340054502,48.998178506375226,49.9002515395958,0.8760516957238269,0.22551825830514355,3.1716943406067983,2.572642900511753,1.9718107817469026,2.444177933412089,3.8831408478665432,0.09643892637749694,1.8505839128807964,0.4466919646433625
bear_body15_range18_vol15_cp25,two_close_above_disp_close,36,below_ema_slope_up,53904,51.76239240130602,0.06189654290639881,1.4522001391003005,1.5708684382460292,-1.610386824505641,50.831107153458,48.64759572573464,0.3914366280795488,0.12986049272781242,3.505944198833451,2.459724695755417,2.206695439177024,2.6390938275035296,4.106145476603156,0.10685965806560949,0.7983342304857297,0.4142637180124716
bear_body15_range18_vol15_cp25,two_close_above_disp_close,36,long_counter_trend,267729,51.83935994979998,-0.0030033016604706013,1.611537289686128,1.6095299130185143,-1.9109783744893156,49.35849310310053,50.03044122975098,0.4691310989844208,0.14193456816407635,3.3965603013289747,2.591519783064218,2.1155960280485253,2.554308225951544,4.29404102828543,0.11079626065672465,1.0407248105424107,0.47888687095431354
bear_body15_range18_vol15_cp25,two_close_above_disp_close,36,long_trend_aligned,183576,48.496535494835925,0.03921499194452656,1.6383575657885863,1.849161472905928,-1.699498072528122,48.50797489867957,50.76698479104023,0.6155488734910882,0.10949143678912276,3.466459441036128,2.566294068941474,1.9781512036251259,2.4141217318060106,3.7096050123374993,0.102123859016048,1.047819450459834,0.3542664073270624
bear_body15_range18_vol15_cp25,two_close_above_disp_close,72,above_ema_slope_down,11529,50.35128805620609,0.3002895025669513,2.4813218144531546,2.7062595399903357,-2.268665954499148,49.05022118136873,50.03903200624512,0.8760516957238269,0.03469511666232977,3.2603036876355747,2.572642900511753,1.9718107817469026,2.444177933412089,3.8831408478665432,0.09643892637749694,1.8505839128807964,0.4466919646433625
bear_body15_range18_vol15_cp25,two_close_above_disp_close,72,below_ema_slope_up,53904,50.85336895221134,0.10958846180790377,2.0614195851879513,2.2460825139309573,-2.2340308024609246,50.89418224992579,48.690264173345206,0.3914366280795488,0.024116948649450874,3.5562524354716,2.459724695755417,2.206695439177024,2.6390938275035296,4.106145476603156,0.10685965806560949,0.7983342304857297,0.4142637180124716
bear_body15_range18_vol15_cp25,two_close_above_disp_close,72,long_counter_trend,267729,50.668399762446356,-0.022081446040221917,2.2408872375169246,2.2538909177864976,-2.638231860794504,49.41713449047357,50.08684154499513,0.4691310989844208,0.026892865546877625,3.4481668702854775,2.591519783064218,2.1155960280485253,2.554308225951544,4.29404102828543,0.11079626065672465,1.0407248105424107,0.47888687095431354
bear_body15_range18_vol15_cp25,two_close_above_disp_close,72,long_trend_aligned,183576,48.19257419270493,0.07440871877284234,2.243005877383662,2.6080717539539746,-2.3250766087452277,48.549374645923216,50.821458142676605,0.6155488734910882,0.013618337909094872,3.5087250954775513,2.566294068941474,1.9781512036251259,2.4141217318060106,3.7096050123374993,0.102123859016048,1.047819450459834,0.3542664073270624
bear_body15_range18_vol15_cp25,two_close_above_disp_close,288,above_ema_slope_down,11529,48.174169485644896,0.1655668262367399,4.456471720052862,5.114314819853765,-4.480023226409481,49.0588949605343,50.06505334374187,0.8760516957238269,0.0,3.2891837973805185,2.572642900511753,1.9718107817469026,2.444177933412089,3.8831408478665432,0.09643892637749694,1.8505839128807964,0.4466919646433625
bear_body15_range18_vol15_cp25,two_close_above_disp_close,288,below_ema_slope_up,53904,48.50474918373405,0.07088790306096195,4.166098427730833,4.613981323855316,-4.44388168284172,50.91087859899079,48.695829623033546,0.3914366280795488,0.0018551498961116059,3.584939613750626,2.459724695755417,2.206695439177024,2.6390938275035296,4.106145476603156,0.10685965806560949,0.7983342304857297,0.4142637180124716
bear_body15_range18_vol15_cp25,two_close_above_disp_close,288,long_counter_trend,267729,50.5186214418311,0.10907448117306368,4.456251999016545,4.644907611417108,-5.012389504981924,49.43170145931147,50.096179345532235,0.4691310989844208,0.0029880961718752918,3.47463217304582,2.591519783064218,2.1155960280485253,2.554308225951544,4.29404102828543,0.11079626065672465,1.0407248105424107,0.47888687095431354
bear_body15_range18_vol15_cp25,two_close_above_disp_close,288,long_trend_aligned,183576,47.19189872314464,0.0981914776531884,4.404254822546128,5.260195610364389,-4.560109352010211,48.55591144811958,50.82690547784024,0.6155488734910882,0.0016342005490913845,3.520730172737821,2.566294068941474,1.9781512036251259,2.4141217318060106,3.7096050123374993,0.102123859016048,1.047819450459834,0.3542664073270624
bear_body20_range22_vol20_cp20,base_no_confirm,12,above_ema_slope_down,1929,47.64126490409539,0.19452300307528586,1.4355484682900688,1.6519832974414774,-1.2990692878458323,49.09279419388284,46.3452566096423,2.2291342664593055,2.332814930015552,2.194267515923567,0.0,2.4142934680482115,2.8957945160857483,7.399903598100697,0.06899964749114736,0.0,0.0
bear_body20_range22_vol20_cp20,base_no_confirm,12,below_ema_slope_up,60222,56.7384012487131,0.09958434447256787,1.1378823916806324,1.1617722381871403,-1.2607326889410446,50.327122978313575,43.41934841087974,5.283783334993855,0.9697452758128259,1.8056272846171904,0.0,2.738091574695814,3.15935587027184,5.435353049225461,0.08559404078885281,0.0,0.0
bear_body20_range22_vol20_cp20,base_no_confirm,12,long_counter_trend,139073,55.22639189490411,0.16226652980496842,1.4891137083041275,1.4520418216526594,-1.819001431329979,49.47976961739518,44.349370474499004,5.503584448455128,0.667275459650687,1.7135835535126136,0.0,2.7103309665090376,3.1442882311021956,6.020763657004525,0.08956340662039178,0.0,0.0
bear_body20_range22_vol20_cp20,base_no_confirm,12,long_trend_aligned,60249,51.423260137097714,0.041560933760412,1.151939976216531,1.277510954804737,-1.242276258140002,48.97176716626002,46.70616939700244,2.4979667712327176,1.8240966655048219,2.231834319526627,0.0,2.475248828961894,2.9143196616899987,5.391932737245528,0.08221382991106704,0.0,0.0
bear_body20_range22_vol20_cp20,base_no_confirm,36,above_ema_slope_down,1929,50.5443234836703,0.26054692445869576,2.167546697783299,2.5191686375567888,-1.9230431253901281,50.02592016588906,47.69310523587351,2.2291342664593055,0.05184033177812338,2.595954356846473,0.0,2.4142934680482115,2.8957945160857483,7.399903598100697,0.06899964749114736,0.0,0.0
bear_body20_range22_vol20_cp20,base_no_confirm,36,below_ema_slope_up,60222,55.00481551592441,0.1343503991170717,1.6552586426182379,1.796936085342863,-1.8379230645868296,50.78708777523164,43.784663412042114,5.288764903191525,0.13948390953472153,1.942216235990555,0.0,2.738091574695814,3.15935587027184,5.435353049225461,0.08559404078885281,0.0,0.0
bear_body20_range22_vol20_cp20,base_no_confirm,36,long_counter_trend,139073,55.1724633825401,0.16767163268379826,2.084010066181255,2.090042327117442,-2.616072112882752,49.794712129600995,44.60103686553105,5.505022542118168,0.0992284627497789,1.8068233346528952,0.0,2.7103309665090376,3.1442882311021956,6.020763657004525,0.08956340662039178,0.0,0.0
bear_body20_range22_vol20_cp20,base_no_confirm,36,long_trend_aligned,60249,50.35270294942654,0.08880647293362608,1.8088627474091583,2.0811532633769354,-1.8731492688775664,49.75684243721887,47.54103802552739,2.5029461069893273,0.19917343026440273,2.49325616590996,0.0,2.475248828961894,2.9143196616899987,5.391932737245528,0.08221382991106704,0.0,0.0
bear_body20_range22_vol20_cp20,base_no_confirm,72,above_ema_slope_down,1929,49.351995852773456,0.37063918620095515,2.87513113423775,3.183984004729342,-2.511965522757212,50.07776049766719,47.69310523587351,2.2291342664593055,0.0,2.6137895282529806,0.0,2.4142934680482115,2.8957945160857483,7.399903598100697,0.06899964749114736,0.0,0.0
bear_body20_range22_vol20_cp20,base_no_confirm,72,below_ema_slope_up,60222,53.85573378499552,0.20888550511900908,2.185093711636064,2.44674687572157,-2.368207874194298,50.858490252731556,43.81289229849556,5.288764903191525,0.03985254558134901,1.9894348649456792,0.0,2.738091574695814,3.15935587027184,5.435353049225461,0.08559404078885281,0.0,0.0
bear_body20_range22_vol20_cp20,base_no_confirm,72,long_counter_trend,139073,53.364779648098484,0.17864083474500483,2.678882472450823,2.7205996596566195,-3.2478364551582035,49.83497875216612,44.6348320666125,5.505741588949689,0.02444759227168465,1.8426556577650874,0.0,2.7103309665090376,3.1442882311021956,6.020763657004525,0.08956340662039178,0.0,0.0
bear_body20_range22_vol20_cp20,base_no_confirm,72,long_trend_aligned,60249,49.37841291971651,0.12402589752244367,2.381353807507761,2.8502691740776993,-2.448305987185215,49.836511809324634,47.61406828329101,2.5029461069893273,0.046473800395027305,2.5645372876571297,0.0,2.475248828961894,2.9143196616899987,5.391932737245528,0.08221382991106704,0.0,0.0
bear_body20_range22_vol20_cp20,base_no_confirm,288,above_ema_slope_down,1929,49.4556765163297,0.08632798143556546,4.452208300072446,5.601066977161747,-4.630091469096247,50.07776049766719,47.69310523587351,2.2291342664593055,0.0,2.6137895282529806,0.0,2.4142934680482115,2.8957945160857483,7.399903598100697,0.06899964749114736,0.0,0.0
bear_body20_range22_vol20_cp20,base_no_confirm,288,below_ema_slope_up,60222,50.104612932151035,0.15520963873930313,4.154389266646408,4.734138677781381,-4.433254873618224,50.88007704825479,43.82783700308857,5.288764903191525,0.0033210454651124172,2.031617402856194,0.0,2.738091574695814,3.15935587027184,5.435353049225461,0.08559404078885281,0.0,0.0
bear_body20_range22_vol20_cp20,base_no_confirm,288,long_counter_trend,139073,51.258691478576004,0.27794795941425776,4.786062098854667,5.026673336145472,-5.44121893443852,49.85007873562805,44.6420225349277,5.505741588949689,0.002157140494560411,1.8663191198676925,0.0,2.7103309665090376,3.1442882311021956,6.020763657004525,0.08956340662039178,0.0,0.0
bear_body20_range22_vol20_cp20,base_no_confirm,288,long_trend_aligned,60249,47.278793009012595,0.14134809272322,4.500991114256476,5.551240543656574,-4.589055539862064,49.85476937376554,47.63896496207406,2.5029461069893273,0.0033195571710733793,2.6132753498099492,0.0,2.475248828961894,2.9143196616899987,5.391932737245528,0.08221382991106704,0.0,0.0
bear_body20_range22_vol20_cp20,body_mid_reclaim,12,above_ema_slope_down,2871,42.07593173110414,0.04029321944243063,1.149003580425714,1.19427928335093,-1.2244176567588814,40.16022291884361,54.78927203065134,1.8460466736328804,3.2044583768721697,2.5631522130262683,2.407871821664925,2.6203412718168995,3.1114672005698174,5.498547282443478,0.06959463909295141,2.7261312749078046,0.6588993105266584
bear_body20_range22_vol20_cp20,body_mid_reclaim,12,below_ema_slope_up,9864,52.77777777777778,-0.0007983698736716475,0.8894418547458098,0.9014281856305828,-1.0561602458653299,46.806569343065696,49.49310624493106,0.4460665044606651,3.2542579075425793,3.2283349051660903,2.2421938361719382,2.6245929561347503,3.0343626813461664,5.080631180587131,0.08461878245072589,1.6536260120270927,0.38948738521119775
bear_body20_range22_vol20_cp20,body_mid_reclaim,12,long_counter_trend,58206,53.18352059925093,0.04901508474591596,1.069952254205947,1.0889187296184417,-1.2077014624862674,48.957152183623684,47.08792907947634,0.6202109748135931,3.3347077620863828,3.10020438994046,2.511167233618527,2.634590323124723,3.062235012063366,5.745537766043565,0.09008973806571055,1.7970740280291615,0.48981685065780234
bear_body20_range22_vol20_cp20,body_mid_reclaim,12,long_trend_aligned,32608,48.98184494602552,0.020766948223583572,1.0502644790043836,1.1556485217546715,-1.0976838858866662,47.144872423945046,49.30691854759568,0.9384200196270854,2.6097890088321885,3.0128160720471078,2.5836604514229635,2.4907184097656274,2.918652822611855,4.939804291675309,0.08154521701840461,1.8020383137384066,0.39118317834722965
bear_body20_range22_vol20_cp20,body_mid_reclaim,36,above_ema_slope_down,2871,46.6388018112156,0.17530818400569265,1.6728795176253755,2.0230566537505665,-1.7326543205901033,41.692789968652036,56.04319052594915,1.8460466736328804,0.41797283176593525,3.0265827212311995,2.407871821664925,2.6203412718168995,3.1114672005698174,5.498547282443478,0.06959463909295141,2.7261312749078046,0.6588993105266584
bear_body20_range22_vol20_cp20,body_mid_reclaim,36,below_ema_slope_up,9864,52.15936739659367,0.04481025510656082,1.4201474484738057,1.530459022071115,-1.6382803913221438,48.40835360908354,50.912408759124084,0.4460665044606651,0.23317112733171128,3.67066355045219,2.2421938361719382,2.6245929561347503,3.0343626813461664,5.080631180587131,0.08461878245072589,1.6536260120270927,0.38948738521119775
bear_body20_range22_vol20_cp20,body_mid_reclaim,36,long_counter_trend,58206,51.917328110504066,-0.10583146472436851,1.7889295734201447,1.7045265892381027,-2.259452395728248,50.49479435109782,48.5980826718895,0.6253650826375288,0.28175789437515036,3.548154784466421,2.511167233618527,2.634590323124723,3.062235012063366,5.745537766043565,0.09008973806571055,1.7970740280291615,0.48981685065780234
bear_body20_range22_vol20_cp20,body_mid_reclaim,36,long_trend_aligned,32608,49.30691854759568,0.06549109464863709,1.6810793611113068,1.952121498723025,-1.7376368722008455,48.426766437684,50.5366781157998,0.94148675171737,0.09506869479882238,3.3748963993001198,2.5836604514229635,2.4907184097656274,2.918652822611855,4.939804291675309,0.08154521701840461,1.8020383137384066,0.39118317834722965
bear_body20_range22_vol20_cp20,body_mid_reclaim,72,above_ema_slope_down,2871,54.3712991988854,0.7054172602556908,2.5738093536621367,2.899885462549494,-2.223964942268021,41.692789968652036,56.42633228840125,1.8460466736328804,0.034831069313827935,3.2010452961672473,2.407871821664925,2.6203412718168995,3.1114672005698174,5.498547282443478,0.06959463909295141,2.7261312749078046,0.6588993105266584
bear_body20_range22_vol20_cp20,body_mid_reclaim,72,below_ema_slope_up,9864,51.165855636658556,0.10450629267227877,1.9796196573127522,2.165316080240746,-2.2185532473700214,48.48945660989457,51.044201135442016,0.4460665044606651,0.020275750202757504,3.7646522003650373,2.2421938361719382,2.6245929561347503,3.0343626813461664,5.080631180587131,0.08461878245072589,1.6536260120270927,0.38948738521119775
bear_body20_range22_vol20_cp20,body_mid_reclaim,72,long_counter_trend,58206,51.298835171631794,-0.1370048678254021,2.4055424361037874,2.307043103088898,-2.995163354223853,50.599594543517846,48.70631893619215,0.6253650826375288,0.0687214376524757,3.642505931300072,2.511167233618527,2.634590323124723,3.062235012063366,5.745537766043565,0.09008973806571055,1.7970740280291615,0.48981685065780234
bear_body20_range22_vol20_cp20,body_mid_reclaim,72,long_trend_aligned,32608,48.386898920510305,0.10894382434905295,2.280083333832054,2.705163192325325,-2.333455439176328,48.45743375858685,50.5765456329735,0.9445534838076546,0.021467124631992147,3.408392380601822,2.5836604514229635,2.4907184097656274,2.918652822611855,4.939804291675309,0.08154521701840461,1.8020383137384066,0.39118317834722965
bear_body20_range22_vol20_cp20,body_mid_reclaim,288,above_ema_slope_down,2871,50.052246603970744,0.1258431091085352,4.1482342372436785,4.887641349920642,-4.196483640788298,41.692789968652036,56.46116335771508,1.8460466736328804,0.0,3.234413096482062,2.407871821664925,2.6203412718168995,3.1114672005698174,5.498547282443478,0.06959463909295141,2.7261312749078046,0.6588993105266584
bear_body20_range22_vol20_cp20,body_mid_reclaim,288,below_ema_slope_up,9864,47.141119221411195,0.1657432063827354,3.9719468630056474,4.455974327598973,-4.229057770119892,48.499594484995946,51.054339010543394,0.4460665044606651,0.0,3.798357664233577,2.2421938361719382,2.6245929561347503,3.0343626813461664,5.080631180587131,0.08461878245072589,1.6536260120270927,0.38948738521119775
bear_body20_range22_vol20_cp20,body_mid_reclaim,288,long_counter_trend,58206,49.927842490464904,0.022294249305721738,4.511485030532552,4.612663353325508,-5.278292760882063,50.62536508263753,48.74067965501838,0.6270831185788407,0.006872143765247568,3.7168825813545925,2.511167233618527,2.634590323124723,3.062235012063366,5.745537766043565,0.09008973806571055,1.7970740280291615,0.48981685065780234
bear_body20_range22_vol20_cp20,body_mid_reclaim,288,long_trend_aligned,32608,46.70326300294406,0.08884103618237485,4.325503792289239,5.239912908957525,-4.506191262583469,48.46970068694799,50.58574582924435,0.9445534838076546,0.0,3.433758586849853,2.5836604514229635,2.4907184097656274,2.918652822611855,4.939804291675309,0.08154521701840461,1.8020383137384066,0.39118317834722965
bear_body20_range22_vol20_cp20,bull_close_above_disp_close,12,above_ema_slope_down,2739,41.10989412194231,0.07435337169665525,1.2060960538311725,1.2726446228097599,-1.2727651508212594,37.495436290617015,57.21066082511865,1.6794450529390288,3.614457831325301,2.603409090909091,1.502008032128514,2.5427942873860023,3.045166616193481,6.000230147473886,0.06544136055844932,1.8116050104817356,0.6110607816918721
bear_body20_range22_vol20_cp20,bull_close_above_disp_close,12,below_ema_slope_up,32139,54.27051246149538,0.049067098528498096,0.9551328070743496,0.9947904496762301,-1.1041823519918592,49.57839385170665,47.41902361616727,0.6503002582532126,2.3522822738728646,2.8110760602874167,1.4557702479853138,2.7327537964888853,3.1513570880884827,5.462562629354725,0.08649173560747846,0.7097412820254105,0.5232239630704676
bear_body20_range22_vol20_cp20,bull_close_above_disp_close,12,long_counter_trend,110297,53.53817420238084,0.10083743885599444,1.186075598056353,1.1861312140802642,-1.3592077766183857,49.41657524683355,47.715713029366164,0.7434472379121825,2.124264485888102,2.6955462511810584,1.5609853395831255,2.704926526484752,3.1379566779319417,6.0557103794438225,0.09046581878523477,0.825965198110733,0.6232810233482265
bear_body20_range22_vol20_cp20,bull_close_above_disp_close,12,long_trend_aligned,54976,49.29423748544819,0.01838138298911673,1.0551230240774179,1.156905710333613,-1.1320164910942343,47.54802095459837,48.78856228172294,0.7385040745052387,2.9249126891734574,2.9736171488532452,1.5632275902211874,2.4823613370510924,2.917985373522569,5.204854049352152,0.08221990410247028,0.8092719752523557,0.43789861859942153
bear_body20_range22_vol20_cp20,bull_close_above_disp_close,36,above_ema_slope_down,2739,45.49105512960935,0.21017105858980745,1.8125805177787637,2.207633471708807,-1.7880749451925635,39.13837166849215,58.817086527929895,1.6794450529390288,0.36509675063891933,3.1304507145474534,1.502008032128514,2.5427942873860023,3.045166616193481,6.000230147473886,0.06544136055844932,1.8116050104817356,0.6110607816918721
bear_body20_range22_vol20_cp20,bull_close_above_disp_close,36,below_ema_slope_up,32139,52.85789850337596,0.08032441733900084,1.5054079752744163,1.6453737415818512,-1.6954608767551136,50.704751236815085,48.420921621705716,0.6503002582532126,0.22402688322598713,3.1335952848722988,1.4557702479853138,2.7327537964888853,3.1513570880884827,5.462562629354725,0.08649173560747846,0.7097412820254105,0.5232239630704676
bear_body20_range22_vol20_cp20,bull_close_above_disp_close,36,long_counter_trend,110297,52.91712376583225,0.04325516795521912,1.841792301443429,1.8247866228644467,-2.220244752590392,50.40300280152679,48.641395504864136,0.7461671668313735,0.2094345267777002,2.9885977504406447,1.5609853395831255,2.704926526484752,3.1379566779319417,6.0557103794438225,0.09046581878523477,0.825965198110733,0.6232810233482265
bear_body20_range22_vol20_cp20,bull_close_above_disp_close,36,long_trend_aligned,54976,49.474316065192085,0.05828198129459346,1.7122819396851134,1.9716943262380175,-1.7858560175333051,48.83949359720605,50.18735448195576,0.7439610011641443,0.22919091967403957,3.3811485870556064,1.5632275902211874,2.4823613370510924,2.917985373522569,5.204854049352152,0.08221990410247028,0.8092719752523557,0.43789861859942153
bear_body20_range22_vol20_cp20,bull_close_above_disp_close,72,above_ema_slope_down,2739,55.531215772179635,0.7709697141042292,2.7191395199028734,3.096628656416999,-2.2862601595208627,39.211391018619935,59.072654253377145,1.6794450529390288,0.03650967506389193,3.285975164353543,1.502008032128514,2.5427942873860023,3.045166616193481,6.000230147473886,0.06544136055844932,1.8116050104817356,0.6110607816918721
bear_body20_range22_vol20_cp20,bull_close_above_disp_close,72,below_ema_slope_up,32139,51.927564641090264,0.1551881967498007,2.0781554741744652,2.3140433283675303,-2.2628070653603554,50.804318740471075,48.504931702915464,0.6503002582532126,0.040449298360247674,3.2150905808379506,1.4557702479853138,2.7327537964888853,3.1513570880884827,5.462562629354725,0.08649173560747846,0.7097412820254105,0.5232239630704676
bear_body20_range22_vol20_cp20,bull_close_above_disp_close,72,long_counter_trend,110297,51.87720427572826,0.02341673958046107,2.4763705662756625,2.4513414999138865,-2.928100867287198,50.48822724099477,48.7220867294668,0.7461671668313735,0.043518862707054594,3.066186541374525,1.5609853395831255,2.704926526484752,3.1379566779319417,6.0557103794438225,0.09046581878523477,0.825965198110733,0.6232810233482265
bear_body20_range22_vol20_cp20,bull_close_above_disp_close,72,long_trend_aligned,54976,48.71580325960419,0.11489910628226323,2.3140253602064793,2.7519164151143802,-2.380351577059861,48.93044237485448,50.27830325960419,0.7457799767171129,0.0454743888242142,3.4633946606977126,1.5632275902211874,2.4823613370510924,2.917985373522569,5.204854049352152,0.08221990410247028,0.8092719752523557,0.43789861859942153
bear_body20_range22_vol20_cp20,bull_close_above_disp_close,288,above_ema_slope_down,2739,52.0627966411099,0.42844421601129296,4.1020843620378535,5.227748199862501,-4.106959776865741,39.211391018619935,59.109163928441035,1.6794450529390288,0.0,3.32092004381161,1.502008032128514,2.5427942873860023,3.045166616193481,6.000230147473886,0.06544136055844932,1.8116050104817356,0.6110607816918721
bear_body20_range22_vol20_cp20,bull_close_above_disp_close,288,below_ema_slope_up,32139,49.01832664364168,0.13682832159143857,4.1402317981809285,4.675886597059186,-4.336638624134264,50.82609913189583,48.52360060985096,0.6503002582532126,0.0,3.2718503998257567,1.4557702479853138,2.7327537964888853,3.1513570880884827,5.462562629354725,0.08649173560747846,0.7097412820254105,0.5232239630704676
bear_body20_range22_vol20_cp20,bull_close_above_disp_close,288,long_counter_trend,110297,50.296925573678344,0.14817884839734805,4.567280175362703,4.781476410126467,-5.186386531097339,50.51089331532136,48.74021958892808,0.7470738098044372,0.0018132859461272746,3.1129697629085635,1.5609853395831255,2.704926526484752,3.1379566779319417,6.0557103794438225,0.09046581878523477,0.825965198110733,0.6232810233482265
bear_body20_range22_vol20_cp20,bull_close_above_disp_close,288,long_trend_aligned,54976,47.366123399301514,0.1398003373374779,4.425351204580594,5.41852282129915,-4.559654869510381,48.9468131548312,50.30376891734575,0.7457799767171129,0.003637951105937136,3.5086950194637465,1.5632275902211874,2.4823613370510924,2.917985373522569,5.204854049352152,0.08221990410247028,0.8092719752523557,0.43789861859942153
bear_body20_range22_vol20_cp20,close_above_disp_close,12,above_ema_slope_down,2718,40.94922737306843,0.07351316674618458,1.2097158343574916,1.2665422533755575,-1.275040801998059,37.60117733627668,57.2111846946284,1.6188373804267846,3.568800588668138,2.6028233498664632,1.4764532744665195,2.5430584736937702,3.047253962136602,6.019604308789437,0.06555246138202962,1.7906055806795416,0.616907281571739
bear_body20_range22_vol20_cp20,close_above_disp_close,12,below_ema_slope_up,32667,54.34230262956501,0.05090535363574387,0.9506352004352651,0.9908554928228922,-1.0979831562655424,49.51786206263201,47.42094468423792,0.6612177426760951,2.399975510453975,2.798607408336731,1.4309853981081826,2.7388782290977347,3.156405734679872,5.4631157478691055,0.08622352766571133,0.6951437189856658,0.5165676417691341
bear_body20_range22_vol20_cp20,close_above_disp_close,12,long_counter_trend,111013,53.528865988667995,0.10028004235493496,1.1857216380265352,1.1853169383277729,-1.3595770603999882,49.373496797672345,47.7394539378271,0.757568933368164,2.12948033113239,2.68603484615597,1.5343428247142226,2.706735775622853,3.1392526272067585,6.054340269985149,0.09032404705418674,0.8120219875817701,0.6184859446857314
bear_body20_range22_vol20_cp20,close_above_disp_close,12,long_trend_aligned,55163,49.29028515490456,0.018755017268612877,1.0533262673988313,1.1559191673523224,-1.130232808798826,47.61706216123126,48.67936841723619,0.7486902452730997,2.9548791762594493,2.9699250929333307,1.531878251726701,2.4842052060297,2.91955543808676,5.206170034745396,0.08209910881396132,0.7920240337500956,0.434629633681306
bear_body20_range22_vol20_cp20,close_above_disp_close,36,above_ema_slope_down,2718,45.36423841059602,0.217658123532526,1.8116193222116088,2.2047589641267917,-1.7872895583476078,39.10963944076527,58.86681383370125,1.6188373804267846,0.40470934510669615,3.115626154414481,1.4764532744665195,2.5430584736937702,3.047253962136602,6.019604308789437,0.06555246138202962,1.7906055806795416,0.616907281571739
bear_body20_range22_vol20_cp20,close_above_disp_close,36,below_ema_slope_up,32667,52.89741941408761,0.08116343205424138,1.498201348217762,1.6383774154604835,-1.6859760282072846,50.67805430556831,48.41889368475832,0.6642789359292252,0.23877307374414544,3.130135935438338,1.4309853981081826,2.7388782290977347,3.156405734679872,5.4631157478691055,0.08622352766571133,0.6951437189856658,0.5165676417691341
bear_body20_range22_vol20_cp20,close_above_disp_close,36,long_counter_trend,111013,52.92263068289299,0.04371459855882401,1.8400752614126452,1.8231427630967103,-2.217692748832883,50.35986776323493,48.66367002062822,0.7593705241728447,0.2170916919640042,2.980383129310656,1.5343428247142226,2.706735775622853,3.1392526272067585,6.054340269985149,0.09032404705418674,0.8120219875817701,0.6184859446857314
bear_body20_range22_vol20_cp20,close_above_disp_close,36,long_trend_aligned,55163,49.53320160252343,0.058829900846159855,1.7097617293660912,1.969831741265255,-1.7826572560999032,48.9331617207186,50.066167539836485,0.7541286732048655,0.24654206624005223,3.379413742344667,1.531878251726701,2.4842052060297,2.91955543808676,5.206170034745396,0.08209910881396132,0.7920240337500956,0.434629633681306
bear_body20_range22_vol20_cp20,close_above_disp_close,72,above_ema_slope_down,2718,55.55555555555556,0.778767181406781,2.722490270092024,3.0950573270721167,-2.287633915311528,39.18322295805739,59.16114790286976,1.6188373804267846,0.03679175864606328,3.292234081707766,1.4764532744665195,2.5430584736937702,3.047253962136602,6.019604308789437,0.06555246138202962,1.7906055806795416,0.616907281571739
bear_body20_range22_vol20_cp20,close_above_disp_close,72,below_ema_slope_up,32667,51.954571892123546,0.15619239529658585,2.069571885850863,2.305085984725678,-2.25179577362389,50.78825726268099,48.504607095845955,0.6642789359292252,0.04285670554382098,3.2180197837870947,1.4309853981081826,2.7388782290977347,3.156405734679872,5.4631157478691055,0.08622352766571133,0.6951437189856658,0.5165676417691341
bear_body20_range22_vol20_cp20,close_above_disp_close,72,long_counter_trend,111013,51.879509606982964,0.024718803322134875,2.4731482900855166,2.448781909521551,-2.9241498945465034,50.446344121859596,48.74564240224118,0.7593705241728447,0.04864295172637439,3.0588055047359837,1.5343428247142226,2.706735775622853,3.1392526272067585,6.054340269985149,0.09032404705418674,0.8120219875817701,0.6184859446857314
bear_body20_range22_vol20_cp20,close_above_disp_close,72,long_trend_aligned,55163,48.78632416656092,0.11457738364942438,2.3103493692446944,2.747543034053904,-2.3762419916890067,49.03467904211156,50.1586208146765,0.7559414825154542,0.050758660696481335,3.46661830053505,1.531878251726701,2.4842052060297,2.91955543808676,5.206170034745396,0.08209910881396132,0.7920240337500956,0.434629633681306
bear_body20_range22_vol20_cp20,close_above_disp_close,288,above_ema_slope_down,2718,52.13392200147167,0.430445956489345,4.113850730048969,5.234315770204575,-4.111886007357957,39.18322295805739,59.19793966151582,1.6188373804267846,0.0,3.327446651949963,1.4764532744665195,2.5430584736937702,3.047253962136602,6.019604308789437,0.06555246138202962,1.7906055806795416,0.616907281571739
bear_body20_range22_vol20_cp20,close_above_disp_close,288,below_ema_slope_up,32667,49.04643830164998,0.13728001598004946,4.123360906818205,4.656680785796389,-4.319093676237647,50.81274680870603,48.522974255364744,0.6642789359292252,0.0,3.2761502433648637,1.4309853981081826,2.7388782290977347,3.156405734679872,5.4631157478691055,0.08622352766571133,0.6951437189856658,0.5165676417691341
bear_body20_range22_vol20_cp20,close_above_disp_close,288,long_counter_trend,111013,50.303117652887494,0.15103419480670285,4.560701208794193,4.776360086928546,-5.177903449309365,50.470665597722785,48.766360696495006,0.7602713195751849,0.002702386207020799,3.112052968201063,1.5343428247142226,2.706735775622853,3.1392526272067585,6.054340269985149,0.09032404705418674,0.8120219875817701,0.6184859446857314
bear_body20_range22_vol20_cp20,close_above_disp_close,288,long_trend_aligned,55163,47.41765313706651,0.14176233763909513,4.418658434749388,5.412239030660844,-4.552162684095169,49.05280713521745,50.18581295433533,0.7559414825154542,0.005438427931765857,3.5150290065264684,1.531878251726701,2.4842052060297,2.91955543808676,5.206170034745396,0.08209910881396132,0.7920240337500956,0.434629633681306
bear_body20_range22_vol20_cp20,low_sweep_reclaim,12,above_ema_slope_down,1861,40.032240730789894,0.13173361421609497,1.3273329730329595,1.375547727580928,-1.3686809774313067,34.175174637291775,60.93498119290703,1.5045674368619022,3.3852767329392797,2.5956618464961068,1.5969908651262763,2.5431806218073514,3.02657400270055,6.085833397769577,0.052904277529951194,1.677331642783811,0.8963113691614639
bear_body20_range22_vol20_cp20,low_sweep_reclaim,12,below_ema_slope_up,27064,54.70366538575229,0.08487019420206392,0.9809861526827718,1.0288817762524867,-1.1175731666597293,50.6318356488324,46.57109074785693,0.7648536801655336,2.0322199231451377,2.7269744286037567,1.7201448418563405,2.692526928417152,3.1032888295504293,5.3451155717277095,0.08492057390377715,0.3741162520205276,0.8284739370764655
bear_body20_range22_vol20_cp20,low_sweep_reclaim,12,long_counter_trend,85222,53.57419445683039,0.12602051685383525,1.2331802083052483,1.2415960795156162,-1.3930153236386602,48.93220060547746,48.30090821618831,0.8518927037619395,1.9149984745722937,2.6083622442875942,1.8670883105301448,2.6718675168774495,3.08414478841692,5.890701390000713,0.08570165809233546,0.4633383304681447,0.9902044926097439
bear_body20_range22_vol20_cp20,low_sweep_reclaim,12,long_trend_aligned,39297,49.34982314171565,0.01699179814764897,1.0934360441232438,1.1923499051037227,-1.1742235050012813,47.41074382268366,48.89940707942082,0.7914090134106929,2.8984400844848204,2.9260705487709,1.8767335928951319,2.462466198746771,2.879393955206986,5.220117981468633,0.07499212392581481,0.4769762228599053,0.7172688257432425
bear_body20_range22_vol20_cp20,low_sweep_reclaim,36,above_ema_slope_down,1861,46.211714132187,0.2596882785814473,1.8953074183550012,2.3474117605565548,-1.8533192085964834,35.67974207415368,62.439548629768936,1.5045674368619022,0.37614185921547555,3.0938511326860842,1.5969908651262763,2.5431806218073514,3.02657400270055,6.085833397769577,0.052904277529951194,1.677331642783811,0.8963113691614639
bear_body20_range22_vol20_cp20,low_sweep_reclaim,36,below_ema_slope_up,27064,52.97073603310671,0.11041720127796714,1.5205016640073814,1.6952635443664819,-1.7216347103450143,51.70706473544191,47.40984333431865,0.7648536801655336,0.11823825007389892,3.0190514945250073,1.7201448418563405,2.692526928417152,3.1032888295504293,5.3451155717277095,0.08492057390377715,0.3741162520205276,0.8284739370764655
bear_body20_range22_vol20_cp20,low_sweep_reclaim,36,long_counter_trend,85222,53.463894299594,0.1595063048781159,1.8300399418040587,1.903767982015567,-2.1270316068860544,49.820468893008844,49.153974325878295,0.8542395156180329,0.1713172654948253,2.876016737975457,1.8670883105301448,2.6718675168774495,3.08414478841692,5.890701390000713,0.08570165809233546,0.4633383304681447,0.9902044926097439
bear_body20_range22_vol20_cp20,low_sweep_reclaim,36,long_trend_aligned,39297,49.10298496068402,0.03654095967504621,1.7770170698245926,2.019507362139035,-1.8498977503304042,48.708552815736574,50.31172863068427,0.801587907473853,0.17813064610530066,3.3358656027736,1.8767335928951319,2.462466198746771,2.879393955206986,5.220117981468633,0.07499212392581481,0.4769762228599053,0.7172688257432425
bear_body20_range22_vol20_cp20,low_sweep_reclaim,72,above_ema_slope_down,1861,58.78559914024718,0.9440030517408418,2.8723194358667294,3.2324849370995556,-2.2999660891735663,35.78721117678668,62.708221386351426,1.5045674368619022,0.0,3.2729715206878023,1.5969908651262763,2.5431806218073514,3.02657400270055,6.085833397769577,0.052904277529951194,1.677331642783811,0.8963113691614639
bear_body20_range22_vol20_cp20,low_sweep_reclaim,72,below_ema_slope_up,27064,51.865947383978714,0.17262516661877075,2.08145882810495,2.362624776359441,-2.2951130032445484,51.74770913390482,47.461572568725984,0.7648536801655336,0.025864617203665386,3.0618324278375284,1.7201448418563405,2.692526928417152,3.1032888295504293,5.3451155717277095,0.08492057390377715,0.3741162520205276,0.8284739370764655
bear_body20_range22_vol20_cp20,low_sweep_reclaim,72,long_counter_trend,85222,52.49935462673957,0.18045835034180915,2.4838481348426016,2.569469511063272,-2.804030840530846,49.88735303090751,49.2243786815611,0.8542395156180329,0.0340287719133557,2.9412275656450646,1.8670883105301448,2.6718675168774495,3.08414478841692,5.890701390000713,0.08570165809233546,0.4633383304681447,0.9902044926097439
bear_body20_range22_vol20_cp20,low_sweep_reclaim,72,long_trend_aligned,39297,48.8281548209787,0.11457361487630406,2.3756597007400515,2.8185326273780884,-2.448516710308621,48.76708145659974,50.382980889126394,0.8041326309896429,0.04580502328422017,3.393492706026121,1.8767335928951319,2.462466198746771,2.879393955206986,5.220117981468633,0.07499212392581481,0.4769762228599053,0.7172688257432425
bear_body20_range22_vol20_cp20,low_sweep_reclaim,288,above_ema_slope_down,1861,55.507791509940894,0.6764298503450926,4.125779067950376,5.4889154668941025,-3.963149015726643,35.78721117678668,62.708221386351426,1.5045674368619022,0.0,3.2729715206878023,1.5969908651262763,2.5431806218073514,3.02657400270055,6.085833397769577,0.052904277529951194,1.677331642783811,0.8963113691614639
bear_body20_range22_vol20_cp20,low_sweep_reclaim,288,below_ema_slope_up,27064,49.23514631983446,0.15196502792428,4.157569899732423,4.7184062034453955,-4.389279697915464,51.76618386047886,47.4689624593556,0.7648536801655336,0.0,3.101574046704109,1.7201448418563405,2.692526928417152,3.1032888295504293,5.3451155717277095,0.08492057390377715,0.3741162520205276,0.8284739370764655
bear_body20_range22_vol20_cp20,low_sweep_reclaim,288,long_counter_trend,85222,50.6852690619793,0.2516532746222697,4.645823232154714,4.917792551135903,-5.097328474100888,49.90378071390016,49.240806364553755,0.8554129215460797,0.0,2.981354579803337,1.8670883105301448,2.6718675168774495,3.08414478841692,5.890701390000713,0.08570165809233546,0.4633383304681447,0.9902044926097439
bear_body20_range22_vol20_cp20,low_sweep_reclaim,288,long_trend_aligned,39297,47.66267145074687,0.1663670140238786,4.490131490971875,5.543667478266272,-4.628043288395337,48.79252869175764,50.39824923022114,0.8041326309896429,0.005089447031580019,3.444636722229291,1.8767335928951319,2.462466198746771,2.879393955206986,5.220117981468633,0.07499212392581481,0.4769762228599053,0.7172688257432425
bear_body20_range22_vol20_cp20,no_lower_low_bull_reversal,12,above_ema_slope_down,932,43.02575107296137,-0.0036801108426473606,1.0166350417526147,1.136298777666952,-1.12084420331913,43.66952789699571,50.536480686695285,1.8240343347639485,3.969957081545064,2.6849162011173187,1.1169527896995708,2.5155887307571416,3.0686115420526106,6.150190929803812,0.0907385970379912,1.7508547638271559,0.0
bear_body20_range22_vol20_cp20,no_lower_low_bull_reversal,12,below_ema_slope_up,12144,54.100790513834,0.008310669088980425,0.9509804484792914,0.959737250648549,-1.1114757955774552,48.31192358366271,47.94137022397892,0.592885375494071,3.1538208168642954,2.8463566023297338,1.0794631093544138,2.7852430907248227,3.275413550244594,5.812322190429754,0.10698168995126042,0.8421737136214139,0.0
bear_body20_range22_vol20_cp20,no_lower_low_bull_reversal,12,long_counter_trend,42378,53.19741375241871,0.001180727536501661,1.1314152481498974,1.0747666464285264,-1.3908127404312196,49.54221530039171,47.44442871301147,0.7598282127518996,2.2535277738449198,2.706853680322526,1.0710274198876775,2.741208437902416,3.2495892027387105,6.440664277932258,0.1106829312039911,1.01269126265915,0.0
bear_body20_range22_vol20_cp20,no_lower_low_bull_reversal,12,long_trend_aligned,22586,49.87602939874258,0.03322319663009158,0.998946294783937,1.1113585083103064,-1.0642216829558124,48.202426281767465,47.75081909147259,0.7216860001771009,3.325068626582839,3.0633844744675978,1.0949703356061278,2.4985904181360445,2.98874599923848,5.364329708367053,0.10152608323799775,0.9572888895261084,0.0
bear_body20_range22_vol20_cp20,no_lower_low_bull_reversal,36,above_ema_slope_down,932,44.098712446351925,0.11927756042033699,1.6879620533055562,1.9917965846190882,-1.7084292499165659,45.60085836909871,52.03862660944206,1.8240343347639485,0.5364806866952789,3.2243797195253507,1.1169527896995708,2.5155887307571416,3.0686115420526106,6.150190929803812,0.0907385970379912,1.7508547638271559,0.0
bear_body20_range22_vol20_cp20,no_lower_low_bull_reversal,36,below_ema_slope_up,12144,53.02206851119895,0.013938255202414146,1.5497048219050638,1.6024251447217532,-1.7093998142215625,49.74472990777339,49.217720685111985,0.592885375494071,0.4446640316205534,3.265343258891646,1.0794631093544138,2.7852430907248227,3.275413550244594,5.812322190429754,0.10698168995126042,0.8421737136214139,0.0
bear_body20_range22_vol20_cp20,no_lower_low_bull_reversal,36,long_counter_trend,42378,52.09542687243381,-0.165265909552856,1.87107882063243,1.6859701716134095,-2.4329743100274923,50.64184246543017,48.36235782717448,0.7645476426447685,0.23125206475057813,3.0177388836329233,1.0710274198876775,2.741208437902416,3.2495892027387105,6.440664277932258,0.1106829312039911,1.01269126265915,0.0
bear_body20_range22_vol20_cp20,no_lower_low_bull_reversal,36,long_trend_aligned,22586,49.9778623926326,0.09926647378128016,1.6379872381392075,1.9191778658706902,-1.6972875520277944,49.636943239174705,49.32701673603117,0.7216860001771009,0.3143540246170194,3.519653564290473,1.0949703356061278,2.4985904181360445,2.98874599923848,5.364329708367053,0.10152608323799775,0.9572888895261084,0.0
bear_body20_range22_vol20_cp20,no_lower_low_bull_reversal,72,above_ema_slope_down,932,49.0343347639485,0.4086260239987762,2.466043698484766,2.830552623087289,-2.2830454607044692,45.70815450643777,52.36051502145923,1.8240343347639485,0.1072961373390558,3.430719656283566,1.1169527896995708,2.5155887307571416,3.0686115420526106,6.150190929803812,0.0907385970379912,1.7508547638271559,0.0
bear_body20_range22_vol20_cp20,no_lower_low_bull_reversal,72,below_ema_slope_up,12144,52.742094861660085,0.08306638604132122,2.114801337113785,2.26104298171056,-2.2738172918280317,49.967061923583664,49.33300395256917,0.592885375494071,0.10704874835309618,3.4146401780562194,1.0794631093544138,2.7852430907248227,3.275413550244594,5.812322190429754,0.10698168995126042,0.8421737136214139,0.0
bear_body20_range22_vol20_cp20,no_lower_low_bull_reversal,72,long_counter_trend,42378,51.448864977110766,-0.1977472920894414,2.475278820283528,2.287871615836985,-3.1693050286606654,50.73387134834112,48.44022842040682,0.7645476426447685,0.061352588607296234,3.0968313184737437,1.0710274198876775,2.741208437902416,3.2495892027387105,6.440664277932258,0.1106829312039911,1.01269126265915,0.0
bear_body20_range22_vol20_cp20,no_lower_low_bull_reversal,72,long_trend_aligned,22586,48.379527140706635,0.11025501993355437,2.246260990716948,2.6982436236760634,-2.2908700779454447,49.765341361905605,49.45098733728859,0.7216860001771009,0.06198530062870805,3.6368952684742157,1.0949703356061278,2.4985904181360445,2.98874599923848,5.364329708367053,0.10152608323799775,0.9572888895261084,0.0
bear_body20_range22_vol20_cp20,no_lower_low_bull_reversal,288,above_ema_slope_down,932,44.31330472103004,-0.06739942367487164,4.207261298923161,4.82200082864441,-4.480674842617587,45.70815450643777,52.467811158798284,1.8240343347639485,0.0,3.5332618025751072,1.1169527896995708,2.5155887307571416,3.0686115420526106,6.150190929803812,0.0907385970379912,1.7508547638271559,0.0
bear_body20_range22_vol20_cp20,no_lower_low_bull_reversal,288,below_ema_slope_up,12144,48.92951251646904,0.041080249537938214,4.211428756604822,4.630979076820691,-4.425888840593748,50.016469038208164,49.39064558629776,0.592885375494071,0.0,3.559864953886693,1.0794631093544138,2.7852430907248227,3.275413550244594,5.812322190429754,0.10698168995126042,0.8421737136214139,0.0
bear_body20_range22_vol20_cp20,no_lower_low_bull_reversal,288,long_counter_trend,42378,49.766388220302986,0.02369883787606009,4.55839594164944,4.655442660048689,-5.387988402478052,50.76926707253764,48.46382556987116,0.7645476426447685,0.002359714946434471,3.1637680817424547,1.0710274198876775,2.741208437902416,3.2495892027387105,6.440664277932258,0.1106829312039911,1.01269126265915,0.0
bear_body20_range22_vol20_cp20,no_lower_low_bull_reversal,288,long_trend_aligned,22586,47.06012574160985,0.11617020707084912,4.377155562530463,5.33201942148841,-4.497599402249847,49.787478969273,49.48640750907642,0.7216860001771009,0.004427521473479147,3.7086561877352224,1.0949703356061278,2.4985904181360445,2.98874599923848,5.364329708367053,0.10152608323799775,0.9572888895261084,0.0
bear_body20_range22_vol20_cp20,range_mid_reclaim,12,above_ema_slope_down,2811,41.83564567769477,-0.0010561339813650653,1.139455429149288,1.1823976399167306,-1.233904632649788,40.76840981856991,53.96655994308075,1.92102454642476,3.344005691924582,2.5576002944423997,2.4133760227676984,2.6162293718913157,3.095224643760977,5.379316111317354,0.06942112587979998,2.739661815491021,0.6517778742791125
bear_body20_range22_vol20_cp20,range_mid_reclaim,12,below_ema_slope_up,10801,53.050643458938985,0.011505963100604215,0.9011483684242834,0.9163173218771362,-1.0542159839238971,47.74557911304509,48.56957689102861,0.45366169799092676,3.2311822979353764,3.2159395331037124,2.182853439496343,2.638924673195763,3.049073575073729,5.149280649599513,0.09302148605157182,1.5840788329230744,0.37555400310492065
bear_body20_range22_vol20_cp20,range_mid_reclaim,12,long_counter_trend,61408,53.230849400729554,0.04448414870870257,1.0781654821650637,1.0852166291407062,-1.2343953625547999,49.0587545596665,47.0980979676915,0.6139265242313705,3.2292209484106307,3.0837189734960035,2.4396984106305366,2.6529400059709465,3.083371029346488,5.812647050483532,0.09449638298398216,1.727910893364346,0.48524318188917376
bear_body20_range22_vol20_cp20,range_mid_reclaim,12,long_trend_aligned,33228,49.23558444685205,0.02237136207425769,1.048506330307482,1.1555435426045135,-1.0928528625889133,47.63452509931383,48.78114842903575,0.9359576260984711,2.648368845551944,3.035952763694819,2.535331648007704,2.490863072949994,2.9056958137947166,4.872718036156447,0.0850640074319537,1.756849880785196,0.38473135347003057
bear_body20_range22_vol20_cp20,range_mid_reclaim,36,above_ema_slope_down,2811,46.31803628601921,0.1500548882461723,1.6623768837879458,1.9963269464686006,-1.7541869537259314,42.4048381358947,55.28281750266809,1.92102454642476,0.39131981501245106,3.0421428571428573,2.4133760227676984,2.6162293718913157,3.095224643760977,5.379316111317354,0.06942112587979998,2.739661815491021,0.6517778742791125
bear_body20_range22_vol20_cp20,range_mid_reclaim,36,below_ema_slope_up,10801,52.50439774094991,0.04614105857319813,1.4359106403155055,1.543863267336224,-1.6447779159237685,49.35654106101287,49.949078789001014,0.45366169799092676,0.24071845199518566,3.64584686774942,2.182853439496343,2.638924673195763,3.049073575073729,5.149280649599513,0.09302148605157182,1.5840788329230744,0.37555400310492065
bear_body20_range22_vol20_cp20,range_mid_reclaim,36,long_counter_trend,61408,52.08767587285045,-0.10134872176761912,1.7870160035273368,1.6987995975111168,-2.2636711067596282,50.56018759770714,48.55881969775925,0.6171834288692027,0.26380927566440854,3.521160565587957,2.4396984106305366,2.6529400059709465,3.083371029346488,5.812647050483532,0.09449638298398216,1.727910893364346,0.48524318188917376
bear_body20_range22_vol20_cp20,range_mid_reclaim,36,long_trend_aligned,33228,49.29878415793908,0.06339326315126521,1.6859552361411376,1.9527093749090423,-1.7408279930344017,48.92259540146864,50.036114120621164,0.9389671361502347,0.10232334175996147,3.402663131891306,2.535331648007704,2.490863072949994,2.9056958137947166,4.872718036156447,0.0850640074319537,1.756849880785196,0.38473135347003057
bear_body20_range22_vol20_cp20,range_mid_reclaim,72,above_ema_slope_down,2811,54.4290288153682,0.6502080172521106,2.5535329525514374,2.8638569540115966,-2.252762523387651,42.4048381358947,55.63856278904304,1.92102454642476,0.03557452863749555,3.201067615658363,2.4133760227676984,2.6162293718913157,3.095224643760977,5.379316111317354,0.06942112587979998,2.739661815491021,0.6517778742791125
bear_body20_range22_vol20_cp20,range_mid_reclaim,72,below_ema_slope_up,10801,51.54152393296917,0.10713484600972902,2.0070899786399785,2.182530716162455,-2.237669820992166,49.458383483010834,50.06943801499861,0.45366169799092676,0.018516803999629666,3.74571719603667,2.182853439496343,2.638924673195763,3.049073575073729,5.149280649599513,0.09302148605157182,1.5840788329230744,0.37555400310492065
bear_body20_range22_vol20_cp20,range_mid_reclaim,72,long_counter_trend,61408,51.38744137571651,-0.1389540272441954,2.409187931072747,2.3014420760191574,-2.9982256125579085,50.67092235539343,48.64838457529964,0.6171834288692027,0.06350964043772798,3.6113347129658298,2.4396984106305366,2.6529400059709465,3.083371029346488,5.812647050483532,0.09449638298398216,1.727910893364346,0.48524318188917376
bear_body20_range22_vol20_cp20,range_mid_reclaim,72,long_trend_aligned,33228,48.266522210184185,0.10701238775367751,2.289601260521035,2.7090532819159194,-2.3419323330897246,48.95269050198628,50.08125677139762,0.9419766462019983,0.024076080414108584,3.4382901866345574,2.535331648007704,2.490863072949994,2.9056958137947166,4.872718036156447,0.0850640074319537,1.756849880785196,0.38473135347003057
bear_body20_range22_vol20_cp20,range_mid_reclaim,288,above_ema_slope_down,2811,50.30238349341871,0.13494397157034863,4.144321389965125,4.849181914294834,-4.223086700449015,42.4048381358947,55.67413731768054,1.92102454642476,0.0,3.2351476342938454,2.4133760227676984,2.6162293718913157,3.095224643760977,5.379316111317354,0.06942112587979998,2.739661815491021,0.6517778742791125
bear_body20_range22_vol20_cp20,range_mid_reclaim,288,below_ema_slope_up,10801,47.412276641051754,0.16249528406514901,4.031739597288368,4.518816827739809,-4.267137057208062,49.46764188501065,50.078696416998426,0.45366169799092676,0.0,3.7763170076844736,2.182853439496343,2.638924673195763,3.049073575073729,5.149280649599513,0.09302148605157182,1.5840788329230744,0.37555400310492065
bear_body20_range22_vol20_cp20,range_mid_reclaim,288,long_counter_trend,61408,49.957660239708176,0.026909977256926478,4.496549341390716,4.608505382108974,-5.2695255308827615,50.69860604481501,48.67769671704013,0.6188118811881188,0.004885356956748306,3.6792443612083705,2.4396984106305366,2.6529400059709465,3.083371029346488,5.812647050483532,0.09449638298398216,1.727910893364346,0.48524318188917376
bear_body20_range22_vol20_cp20,range_mid_reclaim,288,long_trend_aligned,33228,46.716624533525945,0.08738458136086508,4.354353183653027,5.259826532045832,-4.5265443837371455,48.967738052245096,50.0902853015529,0.9419766462019983,0.0,3.468881666064765,2.535331648007704,2.490863072949994,2.9056958137947166,4.872718036156447,0.0850640074319537,1.756849880785196,0.38473135347003057
bear_body20_range22_vol20_cp20,two_close_above_disp_close,12,above_ema_slope_down,2808,49.10968660968661,0.15492520140614865,1.1650981496289414,1.293310877363271,-1.1049054613868619,45.4059829059829,49.64387464387464,1.103988603988604,3.8461538461538463,2.8537037037037036,2.5003561253561255,2.5803035395682947,3.066969171330078,5.687971187848582,0.07121170689933964,2.359736335144997,0.6306590273234113
bear_body20_range22_vol20_cp20,two_close_above_disp_close,12,below_ema_slope_up,21907,53.845802711462085,0.05104569893688272,0.8721087570694163,0.9433425831996124,-1.0116317375999337,49.938375861596754,46.52850686995024,0.37887433240516727,3.154242936047839,3.0988404977375565,2.422513351896654,2.7580816288010603,3.1804350066556135,5.512888336298422,0.08534618478978162,0.9216785158152697,0.4927947108869343
bear_body20_range22_vol20_cp20,two_close_above_disp_close,12,long_counter_trend,91897,52.49246438947952,0.05058845559737176,1.0781375064851098,1.091032448142526,-1.2424408537002676,48.64903098033668,47.696878026486175,0.4700915155010501,3.183999477676094,3.0396533701992783,2.5331947724082395,2.7238191327686025,3.1573895227429745,6.128403666246035,0.09023345639563514,1.1860973214900639,0.5740427385719855
bear_body20_range22_vol20_cp20,two_close_above_disp_close,12,long_trend_aligned,48254,49.16690844282339,0.023595149538726434,1.031843711070132,1.1390046674942438,-1.0824403294237448,47.40125170970283,48.88506652298255,0.6900982301985328,3.023583537116094,3.0927022117747622,2.530194388030008,2.497258424468962,2.928827252350687,5.160159051864739,0.08203387686996604,1.1822505733706141,0.4156117173774735
bear_body20_range22_vol20_cp20,two_close_above_disp_close,36,above_ema_slope_down,2808,51.92307692307693,0.3114395111749583,1.8389056733530302,2.200861499082422,-1.6400560057014841,47.150997150997156,51.21082621082621,1.103988603988604,0.5341880341880342,3.3759398496240602,2.5003561253561255,2.5803035395682947,3.066969171330078,5.687971187848582,0.07121170689933964,2.359736335144997,0.6306590273234113
bear_body20_range22_vol20_cp20,two_close_above_disp_close,36,below_ema_slope_up,21907,52.544848678504586,0.0867554964662117,1.449868244470115,1.5980768926114242,-1.6167894432984546,51.49952070114575,47.87967316382891,0.38343908339800065,0.23736705162733374,3.5348890414092886,2.422513351896654,2.7580816288010603,3.1804350066556135,5.512888336298422,0.08534618478978162,0.9216785158152697,0.4927947108869343
bear_body20_range22_vol20_cp20,two_close_above_disp_close,36,long_counter_trend,91897,51.94728881247484,-0.028287881576429905,1.76958862564363,1.722099359934083,-2.154675388243399,50.12350784029947,49.08865360131451,0.4766205643274536,0.3112179940585656,3.471242536376636,2.5331947724082395,2.7238191327686025,3.1573895227429745,6.128403666246035,0.09023345639563514,1.1860973214900639,0.5740427385719855
bear_body20_range22_vol20_cp20,two_close_above_disp_close,36,long_trend_aligned,48254,49.62490156256476,0.0753955994870096,1.7047710086664754,1.9585302423308995,-1.7426969017003855,48.7897376383305,50.312927425705645,0.6942429643138393,0.20309197165001863,3.5085762937121023,2.530194388030008,2.497258424468962,2.928827252350687,5.160159051864739,0.08203387686996604,1.1822505733706141,0.4156117173774735
bear_body20_range22_vol20_cp20,two_close_above_disp_close,72,above_ema_slope_down,2808,53.205128205128204,0.700277221039487,2.625079810776908,3.0292185394201163,-2.1500630119436694,47.22222222222222,51.63817663817664,1.103988603988604,0.03561253561253561,3.599928749554685,2.5003561253561255,2.5803035395682947,3.066969171330078,5.687971187848582,0.07121170689933964,2.359736335144997,0.6306590273234113
bear_body20_range22_vol20_cp20,two_close_above_disp_close,72,below_ema_slope_up,21907,51.44017893823892,0.15973136742389962,1.9922153703206171,2.2492589075379263,-2.18312970154498,51.613639475966586,47.961838681699916,0.38343908339800065,0.04108275893550007,3.6272718969768927,2.422513351896654,2.7580816288010603,3.1804350066556135,5.512888336298422,0.08534618478978162,0.9216785158152697,0.4927947108869343
bear_body20_range22_vol20_cp20,two_close_above_disp_close,72,long_counter_trend,91897,51.145303981631606,-0.04642078635886201,2.3732306831251644,2.339223959314489,-2.8705199385251814,50.243207068783526,49.20944100460298,0.4766205643274536,0.07073136228603763,3.5811046258384875,2.5331947724082395,2.7238191327686025,3.1573895227429745,6.128403666246035,0.09023345639563514,1.1860973214900639,0.5740427385719855
bear_body20_range22_vol20_cp20,two_close_above_disp_close,72,long_trend_aligned,48254,48.91200729473204,0.14095646078882618,2.3119845613206507,2.7468239763784323,-2.3468266780662352,48.86019811829071,50.40825631035769,0.6942429643138393,0.03730260703775853,3.58271830168339,2.530194388030008,2.497258424468962,2.928827252350687,5.160159051864739,0.08203387686996604,1.1822505733706141,0.4156117173774735
bear_body20_range22_vol20_cp20,two_close_above_disp_close,288,above_ema_slope_down,2808,49.750712250712255,0.3905923499301627,4.2361828950639895,5.2368762419904575,-4.1010591964813985,47.25783475783476,51.63817663817664,1.103988603988604,0.0,3.627136752136752,2.5003561253561255,2.5803035395682947,3.066969171330078,5.687971187848582,0.07121170689933964,2.359736335144997,0.6306590273234113
bear_body20_range22_vol20_cp20,two_close_above_disp_close,288,below_ema_slope_up,21907,48.769799607431416,0.1498106742391588,4.062397671304642,4.590988475389963,-4.262147537690497,51.64559273291643,47.97096818368558,0.38343908339800065,0.0,3.6738028940521295,2.422513351896654,2.7580816288010603,3.1804350066556135,5.512888336298422,0.08534618478978162,0.9216785158152697,0.4927947108869343
bear_body20_range22_vol20_cp20,two_close_above_disp_close,288,long_counter_trend,91897,50.23885436956592,0.07174378729955497,4.4955799965246355,4.665211582629936,-5.1524287298609375,50.281293186937546,49.2344690251042,0.4766205643274536,0.0076172236308040524,3.656643813254979,2.5331947724082395,2.7238191327686025,3.1573895227429745,6.128403666246035,0.09023345639563514,1.1860973214900639,0.5740427385719855
bear_body20_range22_vol20_cp20,two_close_above_disp_close,288,long_trend_aligned,48254,47.57947527666101,0.16227304871984138,4.395132705008537,5.412965945770139,-4.5207196140425605,48.87884942180959,50.42483524681892,0.6942429643138393,0.0020723670576532514,3.6192153855718816,2.530194388030008,2.497258424468962,2.928827252350687,5.160159051864739,0.08203387686996604,1.1822505733706141,0.4156117173774735
bear_range25_body08_vol15_cp20,base_no_confirm,12,above_ema_slope_down,3345,45.979073243647235,0.0742570130651457,1.305406096985452,1.5517325899666727,-1.3161077364290024,47.3542600896861,47.86248131539612,2.8400597907324365,1.9431988041853512,2.2045731707317073,0.0,1.8918862423256448,3.0137423438168174,8.2373682563047,0.08819879274547116,0.0,0.0
bear_range25_body08_vol15_cp20,base_no_confirm,12,below_ema_slope_up,59806,56.48429923419055,0.08828748001993526,1.1294727919473222,1.1556343765967019,-1.2589701670714928,50.033441460723004,43.5039962545564,5.467678828211216,0.9948834565093804,1.7830808464643393,0.0,2.713518403997746,3.2463727886368856,5.397469801644777,0.09439178838667402,0.0,0.0
bear_range25_body08_vol15_cp20,base_no_confirm,12,long_counter_trend,140719,55.51062756273139,0.17716086253888247,1.4738838277795614,1.4554167325980232,-1.7871298352030083,49.60097783526034,44.03527597552569,5.634633560500004,0.7291126287139619,1.7156120922308205,0.0,2.64737643944295,3.234079976951961,6.042889398554275,0.09935886615975276,0.0,0.0
bear_range25_body08_vol15_cp20,base_no_confirm,12,long_trend_aligned,73673,50.853094077884705,0.03619668104742647,1.1688550063440528,1.312573451190884,-1.255732599940663,48.50895171908298,47.19232283197372,2.6156122324325057,1.6831132165107978,2.1822787955766016,0.0,2.242698811791083,3.017785175150284,5.794627417380204,0.09407296105950691,0.0,0.0
bear_range25_body08_vol15_cp20,base_no_confirm,36,above_ema_slope_down,3345,46.36771300448431,0.045376879269593155,1.99352428553942,2.3123016872255646,-1.9657082184747066,48.13153961136024,48.93871449925262,2.8400597907324365,0.08968609865470852,2.528426092160383,0.0,1.8918862423256448,3.0137423438168174,8.2373682563047,0.08819879274547116,0.0,0.0
bear_range25_body08_vol15_cp20,base_no_confirm,36,below_ema_slope_up,59806,54.589840484232354,0.12947320959853087,1.6547735819207743,1.7954660180642772,-1.837279613613512,50.506638129953515,43.87185232250945,5.471022974283517,0.15048657325351972,1.923052448255074,0.0,2.713518403997746,3.2463727886368856,5.397469801644777,0.09439178838667402,0.0,0.0
bear_range25_body08_vol15_cp20,base_no_confirm,36,long_counter_trend,140719,55.45306603941188,0.18603365433246102,2.084055928380333,2.0993785560935163,-2.5878771997141343,49.94279379472566,44.31100277858711,5.636765468771097,0.10943795791613074,1.818454095969836,0.0,2.64737643944295,3.234079976951961,6.042889398554275,0.09935886615975276,0.0,0.0
bear_range25_body08_vol15_cp20,base_no_confirm,36,long_trend_aligned,73673,49.441450735004686,0.07608996729492354,1.8318525938747268,2.1278543688509393,-1.8883976647299345,49.258208570303914,47.94293703256281,2.6183269311688138,0.1805274659644646,2.427563230894751,0.0,2.242698811791083,3.017785175150284,5.794627417380204,0.09407296105950691,0.0,0.0
bear_range25_body08_vol15_cp20,base_no_confirm,72,above_ema_slope_down,3345,48.22122571001495,0.18825389792115957,2.6371793798116143,3.028022189093042,-2.5954352768127267,48.191330343796714,48.96860986547085,2.8400597907324365,0.0,2.564424514200299,0.0,1.8918862423256448,3.0137423438168174,8.2373682563047,0.08819879274547116,0.0,0.0
bear_range25_body08_vol15_cp20,base_no_confirm,72,below_ema_slope_up,59806,53.623382269337526,0.19401570636915702,2.1691272549102076,2.4375432366089145,-2.3649354733350885,50.57686519747182,43.90529378323245,5.471022974283517,0.046818045012206135,1.9722138579410486,0.0,2.713518403997746,3.2463727886368856,5.397469801644777,0.09439178838667402,0.0,0.0
bear_range25_body08_vol15_cp20,base_no_confirm,72,long_counter_trend,140719,53.677897085681394,0.21444266357122863,2.6575710392267715,2.736158344694877,-3.2021861156199063,49.98614259623789,44.34795585528607,5.637476104861461,0.028425443614579406,1.8574911678359953,0.0,2.64737643944295,3.234079976951961,6.042889398554275,0.09935886615975276,0.0,0.0
bear_range25_body08_vol15_cp20,base_no_confirm,72,long_trend_aligned,73673,48.730199666092055,0.11053419274078229,2.397722999020308,2.891330407969701,-2.457744896473621,49.33286278555237,48.01216185033866,2.6183269311688138,0.03664843294015446,2.494201993319393,0.0,2.242698811791083,3.017785175150284,5.794627417380204,0.09407296105950691,0.0,0.0
bear_range25_body08_vol15_cp20,base_no_confirm,288,above_ema_slope_down,3345,48.639760837070256,0.1026259493487823,4.478239158497007,5.591678135243526,-4.703593641273527,48.191330343796714,48.96860986547085,2.8400597907324365,0.0,2.564424514200299,0.0,1.8918862423256448,3.0137423438168174,8.2373682563047,0.08819879274547116,0.0,0.0
bear_range25_body08_vol15_cp20,base_no_confirm,288,below_ema_slope_up,59806,49.93980537069859,0.13640725813551347,4.112675046489589,4.702593069926066,-4.420419353525754,50.600274219977926,43.92535865966625,5.471022974283517,0.003344146072300438,2.0235602969701025,0.0,2.713518403997746,3.2463727886368856,5.397469801644777,0.09439178838667402,0.0,0.0
bear_range25_body08_vol15_cp20,base_no_confirm,288,long_counter_trend,140719,51.47989965818404,0.30760535554137136,4.731345683178815,5.035704131650893,-5.36192526246614,50.003908498497005,44.357194124460804,5.637476104861461,0.0014212721807289705,1.886403206435612,0.0,2.64737643944295,3.234079976951961,6.042889398554275,0.09935886615975276,0.0,0.0
bear_range25_body08_vol15_cp20,base_no_confirm,288,long_trend_aligned,73673,47.21132572312788,0.10586743600035951,4.5155615514338185,5.561344123010062,-4.5980905869153155,49.34779362860206,48.031164741492816,2.6183269311688138,0.0027146987363077385,2.5299371530181483,0.0,2.242698811791083,3.017785175150284,5.794627417380204,0.09407296105950691,0.0,0.0
bear_range25_body08_vol15_cp20,body_mid_reclaim,12,above_ema_slope_down,4165,42.25690276110444,0.018209550375036694,1.1307924328367422,1.2272364935155688,-1.1989635945840156,43.43337334933974,52.10084033613446,1.7767106842737093,2.689075630252101,2.5667406859116704,2.3217286914765904,2.2233927856321087,3.1404634698531333,5.945443458608802,0.08382844450691779,2.3805896070748243,0.6087396696155558
bear_range25_body08_vol15_cp20,body_mid_reclaim,12,below_ema_slope_up,9688,52.188274153592076,-0.019833324629206648,0.8891920092181621,0.898574422005053,-1.0560925785430093,47.10982658959538,49.267134599504544,0.47481420313790257,3.1482246077621805,3.193328359799638,2.199731626754748,2.5792814671648117,3.1202408634819307,5.071832779114199,0.09492257682333423,1.632488909038869,0.37489465016963563
bear_range25_body08_vol15_cp20,body_mid_reclaim,12,long_counter_trend,59297,53.00605426918731,0.059052699558073435,1.0547489336087845,1.0878361571401278,-1.1743798598100474,49.18461304956406,46.67521122485117,0.5969947889437914,3.5431809366409763,3.089044688439751,2.45219825623556,2.5536926843586047,3.15525088234606,5.771841689863143,0.10115740125666581,1.7616822376112118,0.4686419108623842
bear_range25_body08_vol15_cp20,body_mid_reclaim,12,long_trend_aligned,40666,48.468007672256924,0.015268704228307815,1.0845423798705518,1.2170937622280504,-1.1274369533653887,47.184380071804455,49.51556582894801,1.0180494762209216,2.282004623026607,2.91131914036942,2.4575812718241283,2.235973846975327,3.007612439660303,5.31188818162974,0.09423797702237097,1.6928900400723788,0.38549722910691253
bear_range25_body08_vol15_cp20,body_mid_reclaim,36,above_ema_slope_down,4165,47.73109243697479,0.12958613837817431,1.6285746752188397,2.0375983442305015,-1.7306894929907857,44.585834333733494,53.34933973589436,1.7767106842737093,0.28811524609843936,2.965567059956658,2.3217286914765904,2.2233927856321087,3.1404634698531333,5.945443458608802,0.08382844450691779,2.3805896070748243,0.6087396696155558
bear_range25_body08_vol15_cp20,body_mid_reclaim,36,below_ema_slope_up,9688,51.971511147811725,0.03186155239379379,1.4252830060232793,1.5185369012344367,-1.6486563232974032,48.64781172584641,50.66061106523534,0.47481420313790257,0.2167630057803468,3.6322540602048203,2.199731626754748,2.5792814671648117,3.1202408634819307,5.071832779114199,0.09492257682333423,1.632488909038869,0.37489465016963563
bear_range25_body08_vol15_cp20,body_mid_reclaim,36,long_counter_trend,59297,52.18139197598529,-0.09907038806138642,1.7886055424189231,1.7022643269906785,-2.253733079070925,50.74118420830733,48.36669646019192,0.6020540668161964,0.290065264684554,3.567340380549683,2.45219825623556,2.5536926843586047,3.15525088234606,5.771841689863143,0.10115740125666581,1.7616822376112118,0.4686419108623842
bear_range25_body08_vol15_cp20,body_mid_reclaim,36,long_trend_aligned,40666,48.25898785225987,0.046580191020900164,1.7463387282791338,2.0338757626106503,-1.7872280985579587,48.2860374760242,50.61476417646191,1.022967589632617,0.07623075788127674,3.2315245478036174,2.4575812718241283,2.235973846975327,3.007612439660303,5.31188818162974,0.09423797702237097,1.6928900400723788,0.38549722910691253
bear_range25_body08_vol15_cp20,body_mid_reclaim,72,above_ema_slope_down,4165,52.72509003601441,0.5532516266852847,2.5125546577110476,2.9576984125095587,-2.2571178589425895,44.585834333733494,53.61344537815126,1.7767106842737093,0.024009603841536616,3.0854947166186357,2.3217286914765904,2.2233927856321087,3.1404634698531333,5.945443458608802,0.08382844450691779,2.3805896070748243,0.6087396696155558
bear_range25_body08_vol15_cp20,body_mid_reclaim,72,below_ema_slope_up,9688,50.79479768786127,0.07532397563014723,1.9895778130654689,2.156757169974423,-2.2283246414168554,48.709744013212216,50.79479768786127,0.47481420313790257,0.020644095788604457,3.716704521990502,2.199731626754748,2.5792814671648117,3.1202408634819307,5.071832779114199,0.09492257682333423,1.632488909038869,0.37489465016963563
bear_range25_body08_vol15_cp20,body_mid_reclaim,72,long_counter_trend,59297,51.18471423512151,-0.1185724118425195,2.377384983072981,2.3077518807546897,-2.969139599788145,50.84911546958531,48.47968699934229,0.6020540668161964,0.06914346425620184,3.6661603888213854,2.45219825623556,2.5536926843586047,3.15525088234606,5.771841689863143,0.10115740125666581,1.7616822376112118,0.4686419108623842
bear_range25_body08_vol15_cp20,body_mid_reclaim,72,long_trend_aligned,40666,47.60733782521025,0.08291649281793062,2.330267752873045,2.7866676320998236,-2.3820328040849867,48.305709929670975,50.65410908375547,1.022967589632617,0.01721339694093346,3.2571140460906562,2.4575812718241283,2.235973846975327,3.007612439660303,5.31188818162974,0.09423797702237097,1.6928900400723788,0.38549722910691253
bear_range25_body08_vol15_cp20,body_mid_reclaim,288,above_ema_slope_down,4165,50.61224489795918,0.3969643611249062,4.346823624291263,5.221720536031729,-4.243733498947072,44.585834333733494,53.637454981992796,1.7767106842737093,0.0,3.1082833133253303,2.3217286914765904,2.2233927856321087,3.1404634698531333,5.945443458608802,0.08382844450691779,2.3805896070748243,0.6087396696155558
bear_range25_body08_vol15_cp20,body_mid_reclaim,288,below_ema_slope_up,9688,47.027250206440954,0.1008693833354098,3.8975728944419945,4.390598541117642,-4.251166624514313,48.72006606110653,50.805119735755575,0.47481420313790257,0.0,3.7510322047894302,2.199731626754748,2.5792814671648117,3.1202408634819307,5.071832779114199,0.09492257682333423,1.632488909038869,0.37489465016963563
bear_range25_body08_vol15_cp20,body_mid_reclaim,288,long_counter_trend,59297,49.940131878509874,0.01834257653641541,4.465592468971891,4.614778466367921,-5.231390526253609,50.87272543298986,48.5167883704066,0.6037404927736647,0.006745703829873349,3.7393284198809305,2.45219825623556,2.5536926843586047,3.15525088234606,5.771841689863143,0.10115740125666581,1.7616822376112118,0.4686419108623842
bear_range25_body08_vol15_cp20,body_mid_reclaim,288,long_trend_aligned,40666,46.47125362710864,0.047826198470294595,4.379584924027755,5.301815865304997,-4.544184863150209,48.31308709978852,50.66148625387301,1.022967589632617,0.0024590567058476367,3.2755194885036274,2.4575812718241283,2.235973846975327,3.007612439660303,5.31188818162974,0.09423797702237097,1.6928900400723788,0.38549722910691253
bear_range25_body08_vol15_cp20,bull_close_above_disp_close,12,above_ema_slope_down,4145,41.59227985524729,0.04832543975618738,1.1853600770238644,1.3132141318384718,-1.245076542862959,41.206272617611575,53.8962605548854,1.95416164053076,2.9433051869722555,2.6147153865274673,1.53751507840772,2.111543137163841,3.100498271256504,6.5902533043126486,0.08214459642070512,1.5691929300159557,0.5581450300042167
bear_range25_body08_vol15_cp20,bull_close_above_disp_close,12,below_ema_slope_up,31307,54.01667358737663,0.048941662673176164,0.9448575675765638,0.995125998363327,-1.0911509468645373,49.37234484300635,47.551665761650746,0.66119398217651,2.4147954131663845,2.800693921639226,1.4498355000479126,2.7199388412304235,3.2397479402006475,5.45014479520659,0.09510147253584368,0.7122515212246937,0.514532530786798
bear_range25_body08_vol15_cp20,bull_close_above_disp_close,12,long_counter_trend,110537,53.51873128454726,0.11171055773828258,1.1700687668811676,1.188839046274518,-1.3278203668009527,49.618679718103444,47.3253299800067,0.7581171915286284,2.297873110361236,2.7055658953489448,1.565819589820603,2.649086544484779,3.229546520399099,6.079891425187294,0.10051844473004305,0.8295067718540388,0.6037500920786252
bear_range25_body08_vol15_cp20,bull_close_above_disp_close,12,long_trend_aligned,65058,49.005502782132865,0.0177108411627766,1.0791218958334112,1.2025190134569554,-1.1467066879407861,47.396169571766734,49.1715085001076,0.8131206000799286,2.619201328045744,2.9014111184771285,1.572934919610194,2.275418450521004,3.0146712491305556,5.5104250277154385,0.09401354100704747,0.8124629335714094,0.42750972766988404
bear_range25_body08_vol15_cp20,bull_close_above_disp_close,36,above_ema_slope_down,4145,46.20024125452352,0.14937570450547286,1.764561883643545,2.1783063593294543,-1.791855668658565,42.388419782870926,55.39203860072376,1.95416164053076,0.26537997587454765,3.0621673923560717,1.53751507840772,2.111543137163841,3.100498271256504,6.5902533043126486,0.08214459642070512,1.5691929300159557,0.5581450300042167
bear_range25_body08_vol15_cp20,bull_close_above_disp_close,36,below_ema_slope_up,31307,52.7102564921583,0.07934624650279669,1.5015192442796637,1.641648408738067,-1.6883858502018985,50.54780081132015,48.57380138627144,0.6643881560034497,0.21400964640495737,3.136683738796415,1.4498355000479126,2.7199388412304235,3.2397479402006475,5.45014479520659,0.09510147253584368,0.7122515212246937,0.514532530786798
bear_range25_body08_vol15_cp20,bull_close_above_disp_close,36,long_counter_trend,110537,53.21204664501479,0.05479550752979715,1.8429373188034706,1.8300446798372108,-2.2088835020228554,50.674434804635546,48.34489808842288,0.7608312148873227,0.21983589205424428,3.0239450922080984,1.565819589820603,2.649086544484779,3.229546520399099,6.079891425187294,0.10051844473004305,0.8295067718540388,0.6037500920786252
bear_range25_body08_vol15_cp20,bull_close_above_disp_close,36,long_trend_aligned,65058,48.69654769590212,0.055236527396132204,1.7566018276061965,2.034905103700585,-1.8098669347861942,48.539764517814874,50.4565157244305,0.8146576900611762,0.18906206769344278,3.26966966966967,1.572934919610194,2.275418450521004,3.0146712491305556,5.5104250277154385,0.09401354100704747,0.8124629335714094,0.42750972766988404
bear_range25_body08_vol15_cp20,bull_close_above_disp_close,72,above_ema_slope_down,4145,53.46200241254524,0.6113542088182039,2.628316534875369,3.0614438094654965,-2.317445461834039,42.436670687575386,55.56091676718938,1.95416164053076,0.04825090470446321,3.1646150132754043,1.53751507840772,2.111543137163841,3.100498271256504,6.5902533043126486,0.08214459642070512,1.5691929300159557,0.5581450300042167
bear_range25_body08_vol15_cp20,bull_close_above_disp_close,72,below_ema_slope_up,31307,51.95323729517361,0.14345890958619192,2.057978628723986,2.3020351570196858,-2.2508394023026304,50.64362602612834,48.647267384291055,0.6643881560034497,0.04471843357715527,3.2112613044450837,1.4498355000479126,2.7199388412304235,3.2397479402006475,5.45014479520659,0.09510147253584368,0.7122515212246937,0.514532530786798
bear_range25_body08_vol15_cp20,bull_close_above_disp_close,72,long_counter_trend,110537,51.89484064159512,0.048457474737441504,2.446759021672932,2.4611468547537774,-2.894618062255524,50.76671159883116,48.4290328125424,0.7608312148873227,0.04342437373910998,3.106399732100028,1.565819589820603,2.649086544484779,3.229546520399099,6.079891425187294,0.10051844473004305,0.8295067718540388,0.6037500920786252
bear_range25_body08_vol15_cp20,bull_close_above_disp_close,72,long_trend_aligned,65058,48.28614467090904,0.10500502528839042,2.3536146291854356,2.8161406967510647,-2.4038651646646336,48.615081926895996,50.53337022349288,0.8146576900611762,0.03689015954994005,3.3368699449518715,1.572934919610194,2.275418450521004,3.0146712491305556,5.5104250277154385,0.09401354100704747,0.8124629335714094,0.42750972766988404
bear_range25_body08_vol15_cp20,bull_close_above_disp_close,288,above_ema_slope_down,4145,52.27985524728589,0.5693119247401046,4.293145615049076,5.445407109874623,-4.18596709514198,42.436670687575386,55.60916767189384,1.95416164053076,0.0,3.2142340168878167,1.53751507840772,2.111543137163841,3.100498271256504,6.5902533043126486,0.08214459642070512,1.5691929300159557,0.5581450300042167
bear_range25_body08_vol15_cp20,bull_close_above_disp_close,288,below_ema_slope_up,31307,48.96987894081196,0.12537744810124507,4.085943015527441,4.631976443211012,-4.314015695749171,50.66917941674386,48.666432427252694,0.6643881560034497,0.0,3.273964289136615,1.4498355000479126,2.7199388412304235,3.2397479402006475,5.45014479520659,0.09510147253584368,0.7122515212246937,0.514532530786798
bear_range25_body08_vol15_cp20,bull_close_above_disp_close,288,long_counter_trend,110537,50.426554004541465,0.1639958522684646,4.531181121006814,4.793116599588804,-5.131388514919674,50.78751911124782,48.448935650506165,0.761735889340221,0.0018093489057962493,3.1522866060523818,1.565819589820603,2.649086544484779,3.229546520399099,6.079891425187294,0.10051844473004305,0.8295067718540388,0.6037500920786252
bear_range25_body08_vol15_cp20,bull_close_above_disp_close,288,long_trend_aligned,65058,47.02880506624858,0.08657919178446495,4.475626139244168,5.457810669334069,-4.5968212324913145,48.62584155676473,50.55488948323035,0.8146576900611762,0.004611269943742506,3.372269618015525,1.572934919610194,2.275418450521004,3.0146712491305556,5.5104250277154385,0.09401354100704747,0.8124629335714094,0.42750972766988404
bear_range25_body08_vol15_cp20,close_above_disp_close,12,above_ema_slope_down,4143,41.63649529326575,0.04864651771621167,1.1843171740115335,1.306784426908883,-1.244945157679338,41.25030171373401,53.89814144339851,1.9068307989379676,2.9447260439295198,2.61427505595623,1.5206372194062274,2.1053886515124036,3.0965176078819243,6.601034804816093,0.08224034760219326,1.5483192272706334,0.5554365096961432
bear_range25_body08_vol15_cp20,close_above_disp_close,12,below_ema_slope_up,31835,54.13224438511073,0.051600681712596165,0.9410934699310081,0.991818186986546,-1.0849337789550384,49.3796136327941,47.49803675200251,0.6690749175435842,2.4532746976598085,2.789914342757777,1.4248782786241558,2.7268021058879204,3.2461319088924303,5.448435952369653,0.09479213494599209,0.6970208016893698,0.5080971006854597
bear_range25_body08_vol15_cp20,close_above_disp_close,12,long_counter_trend,111286,53.51167262728465,0.11084974040706183,1.1696086652751732,1.1877066945005776,-1.328547567321295,49.56957748503855,47.36085401577916,0.7682907104217961,2.301277788760491,2.697861577374109,1.5389806444656111,2.6509821432565395,3.231264802683466,6.078743028414143,0.10038636346770857,0.8154609766578048,0.5989825986951657
bear_range25_body08_vol15_cp20,close_above_disp_close,12,long_trend_aligned,65303,49.014593510252205,0.018227941705339812,1.0768146524052207,1.201485719780967,-1.1443913636310563,47.48020764742814,49.046751297796426,0.8161952743365543,2.656845780438877,2.897479864082557,1.544094452015987,2.2773145523573923,3.016409657394202,5.511990744977429,0.09389753376544872,0.7956097154358294,0.4245376562304577
bear_range25_body08_vol15_cp20,close_above_disp_close,36,above_ema_slope_down,4143,46.05358435916003,0.14961433841039068,1.7604095454257942,2.171001156120488,-1.7921353832671771,42.384745353608494,55.41877866280473,1.9068307989379676,0.2896451846488052,3.055676591624304,1.5206372194062274,2.1053886515124036,3.0965176078819243,6.601034804816093,0.08224034760219326,1.5483192272706334,0.5554365096961432
bear_range25_body08_vol15_cp20,close_above_disp_close,36,below_ema_slope_up,31835,52.76268258206377,0.08094765592716953,1.4951274131446,1.6358628845780132,-1.679150371394586,50.57955080885817,48.512643317103816,0.6753573111355426,0.23244856290246585,3.132111709329051,1.4248782786241558,2.7268021058879204,3.2461319088924303,5.448435952369653,0.09479213494599209,0.6970208016893698,0.5080971006854597
bear_range25_body08_vol15_cp20,close_above_disp_close,36,long_counter_trend,111286,53.202559171863484,0.05479076142992104,1.840817867878918,1.8279785112992464,-2.2065659638887674,50.6245170102259,48.37715435903887,0.7700878816742448,0.22824074906097805,3.0168239786728153,1.5389806444656111,2.6509821432565395,3.231264802683466,6.078743028414143,0.10038636346770857,0.8154609766578048,0.5989825986951657
bear_range25_body08_vol15_cp20,close_above_disp_close,36,long_trend_aligned,65303,48.761925179547646,0.056642335882630686,1.7530415757028435,2.0328395651324014,-1.805662968569244,48.6470759383183,50.325406183483146,0.8192579207693368,0.2082599574292146,3.2694155017109887,1.544094452015987,2.2773145523573923,3.016409657394202,5.511990744977429,0.09389753376544872,0.7956097154358294,0.4245376562304577
bear_range25_body08_vol15_cp20,close_above_disp_close,72,above_ema_slope_down,4143,53.34298817282163,0.610041185746486,2.6210849500999056,3.0522883836426167,-2.3163340517066087,42.433019551049966,55.6118754525706,1.9068307989379676,0.04827419744146754,3.1712146824438543,1.5206372194062274,2.1053886515124036,3.0965176078819243,6.601034804816093,0.08224034760219326,1.5483192272706334,0.5554365096961432
bear_range25_body08_vol15_cp20,close_above_disp_close,72,below_ema_slope_up,31835,52.002512957436785,0.14517183082041576,2.049293363020367,2.2941841175120956,-2.2390036138351164,50.686351499921464,48.5911732370033,0.6753573111355426,0.04711795193968902,3.2144248900062853,1.4248782786241558,2.7268021058879204,3.2461319088924303,5.448435952369653,0.09479213494599209,0.6970208016893698,0.5080971006854597
bear_range25_body08_vol15_cp20,close_above_disp_close,72,long_counter_trend,111286,51.88613122944486,0.048819598419952114,2.4435609963498606,2.45808564016776,-2.891140808858472,50.719767086605685,48.46072282227774,0.7700878816742448,0.049422209442337765,3.1000530427668544,1.5389806444656111,2.6509821432565395,3.231264802683466,6.078743028414143,0.10038636346770857,0.8154609766578048,0.5989825986951657
bear_range25_body08_vol15_cp20,close_above_disp_close,72,long_trend_aligned,65303,48.32243541644335,0.10643298074422515,2.3492333881372374,2.8118289927429996,-2.3983980377929304,48.7343613616526,50.4050349907355,0.8192579207693368,0.04134572684256466,3.342805931736013,1.544094452015987,2.2773145523573923,3.016409657394202,5.511990744977429,0.09389753376544872,0.7956097154358294,0.4245376562304577
bear_range25_body08_vol15_cp20,close_above_disp_close,288,above_ema_slope_down,4143,52.208544532947144,0.5659812653208263,4.297816956130152,5.437773783627526,-4.191560101239678,42.433019551049966,55.66014965001207,1.9068307989379676,0.0,3.220854453294714,1.5206372194062274,2.1053886515124036,3.0965176078819243,6.601034804816093,0.08224034760219326,1.5483192272706334,0.5554365096961432
bear_range25_body08_vol15_cp20,close_above_disp_close,288,below_ema_slope_up,31835,48.99324642688864,0.12803034046649442,4.072316980774037,4.614107810907019,-4.296853415036579,50.71462227108528,48.610020417779175,0.6753573111355426,0.0,3.2784356839956024,1.4248782786241558,2.7268021058879204,3.2461319088924303,5.448435952369653,0.09479213494599209,0.6970208016893698,0.5080971006854597
bear_range25_body08_vol15_cp20,close_above_disp_close,288,long_counter_trend,111286,50.43761119997124,0.16577963533047976,4.5233299885701275,4.786621727591235,-5.1233713876806615,50.74402889851374,48.48228887730712,0.770986467300469,0.0026957568786729687,3.1529433965655134,1.5389806444656111,2.6509821432565395,3.231264802683466,6.078743028414143,0.10038636346770857,0.8154609766578048,0.5989825986951657
bear_range25_body08_vol15_cp20,close_above_disp_close,288,long_trend_aligned,65303,47.0835949343828,0.09140221556184865,4.4683053930630185,5.4526414628276845,-4.586254204698731,48.746611947383734,50.428004838981366,0.8192579207693368,0.006125292865565135,3.3808480987457696,1.544094452015987,2.2773145523573923,3.016409657394202,5.511990744977429,0.09389753376544872,0.7956097154358294,0.4245376562304577
bear_range25_body08_vol15_cp20,low_sweep_reclaim,12,above_ema_slope_down,2714,40.53058216654385,0.06377912035357888,1.2374389802739707,1.3879582029754685,-1.3127029918988475,38.651436993367724,56.890198968312454,1.5843773028739867,2.8739867354458366,2.5876327769347496,1.705232129697863,2.120601624281327,3.0925230222878604,6.7168585555137446,0.0691218774630606,1.4198187507102298,0.8672118437524556
bear_range25_body08_vol15_cp20,low_sweep_reclaim,12,below_ema_slope_up,26340,54.18754745634017,0.08317607897665387,0.9767139182543507,1.0306084201031391,-1.109843940166368,50.34168564920274,46.757782839787396,0.8314350797266514,2.0690964312832194,2.695251017639077,1.7368640850417616,2.6791139077151858,3.196223457360106,5.329398609323925,0.09361262947473335,0.3460325110500155,0.8390694314251801
bear_range25_body08_vol15_cp20,low_sweep_reclaim,12,long_counter_trend,84003,53.683797007249744,0.14311833841808688,1.224415190727638,1.2523396365092838,-1.3643086434496499,49.07443781769699,48.06256919395736,0.8809209194909705,1.9820720688546838,2.6115523816463844,1.8914681618513625,2.6244217151790106,3.1879532416587106,5.9451948418657015,0.09628014721921963,0.43225600117218943,0.9932887885630763
bear_range25_body08_vol15_cp20,low_sweep_reclaim,12,long_trend_aligned,46157,49.09981151287995,0.012050898988381405,1.1210208879237546,1.2394200056682165,-1.1913369419604383,47.42942565591351,49.08247936391013,0.8709404857334748,2.6171544944428797,2.8627110725488887,1.906103082955998,2.2463860488613485,2.9948145583506762,5.640058042119561,0.08678183097976136,0.4420405837177519,0.7228965915525244
bear_range25_body08_vol15_cp20,low_sweep_reclaim,36,above_ema_slope_down,2714,45.983787767133386,0.15702769538305633,1.7996238194926106,2.2588428772149842,-1.8525851300046745,39.97789240972734,58.10611643330878,1.5843773028739867,0.3316138540899042,3.012569316081331,1.705232129697863,2.120601624281327,3.0925230222878604,6.7168585555137446,0.0691218774630606,1.4198187507102298,0.8672118437524556
bear_range25_body08_vol15_cp20,low_sweep_reclaim,36,below_ema_slope_up,26340,52.92710706150342,0.11387551472181388,1.5162322133075197,1.6925217076868226,-1.7133843845566077,51.419893697798024,47.630979498861045,0.8314350797266514,0.11769172361427485,2.9925120681135735,1.7368640850417616,2.6791139077151858,3.196223457360106,5.329398609323925,0.09361262947473335,0.3460325110500155,0.8390694314251801
bear_range25_body08_vol15_cp20,low_sweep_reclaim,36,long_counter_trend,84003,53.821887313548324,0.1826649309323437,1.8346766594478763,1.9190020621726367,-2.108954479700524,50.00535695153745,48.92325274097354,0.8844922205159339,0.1868980869730843,2.886530067027646,1.8914681618513625,2.6244217151790106,3.1879532416587106,5.9451948418657015,0.09628014721921963,0.43225600117218943,0.9932887885630763
bear_range25_body08_vol15_cp20,low_sweep_reclaim,36,long_trend_aligned,46157,48.417358147193276,0.029071302406320904,1.8213324947451077,2.0869248186624234,-1.8799514524609942,48.610178304482524,50.34339320146457,0.87527352297593,0.17115497107697641,3.236425192065628,1.906103082955998,2.2463860488613485,2.9948145583506762,5.640058042119561,0.08678183097976136,0.4420405837177519,0.7228965915525244
bear_range25_body08_vol15_cp20,low_sweep_reclaim,72,above_ema_slope_down,2714,56.48489314664702,0.7768112742210672,2.729466617818147,3.1990678892070443,-2.3278153471166267,40.12527634487841,58.25350036845984,1.5843773028739867,0.036845983787767135,3.154072981938813,1.705232129697863,2.120601624281327,3.0925230222878604,6.7168585555137446,0.0691218774630606,1.4198187507102298,0.8672118437524556
bear_range25_body08_vol15_cp20,low_sweep_reclaim,72,below_ema_slope_up,26340,51.78056188306758,0.15900903742380293,2.056280192853756,2.3476233586669237,-2.2851830622485916,51.4540622627183,47.68413059984814,0.8314350797266514,0.030372057706909643,3.0324699984809356,1.7368640850417616,2.6791139077151858,3.196223457360106,5.329398609323925,0.09361262947473335,0.3460325110500155,0.8390694314251801
bear_range25_body08_vol15_cp20,low_sweep_reclaim,72,long_counter_trend,84003,52.40169993928788,0.21370334950981507,2.453049645058496,2.5891377101789317,-2.7651434188593016,50.075592538361725,49.006583098222684,0.8844922205159339,0.03333214289965834,2.9587019946412623,1.8914681618513625,2.6244217151790106,3.1879532416587106,5.9451948418657015,0.09628014721921963,0.43225600117218943,0.9932887885630763
bear_range25_body08_vol15_cp20,low_sweep_reclaim,72,long_trend_aligned,46157,48.23537058301016,0.09716854465139996,2.4173374110798824,2.883373889744187,-2.4776099724715626,48.675173863119355,50.41488831596508,0.87527352297593,0.03466429793964079,3.295312195227672,1.906103082955998,2.2463860488613485,2.9948145583506762,5.640058042119561,0.08678183097976136,0.4420405837177519,0.7228965915525244
bear_range25_body08_vol15_cp20,low_sweep_reclaim,288,above_ema_slope_down,2714,55.04789977892409,0.7400909779649492,4.254330623824522,5.613883958794719,-4.059960061757064,40.12527634487841,58.2903463522476,1.5843773028739867,0.0,3.194915254237288,1.705232129697863,2.120601624281327,3.0925230222878604,6.7168585555137446,0.0691218774630606,1.4198187507102298,0.8672118437524556
bear_range25_body08_vol15_cp20,low_sweep_reclaim,288,below_ema_slope_up,26340,49.100227790432804,0.14110340364431945,4.121935267314898,4.696045312009553,-4.373984598954677,51.47684130599848,47.69172361427486,0.8314350797266514,0.0,3.078587699316629,1.7368640850417616,2.6791139077151858,3.196223457360106,5.329398609323925,0.09361262947473335,0.3460325110500155,0.8390694314251801
bear_range25_body08_vol15_cp20,low_sweep_reclaim,288,long_counter_trend,84003,50.68390414628049,0.2641502406241932,4.598694438985494,4.93453643250715,-5.048368317844278,50.09106817613657,49.02324916967251,0.8856826541909217,0.0,2.9982857755080174,1.8914681618513625,2.6244217151790106,3.1879532416587106,5.9451948418657015,0.09628014721921963,0.43225600117218943,0.9932887885630763
bear_range25_body08_vol15_cp20,low_sweep_reclaim,288,long_trend_aligned,46157,47.14777823515393,0.06779718028887201,4.532682982009431,5.5570180633573285,-4.686601744662437,48.690339493467945,50.42788742769244,0.87527352297593,0.006499555863682648,3.3314988950036835,1.906103082955998,2.2463860488613485,2.9948145583506762,5.640058042119561,0.08678183097976136,0.4420405837177519,0.7228965915525244
bear_range25_body08_vol15_cp20,no_lower_low_bull_reversal,12,above_ema_slope_down,1592,43.71859296482412,0.03429731787545602,1.1034578483097663,1.2268301685120888,-1.1424416862518378,46.733668341708544,47.675879396984925,2.386934673366834,3.2035175879396984,2.700194678780013,1.092964824120603,2.022796718226197,3.097627505461721,6.778468302037007,0.10786436554233853,1.4769243699290868,0.0
bear_range25_body08_vol15_cp20,no_lower_low_bull_reversal,12,below_ema_slope_up,12600,54.30952380952381,0.017604396928921646,0.9408064255902051,0.9621593448761407,-1.0837860932782368,48.388888888888886,47.904761904761905,0.6031746031746033,3.1031746031746033,2.8585469735441067,1.084126984126984,2.723301074809636,3.31092686122678,5.71461508712366,0.11563146404208544,0.8271013126968427,0.0
bear_range25_body08_vol15_cp20,no_lower_low_bull_reversal,12,long_counter_trend,45408,52.95102184637068,0.00039244315936699114,1.1094655549749566,1.0674282911163222,-1.3520528797493117,49.66966173361522,47.08641649048626,0.766384778012685,2.477536997885835,2.7205699704175417,1.0797216349541932,2.6405382198028464,3.2858662478138845,6.325324867518601,0.1187982664890703,0.997309555157819,0.0
bear_range25_body08_vol15_cp20,no_lower_low_bull_reversal,12,long_trend_aligned,28205,49.8244992022691,0.043807403797113925,1.0134292854696847,1.1525533123363982,-1.0705993822575262,48.260946640666546,48.01985463570289,0.7232760148909768,2.9959227087395854,2.981907894736842,1.0995922708739585,2.2826740712475595,3.0450797014146906,5.517886371219723,0.1133131367073845,0.9446282826973852,0.0
bear_range25_body08_vol15_cp20,no_lower_low_bull_reversal,36,above_ema_slope_down,1592,47.04773869346734,0.10764745598319336,1.702501881937425,2.049894328321343,-1.7289979895767986,47.927135678391956,49.37185929648241,2.386934673366834,0.314070351758794,3.1650913673597985,1.092964824120603,2.022796718226197,3.097627505461721,6.778468302037007,0.10786436554233853,1.4769243699290868,0.0
bear_range25_body08_vol15_cp20,no_lower_low_bull_reversal,36,below_ema_slope_up,12600,52.73809523809524,0.00681756286226597,1.5482867751782465,1.6003126200463236,-1.6986293797570584,49.833333333333336,49.12698412698413,0.6111111111111112,0.4285714285714286,3.2764227642276422,1.084126984126984,2.723301074809636,3.31092686122678,5.71461508712366,0.11563146404208544,0.8271013126968427,0.0
bear_range25_body08_vol15_cp20,no_lower_low_bull_reversal,36,long_counter_trend,45408,51.96441155743481,-0.16698565619330633,1.8616401448151976,1.6797091968522853,-2.4095541212923406,50.7950140944327,48.18974630021142,0.7707892882311487,0.24445031712473572,3.0619246307702497,1.0797216349541932,2.6405382198028464,3.2858662478138845,6.325324867518601,0.1187982664890703,0.997309555157819,0.0
bear_range25_body08_vol15_cp20,no_lower_low_bull_reversal,36,long_trend_aligned,28205,49.58695266796667,0.10822299361128702,1.665099259210631,1.9682096001143248,-1.7022028217664569,49.53022513738699,49.494770430774686,0.7232760148909768,0.25172841694734976,3.3979881993317695,1.0995922708739585,2.2826740712475595,3.0450797014146906,5.517886371219723,0.1133131367073845,0.9446282826973852,0.0
bear_range25_body08_vol15_cp20,no_lower_low_bull_reversal,72,above_ema_slope_down,1592,48.24120603015075,0.2943266173418229,2.4491148845041013,2.819929904288568,-2.3346208016985806,47.98994974874372,49.56030150753769,2.386934673366834,0.06281407035175879,3.2859836580766815,1.092964824120603,2.022796718226197,3.097627505461721,6.778468302037007,0.10786436554233853,1.4769243699290868,0.0
bear_range25_body08_vol15_cp20,no_lower_low_bull_reversal,72,below_ema_slope_up,12600,53.039682539682545,0.08553287165480489,2.1122979287054053,2.2583168392509765,-2.2522984194640623,50.04761904761905,49.238095238095234,0.6111111111111112,0.10317460317460318,3.4194804163025343,1.084126984126984,2.723301074809636,3.31092686122678,5.71461508712366,0.11563146404208544,0.8271013126968427,0.0
bear_range25_body08_vol15_cp20,no_lower_low_bull_reversal,72,long_counter_trend,45408,51.468904157857644,-0.17867669351557355,2.4523690068551383,2.286673633633532,-3.1250747047844003,50.8985200845666,48.2646229739253,0.7707892882311487,0.0660676532769556,3.146238265238662,1.0797216349541932,2.6405382198028464,3.2858662478138845,6.325324867518601,0.1187982664890703,0.997309555157819,0.0
bear_range25_body08_vol15_cp20,no_lower_low_bull_reversal,72,long_trend_aligned,28205,48.143946108845945,0.10604819169206564,2.26164599383221,2.7256302668416184,-2.2964027830876077,49.62240737457898,49.60468002127282,0.7232760148909768,0.049636589257223904,3.490546628356568,1.0995922708739585,2.2826740712475595,3.0450797014146906,5.517886371219723,0.1133131367073845,0.9446282826973852,0.0
bear_range25_body08_vol15_cp20,no_lower_low_bull_reversal,288,above_ema_slope_down,1592,46.54522613065327,0.2053988993656323,4.307517681933221,5.19844468335549,-4.4785903431365055,47.98994974874372,49.62311557788945,2.386934673366834,0.0,3.3454773869346734,1.092964824120603,2.022796718226197,3.097627505461721,6.778468302037007,0.10786436554233853,1.4769243699290868,0.0
bear_range25_body08_vol15_cp20,no_lower_low_bull_reversal,288,below_ema_slope_up,12600,49.08730158730158,0.06047070693076243,4.1407036775865995,4.588296368879426,-4.387410414792342,50.095238095238095,49.2936507936508,0.6111111111111112,0.0,3.5594444444444444,1.084126984126984,2.723301074809636,3.31092686122678,5.71461508712366,0.11563146404208544,0.8271013126968427,0.0
bear_range25_body08_vol15_cp20,no_lower_low_bull_reversal,288,long_counter_trend,45408,50.19159619450318,0.042697875869966345,4.539354311004709,4.654898947403236,-5.313040208481584,50.93155391120507,48.29545454545455,0.7707892882311487,0.0022022551092318533,3.2184244719977095,1.0797216349541932,2.6405382198028464,3.2858662478138845,6.325324867518601,0.1187982664890703,0.997309555157819,0.0
bear_range25_body08_vol15_cp20,no_lower_low_bull_reversal,288,long_trend_aligned,28205,47.20794185428115,0.13639084863076237,4.419726579538127,5.381462328426541,-4.489588006573856,49.640134727885126,49.633043786562666,0.7232760148909768,0.0035454706612302786,3.548078286767834,1.0995922708739585,2.2826740712475595,3.0450797014146906,5.517886371219723,0.1133131367073845,0.9446282826973852,0.0
bear_range25_body08_vol15_cp20,range_mid_reclaim,12,above_ema_slope_down,3875,42.3741935483871,-0.011411287226430289,1.1391995336283127,1.2181249424793243,-1.2097813824554953,43.38064516129032,51.87096774193548,1.935483870967742,2.8129032258064517,2.5146043547530534,2.4492903225806453,2.272844295715472,3.1328114004936345,5.647828945563342,0.08381766640512499,2.589935716371091,0.6152552015311555
bear_range25_body08_vol15_cp20,range_mid_reclaim,12,below_ema_slope_up,10262,52.601832001559146,-0.004170426884815017,0.9000887911157668,0.915387136285109,-1.053644581086623,47.85616838822841,48.57727538491522,0.4482557006431495,3.118300526213214,3.2095151880909274,2.1641005651919705,2.6348833291165374,3.1398165388956936,5.115531445201351,0.10341960276264113,1.5949329419858465,0.3647437331783614
bear_range25_body08_vol15_cp20,range_mid_reclaim,12,long_counter_trend,60568,52.948751816140536,0.05216880466757204,1.0663626209626869,1.0870481938365208,-1.2092180376343313,49.14311187425703,46.92411834632149,0.5927222295601638,3.3400475498613127,3.0756853702280296,2.4257363624356096,2.6106827729606135,3.1770040822053525,5.817116039828476,0.10579106640826455,1.7401945320293983,0.46418874798977955
bear_range25_body08_vol15_cp20,range_mid_reclaim,12,long_trend_aligned,38329,48.72029011975267,0.019467678665654277,1.0799279911467816,1.2114428559036576,-1.1181881272359266,47.49406454642699,49.082939810587284,1.0775131101776723,2.3454825328080564,2.924312049158429,2.5150408307026013,2.307444703643692,2.9901332444957927,5.06221894872927,0.09863583672322104,1.7785328156051614,0.37162545615199327
bear_range25_body08_vol15_cp20,range_mid_reclaim,36,above_ema_slope_down,3875,48.23225806451613,0.1391023298018808,1.6242010595804193,2.0304880778907317,-1.742805910337849,44.593548387096774,53.16129032258065,1.935483870967742,0.3096774193548387,2.924152213305721,2.4492903225806453,2.272844295715472,3.1328114004936345,5.647828945563342,0.08381766640512499,2.589935716371091,0.6152552015311555
bear_range25_body08_vol15_cp20,range_mid_reclaim,36,below_ema_slope_up,10262,52.241278503215746,0.032335498276181235,1.4417298726402887,1.536485539819971,-1.6569133763991737,49.37633989475736,49.941531865133506,0.4482557006431495,0.23387253946599104,3.63029888650127,2.1641005651919705,2.6348833291165374,3.1398165388956936,5.115531445201351,0.10341960276264113,1.5949329419858465,0.3647437331783614
bear_range25_body08_vol15_cp20,range_mid_reclaim,36,long_counter_trend,60568,52.309800554748385,-0.10317057928907232,1.7926505857703792,1.6964696773848151,-2.2765927912856903,50.63895126139215,48.484348170651174,0.5960243032624488,0.28067626469422796,3.525712771946091,2.4257363624356096,2.6106827729606135,3.1770040822053525,5.817116039828476,0.10579106640826455,1.7401945320293983,0.46418874798977955
bear_range25_body08_vol15_cp20,range_mid_reclaim,36,long_trend_aligned,38329,48.28458869263482,0.04744254035957903,1.7493034471666198,2.027190122959114,-1.7853183892348965,48.61332150590936,50.21002374181429,1.0801221007592163,0.09653265151712803,3.2507312232320067,2.5150408307026013,2.307444703643692,2.9901332444957927,5.06221894872927,0.09863583672322104,1.7785328156051614,0.37162545615199327
bear_range25_body08_vol15_cp20,range_mid_reclaim,72,above_ema_slope_down,3875,52.98064516129032,0.5375455496690137,2.5147927986823677,2.9418661803308868,-2.2732424697740266,44.593548387096774,53.44516129032259,1.935483870967742,0.025806451612903226,3.0529168817759422,2.4492903225806453,2.272844295715472,3.1328114004936345,5.647828945563342,0.08381766640512499,2.589935716371091,0.6152552015311555
bear_range25_body08_vol15_cp20,range_mid_reclaim,72,below_ema_slope_up,10262,51.062171116741375,0.08010671786747951,2.014006702529782,2.1802534552866506,-2.2503227926172573,49.473786786201515,50.058468134866494,0.4482557006431495,0.019489378288832584,3.7269005847953216,2.1641005651919705,2.6348833291165374,3.1398165388956936,5.115531445201351,0.10341960276264113,1.5949329419858465,0.3647437331783614
bear_range25_body08_vol15_cp20,range_mid_reclaim,72,long_counter_trend,60568,51.18379342226918,-0.13485051972560827,2.3921792193579567,2.30183505668961,-2.9985927493994184,50.75782591467441,48.58175934486857,0.5960243032624488,0.06439043719455818,3.623816682912323,2.4257363624356096,2.6106827729606135,3.1770040822053525,5.817116039828476,0.10579106640826455,1.7401945320293983,0.46418874798977955
bear_range25_body08_vol15_cp20,range_mid_reclaim,72,long_trend_aligned,38329,47.46797464061155,0.0915967719966476,2.3303904114366136,2.7807771233928844,-2.3798640609775172,48.63680242114326,50.262203553445175,1.0801221007592163,0.020871924652352006,3.2842044831815453,2.5150408307026013,2.307444703643692,2.9901332444957927,5.06221894872927,0.09863583672322104,1.7785328156051614,0.37162545615199327
bear_range25_body08_vol15_cp20,range_mid_reclaim,288,above_ema_slope_down,3875,50.73548387096775,0.42028750382358704,4.347071127993975,5.176389918080653,-4.2501129077598065,44.593548387096774,53.47096774193548,1.935483870967742,0.0,3.07741935483871,2.4492903225806453,2.272844295715472,3.1328114004936345,5.647828945563342,0.08381766640512499,2.589935716371091,0.6152552015311555
bear_range25_body08_vol15_cp20,range_mid_reclaim,288,below_ema_slope_up,10262,47.24225297213019,0.11888329839379318,3.970959029524206,4.478149569526726,-4.295920533758519,49.483531475345934,50.068212824010914,0.4482557006431495,0.0,3.759111284350029,2.1641005651919705,2.6348833291165374,3.1398165388956936,5.115531445201351,0.10341960276264113,1.5949329419858465,0.3647437331783614
bear_range25_body08_vol15_cp20,range_mid_reclaim,288,long_counter_trend,60568,50.019812442213706,0.017976145761597208,4.466115894260622,4.6087223537192346,-5.255341655076468,50.7842425042927,48.61312904504029,0.5976753401135914,0.004953110553427552,3.6916701064971518,2.4257363624356096,2.6106827729606135,3.1770040822053525,5.817116039828476,0.10579106640826455,1.7401945320293983,0.46418874798977955
bear_range25_body08_vol15_cp20,range_mid_reclaim,288,long_trend_aligned,38329,46.47916721020637,0.052025059181960306,4.38541034601988,5.299349959073278,-4.542338269567893,48.647238383469436,50.2700305251898,1.0801221007592163,0.0026089905815440007,3.3086777290753497,2.5150408307026013,2.307444703643692,2.9901332444957927,5.06221894872927,0.09863583672322104,1.7785328156051614,0.37162545615199327
bear_range25_body08_vol15_cp20,two_close_above_disp_close,12,above_ema_slope_down,4088,48.214285714285715,0.08233592164864695,1.14567554054282,1.2765121383313682,-1.138017758245693,45.327788649706456,50.073385518590996,1.1252446183953033,3.4735812133072406,2.824632539280284,2.5310665362035225,2.1885002958475317,3.1145343666984617,6.141457781378846,0.08565733085833643,2.1644457178170655,0.5735917398683852
bear_range25_body08_vol15_cp20,two_close_above_disp_close,12,below_ema_slope_up,21294,53.55968817507279,0.04769063869700835,0.8662614102893648,0.9431996737481038,-1.0058962134534417,49.82154597539213,46.65633511787358,0.4179581102658026,3.1041607964684887,3.0778849415984104,2.4106790645252185,2.7508210052567947,3.268717202496445,5.500267893747391,0.09338888438237172,0.9211704545976117,0.4871062976277245
bear_range25_body08_vol15_cp20,two_close_above_disp_close,12,long_counter_trend,91549,52.64503162240985,0.06026655597240475,1.067714261309519,1.0922219606539714,-1.217837820964319,48.74111131743656,47.39538389277873,0.5035554730253744,3.359949316759331,3.0531348547014345,2.5246480027089317,2.67505066961038,3.250221029591633,6.160722210209625,0.1001131584424718,1.1879720054336815,0.5508481661509848
bear_range25_body08_vol15_cp20,two_close_above_disp_close,12,long_trend_aligned,56445,48.86703871024892,0.013553771401904474,1.0628720638129587,1.181938975129172,-1.1154807983153574,47.393037470103636,49.03002923199575,0.7494020728142439,2.8275312250863673,3.0345858630057068,2.5341482859420674,2.3010539002174184,3.0221037553352668,5.426294703704671,0.0937783098882992,1.187065085283932,0.4037103078990793
bear_range25_body08_vol15_cp20,two_close_above_disp_close,36,above_ema_slope_down,4088,50.95401174168297,0.21630945357895473,1.7691490629416124,2.1466550602636425,-1.6893601258769047,46.89334637964775,51.56555772994129,1.1252446183953033,0.4158512720156555,3.316629820682879,2.5310665362035225,2.1885002958475317,3.1145343666984617,6.141457781378846,0.08565733085833643,2.1644457178170655,0.5735917398683852
bear_range25_body08_vol15_cp20,two_close_above_disp_close,36,below_ema_slope_up,21294,52.52183713722175,0.08589049340192789,1.4466712736912688,1.5928752585491897,-1.6117828045199587,51.394759087066774,47.947778717009484,0.422654268808115,0.23480792711561943,3.512144605535681,2.4106790645252185,2.7508210052567947,3.268717202496445,5.500267893747391,0.09338888438237172,0.9211704545976117,0.4871062976277245
bear_range25_body08_vol15_cp20,two_close_above_disp_close,36,long_counter_trend,91549,52.103245256638516,-0.022723056716771967,1.7691607225074144,1.7221192484602998,-2.152805902327187,50.224469955979856,48.933358092387685,0.5090170291319402,0.33315492250051887,3.508471789925913,2.5246480027089317,2.67505066961038,3.250221029591633,6.160722210209625,0.1001131584424718,1.1879720054336815,0.5508481661509848
bear_range25_body08_vol15_cp20,two_close_above_disp_close,36,long_trend_aligned,56445,48.96979360439366,0.06269263601933933,1.7548194202621457,2.019982745957188,-1.7833546641830187,48.688103463548586,50.37824430861902,0.7529453450261316,0.1807068828062716,3.4267965852013558,2.5341482859420674,2.3010539002174184,3.0221037553352668,5.426294703704671,0.0937783098882992,1.187065085283932,0.4037103078990793
bear_range25_body08_vol15_cp20,two_close_above_disp_close,72,above_ema_slope_down,4088,52.054794520547944,0.49999673639859094,2.567187894953624,3.0138528131524316,-2.2593318782656038,46.917808219178085,51.88356164383562,1.1252446183953033,0.07338551859099804,3.475642594859241,2.5310665362035225,2.1885002958475317,3.1145343666984617,6.141457781378846,0.08565733085833643,2.1644457178170655,0.5735917398683852
bear_range25_body08_vol15_cp20,two_close_above_disp_close,72,below_ema_slope_up,21294,51.455809148116835,0.1450389349446285,1.9766657675634944,2.236698501016152,-2.1741526718012123,51.49807457499765,48.03700572931342,0.422654268808115,0.042265426880811495,3.601879257693211,2.4106790645252185,2.7508210052567947,3.268717202496445,5.500267893747391,0.09338888438237172,0.9211704545976117,0.4871062976277245
bear_range25_body08_vol15_cp20,two_close_above_disp_close,72,long_counter_trend,91549,51.17368840730101,-0.03521385435534708,2.3515652377636385,2.340232561140356,-2.8569373174022714,50.356639613758745,49.06443543894527,0.5090170291319402,0.06990791816404329,3.628551128600317,2.5246480027089317,2.67505066961038,3.250221029591633,6.160722210209625,0.1001131584424718,1.1879720054336815,0.5508481661509848
bear_range25_body08_vol15_cp20,two_close_above_disp_close,72,long_trend_aligned,56445,48.324918061830104,0.119094207973753,2.353524003471047,2.805982203978714,-2.381834368957158,48.748339091150676,50.465054477810256,0.7529453450261316,0.033661086012932946,3.492822457732251,2.5341482859420674,2.3010539002174184,3.0221037553352668,5.426294703704671,0.0937783098882992,1.187065085283932,0.4037103078990793
bear_range25_body08_vol15_cp20,two_close_above_disp_close,288,above_ema_slope_down,4088,49.41291585127202,0.4235110857175245,4.424645063668942,5.355799760136322,-4.254869938929696,46.94227005870842,51.932485322896284,1.1252446183953033,0.0,3.5362035225048922,2.5310665362035225,2.1885002958475317,3.1145343666984617,6.141457781378846,0.08565733085833643,2.1644457178170655,0.5735917398683852
bear_range25_body08_vol15_cp20,two_close_above_disp_close,288,below_ema_slope_up,21294,48.77430262045647,0.14720147491184207,3.9922585802970993,4.562126538350222,-4.230132482641842,51.53094768479384,48.046398046398046,0.422654268808115,0.0,3.649760495914342,2.4106790645252185,2.7508210052567947,3.268717202496445,5.500267893747391,0.09338888438237172,0.9211704545976117,0.4871062976277245
bear_range25_body08_vol15_cp20,two_close_above_disp_close,288,long_counter_trend,91549,50.29110094047996,0.0843909976815858,4.468396983915211,4.669568612447423,-5.115840422590485,50.3937781952834,49.08846628581415,0.5090170291319402,0.008738489770505412,3.70004697348729,2.5246480027089317,2.67505066961038,3.250221029591633,6.160722210209625,0.1001131584424718,1.1879720054336815,0.5508481661509848
bear_range25_body08_vol15_cp20,two_close_above_disp_close,288,long_trend_aligned,56445,47.28319603153513,0.09038594677335288,4.4585658581815615,5.448964937596967,-4.581579637138244,48.76428381610417,50.47922756665781,0.7529453450261316,0.003543272211887678,3.524068529312758,2.5341482859420674,2.3010539002174184,3.0221037553352668,5.426294703704671,0.0937783098882992,1.187065085283932,0.4037103078990793
