experiment,trades,final_asset,final_return,peak_asset,peak_growth,win_rate,pf,mdd,max_conc
atr18975_t27_b17_r155_baseline,90232,6350.702895270262,62.50702895270262,6353.669833233792,62.53669833233792,0.373359783668765,1.4106140863837278,-0.33711914280083977,7708
baseline_shortcap100,89985,5989.363325860057,58.893633258600566,5992.161452259908,58.921614522599086,0.3720286714452409,1.4039494459754238,-0.3515427282125282,7708
baseline_shortcap50,89794,5856.656671066301,57.56656671066301,5859.392799224602,57.593927992246016,0.37176203309797984,1.4014020526099717,-0.3565361109609836,7664
long_guard_soft_ref,83696,5500.339110231851,54.00339110231851,5502.908773021554,54.029087730215544,0.3722878034792583,1.4258384272581377,-0.3135188063949568,7324
long_guard_shortcap100,83449,5187.38317472707,50.8738317472707,5189.806629945537,50.898066299455365,0.3708492612254191,1.4188083840404517,-0.3284559101322949,7324
long_guard_shortcap50,83258,5072.4460385410775,49.72446038541077,5074.8157971281025,49.748157971281024,0.37055898532273174,1.4161317870666645,-0.3336270706991695,7280
asym_guard_soft_ref,81496,5377.706124319794,52.77706124319794,5380.218495110882,52.80218495110882,0.3729630902130166,1.4332219278916365,-0.3120864037327564,7136
asym_guard_shortcap100,81253,5073.5390071808,49.735390071808,5075.909276383768,49.75909276383768,0.3714939756070545,1.42612717211909,-0.32712435610196844,7136
asym_guard_shortcap50,81089,4956.1102505442295,48.56110250544229,4958.425659074005,48.584256590740054,0.3711354191074005,1.423200877236037,-0.3323047645919992,7103
