{
  "load_sec": 208.94350000000014,
  "feature_sec": 74.73430000000008,
  "backtest_sec": 1641.1124999999997,
  "wall_sec": 1978.692
}