active_months,avg_month_pnl,end,final_asset,final_return_pct,losses,max_conc,max_conc_unique_symbols,max_drawdown_pct,max_month_pnl,max_return_pct,median_month_pnl,min_month_pnl,negative_months,official_cd_value,peak_asset,period,period_calc_mode,positive_month_ratio_pct,positive_months,profit_factor,same_bar_trades,start,strategy,tag,trades,win_rate_pct,wins
76,275.8524637197848,2026-12-31 23:59:59,21064.787242703645,20964.787242703645,98284,325,325,5.655961392725716,5644.852881522234,20970.272210936124,13.085974936278937,-0.45140028877325733,5,19873.371008796516,21070.272210936124,ALL_TO_2026_END,exit_ts_filter_from_all_through_2026_single_run,93.42105263157895,71,2.0010696725618833,43108,,RETEST_SMX2V2_C08_EX20_02_N02_stop257_rr5075,gate_retest_N02_baseline,106337,7.573093090833859,8053
12,4.780795797526349,2023-12-31 23:59:59,157.3695495703162,57.369549570316195,10256,150,150,1.9196538272639452,10.96666045671111,58.29246731921967,4.439856929381492,0.4667619614367453,0,154.3485989890416,158.29246731921967,2023_FULL_ONLY,exit_ts_filter_from_all_through_2026_single_run,100.0,12,1.8104104100927836,3100,2023-01-01 00:00:00,RETEST_SMX2V2_C08_EX20_02_N02_stop257_rr5075,gate_retest_N02_baseline,11167,8.157965433867647,911
3,4.75371333833498,2023-03-31 23:59:59,114.26114001500494,14.261140015004937,3235,124,124,1.7267029478542528,5.843324104307385,14.374294659790365,4.389119206777778,4.028696703919778,0,112.28818954211397,114.37429465979037,2023_Q1_ONLY,exit_ts_filter_from_all_through_2026_single_run,100.0,3,1.78472930172568,1340,2023-01-01 00:00:00,RETEST_SMX2V2_C08_EX20_02_N02_stop257_rr5075,gate_retest_N02_baseline,3518,8.044343376918704,283
3,3.4473085928132483,2023-06-30 23:59:59,110.34192577843974,10.341925778439753,1388,40,40,0.7407560159741089,3.950831673123446,10.342808520907898,3.930115393033489,2.4609787122828095,0,109.52456132509427,110.34280852090791,2023_Q2_ONLY,exit_ts_filter_from_all_through_2026_single_run,100.0,3,2.403259419201113,277,2023-04-01 00:00:00,RETEST_SMX2V2_C08_EX20_02_N02_stop257_rr5075,gate_retest_N02_baseline,1536,9.635416666666668,148
3,2.0425593832116817,2023-09-30 23:59:59,106.12767814963505,6.127678149635041,1791,150,150,1.9196538272638342,4.498032077096482,6.207971468945095,1.2594290838339788,0.3702169887045841,0,104.09039411424934,106.20797146894509,2023_Q3_ONLY,exit_ts_filter_from_all_through_2026_single_run,100.0,3,1.5715179509420578,481,2023-07-01 00:00:00,RETEST_SMX2V2_C08_EX20_02_N02_stop257_rr5075,gate_retest_N02_baseline,1944,7.87037037037037,153
3,5.870783247873547,2023-12-31 23:59:59,117.61234974362064,17.612349743620648,3842,25,25,1.102387443509767,8.196088180184503,18.30210532444947,6.850323725352766,2.5659378380833715,0,116.31580596803018,118.30210532444947,2023_Q4_ONLY,exit_ts_filter_from_all_through_2026_single_run,100.0,3,1.7531784634271128,1002,2023-10-01 00:00:00,RETEST_SMX2V2_C08_EX20_02_N02_stop257_rr5075,gate_retest_N02_baseline,4169,7.843607579755337,327
12,11.278697830407266,2024-12-31 23:59:59,235.34437396488718,135.34437396488718,20056,183,183,1.8229859178414132,30.573574088771522,135.48015765982697,8.146324459091772,3.268387832723647,0,231.05407916907527,235.48015765982697,2024_FULL_ONLY,exit_ts_filter_from_all_through_2026_single_run,100.0,12,1.9165598413737563,8925,2024-01-01 00:00:00,RETEST_SMX2V2_C08_EX20_02_N02_stop257_rr5075,gate_retest_N02_baseline,21637,7.306927947497342,1581
3,9.695963286327753,2024-03-31 23:59:59,129.08788985898326,29.087889858983253,5845,81,81,1.231623739846066,16.98963754569911,29.09202075407631,8.829864480560502,3.268387832723647,0,127.49801276221366,129.09202075407632,2024_Q1_ONLY,exit_ts_filter_from_all_through_2026_single_run,100.0,3,1.792034664955455,2193,2024-01-01 00:00:00,RETEST_SMX2V2_C08_EX20_02_N02_stop257_rr5075,gate_retest_N02_baseline,6343,7.8511745230963275,498
3,5.993468247397743,2024-06-30 23:59:59,117.98040474219323,17.980404742193222,4094,183,183,1.1906419005760394,7.274401179969047,18.019102116811748,5.781165410461881,4.924838151762302,0,116.57568060886346,118.01910211681174,2024_Q2_ONLY,exit_ts_filter_from_all_through_2026_single_run,100.0,3,2.0936208146142437,2015,2024-04-01 00:00:00,RETEST_SMX2V2_C08_EX20_02_N02_stop257_rr5075,gate_retest_N02_baseline,4390,6.74259681093394,296
3,3.6770739598042184,2024-09-30 23:59:59,111.03122187941266,11.031221879412655,3608,98,98,1.2932521833461497,3.7227178779799033,11.032110136293749,3.6860655989847118,3.62243840244804,0,109.59530817826123,111.03211013629375,2024_Q3_ONLY,exit_ts_filter_from_all_through_2026_single_run,100.0,3,1.7703196445045821,1519,2024-07-01 00:00:00,RETEST_SMX2V2_C08_EX20_02_N02_stop257_rr5075,gate_retest_N02_baseline,3868,6.721820062047571,260
3,13.05855639679524,2024-12-31 23:59:59,139.17566919038572,39.17566919038571,6509,96,96,1.822985917841402,18.08030318150486,39.25596763257926,14.178949993472244,6.916416015408615,0,136.63851633998343,139.25596763257926,2024_Q4_ONLY,exit_ts_filter_from_all_through_2026_single_run,100.0,3,2.0191091015555007,3198,2024-10-01 00:00:00,RETEST_SMX2V2_C08_EX20_02_N02_stop257_rr5075,gate_retest_N02_baseline,7036,7.490051165434906,527
75,256.92846035733015,2025-12-31 23:59:59,19369.63452679976,19269.63452679976,96843,325,325,5.655961392725716,5644.852881522234,19269.63452679976,12.992945222159108,-0.45140028877325733,5,18274.095476051894,19369.63452679976,TRAIN_2025_FULL,exit_ts_filter_from_all_through_2026_single_run,93.33333333333333,70,2.002195594712407,42379,,RETEST_SMX2V2_C08_EX20_02_N02_stop257_rr5075,gate_retest_N02_baseline,104735,7.535207905666683,7892
12,126.80315327528704,2025-12-31 23:59:59,1621.6378393034445,1521.6378393034447,40297,325,325,5.655961392725562,472.590591077612,1521.6378393034447,43.90901993886459,10.19102886421868,0,1529.918629182613,1621.6378393034445,2025_FULL_ONLY,exit_ts_filter_from_all_through_2026_single_run,100.0,12,2.0961320716803242,22314,2025-01-01 00:00:00,RETEST_SMX2V2_C08_EX20_02_N02_stop257_rr5075,gate_retest_N02_baseline,43779,7.953585052193975,3482
72,77.54197514196474,2025-09-30 23:59:59,5683.022210221461,5583.022210221461,82299,325,325,5.655961392725716,1339.2922618945095,5584.85689773751,10.411488882855139,-0.45140028877325733,5,5361.592668071308,5684.85689773751,PREQ4_ALL_BEFORE_2025_10_01,exit_ts_filter_from_all_through_2026_single_run,93.05555555555556,67,1.938861328172264,33632,,RETEST_SMX2V2_C08_EX20_02_N02_stop257_rr5075,gate_retest_N02_baseline,88881,7.405407229891653,6582
3,20.551287718314125,2025-03-31 23:59:59,161.65386315494237,61.65386315494237,7541,325,325,5.655961392725562,28.196825084967344,61.71894335191019,23.266009205756347,10.19102886421868,0,152.51078306504942,161.71894335191018,2025_Q1_ONLY,exit_ts_filter_from_all_through_2026_single_run,100.0,3,2.1441291149849673,4473,2025-01-01 00:00:00,RETEST_SMX2V2_C08_EX20_02_N02_stop257_rr5075,gate_retest_N02_baseline,8200,8.036585365853659,659
3,18.94246673570125,2025-06-30 23:59:59,156.82740020710375,56.82740020710375,8565,267,267,2.8716572165903953,23.69083604411405,57.52048686359075,17.95563072222788,15.18093344076182,0,152.32385485146537,157.52048686359075,2025_Q2_ONLY,exit_ts_filter_from_all_through_2026_single_run,100.0,3,1.918150907102746,4600,2025-04-01 00:00:00,RETEST_SMX2V2_C08_EX20_02_N02_stop257_rr5075,gate_retest_N02_baseline,9249,7.395394096659098,684
3,29.22461702927647,2025-09-30 23:59:59,187.6738510878294,87.67385108782942,9647,213,213,2.9551971699104063,44.22825166331282,87.73443907410552,23.912084676145525,19.53351474837106,0,182.12771875182003,187.73443907410552,2025_Q3_ONLY,exit_ts_filter_from_all_through_2026_single_run,100.0,3,1.926353459278258,4494,2025-07-01 00:00:00,RETEST_SMX2V2_C08_EX20_02_N02_stop257_rr5075,gate_retest_N02_baseline,10476,7.913325696830851,829
3,80.27778067311708,2025-12-31 23:59:59,340.8333420193512,240.83334201935122,14544,169,169,2.695765039992326,99.3283621410011,240.83334201935122,95.89150504099999,45.61347483735014,0,331.6452759405561,340.8333420193512,2025_Q4_ONLY,exit_ts_filter_from_all_through_2026_single_run,100.0,3,2.2872799743598566,8747,2025-10-01 00:00:00,RETEST_SMX2V2_C08_EX20_02_N02_stop257_rr5075,gate_retest_N02_baseline,15854,8.262898952945628,1310
1,8.751598867591213,2026-12-31 23:59:59,108.75159886759121,8.751598867591204,1441,43,43,1.9026002459188396,8.751598867591213,8.77991622290779,8.751598867591213,8.751598867591213,0,106.68249068009575,108.77991622290779,2026_FULL_ONLY,exit_ts_filter_from_all_through_2026_single_run,100.0,1,1.935034433075917,729,2026-01-01 00:00:00,RETEST_SMX2V2_C08_EX20_02_N02_stop257_rr5075,gate_retest_N02_baseline,1602,10.049937578027466,161
1,8.751598867591213,2026-03-31 23:59:59,108.75159886759121,8.751598867591204,1441,43,43,1.9026002459188396,8.751598867591213,8.77991622290779,8.751598867591213,8.751598867591213,0,106.68249068009575,108.77991622290779,2026_Q1_ONLY,exit_ts_filter_from_all_through_2026_single_run,100.0,1,1.935034433075917,729,2026-01-01 00:00:00,RETEST_SMX2V2_C08_EX20_02_N02_stop257_rr5075,gate_retest_N02_baseline,1602,10.049937578027466,161
0,0.0,2026-06-30 23:59:59,100.0,0.0,0,0,0,0.0,0.0,0.0,0.0,0.0,0,100.0,100.0,2026_Q2_ONLY,exit_ts_filter_from_all_through_2026_single_run,0.0,0,0.0,0,2026-04-01 00:00:00,RETEST_SMX2V2_C08_EX20_02_N02_stop257_rr5075,gate_retest_N02_baseline,0,0.0,0
0,0.0,2026-09-30 23:59:59,100.0,0.0,0,0,0,0.0,0.0,0.0,0.0,0.0,0,100.0,100.0,2026_Q3_ONLY,exit_ts_filter_from_all_through_2026_single_run,0.0,0,0.0,0,2026-07-01 00:00:00,RETEST_SMX2V2_C08_EX20_02_N02_stop257_rr5075,gate_retest_N02_baseline,0,0.0,0
0,0.0,2026-12-31 23:59:59,100.0,0.0,0,0,0,0.0,0.0,0.0,0.0,0.0,0,100.0,100.0,2026_Q4_ONLY,exit_ts_filter_from_all_through_2026_single_run,0.0,0,0.0,0,2026-10-01 00:00:00,RETEST_SMX2V2_C08_EX20_02_N02_stop257_rr5075,gate_retest_N02_baseline,0,0.0,0
76,340.5421827695724,2026-12-31 23:59:59,25981.2058904875,25881.2058904875,107133,326,326,5.70398937460036,7118.319812150601,25887.971023565216,14.132038764977423,-0.27195850061727356,5,24499.240667101054,25987.971023565216,ALL_TO_2026_END,exit_ts_filter_from_all_through_2026_single_run,93.42105263157895,71,1.984001548972659,49298,,RETEST_SMX2V3_B03_S02D_vol110_sweep,anchor_S02D_vol110_sweep,115761,7.453287376577604,8628
12,5.114708181293598,2023-12-31 23:59:59,161.37649817552318,61.376498175523174,11079,150,150,1.9771055940383309,11.908869409279248,62.171765405668424,4.71595390152698,0.4698418726989644,0,158.18591440263174,162.17176540566842,2023_FULL_ONLY,exit_ts_filter_from_all_through_2026_single_run,100.0,12,1.807666833193549,3543,2023-01-01 00:00:00,RETEST_SMX2V3_B03_S02D_vol110_sweep,anchor_S02D_vol110_sweep,12056,8.103848706038487,977
3,5.073384213773622,2023-03-31 23:59:59,115.22015264132087,15.220152641320862,3540,133,133,1.9288661486849379,6.139611013874287,15.259054098126313,5.015482997560227,4.065058629886352,0,112.99771012055932,115.25905409812631,2023_Q1_ONLY,exit_ts_filter_from_all_through_2026_single_run,100.0,3,1.786585694950257,1532,2023-01-01 00:00:00,RETEST_SMX2V3_B03_S02D_vol110_sweep,anchor_S02D_vol110_sweep,3847,7.980244346243827,307
3,3.6195288408013275,2023-06-30 23:59:59,110.85858652240398,10.85858652240399,1517,43,43,0.8646534310479681,4.211377124661553,10.859473398191177,3.974610818277114,2.6725985794653155,0,109.90004395042675,110.85947339819117,2023_Q2_ONLY,exit_ts_filter_from_all_through_2026_single_run,100.0,3,2.3386063373140655,338,2023-04-01 00:00:00,RETEST_SMX2V3_B03_S02D_vol110_sweep,anchor_S02D_vol110_sweep,1675,9.432835820895523,158
3,2.00040405129495,2023-09-30 23:59:59,106.00121215388485,6.0012121538848495,1893,150,150,1.9771055940384086,4.413376675789593,6.107245469128664,1.2199997284222803,0.3678357496729774,0,103.90545625864188,106.10724546912867,2023_Q3_ONLY,exit_ts_filter_from_all_through_2026_single_run,100.0,3,1.5360006470226426,513,2023-07-01 00:00:00,RETEST_SMX2V3_B03_S02D_vol110_sweep,anchor_S02D_vol110_sweep,2056,7.928015564202334,163
3,6.395921341453341,2023-12-31 23:59:59,119.18776402436002,19.18776402436002,4129,26,26,1.0998294395113684,8.795528053944409,19.775124166849658,7.862042618328047,2.530193352087565,0,117.87690190732476,119.77512416684965,2023_Q4_ONLY,exit_ts_filter_from_all_through_2026_single_run,100.0,3,1.7744938952839913,1160,2023-10-01 00:00:00,RETEST_SMX2V3_B03_S02D_vol110_sweep,anchor_S02D_vol110_sweep,4478,7.793657882983475,349
12,12.094766014251007,2024-12-31 23:59:59,245.1371921710121,145.13719217101212,22369,197,197,1.859573635329781,34.215288466860386,145.39565201248686,8.355648219305287,3.2092075976520675,0,240.57868557501226,245.39565201248686,2024_FULL_ONLY,exit_ts_filter_from_all_through_2026_single_run,100.0,12,1.8873619922245317,10591,2024-01-01 00:00:00,RETEST_SMX2V3_B03_S02D_vol110_sweep,anchor_S02D_vol110_sweep,24082,7.11319657835728,1713
3,10.434580643265917,2024-03-31 23:59:59,131.30374192979775,31.303741929797745,6336,88,88,1.3200211580384313,18.991915161052404,31.30794373357524,9.10261917109328,3.2092075976520675,0,129.57050475502825,131.30794373357523,2024_Q1_ONLY,exit_ts_filter_from_all_through_2026_single_run,100.0,3,1.8000067769191812,2515,2024-01-01 00:00:00,RETEST_SMX2V3_B03_S02D_vol110_sweep,anchor_S02D_vol110_sweep,6868,7.746068724519511,532
3,5.932210201745993,2024-06-30 23:59:59,117.79663060523798,17.796630605237972,4639,197,197,1.394828884403998,7.209865215589019,17.836210391931328,5.794714724569701,4.792050665079259,0,116.15356917670144,117.83621039193133,2024_Q2_ONLY,exit_ts_filter_from_all_through_2026_single_run,100.0,3,1.9567067547770698,2434,2024-04-01 00:00:00,RETEST_SMX2V3_B03_S02D_vol110_sweep,anchor_S02D_vol110_sweep,4961,6.490626889739971,322
3,4.264212693308703,2024-09-30 23:59:59,112.7926380799261,12.7926380799261,4062,106,106,1.4275328042211655,4.631796501729852,12.793540428249539,4.352144122421919,3.808697455774336,0,111.1824861705887,112.79354042824953,2024_Q3_ONLY,exit_ts_filter_from_all_through_2026_single_run,100.0,3,1.8151669013542524,1797,2024-07-01 00:00:00,RETEST_SMX2V3_B03_S02D_vol110_sweep,anchor_S02D_vol110_sweep,4355,6.727898966704937,293
3,13.50454639076142,2024-12-31 23:59:59,140.51363917228426,40.51363917228426,7332,127,127,1.8595736353297365,19.61234301180312,40.66178940841891,13.886141334180905,7.015154826300233,0,137.9006845841941,140.6617894084189,2024_Q4_ONLY,exit_ts_filter_from_all_through_2026_single_run,100.0,3,1.9686426443081115,3845,2024-10-01 00:00:00,RETEST_SMX2V3_B03_S02D_vol110_sweep,anchor_S02D_vol110_sweep,7898,7.1663712332236,566
75,319.4273783935995,2025-12-31 23:59:59,24057.053379519963,23957.053379519963,105577,326,326,5.70398937460036,7118.319812150601,23957.053379519963,13.96775566104256,-0.27195850061727356,5,22684.841610910207,24057.053379519963,TRAIN_2025_FULL,exit_ts_filter_from_all_through_2026_single_run,93.33333333333333,70,1.986864991408043,48469,,RETEST_SMX2V3_B03_S02D_vol110_sweep,anchor_S02D_vol110_sweep,114039,7.42026850463438,8462
12,135.76341732081664,2025-12-31 23:59:59,1729.1610078497997,1629.1610078497997,43508,326,326,5.703989374600383,511.6470777362222,1629.1610078497997,46.098705458226206,10.999710559150031,0,1630.5298476923142,1729.1610078497997,2025_FULL_ONLY,exit_ts_filter_from_all_through_2026_single_run,100.0,12,2.074269572884544,24973,2025-01-01 00:00:00,RETEST_SMX2V3_B03_S02D_vol110_sweep,anchor_S02D_vol110_sweep,47188,7.798592862592184,3680
72,95.91709179120335,2025-09-30 23:59:59,7006.030608966641,6906.030608966641,89972,326,326,5.70398937460036,1713.8888913457286,6908.2924120038015,12.082953606964466,-0.27195850061727356,5,6606.407367449936,7008.2924120038015,PREQ4_ALL_BEFORE_2025_10_01,exit_ts_filter_from_all_through_2026_single_run,93.05555555555556,67,1.931636377215023,38804,,RETEST_SMX2V3_B03_S02D_vol110_sweep,anchor_S02D_vol110_sweep,97068,7.310339143693081,7096
3,20.871907391540663,2025-03-31 23:59:59,162.615722174622,62.61572217462199,8276,326,326,5.703989374600383,27.03421430653742,62.72675469176485,24.58179730893454,10.999710559150031,0,153.34013866035187,162.72675469176485,2025_Q1_ONLY,exit_ts_filter_from_all_through_2026_single_run,100.0,3,2.0991161568631913,5136,2025-01-01 00:00:00,RETEST_SMX2V3_B03_S02D_vol110_sweep,anchor_S02D_vol110_sweep,8967,7.706033232965318,691
3,20.450082774965,2025-06-30 23:59:59,161.350248324895,61.350248324895,9233,293,293,2.9409658355093904,25.082838069306277,62.20644225815457,19.614417545120773,16.652992710467956,0,156.60499264615027,162.20644225815457,2025_Q2_ONLY,exit_ts_filter_from_all_through_2026_single_run,100.0,3,1.9371079625523044,5140,2025-04-01 00:00:00,RETEST_SMX2V3_B03_S02D_vol110_sweep,anchor_S02D_vol110_sweep,9967,7.364302197250929,734
3,30.641860037802786,2025-09-30 23:59:59,191.92558011340836,91.92558011340837,10394,247,247,3.2192807451577043,46.95085392582581,91.98754071338828,25.381540012986164,19.593186174596383,0,185.7469568677852,191.98754071338828,2025_Q3_ONLY,exit_ts_filter_from_all_through_2026_single_run,100.0,3,1.9248998761166567,5032,2025-07-01 00:00:00,RETEST_SMX2V3_B03_S02D_vol110_sweep,anchor_S02D_vol110_sweep,11283,7.879110165736063,889
3,81.12545568352066,2025-12-31 23:59:59,343.37636705056195,243.37636705056192,15605,194,194,2.823246381127742,101.60275067939696,243.37636705056192,97.054684224205,44.718932146959986,0,333.68200619415904,343.37636705056195,2025_Q4_ONLY,exit_ts_filter_from_all_through_2026_single_run,100.0,3,2.238932116434587,9665,2025-10-01 00:00:00,RETEST_SMX2V3_B03_S02D_vol110_sweep,anchor_S02D_vol110_sweep,16971,8.049024807023747,1366
1,7.998288404703629,2026-12-31 23:59:59,107.99828840470363,7.998288404703624,1556,42,42,2.010267680394462,7.998288404703629,8.026409608788754,7.998288404703629,7.998288404703629,0,105.82723371752466,108.02640960878875,2026_FULL_ONLY,exit_ts_filter_from_all_through_2026_single_run,100.0,1,1.8152253181026134,829,2026-01-01 00:00:00,RETEST_SMX2V3_B03_S02D_vol110_sweep,anchor_S02D_vol110_sweep,1722,9.639953542392567,166
1,7.998288404703629,2026-03-31 23:59:59,107.99828840470363,7.998288404703624,1556,42,42,2.010267680394462,7.998288404703629,8.026409608788754,7.998288404703629,7.998288404703629,0,105.82723371752466,108.02640960878875,2026_Q1_ONLY,exit_ts_filter_from_all_through_2026_single_run,100.0,1,1.8152253181026134,829,2026-01-01 00:00:00,RETEST_SMX2V3_B03_S02D_vol110_sweep,anchor_S02D_vol110_sweep,1722,9.639953542392567,166
0,0.0,2026-06-30 23:59:59,100.0,0.0,0,0,0,0.0,0.0,0.0,0.0,0.0,0,100.0,100.0,2026_Q2_ONLY,exit_ts_filter_from_all_through_2026_single_run,0.0,0,0.0,0,2026-04-01 00:00:00,RETEST_SMX2V3_B03_S02D_vol110_sweep,anchor_S02D_vol110_sweep,0,0.0,0
0,0.0,2026-09-30 23:59:59,100.0,0.0,0,0,0,0.0,0.0,0.0,0.0,0.0,0,100.0,100.0,2026_Q3_ONLY,exit_ts_filter_from_all_through_2026_single_run,0.0,0,0.0,0,2026-07-01 00:00:00,RETEST_SMX2V3_B03_S02D_vol110_sweep,anchor_S02D_vol110_sweep,0,0.0,0
0,0.0,2026-12-31 23:59:59,100.0,0.0,0,0,0,0.0,0.0,0.0,0.0,0.0,0,100.0,100.0,2026_Q4_ONLY,exit_ts_filter_from_all_through_2026_single_run,0.0,0,0.0,0,2026-10-01 00:00:00,RETEST_SMX2V3_B03_S02D_vol110_sweep,anchor_S02D_vol110_sweep,0,0.0,0
76,338.89170599209586,2026-12-31 23:59:59,25855.769655399286,25755.769655399286,106584,326,326,5.721292965232827,7090.52903803524,25762.50212668191,14.235834062609307,-0.2968847117155917,5,24376.48532499812,25862.50212668191,ALL_TO_2026_END,exit_ts_filter_from_all_through_2026_single_run,93.42105263157895,71,1.9856680158904028,48835,,RETEST_SMX2V3_N02_S02_soft_volr110_bonus020,anchor_S02_vol110_bonus020,115195,7.4751508311992705,8611
12,5.134104430815806,2023-12-31 23:59:59,161.60925316978967,61.60925316978967,11046,150,150,1.9771055940384974,11.933950565986919,62.40436817675599,4.788427471166742,0.47074221222595725,0,158.41406758488594,162.40436817675598,2023_FULL_ONLY,exit_ts_filter_from_all_through_2026_single_run,100.0,12,1.812212161513254,3525,2023-01-01 00:00:00,RETEST_SMX2V3_N02_S02_soft_volr110_bonus020,anchor_S02_vol110_bonus020,12023,8.12609165765616,977
3,5.0987075341324255,2023-03-31 23:59:59,115.29612260239728,15.296122602397277,3525,133,133,1.8946953966483049,6.143975790748669,15.3350497087275,5.044776773273071,4.107370038375535,0,113.11161227493568,115.3350497087275,2023_Q1_ONLY,exit_ts_filter_from_all_through_2026_single_run,100.0,3,1.7928818514111073,1527,2023-01-01 00:00:00,RETEST_SMX2V3_N02_S02_soft_volr110_bonus020,anchor_S02_vol110_bonus020,3832,8.011482254697286,307
3,3.6601648881059674,2023-06-30 23:59:59,110.9804946643179,10.980494664317897,1514,43,43,0.8654465138203893,4.273169115442954,10.981382515378035,4.033142255807718,2.6741832930672302,0,110.02001784222493,110.98138251537803,2023_Q2_ONLY,exit_ts_filter_from_all_through_2026_single_run,100.0,3,2.3565510243478394,337,2023-04-01 00:00:00,RETEST_SMX2V3_N02_S02_soft_volr110_bonus020,anchor_S02_vol110_bonus020,1673,9.503885236102809,159
3,2.0197130169811053,2023-09-30 23:59:59,106.05913905094332,6.059139050943307,1886,150,150,1.9771055940384308,4.455431279872911,6.163531673737377,1.235814549981285,0.36789322108911904,0,103.9622378797781,106.16353167373737,2023_Q3_ONLY,exit_ts_filter_from_all_through_2026_single_run,100.0,3,1.5437333159307693,511,2023-07-01 00:00:00,RETEST_SMX2V3_N02_S02_soft_volr110_bonus020,anchor_S02_vol110_bonus020,2049,7.955100048804295,163
3,6.361639837173158,2023-12-31 23:59:59,119.08491951151947,19.084919511519473,4121,26,26,1.0776515454910096,8.793763443185384,19.670815459615397,7.882287611940086,2.4088684563940035,0,117.80159903595685,119.6708154596154,2023_Q4_ONLY,exit_ts_filter_from_all_through_2026_single_run,100.0,3,1.7713390279690224,1150,2023-10-01 00:00:00,RETEST_SMX2V3_N02_S02_soft_volr110_bonus020,anchor_S02_vol110_bonus020,4469,7.78697695233833,348
12,12.08498936166913,2024-12-31 23:59:59,245.01987234002956,145.01987234002956,22246,196,196,1.8277014832575156,34.38117738259746,145.221339690965,8.376206273474914,3.211688281494915,0,240.54164049899518,245.221339690965,2024_FULL_ONLY,exit_ts_filter_from_all_through_2026_single_run,100.0,12,1.890217940067401,10485,2024-01-01 00:00:00,RETEST_SMX2V3_N02_S02_soft_volr110_bonus020,anchor_S02_vol110_bonus020,23954,7.130333138515487,1708
3,10.339537993006862,2024-03-31 23:59:59,131.01861397902059,31.018613979020593,6308,85,85,1.3192317118921104,18.711604364202117,31.022806658521173,9.095321333323554,3.211688281494915,0,129.29017487492783,131.02280665852118,2024_Q1_ONLY,exit_ts_filter_from_all_through_2026_single_run,100.0,3,1.7941001259606366,2487,2024-01-01 00:00:00,RETEST_SMX2V3_N02_S02_soft_volr110_bonus020,anchor_S02_vol110_bonus020,6837,7.73731168641217,529
3,5.963699167149547,2024-06-30 23:59:59,117.89109750144864,17.891097501448638,4602,196,196,1.3492011093163336,7.218303349720415,17.9307090291144,5.844277374856716,4.82851677687151,0,116.30050950617388,117.93070902911441,2024_Q2_ONLY,exit_ts_filter_from_all_through_2026_single_run,100.0,3,1.9658971069686935,2409,2024-04-01 00:00:00,RETEST_SMX2V3_N02_S02_soft_volr110_bonus020,anchor_S02_vol110_bonus020,4924,6.5393988627132416,322
3,4.2220184871740924,2024-09-30 23:59:59,112.66605546152228,12.666055461522285,4039,106,106,1.4251670271563488,4.544546808501707,12.666956797176642,4.314472886170421,3.8070357668501487,0,111.06037598828699,112.66695679717665,2024_Q3_ONLY,exit_ts_filter_from_all_through_2026_single_run,100.0,3,1.8094827005427616,1778,2024-07-01 00:00:00,RETEST_SMX2V3_N02_S02_soft_volr110_bonus020,anchor_S02_vol110_bonus020,4330,6.720554272517321,291
3,13.599087194795866,2024-12-31 23:59:59,140.7972615843876,40.79726158438759,7297,127,127,1.8277014832574823,19.756665364672685,40.91303199533212,14.022872988604462,7.017723231110452,0,138.22390794602381,140.91303199533212,2024_Q4_ONLY,exit_ts_filter_from_all_through_2026_single_run,100.0,3,1.981167835727247,3811,2024-10-01 00:00:00,RETEST_SMX2V3_N02_S02_soft_volr110_bonus020,anchor_S02_vol110_bonus020,7863,7.198270380261987,566
75,317.88131207315337,2025-12-31 23:59:59,23941.098405486504,23841.098405486504,105027,326,326,5.721292965232827,7090.52903803524,23841.098405486504,14.076764999964027,-0.2968847117155917,5,22571.358026613932,23941.098405486504,TRAIN_2025_FULL,exit_ts_filter_from_all_through_2026_single_run,93.33333333333333,70,1.9885701395965774,48005,,RETEST_SMX2V3_N02_S02_soft_volr110_bonus020,anchor_S02_vol110_bonus020,113472,7.442364636209814,8445
12,135.4307426683811,2025-12-31 23:59:59,1725.1689120205733,1625.1689120205733,43258,326,326,5.721292965232793,510.93563290289114,1625.1689120205733,45.653747010453,11.028365858527621,0,1626.466944418757,1725.1689120205733,2025_FULL_ONLY,exit_ts_filter_from_all_through_2026_single_run,100.0,12,2.0756960419503714,24751,2025-01-01 00:00:00,RETEST_SMX2V3_N02_S02_soft_volr110_bonus020,anchor_S02_vol110_bonus020,46929,7.8224551982782495,3671
72,95.50392644019232,2025-09-30 23:59:59,6976.282703693847,6876.282703693848,89520,326,326,5.721292965232827,1705.927896309243,6878.534903018685,11.131278069345171,-0.2968847117155917,5,6577.149132132657,6978.534903018684,PREQ4_ALL_BEFORE_2025_10_01,exit_ts_filter_from_all_through_2026_single_run,93.05555555555556,67,1.9333534236459418,38430,,RETEST_SMX2V3_N02_S02_soft_volr110_bonus020,anchor_S02_vol110_bonus020,96601,7.330151861781969,7081
3,21.02252729013236,2025-03-31 23:59:59,163.06758187039708,63.06758187039707,8215,326,326,5.721292965232793,27.24256936761452,63.17892291317779,24.796646644254935,11.028365858527621,0,153.73800778027083,163.1789229131778,2025_Q1_ONLY,exit_ts_filter_from_all_through_2026_single_run,100.0,3,2.1110414818589414,5062,2025-01-01 00:00:00,RETEST_SMX2V3_N02_S02_soft_volr110_bonus020,anchor_S02_vol110_bonus020,8905,7.748455923638406,690
3,20.357137301498398,2025-06-30 23:59:59,161.0714119044952,61.071411904495186,9189,293,293,2.9308711306618718,24.884151589166976,61.92483080256528,19.604873239913587,16.58238707541463,0,156.35061639323686,161.92483080256528,2025_Q2_ONLY,exit_ts_filter_from_all_through_2026_single_run,100.0,3,1.935556138446617,5106,2025-04-01 00:00:00,RETEST_SMX2V3_N02_S02_soft_volr110_bonus020,anchor_S02_vol110_bonus020,9920,7.368951612903225,731
3,30.464256444451223,2025-09-30 23:59:59,191.39276933335367,91.39276933335367,10347,247,247,3.200784951894642,46.801753630879915,91.45455792251778,25.276911566165197,19.314104136308558,0,185.26669837351724,191.45455792251778,2025_Q3_ONLY,exit_ts_filter_from_all_through_2026_single_run,100.0,3,1.9221342455147374,5008,2025-07-01 00:00:00,RETEST_SMX2V3_N02_S02_soft_volr110_bonus020,anchor_S02_vol110_bonus020,11233,7.887474405768717,886
3,81.0594812086656,2025-12-31 23:59:59,343.1784436259968,243.1784436259968,15507,187,187,2.812361931666596,101.63763911518075,243.1784436259968,96.66011695610447,44.880687554711585,0,333.52702371977335,343.1784436259968,2025_Q4_ONLY,exit_ts_filter_from_all_through_2026_single_run,100.0,3,2.240252467012387,9575,2025-10-01 00:00:00,RETEST_SMX2V3_N02_S02_soft_volr110_bonus020,anchor_S02_vol110_bonus020,16871,8.08487937881572,1364
1,7.99742441839652,2026-12-31 23:59:59,107.99742441839652,7.997424418396526,1557,42,42,2.0094837562645074,7.99742441839652,8.025545397512012,7.99742441839652,7.99742441839652,0,105.82723371752482,108.025545397512,2026_FULL_ONLY,exit_ts_filter_from_all_through_2026_single_run,100.0,1,1.8150717853011185,830,2026-01-01 00:00:00,RETEST_SMX2V3_N02_S02_soft_volr110_bonus020,anchor_S02_vol110_bonus020,1723,9.63435867672664,166
1,7.99742441839652,2026-03-31 23:59:59,107.99742441839652,7.997424418396526,1557,42,42,2.0094837562645074,7.99742441839652,8.025545397512012,7.99742441839652,7.99742441839652,0,105.82723371752482,108.025545397512,2026_Q1_ONLY,exit_ts_filter_from_all_through_2026_single_run,100.0,1,1.8150717853011185,830,2026-01-01 00:00:00,RETEST_SMX2V3_N02_S02_soft_volr110_bonus020,anchor_S02_vol110_bonus020,1723,9.63435867672664,166
0,0.0,2026-06-30 23:59:59,100.0,0.0,0,0,0,0.0,0.0,0.0,0.0,0.0,0,100.0,100.0,2026_Q2_ONLY,exit_ts_filter_from_all_through_2026_single_run,0.0,0,0.0,0,2026-04-01 00:00:00,RETEST_SMX2V3_N02_S02_soft_volr110_bonus020,anchor_S02_vol110_bonus020,0,0.0,0
0,0.0,2026-09-30 23:59:59,100.0,0.0,0,0,0,0.0,0.0,0.0,0.0,0.0,0,100.0,100.0,2026_Q3_ONLY,exit_ts_filter_from_all_through_2026_single_run,0.0,0,0.0,0,2026-07-01 00:00:00,RETEST_SMX2V3_N02_S02_soft_volr110_bonus020,anchor_S02_vol110_bonus020,0,0.0,0
0,0.0,2026-12-31 23:59:59,100.0,0.0,0,0,0,0.0,0.0,0.0,0.0,0.0,0,100.0,100.0,2026_Q4_ONLY,exit_ts_filter_from_all_through_2026_single_run,0.0,0,0.0,0,2026-10-01 00:00:00,RETEST_SMX2V3_N02_S02_soft_volr110_bonus020,anchor_S02_vol110_bonus020,0,0.0,0
76,338.78630403593905,2026-12-31 23:59:59,25847.759106731366,25747.759106731366,107359,326,326,5.70549810473554,7099.726368010088,25754.489492182096,14.12665098220436,-0.27241564147340114,5,24373.0157007802,25854.4894921821,ALL_TO_2026_END,exit_ts_filter_from_all_through_2026_single_run,93.42105263157895,71,1.9825980794858065,49441,,RETEST_SMX2V3_N02_S06_soft_mixed_context_bonus,anchor_S06_mixed_context,115983,7.435572454583861,8624
12,5.12650386515908,2023-12-31 23:59:59,161.51804638190896,61.51804638190897,11101,150,150,1.978370028928722,11.905018832739188,62.31401116498958,4.738402818146255,0.46744912945143824,0,158.32262176097808,162.31401116498958,2023_FULL_ONLY,exit_ts_filter_from_all_through_2026_single_run,100.0,12,1.8088821480511232,3563,2023-01-01 00:00:00,RETEST_SMX2V3_N02_S06_soft_mixed_context_bonus,anchor_S06_mixed_context,12080,8.104304635761588,979
3,5.088474912382201,2023-03-31 23:59:59,115.2654247371466,15.265424737146605,3547,133,133,1.9320043873088277,6.141428571352279,15.304341479042737,5.061788357866092,4.062207807928232,0,113.03849167417478,115.30434147904275,2023_Q1_ONLY,exit_ts_filter_from_all_through_2026_single_run,100.0,3,1.7885187445579815,1541,2023-01-01 00:00:00,RETEST_SMX2V3_N02_S06_soft_mixed_context_bonus,anchor_S06_mixed_context,3855,7.989623865110246,308
3,3.6314338910711683,2023-06-30 23:59:59,110.8943016732135,10.894301673213501,1518,43,43,0.8654465138203893,4.210543433644602,10.895188834724179,4.011181040892126,2.672577198676777,0,109.93457080535721,110.89518883472418,2023_Q2_ONLY,exit_ts_filter_from_all_through_2026_single_run,100.0,3,2.3426456603385355,339,2023-04-01 00:00:00,RETEST_SMX2V3_N02_S06_soft_mixed_context_bonus,anchor_S06_mixed_context,1676,9.427207637231504,158
3,1.9980302386546025,2023-09-30 23:59:59,105.99409071596381,5.994090715963818,1901,150,150,1.9783700289289219,4.411629054287928,6.100783770871443,1.2167607272991887,0.36570093437669016,0,103.89713539280346,106.10078377087144,2023_Q3_ONLY,exit_ts_filter_from_all_through_2026_single_run,100.0,3,1.5350550012986246,519,2023-07-01 00:00:00,RETEST_SMX2V3_N02_S06_soft_mixed_context_bonus,anchor_S06_mixed_context,2064,7.897286821705427,163
3,6.405019307390911,2023-12-31 23:59:59,119.21505792217273,19.21505792217273,4135,26,26,1.0998294395113462,8.786990317810975,19.802552569641385,7.9558958837083225,2.472171720653435,0,117.90389561881416,119.80255256964139,2023_Q4_ONLY,exit_ts_filter_from_all_through_2026_single_run,100.0,3,1.775293596711582,1164,2023-10-01 00:00:00,RETEST_SMX2V3_N02_S06_soft_mixed_context_bonus,anchor_S06_mixed_context,4485,7.803790412486064,350
12,12.068976823116616,2024-12-31 23:59:59,244.8277218773994,144.8277218773994,22416,197,197,1.8587885056378095,34.02648059879289,145.03099148073625,8.41512581602884,3.208675885201089,0,240.2768923245274,245.03099148073628,2024_FULL_ONLY,exit_ts_filter_from_all_through_2026_single_run,100.0,12,1.8859971360733714,10625,2024-01-01 00:00:00,RETEST_SMX2V3_N02_S06_soft_mixed_context_bonus,anchor_S06_mixed_context,24126,7.087789107187267,1710
3,10.381584385324581,2024-03-31 23:59:59,131.14475315597375,31.14475315597374,6344,88,88,1.3208105978690932,18.882067122602308,31.148949872008735,9.054010148170349,3.208675885201089,0,129.41257935774036,131.14894987200873,2024_Q1_ONLY,exit_ts_filter_from_all_through_2026_single_run,100.0,3,1.7963055119404896,2524,2024-01-01 00:00:00,RETEST_SMX2V3_N02_S06_soft_mixed_context_bonus,anchor_S06_mixed_context,6874,7.710212394530114,530
3,5.9955147892719465,2024-06-30 23:59:59,117.98654436781584,17.98654436781584,4653,197,197,1.3801264414711079,7.262421108668519,18.02618796572495,5.929510176162978,4.794613082984341,0,116.35818087161758,118.02618796572496,2024_Q2_ONLY,exit_ts_filter_from_all_through_2026_single_run,100.0,3,1.9664545175761046,2444,2024-04-01 00:00:00,RETEST_SMX2V3_N02_S06_soft_mixed_context_bonus,anchor_S06_mixed_context,4976,6.491157556270097,323
3,4.253009570320121,2024-09-30 23:59:59,112.75902871096037,12.759028710960374,4069,106,106,1.4291099573878197,4.629729917384537,12.759930790406692,4.325222750486475,3.8040760430893528,0,111.14757820379825,112.75993079040668,2024_Q3_ONLY,exit_ts_filter_from_all_through_2026_single_run,100.0,3,1.8115168674931401,1797,2024-07-01 00:00:00,RETEST_SMX2V3_N02_S06_soft_mixed_context_bonus,anchor_S06_mixed_context,4362,6.717102246675837,293
3,13.440677181504062,2024-12-31 23:59:59,140.32203154451219,40.32203154451219,7350,130,130,1.8587885056378095,19.502141535767592,40.43853470629784,13.804735182444361,7.015154826300233,0,137.71374175128534,140.43853470629784,2024_Q4_ONLY,exit_ts_filter_from_all_through_2026_single_run,100.0,3,1.9652190593940402,3860,2024-10-01 00:00:00,RETEST_SMX2V3_N02_S06_soft_mixed_context_bonus,anchor_S06_mixed_context,7914,7.12661106899166,564
75,317.77986112608886,2025-12-31 23:59:59,23933.489584456664,23833.489584456664,105803,326,326,5.70549810473554,7099.726368010088,23833.489584456664,13.958986878920953,-0.27241564147340114,5,22567.964789818412,23933.489584456664,TRAIN_2025_FULL,exit_ts_filter_from_all_through_2026_single_run,93.33333333333333,70,1.985436256595137,48612,,RETEST_SMX2V3_N02_S06_soft_mixed_context_bonus,anchor_S06_mixed_context,114261,7.402350758351493,8458
12,134.99825712229168,2025-12-31 23:59:59,1719.9790854675,1619.9790854675002,43603,326,326,5.705498104735374,510.22149621884614,1619.9790854675002,45.68710561935542,10.807768051992625,0,1621.8457113443071,1719.9790854675,2025_FULL_ONLY,exit_ts_filter_from_all_through_2026_single_run,100.0,12,2.0712472529829844,25032,2025-01-01 00:00:00,RETEST_SMX2V3_N02_S06_soft_mixed_context_bonus,anchor_S06_mixed_context,47281,7.779023286309511,3678
72,96.02796110113992,2025-09-30 23:59:59,7014.013199282074,6914.013199282074,90162,326,326,5.70549810473554,1737.5785904864515,6916.277579391478,12.168142848361072,-0.27241564147340114,5,6613.828809131135,7016.277579391478,PREQ4_ALL_BEFORE_2025_10_01,exit_ts_filter_from_all_through_2026_single_run,93.05555555555556,67,1.9314359647366446,38940,,RETEST_SMX2V3_N02_S06_soft_mixed_context_bonus,anchor_S06_mixed_context,97259,7.297011073525329,7097
3,20.824628699566166,2025-03-31 23:59:59,162.4738860986985,62.47388609869851,8296,326,326,5.705498104735374,26.955379388776464,62.5848217714752,24.71073865792941,10.807768051992625,0,153.20394160664736,162.5848217714752,2025_Q1_ONLY,exit_ts_filter_from_all_through_2026_single_run,100.0,3,2.096065877523235,5147,2025-01-01 00:00:00,RETEST_SMX2V3_N02_S06_soft_mixed_context_bonus,anchor_S06_mixed_context,8987,7.688883943473907,691
3,20.427188204986077,2025-06-30 23:59:59,161.28156461495823,61.281564614958214,9253,293,293,2.9165659639132535,24.99098930409275,62.13869119239086,19.620252775551307,16.67032253531417,0,156.57768139533158,162.13869119239087,2025_Q2_ONLY,exit_ts_filter_from_all_through_2026_single_run,100.0,3,1.9359877372443686,5157,2025-04-01 00:00:00,RETEST_SMX2V3_N02_S06_soft_mixed_context_bonus,anchor_S06_mixed_context,9986,7.340276386941719,733
3,30.78676344272832,2025-09-30 23:59:59,192.36029032818496,92.36029032818496,10413,247,247,3.221603463837941,47.65333520732818,92.42239126852863,25.331937076448767,19.37501804440801,0,186.16320455192343,192.42239126852863,2025_Q3_ONLY,exit_ts_filter_from_all_through_2026_single_run,100.0,3,1.9263885486039551,5056,2025-07-01 00:00:00,RETEST_SMX2V3_N02_S06_soft_mixed_context_bonus,anchor_S06_mixed_context,11306,7.898460994162392,893
3,80.40796761406426,2025-12-31 23:59:59,341.2239028421928,241.22390284219279,15641,197,197,2.8286881487265325,101.22202747974308,241.22390284219279,95.26185027618706,44.74002508626265,0,331.57174274187355,341.2239028421928,2025_Q4_ONLY,exit_ts_filter_from_all_through_2026_single_run,100.0,3,2.2318572519019018,9672,2025-10-01 00:00:00,RETEST_SMX2V3_N02_S06_soft_mixed_context_bonus,anchor_S06_mixed_context,17002,8.004940595224092,1361
1,7.998288404703629,2026-12-31 23:59:59,107.99828840470363,7.998288404703624,1556,42,42,2.010267680394462,7.998288404703629,8.026409608788754,7.998288404703629,7.998288404703629,0,105.82723371752466,108.02640960878875,2026_FULL_ONLY,exit_ts_filter_from_all_through_2026_single_run,100.0,1,1.8152253181026134,829,2026-01-01 00:00:00,RETEST_SMX2V3_N02_S06_soft_mixed_context_bonus,anchor_S06_mixed_context,1722,9.639953542392567,166
1,7.998288404703629,2026-03-31 23:59:59,107.99828840470363,7.998288404703624,1556,42,42,2.010267680394462,7.998288404703629,8.026409608788754,7.998288404703629,7.998288404703629,0,105.82723371752466,108.02640960878875,2026_Q1_ONLY,exit_ts_filter_from_all_through_2026_single_run,100.0,1,1.8152253181026134,829,2026-01-01 00:00:00,RETEST_SMX2V3_N02_S06_soft_mixed_context_bonus,anchor_S06_mixed_context,1722,9.639953542392567,166
0,0.0,2026-06-30 23:59:59,100.0,0.0,0,0,0,0.0,0.0,0.0,0.0,0.0,0,100.0,100.0,2026_Q2_ONLY,exit_ts_filter_from_all_through_2026_single_run,0.0,0,0.0,0,2026-04-01 00:00:00,RETEST_SMX2V3_N02_S06_soft_mixed_context_bonus,anchor_S06_mixed_context,0,0.0,0
0,0.0,2026-09-30 23:59:59,100.0,0.0,0,0,0,0.0,0.0,0.0,0.0,0.0,0,100.0,100.0,2026_Q3_ONLY,exit_ts_filter_from_all_through_2026_single_run,0.0,0,0.0,0,2026-07-01 00:00:00,RETEST_SMX2V3_N02_S06_soft_mixed_context_bonus,anchor_S06_mixed_context,0,0.0,0
0,0.0,2026-12-31 23:59:59,100.0,0.0,0,0,0,0.0,0.0,0.0,0.0,0.0,0,100.0,100.0,2026_Q4_ONLY,exit_ts_filter_from_all_through_2026_single_run,0.0,0,0.0,0,2026-10-01 00:00:00,RETEST_SMX2V3_N02_S06_soft_mixed_context_bonus,anchor_S06_mixed_context,0,0.0,0
76,340.63365872208175,2026-12-31 23:59:59,25988.158062878214,25888.158062878218,106985,326,326,5.703235000480511,7126.1787858662865,25894.92500620183,14.130755852726324,-0.2903800887941941,5,24505.99233625595,25994.92500620183,ALL_TO_2026_END,exit_ts_filter_from_all_through_2026_single_run,93.42105263157895,71,1.9848071041189899,49173,,SMX2V3_B04_M01_S02D_plus_upper020,M01_S02D_plus_upper_range020,115610,7.460427298676585,8625
12,5.115849524687749,2023-12-31 23:59:59,161.390194296253,61.390194296252986,11070,150,150,1.9771055940383087,11.921598479722462,62.185529021207685,4.703303380781485,0.4697663033791457,0,158.19933973659246,162.18552902120769,2023_FULL_ONLY,exit_ts_filter_from_all_through_2026_single_run,100.0,12,1.808360711363227,3537,2023-01-01 00:00:00,SMX2V3_B04_M01_S02D_plus_upper020,M01_S02D_plus_upper_range020,12046,8.102274613979745,976
3,5.074920519346662,2023-03-31 23:59:59,115.22476155803999,15.22476155803998,3535,133,133,1.9265124038125525,6.142229640584446,15.263664570941039,5.014642873696189,4.067889043759351,0,113.0049422343609,115.26366457094105,2023_Q1_ONLY,exit_ts_filter_from_all_through_2026_single_run,100.0,3,1.786981850177329,1532,2023-01-01 00:00:00,SMX2V3_B04_M01_S02D_plus_upper020,M01_S02D_plus_upper_range020,3842,7.990629880270693,307
3,3.6121074930657358,2023-06-30 23:59:59,110.83632247919721,10.836322479197214,1515,43,43,0.8654465138205114,4.212210822348183,10.837209176870633,3.9514916964239006,2.6726199604251235,0,109.87709339025413,110.83720917687063,2023_Q2_ONLY,exit_ts_filter_from_all_through_2026_single_run,100.0,3,2.3395127451921103,337,2023-04-01 00:00:00,SMX2V3_B04_M01_S02D_plus_upper020,M01_S02D_plus_upper_range020,1672,9.389952153110048,157
3,2.006610360638002,2023-09-30 23:59:59,106.019831081914,6.0198310819139955,1891,150,150,1.9771055940384086,4.4319956038187485,6.12503401466058,1.2199997284222803,0.3678357496729774,0,103.9237070708034,106.12503401466059,2023_Q3_ONLY,exit_ts_filter_from_all_through_2026_single_run,100.0,3,1.5384780930352167,512,2023-07-01 00:00:00,SMX2V3_B04_M01_S02D_plus_upper020,M01_S02D_plus_upper_range020,2054,7.935735150925025,163
3,6.398705943540269,2023-12-31 23:59:59,119.1961178306208,19.196117830620807,4129,26,26,1.0998294395115238,8.804799221630432,19.783519140866822,7.86112525690281,2.530193352087565,0,117.88516383596479,119.78351914086683,2023_Q4_ONLY,exit_ts_filter_from_all_through_2026_single_run,100.0,3,1.7747579785475958,1156,2023-10-01 00:00:00,SMX2V3_B04_M01_S02D_plus_upper020,M01_S02D_plus_upper_range020,4478,7.793657882983475,349
12,12.11878023708664,2024-12-31 23:59:59,245.42536284503967,145.42536284503967,22329,197,197,1.8269160985862842,34.38228634366902,145.62716361014716,8.400110067856438,3.2101317805082488,0,240.94164738120983,245.62716361014716,2024_FULL_ONLY,exit_ts_filter_from_all_through_2026_single_run,100.0,12,1.8904940587276715,10562,2024-01-01 00:00:00,SMX2V3_B04_M01_S02D_plus_upper020,M01_S02D_plus_upper_range020,24041,7.121168004658708,1712
3,10.437732059127597,2024-03-31 23:59:59,131.3131961773828,31.313196177382796,6327,87,87,1.3192317118920882,18.99957239784534,31.317398283702257,9.103491999029202,3.2101317805082488,0,129.5808708515117,131.31739828370226,2024_Q1_ONLY,exit_ts_filter_from_all_through_2026_single_run,100.0,3,1.8003866853096624,2508,2024-01-01 00:00:00,SMX2V3_B04_M01_S02D_plus_upper020,M01_S02D_plus_upper_range020,6859,7.756232686980609,532
3,5.957571029451334,2024-06-30 23:59:59,117.872713088354,17.872713088354008,4627,197,197,1.3563037395494026,7.214521923049418,17.912318438838405,5.8613516087801685,4.796839556524418,0,116.27400107282833,117.91231843883841,2024_Q2_ONLY,exit_ts_filter_from_all_through_2026_single_run,100.0,3,1.9641021507458674,2428,2024-04-01 00:00:00,SMX2V3_B04_M01_S02D_plus_upper020,M01_S02D_plus_upper_range020,4949,6.506364922206506,322
3,4.271936196637185,2024-09-30 23:59:59,112.81580858991155,12.815808589911558,4057,106,106,1.4275328042212987,4.636124995410455,12.816711123600545,4.37107579187915,3.8086078026219496,0,111.20532591394306,112.81671112360054,2024_Q3_ONLY,exit_ts_filter_from_all_through_2026_single_run,100.0,3,1.8176912789654793,1794,2024-07-01 00:00:00,SMX2V3_B04_M01_S02D_plus_upper020,M01_S02D_plus_upper_range020,4350,6.735632183908045,293
3,13.516340799131854,2024-12-31 23:59:59,140.54902239739556,40.549022397395554,7318,127,127,1.8269160985863175,19.6898832189614,40.66458869391085,13.84227208910957,7.016867089324592,0,137.98130968081185,140.66458869391084,2024_Q4_ONLY,exit_ts_filter_from_all_through_2026_single_run,100.0,3,1.9730051483133801,3832,2024-10-01 00:00:00,SMX2V3_B04_M01_S02D_plus_upper020,M01_S02D_plus_upper_range020,7883,7.167322085500444,565
75,319.5132090426269,2025-12-31 23:59:59,24063.490678197017,23963.490678197017,105429,326,326,5.703235000480511,7126.1787858662865,23963.490678197017,13.954863959897551,-0.2903800887941941,5,22691.09325550072,24063.490678197017,TRAIN_2025_FULL,exit_ts_filter_from_all_through_2026_single_run,93.33333333333333,70,1.987686470447645,48345,,SMX2V3_B04_M01_S02D_plus_upper020,M01_S02D_plus_upper_range020,113888,7.427472604664231,8459
12,135.61677927619849,2025-12-31 23:59:59,1727.4013513143818,1627.4013513143818,43454,326,326,5.703235000480278,511.5538318622532,1627.4013513143818,46.220751892350236,11.007702857999377,0,1628.8835928474507,1727.4013513143818,2025_FULL_ONLY,exit_ts_filter_from_all_through_2026_single_run,100.0,12,2.073767395439081,24907,2025-01-01 00:00:00,SMX2V3_B04_M01_S02D_plus_upper020,M01_S02D_plus_upper_range020,47132,7.803615378087074,3678
72,96.08719836901507,2025-09-30 23:59:59,7018.278282569085,6918.278282569085,89842,326,326,5.703235000480511,1717.1819169697774,6920.544039603436,11.851545885735959,-0.2903800887941941,5,6618.009379126483,7020.544039603436,PREQ4_ALL_BEFORE_2025_10_01,exit_ts_filter_from_all_through_2026_single_run,93.05555555555556,67,1.9329509938402882,38696,,SMX2V3_B04_M01_S02D_plus_upper020,M01_S02D_plus_upper_range020,96936,7.318230585128332,7094
3,20.85166257086081,2025-03-31 23:59:59,162.55498771258243,62.55498771258243,8263,326,326,5.703235000480278,27.023033189166853,62.66597876079405,24.5242516654162,11.007702857999377,0,153.28409475833203,162.66597876079405,2025_Q1_ONLY,exit_ts_filter_from_all_through_2026_single_run,100.0,3,2.098530948836961,5110,2025-01-01 00:00:00,SMX2V3_B04_M01_S02D_plus_upper020,M01_S02D_plus_upper_range020,8953,7.7069138836144315,690
3,20.515731458809103,2025-06-30 23:59:59,161.5471943764273,61.547194376427306,9224,293,293,2.9386363814182803,25.262139710580882,62.404433390287785,19.655972657015013,16.629082008831418,0,156.7999097493211,162.40443339028778,2025_Q2_ONLY,exit_ts_filter_from_all_through_2026_single_run,100.0,3,1.9398383885883757,5130,2025-04-01 00:00:00,SMX2V3_B04_M01_S02D_plus_upper020,M01_S02D_plus_upper_range020,9958,7.370958023699538,734
3,30.617209960319098,2025-09-30 23:59:59,191.8516298809573,91.85162988095729,10380,247,247,3.21928074515776,46.940878703966405,91.91356660709627,25.346377813317474,19.56437336367341,0,185.6753873009283,191.91356660709627,2025_Q3_ONLY,exit_ts_filter_from_all_through_2026_single_run,100.0,3,1.9238531998751998,5018,2025-07-01 00:00:00,SMX2V3_B04_M01_S02D_plus_upper020,M01_S02D_plus_upper_range020,11269,7.888898748779837,889
3,80.95628637753958,2025-12-31 23:59:59,342.86885913261875,242.86885913261872,15587,194,194,2.8216915344116744,101.53742127275149,242.86885913261872,96.53866165901951,44.792776200847754,0,333.19415756033976,342.86885913261875,2025_Q4_ONLY,exit_ts_filter_from_all_through_2026_single_run,100.0,3,2.237201919869973,9649,2025-10-01 00:00:00,SMX2V3_B04_M01_S02D_plus_upper020,M01_S02D_plus_upper_range020,16952,8.052147239263803,1365
1,7.998288404703629,2026-12-31 23:59:59,107.99828840470363,7.998288404703624,1556,42,42,2.010267680394462,7.998288404703629,8.026409608788754,7.998288404703629,7.998288404703629,0,105.82723371752466,108.02640960878875,2026_FULL_ONLY,exit_ts_filter_from_all_through_2026_single_run,100.0,1,1.8152253181026134,828,2026-01-01 00:00:00,SMX2V3_B04_M01_S02D_plus_upper020,M01_S02D_plus_upper_range020,1722,9.639953542392567,166
1,7.998288404703629,2026-03-31 23:59:59,107.99828840470363,7.998288404703624,1556,42,42,2.010267680394462,7.998288404703629,8.026409608788754,7.998288404703629,7.998288404703629,0,105.82723371752466,108.02640960878875,2026_Q1_ONLY,exit_ts_filter_from_all_through_2026_single_run,100.0,1,1.8152253181026134,828,2026-01-01 00:00:00,SMX2V3_B04_M01_S02D_plus_upper020,M01_S02D_plus_upper_range020,1722,9.639953542392567,166
0,0.0,2026-06-30 23:59:59,100.0,0.0,0,0,0,0.0,0.0,0.0,0.0,0.0,0,100.0,100.0,2026_Q2_ONLY,exit_ts_filter_from_all_through_2026_single_run,0.0,0,0.0,0,2026-04-01 00:00:00,SMX2V3_B04_M01_S02D_plus_upper020,M01_S02D_plus_upper_range020,0,0.0,0
0,0.0,2026-09-30 23:59:59,100.0,0.0,0,0,0,0.0,0.0,0.0,0.0,0.0,0,100.0,100.0,2026_Q3_ONLY,exit_ts_filter_from_all_through_2026_single_run,0.0,0,0.0,0,2026-07-01 00:00:00,SMX2V3_B04_M01_S02D_plus_upper020,M01_S02D_plus_upper_range020,0,0.0,0
0,0.0,2026-12-31 23:59:59,100.0,0.0,0,0,0,0.0,0.0,0.0,0.0,0.0,0,100.0,100.0,2026_Q4_ONLY,exit_ts_filter_from_all_through_2026_single_run,0.0,0,0.0,0,2026-10-01 00:00:00,SMX2V3_B04_M01_S02D_plus_upper020,M01_S02D_plus_upper_range020,0,0.0,0
76,338.2642423667899,2026-12-31 23:59:59,25808.082419876035,25708.082419876035,107419,326,326,5.70625246075066,7086.250010481395,25714.80247408704,14.14225168014191,-0.30323085556264573,5,24335.4080817193,25814.802474087035,ALL_TO_2026_END,exit_ts_filter_from_all_through_2026_single_run,93.42105263157895,71,1.981865201686229,49498,,SMX2V3_B04_M02_S02D_plus_rangeatr080,M02_S02D_plus_range_atr080,116046,7.434120952036262,8627
12,5.132440486441328,2023-12-31 23:59:59,161.58928583729593,61.589285837295925,11106,150,150,1.978673954075283,11.90772819293818,62.385601690111,4.752219402839216,0.4671505336389714,0,158.3919607258571,162.385601690111,2023_FULL_ONLY,exit_ts_filter_from_all_through_2026_single_run,100.0,12,1.8098891659697178,3564,2023-01-01 00:00:00,SMX2V3_B04_M02_S02D_plus_rangeatr080,M02_S02D_plus_range_atr080,12086,8.108555353301341,980
3,5.088167537916344,2023-03-31 23:59:59,115.26450261374903,15.26450261374903,3548,133,133,1.9320043873088832,6.140538945616939,15.303419044311251,5.0617883578661065,4.062175310265985,0,113.03758736624164,115.30341904431124,2023_Q1_ONLY,exit_ts_filter_from_all_through_2026_single_run,100.0,3,1.7884394734875886,1540,2023-01-01 00:00:00,SMX2V3_B04_M02_S02D_plus_rangeatr080,M02_S02D_plus_range_atr080,3856,7.987551867219916,308
3,3.639961021641047,2023-06-30 23:59:59,110.91988306492314,10.91988306492313,1520,43,43,0.8654465138204226,4.2706665794045335,10.920770431086591,3.9750973723371033,2.6741191131815043,0,109.95993080380407,110.9207704310866,2023_Q2_ONLY,exit_ts_filter_from_all_through_2026_single_run,100.0,3,2.345354184941624,341,2023-04-01 00:00:00,SMX2V3_B04_M02_S02D_plus_rangeatr080,M02_S02D_plus_range_atr080,1679,9.469922572960094,159
3,1.9982033427813661,2023-09-30 23:59:59,105.9946100283441,5.994610028344094,1900,150,150,1.978673954075505,4.4124633325034495,6.101303605988595,1.2167607272991887,0.3653859685414602,0,103.89732228698935,106.1013036059886,2023_Q3_ONLY,exit_ts_filter_from_all_through_2026_single_run,100.0,3,1.5351239342479004,519,2023-07-01 00:00:00,SMX2V3_B04_M02_S02D_plus_rangeatr080,M02_S02D_plus_range_atr080,2063,7.901114881240911,163
3,6.4135007424937385,2023-12-31 23:59:59,119.24050222748122,19.240502227481215,4138,26,26,1.0776515454909763,8.786990317811018,19.828122265093096,7.981340189016763,2.472171720653435,0,117.95550511237556,119.82812226509309,2023_Q4_ONLY,exit_ts_filter_from_all_through_2026_single_run,100.0,3,1.7769624084508326,1164,2023-10-01 00:00:00,SMX2V3_B04_M02_S02D_plus_rangeatr080,M02_S02D_plus_range_atr080,4488,7.7985739750445635,350
12,12.039527638996324,2024-12-31 23:59:59,244.47433166795588,144.47433166795588,22437,197,197,1.8595736353297476,33.965976613498526,144.73405049636966,8.279890654465468,3.207803446140076,0,239.92815145110995,244.7340504963697,2024_FULL_ONLY,exit_ts_filter_from_all_through_2026_single_run,100.0,12,1.8835530041833044,10637,2024-01-01 00:00:00,SMX2V3_B04_M02_S02D_plus_rangeatr080,M02_S02D_plus_range_atr080,24148,7.085472917011761,1711
3,10.399478604802416,2024-03-31 23:59:59,131.19843581440725,31.198435814407244,6347,88,88,1.320810597869182,18.935749781036336,31.202634248321637,9.054882587230836,3.207803446140076,0,129.46555296993196,131.20263424832163,2024_Q1_ONLY,exit_ts_filter_from_all_through_2026_single_run,100.0,3,1.797448911422648,2522,2024-01-01 00:00:00,SMX2V3_B04_M02_S02D_plus_rangeatr080,M02_S02D_plus_range_atr080,6878,7.720267519627799,531
3,5.9175136818912035,2024-06-30 23:59:59,117.75254104567361,17.75254104567361,4657,197,197,1.3979842120153019,7.248017511416492,17.79210601823047,5.7202653942590445,4.784258139998073,0,116.10637911260825,117.79210601823047,2024_Q2_ONLY,exit_ts_filter_from_all_through_2026_single_run,100.0,3,1.9537219330176294,2447,2024-04-01 00:00:00,SMX2V3_B04_M02_S02D_plus_rangeatr080,M02_S02D_plus_range_atr080,4979,6.467162080739104,322
3,4.251506140659326,2024-09-30 23:59:59,112.75451842197798,12.754518421977966,4074,106,106,1.4291099573876531,4.6270409858960875,12.755420465341704,4.323553553599368,3.803923882482522,0,111.14313237180498,112.7554204653417,2024_Q3_ONLY,exit_ts_filter_from_all_through_2026_single_run,100.0,3,1.8110280271943076,1802,2024-07-01 00:00:00,SMX2V3_B04_M02_S02D_plus_rangeatr080,M02_S02D_plus_range_atr080,4367,6.709411495305702,293
3,13.44870207847714,2024-12-31 23:59:59,140.34610623543142,40.34610623543142,7359,130,130,1.8595736353297365,19.49894915210517,40.495203795225244,13.83285837826456,7.014298705061691,0,137.73626704566547,140.49520379522525,2024_Q4_ONLY,exit_ts_filter_from_all_through_2026_single_run,100.0,3,1.9632543814631715,3866,2024-10-01 00:00:00,SMX2V3_B04_M02_S02D_plus_rangeatr080,M02_S02D_plus_range_atr080,7924,7.130237253912165,565
75,317.2951157576034,2025-12-31 23:59:59,23897.133681820254,23797.133681820254,105861,326,326,5.70625246075066,7086.250010481395,23797.133681820254,13.988540114960728,-0.30323085556264573,5,22533.50290305251,23897.133681820254,TRAIN_2025_FULL,exit_ts_filter_from_all_through_2026_single_run,93.33333333333333,70,1.984695290125624,48666,,SMX2V3_B04_M02_S02D_plus_rangeatr080,M02_S02D_plus_range_atr080,114322,7.401025174507094,8461
12,134.90655612609552,2025-12-31 23:59:59,1718.8786735131464,1618.8786735131466,43623,326,326,5.706252460750461,509.7014637979338,1618.8786735131466,45.427513338625985,10.804222245964809,0,1620.7951169084877,1718.8786735131464,2025_FULL_ONLY,exit_ts_filter_from_all_through_2026_single_run,100.0,12,2.070699634006078,25068,2025-01-01 00:00:00,SMX2V3_B04_M02_S02D_plus_rangeatr080,M02_S02D_plus_range_atr080,47302,7.77768381886601,3679
72,95.57284258205488,2025-09-30 23:59:59,6981.2446659079515,6881.2446659079515,90216,326,326,5.70625246075066,1729.292794816035,6883.498467135753,12.173628026744964,-0.30323085556264573,5,6582.877220368555,6983.498467135753,PREQ4_ALL_BEFORE_2025_10_01,exit_ts_filter_from_all_through_2026_single_run,93.05555555555556,67,1.9299868791184962,38981,,SMX2V3_B04_M02_S02D_plus_rangeatr080,M02_S02D_plus_range_atr080,97313,7.292961885873418,7097
3,20.82289566557726,2025-03-31 23:59:59,162.46868699673178,62.46868699673178,8300,326,326,5.706252460750461,26.955600940347068,62.57961911960959,24.7088638104199,10.804222245964809,0,153.1978135470318,162.5796191196096,2025_Q1_ONLY,exit_ts_filter_from_all_through_2026_single_run,100.0,3,2.0959147304097927,5158,2025-01-01 00:00:00,SMX2V3_B04_M02_S02D_plus_rangeatr080,M02_S02D_plus_range_atr080,8991,7.6854632410187955,691
3,20.217956892045578,2025-06-30 23:59:59,160.65387067613673,60.65387067613672,9256,293,293,2.916565963913209,24.75582554576293,61.50636932956641,19.52863393554128,16.369411194832523,0,155.96829456428736,161.5063693295664,2025_Q2_ONLY,exit_ts_filter_from_all_through_2026_single_run,100.0,3,1.9278205146623704,5159,2025-04-01 00:00:00,SMX2V3_B04_M02_S02D_plus_rangeatr080,M02_S02D_plus_range_atr080,9987,7.319515369980975,731
3,30.79502907013354,2025-09-30 23:59:59,192.38508721040063,92.38508721040061,10422,247,247,3.221603463837941,47.654846816592055,92.44719615608523,25.330934420952133,19.39930597285644,0,186.18720257692272,192.44719615608523,2025_Q3_ONLY,exit_ts_filter_from_all_through_2026_single_run,100.0,3,1.9267385179687575,5066,2025-07-01 00:00:00,SMX2V3_B04_M02_S02D_plus_rangeatr080,M02_S02D_plus_range_atr080,11315,7.892178524083075,893
3,80.76825755020921,2025-12-31 23:59:59,342.3047726506276,242.30477265062765,15645,197,197,2.8294655192213303,101.5041063535009,242.30477265062765,95.87973998475437,44.92092631237236,0,332.6193771378292,342.3047726506276,2025_Q4_ONLY,exit_ts_filter_from_all_through_2026_single_run,100.0,3,2.234321602740748,9685,2025-10-01 00:00:00,SMX2V3_B04_M02_S02D_plus_rangeatr080,M02_S02D_plus_range_atr080,17009,8.01928390851902,1364
1,7.996560439001158,2026-12-31 23:59:59,107.99656043900116,7.996560439001166,1558,42,42,2.010267680394462,7.996560439001158,8.024681193148808,7.996560439001158,7.996560439001158,0,105.82554048855825,108.02468119314881,2026_FULL_ONLY,exit_ts_filter_from_all_through_2026_single_run,100.0,1,1.8149182784692122,832,2026-01-01 00:00:00,SMX2V3_B04_M02_S02D_plus_rangeatr080,M02_S02D_plus_range_atr080,1724,9.62877030162413,166
1,7.996560439001158,2026-03-31 23:59:59,107.99656043900116,7.996560439001166,1558,42,42,2.010267680394462,7.996560439001158,8.024681193148808,7.996560439001158,7.996560439001158,0,105.82554048855825,108.02468119314881,2026_Q1_ONLY,exit_ts_filter_from_all_through_2026_single_run,100.0,1,1.8149182784692122,832,2026-01-01 00:00:00,SMX2V3_B04_M02_S02D_plus_rangeatr080,M02_S02D_plus_range_atr080,1724,9.62877030162413,166
0,0.0,2026-06-30 23:59:59,100.0,0.0,0,0,0,0.0,0.0,0.0,0.0,0.0,0,100.0,100.0,2026_Q2_ONLY,exit_ts_filter_from_all_through_2026_single_run,0.0,0,0.0,0,2026-04-01 00:00:00,SMX2V3_B04_M02_S02D_plus_rangeatr080,M02_S02D_plus_range_atr080,0,0.0,0
0,0.0,2026-09-30 23:59:59,100.0,0.0,0,0,0,0.0,0.0,0.0,0.0,0.0,0,100.0,100.0,2026_Q3_ONLY,exit_ts_filter_from_all_through_2026_single_run,0.0,0,0.0,0,2026-07-01 00:00:00,SMX2V3_B04_M02_S02D_plus_rangeatr080,M02_S02D_plus_range_atr080,0,0.0,0
0,0.0,2026-12-31 23:59:59,100.0,0.0,0,0,0,0.0,0.0,0.0,0.0,0.0,0,100.0,100.0,2026_Q4_ONLY,exit_ts_filter_from_all_through_2026_single_run,0.0,0,0.0,0,2026-10-01 00:00:00,SMX2V3_B04_M02_S02D_plus_rangeatr080,M02_S02D_plus_range_atr080,0,0.0,0
76,339.6944271365998,2026-12-31 23:59:59,25916.776462381586,25816.776462381586,106939,326,326,5.722801418511459,7112.249662578197,25823.524818961043,14.143552944900797,-0.3187939551161776,5,24433.61081135997,25923.524818961047,ALL_TO_2026_END,exit_ts_filter_from_all_through_2026_single_run,93.42105263157895,71,1.984983739041964,49128,,SMX2V3_B04_M03_S02D_plus_red_rsi,M03_S02D_plus_red_rsi_fall,115557,7.457791392992203,8618
12,5.101157004020853,2023-12-31 23:59:59,161.21388404825024,61.213884048250236,11065,150,150,1.977105594038353,11.937219153422632,62.00834991209967,4.700226911510363,0.4694813820835293,0,158.02651532836578,162.00834991209967,2023_FULL_ONLY,exit_ts_filter_from_all_through_2026_single_run,100.0,12,1.8079056750909273,3533,2023-01-01 00:00:00,SMX2V3_B04_M03_S02D_plus_red_rsi,M03_S02D_plus_red_rsi_fall,12039,8.090372954564334,974
3,5.045628848399493,2023-03-31 23:59:59,115.13688654519848,15.136886545198468,3534,133,133,1.9257278096350139,6.13659222122881,15.175759889105578,4.933730468646189,4.06656385532348,0,112.91966350184966,115.17575988910558,2023_Q1_ONLY,exit_ts_filter_from_all_through_2026_single_run,100.0,3,1.783675653406307,1533,2023-01-01 00:00:00,SMX2V3_B04_M03_S02D_plus_red_rsi,M03_S02D_plus_red_rsi_fall,3840,7.968749999999999,306
3,3.612403058956872,2023-06-30 23:59:59,110.83720917687062,10.83720917687061,1514,43,43,0.864653431047957,4.212210822348197,10.838095881637667,3.9523783940972947,2.6726199604251235,0,109.878851444845,110.83809588163767,2023_Q2_ONLY,exit_ts_filter_from_all_through_2026_single_run,100.0,3,2.3397559760753746,336,2023-04-01 00:00:00,SMX2V3_B04_M03_S02D_plus_red_rsi,M03_S02D_plus_red_rsi_fall,1671,9.395571514063434,157
3,2.0186423554847246,2023-09-30 23:59:59,106.05592706645417,6.05592706645417,1889,150,150,1.9771055940384086,4.453032125045723,6.161833064025113,1.2350046634649345,0.36789027794351625,0,103.95908939961402,106.1618330640251,2023_Q3_ONLY,exit_ts_filter_from_all_through_2026_single_run,100.0,3,1.543302613089546,510,2023-07-01 00:00:00,SMX2V3_B04_M03_S02D_plus_red_rsi,M03_S02D_plus_red_rsi_fall,2052,7.943469785575048,163
3,6.371756111117411,2023-12-31 23:59:59,119.11526833335223,19.11526833335224,4128,26,26,1.077651545491054,8.819991348811385,19.70227121534831,7.88162682889029,2.413650155650558,0,117.83162080324206,119.7022712153483,2023_Q4_ONLY,exit_ts_filter_from_all_through_2026_single_run,100.0,3,1.773329642302722,1154,2023-10-01 00:00:00,SMX2V3_B04_M03_S02D_plus_red_rsi,M03_S02D_plus_red_rsi_fall,4476,7.774798927613941,348
12,12.069840236403754,2024-12-31 23:59:59,244.83808283684505,144.83808283684505,22329,197,197,1.8269160985862953,34.302731697224914,145.03940071153895,8.273906292368615,3.2101317805082488,0,240.36509648602868,245.03940071153892,2024_FULL_ONLY,exit_ts_filter_from_all_through_2026_single_run,100.0,12,1.8884330024734333,10556,2024-01-01 00:00:00,SMX2V3_B04_M03_S02D_plus_red_rsi,M03_S02D_plus_red_rsi_fall,24039,7.113440658929241,1710
3,10.39701318875916,2024-03-31 23:59:59,131.19103956627748,31.19103956627749,6326,87,87,1.3192317118920882,18.87741578674003,31.195237763507233,9.103491999029202,3.2101317805082488,0,129.46032576915826,131.19523776350724,2024_Q1_ONLY,exit_ts_filter_from_all_through_2026_single_run,100.0,3,1.7982601829187346,2504,2024-01-01 00:00:00,SMX2V3_B04_M03_S02D_plus_red_rsi,M03_S02D_plus_red_rsi_fall,6857,7.743911331486072,531
3,5.858655646056533,2024-06-30 23:59:59,117.5759669381696,17.575966938169607,4629,197,197,1.3563037395492805,7.196359266485189,17.615472581648284,5.674412376271832,4.7051952954125795,0,115.98127970177599,117.61547258164828,2024_Q2_ONLY,exit_ts_filter_from_all_through_2026_single_run,100.0,3,1.9476144432323006,2427,2024-04-01 00:00:00,SMX2V3_B04_M03_S02D_plus_red_rsi,M03_S02D_plus_red_rsi_fall,4949,6.465952717720752,320
3,4.271936196637275,2024-09-30 23:59:59,112.81580858991182,12.815808589911825,4057,106,106,1.4275328042212876,4.6352529378042675,12.816711123600811,4.371075791879164,3.809479860228393,0,111.20532591394334,112.81671112360081,2024_Q3_ONLY,exit_ts_filter_from_all_through_2026_single_run,100.0,3,1.8176912789654793,1795,2024-07-01 00:00:00,SMX2V3_B04_M03_S02D_plus_red_rsi,M03_S02D_plus_red_rsi_fall,4350,6.735632183908045,293
3,13.565822155860502,2024-12-31 23:59:59,140.6974664675815,40.6974664675815,7317,127,127,1.8269160985862953,19.71224160390473,40.81315482208856,13.968357774352143,7.016867089324634,0,138.1270418023822,140.81315482208856,2024_Q4_ONLY,exit_ts_filter_from_all_through_2026_single_run,100.0,3,1.9771554405704146,3830,2024-10-01 00:00:00,SMX2V3_B04_M03_S02D_plus_red_rsi,M03_S02D_plus_red_rsi_fall,7883,7.18000761131549,566
75,318.63706025489614,2025-12-31 23:59:59,23997.77951911721,23897.77951911721,105381,326,326,5.722801418511459,7112.249662578197,23897.77951911721,13.99294273837286,-0.3187939551161776,5,22624.43425238592,23997.77951911721,TRAIN_2025_FULL,exit_ts_filter_from_all_through_2026_single_run,93.33333333333333,70,1.9878737921813394,48299,,SMX2V3_B04_M03_S02D_plus_red_rsi,M03_S02D_plus_red_rsi_fall,113833,7.424911932392189,8452
12,135.80425881195538,2025-12-31 23:59:59,1729.6511057434645,1629.6511057434645,43425,326,326,5.722801418511514,512.6186980508776,1629.6511057434645,45.697425324528325,11.022290890977501,0,1630.6666077286777,1729.6511057434645,2025_FULL_ONLY,exit_ts_filter_from_all_through_2026_single_run,100.0,12,2.075290366233718,24888,2025-01-01 00:00:00,SMX2V3_B04_M03_S02D_plus_red_rsi,M03_S02D_plus_red_rsi_fall,47101,7.804505212203562,3676
72,95.5548211783532,2025-09-30 23:59:59,6979.94712484143,6879.94712484143,89810,326,326,5.722801418511459,1705.7128946651374,6882.200507175498,11.569519707899829,-0.3187939551161776,5,6580.498611769656,6982.200507175498,PREQ4_ALL_BEFORE_2025_10_01,exit_ts_filter_from_all_through_2026_single_run,93.05555555555556,67,1.9323410679741593,38664,,SMX2V3_B04_M03_S02D_plus_red_rsi,M03_S02D_plus_red_rsi_fall,96896,7.312995376486129,7086
3,20.880927077520067,2025-03-31 23:59:59,162.6427812325602,62.642781232560196,8258,326,326,5.722801418511514,27.095500746715857,62.75383222537854,24.524989594866838,11.022290890977501,0,153.33505784107666,162.75383222537855,2025_Q1_ONLY,exit_ts_filter_from_all_through_2026_single_run,100.0,3,2.1010903436776203,5106,2025-01-01 00:00:00,SMX2V3_B04_M03_S02D_plus_red_rsi,M03_S02D_plus_red_rsi_fall,8948,7.711220384443451,690
3,20.46016521401997,2025-06-30 23:59:59,161.3804956420599,61.38049564205992,9220,293,293,2.907245469587205,25.077271662439827,62.23685008061588,19.634555912211653,16.668668067408433,0,156.68876849370875,162.23685008061588,2025_Q2_ONLY,exit_ts_filter_from_all_through_2026_single_run,100.0,3,1.9384701384992344,5126,2025-04-01 00:00:00,SMX2V3_B04_M03_S02D_plus_red_rsi,M03_S02D_plus_red_rsi_fall,9953,7.364613684316286,733
3,30.556608203261476,2025-09-30 23:59:59,191.66982460978443,91.66982460978443,10376,247,247,3.2015593456151237,46.838992546457064,91.73170264252948,25.549481796810497,19.281350266516867,0,185.53340142726574,191.73170264252948,2025_Q3_ONLY,exit_ts_filter_from_all_through_2026_single_run,100.0,3,1.9234696122822879,5021,2025-07-01 00:00:00,SMX2V3_B04_M03_S02D_plus_red_rsi,M03_S02D_plus_red_rsi_fall,11263,7.875344046879162,887
3,81.27011131507543,2025-12-31 23:59:59,343.81033394522626,243.81033394522626,15571,194,194,2.8216915344117743,101.89546618864713,243.81033394522626,96.89447287546326,45.02039488111586,0,334.10906685786097,343.81033394522626,2025_Q4_ONLY,exit_ts_filter_from_all_through_2026_single_run,100.0,3,2.2411000697184207,9635,2025-10-01 00:00:00,SMX2V3_B04_M03_S02D_plus_red_rsi,M03_S02D_plus_red_rsi_fall,16937,8.065182736021729,1366
1,7.996560439001129,2026-12-31 23:59:59,107.99656043900113,7.996560439001121,1558,42,42,2.010267680394462,7.996560439001129,8.024681193148787,7.996560439001129,7.996560439001129,0,105.8255404885582,108.02468119314878,2026_FULL_ONLY,exit_ts_filter_from_all_through_2026_single_run,100.0,1,1.8149182784692122,829,2026-01-01 00:00:00,SMX2V3_B04_M03_S02D_plus_red_rsi,M03_S02D_plus_red_rsi_fall,1724,9.62877030162413,166
1,7.996560439001129,2026-03-31 23:59:59,107.99656043900113,7.996560439001121,1558,42,42,2.010267680394462,7.996560439001129,8.024681193148787,7.996560439001129,7.996560439001129,0,105.8255404885582,108.02468119314878,2026_Q1_ONLY,exit_ts_filter_from_all_through_2026_single_run,100.0,1,1.8149182784692122,829,2026-01-01 00:00:00,SMX2V3_B04_M03_S02D_plus_red_rsi,M03_S02D_plus_red_rsi_fall,1724,9.62877030162413,166
0,0.0,2026-06-30 23:59:59,100.0,0.0,0,0,0,0.0,0.0,0.0,0.0,0.0,0,100.0,100.0,2026_Q2_ONLY,exit_ts_filter_from_all_through_2026_single_run,0.0,0,0.0,0,2026-04-01 00:00:00,SMX2V3_B04_M03_S02D_plus_red_rsi,M03_S02D_plus_red_rsi_fall,0,0.0,0
0,0.0,2026-09-30 23:59:59,100.0,0.0,0,0,0,0.0,0.0,0.0,0.0,0.0,0,100.0,100.0,2026_Q3_ONLY,exit_ts_filter_from_all_through_2026_single_run,0.0,0,0.0,0,2026-07-01 00:00:00,SMX2V3_B04_M03_S02D_plus_red_rsi,M03_S02D_plus_red_rsi_fall,0,0.0,0
0,0.0,2026-12-31 23:59:59,100.0,0.0,0,0,0,0.0,0.0,0.0,0.0,0.0,0,100.0,100.0,2026_Q4_ONLY,exit_ts_filter_from_all_through_2026_single_run,0.0,0,0.0,0,2026-10-01 00:00:00,SMX2V3_B04_M03_S02D_plus_red_rsi,M03_S02D_plus_red_rsi_fall,0,0.0,0
76,340.20960182908215,2026-12-31 23:59:59,25955.929739010244,25855.92973901024,107179,326,326,5.704743742685359,7111.107034597253,25862.688290540933,14.128625787045706,-0.2720198629142345,5,24475.21046136825,25962.688290540933,ALL_TO_2026_END,exit_ts_filter_from_all_through_2026_single_run,93.42105263157895,71,1.9838884105195973,49303,,SMX2V3_B04_M04_S02D_S06_light_mix,M04_S02D_S06_light_mix,115803,7.447130039808986,8624
12,5.139957358606989,2023-12-31 23:59:59,161.67948830328388,61.67948830328387,11086,150,150,1.9778897771935422,11.918951090738204,62.47624867600192,4.783494917354595,0.46826698662351873,0,158.4816462323144,162.47624867600192,2023_FULL_ONLY,exit_ts_filter_from_all_through_2026_single_run,100.0,12,1.810724438787676,3553,2023-01-01 00:00:00,SMX2V3_B04_M04_S02D_S06_light_mix,M04_S02D_S06_light_mix,12065,8.114380439287194,979
3,5.075295541432392,2023-03-31 23:59:59,115.22588662429717,15.22588662429718,3542,133,133,1.9304352805499803,6.14085497335121,15.264790017051233,5.021549312933885,4.063482338012079,0,113.00152545657522,115.26479001705124,2023_Q1_ONLY,exit_ts_filter_from_all_through_2026_single_run,100.0,3,1.7867922705008392,1538,2023-01-01 00:00:00,SMX2V3_B04_M04_S02D_S06_light_mix,M04_S02D_S06_light_mix,3849,7.976097687711094,307
3,3.6584705093342413,2023-06-30 23:59:59,110.97541152800272,10.97541152800272,1516,43,43,0.8654465138205336,4.211377124661553,10.976299338397432,4.091435823875855,2.6725985794653155,0,110.01497869773563,110.97629933839742,2023_Q2_ONLY,exit_ts_filter_from_all_through_2026_single_run,100.0,3,2.3524043928990905,337,2023-04-01 00:00:00,SMX2V3_B04_M04_S02D_S06_light_mix,M04_S02D_S06_light_mix,1675,9.492537313432836,159
3,1.9984859973360283,2023-09-30 23:59:59,105.99545799200808,5.995457992008091,1899,150,150,1.9778897771936976,4.412498632492586,6.102152423208018,1.2167607272991887,0.3661986322163102,0,103.89898466409453,106.10215242320801,2023_Q3_ONLY,exit_ts_filter_from_all_through_2026_single_run,100.0,3,1.5352364878287112,518,2023-07-01 00:00:00,SMX2V3_B04_M04_S02D_S06_light_mix,M04_S02D_S06_light_mix,2062,7.904946653734239,163
3,6.4287922674913744,2023-12-31 23:59:59,119.28637680247412,19.286376802474116,4129,26,26,1.0998294395113795,8.793746849527025,19.874222911085226,7.962436600859533,2.530193352087565,0,117.97443011307404,119.87422291108523,2023_Q4_ONLY,exit_ts_filter_from_all_through_2026_single_run,100.0,3,1.7780912486294826,1160,2023-10-01 00:00:00,SMX2V3_B04_M04_S02D_S06_light_mix,M04_S02D_S06_light_mix,4479,7.814244250948872,350
12,12.073011080653744,2024-12-31 23:59:59,244.87613296784494,144.8761329678449,22371,197,197,1.8595736353296255,34.044363527870956,145.07748212922195,8.369308374596052,3.2101060994541086,0,240.32248095996016,245.07748212922195,2024_FULL_ONLY,exit_ts_filter_from_all_through_2026_single_run,100.0,12,1.8867166825037571,10586,2024-01-01 00:00:00,SMX2V3_B04_M04_S02D_S06_light_mix,M04_S02D_S06_light_mix,24082,7.104891620297317,1711
3,10.434230499954046,2024-03-31 23:59:59,131.30269149986214,31.302691499862135,6337,88,88,1.3208105978692486,18.989966229314746,31.306893270025206,9.10261917109328,3.2101060994541086,0,129.5684316352444,131.3068932700252,2024_Q1_ONLY,exit_ts_filter_from_all_through_2026_single_run,100.0,3,1.7999645747726396,2519,2024-01-01 00:00:00,SMX2V3_B04_M04_S02D_S06_light_mix,M04_S02D_S06_light_mix,6869,7.744941039452613,532
3,5.939635751946322,2024-06-30 23:59:59,117.81890725583897,17.818907255838965,4637,197,197,1.3753925549924273,7.209458937049632,17.85849452750936,5.815568204180579,4.793880114608754,0,116.19843477706873,117.85849452750936,2024_Q2_ONLY,exit_ts_filter_from_all_through_2026_single_run,100.0,3,1.9588668093072077,2431,2024-04-01 00:00:00,SMX2V3_B04_M04_S02D_S06_light_mix,M04_S02D_S06_light_mix,4959,6.493244605767291,322
3,4.263911912940496,2024-09-30 23:59:59,112.79173573882149,12.791735738821487,4063,106,106,1.4275328042211766,4.631796501729767,12.792638079926121,4.352144122421919,3.8077951146698013,0,111.18159671069935,112.79263807992612,2024_Q3_ONLY,exit_ts_filter_from_all_through_2026_single_run,100.0,3,1.815068717725604,1793,2024-07-01 00:00:00,SMX2V3_B04_M04_S02D_S06_light_mix,M04_S02D_S06_light_mix,4356,6.726354453627181,293
3,13.446568342035562,2024-12-31 23:59:59,140.33970502610669,40.339705026106685,7334,127,127,1.859573635329792,19.510990627780885,40.45509921161761,13.813559572025568,7.015154826300233,0,137.7299848715416,140.4550992116176,2024_Q4_ONLY,exit_ts_filter_from_all_through_2026_single_run,100.0,3,1.9659232130228586,3843,2024-10-01 00:00:00,SMX2V3_B04_M04_S02D_S06_light_mix,M04_S02D_S06_light_mix,7898,7.141048366675109,564
75,319.1153221952942,2025-12-31 23:59:59,24033.649164647064,23933.649164647064,105623,326,326,5.704743742685359,7111.107034597253,23933.649164647064,13.972310447181826,-0.2720198629142345,5,22662.59106778791,24033.649164647064,TRAIN_2025_FULL,exit_ts_filter_from_all_through_2026_single_run,93.33333333333333,70,1.9867501064633644,48475,,SMX2V3_B04_M04_S02D_S06_light_mix,M04_S02D_S06_light_mix,114081,7.414030381921617,8458
12,135.5654123480784,2025-12-31 23:59:59,1726.784948176941,1626.784948176941,43531,326,326,5.704743742685259,510.92335200933223,1626.784948176941,46.176981038089565,11.042650194709651,0,1628.2762918961862,1726.784948176941,2025_FULL_ONLY,exit_ts_filter_from_all_through_2026_single_run,100.0,12,2.0732082413528525,24970,2025-01-01 00:00:00,SMX2V3_B04_M04_S02D_S06_light_mix,M04_S02D_S06_light_mix,47209,7.790887330805567,3678
72,96.21711170910675,2025-09-30 23:59:59,7027.632043055685,6927.632043055685,90006,326,326,5.704743742685359,1728.1021310553251,6929.9008198261845,12.084755652990069,-0.2720198629142345,5,6626.7236438205155,7029.9008198261845,PREQ4_ALL_BEFORE_2025_10_01,exit_ts_filter_from_all_through_2026_single_run,93.05555555555556,67,1.9324776334888316,38816,,SMX2V3_B04_M04_S02D_S06_light_mix,M04_S02D_S06_light_mix,97101,7.3068248524731985,7095
3,20.9467391189678,2025-03-31 23:59:59,162.8402173569034,62.840217356903395,8281,326,326,5.704743742685259,27.018329089122346,62.95140315728873,24.779238073071397,11.042650194709651,0,153.5506002466604,162.95140315728872,2025_Q1_ONLY,exit_ts_filter_from_all_through_2026_single_run,100.0,3,2.1021979876301664,5140,2025-01-01 00:00:00,SMX2V3_B04_M04_S02D_S06_light_mix,M04_S02D_S06_light_mix,8973,7.71202496378023,692
3,20.481897497694337,2025-06-30 23:59:59,161.44569249308302,61.44569249308303,9235,293,293,2.94174230778268,25.243671795028646,62.30239289421957,19.642488167045656,16.559532531008713,0,156.69637625292128,162.30239289421957,2025_Q2_ONLY,exit_ts_filter_from_all_through_2026_single_run,100.0,3,1.9384481647995375,5137,2025-04-01 00:00:00,SMX2V3_B04_M04_S02D_S06_light_mix,M04_S02D_S06_light_mix,9968,7.353531300160514,733
3,30.687033940676333,2025-09-30 23:59:59,192.061101822029,92.061101822029,10398,247,247,3.219280745157649,47.228027494617095,92.12310617337533,25.33995860919447,19.49311571821744,0,185.8781157521348,192.12310617337533,2025_Q3_ONLY,exit_ts_filter_from_all_through_2026_single_run,100.0,3,1.9246476632968765,5034,2025-07-01 00:00:00,SMX2V3_B04_M04_S02D_S06_light_mix,M04_S02D_S06_light_mix,11288,7.884479092841956,890
3,80.66262347166105,2025-12-31 23:59:59,341.98787041498315,241.98787041498315,15617,195,195,2.8224689608794207,101.18781107249359,241.98787041498315,96.04498045061783,44.75507889187173,0,332.33536892254773,341.98787041498315,2025_Q4_ONLY,exit_ts_filter_from_all_through_2026_single_run,100.0,3,2.2342892161725216,9659,2025-10-01 00:00:00,SMX2V3_B04_M04_S02D_S06_light_mix,M04_S02D_S06_light_mix,16980,8.027090694935218,1363
1,7.998288404703629,2026-12-31 23:59:59,107.99828840470363,7.998288404703624,1556,42,42,2.010267680394462,7.998288404703629,8.026409608788754,7.998288404703629,7.998288404703629,0,105.82723371752466,108.02640960878875,2026_FULL_ONLY,exit_ts_filter_from_all_through_2026_single_run,100.0,1,1.8152253181026134,828,2026-01-01 00:00:00,SMX2V3_B04_M04_S02D_S06_light_mix,M04_S02D_S06_light_mix,1722,9.639953542392567,166
1,7.998288404703629,2026-03-31 23:59:59,107.99828840470363,7.998288404703624,1556,42,42,2.010267680394462,7.998288404703629,8.026409608788754,7.998288404703629,7.998288404703629,0,105.82723371752466,108.02640960878875,2026_Q1_ONLY,exit_ts_filter_from_all_through_2026_single_run,100.0,1,1.8152253181026134,828,2026-01-01 00:00:00,SMX2V3_B04_M04_S02D_S06_light_mix,M04_S02D_S06_light_mix,1722,9.639953542392567,166
0,0.0,2026-06-30 23:59:59,100.0,0.0,0,0,0,0.0,0.0,0.0,0.0,0.0,0,100.0,100.0,2026_Q2_ONLY,exit_ts_filter_from_all_through_2026_single_run,0.0,0,0.0,0,2026-04-01 00:00:00,SMX2V3_B04_M04_S02D_S06_light_mix,M04_S02D_S06_light_mix,0,0.0,0
0,0.0,2026-09-30 23:59:59,100.0,0.0,0,0,0,0.0,0.0,0.0,0.0,0.0,0,100.0,100.0,2026_Q3_ONLY,exit_ts_filter_from_all_through_2026_single_run,0.0,0,0.0,0,2026-07-01 00:00:00,SMX2V3_B04_M04_S02D_S06_light_mix,M04_S02D_S06_light_mix,0,0.0,0
0,0.0,2026-12-31 23:59:59,100.0,0.0,0,0,0,0.0,0.0,0.0,0.0,0.0,0,100.0,100.0,2026_Q4_ONLY,exit_ts_filter_from_all_through_2026_single_run,0.0,0,0.0,0,2026-10-01 00:00:00,SMX2V3_B04_M04_S02D_S06_light_mix,M04_S02D_S06_light_mix,0,0.0,0
76,338.3979619300919,2026-12-31 23:59:59,25818.245106686987,25718.245106686987,107423,326,326,5.70549810473554,7088.841578328313,25724.967807115758,14.135379215625129,-0.30308475157872294,5,24345.185621448985,25824.967807115758,ALL_TO_2026_END,exit_ts_filter_from_all_through_2026_single_run,93.42105263157895,71,1.981848406447969,49503,,SMX2V3_B04_M05_S02D_S06_balanced_mix,M05_S02D_S06_balanced_mix,116049,7.433067066497773,8626
12,5.130431189553676,2023-12-31 23:59:59,161.5651742746441,61.56517427464409,11104,150,150,1.9786739540753828,11.905760885535955,62.36137130510366,4.752181385083951,0.467146796434605,0,158.36832625241522,162.36137130510366,2023_FULL_ONLY,exit_ts_filter_from_all_through_2026_single_run,100.0,12,1.8096596494724337,3568,2023-01-01 00:00:00,SMX2V3_B04_M05_S02D_S06_balanced_mix,M05_S02D_S06_balanced_mix,12083,8.10229247703385,979
3,5.087860165909281,2023-03-31 23:59:59,115.26358049772784,15.263580497727848,3549,133,133,1.9320043873088943,6.140489821305309,15.302496616958617,5.060947863559136,4.062142812863399,0,113.03668306554242,115.30249661695862,2023_Q1_ONLY,exit_ts_filter_from_all_through_2026_single_run,100.0,3,1.7883602094438191,1544,2023-01-01 00:00:00,SMX2V3_B04_M05_S02D_S06_balanced_mix,M05_S02D_S06_balanced_mix,3857,7.985480943738657,308
3,3.639961021641047,2023-06-30 23:59:59,110.91988306492314,10.91988306492313,1520,43,43,0.8654465138204226,4.2706665794045335,10.920770431086591,3.9750973723371033,2.6741191131815043,0,109.95993080380407,110.9207704310866,2023_Q2_ONLY,exit_ts_filter_from_all_through_2026_single_run,100.0,3,2.345354184941624,341,2023-04-01 00:00:00,SMX2V3_B04_M05_S02D_S06_balanced_mix,M05_S02D_S06_balanced_mix,1679,9.469922572960094,159
3,1.9982033427813661,2023-09-30 23:59:59,105.9946100283441,5.994610028344094,1900,150,150,1.978673954075505,4.4124633325034495,6.101303605988595,1.2167607272991887,0.3653859685414602,0,103.89732228698935,106.1013036059886,2023_Q3_ONLY,exit_ts_filter_from_all_through_2026_single_run,100.0,3,1.5351239342479004,519,2023-07-01 00:00:00,SMX2V3_B04_M05_S02D_S06_balanced_mix,M05_S02D_S06_balanced_mix,2063,7.901114881240911,163
3,6.407887844145018,2023-12-31 23:59:59,119.22366353243505,19.223663532435054,4135,26,26,1.0776515454911095,8.785608880673237,19.811200588556368,7.981992982274818,2.456061669486999,0,117.93884787978665,119.81120058855636,2023_Q4_ONLY,exit_ts_filter_from_all_through_2026_single_run,100.0,3,1.7764222817545772,1164,2023-10-01 00:00:00,SMX2V3_B04_M05_S02D_S06_balanced_mix,M05_S02D_S06_balanced_mix,4484,7.783229259589652,349
12,12.030702900588096,2024-12-31 23:59:59,244.36843480705716,144.36843480705716,22437,197,197,1.8595736353297476,33.95126386113725,144.6280411352814,8.27826523798435,3.207803446140076,0,239.82422382031714,244.62804113528136,2024_FULL_ONLY,exit_ts_filter_from_all_through_2026_single_run,100.0,12,1.8831254895465679,10638,2024-01-01 00:00:00,SMX2V3_B04_M05_S02D_S06_balanced_mix,M05_S02D_S06_balanced_mix,24147,7.081625046589639,1710
3,10.380535235692236,2024-03-31 23:59:59,131.1416057070767,31.141605707076714,6347,88,88,1.3208105978690932,18.878919673705795,31.14580232239128,9.054882587230836,3.207803446140076,0,129.40947348068192,131.1458023223913,2024_Q1_ONLY,exit_ts_filter_from_all_through_2026_single_run,100.0,3,1.7961791954510236,2522,2024-01-01 00:00:00,SMX2V3_B04_M05_S02D_S06_balanced_mix,M05_S02D_S06_balanced_mix,6877,7.7068489166787835,530
3,5.917513681891275,2024-06-30 23:59:59,117.75254104567382,17.75254104567383,4657,197,197,1.3987730281415534,7.248017511416492,17.79210601823069,5.720265394259243,4.784258139998087,0,116.10545026157564,117.79210601823068,2024_Q2_ONLY,exit_ts_filter_from_all_through_2026_single_run,100.0,3,1.9537219330176294,2448,2024-04-01 00:00:00,SMX2V3_B04_M05_S02D_S06_balanced_mix,M05_S02D_S06_balanced_mix,4979,6.467162080739104,322
3,4.251506140659326,2024-09-30 23:59:59,112.75451842197798,12.754518421977966,4074,106,106,1.4291099573876531,4.6270409858960875,12.755420465341704,4.323553553599368,3.803923882482522,0,111.14313237180498,112.7554204653417,2024_Q3_ONLY,exit_ts_filter_from_all_through_2026_single_run,100.0,3,1.8110280271943076,1802,2024-07-01 00:00:00,SMX2V3_B04_M05_S02D_S06_balanced_mix,M05_S02D_S06_balanced_mix,4367,6.709411495305702,293
3,13.44870207847714,2024-12-31 23:59:59,140.34610623543142,40.34610623543142,7359,130,130,1.8595736353297365,19.49894915210517,40.495203795225244,13.83285837826456,7.014298705061691,0,137.73626704566547,140.49520379522525,2024_Q4_ONLY,exit_ts_filter_from_all_through_2026_single_run,100.0,3,1.9632543814631715,3866,2024-10-01 00:00:00,SMX2V3_B04_M05_S02D_S06_balanced_mix,M05_S02D_S06_balanced_mix,7924,7.130237253912165,565
75,317.42058502279366,2025-12-31 23:59:59,23906.543876709526,23806.543876709526,105865,326,326,5.70549810473554,7088.841578328313,23806.543876709526,13.981911952197194,-0.30308475157872294,5,22542.556468916093,23906.543876709526,TRAIN_2025_FULL,exit_ts_filter_from_all_through_2026_single_run,93.33333333333333,70,1.9846779570706794,48671,,SMX2V3_B04_M05_S02D_S06_balanced_mix,M05_S02D_S06_balanced_mix,114325,7.399956265033894,8460
12,135.11671754408752,2025-12-31 23:59:59,1721.4006105290503,1621.40061052905,43626,326,326,5.705498104735307,510.4349789668412,1621.40061052905,45.4973654164604,10.805108686834473,0,1623.186131320413,1721.4006105290503,2025_FULL_ONLY,exit_ts_filter_from_all_through_2026_single_run,100.0,12,2.071239333253559,25065,2025-01-01 00:00:00,SMX2V3_B04_M05_S02D_S06_balanced_mix,M05_S02D_S06_balanced_mix,47306,7.779140066799138,3680
72,95.61502539191277,2025-09-30 23:59:59,6984.281828217719,6884.2818282177195,90215,326,326,5.70549810473554,1729.961047869303,6886.536609952647,12.129271475169503,-0.30308475157872294,5,6585.793760879368,6986.536609952646,PREQ4_ALL_BEFORE_2025_10_01,exit_ts_filter_from_all_through_2026_single_run,93.05555555555556,67,1.9299891052686615,38985,,SMX2V3_B04_M05_S02D_S06_balanced_mix,M05_S02D_S06_balanced_mix,97311,7.292084142594363,7096
3,20.823328918875387,2025-03-31 23:59:59,162.46998675662616,62.46998675662616,8299,326,326,5.705498104735307,26.954732464845677,62.580919766968,24.710145604946007,10.805108686834473,0,153.20026474146314,162.580919766968,2025_Q1_ONLY,exit_ts_filter_from_all_through_2026_single_run,100.0,3,2.0959525151445155,5156,2025-01-01 00:00:00,SMX2V3_B04_M05_S02D_S06_balanced_mix,M05_S02D_S06_balanced_mix,8990,7.686318131256953,691
3,20.29873954783031,2025-06-30 23:59:59,160.89621864349093,60.896218643490926,9254,293,293,2.91656596391322,24.794102315324395,61.750003299648085,19.558093074742402,16.54402325342413,0,156.20357429331148,161.75000329964809,2025_Q2_ONLY,exit_ts_filter_from_all_through_2026_single_run,100.0,3,1.9307944372121493,5158,2025-04-01 00:00:00,SMX2V3_B04_M05_S02D_S06_balanced_mix,M05_S02D_S06_balanced_mix,9986,7.33026236731424,732
3,30.79451604323462,2025-09-30 23:59:59,192.38354812970385,92.38354812970387,10423,247,247,3.221603463837941,47.65214988470842,92.44565657851689,25.331937076448824,19.39946116854661,0,186.18571307930299,192.4456565785169,2025_Q3_ONLY,exit_ts_filter_from_all_through_2026_single_run,100.0,3,1.9267167903173916,5065,2025-07-01 00:00:00,SMX2V3_B04_M05_S02D_S06_balanced_mix,M05_S02D_S06_balanced_mix,11316,7.891481088723931,893
3,80.76355099781647,2025-12-31 23:59:59,342.2906529934494,242.29065299344938,15650,197,197,2.829465519221397,101.4970723215672,242.29065299344938,95.87381372692099,44.9197669449612,0,332.60565699148196,342.2906529934494,2025_Q4_ONLY,exit_ts_filter_from_all_through_2026_single_run,100.0,3,2.2342297258672517,9686,2025-10-01 00:00:00,SMX2V3_B04_M05_S02D_S06_balanced_mix,M05_S02D_S06_balanced_mix,17014,8.016927236393558,1364
1,7.996560439001158,2026-12-31 23:59:59,107.99656043900116,7.996560439001166,1558,42,42,2.010267680394462,7.996560439001158,8.024681193148808,7.996560439001158,7.996560439001158,0,105.82554048855825,108.02468119314881,2026_FULL_ONLY,exit_ts_filter_from_all_through_2026_single_run,100.0,1,1.8149182784692122,832,2026-01-01 00:00:00,SMX2V3_B04_M05_S02D_S06_balanced_mix,M05_S02D_S06_balanced_mix,1724,9.62877030162413,166
1,7.996560439001158,2026-03-31 23:59:59,107.99656043900116,7.996560439001166,1558,42,42,2.010267680394462,7.996560439001158,8.024681193148808,7.996560439001158,7.996560439001158,0,105.82554048855825,108.02468119314881,2026_Q1_ONLY,exit_ts_filter_from_all_through_2026_single_run,100.0,1,1.8149182784692122,832,2026-01-01 00:00:00,SMX2V3_B04_M05_S02D_S06_balanced_mix,M05_S02D_S06_balanced_mix,1724,9.62877030162413,166
0,0.0,2026-06-30 23:59:59,100.0,0.0,0,0,0,0.0,0.0,0.0,0.0,0.0,0,100.0,100.0,2026_Q2_ONLY,exit_ts_filter_from_all_through_2026_single_run,0.0,0,0.0,0,2026-04-01 00:00:00,SMX2V3_B04_M05_S02D_S06_balanced_mix,M05_S02D_S06_balanced_mix,0,0.0,0
0,0.0,2026-09-30 23:59:59,100.0,0.0,0,0,0,0.0,0.0,0.0,0.0,0.0,0,100.0,100.0,2026_Q3_ONLY,exit_ts_filter_from_all_through_2026_single_run,0.0,0,0.0,0,2026-07-01 00:00:00,SMX2V3_B04_M05_S02D_S06_balanced_mix,M05_S02D_S06_balanced_mix,0,0.0,0
0,0.0,2026-12-31 23:59:59,100.0,0.0,0,0,0,0.0,0.0,0.0,0.0,0.0,0,100.0,100.0,2026_Q4_ONLY,exit_ts_filter_from_all_through_2026_single_run,0.0,0,0.0,0,2026-10-01 00:00:00,SMX2V3_B04_M05_S02D_S06_balanced_mix,M05_S02D_S06_balanced_mix,0,0.0,0
76,337.7209060691667,2026-12-31 23:59:59,25766.788861256668,25666.788861256668,107545,326,326,5.706252460750571,7077.3085016504665,25673.498163217733,14.132430256470691,-0.3062787549832535,5,24296.470837804805,25773.498163217733,ALL_TO_2026_END,exit_ts_filter_from_all_through_2026_single_run,93.42105263157895,71,1.9810021464305358,49601,,SMX2V3_B04_M06_S02D_S06_strong_mix,M06_S02D_S06_strong_mix,116174,7.427651626009261,8629
12,5.13412022939431,2023-12-31 23:59:59,161.60944275273172,61.609442752731724,11118,150,150,1.9786739540753606,11.908293042278075,62.405857939306685,4.75149224905951,0.4671243738369242,0,158.4117188016571,162.40585793930669,2023_FULL_ONLY,exit_ts_filter_from_all_through_2026_single_run,100.0,12,1.8102693576076128,3576,2023-01-01 00:00:00,SMX2V3_B04_M06_S02D_S06_strong_mix,M06_S02D_S06_strong_mix,12098,8.100512481401886,980
3,5.086323342758675,2023-03-31 23:59:59,115.25897002827602,15.258970028276032,3554,133,133,1.9335734689624462,6.138661495734453,15.297884590886902,5.060107375976273,4.060201156565299,0,113.03035316320991,115.29788459088691,2023_Q1_ONLY,exit_ts_filter_from_all_through_2026_single_run,100.0,3,1.787963994591636,1549,2023-01-01 00:00:00,SMX2V3_B04_M06_S02D_S06_strong_mix,M06_S02D_S06_strong_mix,3862,7.97514241325738,308
3,3.6396652352862398,2023-06-30 23:59:59,110.91899570585872,10.918995705858725,1521,43,43,0.8654465138204004,4.269832414071871,10.91988306492324,3.975065571558261,2.6740977202285876,0,109.95905112435777,110.91988306492324,2023_Q2_ONLY,exit_ts_filter_from_all_through_2026_single_run,100.0,3,2.345111111690006,341,2023-04-01 00:00:00,SMX2V3_B04_M06_S02D_S06_strong_mix,M06_S02D_S06_strong_mix,1680,9.464285714285714,159
3,1.997920690487959,2023-09-30 23:59:59,105.99376207146388,5.993762071463871,1901,150,150,1.978673954075505,4.411615375623228,6.10045479555974,1.2167607272991887,0.3653859685414602,0,103.89649110841106,106.10045479555974,2023_Q3_ONLY,exit_ts_filter_from_all_through_2026_single_run,100.0,3,1.5350113971692765,521,2023-07-01 00:00:00,SMX2V3_B04_M06_S02D_S06_strong_mix,M06_S02D_S06_strong_mix,2064,7.897286821705427,163
3,6.4210030347672244,2023-12-31 23:59:59,119.26300910430167,19.263009104301677,4142,25,25,1.0776515454909208,8.787969547613983,19.850740056339045,7.981066178543671,2.4939733781440196,0,117.97776944349019,119.85074005633903,2023_Q4_ONLY,exit_ts_filter_from_all_through_2026_single_run,100.0,3,1.7784408855910423,1165,2023-10-01 00:00:00,SMX2V3_B04_M06_S02D_S06_strong_mix,M06_S02D_S06_strong_mix,4492,7.791629563668745,350
12,12.041664653005588,2024-12-31 23:59:59,244.49997583606705,144.49997583606705,22466,197,197,1.8595736353296477,33.89983455541551,144.75972190772256,8.262962328858215,3.2069163375347216,0,239.95331874703217,244.75972190772256,2024_FULL_ONLY,exit_ts_filter_from_all_through_2026_single_run,100.0,12,1.88232232136738,10665,2024-01-01 00:00:00,SMX2V3_B04_M06_S02D_S06_strong_mix,M06_S02D_S06_strong_mix,24178,7.0808172719000755,1712
3,10.387034658581294,2024-03-31 23:59:59,131.16110397574388,31.161103975743877,6350,87,87,1.3208105978691265,18.929463857917185,31.165301215015575,9.024723780291978,3.2069163375347216,0,129.42871421415012,131.16530121501557,2024_Q1_ONLY,exit_ts_filter_from_all_through_2026_single_run,100.0,3,1.7959515708130813,2524,2024-01-01 00:00:00,SMX2V3_B04_M06_S02D_S06_strong_mix,M06_S02D_S06_strong_mix,6881,7.716901613137625,531
3,5.890501664487597,2024-06-30 23:59:59,117.67150499346279,17.671504993462793,4666,197,197,1.398773028141731,7.365715446104673,17.71104273782438,5.719074214876741,4.586715332481376,0,116.02554771980579,117.71104273782437,2024_Q2_ONLY,exit_ts_filter_from_all_through_2026_single_run,100.0,3,1.9449410369665907,2457,2024-04-01 00:00:00,SMX2V3_B04_M06_S02D_S06_strong_mix,M06_S02D_S06_strong_mix,4987,6.4367355123320635,321
3,4.249100778283733,2024-09-30 23:59:59,112.7473023348512,12.747302334851195,4082,106,106,1.4298985245081108,4.622609069209332,12.74820432048578,4.321884383419217,3.8028088822226493,0,111.13513032234246,112.74820432048577,2024_Q3_ONLY,exit_ts_filter_from_all_through_2026_single_run,100.0,3,1.8102464312425048,1806,2024-07-01 00:00:00,SMX2V3_B04_M06_S02D_S06_strong_mix,M06_S02D_S06_strong_mix,4375,6.6971428571428575,293
3,13.502153069366528,2024-12-31 23:59:59,140.50645920809959,40.506459208099585,7368,130,130,1.8595736353297587,19.481170518869376,40.65572711987229,13.914805424669552,7.110483264560656,0,137.8936381367304,140.6557271198723,2024_Q4_ONLY,exit_ts_filter_from_all_through_2026_single_run,100.0,3,1.9656220891996468,3878,2024-10-01 00:00:00,SMX2V3_B04_M06_S02D_S06_strong_mix,M06_S02D_S06_strong_mix,7935,7.145557655954632,567
75,316.45431871709746,2025-12-31 23:59:59,23834.073903782308,23734.073903782308,105985,326,326,5.706252460750571,7077.3085016504665,23734.073903782308,13.987102634888245,-0.3062787549832535,5,22474.041475150618,23834.073903782308,TRAIN_2025_FULL,exit_ts_filter_from_all_through_2026_single_run,93.33333333333333,70,1.9836321842549047,48768,,SMX2V3_B04_M06_S02D_S06_strong_mix,M06_S02D_S06_strong_mix,114447,7.393815477906804,8462
12,134.60839204410678,2025-12-31 23:59:59,1715.3007045292813,1615.3007045292813,43675,326,326,5.70625246075055,509.3427295753063,1615.3007045292813,45.37307766855521,10.801562965905134,0,1617.4213158678078,1715.3007045292813,2025_FULL_ONLY,exit_ts_filter_from_all_through_2026_single_run,100.0,12,2.069563580229722,25113,2025-01-01 00:00:00,SMX2V3_B04_M06_S02D_S06_strong_mix,M06_S02D_S06_strong_mix,47353,7.767195320254261,3678
72,95.46817059351648,2025-09-30 23:59:59,6973.708282733186,6873.708282733186,90320,326,326,5.706252460750571,1727.3000783622028,6875.959650940736,12.21178333601614,-0.3062787549832535,5,6575.770882244157,6975.9596509407365,PREQ4_ALL_BEFORE_2025_10_01,exit_ts_filter_from_all_through_2026_single_run,93.05555555555556,67,1.9291459826874418,39067,,SMX2V3_B04_M06_S02D_S06_strong_mix,M06_S02D_S06_strong_mix,97419,7.287079522475082,7099
3,20.817696896343232,2025-03-31 23:59:59,162.4530906890297,62.453090689029686,8312,326,326,5.70625246075055,26.95084528926057,62.56401216289229,24.70068243386399,10.801562965905134,0,153.1831072040216,162.56401216289228,2025_Q1_ONLY,exit_ts_filter_from_all_through_2026_single_run,100.0,3,2.095461419831629,5171,2025-01-01 00:00:00,SMX2V3_B04_M06_S02D_S06_strong_mix,M06_S02D_S06_strong_mix,9003,7.675219371320671,691
3,20.19855497705679,2025-06-30 23:59:59,160.59566493117038,60.59566493117037,9267,293,293,2.918119292644472,24.709745184219273,61.44914631301077,19.519301395644362,16.36661835130674,0,155.90929184966322,161.44914631301077,2025_Q2_ONLY,exit_ts_filter_from_all_through_2026_single_run,100.0,3,1.9264578578432063,5170,2025-04-01 00:00:00,SMX2V3_B04_M06_S02D_S06_strong_mix,M06_S02D_S06_strong_mix,9998,7.311462292458491,731
3,30.79097739350315,2025-09-30 23:59:59,192.37293218050945,92.37293218050947,10431,247,247,3.2223776910102475,47.648362586787755,92.43503720210565,25.327926502589563,19.396643091132134,0,186.17394973038247,192.43503720210563,2025_Q3_ONLY,exit_ts_filter_from_all_through_2026_single_run,100.0,3,1.9265669232329259,5071,2025-07-01 00:00:00,SMX2V3_B04_M06_S02D_S06_strong_mix,M06_S02D_S06_strong_mix,11324,7.885906040268456,893
3,80.59014868170392,2025-12-31 23:59:59,341.7704460451118,241.77044604511178,15665,200,200,2.832574939011401,101.48558291682068,241.77044604511178,95.3786865584097,44.90617656988141,0,332.08954204149046,341.7704460451118,2025_Q4_ONLY,exit_ts_filter_from_all_through_2026_single_run,100.0,3,2.232316283105396,9701,2025-10-01 00:00:00,SMX2V3_B04_M06_S02D_S06_strong_mix,M06_S02D_S06_strong_mix,17028,8.004463237021376,1363
1,8.109041556540603,2026-12-31 23:59:59,108.1090415565406,8.109041556540596,1560,42,42,2.010267680394462,8.109041556540603,8.13719159915669,8.109041556540603,8.109041556540603,0,105.93576043454524,108.13719159915668,2026_FULL_ONLY,exit_ts_filter_from_all_through_2026_single_run,100.0,1,1.8257894436443345,833,2026-01-01 00:00:00,SMX2V3_B04_M06_S02D_S06_strong_mix,M06_S02D_S06_strong_mix,1727,9.669947886508396,167
1,8.109041556540603,2026-03-31 23:59:59,108.1090415565406,8.109041556540596,1560,42,42,2.010267680394462,8.109041556540603,8.13719159915669,8.109041556540603,8.109041556540603,0,105.93576043454524,108.13719159915668,2026_Q1_ONLY,exit_ts_filter_from_all_through_2026_single_run,100.0,1,1.8257894436443345,833,2026-01-01 00:00:00,SMX2V3_B04_M06_S02D_S06_strong_mix,M06_S02D_S06_strong_mix,1727,9.669947886508396,167
0,0.0,2026-06-30 23:59:59,100.0,0.0,0,0,0,0.0,0.0,0.0,0.0,0.0,0,100.0,100.0,2026_Q2_ONLY,exit_ts_filter_from_all_through_2026_single_run,0.0,0,0.0,0,2026-04-01 00:00:00,SMX2V3_B04_M06_S02D_S06_strong_mix,M06_S02D_S06_strong_mix,0,0.0,0
0,0.0,2026-09-30 23:59:59,100.0,0.0,0,0,0,0.0,0.0,0.0,0.0,0.0,0,100.0,100.0,2026_Q3_ONLY,exit_ts_filter_from_all_through_2026_single_run,0.0,0,0.0,0,2026-07-01 00:00:00,SMX2V3_B04_M06_S02D_S06_strong_mix,M06_S02D_S06_strong_mix,0,0.0,0
0,0.0,2026-12-31 23:59:59,100.0,0.0,0,0,0,0.0,0.0,0.0,0.0,0.0,0,100.0,100.0,2026_Q4_ONLY,exit_ts_filter_from_all_through_2026_single_run,0.0,0,0.0,0,2026-10-01 00:00:00,SMX2V3_B04_M06_S02D_S06_strong_mix,M06_S02D_S06_strong_mix,0,0.0,0
76,340.2020827073235,2026-12-31 23:59:59,25955.358285756585,25855.358285756585,107092,326,326,5.703989374600349,7115.255554508205,25862.116688489048,14.119511328005203,-0.2715760253263966,5,24474.86740699758,25962.11668848905,ALL_TO_2026_END,exit_ts_filter_from_all_through_2026_single_run,93.42105263157895,71,1.9840212244448476,49248,,SMX2V3_B04_M07_S02_plus_sweep_upper,M07_S02_plus_sweep_upper,115718,7.4543286264885324,8626
12,5.118970911216145,2023-12-31 23:59:59,161.42765093459374,61.42765093459375,11079,150,150,1.9771055940382642,11.911690418034482,62.2231702467549,4.737551620101911,0.470000760958726,0,158.23605581764133,162.2231702467549,2023_FULL_ONLY,exit_ts_filter_from_all_through_2026_single_run,100.0,12,1.8081831123944094,3544,2023-01-01 00:00:00,SMX2V3_B04_M07_S02_plus_sweep_upper,M07_S02_plus_sweep_upper,12056,8.103848706038487,977
3,5.073384213773617,2023-03-31 23:59:59,115.22015264132085,15.220152641320862,3540,133,133,1.9288661486849379,6.14045113773831,15.25905409812629,5.014642873696189,4.065058629886352,0,112.99771012055932,115.2590540981263,2023_Q1_ONLY,exit_ts_filter_from_all_through_2026_single_run,100.0,3,1.7865856949502572,1536,2023-01-01 00:00:00,SMX2V3_B04_M07_S02_plus_sweep_upper,M07_S02_plus_sweep_upper,3847,7.980244346243827,307
3,3.63202533444399,2023-06-30 23:59:59,110.89607600333197,10.896076003331977,1516,43,43,0.8654465138204892,4.211377124661553,10.896963179037389,4.012100299205102,2.6725985794653155,0,109.93632977959743,110.8969631790374,2023_Q2_ONLY,exit_ts_filter_from_all_through_2026_single_run,100.0,3,2.3431314971784953,337,2023-04-01 00:00:00,SMX2V3_B04_M07_S02_plus_sweep_upper,M07_S02_plus_sweep_upper,1674,9.438470728793309,158
3,2.00040405129495,2023-09-30 23:59:59,106.00121215388485,6.0012121538848495,1893,150,150,1.9771055940384086,4.413376675789593,6.107245469128664,1.2199997284222803,0.3678357496729774,0,103.90545625864188,106.10724546912867,2023_Q3_ONLY,exit_ts_filter_from_all_through_2026_single_run,100.0,3,1.5360006470226426,513,2023-07-01 00:00:00,SMX2V3_B04_M07_S02_plus_sweep_upper,M07_S02_plus_sweep_upper,2056,7.928015564202334,163
3,6.395079518704999,2023-12-31 23:59:59,119.185238556115,19.185238556115003,4130,26,26,1.0998294395114239,8.794637448173518,19.772586253036838,7.860407755853913,2.530193352087565,0,117.87440421492293,119.77258625303685,2023_Q4_ONLY,exit_ts_filter_from_all_through_2026_single_run,100.0,3,1.7743284013899452,1158,2023-10-01 00:00:00,SMX2V3_B04_M07_S02_plus_sweep_upper,M07_S02_plus_sweep_upper,4479,7.791917838803304,349
12,12.091481438283319,2024-12-31 23:59:59,245.09777725939983,145.09777725939986,22355,197,197,1.8587885056377762,34.22489557377207,145.2993086675792,8.368874780460168,3.2101060994541086,0,240.54192794812846,245.2993086675792,2024_FULL_ONLY,exit_ts_filter_from_all_through_2026_single_run,100.0,12,1.8879978374040043,10578,2024-01-01 00:00:00,SMX2V3_B04_M07_S02_plus_sweep_upper,M07_S02_plus_sweep_upper,24067,7.113474882619355,1712
3,10.435631090008323,2024-03-31 23:59:59,131.30689327002497,31.306893270024982,6333,88,88,1.320021158038509,18.994167999477582,31.311095174647363,9.10261917109328,3.2101060994541086,0,129.5736144968976,131.31109517464736,2024_Q1_ONLY,exit_ts_filter_from_all_through_2026_single_run,100.0,3,1.8001333952333494,2515,2024-01-01 00:00:00,SMX2V3_B04_M07_S02_plus_sweep_upper,M07_S02_plus_sweep_upper,6865,7.749453750910415,532
3,5.939635751946251,2024-06-30 23:59:59,117.81890725583875,17.818907255838745,4637,197,197,1.3769705423995249,7.2112286811436945,17.858494527509162,5.814721679634957,4.792956895060101,0,116.19657560954883,117.85849452750915,2024_Q2_ONLY,exit_ts_filter_from_all_through_2026_single_run,100.0,3,1.958866809307207,2432,2024-04-01 00:00:00,SMX2V3_B04_M07_S02_plus_sweep_upper,M07_S02_plus_sweep_upper,4959,6.493244605767291,322
3,4.264814261263955,2024-09-30 23:59:59,112.79444278379187,12.79444278379187,4060,106,106,1.4275328042211322,4.633577334323604,12.795345146553029,4.3529789462535575,3.8078865032147036,0,111.18426511171481,112.79534514655303,2024_Q3_ONLY,exit_ts_filter_from_all_through_2026_single_run,100.0,3,1.815363300481642,1792,2024-07-01 00:00:00,SMX2V3_B04_M07_S02_plus_sweep_upper,M07_S02_plus_sweep_upper,4353,6.730990121755111,293
3,13.486288167165165,2024-12-31 23:59:59,140.4588645014955,40.4588645014955,7325,127,127,1.858788505637765,19.61335603989002,40.57435666576885,13.830353635305244,7.015154826300233,0,137.8480312729924,140.57435666576885,2024_Q4_ONLY,exit_ts_filter_from_all_through_2026_single_run,100.0,3,1.9693998193881803,3839,2024-10-01 00:00:00,SMX2V3_B04_M07_S02_plus_sweep_upper,M07_S02_plus_sweep_upper,7890,7.160963244613434,565
75,319.108267105043,2025-12-31 23:59:59,24033.120032878225,23933.120032878225,105536,326,326,5.703989374600349,7115.255554508205,23933.120032878225,13.94822336220787,-0.2715760253263966,5,22662.273419817902,24033.120032878225,TRAIN_2025_FULL,exit_ts_filter_from_all_through_2026_single_run,93.33333333333333,70,1.9868855795325135,48420,,SMX2V3_B04_M07_S02_plus_sweep_upper,M07_S02_plus_sweep_upper,113996,7.421313028527317,8460
12,135.653209281663,2025-12-31 23:59:59,1727.8385113799561,1627.8385113799561,43495,326,326,5.703989374600338,511.54459132108957,1627.8385113799561,46.23553602885336,11.002374594828382,0,1629.2827862805907,1727.8385113799561,2025_FULL_ONLY,exit_ts_filter_from_all_through_2026_single_run,100.0,12,2.0737783480054635,24943,2025-01-01 00:00:00,SMX2V3_B04_M07_S02_plus_sweep_upper,M07_S02_plus_sweep_upper,47174,7.79878746767287,3679
72,95.96733854915871,2025-09-30 23:59:59,7009.648375539427,6909.648375539427,89932,326,326,5.703989374600349,1714.8586251061151,6911.911346524014,12.077328454631882,-0.2715760253263966,5,6609.818777001812,7011.911346524015,PREQ4_ALL_BEFORE_2025_10_01,exit_ts_filter_from_all_through_2026_single_run,93.05555555555556,67,1.9320238611702352,38764,,SMX2V3_B04_M07_S02_plus_sweep_upper,M07_S02_plus_sweep_upper,97027,7.312397580055036,7095
3,20.873208338133622,2025-03-31 23:59:59,162.61962501440087,62.61962501440086,8273,326,326,5.703989374600338,27.033778451289862,62.73066019636673,24.583471968282623,11.002374594828382,0,153.3438188825645,162.73066019636673,2025_Q1_ONLY,exit_ts_filter_from_all_through_2026_single_run,100.0,3,2.0992298084267786,5129,2025-01-01 00:00:00,SMX2V3_B04_M07_S02_plus_sweep_upper,M07_S02_plus_sweep_upper,8964,7.708612226684516,691
3,20.512715983553125,2025-06-30 23:59:59,161.53814795065938,61.53814795065937,9231,293,293,2.9409658355093904,25.259994156790697,62.39533896028706,19.65373687367574,16.624416920192942,0,156.78736620811588,162.39533896028706,2025_Q2_ONLY,exit_ts_filter_from_all_through_2026_single_run,100.0,3,1.9396260758761423,5136,2025-04-01 00:00:00,SMX2V3_B04_M07_S02_plus_sweep_upper,M07_S02_plus_sweep_upper,9965,7.365780230807828,734
3,30.61362881584309,2025-09-30 23:59:59,191.84088644752927,91.84088644752929,10387,247,247,3.2192807451577043,46.93245383328329,91.90281970529483,25.344372279294547,19.564060334951435,0,185.66498972878415,191.90281970529483,2025_Q3_ONLY,exit_ts_filter_from_all_through_2026_single_run,100.0,3,1.923701174618588,5022,2025-07-01 00:00:00,SMX2V3_B04_M07_S02_plus_sweep_upper,M07_S02_plus_sweep_upper,11276,7.884001418942887,889
3,80.95257063461007,2025-12-31 23:59:59,342.8577119038302,242.85771190383022,15604,194,194,2.8224689608794096,101.50659738279302,242.85771190383022,96.5925614516857,44.75855306935148,0,333.18065940536326,342.8577119038302,2025_Q4_ONLY,exit_ts_filter_from_all_through_2026_single_run,100.0,3,2.2371490199600554,9656,2025-10-01 00:00:00,SMX2V3_B04_M07_S02_plus_sweep_upper,M07_S02_plus_sweep_upper,16969,8.044080381872828,1365
1,7.998288404703629,2026-12-31 23:59:59,107.99828840470363,7.998288404703624,1556,42,42,2.010267680394462,7.998288404703629,8.026409608788754,7.998288404703629,7.998288404703629,0,105.82723371752466,108.02640960878875,2026_FULL_ONLY,exit_ts_filter_from_all_through_2026_single_run,100.0,1,1.8152253181026134,828,2026-01-01 00:00:00,SMX2V3_B04_M07_S02_plus_sweep_upper,M07_S02_plus_sweep_upper,1722,9.639953542392567,166
1,7.998288404703629,2026-03-31 23:59:59,107.99828840470363,7.998288404703624,1556,42,42,2.010267680394462,7.998288404703629,8.026409608788754,7.998288404703629,7.998288404703629,0,105.82723371752466,108.02640960878875,2026_Q1_ONLY,exit_ts_filter_from_all_through_2026_single_run,100.0,1,1.8152253181026134,828,2026-01-01 00:00:00,SMX2V3_B04_M07_S02_plus_sweep_upper,M07_S02_plus_sweep_upper,1722,9.639953542392567,166
0,0.0,2026-06-30 23:59:59,100.0,0.0,0,0,0,0.0,0.0,0.0,0.0,0.0,0,100.0,100.0,2026_Q2_ONLY,exit_ts_filter_from_all_through_2026_single_run,0.0,0,0.0,0,2026-04-01 00:00:00,SMX2V3_B04_M07_S02_plus_sweep_upper,M07_S02_plus_sweep_upper,0,0.0,0
0,0.0,2026-09-30 23:59:59,100.0,0.0,0,0,0,0.0,0.0,0.0,0.0,0.0,0,100.0,100.0,2026_Q3_ONLY,exit_ts_filter_from_all_through_2026_single_run,0.0,0,0.0,0,2026-07-01 00:00:00,SMX2V3_B04_M07_S02_plus_sweep_upper,M07_S02_plus_sweep_upper,0,0.0,0
0,0.0,2026-12-31 23:59:59,100.0,0.0,0,0,0,0.0,0.0,0.0,0.0,0.0,0,100.0,100.0,2026_Q4_ONLY,exit_ts_filter_from_all_through_2026_single_run,0.0,0,0.0,0,2026-10-01 00:00:00,SMX2V3_B04_M07_S02_plus_sweep_upper,M07_S02_plus_sweep_upper,0,0.0,0
76,338.09228690780986,2026-12-31 23:59:59,25795.01380499355,25695.01380499355,107428,326,326,5.7054981047351845,7082.463026390191,25701.730456324814,14.142080129955318,-0.30322842971594355,5,24323.279781233465,25801.730456324818,ALL_TO_2026_END,exit_ts_filter_from_all_through_2026_single_run,93.42105263157895,71,1.9817632540368408,49510,,SMX2V3_B04_M08_S02_plus_sweep_upper_rangeatr,M08_S02_plus_sweep_upper_rangeatr,116054,7.432746824753994,8626
12,5.132332760250695,2023-12-31 23:59:59,161.58799312300835,61.58799312300835,11107,150,150,1.9786739540753828,11.907632931112602,62.3843026052966,4.752181385083951,0.467146796434605,0,158.39069359017026,162.3843026052966,2023_FULL_ONLY,exit_ts_filter_from_all_through_2026_single_run,100.0,12,1.8098647822090994,3568,2023-01-01 00:00:00,SMX2V3_B04_M08_S02_plus_sweep_upper_rangeatr,M08_S02_plus_sweep_upper_rangeatr,12087,8.107884504012576,980
3,5.087860165909281,2023-03-31 23:59:59,115.26358049772784,15.263580497727848,3549,133,133,1.9320043873088943,6.140489821305309,15.302496616958617,5.060947863559136,4.062142812863399,0,113.03668306554242,115.30249661695862,2023_Q1_ONLY,exit_ts_filter_from_all_through_2026_single_run,100.0,3,1.7883602094438191,1544,2023-01-01 00:00:00,SMX2V3_B04_M08_S02_plus_sweep_upper_rangeatr,M08_S02_plus_sweep_upper_rangeatr,3857,7.985480943738657,308
3,3.639961021641047,2023-06-30 23:59:59,110.91988306492314,10.91988306492313,1520,43,43,0.8654465138204226,4.2706665794045335,10.920770431086591,3.9750973723371033,2.6741191131815043,0,109.95993080380407,110.9207704310866,2023_Q2_ONLY,exit_ts_filter_from_all_through_2026_single_run,100.0,3,2.345354184941624,341,2023-04-01 00:00:00,SMX2V3_B04_M08_S02_plus_sweep_upper_rangeatr,M08_S02_plus_sweep_upper_rangeatr,1679,9.469922572960094,159
3,1.9982033427813661,2023-09-30 23:59:59,105.9946100283441,5.994610028344094,1900,150,150,1.978673954075505,4.4124633325034495,6.101303605988595,1.2167607272991887,0.3653859685414602,0,103.89732228698935,106.1013036059886,2023_Q3_ONLY,exit_ts_filter_from_all_through_2026_single_run,100.0,3,1.5351239342479004,519,2023-07-01 00:00:00,SMX2V3_B04_M08_S02_plus_sweep_upper_rangeatr,M08_S02_plus_sweep_upper_rangeatr,2063,7.901114881240911,163
3,6.4135007424937385,2023-12-31 23:59:59,119.24050222748122,19.240502227481215,4138,26,26,1.0776515454909763,8.786990317811018,19.828122265093096,7.981340189016763,2.472171720653435,0,117.95550511237556,119.82812226509309,2023_Q4_ONLY,exit_ts_filter_from_all_through_2026_single_run,100.0,3,1.7769624084508326,1164,2023-10-01 00:00:00,SMX2V3_B04_M08_S02_plus_sweep_upper_rangeatr,M08_S02_plus_sweep_upper_rangeatr,4488,7.7985739750445635,350
12,12.030702900588073,2024-12-31 23:59:59,244.36843480705687,144.36843480705684,22437,197,197,1.8595736353297476,33.95126386113722,144.62804113528108,8.27826523798425,3.207803446140076,0,239.8242238203168,244.62804113528108,2024_FULL_ONLY,exit_ts_filter_from_all_through_2026_single_run,100.0,12,1.8831254895465679,10637,2024-01-01 00:00:00,SMX2V3_B04_M08_S02_plus_sweep_upper_rangeatr,M08_S02_plus_sweep_upper_rangeatr,24147,7.081625046589639,1710
3,10.380535235692236,2024-03-31 23:59:59,131.1416057070767,31.141605707076714,6347,88,88,1.3208105978690932,18.878919673705795,31.14580232239128,9.054882587230836,3.207803446140076,0,129.40947348068192,131.1458023223913,2024_Q1_ONLY,exit_ts_filter_from_all_through_2026_single_run,100.0,3,1.7961791954510236,2522,2024-01-01 00:00:00,SMX2V3_B04_M08_S02_plus_sweep_upper_rangeatr,M08_S02_plus_sweep_upper_rangeatr,6877,7.7068489166787835,530
3,5.9175136818912035,2024-06-30 23:59:59,117.75254104567361,17.75254104567361,4657,197,197,1.3979842120153019,7.248017511416492,17.79210601823047,5.7202653942590445,4.784258139998073,0,116.10637911260825,117.79210601823047,2024_Q2_ONLY,exit_ts_filter_from_all_through_2026_single_run,100.0,3,1.9537219330176294,2447,2024-04-01 00:00:00,SMX2V3_B04_M08_S02_plus_sweep_upper_rangeatr,M08_S02_plus_sweep_upper_rangeatr,4979,6.467162080739104,322
3,4.251506140659326,2024-09-30 23:59:59,112.75451842197798,12.754518421977966,4074,106,106,1.4291099573876531,4.6270409858960875,12.755420465341704,4.323553553599368,3.803923882482522,0,111.14313237180498,112.7554204653417,2024_Q3_ONLY,exit_ts_filter_from_all_through_2026_single_run,100.0,3,1.8110280271943076,1802,2024-07-01 00:00:00,SMX2V3_B04_M08_S02_plus_sweep_upper_rangeatr,M08_S02_plus_sweep_upper_rangeatr,4367,6.709411495305702,293
3,13.44870207847714,2024-12-31 23:59:59,140.34610623543142,40.34610623543142,7359,130,130,1.8595736353297365,19.49894915210517,40.495203795225244,13.83285837826456,7.014298705061691,0,137.73626704566547,140.49520379522525,2024_Q4_ONLY,exit_ts_filter_from_all_through_2026_single_run,100.0,3,1.9632543814631715,3866,2024-10-01 00:00:00,SMX2V3_B04_M08_S02_plus_sweep_upper_rangeatr,M08_S02_plus_sweep_upper_rangeatr,7924,7.130237253912165,565
75,317.1337696946134,2025-12-31 23:59:59,23885.032727096008,23785.032727096008,105870,326,326,5.7054981047351845,7082.463026390191,23785.032727096008,13.988540114960728,-0.30322842971594355,5,22522.272637536164,23885.032727096008,TRAIN_2025_FULL,exit_ts_filter_from_all_through_2026_single_run,93.33333333333333,70,1.9845915771294778,48678,,SMX2V3_B04_M08_S02_plus_sweep_upper_rangeatr,M08_S02_plus_sweep_upper_rangeatr,114330,7.399632642351089,8460
12,134.89950178234133,2025-12-31 23:59:59,1718.794021388096,1618.794021388096,43629,326,326,5.705498104735307,509.6620651749006,1618.794021388096,45.427513338626056,10.805108686834473,0,1620.7282610734944,1718.794021388096,2025_FULL_ONLY,exit_ts_filter_from_all_through_2026_single_run,100.0,12,2.0706614184122767,25074,2025-01-01 00:00:00,SMX2V3_B04_M08_S02_plus_sweep_upper_rangeatr,M08_S02_plus_sweep_upper_rangeatr,47308,7.776697387334067,3679
72,95.5269657686816,2025-09-30 23:59:59,6977.941535345076,6877.941535345076,90221,326,326,5.7054981047351845,1728.3905986847722,6880.1942702014685,12.173436317038224,-0.30322842971594355,5,6579.815213296433,6980.1942702014685,PREQ4_ALL_BEFORE_2025_10_01,exit_ts_filter_from_all_through_2026_single_run,93.05555555555556,67,1.9298753315802657,38989,,SMX2V3_B04_M08_S02_plus_sweep_upper_rangeatr,M08_S02_plus_sweep_upper_rangeatr,97317,7.2916345551137,7096
3,20.82289566557741,2025-03-31 23:59:59,162.46868699673223,62.468686996732224,8300,326,326,5.705498104735307,26.95451682698595,62.57961911961005,24.709061482911807,10.805108686834473,0,153.19903913934533,162.57961911961004,2025_Q1_ONLY,exit_ts_filter_from_all_through_2026_single_run,100.0,3,2.0959147304097927,5158,2025-01-01 00:00:00,SMX2V3_B04_M08_S02_plus_sweep_upper_rangeatr,M08_S02_plus_sweep_upper_rangeatr,8991,7.6854632410187955,691
3,20.217956892045578,2025-06-30 23:59:59,160.65387067613673,60.65387067613672,9256,293,293,2.91656596391322,24.755825545762917,61.50636932956641,19.528633935541308,16.36941119483251,0,155.96829456428736,161.5063693295664,2025_Q2_ONLY,exit_ts_filter_from_all_through_2026_single_run,100.0,3,1.9278205146623704,5159,2025-04-01 00:00:00,SMX2V3_B04_M08_S02_plus_sweep_upper_rangeatr,M08_S02_plus_sweep_upper_rangeatr,9987,7.319515369980975,731
3,30.794003020439362,2025-09-30 23:59:59,192.3820090613181,92.38200906131809,10424,247,247,3.221603463837941,47.651768667509515,92.44411701326352,25.330934420952133,19.39930597285644,0,186.18422359359764,192.4441170132635,2025_Q3_ONLY,exit_ts_filter_from_all_through_2026_single_run,100.0,3,1.9266950631560615,5068,2025-07-01 00:00:00,SMX2V3_B04_M08_S02_plus_sweep_upper_rangeatr,M08_S02_plus_sweep_upper_rangeatr,11317,7.890783776619245,893
3,80.76446378019467,2025-12-31 23:59:59,342.29339134058404,242.29339134058404,15649,197,197,2.8294655192213303,101.49788430464301,242.29339134058404,95.87458072356867,44.92092631237236,0,332.6083178580289,342.29339134058404,2025_Q4_ONLY,exit_ts_filter_from_all_through_2026_single_run,100.0,3,2.234247544169718,9689,2025-10-01 00:00:00,SMX2V3_B04_M08_S02_plus_sweep_upper_rangeatr,M08_S02_plus_sweep_upper_rangeatr,17013,8.017398460001175,1364
1,7.996560439001158,2026-12-31 23:59:59,107.99656043900116,7.996560439001166,1558,42,42,2.010267680394462,7.996560439001158,8.024681193148808,7.996560439001158,7.996560439001158,0,105.82554048855825,108.02468119314881,2026_FULL_ONLY,exit_ts_filter_from_all_through_2026_single_run,100.0,1,1.8149182784692122,832,2026-01-01 00:00:00,SMX2V3_B04_M08_S02_plus_sweep_upper_rangeatr,M08_S02_plus_sweep_upper_rangeatr,1724,9.62877030162413,166
1,7.996560439001158,2026-03-31 23:59:59,107.99656043900116,7.996560439001166,1558,42,42,2.010267680394462,7.996560439001158,8.024681193148808,7.996560439001158,7.996560439001158,0,105.82554048855825,108.02468119314881,2026_Q1_ONLY,exit_ts_filter_from_all_through_2026_single_run,100.0,1,1.8149182784692122,832,2026-01-01 00:00:00,SMX2V3_B04_M08_S02_plus_sweep_upper_rangeatr,M08_S02_plus_sweep_upper_rangeatr,1724,9.62877030162413,166
0,0.0,2026-06-30 23:59:59,100.0,0.0,0,0,0,0.0,0.0,0.0,0.0,0.0,0,100.0,100.0,2026_Q2_ONLY,exit_ts_filter_from_all_through_2026_single_run,0.0,0,0.0,0,2026-04-01 00:00:00,SMX2V3_B04_M08_S02_plus_sweep_upper_rangeatr,M08_S02_plus_sweep_upper_rangeatr,0,0.0,0
0,0.0,2026-09-30 23:59:59,100.0,0.0,0,0,0,0.0,0.0,0.0,0.0,0.0,0,100.0,100.0,2026_Q3_ONLY,exit_ts_filter_from_all_through_2026_single_run,0.0,0,0.0,0,2026-07-01 00:00:00,SMX2V3_B04_M08_S02_plus_sweep_upper_rangeatr,M08_S02_plus_sweep_upper_rangeatr,0,0.0,0
0,0.0,2026-12-31 23:59:59,100.0,0.0,0,0,0,0.0,0.0,0.0,0.0,0.0,0,100.0,100.0,2026_Q4_ONLY,exit_ts_filter_from_all_through_2026_single_run,0.0,0,0.0,0,2026-10-01 00:00:00,SMX2V3_B04_M08_S02_plus_sweep_upper_rangeatr,M08_S02_plus_sweep_upper_rangeatr,0,0.0,0
76,338.3979619300919,2026-12-31 23:59:59,25818.245106686987,25718.245106686987,107423,326,326,5.70549810473554,7088.841578328313,25724.967807115758,14.135379215625129,-0.30308475157872294,5,24345.185621448985,25824.967807115758,ALL_TO_2026_END,exit_ts_filter_from_all_through_2026_single_run,93.42105263157895,71,1.981848406447969,49503,,SMX2V3_B04_M09_S06_with_S02_vol_boost,M09_S06_with_S02_vol_boost,116049,7.433067066497773,8626
12,5.130431189553676,2023-12-31 23:59:59,161.5651742746441,61.56517427464409,11104,150,150,1.9786739540753828,11.905760885535955,62.36137130510366,4.752181385083951,0.467146796434605,0,158.36832625241522,162.36137130510366,2023_FULL_ONLY,exit_ts_filter_from_all_through_2026_single_run,100.0,12,1.8096596494724337,3568,2023-01-01 00:00:00,SMX2V3_B04_M09_S06_with_S02_vol_boost,M09_S06_with_S02_vol_boost,12083,8.10229247703385,979
3,5.087860165909281,2023-03-31 23:59:59,115.26358049772784,15.263580497727848,3549,133,133,1.9320043873088943,6.140489821305309,15.302496616958617,5.060947863559136,4.062142812863399,0,113.03668306554242,115.30249661695862,2023_Q1_ONLY,exit_ts_filter_from_all_through_2026_single_run,100.0,3,1.7883602094438191,1544,2023-01-01 00:00:00,SMX2V3_B04_M09_S06_with_S02_vol_boost,M09_S06_with_S02_vol_boost,3857,7.985480943738657,308
3,3.639961021641047,2023-06-30 23:59:59,110.91988306492314,10.91988306492313,1520,43,43,0.8654465138204226,4.2706665794045335,10.920770431086591,3.9750973723371033,2.6741191131815043,0,109.95993080380407,110.9207704310866,2023_Q2_ONLY,exit_ts_filter_from_all_through_2026_single_run,100.0,3,2.345354184941624,341,2023-04-01 00:00:00,SMX2V3_B04_M09_S06_with_S02_vol_boost,M09_S06_with_S02_vol_boost,1679,9.469922572960094,159
3,1.9982033427813661,2023-09-30 23:59:59,105.9946100283441,5.994610028344094,1900,150,150,1.978673954075505,4.4124633325034495,6.101303605988595,1.2167607272991887,0.3653859685414602,0,103.89732228698935,106.1013036059886,2023_Q3_ONLY,exit_ts_filter_from_all_through_2026_single_run,100.0,3,1.5351239342479004,519,2023-07-01 00:00:00,SMX2V3_B04_M09_S06_with_S02_vol_boost,M09_S06_with_S02_vol_boost,2063,7.901114881240911,163
3,6.407887844145018,2023-12-31 23:59:59,119.22366353243505,19.223663532435054,4135,26,26,1.0776515454911095,8.785608880673237,19.811200588556368,7.981992982274818,2.456061669486999,0,117.93884787978665,119.81120058855636,2023_Q4_ONLY,exit_ts_filter_from_all_through_2026_single_run,100.0,3,1.7764222817545772,1164,2023-10-01 00:00:00,SMX2V3_B04_M09_S06_with_S02_vol_boost,M09_S06_with_S02_vol_boost,4484,7.783229259589652,349
12,12.030702900588096,2024-12-31 23:59:59,244.36843480705716,144.36843480705716,22437,197,197,1.8595736353297476,33.95126386113725,144.6280411352814,8.27826523798435,3.207803446140076,0,239.82422382031714,244.62804113528136,2024_FULL_ONLY,exit_ts_filter_from_all_through_2026_single_run,100.0,12,1.8831254895465679,10638,2024-01-01 00:00:00,SMX2V3_B04_M09_S06_with_S02_vol_boost,M09_S06_with_S02_vol_boost,24147,7.081625046589639,1710
3,10.380535235692236,2024-03-31 23:59:59,131.1416057070767,31.141605707076714,6347,88,88,1.3208105978690932,18.878919673705795,31.14580232239128,9.054882587230836,3.207803446140076,0,129.40947348068192,131.1458023223913,2024_Q1_ONLY,exit_ts_filter_from_all_through_2026_single_run,100.0,3,1.7961791954510236,2522,2024-01-01 00:00:00,SMX2V3_B04_M09_S06_with_S02_vol_boost,M09_S06_with_S02_vol_boost,6877,7.7068489166787835,530
3,5.917513681891275,2024-06-30 23:59:59,117.75254104567382,17.75254104567383,4657,197,197,1.3987730281415534,7.248017511416492,17.79210601823069,5.720265394259243,4.784258139998087,0,116.10545026157564,117.79210601823068,2024_Q2_ONLY,exit_ts_filter_from_all_through_2026_single_run,100.0,3,1.9537219330176294,2448,2024-04-01 00:00:00,SMX2V3_B04_M09_S06_with_S02_vol_boost,M09_S06_with_S02_vol_boost,4979,6.467162080739104,322
3,4.251506140659326,2024-09-30 23:59:59,112.75451842197798,12.754518421977966,4074,106,106,1.4291099573876531,4.6270409858960875,12.755420465341704,4.323553553599368,3.803923882482522,0,111.14313237180498,112.7554204653417,2024_Q3_ONLY,exit_ts_filter_from_all_through_2026_single_run,100.0,3,1.8110280271943076,1802,2024-07-01 00:00:00,SMX2V3_B04_M09_S06_with_S02_vol_boost,M09_S06_with_S02_vol_boost,4367,6.709411495305702,293
3,13.44870207847714,2024-12-31 23:59:59,140.34610623543142,40.34610623543142,7359,130,130,1.8595736353297365,19.49894915210517,40.495203795225244,13.83285837826456,7.014298705061691,0,137.73626704566547,140.49520379522525,2024_Q4_ONLY,exit_ts_filter_from_all_through_2026_single_run,100.0,3,1.9632543814631715,3866,2024-10-01 00:00:00,SMX2V3_B04_M09_S06_with_S02_vol_boost,M09_S06_with_S02_vol_boost,7924,7.130237253912165,565
75,317.42058502279366,2025-12-31 23:59:59,23906.543876709526,23806.543876709526,105865,326,326,5.70549810473554,7088.841578328313,23806.543876709526,13.981911952197194,-0.30308475157872294,5,22542.556468916093,23906.543876709526,TRAIN_2025_FULL,exit_ts_filter_from_all_through_2026_single_run,93.33333333333333,70,1.9846779570706794,48671,,SMX2V3_B04_M09_S06_with_S02_vol_boost,M09_S06_with_S02_vol_boost,114325,7.399956265033894,8460
12,135.11671754408752,2025-12-31 23:59:59,1721.4006105290503,1621.40061052905,43626,326,326,5.705498104735307,510.4349789668412,1621.40061052905,45.4973654164604,10.805108686834473,0,1623.186131320413,1721.4006105290503,2025_FULL_ONLY,exit_ts_filter_from_all_through_2026_single_run,100.0,12,2.071239333253559,25065,2025-01-01 00:00:00,SMX2V3_B04_M09_S06_with_S02_vol_boost,M09_S06_with_S02_vol_boost,47306,7.779140066799138,3680
72,95.61502539191277,2025-09-30 23:59:59,6984.281828217719,6884.2818282177195,90215,326,326,5.70549810473554,1729.961047869303,6886.536609952647,12.129271475169503,-0.30308475157872294,5,6585.793760879368,6986.536609952646,PREQ4_ALL_BEFORE_2025_10_01,exit_ts_filter_from_all_through_2026_single_run,93.05555555555556,67,1.9299891052686615,38985,,SMX2V3_B04_M09_S06_with_S02_vol_boost,M09_S06_with_S02_vol_boost,97311,7.292084142594363,7096
3,20.823328918875387,2025-03-31 23:59:59,162.46998675662616,62.46998675662616,8299,326,326,5.705498104735307,26.954732464845677,62.580919766968,24.710145604946007,10.805108686834473,0,153.20026474146314,162.580919766968,2025_Q1_ONLY,exit_ts_filter_from_all_through_2026_single_run,100.0,3,2.0959525151445155,5156,2025-01-01 00:00:00,SMX2V3_B04_M09_S06_with_S02_vol_boost,M09_S06_with_S02_vol_boost,8990,7.686318131256953,691
3,20.29873954783031,2025-06-30 23:59:59,160.89621864349093,60.896218643490926,9254,293,293,2.91656596391322,24.794102315324395,61.750003299648085,19.558093074742402,16.54402325342413,0,156.20357429331148,161.75000329964809,2025_Q2_ONLY,exit_ts_filter_from_all_through_2026_single_run,100.0,3,1.9307944372121493,5158,2025-04-01 00:00:00,SMX2V3_B04_M09_S06_with_S02_vol_boost,M09_S06_with_S02_vol_boost,9986,7.33026236731424,732
3,30.79451604323462,2025-09-30 23:59:59,192.38354812970385,92.38354812970387,10423,247,247,3.221603463837941,47.65214988470842,92.44565657851689,25.331937076448824,19.39946116854661,0,186.18571307930299,192.4456565785169,2025_Q3_ONLY,exit_ts_filter_from_all_through_2026_single_run,100.0,3,1.9267167903173916,5065,2025-07-01 00:00:00,SMX2V3_B04_M09_S06_with_S02_vol_boost,M09_S06_with_S02_vol_boost,11316,7.891481088723931,893
3,80.76355099781647,2025-12-31 23:59:59,342.2906529934494,242.29065299344938,15650,197,197,2.829465519221397,101.4970723215672,242.29065299344938,95.87381372692099,44.9197669449612,0,332.60565699148196,342.2906529934494,2025_Q4_ONLY,exit_ts_filter_from_all_through_2026_single_run,100.0,3,2.2342297258672517,9686,2025-10-01 00:00:00,SMX2V3_B04_M09_S06_with_S02_vol_boost,M09_S06_with_S02_vol_boost,17014,8.016927236393558,1364
1,7.996560439001158,2026-12-31 23:59:59,107.99656043900116,7.996560439001166,1558,42,42,2.010267680394462,7.996560439001158,8.024681193148808,7.996560439001158,7.996560439001158,0,105.82554048855825,108.02468119314881,2026_FULL_ONLY,exit_ts_filter_from_all_through_2026_single_run,100.0,1,1.8149182784692122,832,2026-01-01 00:00:00,SMX2V3_B04_M09_S06_with_S02_vol_boost,M09_S06_with_S02_vol_boost,1724,9.62877030162413,166
1,7.996560439001158,2026-03-31 23:59:59,107.99656043900116,7.996560439001166,1558,42,42,2.010267680394462,7.996560439001158,8.024681193148808,7.996560439001158,7.996560439001158,0,105.82554048855825,108.02468119314881,2026_Q1_ONLY,exit_ts_filter_from_all_through_2026_single_run,100.0,1,1.8149182784692122,832,2026-01-01 00:00:00,SMX2V3_B04_M09_S06_with_S02_vol_boost,M09_S06_with_S02_vol_boost,1724,9.62877030162413,166
0,0.0,2026-06-30 23:59:59,100.0,0.0,0,0,0,0.0,0.0,0.0,0.0,0.0,0,100.0,100.0,2026_Q2_ONLY,exit_ts_filter_from_all_through_2026_single_run,0.0,0,0.0,0,2026-04-01 00:00:00,SMX2V3_B04_M09_S06_with_S02_vol_boost,M09_S06_with_S02_vol_boost,0,0.0,0
0,0.0,2026-09-30 23:59:59,100.0,0.0,0,0,0,0.0,0.0,0.0,0.0,0.0,0,100.0,100.0,2026_Q3_ONLY,exit_ts_filter_from_all_through_2026_single_run,0.0,0,0.0,0,2026-07-01 00:00:00,SMX2V3_B04_M09_S06_with_S02_vol_boost,M09_S06_with_S02_vol_boost,0,0.0,0
0,0.0,2026-12-31 23:59:59,100.0,0.0,0,0,0,0.0,0.0,0.0,0.0,0.0,0,100.0,100.0,2026_Q4_ONLY,exit_ts_filter_from_all_through_2026_single_run,0.0,0,0.0,0,2026-10-01 00:00:00,SMX2V3_B04_M09_S06_with_S02_vol_boost,M09_S06_with_S02_vol_boost,0,0.0,0
76,339.25647243980126,2026-12-31 23:59:59,25883.491905424897,25783.491905424897,107375,326,326,5.70549810473524,7092.863691268465,25790.23159518349,14.137283325829934,-0.30319056460663774,5,24406.709765321582,25890.231595183493,ALL_TO_2026_END,exit_ts_filter_from_all_through_2026_single_run,93.42105263157895,71,1.9825675443839912,49464,,SMX2V3_B04_M10_S02D_upper025_mix,M10_S02D_upper025_mix,116002,7.436940742400994,8627
12,5.124927774354525,2023-12-31 23:59:59,161.4991332922543,61.49913329225429,11099,150,150,1.978673954075294,11.903114881811206,62.29500487117829,4.750162891616569,0.4669483753980046,0,158.30359200574313,162.2950048711783,2023_FULL_ONLY,exit_ts_filter_from_all_through_2026_single_run,100.0,12,1.8090254371725205,3563,2023-01-01 00:00:00,SMX2V3_B04_M10_S02D_upper025_mix,M10_S02D_upper025_mix,12077,8.098037592117247,978
3,5.071540728201474,2023-03-31 23:59:59,115.21462218460442,15.214622184604432,3546,133,133,1.9320043873090387,6.138721773122256,15.253521774177292,5.015482997560227,4.0604174139219396,0,112.98867062917634,115.2535217741773,2023_Q1_ONLY,exit_ts_filter_from_all_through_2026_single_run,100.0,3,1.7861105404700937,1539,2023-01-01 00:00:00,SMX2V3_B04_M10_S02D_upper025_mix,M10_S02D_upper025_mix,3853,7.967817285232287,307
3,3.639961021641047,2023-06-30 23:59:59,110.91988306492314,10.91988306492313,1520,43,43,0.8654465138204226,4.2706665794045335,10.920770431086591,3.9750973723371033,2.6741191131815043,0,109.95993080380407,110.9207704310866,2023_Q2_ONLY,exit_ts_filter_from_all_through_2026_single_run,100.0,3,2.345354184941624,341,2023-04-01 00:00:00,SMX2V3_B04_M10_S02D_upper025_mix,M10_S02D_upper025_mix,1679,9.469922572960094,159
3,1.9982033427813661,2023-09-30 23:59:59,105.9946100283441,5.994610028344094,1900,150,150,1.978673954075505,4.4124633325034495,6.101303605988595,1.2167607272991887,0.3653859685414602,0,103.89732228698935,106.1013036059886,2023_Q3_ONLY,exit_ts_filter_from_all_through_2026_single_run,100.0,3,1.5351239342479004,519,2023-07-01 00:00:00,SMX2V3_B04_M10_S02D_upper025_mix,M10_S02D_upper025_mix,2063,7.901114881240911,163
3,6.408523711314264,2023-12-31 23:59:59,119.2255711339428,19.225571133942786,4133,26,26,1.077651545491054,8.787388768760579,19.813117590769778,7.982120695695215,2.456061669486999,0,117.94073492399733,119.81311759076978,2023_Q4_ONLY,exit_ts_filter_from_all_through_2026_single_run,100.0,3,1.7765475172055987,1164,2023-10-01 00:00:00,SMX2V3_B04_M10_S02D_upper025_mix,M10_S02D_upper025_mix,4482,7.786702365015619,349
12,12.051145829266979,2024-12-31 23:59:59,244.61374995120374,144.61374995120372,22423,197,197,1.8595736353295589,33.98900731882176,144.8736168914988,8.323939982858484,3.207803446140076,0,240.06497714872017,244.8736168914988,2024_FULL_ONLY,exit_ts_filter_from_all_through_2026_single_run,100.0,12,1.8844243879325868,10625,2024-01-01 00:00:00,SMX2V3_B04_M10_S02D_upper025_mix,M10_S02D_upper025_mix,24134,7.0895831606861694,1711
3,10.381584385324288,2024-03-31 23:59:59,131.14475315597286,31.14475315597287,6344,88,88,1.3208105978690932,18.882067122601953,31.148949872007847,9.054882587230836,3.207803446140076,0,129.4125793577395,131.14894987200785,2024_Q1_ONLY,exit_ts_filter_from_all_through_2026_single_run,100.0,3,1.7963055119404896,2521,2024-01-01 00:00:00,SMX2V3_B04_M10_S02D_upper025_mix,M10_S02D_upper025_mix,6874,7.710212394530114,530
3,5.944266407220259,2024-06-30 23:59:59,117.83279922166078,17.83279922166079,4653,197,197,1.3987730281415534,7.254726910143418,17.87239116104571,5.7897835756006515,4.788288735916709,0,116.18458580784402,117.87239116104571,2024_Q2_ONLY,exit_ts_filter_from_all_through_2026_single_run,100.0,3,1.9578721177664595,2443,2024-04-01 00:00:00,SMX2V3_B04_M10_S02D_upper025_mix,M10_S02D_upper025_mix,4976,6.491157556270097,323
3,4.260904241598401,2024-09-30 23:59:59,112.7827127247952,12.782712724795209,4073,106,106,1.4291099573877752,4.628160953366873,12.783614993715142,4.3488048938807395,3.805746877547591,0,111.1709237470331,112.78361499371515,2024_Q3_ONLY,exit_ts_filter_from_all_through_2026_single_run,100.0,3,1.8140874653135106,1804,2024-07-01 00:00:00,SMX2V3_B04_M10_S02D_upper025_mix,M10_S02D_upper025_mix,4366,6.710948236371965,293
3,13.450947679053039,2024-12-31 23:59:59,140.35284303715912,40.35284303715911,7353,128,128,1.8595736353297587,19.50198551863535,40.5019477538362,13.836558813462077,7.014298705061691,0,137.74287857160436,140.5019477538362,2024_Q4_ONLY,exit_ts_filter_from_all_through_2026_single_run,100.0,3,1.9635217458973955,3857,2024-10-01 00:00:00,SMX2V3_B04_M10_S02D_upper025_mix,M10_S02D_upper025_mix,7918,7.1356403132104065,565
75,318.22357023563404,2025-12-31 23:59:59,23966.767767672554,23866.767767672554,105818,326,326,5.70549810473524,7092.863691268465,23866.767767672554,13.986345748934966,-0.30319056460663774,5,22599.3442869217,23966.767767672554,TRAIN_2025_FULL,exit_ts_filter_from_all_through_2026_single_run,93.33333333333333,70,1.9854072449417242,48633,,SMX2V3_B04_M10_S02D_upper025_mix,M10_S02D_upper025_mix,114279,7.403809973835964,8461
12,135.3378556512778,2025-12-31 23:59:59,1724.0542678153336,1624.0542678153336,43609,326,326,5.705498104735307,510.22657859013,1624.0542678153336,45.43211457930052,10.805108686834473,0,1625.6883842405214,1724.0542678153336,2025_FULL_ONLY,exit_ts_filter_from_all_through_2026_single_run,100.0,12,2.0721387096355937,25049,2025-01-01 00:00:00,SMX2V3_B04_M10_S02D_upper025_mix,M10_S02D_upper025_mix,47290,7.783886656798478,3681
72,95.6066393421306,2025-09-30 23:59:59,6983.678032633404,6883.678032633404,90176,326,326,5.70549810473524,1731.177835911073,6885.932619441024,12.134387024169186,-0.30319056460663774,5,6585.2244148406935,6985.932619441024,PREQ4_ALL_BEFORE_2025_10_01,exit_ts_filter_from_all_through_2026_single_run,93.05555555555556,67,1.9301830340645343,38952,,SMX2V3_B04_M10_S02D_upper025_mix,M10_S02D_upper025_mix,97271,7.2940547542433,7095
3,20.751063841574297,2025-03-31 23:59:59,162.2531915247229,62.25319152472289,8299,326,326,5.705498104735307,26.91876485265948,62.36397650927745,24.529317985228943,10.805108686834473,0,152.99583875740726,162.36397650927745,2025_Q1_ONLY,exit_ts_filter_from_all_through_2026_single_run,100.0,3,2.0929415255220705,5155,2025-01-01 00:00:00,SMX2V3_B04_M10_S02D_upper025_mix,M10_S02D_upper025_mix,8989,7.676048503726777,690
3,20.282257689370777,2025-06-30 23:59:59,160.84677306811233,60.84677306811233,9252,293,293,2.947177439768911,24.786482753687807,61.70029534474366,19.5520826092785,16.50820770514602,0,156.10633325965262,161.70029534474367,2025_Q2_ONLY,exit_ts_filter_from_all_through_2026_single_run,100.0,3,1.929636775063538,5158,2025-04-01 00:00:00,SMX2V3_B04_M10_S02D_upper025_mix,M10_S02D_upper025_mix,9984,7.331730769230769,732
3,30.831758163525922,2025-09-30 23:59:59,192.49527449057777,92.49527449057777,10416,247,247,3.2208292304718555,47.71748513584444,92.55741900874823,25.371107052481634,19.406682302251696,0,186.29533042250821,192.55741900874824,2025_Q3_ONLY,exit_ts_filter_from_all_through_2026_single_run,100.0,3,1.9282946901394749,5055,2025-07-01 00:00:00,SMX2V3_B04_M10_S02D_upper025_mix,M10_S02D_upper025_mix,11309,7.896365726412593,893
3,81.06086628316486,2025-12-31 23:59:59,343.1825988494946,243.18259884949458,15642,196,196,2.8271333890798056,101.56344061288164,243.18259884949458,96.69475376635913,44.92440447025382,0,333.4803690119087,343.1825988494946,2025_Q4_ONLY,exit_ts_filter_from_all_through_2026_single_run,100.0,3,2.237477016381665,9681,2025-10-01 00:00:00,SMX2V3_B04_M10_S02D_upper025_mix,M10_S02D_upper025_mix,17008,8.031514581373472,1366
1,7.9974244183965055,2026-12-31 23:59:59,107.9974244183965,7.997424418396504,1557,42,42,2.010267680394462,7.9974244183965055,8.02554539751199,7.9974244183965055,7.9974244183965055,0,105.82638709965504,108.02554539751199,2026_FULL_ONLY,exit_ts_filter_from_all_through_2026_single_run,100.0,1,1.8150717853011185,831,2026-01-01 00:00:00,SMX2V3_B04_M10_S02D_upper025_mix,M10_S02D_upper025_mix,1723,9.63435867672664,166
1,7.9974244183965055,2026-03-31 23:59:59,107.9974244183965,7.997424418396504,1557,42,42,2.010267680394462,7.9974244183965055,8.02554539751199,7.9974244183965055,7.9974244183965055,0,105.82638709965504,108.02554539751199,2026_Q1_ONLY,exit_ts_filter_from_all_through_2026_single_run,100.0,1,1.8150717853011185,831,2026-01-01 00:00:00,SMX2V3_B04_M10_S02D_upper025_mix,M10_S02D_upper025_mix,1723,9.63435867672664,166
0,0.0,2026-06-30 23:59:59,100.0,0.0,0,0,0,0.0,0.0,0.0,0.0,0.0,0,100.0,100.0,2026_Q2_ONLY,exit_ts_filter_from_all_through_2026_single_run,0.0,0,0.0,0,2026-04-01 00:00:00,SMX2V3_B04_M10_S02D_upper025_mix,M10_S02D_upper025_mix,0,0.0,0
0,0.0,2026-09-30 23:59:59,100.0,0.0,0,0,0,0.0,0.0,0.0,0.0,0.0,0,100.0,100.0,2026_Q3_ONLY,exit_ts_filter_from_all_through_2026_single_run,0.0,0,0.0,0,2026-07-01 00:00:00,SMX2V3_B04_M10_S02D_upper025_mix,M10_S02D_upper025_mix,0,0.0,0
0,0.0,2026-12-31 23:59:59,100.0,0.0,0,0,0,0.0,0.0,0.0,0.0,0.0,0,100.0,100.0,2026_Q4_ONLY,exit_ts_filter_from_all_through_2026_single_run,0.0,0,0.0,0,2026-10-01 00:00:00,SMX2V3_B04_M10_S02D_upper025_mix,M10_S02D_upper025_mix,0,0.0,0
76,336.2017019002474,2026-12-31 23:59:59,25651.329344418802,25551.329344418802,107549,326,326,5.706252460750494,7044.174711061778,25558.008582378996,14.124534893221565,-0.3077847714120878,5,24187.599732487688,25658.008582378996,ALL_TO_2026_END,exit_ts_filter_from_all_through_2026_single_run,93.42105263157895,71,1.980198596647733,49614,,SMX2V3_B04_M11_S02D_rangeatr_strong,M11_S02D_rangeatr_strong,116174,7.424208514813986,8625
12,5.134335711237114,2023-12-31 23:59:59,161.61202853484536,61.61202853484538,11116,150,150,1.9786739540754161,11.908483577253008,62.40845646421624,4.751530261301667,0.4671281108618075,0,158.41425341957347,162.40845646421624,2023_FULL_ONLY,exit_ts_filter_from_all_through_2026_single_run,100.0,12,1.8103181475918007,3574,2023-01-01 00:00:00,SMX2V3_B04_M11_S02D_rangeatr_strong,M11_S02D_rangeatr_strong,12096,8.101851851851851,980
3,5.086630702470894,2023-03-31 23:59:59,115.25989210741268,15.259892107412675,3553,133,133,1.933573468962435,6.138710605419206,15.298806981342562,5.0609478635591785,4.060233638434298,0,113.03125741326902,115.29880698134257,2023_Q1_ONLY,exit_ts_filter_from_all_through_2026_single_run,100.0,3,1.7880432235162969,1547,2023-01-01 00:00:00,SMX2V3_B04_M11_S02D_rangeatr_strong,M11_S02D_rangeatr_strong,3861,7.977207977207977,308
3,3.6396652352862446,2023-06-30 23:59:59,110.91899570585873,10.918995705858725,1521,43,43,0.8654465138204004,4.269832414071885,10.919883064923264,3.975065571558261,2.6740977202285876,0,109.95905112435777,110.91988306492325,2023_Q2_ONLY,exit_ts_filter_from_all_through_2026_single_run,100.0,3,2.3451111116900054,341,2023-04-01 00:00:00,SMX2V3_B04_M11_S02D_rangeatr_strong,M11_S02D_rangeatr_strong,1680,9.464285714285714,159
3,1.9982033427813661,2023-09-30 23:59:59,105.9946100283441,5.994610028344094,1900,150,150,1.978673954075505,4.4124633325034495,6.101303605988595,1.2167607272991887,0.3653859685414602,0,103.89732228698935,106.1013036059886,2023_Q3_ONLY,exit_ts_filter_from_all_through_2026_single_run,100.0,3,1.5351239342479004,521,2023-07-01 00:00:00,SMX2V3_B04_M11_S02D_rangeatr_strong,M11_S02D_rangeatr_strong,2063,7.901114881240911,163
3,6.421003034767248,2023-12-31 23:59:59,119.26300910430174,19.263009104301744,4142,25,25,1.0776515454909208,8.787969547613983,19.850740056339113,7.981066178543742,2.4939733781440196,0,117.97776944349026,119.8507400563391,2023_Q4_ONLY,exit_ts_filter_from_all_through_2026_single_run,100.0,3,1.7784408855910423,1165,2023-10-01 00:00:00,SMX2V3_B04_M11_S02D_rangeatr_strong,M11_S02D_rangeatr_strong,4492,7.791629563668745,350
12,11.964585595358864,2024-12-31 23:59:59,243.57502714430638,143.57502714430638,22466,197,197,1.8595736353297365,33.77132057605684,143.83379059096012,8.140203771666371,3.2069163375347216,0,239.04557015728358,243.83379059096012,2024_FULL_ONLY,exit_ts_filter_from_all_through_2026_single_run,100.0,12,1.8785862399701019,10667,2024-01-01 00:00:00,SMX2V3_B04_M11_S02D_rangeatr_strong,M11_S02D_rangeatr_strong,24175,7.06928645294726,1709
3,10.387034658581294,2024-03-31 23:59:59,131.16110397574388,31.161103975743877,6350,87,87,1.3208105978691265,18.929463857917185,31.165301215015575,9.024723780291978,3.2069163375347216,0,129.42871421415012,131.16530121501557,2024_Q1_ONLY,exit_ts_filter_from_all_through_2026_single_run,100.0,3,1.7959515708130813,2526,2024-01-01 00:00:00,SMX2V3_B04_M11_S02D_rangeatr_strong,M11_S02D_rangeatr_strong,6881,7.716901613137625,531
3,5.777238103313597,2024-06-30 23:59:59,117.33171430994079,17.331714309940782,4666,197,197,1.397984212015424,7.2221143799612975,17.37113788428999,5.531886773675353,4.577713156304142,0,115.69143546820077,117.37113788429,2024_Q2_ONLY,exit_ts_filter_from_all_through_2026_single_run,100.0,3,1.928161998889854,2457,2024-04-01 00:00:00,SMX2V3_B04_M11_S02D_rangeatr_strong,M11_S02D_rangeatr_strong,4985,6.399197592778336,319
3,4.248800118810901,2024-09-30 23:59:59,112.7464003564327,12.746400356432709,4083,106,106,1.4298985245080775,4.622572088336824,12.747302334851373,4.321049808344242,3.802778459751636,0,111.1342412413001,112.74730233485138,2024_Q3_ONLY,exit_ts_filter_from_all_through_2026_single_run,100.0,3,1.8101487791813051,1809,2024-07-01 00:00:00,SMX2V3_B04_M11_S02D_rangeatr_strong,M11_S02D_rangeatr_strong,4376,6.695612431444241,293
3,13.460469439176384,2024-12-31 23:59:59,140.38140831752915,40.38140831752914,7367,130,130,1.859573635329681,19.463676546778842,40.53054338070963,13.903433065688617,7.014298705061691,0,137.77091265955187,140.53054338070962,2024_Q4_ONLY,exit_ts_filter_from_all_through_2026_single_run,100.0,3,1.9631191976750628,3875,2024-10-01 00:00:00,SMX2V3_B04_M11_S02D_rangeatr_strong,M11_S02D_rangeatr_strong,7933,7.134753561073995,566
75,315.0303303047133,2025-12-31 23:59:59,23727.274772853496,23627.274772853496,105989,326,326,5.706252460750494,7044.174711061778,23627.274772853496,13.983968213652332,-0.3077847714120878,5,22373.336572258515,23727.274772853496,TRAIN_2025_FULL,exit_ts_filter_from_all_through_2026_single_run,93.33333333333333,70,1.9828149856864632,48779,,SMX2V3_B04_M11_S02D_rangeatr_strong,M11_S02D_rangeatr_strong,114447,7.390320410320935,8458
12,134.63383947769418,2025-12-31 23:59:59,1715.6060737323303,1615.60607373233,43677,326,326,5.70625246075066,509.3306768021961,1615.60607373233,45.37298367840296,10.802449385500012,0,1617.709259933191,1715.6060737323303,2025_FULL_ONLY,exit_ts_filter_from_all_through_2026_single_run,100.0,12,2.069701585268271,25116,2025-01-01 00:00:00,SMX2V3_B04_M11_S02D_rangeatr_strong,M11_S02D_rangeatr_strong,47355,7.7668672790624,3678
72,95.01846049499132,2025-09-30 23:59:59,6941.329155639375,6841.329155639374,90319,326,326,5.706252460750494,1719.2801746755476,6843.570070679921,12.203965524468117,-0.3077847714120878,5,6545.239389886911,6943.570070679921,PREQ4_ALL_BEFORE_2025_10_01,exit_ts_filter_from_all_through_2026_single_run,93.05555555555556,67,1.9280820358352873,39072,,SMX2V3_B04_M11_S02D_rangeatr_strong,M11_S02D_rangeatr_strong,97414,7.283347362802061,7095
3,20.81942976396753,2025-03-31 23:59:59,162.4582892919026,62.45828929190258,8308,326,326,5.70625246075066,26.950623672233007,62.569214315323364,24.70521623416957,10.802449385500012,0,153.18800916148996,162.56921431532336,2025_Q1_ONLY,exit_ts_filter_from_all_through_2026_single_run,100.0,3,2.0956125015687035,5164,2025-01-01 00:00:00,SMX2V3_B04_M11_S02D_rangeatr_strong,M11_S02D_rangeatr_strong,8999,7.678630958995444,691
3,20.198126721949922,2025-06-30 23:59:59,160.59438016584977,60.59438016584977,9268,293,293,2.9165659639132535,24.7101405448862,61.449146313009685,19.515759381420906,16.368480239542663,0,155.91053913397513,161.4491463130097,2025_Q2_ONLY,exit_ts_filter_from_all_through_2026_single_run,100.0,3,1.926427793104356,5173,2025-04-01 00:00:00,SMX2V3_B04_M11_S02D_rangeatr_strong,M11_S02D_rangeatr_strong,9999,7.310731073107311,731
3,30.790411975789777,2025-09-30 23:59:59,192.37123592736933,92.37123592736933,10431,247,247,3.2223776910102475,47.64794244615965,92.43334040135296,25.327926502589563,19.395366978620117,0,186.17230813692507,192.43334040135295,2025_Q3_ONLY,exit_ts_filter_from_all_through_2026_single_run,100.0,3,1.9265429867463637,5072,2025-07-01 00:00:00,SMX2V3_B04_M11_S02D_rangeatr_strong,M11_S02D_rangeatr_strong,11324,7.885906040268456,893
3,80.60870015351837,2025-12-31 23:59:59,341.8261004605551,241.8261004605551,15670,200,200,2.8325749390113897,101.4816406644376,241.8261004605551,95.43828322623614,44.90617656988135,0,332.14362000390946,341.8261004605551,2025_Q4_ONLY,exit_ts_filter_from_all_through_2026_single_run,100.0,3,2.23267852819782,9707,2025-10-01 00:00:00,SMX2V3_B04_M11_S02D_rangeatr_strong,M11_S02D_rangeatr_strong,17033,8.002113544296366,1363
1,8.109041556540603,2026-12-31 23:59:59,108.1090415565406,8.109041556540596,1560,42,42,2.010267680394462,8.109041556540603,8.13719159915669,8.109041556540603,8.109041556540603,0,105.93576043454524,108.13719159915668,2026_FULL_ONLY,exit_ts_filter_from_all_through_2026_single_run,100.0,1,1.8257894436443345,835,2026-01-01 00:00:00,SMX2V3_B04_M11_S02D_rangeatr_strong,M11_S02D_rangeatr_strong,1727,9.669947886508396,167
1,8.109041556540603,2026-03-31 23:59:59,108.1090415565406,8.109041556540596,1560,42,42,2.010267680394462,8.109041556540603,8.13719159915669,8.109041556540603,8.109041556540603,0,105.93576043454524,108.13719159915668,2026_Q1_ONLY,exit_ts_filter_from_all_through_2026_single_run,100.0,1,1.8257894436443345,835,2026-01-01 00:00:00,SMX2V3_B04_M11_S02D_rangeatr_strong,M11_S02D_rangeatr_strong,1727,9.669947886508396,167
0,0.0,2026-06-30 23:59:59,100.0,0.0,0,0,0,0.0,0.0,0.0,0.0,0.0,0,100.0,100.0,2026_Q2_ONLY,exit_ts_filter_from_all_through_2026_single_run,0.0,0,0.0,0,2026-04-01 00:00:00,SMX2V3_B04_M11_S02D_rangeatr_strong,M11_S02D_rangeatr_strong,0,0.0,0
0,0.0,2026-09-30 23:59:59,100.0,0.0,0,0,0,0.0,0.0,0.0,0.0,0.0,0,100.0,100.0,2026_Q3_ONLY,exit_ts_filter_from_all_through_2026_single_run,0.0,0,0.0,0,2026-07-01 00:00:00,SMX2V3_B04_M11_S02D_rangeatr_strong,M11_S02D_rangeatr_strong,0,0.0,0
0,0.0,2026-12-31 23:59:59,100.0,0.0,0,0,0,0.0,0.0,0.0,0.0,0.0,0,100.0,100.0,2026_Q4_ONLY,exit_ts_filter_from_all_through_2026_single_run,0.0,0,0.0,0,2026-10-01 00:00:00,SMX2V3_B04_M11_S02D_rangeatr_strong,M11_S02D_rangeatr_strong,0,0.0,0
76,339.4113453193354,2026-12-31 23:59:59,25895.26224426949,25795.262244269485,107357,326,326,5.7062524607505605,7093.933094106673,25802.004998855376,14.151225426527702,-0.305000170554905,5,24417.61320523805,25902.004998855373,ALL_TO_2026_END,exit_ts_filter_from_all_through_2026_single_run,93.42105263157895,71,1.9827808461504348,49447,,SMX2V3_B04_M12_S02D_full_context,M12_S02D_full_context,115984,7.438094909642709,8627
12,5.124712443038068,2023-12-31 23:59:59,161.49654931645682,61.49654931645683,11101,150,150,1.9786739540754383,11.90181417206631,62.29240816148645,4.750124890313437,0.46694463981080503,0,158.3010591584015,162.29240816148643,2023_FULL_ONLY,exit_ts_filter_from_all_through_2026_single_run,100.0,12,1.8089766889839194,3567,2023-01-01 00:00:00,SMX2V3_B04_M12_S02D_full_context,M12_S02D_full_context,12079,8.096696746419406,978
3,5.071233489208969,2023-03-31 23:59:59,115.21370046762691,15.21370046762691,3547,133,133,1.931219837067777,6.138574444978559,15.252599746003082,5.012962646131044,4.062163376517304,0,112.98867062917626,115.25259974600307,2023_Q1_ONLY,exit_ts_filter_from_all_through_2026_single_run,100.0,3,1.786031372627691,1543,2023-01-01 00:00:00,SMX2V3_B04_M12_S02D_full_context,M12_S02D_full_context,3854,7.96574987026466,307
3,3.639961021641047,2023-06-30 23:59:59,110.91988306492314,10.91988306492313,1520,43,43,0.8654465138204226,4.2706665794045335,10.920770431086591,3.9750973723371033,2.6741191131815043,0,109.95993080380407,110.9207704310866,2023_Q2_ONLY,exit_ts_filter_from_all_through_2026_single_run,100.0,3,2.345354184941624,341,2023-04-01 00:00:00,SMX2V3_B04_M12_S02D_full_context,M12_S02D_full_context,1679,9.469922572960094,159
3,1.9982033427813661,2023-09-30 23:59:59,105.9946100283441,5.994610028344094,1900,150,150,1.978673954075505,4.4124633325034495,6.101303605988595,1.2167607272991887,0.3653859685414602,0,103.89732228698935,106.1013036059886,2023_Q3_ONLY,exit_ts_filter_from_all_through_2026_single_run,100.0,3,1.5351239342479004,519,2023-07-01 00:00:00,SMX2V3_B04_M12_S02D_full_context,M12_S02D_full_context,2063,7.901114881240911,163
3,6.408205776457986,2023-12-31 23:59:59,119.22461732937396,19.22461732937395,4134,26,26,1.0776515454910096,8.786498821157082,19.812159085829272,7.982056838729875,2.456061669486999,0,117.93979139811822,119.81215908582928,2023_Q4_ONLY,exit_ts_filter_from_all_through_2026_single_run,100.0,3,1.776484897272932,1164,2023-10-01 00:00:00,SMX2V3_B04_M12_S02D_full_context,M12_S02D_full_context,4483,7.784965424938657,349
12,12.012004328266272,2024-12-31 23:59:59,244.14405193919526,144.14405193919526,22418,197,197,1.859573635329792,33.92256365323598,144.40146466552375,8.206327531865533,3.2078291087730975,0,239.60401351710811,244.40146466552375,2024_FULL_ONLY,exit_ts_filter_from_all_through_2026_single_run,100.0,12,1.8824808376701727,10618,2024-01-01 00:00:00,SMX2V3_B04_M12_S02D_full_context,M12_S02D_full_context,24127,7.083350603058813,1709
3,10.414730523419792,2024-03-31 23:59:59,131.24419157025937,31.24419157025937,6342,88,88,1.320810597869182,18.980607428215095,31.248391468387272,9.055755033271183,3.2078291087730975,0,129.51070437891164,131.24839146838727,2024_Q1_ONLY,exit_ts_filter_from_all_through_2026_single_run,100.0,3,1.798564702973182,2520,2024-01-01 00:00:00,SMX2V3_B04_M12_S02D_full_context,M12_S02D_full_context,6873,7.72588389349629,531
3,5.830279823158558,2024-06-30 23:59:59,117.49083946947567,17.490839469475674,4653,197,197,1.3964065608310317,7.188501716353159,17.53031651003898,5.605505236032883,4.696832517089632,0,115.85018967874846,117.53031651003897,2024_Q2_ONLY,exit_ts_filter_from_all_through_2026_single_run,100.0,3,1.9393119549653952,2439,2024-04-01 00:00:00,SMX2V3_B04_M12_S02D_full_context,M12_S02D_full_context,4973,6.434747637241102,320
3,4.260302736203291,2024-09-30 23:59:59,112.78090820860987,12.780908208609866,4075,106,106,1.4291099573877863,4.627289137640091,12.781810463093567,4.3488048938807395,3.8048141770890425,0,111.16914501936824,112.78181046309358,2024_Q3_ONLY,exit_ts_filter_from_all_through_2026_single_run,100.0,3,1.8138913421323482,1804,2024-07-01 00:00:00,SMX2V3_B04_M12_S02D_full_context,M12_S02D_full_context,4368,6.707875457875458,293
3,13.462286795041924,2024-12-31 23:59:59,140.38686038512577,40.38686038512578,7348,128,128,1.8595736353297143,19.506034120702196,40.53487695233431,13.866527559361884,7.014298705061691,0,137.77626334193684,140.53487695233432,2024_Q4_ONLY,exit_ts_filter_from_all_through_2026_single_run,100.0,3,1.9648725953757882,3855,2024-10-01 00:00:00,SMX2V3_B04_M12_S02D_full_context,M12_S02D_full_context,7913,7.140149121698471,565
75,318.37144416459677,2025-12-31 23:59:59,23977.858312344757,23877.858312344757,105799,326,326,5.7062524607505605,7093.933094106673,23877.858312344757,13.996757929216926,-0.305000170554905,5,22609.6211823613,23977.858312344757,TRAIN_2025_FULL,exit_ts_filter_from_all_through_2026_single_run,93.33333333333333,70,1.9856274027726941,48616,,SMX2V3_B04_M12_S02D_full_context,M12_S02D_full_context,114260,7.4050411342552085,8461
12,135.56913256781303,2025-12-31 23:59:59,1726.8295908137563,1626.8295908137563,43601,326,326,5.706252460750405,510.8885632145716,1626.8295908137563,45.35605010476446,10.968764472658378,0,1628.2923347949802,1726.8295908137563,2025_FULL_ONLY,exit_ts_filter_from_all_through_2026_single_run,100.0,12,2.0728688925637444,25041,2025-01-01 00:00:00,SMX2V3_B04_M12_S02D_full_context,M12_S02D_full_context,47283,7.787153945392636,3682
72,95.67094454705959,2025-09-30 23:59:59,6988.30800738829,6888.308007388291,90162,326,326,5.7062524607505605,1732.28350810526,6890.564088921176,12.144950661499138,-0.305000170554905,5,6589.537509751868,6990.564088921176,PREQ4_ALL_BEFORE_2025_10_01,exit_ts_filter_from_all_through_2026_single_run,93.05555555555556,67,1.9305264716363861,38934,,SMX2V3_B04_M12_S02D_full_context,M12_S02D_full_context,97257,7.295104722539252,7095
3,20.832244819792248,2025-03-31 23:59:59,162.49673445937674,62.49673445937673,8296,326,326,5.706252460750405,26.960254367567757,62.60768573280371,24.567715619150604,10.968764472658378,0,153.2242605506495,162.6076857328037,2025_Q1_ONLY,exit_ts_filter_from_all_through_2026_single_run,100.0,3,2.097133749458402,5152,2025-01-01 00:00:00,SMX2V3_B04_M12_S02D_full_context,M12_S02D_full_context,8987,7.688883943473907,691
3,20.308659200794818,2025-06-30 23:59:59,160.92597760238445,60.92597760238445,9251,293,293,2.913459231889659,24.798152406728306,61.779920172398526,19.55944863490538,16.568376560750764,0,156.2374648514191,161.77992017239853,2025_Q2_ONLY,exit_ts_filter_from_all_through_2026_single_run,100.0,3,1.9314917478578453,5154,2025-04-01 00:00:00,SMX2V3_B04_M12_S02D_full_context,M12_S02D_full_context,9983,7.332465190824402,732
3,30.81997862186513,2025-09-30 23:59:59,192.45993586559538,92.45993586559538,10417,247,247,3.2208292304718555,47.70756705607309,92.52206897516464,25.47282129864284,19.279547510879453,0,186.26112999428892,192.52206897516464,2025_Q3_ONLY,exit_ts_filter_from_all_through_2026_single_run,100.0,3,1.927637513947017,5053,2025-07-01 00:00:00,SMX2V3_B04_M12_S02D_full_context,M12_S02D_full_context,11310,7.895667550839964,893
3,81.03797698954047,2025-12-31 23:59:59,343.1139309686214,243.1139309686214,15637,195,195,2.8248012029662317,101.51145436930847,243.1139309686214,96.67343445536369,44.92904214394923,0,333.4216445190751,343.1139309686214,2025_Q4_ONLY,exit_ts_filter_from_all_through_2026_single_run,100.0,3,2.2370305884284387,9682,2025-10-01 00:00:00,SMX2V3_B04_M12_S02D_full_context,M12_S02D_full_context,17003,8.033876374757396,1366
1,7.996560439001158,2026-12-31 23:59:59,107.99656043900116,7.996560439001166,1558,42,42,2.010267680394462,7.996560439001158,8.024681193148808,7.996560439001158,7.996560439001158,0,105.82554048855825,108.02468119314881,2026_FULL_ONLY,exit_ts_filter_from_all_through_2026_single_run,100.0,1,1.8149182784692122,831,2026-01-01 00:00:00,SMX2V3_B04_M12_S02D_full_context,M12_S02D_full_context,1724,9.62877030162413,166
1,7.996560439001158,2026-03-31 23:59:59,107.99656043900116,7.996560439001166,1558,42,42,2.010267680394462,7.996560439001158,8.024681193148808,7.996560439001158,7.996560439001158,0,105.82554048855825,108.02468119314881,2026_Q1_ONLY,exit_ts_filter_from_all_through_2026_single_run,100.0,1,1.8149182784692122,831,2026-01-01 00:00:00,SMX2V3_B04_M12_S02D_full_context,M12_S02D_full_context,1724,9.62877030162413,166
0,0.0,2026-06-30 23:59:59,100.0,0.0,0,0,0,0.0,0.0,0.0,0.0,0.0,0,100.0,100.0,2026_Q2_ONLY,exit_ts_filter_from_all_through_2026_single_run,0.0,0,0.0,0,2026-04-01 00:00:00,SMX2V3_B04_M12_S02D_full_context,M12_S02D_full_context,0,0.0,0
0,0.0,2026-09-30 23:59:59,100.0,0.0,0,0,0,0.0,0.0,0.0,0.0,0.0,0,100.0,100.0,2026_Q3_ONLY,exit_ts_filter_from_all_through_2026_single_run,0.0,0,0.0,0,2026-07-01 00:00:00,SMX2V3_B04_M12_S02D_full_context,M12_S02D_full_context,0,0.0,0
0,0.0,2026-12-31 23:59:59,100.0,0.0,0,0,0,0.0,0.0,0.0,0.0,0.0,0,100.0,100.0,2026_Q4_ONLY,exit_ts_filter_from_all_through_2026_single_run,0.0,0,0.0,0,2026-10-01 00:00:00,SMX2V3_B04_M12_S02D_full_context,M12_S02D_full_context,0,0.0,0
